timestamp_ms,ref_v,u_v,sensor_v_avg,error,p_term,i_term,d_term,sat
5500,1.7000,0.8579,0.8421,0.85788,0.85788,0.00000,0.00000,0
6000,1.7000,0.8563,0.8437,0.85626,0.85626,0.00000,0.00000,0
6500,1.7000,0.8571,0.8429,0.85707,0.85707,0.00000,0.00000,0
7000,1.7000,0.8563,0.8437,0.85626,0.85626,0.00000,0.00000,0
7500,1.7000,0.8571,0.8429,0.85707,0.85707,0.00000,0.00000,0
8000,1.7000,0.8571,0.8429,0.85707,0.85707,0.00000,0.00000,0
8500,1.7000,0.8571,0.8429,0.85707,0.85707,0.00000,0.00000,0
9000,1.7000,0.8563,0.8437,0.85626,0.85626,0.00000,0.00000,0
9500,1.7000,0.8563,0.8437,0.85626,0.85626,0.00000,0.00000,0
10000,1.7000,0.8555,0.8445,0.85546,0.85546,0.00000,0.00000,0
10500,1.7000,0.8555,0.8445,0.85546,0.85546,0.00000,0.00000,0
11000,1.7000,0.8555,0.8445,0.85546,0.85546,0.00000,0.00000,0
11500,1.7000,0.8579,0.8421,0.85788,0.85788,0.00000,0.00000,0
12000,1.7000,0.8579,0.8421,0.85788,0.85788,0.00000,0.00000,0
12500,1.7000,0.8579,0.8421,0.85788,0.85788,0.00000,0.00000,0
13000,1.7000,0.8571,0.8429,0.85707,0.85707,0.00000,0.00000,0
13500,1.7000,0.8563,0.8437,0.85626,0.85626,0.00000,0.00000,0
14000,1.7000,0.8571,0.8429,0.85707,0.85707,0.00000,0.00000,0
14500,1.7000,0.8579,0.8421,0.85788,0.85788,0.00000,0.00000,0
15000,1.7000,0.8579,0.8421,0.85788,0.85788,0.00000,0.00000,0
15500,1.7000,0.8579,0.8421,0.85788,0.85788,0.00000,0.00000,0
16000,1.7000,0.8595,0.8405,0.85949,0.85949,0.00000,0.00000,0
16500,1.7000,0.8571,0.8429,0.85707,0.85707,0.00000,0.00000,0
17000,1.7000,0.8563,0.8437,0.85626,0.85626,0.00000,0.00000,0
17500,1.7000,0.8563,0.8437,0.85626,0.85626,0.00000,0.00000,0
18000,1.7000,0.8563,0.8437,0.85626,0.85626,0.00000,0.00000,0
18500,1.7000,0.8555,0.8445,0.85546,0.85546,0.00000,0.00000,0
19000,1.7000,0.8547,0.8453,0.85465,0.85465,0.00000,0.00000,0
19500,1.7000,0.8538,0.8462,0.85385,0.85385,0.00000,0.00000,0
20000,1.7000,0.8538,0.8462,0.85385,0.85385,0.00000,0.00000,0
20500,1.7000,0.8538,0.8462,0.85385,0.85385,0.00000,0.00000,0
21000,1.7000,0.8522,0.8478,0.85223,0.85223,0.00000,0.00000,0
21500,1.7000,0.8530,0.8470,0.85304,0.85304,0.00000,0.00000,0
22000,1.7000,0.8538,0.8462,0.85385,0.85385,0.00000,0.00000,0
22500,1.7000,0.8538,0.8462,0.85385,0.85385,0.00000,0.00000,0
23000,1.7000,0.8538,0.8462,0.85385,0.85385,0.00000,0.00000,0
23500,1.7000,0.8555,0.8445,0.85546,0.85546,0.00000,0.00000,0
24000,1.7000,0.8563,0.8437,0.85626,0.85626,0.00000,0.00000,0
24500,1.7000,0.8611,0.8389,0.86110,0.86110,0.00000,0.00000,0
25000,1.7000,0.8603,0.8397,0.86029,0.86029,0.00000,0.00000,0
25500,1.7000,0.8595,0.8405,0.85949,0.85949,0.00000,0.00000,0
26000,1.7000,0.8619,0.8381,0.86190,0.86190,0.00000,0.00000,0
26500,1.7000,0.8611,0.8389,0.86110,0.86110,0.00000,0.00000,0
27000,1.7000,0.8603,0.8397,0.86029,0.86029,0.00000,0.00000,0
27500,1.7000,0.8603,0.8397,0.86029,0.86029,0.00000,0.00000,0
28000,1.7000,0.8595,0.8405,0.85949,0.85949,0.00000,0.00000,0
28500,1.7000,0.8579,0.8421,0.85788,0.85788,0.00000,0.00000,0
29000,1.7000,0.8571,0.8429,0.85707,0.85707,0.00000,0.00000,0
29500,1.7000,0.8522,0.8478,0.85223,0.85223,0.00000,0.00000,0
30000,1.7000,0.8514,0.8486,0.85143,0.85143,0.00000,0.00000,0
30500,1.7000,0.8530,0.8470,0.85304,0.85304,0.00000,0.00000,0
31000,1.7000,0.8514,0.8486,0.85143,0.85143,0.00000,0.00000,0
31500,1.7000,0.8506,0.8494,0.85062,0.85062,0.00000,0.00000,0
32000,1.7000,0.8514,0.8486,0.85143,0.85143,0.00000,0.00000,0
32500,1.7000,0.8514,0.8486,0.85143,0.85143,0.00000,0.00000,0
33000,1.7000,0.8522,0.8478,0.85223,0.85223,0.00000,0.00000,0
33500,1.7000,0.8530,0.8470,0.85304,0.85304,0.00000,0.00000,0
34000,1.7000,0.8522,0.8478,0.85223,0.85223,0.00000,0.00000,0
34500,1.7000,0.8530,0.8470,0.85304,0.85304,0.00000,0.00000,0
35000,1.7000,0.8530,0.8470,0.85304,0.85304,0.00000,0.00000,0
35500,1.7000,0.8522,0.8478,0.85223,0.85223,0.00000,0.00000,0
36000,1.7000,0.8506,0.8494,0.85062,0.85062,0.00000,0.00000,0
36500,1.7000,0.8514,0.8486,0.85143,0.85143,0.00000,0.00000,0
37000,1.7000,0.8514,0.8486,0.85143,0.85143,0.00000,0.00000,0
37500,1.7000,0.8522,0.8478,0.85223,0.85223,0.00000,0.00000,0
38000,1.7000,0.8514,0.8486,0.85143,0.85143,0.00000,0.00000,0
38500,1.7000,0.8514,0.8486,0.85143,0.85143,0.00000,0.00000,0
39000,1.7000,0.8514,0.8486,0.85143,0.85143,0.00000,0.00000,0
39500,1.7000,0.8514,0.8486,0.85143,0.85143,0.00000,0.00000,0
40000,1.7000,0.8514,0.8486,0.85143,0.85143,0.00000,0.00000,0
40500,1.7000,0.8514,0.8486,0.85143,0.85143,0.00000,0.00000,0
41000,1.7000,0.8538,0.8462,0.85385,0.85385,0.00000,0.00000,0
41500,1.7000,0.8538,0.8462,0.85385,0.85385,0.00000,0.00000,0
42000,1.7000,0.8538,0.8462,0.85385,0.85385,0.00000,0.00000,0
42500,1.7000,0.8530,0.8470,0.85304,0.85304,0.00000,0.00000,0
43000,1.7000,0.8530,0.8470,0.85304,0.85304,0.00000,0.00000,0
43500,1.7000,0.8530,0.8470,0.85304,0.85304,0.00000,0.00000,0
44000,1.7000,0.8538,0.8462,0.85385,0.85385,0.00000,0.00000,0
44500,1.7000,0.8538,0.8462,0.85385,0.85385,0.00000,0.00000,0
45000,1.7000,0.8547,0.8453,0.85465,0.85465,0.00000,0.00000,0
45500,1.7000,0.8538,0.8462,0.85385,0.85385,0.00000,0.00000,0
46000,1.7000,0.8538,0.8462,0.85385,0.85385,0.00000,0.00000,0
46500,1.7000,0.8538,0.8462,0.85385,0.85385,0.00000,0.00000,0
47000,1.7000,0.8514,0.8486,0.85143,0.85143,0.00000,0.00000,0
47500,1.7000,0.8530,0.8470,0.85304,0.85304,0.00000,0.00000,0
48000,1.7000,0.8538,0.8462,0.85385,0.85385,0.00000,0.00000,0
48500,1.7000,0.8538,0.8462,0.85385,0.85385,0.00000,0.00000,0
49000,1.7000,0.8530,0.8470,0.85304,0.85304,0.00000,0.00000,0
49500,1.7000,0.8522,0.8478,0.85223,0.85223,0.00000,0.00000,0
50000,1.7000,0.8530,0.8470,0.85304,0.85304,0.00000,0.00000,0
50500,1.7000,0.8538,0.8462,0.85385,0.85385,0.00000,0.00000,0
51000,1.7000,0.8538,0.8462,0.85385,0.85385,0.00000,0.00000,0
51500,1.7000,0.8547,0.8453,0.85465,0.85465,0.00000,0.00000,0
52000,1.7000,0.8571,0.8429,0.85707,0.85707,0.00000,0.00000,0
52500,1.7000,0.8563,0.8437,0.85626,0.85626,0.00000,0.00000,0
53000,1.7000,0.8563,0.8437,0.85626,0.85626,0.00000,0.00000,0
53500,1.7000,0.8571,0.8429,0.85707,0.85707,0.00000,0.00000,0
54000,1.7000,0.8579,0.8421,0.85788,0.85788,0.00000,0.00000,0
54500,1.7000,0.8587,0.8413,0.85868,0.85868,0.00000,0.00000,0
55000,1.7000,0.8579,0.8421,0.85788,0.85788,0.00000,0.00000,0
55500,1.7000,0.8571,0.8429,0.85707,0.85707,0.00000,0.00000,0
56000,1.7000,0.8571,0.8429,0.85707,0.85707,0.00000,0.00000,0
56500,1.7000,0.8579,0.8421,0.85788,0.85788,0.00000,0.00000,0
57000,1.7000,0.8571,0.8429,0.85707,0.85707,0.00000,0.00000,0
57500,1.7000,0.8563,0.8437,0.85626,0.85626,0.00000,0.00000,0
58000,1.7000,0.8555,0.8445,0.85546,0.85546,0.00000,0.00000,0
58500,1.7000,0.8547,0.8453,0.85465,0.85465,0.00000,0.00000,0
59000,1.7000,0.8538,0.8462,0.85385,0.85385,0.00000,0.00000,0
59500,1.7000,0.8522,0.8478,0.85223,0.85223,0.00000,0.00000,0
60000,1.7000,0.8522,0.8478,0.85223,0.85223,0.00000,0.00000,0
60500,1.7000,0.8522,0.8478,0.85223,0.85223,0.00000,0.00000,0
61000,1.7000,0.8522,0.8478,0.85223,0.85223,0.00000,0.00000,0
61500,1.7000,0.8506,0.8494,0.85062,0.85062,0.00000,0.00000,0
62000,1.7000,0.8514,0.8486,0.85143,0.85143,0.00000,0.00000,0
62500,1.7000,0.8514,0.8486,0.85143,0.85143,0.00000,0.00000,0
63000,1.7000,0.8522,0.8478,0.85223,0.85223,0.00000,0.00000,0
63500,1.7000,0.8530,0.8470,0.85304,0.85304,0.00000,0.00000,0
64000,1.7000,0.8530,0.8470,0.85304,0.85304,0.00000,0.00000,0
64500,1.7000,0.8538,0.8462,0.85385,0.85385,0.00000,0.00000,0
65000,1.7000,0.8555,0.8445,0.85546,0.85546,0.00000,0.00000,0
65500,1.7000,0.8547,0.8453,0.85465,0.85465,0.00000,0.00000,0
66000,1.7000,0.8555,0.8445,0.85546,0.85546,0.00000,0.00000,0
66500,1.7000,0.8571,0.8429,0.85707,0.85707,0.00000,0.00000,0
67000,1.7000,0.8579,0.8421,0.85788,0.85788,0.00000,0.00000,0
67500,1.7000,0.8579,0.8421,0.85788,0.85788,0.00000,0.00000,0
68000,1.7000,0.8579,0.8421,0.85788,0.85788,0.00000,0.00000,0
68500,1.7000,0.8579,0.8421,0.85788,0.85788,0.00000,0.00000,0
69000,1.7000,0.8579,0.8421,0.85788,0.85788,0.00000,0.00000,0
69500,1.7000,0.8579,0.8421,0.85788,0.85788,0.00000,0.00000,0
70000,1.7000,0.8579,0.8421,0.85788,0.85788,0.00000,0.00000,0
70500,1.7000,0.8579,0.8421,0.85788,0.85788,0.00000,0.00000,0
71000,1.7000,0.8579,0.8421,0.85788,0.85788,0.00000,0.00000,0
71500,1.7000,0.8571,0.8429,0.85707,0.85707,0.00000,0.00000,0
72000,1.7000,0.8555,0.8445,0.85546,0.85546,0.00000,0.00000,0
72500,1.7000,0.8555,0.8445,0.85546,0.85546,0.00000,0.00000,0
73000,1.7000,0.8538,0.8462,0.85385,0.85385,0.00000,0.00000,0
73500,1.7000,0.8538,0.8462,0.85385,0.85385,0.00000,0.00000,0
74000,1.7000,0.8538,0.8462,0.85385,0.85385,0.00000,0.00000,0
74500,1.7000,0.8522,0.8478,0.85223,0.85223,0.00000,0.00000,0
75000,1.7000,0.8522,0.8478,0.85223,0.85223,0.00000,0.00000,0
75500,1.7000,0.8530,0.8470,0.85304,0.85304,0.00000,0.00000,0
76000,1.7000,0.8530,0.8470,0.85304,0.85304,0.00000,0.00000,0
76500,1.7000,0.8522,0.8478,0.85223,0.85223,0.00000,0.00000,0
77000,1.7000,0.8530,0.8470,0.85304,0.85304,0.00000,0.00000,0
77500,1.7000,0.8530,0.8470,0.85304,0.85304,0.00000,0.00000,0
78000,1.7000,0.8522,0.8478,0.85223,0.85223,0.00000,0.00000,0
78500,1.7000,0.8522,0.8478,0.85223,0.85223,0.00000,0.00000,0
79000,1.7000,0.8522,0.8478,0.85223,0.85223,0.00000,0.00000,0
79500,1.7000,0.8530,0.8470,0.85304,0.85304,0.00000,0.00000,0
80000,1.7000,0.8530,0.8470,0.85304,0.85304,0.00000,0.00000,0
80500,1.7000,0.8506,0.8494,0.85062,0.85062,0.00000,0.00000,0
81000,1.7000,0.8506,0.8494,0.85062,0.85062,0.00000,0.00000,0
81500,1.7000,0.8514,0.8486,0.85143,0.85143,0.00000,0.00000,0
82000,1.7000,0.8506,0.8494,0.85062,0.85062,0.00000,0.00000,0
82500,1.7000,0.8506,0.8494,0.85062,0.85062,0.00000,0.00000,0
83000,1.7000,0.8530,0.8470,0.85304,0.85304,0.00000,0.00000,0
83500,1.7000,0.8538,0.8462,0.85385,0.85385,0.00000,0.00000,0
84000,1.7000,0.8547,0.8453,0.85465,0.85465,0.00000,0.00000,0
84500,1.7000,0.8538,0.8462,0.85385,0.85385,0.00000,0.00000,0
85000,1.7000,0.8538,0.8462,0.85385,0.85385,0.00000,0.00000,0
85500,1.7000,0.8555,0.8445,0.85546,0.85546,0.00000,0.00000,0
86000,1.7000,0.8563,0.8437,0.85626,0.85626,0.00000,0.00000,0
86500,1.7000,0.8563,0.8437,0.85626,0.85626,0.00000,0.00000,0
87000,1.7000,0.8571,0.8429,0.85707,0.85707,0.00000,0.00000,0
87500,1.7000,0.8571,0.8429,0.85707,0.85707,0.00000,0.00000,0
88000,1.7000,0.8571,0.8429,0.85707,0.85707,0.00000,0.00000,0
88500,1.7000,0.8563,0.8437,0.85626,0.85626,0.00000,0.00000,0
89000,1.7000,0.8563,0.8437,0.85626,0.85626,0.00000,0.00000,0
89500,1.7000,0.8555,0.8445,0.85546,0.85546,0.00000,0.00000,0
90000,1.7000,0.8563,0.8437,0.85626,0.85626,0.00000,0.00000,0
90500,1.7000,0.8571,0.8429,0.85707,0.85707,0.00000,0.00000,0
91000,1.7000,0.8563,0.8437,0.85626,0.85626,0.00000,0.00000,0
91500,1.7000,0.8555,0.8445,0.85546,0.85546,0.00000,0.00000,0
92000,1.7000,0.8547,0.8453,0.85465,0.85465,0.00000,0.00000,0
92500,1.7000,0.8538,0.8462,0.85385,0.85385,0.00000,0.00000,0
93000,1.7000,0.8547,0.8453,0.85465,0.85465,0.00000,0.00000,0
93500,1.7000,0.8538,0.8462,0.85385,0.85385,0.00000,0.00000,0
94000,1.7000,0.8547,0.8453,0.85465,0.85465,0.00000,0.00000,0
94500,1.7000,0.8555,0.8445,0.85546,0.85546,0.00000,0.00000,0
95000,1.7000,0.8547,0.8453,0.85465,0.85465,0.00000,0.00000,0
95500,1.7000,0.8547,0.8453,0.85465,0.85465,0.00000,0.00000,0
96000,1.7000,0.8547,0.8453,0.85465,0.85465,0.00000,0.00000,0
96500,1.7000,0.8555,0.8445,0.85546,0.85546,0.00000,0.00000,0
97000,1.7000,0.8555,0.8445,0.85546,0.85546,0.00000,0.00000,0
97500,1.7000,0.8571,0.8429,0.85707,0.85707,0.00000,0.00000,0
98000,1.7000,0.8563,0.8437,0.85626,0.85626,0.00000,0.00000,0
98500,1.7000,0.8538,0.8462,0.85385,0.85385,0.00000,0.00000,0
99000,1.7000,0.8547,0.8453,0.85465,0.85465,0.00000,0.00000,0
99500,1.7000,0.8547,0.8453,0.85465,0.85465,0.00000,0.00000,0
100000,1.7000,0.8547,0.8453,0.85465,0.85465,0.00000,0.00000,0
100500,1.7000,0.8530,0.8470,0.85304,0.85304,0.00000,0.00000,0
101000,1.7000,0.8530,0.8470,0.85304,0.85304,0.00000,0.00000,0
101500,1.7000,0.8530,0.8470,0.85304,0.85304,0.00000,0.00000,0
102000,1.7000,0.8538,0.8462,0.85385,0.85385,0.00000,0.00000,0
102500,1.7000,0.8538,0.8462,0.85385,0.85385,0.00000,0.00000,0
103000,1.7000,0.8538,0.8462,0.85385,0.85385,0.00000,0.00000,0
103500,1.7000,0.8555,0.8445,0.85546,0.85546,0.00000,0.00000,0
104000,1.7000,0.8530,0.8470,0.85304,0.85304,0.00000,0.00000,0
104500,1.7000,0.8538,0.8462,0.85385,0.85385,0.00000,0.00000,0
105000,1.7000,0.8522,0.8478,0.85223,0.85223,0.00000,0.00000,0
105500,1.7000,0.8547,0.8453,0.85465,0.85465,0.00000,0.00000,0
106000,1.7000,0.8555,0.8445,0.85546,0.85546,0.00000,0.00000,0
106500,1.7000,0.8547,0.8453,0.85465,0.85465,0.00000,0.00000,0
107000,1.7000,0.8547,0.8453,0.85465,0.85465,0.00000,0.00000,0
107500,1.7000,0.8538,0.8462,0.85385,0.85385,0.00000,0.00000,0
108000,1.7000,0.8547,0.8453,0.85465,0.85465,0.00000,0.00000,0
108500,1.7000,0.8555,0.8445,0.85546,0.85546,0.00000,0.00000,0
109000,1.7000,0.8571,0.8429,0.85707,0.85707,0.00000,0.00000,0
109500,1.7000,0.8571,0.8429,0.85707,0.85707,0.00000,0.00000,0
110000,1.7000,0.8579,0.8421,0.85788,0.85788,0.00000,0.00000,0
110500,1.7000,0.8579,0.8421,0.85788,0.85788,0.00000,0.00000,0
111000,1.7000,0.8579,0.8421,0.85788,0.85788,0.00000,0.00000,0
111500,1.7000,0.8571,0.8429,0.85707,0.85707,0.00000,0.00000,0
112000,1.7000,0.8555,0.8445,0.85546,0.85546,0.00000,0.00000,0
112500,1.7000,0.8555,0.8445,0.85546,0.85546,0.00000,0.00000,0
113000,1.7000,0.8555,0.8445,0.85546,0.85546,0.00000,0.00000,0
113500,1.7000,0.8547,0.8453,0.85465,0.85465,0.00000,0.00000,0
114000,1.7000,0.8547,0.8453,0.85465,0.85465,0.00000,0.00000,0
114500,1.7000,0.8547,0.8453,0.85465,0.85465,0.00000,0.00000,0
115000,1.7000,0.8547,0.8453,0.85465,0.85465,0.00000,0.00000,0
115500,1.7000,0.8538,0.8462,0.85385,0.85385,0.00000,0.00000,0
116000,1.7000,0.8530,0.8470,0.85304,0.85304,0.00000,0.00000,0
116500,1.7000,0.8530,0.8470,0.85304,0.85304,0.00000,0.00000,0
117000,1.7000,0.8538,0.8462,0.85385,0.85385,0.00000,0.00000,0
117500,1.7000,0.8538,0.8462,0.85385,0.85385,0.00000,0.00000,0
118000,1.7000,0.8571,0.8429,0.85707,0.85707,0.00000,0.00000,0
118500,1.7000,0.8571,0.8429,0.85707,0.85707,0.00000,0.00000,0
119000,1.7000,0.8579,0.8421,0.85788,0.85788,0.00000,0.00000,0
119500,1.7000,0.8579,0.8421,0.85788,0.85788,0.00000,0.00000,0
120000,1.7000,0.8579,0.8421,0.85788,0.85788,0.00000,0.00000,0
120500,1.7000,0.8563,0.8437,0.85626,0.85626,0.00000,0.00000,0
121000,1.7000,0.8571,0.8429,0.85707,0.85707,0.00000,0.00000,0
121500,1.7000,0.8579,0.8421,0.85788,0.85788,0.00000,0.00000,0
122000,1.7000,0.8571,0.8429,0.85707,0.85707,0.00000,0.00000,0
122500,1.7000,0.8587,0.8413,0.85868,0.85868,0.00000,0.00000,0
123000,1.7000,0.8555,0.8445,0.85546,0.85546,0.00000,0.00000,0
123500,1.7000,0.8547,0.8453,0.85465,0.85465,0.00000,0.00000,0
124000,1.7000,0.8530,0.8470,0.85304,0.85304,0.00000,0.00000,0
124500,1.7000,0.8522,0.8478,0.85223,0.85223,0.00000,0.00000,0
125000,1.7000,0.8522,0.8478,0.85223,0.85223,0.00000,0.00000,0
125500,1.7000,0.8530,0.8470,0.85304,0.85304,0.00000,0.00000,0
126000,1.7000,0.8522,0.8478,0.85223,0.85223,0.00000,0.00000,0
126500,1.7000,0.8514,0.8486,0.85143,0.85143,0.00000,0.00000,0
127000,1.7000,0.8522,0.8478,0.85223,0.85223,0.00000,0.00000,0
127500,1.7000,0.8530,0.8470,0.85304,0.85304,0.00000,0.00000,0
128000,1.7000,0.8530,0.8470,0.85304,0.85304,0.00000,0.00000,0
128500,1.7000,0.8538,0.8462,0.85385,0.85385,0.00000,0.00000,0
129000,1.7000,0.8555,0.8445,0.85546,0.85546,0.00000,0.00000,0
129500,1.7000,0.8555,0.8445,0.85546,0.85546,0.00000,0.00000,0
130000,1.7000,0.8555,0.8445,0.85546,0.85546,0.00000,0.00000,0
130500,1.7000,0.8563,0.8437,0.85626,0.85626,0.00000,0.00000,0
131000,1.7000,0.8555,0.8445,0.85546,0.85546,0.00000,0.00000,0
131500,1.7000,0.8555,0.8445,0.85546,0.85546,0.00000,0.00000,0
132000,1.7000,0.8547,0.8453,0.85465,0.85465,0.00000,0.00000,0
132500,1.7000,0.8538,0.8462,0.85385,0.85385,0.00000,0.00000,0
133000,1.7000,0.8538,0.8462,0.85385,0.85385,0.00000,0.00000,0
133500,1.7000,0.8538,0.8462,0.85385,0.85385,0.00000,0.00000,0
134000,1.7000,0.8538,0.8462,0.85385,0.85385,0.00000,0.00000,0
134500,1.7000,0.8538,0.8462,0.85385,0.85385,0.00000,0.00000,0
135000,1.7000,0.8538,0.8462,0.85385,0.85385,0.00000,0.00000,0
135500,1.7000,0.8547,0.8453,0.85465,0.85465,0.00000,0.00000,0
136000,1.7000,0.8587,0.8413,0.85868,0.85868,0.00000,0.00000,0
136500,1.7000,0.8587,0.8413,0.85868,0.85868,0.00000,0.00000,0
137000,1.7000,0.8603,0.8397,0.86029,0.86029,0.00000,0.00000,0
137500,1.7000,0.8611,0.8389,0.86110,0.86110,0.00000,0.00000,0
138000,1.7000,0.8603,0.8397,0.86029,0.86029,0.00000,0.00000,0
138500,1.7000,0.8603,0.8397,0.86029,0.86029,0.00000,0.00000,0
139000,1.7000,0.8611,0.8389,0.86110,0.86110,0.00000,0.00000,0
139500,1.7000,0.8635,0.8365,0.86352,0.86352,0.00000,0.00000,0
140000,1.7000,0.8643,0.8357,0.86432,0.86432,0.00000,0.00000,0
140500,1.7000,0.8643,0.8357,0.86432,0.86432,0.00000,0.00000,0
141000,1.7000,0.8611,0.8389,0.86110,0.86110,0.00000,0.00000,0
141500,1.7000,0.8595,0.8405,0.85949,0.85949,0.00000,0.00000,0
142000,1.7000,0.8595,0.8405,0.85949,0.85949,0.00000,0.00000,0
142500,1.7000,0.8579,0.8421,0.85788,0.85788,0.00000,0.00000,0
143000,1.7000,0.8587,0.8413,0.85868,0.85868,0.00000,0.00000,0
143500,1.7000,0.8579,0.8421,0.85788,0.85788,0.00000,0.00000,0
144000,1.7000,0.8563,0.8437,0.85626,0.85626,0.00000,0.00000,0
144500,1.7000,0.8530,0.8470,0.85304,0.85304,0.00000,0.00000,0
145000,1.7000,0.8522,0.8478,0.85223,0.85223,0.00000,0.00000,0
145500,1.7000,0.8514,0.8486,0.85143,0.85143,0.00000,0.00000,0
146000,1.7000,0.8522,0.8478,0.85223,0.85223,0.00000,0.00000,0
146500,1.7000,0.8514,0.8486,0.85143,0.85143,0.00000,0.00000,0
147000,1.7000,0.8530,0.8470,0.85304,0.85304,0.00000,0.00000,0
147500,1.7000,0.8530,0.8470,0.85304,0.85304,0.00000,0.00000,0
148000,1.7000,0.8530,0.8470,0.85304,0.85304,0.00000,0.00000,0
148500,1.7000,0.8538,0.8462,0.85385,0.85385,0.00000,0.00000,0
149000,1.7000,0.8555,0.8445,0.85546,0.85546,0.00000,0.00000,0
149500,1.7000,0.8555,0.8445,0.85546,0.85546,0.00000,0.00000,0
150000,1.7000,0.8547,0.8453,0.85465,0.85465,0.00000,0.00000,0
150500,1.7000,0.8538,0.8462,0.85385,0.85385,0.00000,0.00000,0
151000,1.7000,0.8538,0.8462,0.85385,0.85385,0.00000,0.00000,0
151500,1.7000,0.8547,0.8453,0.85465,0.85465,0.00000,0.00000,0
152000,1.7000,0.8547,0.8453,0.85465,0.85465,0.00000,0.00000,0
152500,1.7000,0.8538,0.8462,0.85385,0.85385,0.00000,0.00000,0
153000,1.7000,0.8522,0.8478,0.85223,0.85223,0.00000,0.00000,0
153500,1.7000,0.8538,0.8462,0.85385,0.85385,0.00000,0.00000,0
154000,1.7000,0.8547,0.8453,0.85465,0.85465,0.00000,0.00000,0
154500,1.7000,0.8563,0.8437,0.85626,0.85626,0.00000,0.00000,0
155000,1.7000,0.8579,0.8421,0.85788,0.85788,0.00000,0.00000,0
155500,1.7000,0.8579,0.8421,0.85788,0.85788,0.00000,0.00000,0
156000,1.7000,0.8579,0.8421,0.85788,0.85788,0.00000,0.00000,0
156500,1.7000,0.8571,0.8429,0.85707,0.85707,0.00000,0.00000,0
157000,1.7000,0.8579,0.8421,0.85788,0.85788,0.00000,0.00000,0
157500,1.7000,0.8587,0.8413,0.85868,0.85868,0.00000,0.00000,0
158000,1.7000,0.8603,0.8397,0.86029,0.86029,0.00000,0.00000,0
158500,1.7000,0.8587,0.8413,0.85868,0.85868,0.00000,0.00000,0
159000,1.7000,0.8571,0.8429,0.85707,0.85707,0.00000,0.00000,0
159500,1.7000,0.8563,0.8437,0.85626,0.85626,0.00000,0.00000,0
160000,1.7000,0.8547,0.8453,0.85465,0.85465,0.00000,0.00000,0
160500,1.7000,0.8555,0.8445,0.85546,0.85546,0.00000,0.00000,0
161000,1.7000,0.8555,0.8445,0.85546,0.85546,0.00000,0.00000,0
161500,1.7000,0.8563,0.8437,0.85626,0.85626,0.00000,0.00000,0
162000,1.7000,0.8555,0.8445,0.85546,0.85546,0.00000,0.00000,0
162500,1.7000,0.8555,0.8445,0.85546,0.85546,0.00000,0.00000,0
163000,1.7000,0.8538,0.8462,0.85385,0.85385,0.00000,0.00000,0
163500,1.7000,0.8555,0.8445,0.85546,0.85546,0.00000,0.00000,0
164000,1.7000,0.8571,0.8429,0.85707,0.85707,0.00000,0.00000,0
164500,1.7000,0.8563,0.8437,0.85626,0.85626,0.00000,0.00000,0
165000,1.7000,0.8571,0.8429,0.85707,0.85707,0.00000,0.00000,0
165500,1.7000,0.8579,0.8421,0.85788,0.85788,0.00000,0.00000,0
166000,1.7000,0.8603,0.8397,0.86029,0.86029,0.00000,0.00000,0
166500,1.7000,0.8603,0.8397,0.86029,0.86029,0.00000,0.00000,0
167000,1.7000,0.8603,0.8397,0.86029,0.86029,0.00000,0.00000,0
167500,1.7000,0.8627,0.8373,0.86271,0.86271,0.00000,0.00000,0
168000,1.7000,0.8619,0.8381,0.86190,0.86190,0.00000,0.00000,0
168500,1.7000,0.8603,0.8397,0.86029,0.86029,0.00000,0.00000,0
169000,1.7000,0.8603,0.8397,0.86029,0.86029,0.00000,0.00000,0
169500,1.7000,0.8595,0.8405,0.85949,0.85949,0.00000,0.00000,0
170000,1.7000,0.8595,0.8405,0.85949,0.85949,0.00000,0.00000,0
170500,1.7000,0.8579,0.8421,0.85788,0.85788,0.00000,0.00000,0
171000,1.7000,0.8555,0.8445,0.85546,0.85546,0.00000,0.00000,0
171500,1.7000,0.8547,0.8453,0.85465,0.85465,0.00000,0.00000,0
172000,1.7000,0.8547,0.8453,0.85465,0.85465,0.00000,0.00000,0
172500,1.7000,0.8522,0.8478,0.85223,0.85223,0.00000,0.00000,0
173000,1.7000,0.8538,0.8462,0.85385,0.85385,0.00000,0.00000,0
173500,1.7000,0.8538,0.8462,0.85385,0.85385,0.00000,0.00000,0
174000,1.7000,0.8538,0.8462,0.85385,0.85385,0.00000,0.00000,0
174500,1.7000,0.8547,0.8453,0.85465,0.85465,0.00000,0.00000,0
175000,1.7000,0.8555,0.8445,0.85546,0.85546,0.00000,0.00000,0
175500,1.7000,0.8538,0.8462,0.85385,0.85385,0.00000,0.00000,0
176000,1.7000,0.8538,0.8462,0.85385,0.85385,0.00000,0.00000,0
176500,1.7000,0.8538,0.8462,0.85385,0.85385,0.00000,0.00000,0
177000,1.7000,0.8530,0.8470,0.85304,0.85304,0.00000,0.00000,0
177500,1.7000,0.8555,0.8445,0.85546,0.85546,0.00000,0.00000,0
178000,1.7000,0.8563,0.8437,0.85626,0.85626,0.00000,0.00000,0
178500,1.7000,0.8563,0.8437,0.85626,0.85626,0.00000,0.00000,0
179000,1.7000,0.8563,0.8437,0.85626,0.85626,0.00000,0.00000,0
179500,1.7000,0.8555,0.8445,0.85546,0.85546,0.00000,0.00000,0
180000,1.7000,0.8547,0.8453,0.85465,0.85465,0.00000,0.00000,0
180500,1.7000,0.8547,0.8453,0.85465,0.85465,0.00000,0.00000,0
181000,1.7000,0.8555,0.8445,0.85546,0.85546,0.00000,0.00000,0
181500,1.7000,0.8563,0.8437,0.85626,0.85626,0.00000,0.00000,0
182000,1.7000,0.8547,0.8453,0.85465,0.85465,0.00000,0.00000,0
182500,1.7000,0.8514,0.8486,0.85143,0.85143,0.00000,0.00000,0
183000,1.7000,0.8522,0.8478,0.85223,0.85223,0.00000,0.00000,0
183500,1.7000,0.8514,0.8486,0.85143,0.85143,0.00000,0.00000,0
184000,1.7000,0.8522,0.8478,0.85223,0.85223,0.00000,0.00000,0
184500,1.7000,0.8522,0.8478,0.85223,0.85223,0.00000,0.00000,0
185000,1.7000,0.8530,0.8470,0.85304,0.85304,0.00000,0.00000,0
185500,1.7000,0.8530,0.8470,0.85304,0.85304,0.00000,0.00000,0
186000,1.7000,0.8514,0.8486,0.85143,0.85143,0.00000,0.00000,0
186500,1.7000,0.8514,0.8486,0.85143,0.85143,0.00000,0.00000,0
187000,1.7000,0.8538,0.8462,0.85385,0.85385,0.00000,0.00000,0
187500,1.7000,0.8522,0.8478,0.85223,0.85223,0.00000,0.00000,0
188000,1.7000,0.8522,0.8478,0.85223,0.85223,0.00000,0.00000,0
188500,1.7000,0.8514,0.8486,0.85143,0.85143,0.00000,0.00000,0
189000,1.7000,0.8506,0.8494,0.85062,0.85062,0.00000,0.00000,0
189500,1.7000,0.8563,0.8437,0.85626,0.85626,0.00000,0.00000,0
190000,1.7000,0.8563,0.8437,0.85626,0.85626,0.00000,0.00000,0
190500,1.7000,0.8563,0.8437,0.85626,0.85626,0.00000,0.00000,0
191000,1.7000,0.8579,0.8421,0.85788,0.85788,0.00000,0.00000,0
191500,1.7000,0.8579,0.8421,0.85788,0.85788,0.00000,0.00000,0
192000,1.7000,0.8563,0.8437,0.85626,0.85626,0.00000,0.00000,0
192500,1.7000,0.8579,0.8421,0.85788,0.85788,0.00000,0.00000,0
193000,1.7000,0.8571,0.8429,0.85707,0.85707,0.00000,0.00000,0
193500,1.7000,0.8579,0.8421,0.85788,0.85788,0.00000,0.00000,0
194000,1.7000,0.8579,0.8421,0.85788,0.85788,0.00000,0.00000,0
194500,1.7000,0.8530,0.8470,0.85304,0.85304,0.00000,0.00000,0
195000,1.7000,0.8522,0.8478,0.85223,0.85223,0.00000,0.00000,0
195500,1.7000,0.8514,0.8486,0.85143,0.85143,0.00000,0.00000,0
196000,1.7000,0.8514,0.8486,0.85143,0.85143,0.00000,0.00000,0
196500,1.7000,0.8514,0.8486,0.85143,0.85143,0.00000,0.00000,0
197000,1.7000,0.8522,0.8478,0.85223,0.85223,0.00000,0.00000,0
197500,1.7000,0.8530,0.8470,0.85304,0.85304,0.00000,0.00000,0
198000,1.7000,0.8547,0.8453,0.85465,0.85465,0.00000,0.00000,0
198500,1.7000,0.8547,0.8453,0.85465,0.85465,0.00000,0.00000,0
199000,1.7000,0.8538,0.8462,0.85385,0.85385,0.00000,0.00000,0
199500,1.7000,0.8530,0.8470,0.85304,0.85304,0.00000,0.00000,0
200000,1.7000,0.8547,0.8453,0.85465,0.85465,0.00000,0.00000,0
200500,1.7000,0.8522,0.8478,0.85223,0.85223,0.00000,0.00000,0
201000,1.7000,0.8530,0.8470,0.85304,0.85304,0.00000,0.00000,0
201500,1.7000,0.8530,0.8470,0.85304,0.85304,0.00000,0.00000,0
202000,1.7000,0.8522,0.8478,0.85223,0.85223,0.00000,0.00000,0
202500,1.7000,0.8514,0.8486,0.85143,0.85143,0.00000,0.00000,0
203000,1.7000,0.8490,0.8510,0.84901,0.84901,0.00000,0.00000,0
203500,1.7000,0.8482,0.8518,0.84821,0.84821,0.00000,0.00000,0
204000,1.7000,0.8506,0.8494,0.85062,0.85062,0.00000,0.00000,0
204500,1.7000,0.8514,0.8486,0.85143,0.85143,0.00000,0.00000,0
205000,1.7000,0.8506,0.8494,0.85062,0.85062,0.00000,0.00000,0
205500,1.7000,0.8522,0.8478,0.85223,0.85223,0.00000,0.00000,0
206000,1.7000,0.8514,0.8486,0.85143,0.85143,0.00000,0.00000,0
206500,1.7000,0.8506,0.8494,0.85062,0.85062,0.00000,0.00000,0
207000,1.7000,0.8514,0.8486,0.85143,0.85143,0.00000,0.00000,0
207500,1.7000,0.8522,0.8478,0.85223,0.85223,0.00000,0.00000,0
208000,1.7000,0.8538,0.8462,0.85385,0.85385,0.00000,0.00000,0
208500,1.7000,0.8530,0.8470,0.85304,0.85304,0.00000,0.00000,0
209000,1.7000,0.8522,0.8478,0.85223,0.85223,0.00000,0.00000,0
209500,1.7000,0.8530,0.8470,0.85304,0.85304,0.00000,0.00000,0
210000,1.7000,0.8522,0.8478,0.85223,0.85223,0.00000,0.00000,0
210500,1.7000,0.8530,0.8470,0.85304,0.85304,0.00000,0.00000,0
211000,1.7000,0.8530,0.8470,0.85304,0.85304,0.00000,0.00000,0
211500,1.7000,0.8530,0.8470,0.85304,0.85304,0.00000,0.00000,0
212000,1.7000,0.8530,0.8470,0.85304,0.85304,0.00000,0.00000,0
212500,1.7000,0.8530,0.8470,0.85304,0.85304,0.00000,0.00000,0
213000,1.7000,0.8530,0.8470,0.85304,0.85304,0.00000,0.00000,0
213500,1.7000,0.8547,0.8453,0.85465,0.85465,0.00000,0.00000,0
214000,1.7000,0.8547,0.8453,0.85465,0.85465,0.00000,0.00000,0
214500,1.7000,0.8555,0.8445,0.85546,0.85546,0.00000,0.00000,0
215000,1.7000,0.8555,0.8445,0.85546,0.85546,0.00000,0.00000,0
215500,1.7000,0.8555,0.8445,0.85546,0.85546,0.00000,0.00000,0
216000,1.7000,0.8563,0.8437,0.85626,0.85626,0.00000,0.00000,0
216500,1.7000,0.8563,0.8437,0.85626,0.85626,0.00000,0.00000,0
217000,1.7000,0.8555,0.8445,0.85546,0.85546,0.00000,0.00000,0
217500,1.7000,0.8555,0.8445,0.85546,0.85546,0.00000,0.00000,0
218000,1.7000,0.8555,0.8445,0.85546,0.85546,0.00000,0.00000,0
218500,1.7000,0.8547,0.8453,0.85465,0.85465,0.00000,0.00000,0
219000,1.7000,0.8547,0.8453,0.85465,0.85465,0.00000,0.00000,0
219500,1.7000,0.8530,0.8470,0.85304,0.85304,0.00000,0.00000,0
220000,1.7000,0.8538,0.8462,0.85385,0.85385,0.00000,0.00000,0
220500,1.7000,0.8547,0.8453,0.85465,0.85465,0.00000,0.00000,0
221000,1.7000,0.8547,0.8453,0.85465,0.85465,0.00000,0.00000,0
221500,1.7000,0.8547,0.8453,0.85465,0.85465,0.00000,0.00000,0
222000,1.7000,0.8555,0.8445,0.85546,0.85546,0.00000,0.00000,0
222500,1.7000,0.8547,0.8453,0.85465,0.85465,0.00000,0.00000,0
223000,1.7000,0.8555,0.8445,0.85546,0.85546,0.00000,0.00000,0
223500,1.7000,0.8555,0.8445,0.85546,0.85546,0.00000,0.00000,0
224000,1.7000,0.8547,0.8453,0.85465,0.85465,0.00000,0.00000,0
224500,1.7000,0.8555,0.8445,0.85546,0.85546,0.00000,0.00000,0
225000,1.7000,0.8547,0.8453,0.85465,0.85465,0.00000,0.00000,0
225500,1.7000,0.8547,0.8453,0.85465,0.85465,0.00000,0.00000,0
226000,1.7000,0.8547,0.8453,0.85465,0.85465,0.00000,0.00000,0
226500,1.7000,0.8538,0.8462,0.85385,0.85385,0.00000,0.00000,0
227000,1.7000,0.8514,0.8486,0.85143,0.85143,0.00000,0.00000,0
227500,1.7000,0.8530,0.8470,0.85304,0.85304,0.00000,0.00000,0
228000,1.7000,0.8522,0.8478,0.85223,0.85223,0.00000,0.00000,0
228500,1.7000,0.8530,0.8470,0.85304,0.85304,0.00000,0.00000,0
229000,1.7000,0.8530,0.8470,0.85304,0.85304,0.00000,0.00000,0
229500,1.7000,0.8530,0.8470,0.85304,0.85304,0.00000,0.00000,0
230000,1.7000,0.8547,0.8453,0.85465,0.85465,0.00000,0.00000,0
230500,1.7000,0.8538,0.8462,0.85385,0.85385,0.00000,0.00000,0
231000,1.7000,0.8530,0.8470,0.85304,0.85304,0.00000,0.00000,0
231500,1.7000,0.8538,0.8462,0.85385,0.85385,0.00000,0.00000,0
232000,1.7000,0.8547,0.8453,0.85465,0.85465,0.00000,0.00000,0
232500,1.7000,0.8547,0.8453,0.85465,0.85465,0.00000,0.00000,0
233000,1.7000,0.8547,0.8453,0.85465,0.85465,0.00000,0.00000,0
233500,1.7000,0.8547,0.8453,0.85465,0.85465,0.00000,0.00000,0
234000,1.7000,0.8555,0.8445,0.85546,0.85546,0.00000,0.00000,0
234500,1.7000,0.8538,0.8462,0.85385,0.85385,0.00000,0.00000,0
235000,1.7000,0.8530,0.8470,0.85304,0.85304,0.00000,0.00000,0
235500,1.7000,0.8538,0.8462,0.85385,0.85385,0.00000,0.00000,0
236000,1.7000,0.8538,0.8462,0.85385,0.85385,0.00000,0.00000,0
236500,1.7000,0.8538,0.8462,0.85385,0.85385,0.00000,0.00000,0
237000,1.7000,0.8547,0.8453,0.85465,0.85465,0.00000,0.00000,0
237500,1.7000,0.8555,0.8445,0.85546,0.85546,0.00000,0.00000,0
238000,1.7000,0.8555,0.8445,0.85546,0.85546,0.00000,0.00000,0
238500,1.7000,0.8555,0.8445,0.85546,0.85546,0.00000,0.00000,0
239000,1.7000,0.8538,0.8462,0.85385,0.85385,0.00000,0.00000,0
239500,1.7000,0.8563,0.8437,0.85626,0.85626,0.00000,0.00000,0
240000,1.7000,0.8555,0.8445,0.85546,0.85546,0.00000,0.00000,0
240500,1.7000,0.8547,0.8453,0.85465,0.85465,0.00000,0.00000,0
241000,1.7000,0.8555,0.8445,0.85546,0.85546,0.00000,0.00000,0
241500,1.7000,0.8555,0.8445,0.85546,0.85546,0.00000,0.00000,0
242000,1.7000,0.8555,0.8445,0.85546,0.85546,0.00000,0.00000,0
242500,1.7000,0.8555,0.8445,0.85546,0.85546,0.00000,0.00000,0
243000,1.7000,0.8555,0.8445,0.85546,0.85546,0.00000,0.00000,0
243500,1.7000,0.8555,0.8445,0.85546,0.85546,0.00000,0.00000,0
244000,1.7000,0.8555,0.8445,0.85546,0.85546,0.00000,0.00000,0
244500,1.7000,0.8547,0.8453,0.85465,0.85465,0.00000,0.00000,0
245000,1.7000,0.8547,0.8453,0.85465,0.85465,0.00000,0.00000,0
245500,1.7000,0.8563,0.8437,0.85626,0.85626,0.00000,0.00000,0
246000,1.7000,0.8563,0.8437,0.85626,0.85626,0.00000,0.00000,0
246500,1.7000,0.8563,0.8437,0.85626,0.85626,0.00000,0.00000,0
247000,1.7000,0.8555,0.8445,0.85546,0.85546,0.00000,0.00000,0
247500,1.7000,0.8547,0.8453,0.85465,0.85465,0.00000,0.00000,0
248000,1.7000,0.8538,0.8462,0.85385,0.85385,0.00000,0.00000,0
248500,1.7000,0.8547,0.8453,0.85465,0.85465,0.00000,0.00000,0
249000,1.7000,0.8547,0.8453,0.85465,0.85465,0.00000,0.00000,0
249500,1.7000,0.8563,0.8437,0.85626,0.85626,0.00000,0.00000,0
250000,1.7000,0.8555,0.8445,0.85546,0.85546,0.00000,0.00000,0
250500,1.7000,0.8555,0.8445,0.85546,0.85546,0.00000,0.00000,0
251000,1.7000,0.8538,0.8462,0.85385,0.85385,0.00000,0.00000,0
251500,1.7000,0.8538,0.8462,0.85385,0.85385,0.00000,0.00000,0
252000,1.7000,0.8571,0.8429,0.85707,0.85707,0.00000,0.00000,0
252500,1.7000,0.8563,0.8437,0.85626,0.85626,0.00000,0.00000,0
253000,1.7000,0.8579,0.8421,0.85788,0.85788,0.00000,0.00000,0
253500,1.7000,0.8579,0.8421,0.85788,0.85788,0.00000,0.00000,0
254000,1.7000,0.8579,0.8421,0.85788,0.85788,0.00000,0.00000,0
254500,1.7000,0.8563,0.8437,0.85626,0.85626,0.00000,0.00000,0
255000,1.7000,0.8538,0.8462,0.85385,0.85385,0.00000,0.00000,0
255500,1.7000,0.8538,0.8462,0.85385,0.85385,0.00000,0.00000,0
256000,1.7000,0.8538,0.8462,0.85385,0.85385,0.00000,0.00000,0
256500,1.7000,0.8522,0.8478,0.85223,0.85223,0.00000,0.00000,0
257000,1.7000,0.8498,0.8502,0.84982,0.84982,0.00000,0.00000,0
257500,1.7000,0.8514,0.8486,0.85143,0.85143,0.00000,0.00000,0
258000,1.7000,0.8490,0.8510,0.84901,0.84901,0.00000,0.00000,0
258500,1.7000,0.8474,0.8526,0.84740,0.84740,0.00000,0.00000,0
259000,1.7000,0.8498,0.8502,0.84982,0.84982,0.00000,0.00000,0
259500,1.7000,0.8498,0.8502,0.84982,0.84982,0.00000,0.00000,0
260000,1.7000,0.8514,0.8486,0.85143,0.85143,0.00000,0.00000,0
260500,1.7000,0.8522,0.8478,0.85223,0.85223,0.00000,0.00000,0
261000,1.7000,0.8522,0.8478,0.85223,0.85223,0.00000,0.00000,0
261500,1.7000,0.8547,0.8453,0.85465,0.85465,0.00000,0.00000,0
262000,1.7000,0.8538,0.8462,0.85385,0.85385,0.00000,0.00000,0
262500,1.7000,0.8538,0.8462,0.85385,0.85385,0.00000,0.00000,0
263000,1.7000,0.8547,0.8453,0.85465,0.85465,0.00000,0.00000,0
263500,1.7000,0.8571,0.8429,0.85707,0.85707,0.00000,0.00000,0
264000,1.7000,0.8555,0.8445,0.85546,0.85546,0.00000,0.00000,0
264500,1.7000,0.8555,0.8445,0.85546,0.85546,0.00000,0.00000,0
265000,1.7000,0.8547,0.8453,0.85465,0.85465,0.00000,0.00000,0
265500,1.7000,0.8530,0.8470,0.85304,0.85304,0.00000,0.00000,0
266000,1.7000,0.8547,0.8453,0.85465,0.85465,0.00000,0.00000,0
266500,1.7000,0.8547,0.8453,0.85465,0.85465,0.00000,0.00000,0
267000,1.7000,0.8498,0.8502,0.84982,0.84982,0.00000,0.00000,0
267500,1.7000,0.8490,0.8510,0.84901,0.84901,0.00000,0.00000,0
268000,1.7000,0.8498,0.8502,0.84982,0.84982,0.00000,0.00000,0
268500,1.7000,0.8498,0.8502,0.84982,0.84982,0.00000,0.00000,0
269000,1.7000,0.8482,0.8518,0.84821,0.84821,0.00000,0.00000,0
269500,1.7000,0.8490,0.8510,0.84901,0.84901,0.00000,0.00000,0
270000,1.7000,0.8506,0.8494,0.85062,0.85062,0.00000,0.00000,0
270500,1.7000,0.8506,0.8494,0.85062,0.85062,0.00000,0.00000,0
271000,1.7000,0.8498,0.8502,0.84982,0.84982,0.00000,0.00000,0
271500,1.7000,0.8490,0.8510,0.84901,0.84901,0.00000,0.00000,0
272000,1.7000,0.8538,0.8462,0.85385,0.85385,0.00000,0.00000,0
272500,1.7000,0.8538,0.8462,0.85385,0.85385,0.00000,0.00000,0
273000,1.7000,0.8530,0.8470,0.85304,0.85304,0.00000,0.00000,0
273500,1.7000,0.8522,0.8478,0.85223,0.85223,0.00000,0.00000,0
274000,1.7000,0.8530,0.8470,0.85304,0.85304,0.00000,0.00000,0
274500,1.7000,0.8522,0.8478,0.85223,0.85223,0.00000,0.00000,0
275000,1.7000,0.8530,0.8470,0.85304,0.85304,0.00000,0.00000,0
275500,1.7000,0.8538,0.8462,0.85385,0.85385,0.00000,0.00000,0
276000,1.7000,0.8538,0.8462,0.85385,0.85385,0.00000,0.00000,0
276500,1.7000,0.8530,0.8470,0.85304,0.85304,0.00000,0.00000,0
277000,1.7000,0.8530,0.8470,0.85304,0.85304,0.00000,0.00000,0
277500,1.7000,0.8571,0.8429,0.85707,0.85707,0.00000,0.00000,0
278000,1.7000,0.8595,0.8405,0.85949,0.85949,0.00000,0.00000,0
278500,1.7000,0.8595,0.8405,0.85949,0.85949,0.00000,0.00000,0
279000,1.7000,0.8603,0.8397,0.86029,0.86029,0.00000,0.00000,0
279500,1.7000,0.8611,0.8389,0.86110,0.86110,0.00000,0.00000,0
280000,1.7000,0.8571,0.8429,0.85707,0.85707,0.00000,0.00000,0
280500,1.7000,0.8571,0.8429,0.85707,0.85707,0.00000,0.00000,0
281000,1.7000,0.8563,0.8437,0.85626,0.85626,0.00000,0.00000,0
281500,1.7000,0.8579,0.8421,0.85788,0.85788,0.00000,0.00000,0
282000,1.7000,0.8571,0.8429,0.85707,0.85707,0.00000,0.00000,0
282500,1.7000,0.8538,0.8462,0.85385,0.85385,0.00000,0.00000,0
283000,1.7000,0.8506,0.8494,0.85062,0.85062,0.00000,0.00000,0
283500,1.7000,0.8514,0.8486,0.85143,0.85143,0.00000,0.00000,0
284000,1.7000,0.8506,0.8494,0.85062,0.85062,0.00000,0.00000,0
284500,1.7000,0.8490,0.8510,0.84901,0.84901,0.00000,0.00000,0
285000,1.7000,0.8522,0.8478,0.85223,0.85223,0.00000,0.00000,0
285500,1.7000,0.8522,0.8478,0.85223,0.85223,0.00000,0.00000,0
286000,1.7000,0.8522,0.8478,0.85223,0.85223,0.00000,0.00000,0
286500,1.7000,0.8538,0.8462,0.85385,0.85385,0.00000,0.00000,0
287000,1.7000,0.8547,0.8453,0.85465,0.85465,0.00000,0.00000,0
287500,1.7000,0.8538,0.8462,0.85385,0.85385,0.00000,0.00000,0
288000,1.7000,0.8522,0.8478,0.85223,0.85223,0.00000,0.00000,0
288500,1.7000,0.8514,0.8486,0.85143,0.85143,0.00000,0.00000,0
289000,1.7000,0.8522,0.8478,0.85223,0.85223,0.00000,0.00000,0
289500,1.7000,0.8514,0.8486,0.85143,0.85143,0.00000,0.00000,0
290000,1.7000,0.8522,0.8478,0.85223,0.85223,0.00000,0.00000,0
290500,1.7000,0.8514,0.8486,0.85143,0.85143,0.00000,0.00000,0
291000,1.7000,0.8522,0.8478,0.85223,0.85223,0.00000,0.00000,0
291500,1.7000,0.8506,0.8494,0.85062,0.85062,0.00000,0.00000,0
292000,1.7000,0.8514,0.8486,0.85143,0.85143,0.00000,0.00000,0
292500,1.7000,0.8530,0.8470,0.85304,0.85304,0.00000,0.00000,0
293000,1.7000,0.8530,0.8470,0.85304,0.85304,0.00000,0.00000,0
293500,1.7000,0.8547,0.8453,0.85465,0.85465,0.00000,0.00000,0
294000,1.7000,0.8538,0.8462,0.85385,0.85385,0.00000,0.00000,0
294500,1.7000,0.8555,0.8445,0.85546,0.85546,0.00000,0.00000,0
295000,1.7000,0.8555,0.8445,0.85546,0.85546,0.00000,0.00000,0
295500,1.7000,0.8547,0.8453,0.85465,0.85465,0.00000,0.00000,0
296000,1.7000,0.8547,0.8453,0.85465,0.85465,0.00000,0.00000,0
296500,1.7000,0.8555,0.8445,0.85546,0.85546,0.00000,0.00000,0
297000,1.7000,0.8547,0.8453,0.85465,0.85465,0.00000,0.00000,0
297500,1.7000,0.8538,0.8462,0.85385,0.85385,0.00000,0.00000,0
298000,1.7000,0.8538,0.8462,0.85385,0.85385,0.00000,0.00000,0
298500,1.7000,0.8530,0.8470,0.85304,0.85304,0.00000,0.00000,0
299000,1.7000,0.8538,0.8462,0.85385,0.85385,0.00000,0.00000,0
299500,1.7000,0.8538,0.8462,0.85385,0.85385,0.00000,0.00000,0
300000,1.7000,0.8538,0.8462,0.85385,0.85385,0.00000,0.00000,0
300500,1.7000,0.8555,0.8445,0.85546,0.85546,0.00000,0.00000,0
301000,1.7000,0.8547,0.8453,0.85465,0.85465,0.00000,0.00000,0
301500,1.7000,0.8563,0.8437,0.85626,0.85626,0.00000,0.00000,0
302000,1.7000,0.8603,0.8397,0.86029,0.86029,0.00000,0.00000,0
302500,1.7000,0.8603,0.8397,0.86029,0.86029,0.00000,0.00000,0
303000,1.7000,0.8611,0.8389,0.86110,0.86110,0.00000,0.00000,0
303500,1.7000,0.8611,0.8389,0.86110,0.86110,0.00000,0.00000,0
304000,1.7000,0.8619,0.8381,0.86190,0.86190,0.00000,0.00000,0
304500,1.7000,0.8611,0.8389,0.86110,0.86110,0.00000,0.00000,0
305000,1.7000,0.8627,0.8373,0.86271,0.86271,0.00000,0.00000,0
305500,1.7000,0.8627,0.8373,0.86271,0.86271,0.00000,0.00000,0
306000,1.7000,0.8627,0.8373,0.86271,0.86271,0.00000,0.00000,0
306500,1.7000,0.8603,0.8397,0.86029,0.86029,0.00000,0.00000,0
307000,1.7000,0.8563,0.8437,0.85626,0.85626,0.00000,0.00000,0
307500,1.7000,0.8571,0.8429,0.85707,0.85707,0.00000,0.00000,0
308000,1.7000,0.8563,0.8437,0.85626,0.85626,0.00000,0.00000,0
308500,1.7000,0.8563,0.8437,0.85626,0.85626,0.00000,0.00000,0
309000,1.7000,0.8563,0.8437,0.85626,0.85626,0.00000,0.00000,0
309500,1.7000,0.8587,0.8413,0.85868,0.85868,0.00000,0.00000,0
310000,1.7000,0.8579,0.8421,0.85788,0.85788,0.00000,0.00000,0
310500,1.7000,0.8571,0.8429,0.85707,0.85707,0.00000,0.00000,0
311000,1.7000,0.8571,0.8429,0.85707,0.85707,0.00000,0.00000,0
311500,1.7000,0.8555,0.8445,0.85546,0.85546,0.00000,0.00000,0
312000,1.7000,0.8555,0.8445,0.85546,0.85546,0.00000,0.00000,0
312500,1.7000,0.8538,0.8462,0.85385,0.85385,0.00000,0.00000,0
313000,1.7000,0.8530,0.8470,0.85304,0.85304,0.00000,0.00000,0
313500,1.7000,0.8538,0.8462,0.85385,0.85385,0.00000,0.00000,0
314000,1.7000,0.8530,0.8470,0.85304,0.85304,0.00000,0.00000,0
314500,1.7000,0.8506,0.8494,0.85062,0.85062,0.00000,0.00000,0
315000,1.7000,0.8506,0.8494,0.85062,0.85062,0.00000,0.00000,0
315500,1.7000,0.8514,0.8486,0.85143,0.85143,0.00000,0.00000,0
316000,1.7000,0.8522,0.8478,0.85223,0.85223,0.00000,0.00000,0
316500,1.7000,0.8530,0.8470,0.85304,0.85304,0.00000,0.00000,0
317000,1.7000,0.8530,0.8470,0.85304,0.85304,0.00000,0.00000,0
317500,1.7000,0.8547,0.8453,0.85465,0.85465,0.00000,0.00000,0
318000,1.7000,0.8555,0.8445,0.85546,0.85546,0.00000,0.00000,0
318500,1.7000,0.8555,0.8445,0.85546,0.85546,0.00000,0.00000,0
319000,1.7000,0.8555,0.8445,0.85546,0.85546,0.00000,0.00000,0
319500,1.7000,0.8563,0.8437,0.85626,0.85626,0.00000,0.00000,0
320000,1.7000,0.8555,0.8445,0.85546,0.85546,0.00000,0.00000,0
320500,1.7000,0.8547,0.8453,0.85465,0.85465,0.00000,0.00000,0
321000,1.7000,0.8555,0.8445,0.85546,0.85546,0.00000,0.00000,0
321500,1.7000,0.8555,0.8445,0.85546,0.85546,0.00000,0.00000,0
322000,1.7000,0.8522,0.8478,0.85223,0.85223,0.00000,0.00000,0
322500,1.7000,0.8506,0.8494,0.85062,0.85062,0.00000,0.00000,0
323000,1.7000,0.8514,0.8486,0.85143,0.85143,0.00000,0.00000,0
323500,1.7000,0.8522,0.8478,0.85223,0.85223,0.00000,0.00000,0
324000,1.7000,0.8514,0.8486,0.85143,0.85143,0.00000,0.00000,0
324500,1.7000,0.8506,0.8494,0.85062,0.85062,0.00000,0.00000,0
325000,1.7000,0.8514,0.8486,0.85143,0.85143,0.00000,0.00000,0
325500,1.7000,0.8514,0.8486,0.85143,0.85143,0.00000,0.00000,0
326000,1.7000,0.8498,0.8502,0.84982,0.84982,0.00000,0.00000,0
326500,1.7000,0.8506,0.8494,0.85062,0.85062,0.00000,0.00000,0
327000,1.7000,0.8547,0.8453,0.85465,0.85465,0.00000,0.00000,0
327500,1.7000,0.8555,0.8445,0.85546,0.85546,0.00000,0.00000,0
328000,1.7000,0.8547,0.8453,0.85465,0.85465,0.00000,0.00000,0
328500,1.7000,0.8579,0.8421,0.85788,0.85788,0.00000,0.00000,0
329000,1.7000,0.8579,0.8421,0.85788,0.85788,0.00000,0.00000,0
329500,1.7000,0.8547,0.8453,0.85465,0.85465,0.00000,0.00000,0
330000,1.7000,0.8555,0.8445,0.85546,0.85546,0.00000,0.00000,0
330500,1.7000,0.8547,0.8453,0.85465,0.85465,0.00000,0.00000,0
331000,1.7000,0.8538,0.8462,0.85385,0.85385,0.00000,0.00000,0
331500,1.7000,0.8547,0.8453,0.85465,0.85465,0.00000,0.00000,0
332000,1.7000,0.8555,0.8445,0.85546,0.85546,0.00000,0.00000,0
332500,1.7000,0.8538,0.8462,0.85385,0.85385,0.00000,0.00000,0
333000,1.7000,0.8547,0.8453,0.85465,0.85465,0.00000,0.00000,0
333500,1.7000,0.8506,0.8494,0.85062,0.85062,0.00000,0.00000,0
334000,1.7000,0.8506,0.8494,0.85062,0.85062,0.00000,0.00000,0
334500,1.7000,0.8538,0.8462,0.85385,0.85385,0.00000,0.00000,0
335000,1.7000,0.8538,0.8462,0.85385,0.85385,0.00000,0.00000,0
335500,1.7000,0.8547,0.8453,0.85465,0.85465,0.00000,0.00000,0
336000,1.7000,0.8555,0.8445,0.85546,0.85546,0.00000,0.00000,0
336500,1.7000,0.8555,0.8445,0.85546,0.85546,0.00000,0.00000,0
337000,1.7000,0.8547,0.8453,0.85465,0.85465,0.00000,0.00000,0
337500,1.7000,0.8555,0.8445,0.85546,0.85546,0.00000,0.00000,0
338000,1.7000,0.8555,0.8445,0.85546,0.85546,0.00000,0.00000,0
338500,1.7000,0.8563,0.8437,0.85626,0.85626,0.00000,0.00000,0
339000,1.7000,0.8563,0.8437,0.85626,0.85626,0.00000,0.00000,0
339500,1.7000,0.8555,0.8445,0.85546,0.85546,0.00000,0.00000,0
340000,1.7000,0.8555,0.8445,0.85546,0.85546,0.00000,0.00000,0
340500,1.7000,0.8555,0.8445,0.85546,0.85546,0.00000,0.00000,0
341000,1.7000,0.8555,0.8445,0.85546,0.85546,0.00000,0.00000,0
341500,1.7000,0.8547,0.8453,0.85465,0.85465,0.00000,0.00000,0
342000,1.7000,0.8547,0.8453,0.85465,0.85465,0.00000,0.00000,0
342500,1.7000,0.8538,0.8462,0.85385,0.85385,0.00000,0.00000,0
343000,1.7000,0.8547,0.8453,0.85465,0.85465,0.00000,0.00000,0
343500,1.7000,0.8530,0.8470,0.85304,0.85304,0.00000,0.00000,0
344000,1.7000,0.8547,0.8453,0.85465,0.85465,0.00000,0.00000,0
344500,1.7000,0.8555,0.8445,0.85546,0.85546,0.00000,0.00000,0
345000,1.7000,0.8555,0.8445,0.85546,0.85546,0.00000,0.00000,0
345500,1.7000,0.8538,0.8462,0.85385,0.85385,0.00000,0.00000,0
346000,1.7000,0.8555,0.8445,0.85546,0.85546,0.00000,0.00000,0
346500,1.7000,0.8538,0.8462,0.85385,0.85385,0.00000,0.00000,0
347000,1.7000,0.8547,0.8453,0.85465,0.85465,0.00000,0.00000,0
347500,1.7000,0.8547,0.8453,0.85465,0.85465,0.00000,0.00000,0
348000,1.7000,0.8538,0.8462,0.85385,0.85385,0.00000,0.00000,0
348500,1.7000,0.8547,0.8453,0.85465,0.85465,0.00000,0.00000,0
349000,1.7000,0.8547,0.8453,0.85465,0.85465,0.00000,0.00000,0
349500,1.7000,0.8538,0.8462,0.85385,0.85385,0.00000,0.00000,0
350000,1.7000,0.8547,0.8453,0.85465,0.85465,0.00000,0.00000,0
350500,1.7000,0.8555,0.8445,0.85546,0.85546,0.00000,0.00000,0
351000,1.7000,0.8538,0.8462,0.85385,0.85385,0.00000,0.00000,0
351500,1.7000,0.8555,0.8445,0.85546,0.85546,0.00000,0.00000,0
352000,1.7000,0.8563,0.8437,0.85626,0.85626,0.00000,0.00000,0
352500,1.7000,0.8563,0.8437,0.85626,0.85626,0.00000,0.00000,0
353000,1.7000,0.8571,0.8429,0.85707,0.85707,0.00000,0.00000,0
353500,1.7000,0.8571,0.8429,0.85707,0.85707,0.00000,0.00000,0
354000,1.7000,0.8563,0.8437,0.85626,0.85626,0.00000,0.00000,0
354500,1.7000,0.8555,0.8445,0.85546,0.85546,0.00000,0.00000,0
355000,1.7000,0.8555,0.8445,0.85546,0.85546,0.00000,0.00000,0
355500,1.7000,0.8547,0.8453,0.85465,0.85465,0.00000,0.00000,0
356000,1.7000,0.8547,0.8453,0.85465,0.85465,0.00000,0.00000,0
356500,1.7000,0.8555,0.8445,0.85546,0.85546,0.00000,0.00000,0
357000,1.7000,0.8547,0.8453,0.85465,0.85465,0.00000,0.00000,0
357500,1.7000,0.8547,0.8453,0.85465,0.85465,0.00000,0.00000,0
358000,1.7000,0.8538,0.8462,0.85385,0.85385,0.00000,0.00000,0
358500,1.7000,0.8530,0.8470,0.85304,0.85304,0.00000,0.00000,0
359000,1.7000,0.8530,0.8470,0.85304,0.85304,0.00000,0.00000,0
359500,1.7000,0.8538,0.8462,0.85385,0.85385,0.00000,0.00000,0
360000,1.7000,0.8538,0.8462,0.85385,0.85385,0.00000,0.00000,0
360500,1.7000,0.8563,0.8437,0.85626,0.85626,0.00000,0.00000,0
361000,1.7000,0.8563,0.8437,0.85626,0.85626,0.00000,0.00000,0
361500,1.7000,0.8538,0.8462,0.85385,0.85385,0.00000,0.00000,0
362000,1.7000,0.8538,0.8462,0.85385,0.85385,0.00000,0.00000,0
362500,1.7000,0.8530,0.8470,0.85304,0.85304,0.00000,0.00000,0
363000,1.7000,0.8538,0.8462,0.85385,0.85385,0.00000,0.00000,0
363500,1.7000,0.8514,0.8486,0.85143,0.85143,0.00000,0.00000,0
364000,1.7000,0.8514,0.8486,0.85143,0.85143,0.00000,0.00000,0
364500,1.7000,0.8506,0.8494,0.85062,0.85062,0.00000,0.00000,0
365000,1.7000,0.8530,0.8470,0.85304,0.85304,0.00000,0.00000,0
365500,1.7000,0.8514,0.8486,0.85143,0.85143,0.00000,0.00000,0
366000,1.7000,0.8522,0.8478,0.85223,0.85223,0.00000,0.00000,0
366500,1.7000,0.8555,0.8445,0.85546,0.85546,0.00000,0.00000,0
367000,1.7000,0.8563,0.8437,0.85626,0.85626,0.00000,0.00000,0
367500,1.7000,0.8579,0.8421,0.85788,0.85788,0.00000,0.00000,0
368000,1.7000,0.8579,0.8421,0.85788,0.85788,0.00000,0.00000,0
368500,1.7000,0.8611,0.8389,0.86110,0.86110,0.00000,0.00000,0
369000,1.7000,0.8603,0.8397,0.86029,0.86029,0.00000,0.00000,0
369500,1.7000,0.8603,0.8397,0.86029,0.86029,0.00000,0.00000,0
370000,1.7000,0.8595,0.8405,0.85949,0.85949,0.00000,0.00000,0
370500,1.7000,0.8587,0.8413,0.85868,0.85868,0.00000,0.00000,0
371000,1.7000,0.8571,0.8429,0.85707,0.85707,0.00000,0.00000,0
371500,1.7000,0.8571,0.8429,0.85707,0.85707,0.00000,0.00000,0
372000,1.7000,0.8563,0.8437,0.85626,0.85626,0.00000,0.00000,0
372500,1.7000,0.8547,0.8453,0.85465,0.85465,0.00000,0.00000,0
373000,1.7000,0.8538,0.8462,0.85385,0.85385,0.00000,0.00000,0
373500,1.7000,0.8538,0.8462,0.85385,0.85385,0.00000,0.00000,0
374000,1.7000,0.8547,0.8453,0.85465,0.85465,0.00000,0.00000,0
374500,1.7000,0.8547,0.8453,0.85465,0.85465,0.00000,0.00000,0
375000,1.7000,0.8538,0.8462,0.85385,0.85385,0.00000,0.00000,0
375500,1.7000,0.8538,0.8462,0.85385,0.85385,0.00000,0.00000,0
376000,1.7000,0.8514,0.8486,0.85143,0.85143,0.00000,0.00000,0
376500,1.7000,0.8514,0.8486,0.85143,0.85143,0.00000,0.00000,0
377000,1.7000,0.8498,0.8502,0.84982,0.84982,0.00000,0.00000,0
377500,1.7000,0.8506,0.8494,0.85062,0.85062,0.00000,0.00000,0
378000,1.7000,0.8498,0.8502,0.84982,0.84982,0.00000,0.00000,0
378500,1.7000,0.8490,0.8510,0.84901,0.84901,0.00000,0.00000,0
379000,1.7000,0.8482,0.8518,0.84821,0.84821,0.00000,0.00000,0
379500,1.7000,0.8474,0.8526,0.84740,0.84740,0.00000,0.00000,0
380000,1.7000,0.8482,0.8518,0.84821,0.84821,0.00000,0.00000,0
380500,1.7000,0.8482,0.8518,0.84821,0.84821,0.00000,0.00000,0
381000,1.7000,0.8506,0.8494,0.85062,0.85062,0.00000,0.00000,0
381500,1.7000,0.8514,0.8486,0.85143,0.85143,0.00000,0.00000,0
382000,1.7000,0.8514,0.8486,0.85143,0.85143,0.00000,0.00000,0
382500,1.7000,0.8522,0.8478,0.85223,0.85223,0.00000,0.00000,0
383000,1.7000,0.8538,0.8462,0.85385,0.85385,0.00000,0.00000,0
383500,1.7000,0.8538,0.8462,0.85385,0.85385,0.00000,0.00000,0
384000,1.7000,0.8538,0.8462,0.85385,0.85385,0.00000,0.00000,0
384500,1.7000,0.8547,0.8453,0.85465,0.85465,0.00000,0.00000,0
385000,1.7000,0.8538,0.8462,0.85385,0.85385,0.00000,0.00000,0
385500,1.7000,0.8530,0.8470,0.85304,0.85304,0.00000,0.00000,0
386000,1.7000,0.8538,0.8462,0.85385,0.85385,0.00000,0.00000,0
386500,1.7000,0.8530,0.8470,0.85304,0.85304,0.00000,0.00000,0
387000,1.7000,0.8538,0.8462,0.85385,0.85385,0.00000,0.00000,0
387500,1.7000,0.8530,0.8470,0.85304,0.85304,0.00000,0.00000,0
388000,1.7000,0.8530,0.8470,0.85304,0.85304,0.00000,0.00000,0
388500,1.7000,0.8530,0.8470,0.85304,0.85304,0.00000,0.00000,0
389000,1.7000,0.8538,0.8462,0.85385,0.85385,0.00000,0.00000,0
389500,1.7000,0.8555,0.8445,0.85546,0.85546,0.00000,0.00000,0
390000,1.7000,0.8563,0.8437,0.85626,0.85626,0.00000,0.00000,0
390500,1.7000,0.8571,0.8429,0.85707,0.85707,0.00000,0.00000,0
391000,1.7000,0.8579,0.8421,0.85788,0.85788,0.00000,0.00000,0
391500,1.7000,0.8595,0.8405,0.85949,0.85949,0.00000,0.00000,0
392000,1.7000,0.8603,0.8397,0.86029,0.86029,0.00000,0.00000,0
392500,1.7000,0.8595,0.8405,0.85949,0.85949,0.00000,0.00000,0
393000,1.7000,0.8587,0.8413,0.85868,0.85868,0.00000,0.00000,0
393500,1.7000,0.8595,0.8405,0.85949,0.85949,0.00000,0.00000,0
394000,1.7000,0.8587,0.8413,0.85868,0.85868,0.00000,0.00000,0
394500,1.7000,0.8571,0.8429,0.85707,0.85707,0.00000,0.00000,0
395000,1.7000,0.8563,0.8437,0.85626,0.85626,0.00000,0.00000,0
395500,1.7000,0.8563,0.8437,0.85626,0.85626,0.00000,0.00000,0
396000,1.7000,0.8563,0.8437,0.85626,0.85626,0.00000,0.00000,0
396500,1.7000,0.8538,0.8462,0.85385,0.85385,0.00000,0.00000,0
397000,1.7000,0.8522,0.8478,0.85223,0.85223,0.00000,0.00000,0
397500,1.7000,0.8538,0.8462,0.85385,0.85385,0.00000,0.00000,0
398000,1.7000,0.8530,0.8470,0.85304,0.85304,0.00000,0.00000,0
398500,1.7000,0.8530,0.8470,0.85304,0.85304,0.00000,0.00000,0
399000,1.7000,0.8530,0.8470,0.85304,0.85304,0.00000,0.00000,0
399500,1.7000,0.8514,0.8486,0.85143,0.85143,0.00000,0.00000,0
400000,1.7000,0.8506,0.8494,0.85062,0.85062,0.00000,0.00000,0
400500,1.7000,0.8482,0.8518,0.84821,0.84821,0.00000,0.00000,0
401000,1.7000,0.8482,0.8518,0.84821,0.84821,0.00000,0.00000,0
401500,1.7000,0.8490,0.8510,0.84901,0.84901,0.00000,0.00000,0
402000,1.7000,0.8506,0.8494,0.85062,0.85062,0.00000,0.00000,0
402500,1.7000,0.8506,0.8494,0.85062,0.85062,0.00000,0.00000,0
403000,1.7000,0.8514,0.8486,0.85143,0.85143,0.00000,0.00000,0
403500,1.7000,0.8506,0.8494,0.85062,0.85062,0.00000,0.00000,0
404000,1.7000,0.8506,0.8494,0.85062,0.85062,0.00000,0.00000,0
404500,1.7000,0.8514,0.8486,0.85143,0.85143,0.00000,0.00000,0
405000,1.7000,0.8530,0.8470,0.85304,0.85304,0.00000,0.00000,0
405500,1.7000,0.8538,0.8462,0.85385,0.85385,0.00000,0.00000,0
406000,1.7000,0.8547,0.8453,0.85465,0.85465,0.00000,0.00000,0
406500,1.7000,0.8522,0.8478,0.85223,0.85223,0.00000,0.00000,0
407000,1.7000,0.8522,0.8478,0.85223,0.85223,0.00000,0.00000,0
407500,1.7000,0.8514,0.8486,0.85143,0.85143,0.00000,0.00000,0
408000,1.7000,0.8514,0.8486,0.85143,0.85143,0.00000,0.00000,0
408500,1.7000,0.8530,0.8470,0.85304,0.85304,0.00000,0.00000,0
409000,1.7000,0.8530,0.8470,0.85304,0.85304,0.00000,0.00000,0
409500,1.7000,0.8522,0.8478,0.85223,0.85223,0.00000,0.00000,0
410000,1.7000,0.8522,0.8478,0.85223,0.85223,0.00000,0.00000,0
410500,1.7000,0.8530,0.8470,0.85304,0.85304,0.00000,0.00000,0
411000,1.7000,0.8530,0.8470,0.85304,0.85304,0.00000,0.00000,0
411500,1.7000,0.8530,0.8470,0.85304,0.85304,0.00000,0.00000,0
412000,1.7000,0.8530,0.8470,0.85304,0.85304,0.00000,0.00000,0
412500,1.7000,0.8522,0.8478,0.85223,0.85223,0.00000,0.00000,0
413000,1.7000,0.8514,0.8486,0.85143,0.85143,0.00000,0.00000,0
413500,1.7000,0.8522,0.8478,0.85223,0.85223,0.00000,0.00000,0
414000,1.7000,0.8514,0.8486,0.85143,0.85143,0.00000,0.00000,0
414500,1.7000,0.8514,0.8486,0.85143,0.85143,0.00000,0.00000,0
415000,1.7000,0.8514,0.8486,0.85143,0.85143,0.00000,0.00000,0
415500,1.7000,0.8514,0.8486,0.85143,0.85143,0.00000,0.00000,0
416000,1.7000,0.8514,0.8486,0.85143,0.85143,0.00000,0.00000,0
416500,1.7000,0.8522,0.8478,0.85223,0.85223,0.00000,0.00000,0
417000,1.7000,0.8514,0.8486,0.85143,0.85143,0.00000,0.00000,0
417500,1.7000,0.8530,0.8470,0.85304,0.85304,0.00000,0.00000,0
418000,1.7000,0.8522,0.8478,0.85223,0.85223,0.00000,0.00000,0
418500,1.7000,0.8514,0.8486,0.85143,0.85143,0.00000,0.00000,0
419000,1.7000,0.8530,0.8470,0.85304,0.85304,0.00000,0.00000,0
419500,1.7000,0.8530,0.8470,0.85304,0.85304,0.00000,0.00000,0
420000,1.7000,0.8522,0.8478,0.85223,0.85223,0.00000,0.00000,0
420500,1.7000,0.8530,0.8470,0.85304,0.85304,0.00000,0.00000,0
421000,1.7000,0.8522,0.8478,0.85223,0.85223,0.00000,0.00000,0
421500,1.7000,0.8522,0.8478,0.85223,0.85223,0.00000,0.00000,0
422000,1.7000,0.8530,0.8470,0.85304,0.85304,0.00000,0.00000,0
422500,1.7000,0.8538,0.8462,0.85385,0.85385,0.00000,0.00000,0
423000,1.7000,0.8538,0.8462,0.85385,0.85385,0.00000,0.00000,0
423500,1.7000,0.8538,0.8462,0.85385,0.85385,0.00000,0.00000,0
424000,1.7000,0.8530,0.8470,0.85304,0.85304,0.00000,0.00000,0
424500,1.7000,0.8530,0.8470,0.85304,0.85304,0.00000,0.00000,0
425000,1.7000,0.8547,0.8453,0.85465,0.85465,0.00000,0.00000,0
425500,1.7000,0.8555,0.8445,0.85546,0.85546,0.00000,0.00000,0
426000,1.7000,0.8547,0.8453,0.85465,0.85465,0.00000,0.00000,0
426500,1.7000,0.8530,0.8470,0.85304,0.85304,0.00000,0.00000,0
427000,1.7000,0.8522,0.8478,0.85223,0.85223,0.00000,0.00000,0
427500,1.7000,0.8506,0.8494,0.85062,0.85062,0.00000,0.00000,0
428000,1.7000,0.8514,0.8486,0.85143,0.85143,0.00000,0.00000,0
428500,1.7000,0.8514,0.8486,0.85143,0.85143,0.00000,0.00000,0
429000,1.7000,0.8514,0.8486,0.85143,0.85143,0.00000,0.00000,0
429500,1.7000,0.8506,0.8494,0.85062,0.85062,0.00000,0.00000,0
430000,1.7000,0.8498,0.8502,0.84982,0.84982,0.00000,0.00000,0
430500,1.7000,0.8482,0.8518,0.84821,0.84821,0.00000,0.00000,0
431000,1.7000,0.8490,0.8510,0.84901,0.84901,0.00000,0.00000,0
431500,1.7000,0.8514,0.8486,0.85143,0.85143,0.00000,0.00000,0
432000,1.7000,0.8506,0.8494,0.85062,0.85062,0.00000,0.00000,0
432500,1.7000,0.8514,0.8486,0.85143,0.85143,0.00000,0.00000,0
433000,1.7000,0.8522,0.8478,0.85223,0.85223,0.00000,0.00000,0
433500,1.7000,0.8522,0.8478,0.85223,0.85223,0.00000,0.00000,0
434000,1.7000,0.8522,0.8478,0.85223,0.85223,0.00000,0.00000,0
434500,1.7000,0.8530,0.8470,0.85304,0.85304,0.00000,0.00000,0
435000,1.7000,0.8522,0.8478,0.85223,0.85223,0.00000,0.00000,0
435500,1.7000,0.8579,0.8421,0.85788,0.85788,0.00000,0.00000,0
436000,1.7000,0.8587,0.8413,0.85868,0.85868,0.00000,0.00000,0
436500,1.7000,0.8579,0.8421,0.85788,0.85788,0.00000,0.00000,0
437000,1.7000,0.8595,0.8405,0.85949,0.85949,0.00000,0.00000,0
437500,1.7000,0.8587,0.8413,0.85868,0.85868,0.00000,0.00000,0
438000,1.7000,0.8579,0.8421,0.85788,0.85788,0.00000,0.00000,0
438500,1.7000,0.8595,0.8405,0.85949,0.85949,0.00000,0.00000,0
439000,1.7000,0.8587,0.8413,0.85868,0.85868,0.00000,0.00000,0
439500,1.7000,0.8579,0.8421,0.85788,0.85788,0.00000,0.00000,0
440000,1.7000,0.8587,0.8413,0.85868,0.85868,0.00000,0.00000,0
440500,1.7000,0.8538,0.8462,0.85385,0.85385,0.00000,0.00000,0
441000,1.7000,0.8530,0.8470,0.85304,0.85304,0.00000,0.00000,0
441500,1.7000,0.8530,0.8470,0.85304,0.85304,0.00000,0.00000,0
442000,1.7000,0.8530,0.8470,0.85304,0.85304,0.00000,0.00000,0
442500,1.7000,0.8530,0.8470,0.85304,0.85304,0.00000,0.00000,0
443000,1.7000,0.8530,0.8470,0.85304,0.85304,0.00000,0.00000,0
443500,1.7000,0.8522,0.8478,0.85223,0.85223,0.00000,0.00000,0
444000,1.7000,0.8522,0.8478,0.85223,0.85223,0.00000,0.00000,0
444500,1.7000,0.8506,0.8494,0.85062,0.85062,0.00000,0.00000,0
445000,1.7000,0.8522,0.8478,0.85223,0.85223,0.00000,0.00000,0
445500,1.7000,0.8514,0.8486,0.85143,0.85143,0.00000,0.00000,0
446000,1.7000,0.8514,0.8486,0.85143,0.85143,0.00000,0.00000,0
446500,1.7000,0.8522,0.8478,0.85223,0.85223,0.00000,0.00000,0
447000,1.7000,0.8530,0.8470,0.85304,0.85304,0.00000,0.00000,0
447500,1.7000,0.8522,0.8478,0.85223,0.85223,0.00000,0.00000,0
448000,1.7000,0.8530,0.8470,0.85304,0.85304,0.00000,0.00000,0
448500,1.7000,0.8538,0.8462,0.85385,0.85385,0.00000,0.00000,0
449000,1.7000,0.8538,0.8462,0.85385,0.85385,0.00000,0.00000,0
449500,1.7000,0.8563,0.8437,0.85626,0.85626,0.00000,0.00000,0
450000,1.7000,0.8555,0.8445,0.85546,0.85546,0.00000,0.00000,0
450500,1.7000,0.8563,0.8437,0.85626,0.85626,0.00000,0.00000,0
451000,1.7000,0.8555,0.8445,0.85546,0.85546,0.00000,0.00000,0
451500,1.7000,0.8538,0.8462,0.85385,0.85385,0.00000,0.00000,0
452000,1.7000,0.8522,0.8478,0.85223,0.85223,0.00000,0.00000,0
452500,1.7000,0.8514,0.8486,0.85143,0.85143,0.00000,0.00000,0
453000,1.7000,0.8482,0.8518,0.84821,0.84821,0.00000,0.00000,0
453500,1.7000,0.8482,0.8518,0.84821,0.84821,0.00000,0.00000,0
454000,1.7000,0.8490,0.8510,0.84901,0.84901,0.00000,0.00000,0
454500,1.7000,0.8482,0.8518,0.84821,0.84821,0.00000,0.00000,0
455000,1.7000,0.8482,0.8518,0.84821,0.84821,0.00000,0.00000,0
455500,1.7000,0.8466,0.8534,0.84659,0.84659,0.00000,0.00000,0
456000,1.7000,0.8474,0.8526,0.84740,0.84740,0.00000,0.00000,0
456500,1.7000,0.8474,0.8526,0.84740,0.84740,0.00000,0.00000,0
457000,1.7000,0.8490,0.8510,0.84901,0.84901,0.00000,0.00000,0
457500,1.7000,0.8498,0.8502,0.84982,0.84982,0.00000,0.00000,0
458000,1.7000,0.8530,0.8470,0.85304,0.85304,0.00000,0.00000,0
458500,1.7000,0.8530,0.8470,0.85304,0.85304,0.00000,0.00000,0
459000,1.7000,0.8530,0.8470,0.85304,0.85304,0.00000,0.00000,0
459500,1.7000,0.8538,0.8462,0.85385,0.85385,0.00000,0.00000,0
460000,1.7000,0.8530,0.8470,0.85304,0.85304,0.00000,0.00000,0
460500,1.7000,0.8538,0.8462,0.85385,0.85385,0.00000,0.00000,0
461000,1.7000,0.8538,0.8462,0.85385,0.85385,0.00000,0.00000,0
461500,1.7000,0.8563,0.8437,0.85626,0.85626,0.00000,0.00000,0
462000,1.7000,0.8555,0.8445,0.85546,0.85546,0.00000,0.00000,0
462500,1.7000,0.8555,0.8445,0.85546,0.85546,0.00000,0.00000,0
463000,1.7000,0.8555,0.8445,0.85546,0.85546,0.00000,0.00000,0
463500,1.7000,0.8547,0.8453,0.85465,0.85465,0.00000,0.00000,0
464000,1.7000,0.8555,0.8445,0.85546,0.85546,0.00000,0.00000,0
464500,1.7000,0.8547,0.8453,0.85465,0.85465,0.00000,0.00000,0
465000,1.7000,0.8547,0.8453,0.85465,0.85465,0.00000,0.00000,0
465500,1.7000,0.8547,0.8453,0.85465,0.85465,0.00000,0.00000,0
466000,1.7000,0.8555,0.8445,0.85546,0.85546,0.00000,0.00000,0
466500,1.7000,0.8571,0.8429,0.85707,0.85707,0.00000,0.00000,0
467000,1.7000,0.8571,0.8429,0.85707,0.85707,0.00000,0.00000,0
467500,1.7000,0.8571,0.8429,0.85707,0.85707,0.00000,0.00000,0
468000,1.7000,0.8547,0.8453,0.85465,0.85465,0.00000,0.00000,0
468500,1.7000,0.8563,0.8437,0.85626,0.85626,0.00000,0.00000,0
469000,1.7000,0.8555,0.8445,0.85546,0.85546,0.00000,0.00000,0
469500,1.7000,0.8555,0.8445,0.85546,0.85546,0.00000,0.00000,0
470000,1.7000,0.8538,0.8462,0.85385,0.85385,0.00000,0.00000,0
470500,1.7000,0.8547,0.8453,0.85465,0.85465,0.00000,0.00000,0
471000,1.7000,0.8538,0.8462,0.85385,0.85385,0.00000,0.00000,0
471500,1.7000,0.8514,0.8486,0.85143,0.85143,0.00000,0.00000,0
472000,1.7000,0.8522,0.8478,0.85223,0.85223,0.00000,0.00000,0
472500,1.7000,0.8498,0.8502,0.84982,0.84982,0.00000,0.00000,0
473000,1.7000,0.8530,0.8470,0.85304,0.85304,0.00000,0.00000,0
473500,1.7000,0.8522,0.8478,0.85223,0.85223,0.00000,0.00000,0
474000,1.7000,0.8530,0.8470,0.85304,0.85304,0.00000,0.00000,0
474500,1.7000,0.8530,0.8470,0.85304,0.85304,0.00000,0.00000,0
475000,1.7000,0.8547,0.8453,0.85465,0.85465,0.00000,0.00000,0
475500,1.7000,0.8530,0.8470,0.85304,0.85304,0.00000,0.00000,0
476000,1.7000,0.8530,0.8470,0.85304,0.85304,0.00000,0.00000,0
476500,1.7000,0.8538,0.8462,0.85385,0.85385,0.00000,0.00000,0
477000,1.7000,0.8530,0.8470,0.85304,0.85304,0.00000,0.00000,0
477500,1.7000,0.8555,0.8445,0.85546,0.85546,0.00000,0.00000,0
478000,1.7000,0.8538,0.8462,0.85385,0.85385,0.00000,0.00000,0
478500,1.7000,0.8538,0.8462,0.85385,0.85385,0.00000,0.00000,0
479000,1.7000,0.8538,0.8462,0.85385,0.85385,0.00000,0.00000,0
479500,1.7000,0.8530,0.8470,0.85304,0.85304,0.00000,0.00000,0
480000,1.7000,0.8530,0.8470,0.85304,0.85304,0.00000,0.00000,0
480500,1.7000,0.8547,0.8453,0.85465,0.85465,0.00000,0.00000,0
481000,1.7000,0.8538,0.8462,0.85385,0.85385,0.00000,0.00000,0
481500,1.7000,0.8530,0.8470,0.85304,0.85304,0.00000,0.00000,0
482000,1.7000,0.8530,0.8470,0.85304,0.85304,0.00000,0.00000,0
482500,1.7000,0.8522,0.8478,0.85223,0.85223,0.00000,0.00000,0
483000,1.7000,0.8522,0.8478,0.85223,0.85223,0.00000,0.00000,0
483500,1.7000,0.8522,0.8478,0.85223,0.85223,0.00000,0.00000,0
484000,1.7000,0.8514,0.8486,0.85143,0.85143,0.00000,0.00000,0
484500,1.7000,0.8506,0.8494,0.85062,0.85062,0.00000,0.00000,0
485000,1.7000,0.8514,0.8486,0.85143,0.85143,0.00000,0.00000,0
485500,1.7000,0.8506,0.8494,0.85062,0.85062,0.00000,0.00000,0
486000,1.7000,0.8530,0.8470,0.85304,0.85304,0.00000,0.00000,0
486500,1.7000,0.8538,0.8462,0.85385,0.85385,0.00000,0.00000,0
487000,1.7000,0.8530,0.8470,0.85304,0.85304,0.00000,0.00000,0
487500,1.7000,0.8530,0.8470,0.85304,0.85304,0.00000,0.00000,0
488000,1.7000,0.8547,0.8453,0.85465,0.85465,0.00000,0.00000,0
488500,1.7000,0.8547,0.8453,0.85465,0.85465,0.00000,0.00000,0
489000,1.7000,0.8547,0.8453,0.85465,0.85465,0.00000,0.00000,0
489500,1.7000,0.8547,0.8453,0.85465,0.85465,0.00000,0.00000,0
490000,1.7000,0.8538,0.8462,0.85385,0.85385,0.00000,0.00000,0
490500,1.7000,0.8522,0.8478,0.85223,0.85223,0.00000,0.00000,0
491000,1.7000,0.8514,0.8486,0.85143,0.85143,0.00000,0.00000,0
491500,1.7000,0.8506,0.8494,0.85062,0.85062,0.00000,0.00000,0
492000,1.7000,0.8506,0.8494,0.85062,0.85062,0.00000,0.00000,0
492500,1.7000,0.8498,0.8502,0.84982,0.84982,0.00000,0.00000,0
493000,1.7000,0.8498,0.8502,0.84982,0.84982,0.00000,0.00000,0
493500,1.7000,0.8498,0.8502,0.84982,0.84982,0.00000,0.00000,0
494000,1.7000,0.8498,0.8502,0.84982,0.84982,0.00000,0.00000,0
494500,1.7000,0.8498,0.8502,0.84982,0.84982,0.00000,0.00000,0
495000,1.7000,0.8498,0.8502,0.84982,0.84982,0.00000,0.00000,0
495500,1.7000,0.8498,0.8502,0.84982,0.84982,0.00000,0.00000,0
496000,1.7000,0.8530,0.8470,0.85304,0.85304,0.00000,0.00000,0
496500,1.7000,0.8530,0.8470,0.85304,0.85304,0.00000,0.00000,0
497000,1.7000,0.8522,0.8478,0.85223,0.85223,0.00000,0.00000,0
497500,1.7000,0.8530,0.8470,0.85304,0.85304,0.00000,0.00000,0
498000,1.7000,0.8530,0.8470,0.85304,0.85304,0.00000,0.00000,0
498500,1.7000,0.8522,0.8478,0.85223,0.85223,0.00000,0.00000,0
499000,1.7000,0.8538,0.8462,0.85385,0.85385,0.00000,0.00000,0
499500,1.7000,0.8547,0.8453,0.85465,0.85465,0.00000,0.00000,0
500000,1.7000,0.8555,0.8445,0.85546,0.85546,0.00000,0.00000,0
500500,1.7000,0.8555,0.8445,0.85546,0.85546,0.00000,0.00000,0
501000,1.7000,0.8547,0.8453,0.85465,0.85465,0.00000,0.00000,0
501500,1.7000,0.8587,0.8413,0.85868,0.85868,0.00000,0.00000,0
502000,1.7000,0.8595,0.8405,0.85949,0.85949,0.00000,0.00000,0
502500,1.7000,0.8611,0.8389,0.86110,0.86110,0.00000,0.00000,0
503000,1.7000,0.8595,0.8405,0.85949,0.85949,0.00000,0.00000,0
503500,1.7000,0.8595,0.8405,0.85949,0.85949,0.00000,0.00000,0
504000,1.7000,0.8595,0.8405,0.85949,0.85949,0.00000,0.00000,0
504500,1.7000,0.8595,0.8405,0.85949,0.85949,0.00000,0.00000,0
505000,1.7000,0.8603,0.8397,0.86029,0.86029,0.00000,0.00000,0
505500,1.7000,0.8595,0.8405,0.85949,0.85949,0.00000,0.00000,0
506000,1.7000,0.8547,0.8453,0.85465,0.85465,0.00000,0.00000,0
506500,1.7000,0.8506,0.8494,0.85062,0.85062,0.00000,0.00000,0
507000,1.7000,0.8514,0.8486,0.85143,0.85143,0.00000,0.00000,0
507500,1.7000,0.8498,0.8502,0.84982,0.84982,0.00000,0.00000,0
508000,1.7000,0.8530,0.8470,0.85304,0.85304,0.00000,0.00000,0
508500,1.7000,0.8530,0.8470,0.85304,0.85304,0.00000,0.00000,0
509000,1.7000,0.8538,0.8462,0.85385,0.85385,0.00000,0.00000,0
509500,1.7000,0.8538,0.8462,0.85385,0.85385,0.00000,0.00000,0
510000,1.7000,0.8522,0.8478,0.85223,0.85223,0.00000,0.00000,0
510500,1.7000,0.8538,0.8462,0.85385,0.85385,0.00000,0.00000,0
511000,1.7000,0.8571,0.8429,0.85707,0.85707,0.00000,0.00000,0
511500,1.7000,0.8571,0.8429,0.85707,0.85707,0.00000,0.00000,0
512000,1.7000,0.8571,0.8429,0.85707,0.85707,0.00000,0.00000,0
512500,1.7000,0.8579,0.8421,0.85788,0.85788,0.00000,0.00000,0
513000,1.7000,0.8547,0.8453,0.85465,0.85465,0.00000,0.00000,0
513500,1.7000,0.8538,0.8462,0.85385,0.85385,0.00000,0.00000,0
514000,1.7000,0.8538,0.8462,0.85385,0.85385,0.00000,0.00000,0
514500,1.7000,0.8547,0.8453,0.85465,0.85465,0.00000,0.00000,0
515000,1.7000,0.8563,0.8437,0.85626,0.85626,0.00000,0.00000,0
515500,1.7000,0.8555,0.8445,0.85546,0.85546,0.00000,0.00000,0
516000,1.7000,0.8555,0.8445,0.85546,0.85546,0.00000,0.00000,0
516500,1.7000,0.8555,0.8445,0.85546,0.85546,0.00000,0.00000,0
517000,1.7000,0.8547,0.8453,0.85465,0.85465,0.00000,0.00000,0
517500,1.7000,0.8530,0.8470,0.85304,0.85304,0.00000,0.00000,0
518000,1.7000,0.8555,0.8445,0.85546,0.85546,0.00000,0.00000,0
518500,1.7000,0.8563,0.8437,0.85626,0.85626,0.00000,0.00000,0
519000,1.7000,0.8595,0.8405,0.85949,0.85949,0.00000,0.00000,0
519500,1.7000,0.8587,0.8413,0.85868,0.85868,0.00000,0.00000,0
520000,1.7000,0.8571,0.8429,0.85707,0.85707,0.00000,0.00000,0
520500,1.7000,0.8571,0.8429,0.85707,0.85707,0.00000,0.00000,0
521000,1.7000,0.8547,0.8453,0.85465,0.85465,0.00000,0.00000,0
521500,1.7000,0.8547,0.8453,0.85465,0.85465,0.00000,0.00000,0
522000,1.7000,0.8547,0.8453,0.85465,0.85465,0.00000,0.00000,0
522500,1.7000,0.8555,0.8445,0.85546,0.85546,0.00000,0.00000,0
523000,1.7000,0.8555,0.8445,0.85546,0.85546,0.00000,0.00000,0
523500,1.7000,0.8547,0.8453,0.85465,0.85465,0.00000,0.00000,0
524000,1.7000,0.8530,0.8470,0.85304,0.85304,0.00000,0.00000,0
524500,1.7000,0.8547,0.8453,0.85465,0.85465,0.00000,0.00000,0
525000,1.7000,0.8547,0.8453,0.85465,0.85465,0.00000,0.00000,0
525500,1.7000,0.8547,0.8453,0.85465,0.85465,0.00000,0.00000,0
526000,1.7000,0.8563,0.8437,0.85626,0.85626,0.00000,0.00000,0
526500,1.7000,0.8595,0.8405,0.85949,0.85949,0.00000,0.00000,0
527000,1.7000,0.8587,0.8413,0.85868,0.85868,0.00000,0.00000,0
527500,1.7000,0.8587,0.8413,0.85868,0.85868,0.00000,0.00000,0
528000,1.7000,0.8587,0.8413,0.85868,0.85868,0.00000,0.00000,0
528500,1.7000,0.8579,0.8421,0.85788,0.85788,0.00000,0.00000,0
529000,1.7000,0.8563,0.8437,0.85626,0.85626,0.00000,0.00000,0
529500,1.7000,0.8555,0.8445,0.85546,0.85546,0.00000,0.00000,0
530000,1.7000,0.8555,0.8445,0.85546,0.85546,0.00000,0.00000,0
530500,1.7000,0.8547,0.8453,0.85465,0.85465,0.00000,0.00000,0
531000,1.7000,0.8563,0.8437,0.85626,0.85626,0.00000,0.00000,0
531500,1.7000,0.8538,0.8462,0.85385,0.85385,0.00000,0.00000,0
532000,1.7000,0.8547,0.8453,0.85465,0.85465,0.00000,0.00000,0
532500,1.7000,0.8547,0.8453,0.85465,0.85465,0.00000,0.00000,0
533000,1.7000,0.8547,0.8453,0.85465,0.85465,0.00000,0.00000,0
533500,1.7000,0.8563,0.8437,0.85626,0.85626,0.00000,0.00000,0
534000,1.7000,0.8555,0.8445,0.85546,0.85546,0.00000,0.00000,0
534500,1.7000,0.8555,0.8445,0.85546,0.85546,0.00000,0.00000,0
535000,1.7000,0.8579,0.8421,0.85788,0.85788,0.00000,0.00000,0
535500,1.7000,0.8579,0.8421,0.85788,0.85788,0.00000,0.00000,0
536000,1.7000,0.8579,0.8421,0.85788,0.85788,0.00000,0.00000,0
536500,1.7000,0.8571,0.8429,0.85707,0.85707,0.00000,0.00000,0
537000,1.7000,0.8579,0.8421,0.85788,0.85788,0.00000,0.00000,0
537500,1.7000,0.8579,0.8421,0.85788,0.85788,0.00000,0.00000,0
538000,1.7000,0.8579,0.8421,0.85788,0.85788,0.00000,0.00000,0
538500,1.7000,0.8571,0.8429,0.85707,0.85707,0.00000,0.00000,0
539000,1.7000,0.8563,0.8437,0.85626,0.85626,0.00000,0.00000,0
539500,1.7000,0.8555,0.8445,0.85546,0.85546,0.00000,0.00000,0
540000,1.7000,0.8530,0.8470,0.85304,0.85304,0.00000,0.00000,0
540500,1.7000,0.8522,0.8478,0.85223,0.85223,0.00000,0.00000,0
541000,1.7000,0.8514,0.8486,0.85143,0.85143,0.00000,0.00000,0
541500,1.7000,0.8514,0.8486,0.85143,0.85143,0.00000,0.00000,0
542000,1.7000,0.8498,0.8502,0.84982,0.84982,0.00000,0.00000,0
542500,1.7000,0.8514,0.8486,0.85143,0.85143,0.00000,0.00000,0
543000,1.7000,0.8506,0.8494,0.85062,0.85062,0.00000,0.00000,0
543500,1.7000,0.8522,0.8478,0.85223,0.85223,0.00000,0.00000,0
544000,1.7000,0.8514,0.8486,0.85143,0.85143,0.00000,0.00000,0
544500,1.7000,0.8530,0.8470,0.85304,0.85304,0.00000,0.00000,0
545000,1.7000,0.8530,0.8470,0.85304,0.85304,0.00000,0.00000,0
545500,1.7000,0.8538,0.8462,0.85385,0.85385,0.00000,0.00000,0
546000,1.7000,0.8538,0.8462,0.85385,0.85385,0.00000,0.00000,0
546500,1.7000,0.8538,0.8462,0.85385,0.85385,0.00000,0.00000,0
547000,1.7000,0.8538,0.8462,0.85385,0.85385,0.00000,0.00000,0
547500,1.7000,0.8530,0.8470,0.85304,0.85304,0.00000,0.00000,0
548000,1.7000,0.8538,0.8462,0.85385,0.85385,0.00000,0.00000,0
548500,1.7000,0.8522,0.8478,0.85223,0.85223,0.00000,0.00000,0
549000,1.7000,0.8538,0.8462,0.85385,0.85385,0.00000,0.00000,0
549500,1.7000,0.8530,0.8470,0.85304,0.85304,0.00000,0.00000,0
550000,1.7000,0.8538,0.8462,0.85385,0.85385,0.00000,0.00000,0
550500,1.7000,0.8530,0.8470,0.85304,0.85304,0.00000,0.00000,0
551000,1.7000,0.8514,0.8486,0.85143,0.85143,0.00000,0.00000,0
551500,1.7000,0.8522,0.8478,0.85223,0.85223,0.00000,0.00000,0
552000,1.7000,0.8514,0.8486,0.85143,0.85143,0.00000,0.00000,0
552500,1.7000,0.8514,0.8486,0.85143,0.85143,0.00000,0.00000,0
553000,1.7000,0.8522,0.8478,0.85223,0.85223,0.00000,0.00000,0
553500,1.7000,0.8530,0.8470,0.85304,0.85304,0.00000,0.00000,0
554000,1.7000,0.8514,0.8486,0.85143,0.85143,0.00000,0.00000,0
554500,1.7000,0.8506,0.8494,0.85062,0.85062,0.00000,0.00000,0
555000,1.7000,0.8514,0.8486,0.85143,0.85143,0.00000,0.00000,0
555500,1.7000,0.8498,0.8502,0.84982,0.84982,0.00000,0.00000,0
556000,1.7000,0.8498,0.8502,0.84982,0.84982,0.00000,0.00000,0
556500,1.7000,0.8522,0.8478,0.85223,0.85223,0.00000,0.00000,0
557000,1.7000,0.8522,0.8478,0.85223,0.85223,0.00000,0.00000,0
557500,1.7000,0.8522,0.8478,0.85223,0.85223,0.00000,0.00000,0
558000,1.7000,0.8514,0.8486,0.85143,0.85143,0.00000,0.00000,0
558500,1.7000,0.8490,0.8510,0.84901,0.84901,0.00000,0.00000,0
559000,1.7000,0.8498,0.8502,0.84982,0.84982,0.00000,0.00000,0
559500,1.7000,0.8506,0.8494,0.85062,0.85062,0.00000,0.00000,0
560000,1.7000,0.8498,0.8502,0.84982,0.84982,0.00000,0.00000,0
560500,1.7000,0.8514,0.8486,0.85143,0.85143,0.00000,0.00000,0
561000,1.7000,0.8522,0.8478,0.85223,0.85223,0.00000,0.00000,0
561500,1.7000,0.8506,0.8494,0.85062,0.85062,0.00000,0.00000,0
562000,1.7000,0.8506,0.8494,0.85062,0.85062,0.00000,0.00000,0
562500,1.7000,0.8506,0.8494,0.85062,0.85062,0.00000,0.00000,0
563000,1.7000,0.8522,0.8478,0.85223,0.85223,0.00000,0.00000,0
563500,1.7000,0.8538,0.8462,0.85385,0.85385,0.00000,0.00000,0
564000,1.7000,0.8547,0.8453,0.85465,0.85465,0.00000,0.00000,0
564500,1.7000,0.8547,0.8453,0.85465,0.85465,0.00000,0.00000,0
565000,1.7000,0.8555,0.8445,0.85546,0.85546,0.00000,0.00000,0
565500,1.7000,0.8563,0.8437,0.85626,0.85626,0.00000,0.00000,0
566000,1.7000,0.8563,0.8437,0.85626,0.85626,0.00000,0.00000,0
566500,1.7000,0.8547,0.8453,0.85465,0.85465,0.00000,0.00000,0
567000,1.7000,0.8555,0.8445,0.85546,0.85546,0.00000,0.00000,0
567500,1.7000,0.8547,0.8453,0.85465,0.85465,0.00000,0.00000,0
568000,1.7000,0.8538,0.8462,0.85385,0.85385,0.00000,0.00000,0
568500,1.7000,0.8547,0.8453,0.85465,0.85465,0.00000,0.00000,0
569000,1.7000,0.8538,0.8462,0.85385,0.85385,0.00000,0.00000,0
569500,1.7000,0.8547,0.8453,0.85465,0.85465,0.00000,0.00000,0
570000,1.7000,0.8538,0.8462,0.85385,0.85385,0.00000,0.00000,0
570500,1.7000,0.8547,0.8453,0.85465,0.85465,0.00000,0.00000,0
571000,1.7000,0.8530,0.8470,0.85304,0.85304,0.00000,0.00000,0
571500,1.7000,0.8538,0.8462,0.85385,0.85385,0.00000,0.00000,0
572000,1.7000,0.8530,0.8470,0.85304,0.85304,0.00000,0.00000,0
572500,1.7000,0.8530,0.8470,0.85304,0.85304,0.00000,0.00000,0
573000,1.7000,0.8522,0.8478,0.85223,0.85223,0.00000,0.00000,0
573500,1.7000,0.8522,0.8478,0.85223,0.85223,0.00000,0.00000,0
574000,1.7000,0.8514,0.8486,0.85143,0.85143,0.00000,0.00000,0
574500,1.7000,0.8506,0.8494,0.85062,0.85062,0.00000,0.00000,0
575000,1.7000,0.8514,0.8486,0.85143,0.85143,0.00000,0.00000,0
575500,1.7000,0.8506,0.8494,0.85062,0.85062,0.00000,0.00000,0
576000,1.7000,0.8522,0.8478,0.85223,0.85223,0.00000,0.00000,0
576500,1.7000,0.8530,0.8470,0.85304,0.85304,0.00000,0.00000,0
577000,1.7000,0.8538,0.8462,0.85385,0.85385,0.00000,0.00000,0
577500,1.7000,0.8547,0.8453,0.85465,0.85465,0.00000,0.00000,0
578000,1.7000,0.8547,0.8453,0.85465,0.85465,0.00000,0.00000,0
578500,1.7000,0.8555,0.8445,0.85546,0.85546,0.00000,0.00000,0
579000,1.7000,0.8563,0.8437,0.85626,0.85626,0.00000,0.00000,0
579500,1.7000,0.8571,0.8429,0.85707,0.85707,0.00000,0.00000,0
580000,1.7000,0.8571,0.8429,0.85707,0.85707,0.00000,0.00000,0
580500,1.7000,0.8571,0.8429,0.85707,0.85707,0.00000,0.00000,0
581000,1.7000,0.8571,0.8429,0.85707,0.85707,0.00000,0.00000,0
581500,1.7000,0.8563,0.8437,0.85626,0.85626,0.00000,0.00000,0
582000,1.7000,0.8555,0.8445,0.85546,0.85546,0.00000,0.00000,0
582500,1.7000,0.8547,0.8453,0.85465,0.85465,0.00000,0.00000,0
583000,1.7000,0.8530,0.8470,0.85304,0.85304,0.00000,0.00000,0
583500,1.7000,0.8538,0.8462,0.85385,0.85385,0.00000,0.00000,0
584000,1.7000,0.8522,0.8478,0.85223,0.85223,0.00000,0.00000,0
584500,1.7000,0.8514,0.8486,0.85143,0.85143,0.00000,0.00000,0
585000,1.7000,0.8514,0.8486,0.85143,0.85143,0.00000,0.00000,0
585500,1.7000,0.8506,0.8494,0.85062,0.85062,0.00000,0.00000,0
586000,1.7000,0.8490,0.8510,0.84901,0.84901,0.00000,0.00000,0
586500,1.7000,0.8490,0.8510,0.84901,0.84901,0.00000,0.00000,0
587000,1.7000,0.8498,0.8502,0.84982,0.84982,0.00000,0.00000,0
587500,1.7000,0.8498,0.8502,0.84982,0.84982,0.00000,0.00000,0
588000,1.7000,0.8514,0.8486,0.85143,0.85143,0.00000,0.00000,0
588500,1.7000,0.8506,0.8494,0.85062,0.85062,0.00000,0.00000,0
589000,1.7000,0.8506,0.8494,0.85062,0.85062,0.00000,0.00000,0
589500,1.7000,0.8506,0.8494,0.85062,0.85062,0.00000,0.00000,0
590000,1.7000,0.8514,0.8486,0.85143,0.85143,0.00000,0.00000,0
590500,1.7000,0.8498,0.8502,0.84982,0.84982,0.00000,0.00000,0
591000,1.7000,0.8514,0.8486,0.85143,0.85143,0.00000,0.00000,0
591500,1.7000,0.8514,0.8486,0.85143,0.85143,0.00000,0.00000,0
592000,1.7000,0.8498,0.8502,0.84982,0.84982,0.00000,0.00000,0
592500,1.7000,0.8498,0.8502,0.84982,0.84982,0.00000,0.00000,0
593000,1.7000,0.8506,0.8494,0.85062,0.85062,0.00000,0.00000,0
593500,1.7000,0.8514,0.8486,0.85143,0.85143,0.00000,0.00000,0
594000,1.7000,0.8547,0.8453,0.85465,0.85465,0.00000,0.00000,0
594500,1.7000,0.8555,0.8445,0.85546,0.85546,0.00000,0.00000,0
595000,1.7000,0.8547,0.8453,0.85465,0.85465,0.00000,0.00000,0
595500,1.7000,0.8555,0.8445,0.85546,0.85546,0.00000,0.00000,0
596000,1.7000,0.8563,0.8437,0.85626,0.85626,0.00000,0.00000,0
596500,1.7000,0.8571,0.8429,0.85707,0.85707,0.00000,0.00000,0
597000,1.7000,0.8571,0.8429,0.85707,0.85707,0.00000,0.00000,0
597500,1.7000,0.8571,0.8429,0.85707,0.85707,0.00000,0.00000,0
598000,1.7000,0.8555,0.8445,0.85546,0.85546,0.00000,0.00000,0
598500,1.7000,0.8563,0.8437,0.85626,0.85626,0.00000,0.00000,0
599000,1.7000,0.8530,0.8470,0.85304,0.85304,0.00000,0.00000,0
599500,1.7000,0.8530,0.8470,0.85304,0.85304,0.00000,0.00000,0
600000,1.7000,0.8506,0.8494,0.85062,0.85062,0.00000,0.00000,0
600500,1.7000,0.8506,0.8494,0.85062,0.85062,0.00000,0.00000,0
601000,1.7000,0.8498,0.8502,0.84982,0.84982,0.00000,0.00000,0
601500,1.7000,0.8514,0.8486,0.85143,0.85143,0.00000,0.00000,0
602000,1.7000,0.8514,0.8486,0.85143,0.85143,0.00000,0.00000,0
602500,1.7000,0.8522,0.8478,0.85223,0.85223,0.00000,0.00000,0
603000,1.7000,0.8506,0.8494,0.85062,0.85062,0.00000,0.00000,0
603500,1.7000,0.8506,0.8494,0.85062,0.85062,0.00000,0.00000,0
604000,1.7000,0.8506,0.8494,0.85062,0.85062,0.00000,0.00000,0
604500,1.7000,0.8506,0.8494,0.85062,0.85062,0.00000,0.00000,0
605000,1.7000,0.8538,0.8462,0.85385,0.85385,0.00000,0.00000,0
605500,1.7000,0.8538,0.8462,0.85385,0.85385,0.00000,0.00000,0
606000,1.7000,0.8538,0.8462,0.85385,0.85385,0.00000,0.00000,0
606500,1.7000,0.8514,0.8486,0.85143,0.85143,0.00000,0.00000,0
607000,1.7000,0.8522,0.8478,0.85223,0.85223,0.00000,0.00000,0
607500,1.7000,0.8506,0.8494,0.85062,0.85062,0.00000,0.00000,0
608000,1.7000,0.8530,0.8470,0.85304,0.85304,0.00000,0.00000,0
608500,1.7000,0.8538,0.8462,0.85385,0.85385,0.00000,0.00000,0
609000,1.7000,0.8538,0.8462,0.85385,0.85385,0.00000,0.00000,0
609500,1.7000,0.8538,0.8462,0.85385,0.85385,0.00000,0.00000,0
610000,1.7000,0.8530,0.8470,0.85304,0.85304,0.00000,0.00000,0
610500,1.7000,0.8530,0.8470,0.85304,0.85304,0.00000,0.00000,0
611000,1.7000,0.8530,0.8470,0.85304,0.85304,0.00000,0.00000,0
611500,1.7000,0.8547,0.8453,0.85465,0.85465,0.00000,0.00000,0
612000,1.7000,0.8547,0.8453,0.85465,0.85465,0.00000,0.00000,0
612500,1.7000,0.8555,0.8445,0.85546,0.85546,0.00000,0.00000,0
613000,1.7000,0.8538,0.8462,0.85385,0.85385,0.00000,0.00000,0
613500,1.7000,0.8530,0.8470,0.85304,0.85304,0.00000,0.00000,0
614000,1.7000,0.8530,0.8470,0.85304,0.85304,0.00000,0.00000,0
614500,1.7000,0.8522,0.8478,0.85223,0.85223,0.00000,0.00000,0
615000,1.7000,0.8522,0.8478,0.85223,0.85223,0.00000,0.00000,0
615500,1.7000,0.8514,0.8486,0.85143,0.85143,0.00000,0.00000,0
616000,1.7000,0.8506,0.8494,0.85062,0.85062,0.00000,0.00000,0
616500,1.7000,0.8490,0.8510,0.84901,0.84901,0.00000,0.00000,0
617000,1.7000,0.8490,0.8510,0.84901,0.84901,0.00000,0.00000,0
617500,1.7000,0.8490,0.8510,0.84901,0.84901,0.00000,0.00000,0
618000,1.7000,0.8482,0.8518,0.84821,0.84821,0.00000,0.00000,0
618500,1.7000,0.8482,0.8518,0.84821,0.84821,0.00000,0.00000,0
619000,1.7000,0.8482,0.8518,0.84821,0.84821,0.00000,0.00000,0
619500,1.7000,0.8482,0.8518,0.84821,0.84821,0.00000,0.00000,0
620000,1.7000,0.8482,0.8518,0.84821,0.84821,0.00000,0.00000,0
620500,1.7000,0.8498,0.8502,0.84982,0.84982,0.00000,0.00000,0
621000,1.7000,0.8498,0.8502,0.84982,0.84982,0.00000,0.00000,0
621500,1.7000,0.8490,0.8510,0.84901,0.84901,0.00000,0.00000,0
622000,1.7000,0.8498,0.8502,0.84982,0.84982,0.00000,0.00000,0
622500,1.7000,0.8498,0.8502,0.84982,0.84982,0.00000,0.00000,0
623000,1.7000,0.8522,0.8478,0.85223,0.85223,0.00000,0.00000,0
623500,1.7000,0.8522,0.8478,0.85223,0.85223,0.00000,0.00000,0
624000,1.7000,0.8530,0.8470,0.85304,0.85304,0.00000,0.00000,0
624500,1.7000,0.8538,0.8462,0.85385,0.85385,0.00000,0.00000,0
625000,1.7000,0.8530,0.8470,0.85304,0.85304,0.00000,0.00000,0
625500,1.7000,0.8530,0.8470,0.85304,0.85304,0.00000,0.00000,0
626000,1.7000,0.8538,0.8462,0.85385,0.85385,0.00000,0.00000,0
626500,1.7000,0.8555,0.8445,0.85546,0.85546,0.00000,0.00000,0
627000,1.7000,0.8547,0.8453,0.85465,0.85465,0.00000,0.00000,0
627500,1.7000,0.8538,0.8462,0.85385,0.85385,0.00000,0.00000,0
628000,1.7000,0.8547,0.8453,0.85465,0.85465,0.00000,0.00000,0
628500,1.7000,0.8538,0.8462,0.85385,0.85385,0.00000,0.00000,0
629000,1.7000,0.8522,0.8478,0.85223,0.85223,0.00000,0.00000,0
629500,1.7000,0.8522,0.8478,0.85223,0.85223,0.00000,0.00000,0
630000,1.7000,0.8538,0.8462,0.85385,0.85385,0.00000,0.00000,0
630500,1.7000,0.8538,0.8462,0.85385,0.85385,0.00000,0.00000,0
631000,1.7000,0.8538,0.8462,0.85385,0.85385,0.00000,0.00000,0
631500,1.7000,0.8498,0.8502,0.84982,0.84982,0.00000,0.00000,0
632000,1.7000,0.8498,0.8502,0.84982,0.84982,0.00000,0.00000,0
632500,1.7000,0.8498,0.8502,0.84982,0.84982,0.00000,0.00000,0
633000,1.7000,0.8482,0.8518,0.84821,0.84821,0.00000,0.00000,0
633500,1.7000,0.8490,0.8510,0.84901,0.84901,0.00000,0.00000,0
634000,1.7000,0.8482,0.8518,0.84821,0.84821,0.00000,0.00000,0
634500,1.7000,0.8482,0.8518,0.84821,0.84821,0.00000,0.00000,0
635000,1.7000,0.8490,0.8510,0.84901,0.84901,0.00000,0.00000,0
635500,1.7000,0.8482,0.8518,0.84821,0.84821,0.00000,0.00000,0
636000,1.7000,0.8490,0.8510,0.84901,0.84901,0.00000,0.00000,0
636500,1.7000,0.8514,0.8486,0.85143,0.85143,0.00000,0.00000,0
637000,1.7000,0.8514,0.8486,0.85143,0.85143,0.00000,0.00000,0
637500,1.7000,0.8514,0.8486,0.85143,0.85143,0.00000,0.00000,0
638000,1.7000,0.8514,0.8486,0.85143,0.85143,0.00000,0.00000,0
638500,1.7000,0.8514,0.8486,0.85143,0.85143,0.00000,0.00000,0
639000,1.7000,0.8514,0.8486,0.85143,0.85143,0.00000,0.00000,0
639500,1.7000,0.8522,0.8478,0.85223,0.85223,0.00000,0.00000,0
640000,1.7000,0.8522,0.8478,0.85223,0.85223,0.00000,0.00000,0
640500,1.7000,0.8522,0.8478,0.85223,0.85223,0.00000,0.00000,0
641000,1.7000,0.8506,0.8494,0.85062,0.85062,0.00000,0.00000,0
641500,1.7000,0.8506,0.8494,0.85062,0.85062,0.00000,0.00000,0
642000,1.7000,0.8498,0.8502,0.84982,0.84982,0.00000,0.00000,0
642500,1.7000,0.8498,0.8502,0.84982,0.84982,0.00000,0.00000,0
643000,1.7000,0.8506,0.8494,0.85062,0.85062,0.00000,0.00000,0
643500,1.7000,0.8490,0.8510,0.84901,0.84901,0.00000,0.00000,0
644000,1.7000,0.8490,0.8510,0.84901,0.84901,0.00000,0.00000,0
644500,1.7000,0.8482,0.8518,0.84821,0.84821,0.00000,0.00000,0
645000,1.7000,0.8474,0.8526,0.84740,0.84740,0.00000,0.00000,0
645500,1.7000,0.8466,0.8534,0.84659,0.84659,0.00000,0.00000,0
646000,1.7000,0.8466,0.8534,0.84659,0.84659,0.00000,0.00000,0
646500,1.7000,0.8482,0.8518,0.84821,0.84821,0.00000,0.00000,0
647000,1.7000,0.8482,0.8518,0.84821,0.84821,0.00000,0.00000,0
647500,1.7000,0.8498,0.8502,0.84982,0.84982,0.00000,0.00000,0
648000,1.7000,0.8506,0.8494,0.85062,0.85062,0.00000,0.00000,0
648500,1.7000,0.8563,0.8437,0.85626,0.85626,0.00000,0.00000,0
649000,1.7000,0.8563,0.8437,0.85626,0.85626,0.00000,0.00000,0
649500,1.7000,0.8571,0.8429,0.85707,0.85707,0.00000,0.00000,0
650000,1.7000,0.8571,0.8429,0.85707,0.85707,0.00000,0.00000,0
650500,1.7000,0.8579,0.8421,0.85788,0.85788,0.00000,0.00000,0
651000,1.7000,0.8579,0.8421,0.85788,0.85788,0.00000,0.00000,0
651500,1.7000,0.8571,0.8429,0.85707,0.85707,0.00000,0.00000,0
652000,1.7000,0.8579,0.8421,0.85788,0.85788,0.00000,0.00000,0
652500,1.7000,0.8579,0.8421,0.85788,0.85788,0.00000,0.00000,0
653000,1.7000,0.8579,0.8421,0.85788,0.85788,0.00000,0.00000,0
653500,1.7000,0.8538,0.8462,0.85385,0.85385,0.00000,0.00000,0
654000,1.7000,0.8538,0.8462,0.85385,0.85385,0.00000,0.00000,0
654500,1.7000,0.8522,0.8478,0.85223,0.85223,0.00000,0.00000,0
655000,1.7000,0.8530,0.8470,0.85304,0.85304,0.00000,0.00000,0
655500,1.7000,0.8530,0.8470,0.85304,0.85304,0.00000,0.00000,0
656000,1.7000,0.8538,0.8462,0.85385,0.85385,0.00000,0.00000,0
656500,1.7000,0.8538,0.8462,0.85385,0.85385,0.00000,0.00000,0
657000,1.7000,0.8547,0.8453,0.85465,0.85465,0.00000,0.00000,0
657500,1.7000,0.8538,0.8462,0.85385,0.85385,0.00000,0.00000,0
658000,1.7000,0.8522,0.8478,0.85223,0.85223,0.00000,0.00000,0
658500,1.7000,0.8522,0.8478,0.85223,0.85223,0.00000,0.00000,0
659000,1.7000,0.8522,0.8478,0.85223,0.85223,0.00000,0.00000,0
659500,1.7000,0.8547,0.8453,0.85465,0.85465,0.00000,0.00000,0
660000,1.7000,0.8538,0.8462,0.85385,0.85385,0.00000,0.00000,0
660500,1.7000,0.8530,0.8470,0.85304,0.85304,0.00000,0.00000,0
661000,1.7000,0.8522,0.8478,0.85223,0.85223,0.00000,0.00000,0
661500,1.7000,0.8514,0.8486,0.85143,0.85143,0.00000,0.00000,0
662000,1.7000,0.8514,0.8486,0.85143,0.85143,0.00000,0.00000,0
662500,1.7000,0.8514,0.8486,0.85143,0.85143,0.00000,0.00000,0
663000,1.7000,0.8506,0.8494,0.85062,0.85062,0.00000,0.00000,0
663500,1.7000,0.8514,0.8486,0.85143,0.85143,0.00000,0.00000,0
664000,1.7000,0.8514,0.8486,0.85143,0.85143,0.00000,0.00000,0
664500,1.7000,0.8498,0.8502,0.84982,0.84982,0.00000,0.00000,0
665000,1.7000,0.8498,0.8502,0.84982,0.84982,0.00000,0.00000,0
665500,1.7000,0.8506,0.8494,0.85062,0.85062,0.00000,0.00000,0
666000,1.7000,0.8498,0.8502,0.84982,0.84982,0.00000,0.00000,0
666500,1.7000,0.8506,0.8494,0.85062,0.85062,0.00000,0.00000,0
667000,1.7000,0.8498,0.8502,0.84982,0.84982,0.00000,0.00000,0
667500,1.7000,0.8490,0.8510,0.84901,0.84901,0.00000,0.00000,0
668000,1.7000,0.8498,0.8502,0.84982,0.84982,0.00000,0.00000,0
668500,1.7000,0.8498,0.8502,0.84982,0.84982,0.00000,0.00000,0
669000,1.7000,0.8482,0.8518,0.84821,0.84821,0.00000,0.00000,0
669500,1.7000,0.8490,0.8510,0.84901,0.84901,0.00000,0.00000,0
670000,1.7000,0.8490,0.8510,0.84901,0.84901,0.00000,0.00000,0
670500,1.7000,0.8490,0.8510,0.84901,0.84901,0.00000,0.00000,0
671000,1.7000,0.8506,0.8494,0.85062,0.85062,0.00000,0.00000,0
671500,1.7000,0.8498,0.8502,0.84982,0.84982,0.00000,0.00000,0
672000,1.7000,0.8514,0.8486,0.85143,0.85143,0.00000,0.00000,0
672500,1.7000,0.8522,0.8478,0.85223,0.85223,0.00000,0.00000,0
673000,1.7000,0.8530,0.8470,0.85304,0.85304,0.00000,0.00000,0
673500,1.7000,0.8522,0.8478,0.85223,0.85223,0.00000,0.00000,0
674000,1.7000,0.8530,0.8470,0.85304,0.85304,0.00000,0.00000,0
674500,1.7000,0.8530,0.8470,0.85304,0.85304,0.00000,0.00000,0
675000,1.7000,0.8522,0.8478,0.85223,0.85223,0.00000,0.00000,0
675500,1.7000,0.8522,0.8478,0.85223,0.85223,0.00000,0.00000,0
676000,1.7000,0.8514,0.8486,0.85143,0.85143,0.00000,0.00000,0
676500,1.7000,0.8530,0.8470,0.85304,0.85304,0.00000,0.00000,0
677000,1.7000,0.8514,0.8486,0.85143,0.85143,0.00000,0.00000,0
677500,1.7000,0.8498,0.8502,0.84982,0.84982,0.00000,0.00000,0
678000,1.7000,0.8490,0.8510,0.84901,0.84901,0.00000,0.00000,0
678500,1.7000,0.8498,0.8502,0.84982,0.84982,0.00000,0.00000,0
679000,1.7000,0.8498,0.8502,0.84982,0.84982,0.00000,0.00000,0
679500,1.7000,0.8498,0.8502,0.84982,0.84982,0.00000,0.00000,0
680000,1.7000,0.8498,0.8502,0.84982,0.84982,0.00000,0.00000,0
680500,1.7000,0.8506,0.8494,0.85062,0.85062,0.00000,0.00000,0
681000,1.7000,0.8514,0.8486,0.85143,0.85143,0.00000,0.00000,0
681500,1.7000,0.8498,0.8502,0.84982,0.84982,0.00000,0.00000,0
682000,1.7000,0.8498,0.8502,0.84982,0.84982,0.00000,0.00000,0
682500,1.7000,0.8522,0.8478,0.85223,0.85223,0.00000,0.00000,0
683000,1.7000,0.8506,0.8494,0.85062,0.85062,0.00000,0.00000,0
683500,1.7000,0.8514,0.8486,0.85143,0.85143,0.00000,0.00000,0
684000,1.7000,0.8514,0.8486,0.85143,0.85143,0.00000,0.00000,0
684500,1.7000,0.8514,0.8486,0.85143,0.85143,0.00000,0.00000,0
685000,1.7000,0.8506,0.8494,0.85062,0.85062,0.00000,0.00000,0
685500,1.7000,0.8498,0.8502,0.84982,0.84982,0.00000,0.00000,0
686000,1.7000,0.8498,0.8502,0.84982,0.84982,0.00000,0.00000,0
686500,1.7000,0.8490,0.8510,0.84901,0.84901,0.00000,0.00000,0
687000,1.7000,0.8498,0.8502,0.84982,0.84982,0.00000,0.00000,0
687500,1.7000,0.8490,0.8510,0.84901,0.84901,0.00000,0.00000,0
688000,1.7000,0.8498,0.8502,0.84982,0.84982,0.00000,0.00000,0
688500,1.7000,0.8490,0.8510,0.84901,0.84901,0.00000,0.00000,0
689000,1.7000,0.8490,0.8510,0.84901,0.84901,0.00000,0.00000,0
689500,1.7000,0.8466,0.8534,0.84659,0.84659,0.00000,0.00000,0
690000,1.7000,0.8474,0.8526,0.84740,0.84740,0.00000,0.00000,0
690500,1.7000,0.8474,0.8526,0.84740,0.84740,0.00000,0.00000,0
691000,1.7000,0.8474,0.8526,0.84740,0.84740,0.00000,0.00000,0
691500,1.7000,0.8490,0.8510,0.84901,0.84901,0.00000,0.00000,0
692000,1.7000,0.8498,0.8502,0.84982,0.84982,0.00000,0.00000,0
692500,1.7000,0.8490,0.8510,0.84901,0.84901,0.00000,0.00000,0
693000,1.7000,0.8490,0.8510,0.84901,0.84901,0.00000,0.00000,0
693500,1.7000,0.8490,0.8510,0.84901,0.84901,0.00000,0.00000,0
694000,1.7000,0.8498,0.8502,0.84982,0.84982,0.00000,0.00000,0
694500,1.7000,0.8514,0.8486,0.85143,0.85143,0.00000,0.00000,0
695000,1.7000,0.8514,0.8486,0.85143,0.85143,0.00000,0.00000,0
695500,1.7000,0.8522,0.8478,0.85223,0.85223,0.00000,0.00000,0
696000,1.7000,0.8530,0.8470,0.85304,0.85304,0.00000,0.00000,0
696500,1.7000,0.8522,0.8478,0.85223,0.85223,0.00000,0.00000,0
697000,1.7000,0.8530,0.8470,0.85304,0.85304,0.00000,0.00000,0
697500,1.7000,0.8530,0.8470,0.85304,0.85304,0.00000,0.00000,0
698000,1.7000,0.8538,0.8462,0.85385,0.85385,0.00000,0.00000,0
698500,1.7000,0.8547,0.8453,0.85465,0.85465,0.00000,0.00000,0
699000,1.7000,0.8547,0.8453,0.85465,0.85465,0.00000,0.00000,0
699500,1.7000,0.8563,0.8437,0.85626,0.85626,0.00000,0.00000,0
700000,1.7000,0.8555,0.8445,0.85546,0.85546,0.00000,0.00000,0
700500,1.7000,0.8547,0.8453,0.85465,0.85465,0.00000,0.00000,0
701000,1.7000,0.8538,0.8462,0.85385,0.85385,0.00000,0.00000,0
701500,1.7000,0.8530,0.8470,0.85304,0.85304,0.00000,0.00000,0
702000,1.7000,0.8522,0.8478,0.85223,0.85223,0.00000,0.00000,0
702500,1.7000,0.8530,0.8470,0.85304,0.85304,0.00000,0.00000,0
703000,1.7000,0.8530,0.8470,0.85304,0.85304,0.00000,0.00000,0
703500,1.7000,0.8522,0.8478,0.85223,0.85223,0.00000,0.00000,0
704000,1.7000,0.8514,0.8486,0.85143,0.85143,0.00000,0.00000,0
704500,1.7000,0.8514,0.8486,0.85143,0.85143,0.00000,0.00000,0
705000,1.7000,0.8522,0.8478,0.85223,0.85223,0.00000,0.00000,0
705500,1.7000,0.8530,0.8470,0.85304,0.85304,0.00000,0.00000,0
706000,1.7000,0.8538,0.8462,0.85385,0.85385,0.00000,0.00000,0
706500,1.7000,0.8555,0.8445,0.85546,0.85546,0.00000,0.00000,0
707000,1.7000,0.8555,0.8445,0.85546,0.85546,0.00000,0.00000,0
707500,1.7000,0.8547,0.8453,0.85465,0.85465,0.00000,0.00000,0
708000,1.7000,0.8555,0.8445,0.85546,0.85546,0.00000,0.00000,0
708500,1.7000,0.8555,0.8445,0.85546,0.85546,0.00000,0.00000,0
709000,1.7000,0.8555,0.8445,0.85546,0.85546,0.00000,0.00000,0
709500,1.7000,0.8555,0.8445,0.85546,0.85546,0.00000,0.00000,0
710000,1.7000,0.8555,0.8445,0.85546,0.85546,0.00000,0.00000,0
710500,1.7000,0.8538,0.8462,0.85385,0.85385,0.00000,0.00000,0
711000,1.7000,0.8538,0.8462,0.85385,0.85385,0.00000,0.00000,0
711500,1.7000,0.8530,0.8470,0.85304,0.85304,0.00000,0.00000,0
712000,1.7000,0.8530,0.8470,0.85304,0.85304,0.00000,0.00000,0
712500,1.7000,0.8538,0.8462,0.85385,0.85385,0.00000,0.00000,0
713000,1.7000,0.8538,0.8462,0.85385,0.85385,0.00000,0.00000,0
713500,1.7000,0.8538,0.8462,0.85385,0.85385,0.00000,0.00000,0
714000,1.7000,0.8538,0.8462,0.85385,0.85385,0.00000,0.00000,0
714500,1.7000,0.8522,0.8478,0.85223,0.85223,0.00000,0.00000,0
715000,1.7000,0.8514,0.8486,0.85143,0.85143,0.00000,0.00000,0
715500,1.7000,0.8522,0.8478,0.85223,0.85223,0.00000,0.00000,0
716000,1.7000,0.8514,0.8486,0.85143,0.85143,0.00000,0.00000,0
716500,1.7000,0.8530,0.8470,0.85304,0.85304,0.00000,0.00000,0
717000,1.7000,0.8530,0.8470,0.85304,0.85304,0.00000,0.00000,0
717500,1.7000,0.8530,0.8470,0.85304,0.85304,0.00000,0.00000,0
718000,1.7000,0.8530,0.8470,0.85304,0.85304,0.00000,0.00000,0
718500,1.7000,0.8522,0.8478,0.85223,0.85223,0.00000,0.00000,0
719000,1.7000,0.8522,0.8478,0.85223,0.85223,0.00000,0.00000,0
719500,1.7000,0.8538,0.8462,0.85385,0.85385,0.00000,0.00000,0
720000,1.7000,0.8547,0.8453,0.85465,0.85465,0.00000,0.00000,0
720500,1.7000,0.8547,0.8453,0.85465,0.85465,0.00000,0.00000,0
721000,1.7000,0.8547,0.8453,0.85465,0.85465,0.00000,0.00000,0
721500,1.7000,0.8530,0.8470,0.85304,0.85304,0.00000,0.00000,0
722000,1.7000,0.8530,0.8470,0.85304,0.85304,0.00000,0.00000,0
722500,1.7000,0.8522,0.8478,0.85223,0.85223,0.00000,0.00000,0
723000,1.7000,0.8514,0.8486,0.85143,0.85143,0.00000,0.00000,0
723500,1.7000,0.8506,0.8494,0.85062,0.85062,0.00000,0.00000,0
724000,1.7000,0.8506,0.8494,0.85062,0.85062,0.00000,0.00000,0
724500,1.7000,0.8506,0.8494,0.85062,0.85062,0.00000,0.00000,0
725000,1.7000,0.8482,0.8518,0.84821,0.84821,0.00000,0.00000,0
725500,1.7000,0.8482,0.8518,0.84821,0.84821,0.00000,0.00000,0
726000,1.7000,0.8474,0.8526,0.84740,0.84740,0.00000,0.00000,0
726500,1.7000,0.8482,0.8518,0.84821,0.84821,0.00000,0.00000,0
727000,1.7000,0.8482,0.8518,0.84821,0.84821,0.00000,0.00000,0
727500,1.7000,0.8490,0.8510,0.84901,0.84901,0.00000,0.00000,0
728000,1.7000,0.8506,0.8494,0.85062,0.85062,0.00000,0.00000,0
728500,1.7000,0.8514,0.8486,0.85143,0.85143,0.00000,0.00000,0
729000,1.7000,0.8514,0.8486,0.85143,0.85143,0.00000,0.00000,0
729500,1.7000,0.8522,0.8478,0.85223,0.85223,0.00000,0.00000,0
730000,1.7000,0.8538,0.8462,0.85385,0.85385,0.00000,0.00000,0
730500,1.7000,0.8547,0.8453,0.85465,0.85465,0.00000,0.00000,0
731000,1.7000,0.8563,0.8437,0.85626,0.85626,0.00000,0.00000,0
731500,1.7000,0.8571,0.8429,0.85707,0.85707,0.00000,0.00000,0
732000,1.7000,0.8579,0.8421,0.85788,0.85788,0.00000,0.00000,0
732500,1.7000,0.8563,0.8437,0.85626,0.85626,0.00000,0.00000,0
733000,1.7000,0.8555,0.8445,0.85546,0.85546,0.00000,0.00000,0
733500,1.7000,0.8555,0.8445,0.85546,0.85546,0.00000,0.00000,0
734000,1.7000,0.8555,0.8445,0.85546,0.85546,0.00000,0.00000,0
734500,1.7000,0.8555,0.8445,0.85546,0.85546,0.00000,0.00000,0
735000,1.7000,0.8555,0.8445,0.85546,0.85546,0.00000,0.00000,0
735500,1.7000,0.8555,0.8445,0.85546,0.85546,0.00000,0.00000,0
736000,1.7000,0.8555,0.8445,0.85546,0.85546,0.00000,0.00000,0
736500,1.7000,0.8547,0.8453,0.85465,0.85465,0.00000,0.00000,0
737000,1.7000,0.8538,0.8462,0.85385,0.85385,0.00000,0.00000,0
737500,1.7000,0.8555,0.8445,0.85546,0.85546,0.00000,0.00000,0
738000,1.7000,0.8555,0.8445,0.85546,0.85546,0.00000,0.00000,0
738500,1.7000,0.8555,0.8445,0.85546,0.85546,0.00000,0.00000,0
739000,1.7000,0.8547,0.8453,0.85465,0.85465,0.00000,0.00000,0
739500,1.7000,0.8538,0.8462,0.85385,0.85385,0.00000,0.00000,0
740000,1.7000,0.8538,0.8462,0.85385,0.85385,0.00000,0.00000,0
740500,1.7000,0.8538,0.8462,0.85385,0.85385,0.00000,0.00000,0
741000,1.7000,0.8538,0.8462,0.85385,0.85385,0.00000,0.00000,0
741500,1.7000,0.8530,0.8470,0.85304,0.85304,0.00000,0.00000,0
742000,1.7000,0.8514,0.8486,0.85143,0.85143,0.00000,0.00000,0
742500,1.7000,0.8522,0.8478,0.85223,0.85223,0.00000,0.00000,0
743000,1.7000,0.8530,0.8470,0.85304,0.85304,0.00000,0.00000,0
743500,1.7000,0.8522,0.8478,0.85223,0.85223,0.00000,0.00000,0
744000,1.7000,0.8530,0.8470,0.85304,0.85304,0.00000,0.00000,0
744500,1.7000,0.8530,0.8470,0.85304,0.85304,0.00000,0.00000,0
745000,1.7000,0.8530,0.8470,0.85304,0.85304,0.00000,0.00000,0
745500,1.7000,0.8522,0.8478,0.85223,0.85223,0.00000,0.00000,0
746000,1.7000,0.8522,0.8478,0.85223,0.85223,0.00000,0.00000,0
746500,1.7000,0.8530,0.8470,0.85304,0.85304,0.00000,0.00000,0
747000,1.7000,0.8547,0.8453,0.85465,0.85465,0.00000,0.00000,0
747500,1.7000,0.8555,0.8445,0.85546,0.85546,0.00000,0.00000,0
748000,1.7000,0.8538,0.8462,0.85385,0.85385,0.00000,0.00000,0
748500,1.7000,0.8547,0.8453,0.85465,0.85465,0.00000,0.00000,0
749000,1.7000,0.8547,0.8453,0.85465,0.85465,0.00000,0.00000,0
749500,1.7000,0.8555,0.8445,0.85546,0.85546,0.00000,0.00000,0
750000,1.7000,0.8555,0.8445,0.85546,0.85546,0.00000,0.00000,0
750500,1.7000,0.8555,0.8445,0.85546,0.85546,0.00000,0.00000,0
751000,1.7000,0.8538,0.8462,0.85385,0.85385,0.00000,0.00000,0
751500,1.7000,0.8530,0.8470,0.85304,0.85304,0.00000,0.00000,0
752000,1.7000,0.8522,0.8478,0.85223,0.85223,0.00000,0.00000,0
752500,1.7000,0.8514,0.8486,0.85143,0.85143,0.00000,0.00000,0
753000,1.7000,0.8514,0.8486,0.85143,0.85143,0.00000,0.00000,0
753500,1.7000,0.8522,0.8478,0.85223,0.85223,0.00000,0.00000,0
754000,1.7000,0.8514,0.8486,0.85143,0.85143,0.00000,0.00000,0
754500,1.7000,0.8514,0.8486,0.85143,0.85143,0.00000,0.00000,0
755000,1.7000,0.8514,0.8486,0.85143,0.85143,0.00000,0.00000,0
755500,1.7000,0.8506,0.8494,0.85062,0.85062,0.00000,0.00000,0
756000,1.7000,0.8506,0.8494,0.85062,0.85062,0.00000,0.00000,0
756500,1.7000,0.8522,0.8478,0.85223,0.85223,0.00000,0.00000,0
757000,1.7000,0.8506,0.8494,0.85062,0.85062,0.00000,0.00000,0
757500,1.7000,0.8506,0.8494,0.85062,0.85062,0.00000,0.00000,0
758000,1.7000,0.8506,0.8494,0.85062,0.85062,0.00000,0.00000,0
758500,1.7000,0.8506,0.8494,0.85062,0.85062,0.00000,0.00000,0
759000,1.7000,0.8506,0.8494,0.85062,0.85062,0.00000,0.00000,0
759500,1.7000,0.8530,0.8470,0.85304,0.85304,0.00000,0.00000,0
760000,1.7000,0.8530,0.8470,0.85304,0.85304,0.00000,0.00000,0
760500,1.7000,0.8547,0.8453,0.85465,0.85465,0.00000,0.00000,0
761000,1.7000,0.8555,0.8445,0.85546,0.85546,0.00000,0.00000,0
761500,1.7000,0.8555,0.8445,0.85546,0.85546,0.00000,0.00000,0
762000,1.7000,0.8555,0.8445,0.85546,0.85546,0.00000,0.00000,0
762500,1.7000,0.8555,0.8445,0.85546,0.85546,0.00000,0.00000,0
763000,1.7000,0.8555,0.8445,0.85546,0.85546,0.00000,0.00000,0
763500,1.7000,0.8547,0.8453,0.85465,0.85465,0.00000,0.00000,0
764000,1.7000,0.8530,0.8470,0.85304,0.85304,0.00000,0.00000,0
764500,1.7000,0.8514,0.8486,0.85143,0.85143,0.00000,0.00000,0
765000,1.7000,0.8514,0.8486,0.85143,0.85143,0.00000,0.00000,0
765500,1.7000,0.8514,0.8486,0.85143,0.85143,0.00000,0.00000,0
766000,1.7000,0.8514,0.8486,0.85143,0.85143,0.00000,0.00000,0
766500,1.7000,0.8490,0.8510,0.84901,0.84901,0.00000,0.00000,0
767000,1.7000,0.8498,0.8502,0.84982,0.84982,0.00000,0.00000,0
767500,1.7000,0.8514,0.8486,0.85143,0.85143,0.00000,0.00000,0
768000,1.7000,0.8506,0.8494,0.85062,0.85062,0.00000,0.00000,0
768500,1.7000,0.8530,0.8470,0.85304,0.85304,0.00000,0.00000,0
769000,1.7000,0.8547,0.8453,0.85465,0.85465,0.00000,0.00000,0
769500,1.7000,0.8547,0.8453,0.85465,0.85465,0.00000,0.00000,0
770000,1.7000,0.8555,0.8445,0.85546,0.85546,0.00000,0.00000,0
770500,1.7000,0.8547,0.8453,0.85465,0.85465,0.00000,0.00000,0
771000,1.7000,0.8555,0.8445,0.85546,0.85546,0.00000,0.00000,0
771500,1.7000,0.8579,0.8421,0.85788,0.85788,0.00000,0.00000,0
772000,1.7000,0.8587,0.8413,0.85868,0.85868,0.00000,0.00000,0
772500,1.7000,0.8579,0.8421,0.85788,0.85788,0.00000,0.00000,0
773000,1.7000,0.8587,0.8413,0.85868,0.85868,0.00000,0.00000,0
773500,1.7000,0.8579,0.8421,0.85788,0.85788,0.00000,0.00000,0
774000,1.7000,0.8563,0.8437,0.85626,0.85626,0.00000,0.00000,0
774500,1.7000,0.8579,0.8421,0.85788,0.85788,0.00000,0.00000,0
775000,1.7000,0.8555,0.8445,0.85546,0.85546,0.00000,0.00000,0
775500,1.7000,0.8563,0.8437,0.85626,0.85626,0.00000,0.00000,0
776000,1.7000,0.8555,0.8445,0.85546,0.85546,0.00000,0.00000,0
776500,1.7000,0.8555,0.8445,0.85546,0.85546,0.00000,0.00000,0
777000,1.7000,0.8538,0.8462,0.85385,0.85385,0.00000,0.00000,0
777500,1.7000,0.8538,0.8462,0.85385,0.85385,0.00000,0.00000,0
778000,1.7000,0.8522,0.8478,0.85223,0.85223,0.00000,0.00000,0
778500,1.7000,0.8514,0.8486,0.85143,0.85143,0.00000,0.00000,0
779000,1.7000,0.8506,0.8494,0.85062,0.85062,0.00000,0.00000,0
779500,1.7000,0.8482,0.8518,0.84821,0.84821,0.00000,0.00000,0
780000,1.7000,0.8498,0.8502,0.84982,0.84982,0.00000,0.00000,0
780500,1.7000,0.8506,0.8494,0.85062,0.85062,0.00000,0.00000,0
781000,1.7000,0.8506,0.8494,0.85062,0.85062,0.00000,0.00000,0
781500,1.7000,0.8498,0.8502,0.84982,0.84982,0.00000,0.00000,0
782000,1.7000,0.8498,0.8502,0.84982,0.84982,0.00000,0.00000,0
782500,1.7000,0.8498,0.8502,0.84982,0.84982,0.00000,0.00000,0
783000,1.7000,0.8506,0.8494,0.85062,0.85062,0.00000,0.00000,0
783500,1.7000,0.8547,0.8453,0.85465,0.85465,0.00000,0.00000,0
784000,1.7000,0.8563,0.8437,0.85626,0.85626,0.00000,0.00000,0
784500,1.7000,0.8563,0.8437,0.85626,0.85626,0.00000,0.00000,0
785000,1.7000,0.8555,0.8445,0.85546,0.85546,0.00000,0.00000,0
785500,1.7000,0.8538,0.8462,0.85385,0.85385,0.00000,0.00000,0
786000,1.7000,0.8530,0.8470,0.85304,0.85304,0.00000,0.00000,0
786500,1.7000,0.8555,0.8445,0.85546,0.85546,0.00000,0.00000,0
787000,1.7000,0.8563,0.8437,0.85626,0.85626,0.00000,0.00000,0
787500,1.7000,0.8563,0.8437,0.85626,0.85626,0.00000,0.00000,0
788000,1.7000,0.8555,0.8445,0.85546,0.85546,0.00000,0.00000,0
788500,1.7000,0.8522,0.8478,0.85223,0.85223,0.00000,0.00000,0
789000,1.7000,0.8514,0.8486,0.85143,0.85143,0.00000,0.00000,0
789500,1.7000,0.8522,0.8478,0.85223,0.85223,0.00000,0.00000,0
790000,1.7000,0.8530,0.8470,0.85304,0.85304,0.00000,0.00000,0
790500,1.7000,0.8530,0.8470,0.85304,0.85304,0.00000,0.00000,0
791000,1.7000,0.8530,0.8470,0.85304,0.85304,0.00000,0.00000,0
791500,1.7000,0.8506,0.8494,0.85062,0.85062,0.00000,0.00000,0
792000,1.7000,0.8498,0.8502,0.84982,0.84982,0.00000,0.00000,0
792500,1.7000,0.8498,0.8502,0.84982,0.84982,0.00000,0.00000,0
793000,1.7000,0.8514,0.8486,0.85143,0.85143,0.00000,0.00000,0
793500,1.7000,0.8514,0.8486,0.85143,0.85143,0.00000,0.00000,0
794000,1.7000,0.8514,0.8486,0.85143,0.85143,0.00000,0.00000,0
794500,1.7000,0.8498,0.8502,0.84982,0.84982,0.00000,0.00000,0
795000,1.7000,0.8498,0.8502,0.84982,0.84982,0.00000,0.00000,0
795500,1.7000,0.8490,0.8510,0.84901,0.84901,0.00000,0.00000,0
796000,1.7000,0.8498,0.8502,0.84982,0.84982,0.00000,0.00000,0
796500,1.7000,0.8498,0.8502,0.84982,0.84982,0.00000,0.00000,0
797000,1.7000,0.8474,0.8526,0.84740,0.84740,0.00000,0.00000,0
797500,1.7000,0.8482,0.8518,0.84821,0.84821,0.00000,0.00000,0
798000,1.7000,0.8474,0.8526,0.84740,0.84740,0.00000,0.00000,0
798500,1.7000,0.8474,0.8526,0.84740,0.84740,0.00000,0.00000,0
799000,1.7000,0.8482,0.8518,0.84821,0.84821,0.00000,0.00000,0
799500,1.7000,0.8482,0.8518,0.84821,0.84821,0.00000,0.00000,0
800000,1.7000,0.8498,0.8502,0.84982,0.84982,0.00000,0.00000,0
800500,1.7000,0.8506,0.8494,0.85062,0.85062,0.00000,0.00000,0
801000,1.7000,0.8498,0.8502,0.84982,0.84982,0.00000,0.00000,0
801500,1.7000,0.8498,0.8502,0.84982,0.84982,0.00000,0.00000,0
802000,1.7000,0.8514,0.8486,0.85143,0.85143,0.00000,0.00000,0
802500,1.7000,0.8514,0.8486,0.85143,0.85143,0.00000,0.00000,0
803000,1.7000,0.8514,0.8486,0.85143,0.85143,0.00000,0.00000,0
803500,1.7000,0.8522,0.8478,0.85223,0.85223,0.00000,0.00000,0
804000,1.7000,0.8514,0.8486,0.85143,0.85143,0.00000,0.00000,0
804500,1.7000,0.8506,0.8494,0.85062,0.85062,0.00000,0.00000,0
805000,1.7000,0.8490,0.8510,0.84901,0.84901,0.00000,0.00000,0
805500,1.7000,0.8482,0.8518,0.84821,0.84821,0.00000,0.00000,0
806000,1.7000,0.8506,0.8494,0.85062,0.85062,0.00000,0.00000,0
806500,1.7000,0.8506,0.8494,0.85062,0.85062,0.00000,0.00000,0
807000,1.7000,0.8514,0.8486,0.85143,0.85143,0.00000,0.00000,0
807500,1.7000,0.8514,0.8486,0.85143,0.85143,0.00000,0.00000,0
808000,1.7000,0.8506,0.8494,0.85062,0.85062,0.00000,0.00000,0
808500,1.7000,0.8482,0.8518,0.84821,0.84821,0.00000,0.00000,0
809000,1.7000,0.8482,0.8518,0.84821,0.84821,0.00000,0.00000,0
809500,1.7000,0.8498,0.8502,0.84982,0.84982,0.00000,0.00000,0
810000,1.7000,0.8506,0.8494,0.85062,0.85062,0.00000,0.00000,0
810500,1.7000,0.8514,0.8486,0.85143,0.85143,0.00000,0.00000,0
811000,1.7000,0.8506,0.8494,0.85062,0.85062,0.00000,0.00000,0
811500,1.7000,0.8514,0.8486,0.85143,0.85143,0.00000,0.00000,0
812000,1.7000,0.8482,0.8518,0.84821,0.84821,0.00000,0.00000,0
812500,1.7000,0.8466,0.8534,0.84659,0.84659,0.00000,0.00000,0
813000,1.7000,0.8482,0.8518,0.84821,0.84821,0.00000,0.00000,0
813500,1.7000,0.8506,0.8494,0.85062,0.85062,0.00000,0.00000,0
814000,1.7000,0.8522,0.8478,0.85223,0.85223,0.00000,0.00000,0
814500,1.7000,0.8522,0.8478,0.85223,0.85223,0.00000,0.00000,0
815000,1.7000,0.8514,0.8486,0.85143,0.85143,0.00000,0.00000,0
815500,1.7000,0.8498,0.8502,0.84982,0.84982,0.00000,0.00000,0
816000,1.7000,0.8482,0.8518,0.84821,0.84821,0.00000,0.00000,0
816500,1.7000,0.8482,0.8518,0.84821,0.84821,0.00000,0.00000,0
817000,1.7000,0.8506,0.8494,0.85062,0.85062,0.00000,0.00000,0
817500,1.7000,0.8530,0.8470,0.85304,0.85304,0.00000,0.00000,0
818000,1.7000,0.8538,0.8462,0.85385,0.85385,0.00000,0.00000,0
818500,1.7000,0.8514,0.8486,0.85143,0.85143,0.00000,0.00000,0
819000,1.7000,0.8498,0.8502,0.84982,0.84982,0.00000,0.00000,0
819500,1.7000,0.8490,0.8510,0.84901,0.84901,0.00000,0.00000,0
820000,1.7000,0.8490,0.8510,0.84901,0.84901,0.00000,0.00000,0
820500,1.7000,0.8482,0.8518,0.84821,0.84821,0.00000,0.00000,0
821000,1.7000,0.8498,0.8502,0.84982,0.84982,0.00000,0.00000,0
821500,1.7000,0.8506,0.8494,0.85062,0.85062,0.00000,0.00000,0
822000,1.7000,0.8498,0.8502,0.84982,0.84982,0.00000,0.00000,0
822500,1.7000,0.8498,0.8502,0.84982,0.84982,0.00000,0.00000,0
823000,1.7000,0.8490,0.8510,0.84901,0.84901,0.00000,0.00000,0
823500,1.7000,0.8506,0.8494,0.85062,0.85062,0.00000,0.00000,0
824000,1.7000,0.8490,0.8510,0.84901,0.84901,0.00000,0.00000,0
824500,1.7000,0.8498,0.8502,0.84982,0.84982,0.00000,0.00000,0
825000,1.7000,0.8482,0.8518,0.84821,0.84821,0.00000,0.00000,0
825500,1.7000,0.8482,0.8518,0.84821,0.84821,0.00000,0.00000,0
826000,1.7000,0.8490,0.8510,0.84901,0.84901,0.00000,0.00000,0
826500,1.7000,0.8482,0.8518,0.84821,0.84821,0.00000,0.00000,0
827000,1.7000,0.8482,0.8518,0.84821,0.84821,0.00000,0.00000,0
827500,1.7000,0.8466,0.8534,0.84659,0.84659,0.00000,0.00000,0
828000,1.7000,0.8458,0.8542,0.84579,0.84579,0.00000,0.00000,0
828500,1.7000,0.8458,0.8542,0.84579,0.84579,0.00000,0.00000,0
829000,1.7000,0.8474,0.8526,0.84740,0.84740,0.00000,0.00000,0
829500,1.7000,0.8466,0.8534,0.84659,0.84659,0.00000,0.00000,0
830000,1.7000,0.8490,0.8510,0.84901,0.84901,0.00000,0.00000,0
830500,1.7000,0.8506,0.8494,0.85062,0.85062,0.00000,0.00000,0
831000,1.7000,0.8498,0.8502,0.84982,0.84982,0.00000,0.00000,0
831500,1.7000,0.8506,0.8494,0.85062,0.85062,0.00000,0.00000,0
832000,1.7000,0.8506,0.8494,0.85062,0.85062,0.00000,0.00000,0
832500,1.7000,0.8514,0.8486,0.85143,0.85143,0.00000,0.00000,0
833000,1.7000,0.8530,0.8470,0.85304,0.85304,0.00000,0.00000,0
833500,1.7000,0.8538,0.8462,0.85385,0.85385,0.00000,0.00000,0
834000,1.7000,0.8547,0.8453,0.85465,0.85465,0.00000,0.00000,0
834500,1.7000,0.8563,0.8437,0.85626,0.85626,0.00000,0.00000,0
835000,1.7000,0.8555,0.8445,0.85546,0.85546,0.00000,0.00000,0
835500,1.7000,0.8547,0.8453,0.85465,0.85465,0.00000,0.00000,0
836000,1.7000,0.8538,0.8462,0.85385,0.85385,0.00000,0.00000,0
836500,1.7000,0.8530,0.8470,0.85304,0.85304,0.00000,0.00000,0
837000,1.7000,0.8514,0.8486,0.85143,0.85143,0.00000,0.00000,0
837500,1.7000,0.8506,0.8494,0.85062,0.85062,0.00000,0.00000,0
838000,1.7000,0.8506,0.8494,0.85062,0.85062,0.00000,0.00000,0
838500,1.7000,0.8490,0.8510,0.84901,0.84901,0.00000,0.00000,0
839000,1.7000,0.8474,0.8526,0.84740,0.84740,0.00000,0.00000,0
839500,1.7000,0.8458,0.8542,0.84579,0.84579,0.00000,0.00000,0
840000,1.7000,0.8474,0.8526,0.84740,0.84740,0.00000,0.00000,0
840500,1.7000,0.8474,0.8526,0.84740,0.84740,0.00000,0.00000,0
841000,1.7000,0.8482,0.8518,0.84821,0.84821,0.00000,0.00000,0
841500,1.7000,0.8506,0.8494,0.85062,0.85062,0.00000,0.00000,0
842000,1.7000,0.8514,0.8486,0.85143,0.85143,0.00000,0.00000,0
842500,1.7000,0.8498,0.8502,0.84982,0.84982,0.00000,0.00000,0
843000,1.7000,0.8506,0.8494,0.85062,0.85062,0.00000,0.00000,0
843500,1.7000,0.8514,0.8486,0.85143,0.85143,0.00000,0.00000,0
844000,1.7000,0.8538,0.8462,0.85385,0.85385,0.00000,0.00000,0
844500,1.7000,0.8563,0.8437,0.85626,0.85626,0.00000,0.00000,0
845000,1.7000,0.8555,0.8445,0.85546,0.85546,0.00000,0.00000,0
845500,1.7000,0.8555,0.8445,0.85546,0.85546,0.00000,0.00000,0
846000,1.7000,0.8555,0.8445,0.85546,0.85546,0.00000,0.00000,0
846500,1.7000,0.8547,0.8453,0.85465,0.85465,0.00000,0.00000,0
847000,1.7000,0.8547,0.8453,0.85465,0.85465,0.00000,0.00000,0
847500,1.7000,0.8555,0.8445,0.85546,0.85546,0.00000,0.00000,0
848000,1.7000,0.8563,0.8437,0.85626,0.85626,0.00000,0.00000,0
848500,1.7000,0.8563,0.8437,0.85626,0.85626,0.00000,0.00000,0
849000,1.7000,0.8530,0.8470,0.85304,0.85304,0.00000,0.00000,0
849500,1.7000,0.8514,0.8486,0.85143,0.85143,0.00000,0.00000,0
850000,1.7000,0.8506,0.8494,0.85062,0.85062,0.00000,0.00000,0
850500,1.7000,0.8522,0.8478,0.85223,0.85223,0.00000,0.00000,0
851000,1.7000,0.8514,0.8486,0.85143,0.85143,0.00000,0.00000,0
851500,1.7000,0.8538,0.8462,0.85385,0.85385,0.00000,0.00000,0
852000,1.7000,0.8538,0.8462,0.85385,0.85385,0.00000,0.00000,0
852500,1.7000,0.8547,0.8453,0.85465,0.85465,0.00000,0.00000,0
853000,1.7000,0.8530,0.8470,0.85304,0.85304,0.00000,0.00000,0
853500,1.7000,0.8530,0.8470,0.85304,0.85304,0.00000,0.00000,0
854000,1.7000,0.8538,0.8462,0.85385,0.85385,0.00000,0.00000,0
854500,1.7000,0.8547,0.8453,0.85465,0.85465,0.00000,0.00000,0
855000,1.7000,0.8555,0.8445,0.85546,0.85546,0.00000,0.00000,0
855500,1.7000,0.8522,0.8478,0.85223,0.85223,0.00000,0.00000,0
856000,1.7000,0.8522,0.8478,0.85223,0.85223,0.00000,0.00000,0
856500,1.7000,0.8498,0.8502,0.84982,0.84982,0.00000,0.00000,0
857000,1.7000,0.8506,0.8494,0.85062,0.85062,0.00000,0.00000,0
857500,1.7000,0.8498,0.8502,0.84982,0.84982,0.00000,0.00000,0
858000,1.7000,0.8498,0.8502,0.84982,0.84982,0.00000,0.00000,0
858500,1.7000,0.8506,0.8494,0.85062,0.85062,0.00000,0.00000,0
859000,1.7000,0.8498,0.8502,0.84982,0.84982,0.00000,0.00000,0
859500,1.7000,0.8498,0.8502,0.84982,0.84982,0.00000,0.00000,0
860000,1.7000,0.8514,0.8486,0.85143,0.85143,0.00000,0.00000,0
860500,1.7000,0.8514,0.8486,0.85143,0.85143,0.00000,0.00000,0
861000,1.7000,0.8522,0.8478,0.85223,0.85223,0.00000,0.00000,0
861500,1.7000,0.8522,0.8478,0.85223,0.85223,0.00000,0.00000,0
862000,1.7000,0.8506,0.8494,0.85062,0.85062,0.00000,0.00000,0
862500,1.7000,0.8522,0.8478,0.85223,0.85223,0.00000,0.00000,0
863000,1.7000,0.8514,0.8486,0.85143,0.85143,0.00000,0.00000,0
863500,1.7000,0.8514,0.8486,0.85143,0.85143,0.00000,0.00000,0
864000,1.7000,0.8514,0.8486,0.85143,0.85143,0.00000,0.00000,0
864500,1.7000,0.8522,0.8478,0.85223,0.85223,0.00000,0.00000,0
865000,1.7000,0.8514,0.8486,0.85143,0.85143,0.00000,0.00000,0
865500,1.7000,0.8514,0.8486,0.85143,0.85143,0.00000,0.00000,0
866000,1.7000,0.8522,0.8478,0.85223,0.85223,0.00000,0.00000,0
866500,1.7000,0.8514,0.8486,0.85143,0.85143,0.00000,0.00000,0
867000,1.7000,0.8530,0.8470,0.85304,0.85304,0.00000,0.00000,0
867500,1.7000,0.8530,0.8470,0.85304,0.85304,0.00000,0.00000,0
868000,1.7000,0.8538,0.8462,0.85385,0.85385,0.00000,0.00000,0
868500,1.7000,0.8530,0.8470,0.85304,0.85304,0.00000,0.00000,0
869000,1.7000,0.8530,0.8470,0.85304,0.85304,0.00000,0.00000,0
869500,1.7000,0.8522,0.8478,0.85223,0.85223,0.00000,0.00000,0
870000,1.7000,0.8506,0.8494,0.85062,0.85062,0.00000,0.00000,0
870500,1.7000,0.8514,0.8486,0.85143,0.85143,0.00000,0.00000,0
871000,1.7000,0.8506,0.8494,0.85062,0.85062,0.00000,0.00000,0
871500,1.7000,0.8514,0.8486,0.85143,0.85143,0.00000,0.00000,0
872000,1.7000,0.8514,0.8486,0.85143,0.85143,0.00000,0.00000,0
872500,1.7000,0.8514,0.8486,0.85143,0.85143,0.00000,0.00000,0
873000,1.7000,0.8514,0.8486,0.85143,0.85143,0.00000,0.00000,0
873500,1.7000,0.8514,0.8486,0.85143,0.85143,0.00000,0.00000,0
874000,1.7000,0.8514,0.8486,0.85143,0.85143,0.00000,0.00000,0
874500,1.7000,0.8522,0.8478,0.85223,0.85223,0.00000,0.00000,0
875000,1.7000,0.8530,0.8470,0.85304,0.85304,0.00000,0.00000,0
875500,1.7000,0.8522,0.8478,0.85223,0.85223,0.00000,0.00000,0
876000,1.7000,0.8530,0.8470,0.85304,0.85304,0.00000,0.00000,0
876500,1.7000,0.8530,0.8470,0.85304,0.85304,0.00000,0.00000,0
877000,1.7000,0.8530,0.8470,0.85304,0.85304,0.00000,0.00000,0
877500,1.7000,0.8530,0.8470,0.85304,0.85304,0.00000,0.00000,0
878000,1.7000,0.8530,0.8470,0.85304,0.85304,0.00000,0.00000,0
878500,1.7000,0.8530,0.8470,0.85304,0.85304,0.00000,0.00000,0
879000,1.7000,0.8530,0.8470,0.85304,0.85304,0.00000,0.00000,0
879500,1.7000,0.8522,0.8478,0.85223,0.85223,0.00000,0.00000,0
880000,1.7000,0.8522,0.8478,0.85223,0.85223,0.00000,0.00000,0
880500,1.7000,0.8538,0.8462,0.85385,0.85385,0.00000,0.00000,0
881000,1.7000,0.8522,0.8478,0.85223,0.85223,0.00000,0.00000,0
881500,1.7000,0.8514,0.8486,0.85143,0.85143,0.00000,0.00000,0
882000,1.7000,0.8498,0.8502,0.84982,0.84982,0.00000,0.00000,0
882500,1.7000,0.8490,0.8510,0.84901,0.84901,0.00000,0.00000,0
883000,1.7000,0.8482,0.8518,0.84821,0.84821,0.00000,0.00000,0
883500,1.7000,0.8482,0.8518,0.84821,0.84821,0.00000,0.00000,0
884000,1.7000,0.8498,0.8502,0.84982,0.84982,0.00000,0.00000,0
884500,1.7000,0.8498,0.8502,0.84982,0.84982,0.00000,0.00000,0
885000,1.7000,0.8514,0.8486,0.85143,0.85143,0.00000,0.00000,0
885500,1.7000,0.8498,0.8502,0.84982,0.84982,0.00000,0.00000,0
886000,1.7000,0.8514,0.8486,0.85143,0.85143,0.00000,0.00000,0
886500,1.7000,0.8522,0.8478,0.85223,0.85223,0.00000,0.00000,0
887000,1.7000,0.8538,0.8462,0.85385,0.85385,0.00000,0.00000,0
887500,1.7000,0.8538,0.8462,0.85385,0.85385,0.00000,0.00000,0
888000,1.7000,0.8538,0.8462,0.85385,0.85385,0.00000,0.00000,0
888500,1.7000,0.8538,0.8462,0.85385,0.85385,0.00000,0.00000,0
889000,1.7000,0.8522,0.8478,0.85223,0.85223,0.00000,0.00000,0
889500,1.7000,0.8522,0.8478,0.85223,0.85223,0.00000,0.00000,0
890000,1.7000,0.8514,0.8486,0.85143,0.85143,0.00000,0.00000,0
890500,1.7000,0.8514,0.8486,0.85143,0.85143,0.00000,0.00000,0
891000,1.7000,0.8514,0.8486,0.85143,0.85143,0.00000,0.00000,0
891500,1.7000,0.8506,0.8494,0.85062,0.85062,0.00000,0.00000,0
892000,1.7000,0.8514,0.8486,0.85143,0.85143,0.00000,0.00000,0
892500,1.7000,0.8506,0.8494,0.85062,0.85062,0.00000,0.00000,0
893000,1.7000,0.8514,0.8486,0.85143,0.85143,0.00000,0.00000,0
893500,1.7000,0.8514,0.8486,0.85143,0.85143,0.00000,0.00000,0
894000,1.7000,0.8514,0.8486,0.85143,0.85143,0.00000,0.00000,0
894500,1.7000,0.8538,0.8462,0.85385,0.85385,0.00000,0.00000,0
895000,1.7000,0.8538,0.8462,0.85385,0.85385,0.00000,0.00000,0
895500,1.7000,0.8530,0.8470,0.85304,0.85304,0.00000,0.00000,0
896000,1.7000,0.8514,0.8486,0.85143,0.85143,0.00000,0.00000,0
896500,1.7000,0.8522,0.8478,0.85223,0.85223,0.00000,0.00000,0
897000,1.7000,0.8506,0.8494,0.85062,0.85062,0.00000,0.00000,0
897500,1.7000,0.8498,0.8502,0.84982,0.84982,0.00000,0.00000,0
898000,1.7000,0.8498,0.8502,0.84982,0.84982,0.00000,0.00000,0
898500,1.7000,0.8498,0.8502,0.84982,0.84982,0.00000,0.00000,0
899000,1.7000,0.8498,0.8502,0.84982,0.84982,0.00000,0.00000,0
899500,1.7000,0.8474,0.8526,0.84740,0.84740,0.00000,0.00000,0
900000,1.7000,0.8482,0.8518,0.84821,0.84821,0.00000,0.00000,0
900500,1.7000,0.8490,0.8510,0.84901,0.84901,0.00000,0.00000,0
901000,1.7000,0.8514,0.8486,0.85143,0.85143,0.00000,0.00000,0
901500,1.7000,0.8498,0.8502,0.84982,0.84982,0.00000,0.00000,0
902000,1.7000,0.8498,0.8502,0.84982,0.84982,0.00000,0.00000,0
902500,1.7000,0.8506,0.8494,0.85062,0.85062,0.00000,0.00000,0
903000,1.7000,0.8538,0.8462,0.85385,0.85385,0.00000,0.00000,0
903500,1.7000,0.8538,0.8462,0.85385,0.85385,0.00000,0.00000,0
904000,1.7000,0.8538,0.8462,0.85385,0.85385,0.00000,0.00000,0
904500,1.7000,0.8538,0.8462,0.85385,0.85385,0.00000,0.00000,0
905000,1.7000,0.8530,0.8470,0.85304,0.85304,0.00000,0.00000,0
905500,1.7000,0.8530,0.8470,0.85304,0.85304,0.00000,0.00000,0
906000,1.7000,0.8522,0.8478,0.85223,0.85223,0.00000,0.00000,0
906500,1.7000,0.8530,0.8470,0.85304,0.85304,0.00000,0.00000,0
907000,1.7000,0.8522,0.8478,0.85223,0.85223,0.00000,0.00000,0
907500,1.7000,0.8522,0.8478,0.85223,0.85223,0.00000,0.00000,0
908000,1.7000,0.8498,0.8502,0.84982,0.84982,0.00000,0.00000,0
908500,1.7000,0.8498,0.8502,0.84982,0.84982,0.00000,0.00000,0
909000,1.7000,0.8498,0.8502,0.84982,0.84982,0.00000,0.00000,0
909500,1.7000,0.8498,0.8502,0.84982,0.84982,0.00000,0.00000,0
910000,1.7000,0.8514,0.8486,0.85143,0.85143,0.00000,0.00000,0
910500,1.7000,0.8490,0.8510,0.84901,0.84901,0.00000,0.00000,0
911000,1.7000,0.8490,0.8510,0.84901,0.84901,0.00000,0.00000,0
911500,1.7000,0.8498,0.8502,0.84982,0.84982,0.00000,0.00000,0
912000,1.7000,0.8490,0.8510,0.84901,0.84901,0.00000,0.00000,0
912500,1.7000,0.8490,0.8510,0.84901,0.84901,0.00000,0.00000,0
913000,1.7000,0.8498,0.8502,0.84982,0.84982,0.00000,0.00000,0
913500,1.7000,0.8498,0.8502,0.84982,0.84982,0.00000,0.00000,0
914000,1.7000,0.8498,0.8502,0.84982,0.84982,0.00000,0.00000,0
914500,1.7000,0.8498,0.8502,0.84982,0.84982,0.00000,0.00000,0
915000,1.7000,0.8490,0.8510,0.84901,0.84901,0.00000,0.00000,0
915500,1.7000,0.8498,0.8502,0.84982,0.84982,0.00000,0.00000,0
916000,1.7000,0.8498,0.8502,0.84982,0.84982,0.00000,0.00000,0
916500,1.7000,0.8506,0.8494,0.85062,0.85062,0.00000,0.00000,0
917000,1.7000,0.8522,0.8478,0.85223,0.85223,0.00000,0.00000,0
917500,1.7000,0.8514,0.8486,0.85143,0.85143,0.00000,0.00000,0
918000,1.7000,0.8482,0.8518,0.84821,0.84821,0.00000,0.00000,0
918500,1.7000,0.8482,0.8518,0.84821,0.84821,0.00000,0.00000,0
919000,1.7000,0.8482,0.8518,0.84821,0.84821,0.00000,0.00000,0
919500,1.7000,0.8482,0.8518,0.84821,0.84821,0.00000,0.00000,0
920000,1.7000,0.8482,0.8518,0.84821,0.84821,0.00000,0.00000,0
920500,1.7000,0.8498,0.8502,0.84982,0.84982,0.00000,0.00000,0
921000,1.7000,0.8490,0.8510,0.84901,0.84901,0.00000,0.00000,0
921500,1.7000,0.8482,0.8518,0.84821,0.84821,0.00000,0.00000,0
922000,1.7000,0.8474,0.8526,0.84740,0.84740,0.00000,0.00000,0
922500,1.7000,0.8474,0.8526,0.84740,0.84740,0.00000,0.00000,0
923000,1.7000,0.8482,0.8518,0.84821,0.84821,0.00000,0.00000,0
923500,1.7000,0.8482,0.8518,0.84821,0.84821,0.00000,0.00000,0
924000,1.7000,0.8482,0.8518,0.84821,0.84821,0.00000,0.00000,0
924500,1.7000,0.8490,0.8510,0.84901,0.84901,0.00000,0.00000,0
925000,1.7000,0.8498,0.8502,0.84982,0.84982,0.00000,0.00000,0
925500,1.7000,0.8490,0.8510,0.84901,0.84901,0.00000,0.00000,0
926000,1.7000,0.8506,0.8494,0.85062,0.85062,0.00000,0.00000,0
926500,1.7000,0.8498,0.8502,0.84982,0.84982,0.00000,0.00000,0
927000,1.7000,0.8498,0.8502,0.84982,0.84982,0.00000,0.00000,0
927500,1.7000,0.8506,0.8494,0.85062,0.85062,0.00000,0.00000,0
928000,1.7000,0.8498,0.8502,0.84982,0.84982,0.00000,0.00000,0
928500,1.7000,0.8506,0.8494,0.85062,0.85062,0.00000,0.00000,0
929000,1.7000,0.8514,0.8486,0.85143,0.85143,0.00000,0.00000,0
929500,1.7000,0.8498,0.8502,0.84982,0.84982,0.00000,0.00000,0
930000,1.7000,0.8506,0.8494,0.85062,0.85062,0.00000,0.00000,0
930500,1.7000,0.8506,0.8494,0.85062,0.85062,0.00000,0.00000,0
931000,1.7000,0.8498,0.8502,0.84982,0.84982,0.00000,0.00000,0
931500,1.7000,0.8514,0.8486,0.85143,0.85143,0.00000,0.00000,0
932000,1.7000,0.8514,0.8486,0.85143,0.85143,0.00000,0.00000,0
932500,1.7000,0.8506,0.8494,0.85062,0.85062,0.00000,0.00000,0
933000,1.7000,0.8522,0.8478,0.85223,0.85223,0.00000,0.00000,0
933500,1.7000,0.8514,0.8486,0.85143,0.85143,0.00000,0.00000,0
934000,1.7000,0.8522,0.8478,0.85223,0.85223,0.00000,0.00000,0
934500,1.7000,0.8522,0.8478,0.85223,0.85223,0.00000,0.00000,0
935000,1.7000,0.8530,0.8470,0.85304,0.85304,0.00000,0.00000,0
935500,1.7000,0.8538,0.8462,0.85385,0.85385,0.00000,0.00000,0
936000,1.7000,0.8530,0.8470,0.85304,0.85304,0.00000,0.00000,0
936500,1.7000,0.8530,0.8470,0.85304,0.85304,0.00000,0.00000,0
937000,1.7000,0.8538,0.8462,0.85385,0.85385,0.00000,0.00000,0
937500,1.7000,0.8530,0.8470,0.85304,0.85304,0.00000,0.00000,0
938000,1.7000,0.8530,0.8470,0.85304,0.85304,0.00000,0.00000,0
938500,1.7000,0.8530,0.8470,0.85304,0.85304,0.00000,0.00000,0
939000,1.7000,0.8522,0.8478,0.85223,0.85223,0.00000,0.00000,0
939500,1.7000,0.8530,0.8470,0.85304,0.85304,0.00000,0.00000,0
940000,1.7000,0.8530,0.8470,0.85304,0.85304,0.00000,0.00000,0
940500,1.7000,0.8530,0.8470,0.85304,0.85304,0.00000,0.00000,0
941000,1.7000,0.8538,0.8462,0.85385,0.85385,0.00000,0.00000,0
941500,1.7000,0.8530,0.8470,0.85304,0.85304,0.00000,0.00000,0
942000,1.7000,0.8530,0.8470,0.85304,0.85304,0.00000,0.00000,0
942500,1.7000,0.8538,0.8462,0.85385,0.85385,0.00000,0.00000,0
943000,1.7000,0.8538,0.8462,0.85385,0.85385,0.00000,0.00000,0
943500,1.7000,0.8522,0.8478,0.85223,0.85223,0.00000,0.00000,0
944000,1.7000,0.8522,0.8478,0.85223,0.85223,0.00000,0.00000,0
944500,1.7000,0.8514,0.8486,0.85143,0.85143,0.00000,0.00000,0
945000,1.7000,0.8498,0.8502,0.84982,0.84982,0.00000,0.00000,0
945500,1.7000,0.8490,0.8510,0.84901,0.84901,0.00000,0.00000,0
946000,1.7000,0.8490,0.8510,0.84901,0.84901,0.00000,0.00000,0
946500,1.7000,0.8490,0.8510,0.84901,0.84901,0.00000,0.00000,0
947000,1.7000,0.8490,0.8510,0.84901,0.84901,0.00000,0.00000,0
947500,1.7000,0.8498,0.8502,0.84982,0.84982,0.00000,0.00000,0
948000,1.7000,0.8490,0.8510,0.84901,0.84901,0.00000,0.00000,0
948500,1.7000,0.8514,0.8486,0.85143,0.85143,0.00000,0.00000,0
949000,1.7000,0.8514,0.8486,0.85143,0.85143,0.00000,0.00000,0
949500,1.7000,0.8514,0.8486,0.85143,0.85143,0.00000,0.00000,0
950000,1.7000,0.8522,0.8478,0.85223,0.85223,0.00000,0.00000,0
950500,1.7000,0.8522,0.8478,0.85223,0.85223,0.00000,0.00000,0
951000,1.7000,0.8514,0.8486,0.85143,0.85143,0.00000,0.00000,0
951500,1.7000,0.8530,0.8470,0.85304,0.85304,0.00000,0.00000,0
952000,1.7000,0.8530,0.8470,0.85304,0.85304,0.00000,0.00000,0
952500,1.7000,0.8506,0.8494,0.85062,0.85062,0.00000,0.00000,0
953000,1.7000,0.8498,0.8502,0.84982,0.84982,0.00000,0.00000,0
953500,1.7000,0.8490,0.8510,0.84901,0.84901,0.00000,0.00000,0
954000,1.7000,0.8490,0.8510,0.84901,0.84901,0.00000,0.00000,0
954500,1.7000,0.8490,0.8510,0.84901,0.84901,0.00000,0.00000,0
955000,1.7000,0.8498,0.8502,0.84982,0.84982,0.00000,0.00000,0
955500,1.7000,0.8506,0.8494,0.85062,0.85062,0.00000,0.00000,0
956000,1.7000,0.8514,0.8486,0.85143,0.85143,0.00000,0.00000,0
956500,1.7000,0.8498,0.8502,0.84982,0.84982,0.00000,0.00000,0
957000,1.7000,0.8498,0.8502,0.84982,0.84982,0.00000,0.00000,0
957500,1.7000,0.8514,0.8486,0.85143,0.85143,0.00000,0.00000,0
958000,1.7000,0.8530,0.8470,0.85304,0.85304,0.00000,0.00000,0
958500,1.7000,0.8530,0.8470,0.85304,0.85304,0.00000,0.00000,0
959000,1.7000,0.8538,0.8462,0.85385,0.85385,0.00000,0.00000,0
959500,1.7000,0.8547,0.8453,0.85465,0.85465,0.00000,0.00000,0
960000,1.7000,0.8547,0.8453,0.85465,0.85465,0.00000,0.00000,0
960500,1.7000,0.8538,0.8462,0.85385,0.85385,0.00000,0.00000,0
961000,1.7000,0.8530,0.8470,0.85304,0.85304,0.00000,0.00000,0
961500,1.7000,0.8522,0.8478,0.85223,0.85223,0.00000,0.00000,0
962000,1.7000,0.8522,0.8478,0.85223,0.85223,0.00000,0.00000,0
962500,1.7000,0.8514,0.8486,0.85143,0.85143,0.00000,0.00000,0
963000,1.7000,0.8514,0.8486,0.85143,0.85143,0.00000,0.00000,0
963500,1.7000,0.8514,0.8486,0.85143,0.85143,0.00000,0.00000,0
964000,1.7000,0.8547,0.8453,0.85465,0.85465,0.00000,0.00000,0
964500,1.7000,0.8530,0.8470,0.85304,0.85304,0.00000,0.00000,0
965000,1.7000,0.8547,0.8453,0.85465,0.85465,0.00000,0.00000,0
965500,1.7000,0.8555,0.8445,0.85546,0.85546,0.00000,0.00000,0
966000,1.7000,0.8547,0.8453,0.85465,0.85465,0.00000,0.00000,0
966500,1.7000,0.8555,0.8445,0.85546,0.85546,0.00000,0.00000,0
967000,1.7000,0.8555,0.8445,0.85546,0.85546,0.00000,0.00000,0
967500,1.7000,0.8555,0.8445,0.85546,0.85546,0.00000,0.00000,0
968000,1.7000,0.8555,0.8445,0.85546,0.85546,0.00000,0.00000,0
968500,1.7000,0.8563,0.8437,0.85626,0.85626,0.00000,0.00000,0
969000,1.7000,0.8522,0.8478,0.85223,0.85223,0.00000,0.00000,0
969500,1.7000,0.8522,0.8478,0.85223,0.85223,0.00000,0.00000,0
970000,1.7000,0.8506,0.8494,0.85062,0.85062,0.00000,0.00000,0
970500,1.7000,0.8490,0.8510,0.84901,0.84901,0.00000,0.00000,0
971000,1.7000,0.8498,0.8502,0.84982,0.84982,0.00000,0.00000,0
978000,1.7000,0.8490,0.8510,0.84901,0.84901,0.00000,0.00000,0
978500,1.7000,0.8490,0.8510,0.84901,0.84901,0.00000,0.00000,0
979000,1.7000,0.8490,0.8510,0.84901,0.84901,0.00000,0.00000,0
981000,1.7000,0.8522,0.8478,0.85223,0.85223,0.00000,0.00000,0
981500,1.7000,0.8538,0.8462,0.85385,0.85385,0.00000,0.00000,0
982000,1.7000,0.8547,0.8453,0.85465,0.85465,0.00000,0.00000,0
982500,1.7000,0.8538,0.8462,0.85385,0.85385,0.00000,0.00000,0
983000,1.7000,0.8538,0.8462,0.85385,0.85385,0.00000,0.00000,0
983500,1.7000,0.8538,0.8462,0.85385,0.85385,0.00000,0.00000,0
984000,1.7000,0.8538,0.8462,0.85385,0.85385,0.00000,0.00000,0
984500,1.7000,0.8514,0.8486,0.85143,0.85143,0.00000,0.00000,0
985000,1.7000,0.8506,0.8494,0.85062,0.85062,0.00000,0.00000,0
985500,1.7000,0.8506,0.8494,0.85062,0.85062,0.00000,0.00000,0
986000,1.7000,0.8522,0.8478,0.85223,0.85223,0.00000,0.00000,0
986500,1.7000,0.8514,0.8486,0.85143,0.85143,0.00000,0.00000,0
987000,1.7000,0.8514,0.8486,0.85143,0.85143,0.00000,0.00000,0
987500,1.7000,0.8522,0.8478,0.85223,0.85223,0.00000,0.00000,0
988000,1.7000,0.8522,0.8478,0.85223,0.85223,0.00000,0.00000,0
988500,1.7000,0.8522,0.8478,0.85223,0.85223,0.00000,0.00000,0
989000,1.7000,0.8530,0.8470,0.85304,0.85304,0.00000,0.00000,0
989500,1.7000,0.8530,0.8470,0.85304,0.85304,0.00000,0.00000,0
990000,1.7000,0.8506,0.8494,0.85062,0.85062,0.00000,0.00000,0
990500,1.7000,0.8506,0.8494,0.85062,0.85062,0.00000,0.00000,0
991000,1.7000,0.8490,0.8510,0.84901,0.84901,0.00000,0.00000,0
991500,1.7000,0.8490,0.8510,0.84901,0.84901,0.00000,0.00000,0
992000,1.7000,0.8482,0.8518,0.84821,0.84821,0.00000,0.00000,0
992500,1.7000,0.8466,0.8534,0.84659,0.84659,0.00000,0.00000,0
993000,1.7000,0.8458,0.8542,0.84579,0.84579,0.00000,0.00000,0
993500,1.7000,0.8458,0.8542,0.84579,0.84579,0.00000,0.00000,0
994000,1.7000,0.8450,0.8550,0.84498,0.84498,0.00000,0.00000,0
994500,1.7000,0.8458,0.8542,0.84579,0.84579,0.00000,0.00000,0
995000,1.7000,0.8482,0.8518,0.84821,0.84821,0.00000,0.00000,0
995500,1.7000,0.8498,0.8502,0.84982,0.84982,0.00000,0.00000,0
996000,1.7000,0.8490,0.8510,0.84901,0.84901,0.00000,0.00000,0
996500,1.7000,0.8490,0.8510,0.84901,0.84901,0.00000,0.00000,0
997000,1.7000,0.8498,0.8502,0.84982,0.84982,0.00000,0.00000,0
997500,1.7000,0.8514,0.8486,0.85143,0.85143,0.00000,0.00000,0
998000,1.7000,0.8514,0.8486,0.85143,0.85143,0.00000,0.00000,0
998500,1.7000,0.8506,0.8494,0.85062,0.85062,0.00000,0.00000,0
999000,1.7000,0.8506,0.8494,0.85062,0.85062,0.00000,0.00000,0
999500,1.7000,0.8506,0.8494,0.85062,0.85062,0.00000,0.00000,0
1000000,1.7000,0.8498,0.8502,0.84982,0.84982,0.00000,0.00000,0
1006000,1.7000,0.8506,0.8494,0.85062,0.85062,0.00000,0.00000,0
1009500,1.7000,0.8530,0.8470,0.85304,0.85304,0.00000,0.00000,0
1010000,1.7000,0.8506,0.8494,0.85062,0.85062,0.00000,0.00000,0
1010500,1.7000,0.8522,0.8478,0.85223,0.85223,0.00000,0.00000,0
1011000,1.7000,0.8522,0.8478,0.85223,0.85223,0.00000,0.00000,0
1011500,1.7000,0.8530,0.8470,0.85304,0.85304,0.00000,0.00000,0
1012000,1.7000,0.8547,0.8453,0.85465,0.85465,0.00000,0.00000,0
1012500,1.7000,0.8522,0.8478,0.85223,0.85223,0.00000,0.00000,0
1013000,1.7000,0.8514,0.8486,0.85143,0.85143,0.00000,0.00000,0
1013500,1.7000,0.8506,0.8494,0.85062,0.85062,0.00000,0.00000,0
1014000,1.7000,0.8506,0.8494,0.85062,0.85062,0.00000,0.00000,0
1014500,1.7000,0.8522,0.8478,0.85223,0.85223,0.00000,0.00000,0
1015000,1.7000,0.8498,0.8502,0.84982,0.84982,0.00000,0.00000,0
1015500,1.7000,0.8498,0.8502,0.84982,0.84982,0.00000,0.00000,0
1016000,1.7000,0.8514,0.8486,0.85143,0.85143,0.00000,0.00000,0
1016500,1.7000,0.8506,0.8494,0.85062,0.85062,0.00000,0.00000,0
1017000,1.7000,0.8506,0.8494,0.85062,0.85062,0.00000,0.00000,0
1017500,1.7000,0.8506,0.8494,0.85062,0.85062,0.00000,0.00000,0
1018000,1.7000,0.8498,0.8502,0.84982,0.84982,0.00000,0.00000,0
1018500,1.7000,0.8482,0.8518,0.84821,0.84821,0.00000,0.00000,0
1019000,1.7000,0.8490,0.8510,0.84901,0.84901,0.00000,0.00000,0
1019500,1.7000,0.8482,0.8518,0.84821,0.84821,0.00000,0.00000,0
1020000,1.7000,0.8490,0.8510,0.84901,0.84901,0.00000,0.00000,0
1020500,1.7000,0.8482,0.8518,0.84821,0.84821,0.00000,0.00000,0
1021000,1.7000,0.8482,0.8518,0.84821,0.84821,0.00000,0.00000,0
1021500,1.7000,0.8482,0.8518,0.84821,0.84821,0.00000,0.00000,0
1022000,1.7000,0.8482,0.8518,0.84821,0.84821,0.00000,0.00000,0
1022500,1.7000,0.8466,0.8534,0.84659,0.84659,0.00000,0.00000,0
1023000,1.7000,0.8482,0.8518,0.84821,0.84821,0.00000,0.00000,0
1023500,1.7000,0.8490,0.8510,0.84901,0.84901,0.00000,0.00000,0
1024000,1.7000,0.8490,0.8510,0.84901,0.84901,0.00000,0.00000,0
1024500,1.7000,0.8498,0.8502,0.84982,0.84982,0.00000,0.00000,0
1025000,1.7000,0.8490,0.8510,0.84901,0.84901,0.00000,0.00000,0
1025500,1.7000,0.8498,0.8502,0.84982,0.84982,0.00000,0.00000,0
1026000,1.7000,0.8498,0.8502,0.84982,0.84982,0.00000,0.00000,0
1026500,1.7000,0.8506,0.8494,0.85062,0.85062,0.00000,0.00000,0
1027000,1.7000,0.8490,0.8510,0.84901,0.84901,0.00000,0.00000,0
1027500,1.7000,0.8522,0.8478,0.85223,0.85223,0.00000,0.00000,0
1028000,1.7000,0.8514,0.8486,0.85143,0.85143,0.00000,0.00000,0
1028500,1.7000,0.8514,0.8486,0.85143,0.85143,0.00000,0.00000,0
1029000,1.7000,0.8506,0.8494,0.85062,0.85062,0.00000,0.00000,0
1029500,1.7000,0.8498,0.8502,0.84982,0.84982,0.00000,0.00000,0
1030000,1.7000,0.8522,0.8478,0.85223,0.85223,0.00000,0.00000,0
1030500,1.7000,0.8530,0.8470,0.85304,0.85304,0.00000,0.00000,0
1031000,1.7000,0.8530,0.8470,0.85304,0.85304,0.00000,0.00000,0
1031500,1.7000,0.8530,0.8470,0.85304,0.85304,0.00000,0.00000,0
1032000,1.7000,0.8530,0.8470,0.85304,0.85304,0.00000,0.00000,0
1032500,1.7000,0.8522,0.8478,0.85223,0.85223,0.00000,0.00000,0
1033000,1.7000,0.8522,0.8478,0.85223,0.85223,0.00000,0.00000,0
1033500,1.7000,0.8522,0.8478,0.85223,0.85223,0.00000,0.00000,0
1034000,1.7000,0.8538,0.8462,0.85385,0.85385,0.00000,0.00000,0
1035500,1.7000,0.8506,0.8494,0.85062,0.85062,0.00000,0.00000,0
1036000,1.7000,0.8514,0.8486,0.85143,0.85143,0.00000,0.00000,0
1036500,1.7000,0.8490,0.8510,0.84901,0.84901,0.00000,0.00000,0
1037000,1.7000,0.8498,0.8502,0.84982,0.84982,0.00000,0.00000,0
1038000,1.7000,0.8490,0.8510,0.84901,0.84901,0.00000,0.00000,0
1038500,1.7000,0.8458,0.8542,0.84579,0.84579,0.00000,0.00000,0
1039000,1.7000,0.8450,0.8550,0.84498,0.84498,0.00000,0.00000,0
1039500,1.7000,0.8450,0.8550,0.84498,0.84498,0.00000,0.00000,0
1040000,1.7000,0.8434,0.8566,0.84337,0.84337,0.00000,0.00000,0
1040500,1.7000,0.8450,0.8550,0.84498,0.84498,0.00000,0.00000,0
1041000,1.7000,0.8450,0.8550,0.84498,0.84498,0.00000,0.00000,0
1041500,1.7000,0.8474,0.8526,0.84740,0.84740,0.00000,0.00000,0
1042000,1.7000,0.8466,0.8534,0.84659,0.84659,0.00000,0.00000,0
1042500,1.7000,0.8466,0.8534,0.84659,0.84659,0.00000,0.00000,0
1043000,1.7000,0.8474,0.8526,0.84740,0.84740,0.00000,0.00000,0
1043500,1.7000,0.8506,0.8494,0.85062,0.85062,0.00000,0.00000,0
1044000,1.7000,0.8498,0.8502,0.84982,0.84982,0.00000,0.00000,0
1044500,1.7000,0.8498,0.8502,0.84982,0.84982,0.00000,0.00000,0
1045000,1.7000,0.8514,0.8486,0.85143,0.85143,0.00000,0.00000,0
1045500,1.7000,0.8490,0.8510,0.84901,0.84901,0.00000,0.00000,0
1046000,1.7000,0.8474,0.8526,0.84740,0.84740,0.00000,0.00000,0
1046500,1.7000,0.8474,0.8526,0.84740,0.84740,0.00000,0.00000,0
1047000,1.7000,0.8514,0.8486,0.85143,0.85143,0.00000,0.00000,0
1047500,1.7000,0.8514,0.8486,0.85143,0.85143,0.00000,0.00000,0
1048000,1.7000,0.8514,0.8486,0.85143,0.85143,0.00000,0.00000,0
1048500,1.7000,0.8506,0.8494,0.85062,0.85062,0.00000,0.00000,0
1049000,1.7000,0.8506,0.8494,0.85062,0.85062,0.00000,0.00000,0
1049500,1.7000,0.8514,0.8486,0.85143,0.85143,0.00000,0.00000,0
1050000,1.7000,0.8514,0.8486,0.85143,0.85143,0.00000,0.00000,0
1050500,1.7000,0.8530,0.8470,0.85304,0.85304,0.00000,0.00000,0
1051000,1.7000,0.8547,0.8453,0.85465,0.85465,0.00000,0.00000,0
1051500,1.7000,0.8547,0.8453,0.85465,0.85465,0.00000,0.00000,0
1052000,1.7000,0.8514,0.8486,0.85143,0.85143,0.00000,0.00000,0
1052500,1.7000,0.8498,0.8502,0.84982,0.84982,0.00000,0.00000,0
1053000,1.7000,0.8490,0.8510,0.84901,0.84901,0.00000,0.00000,0
1053500,1.7000,0.8490,0.8510,0.84901,0.84901,0.00000,0.00000,0
1054000,1.7000,0.8482,0.8518,0.84821,0.84821,0.00000,0.00000,0
1054500,1.7000,0.8482,0.8518,0.84821,0.84821,0.00000,0.00000,0
1055000,1.7000,0.8474,0.8526,0.84740,0.84740,0.00000,0.00000,0
1055500,1.7000,0.8482,0.8518,0.84821,0.84821,0.00000,0.00000,0
1056000,1.7000,0.8474,0.8526,0.84740,0.84740,0.00000,0.00000,0
1056500,1.7000,0.8474,0.8526,0.84740,0.84740,0.00000,0.00000,0
1057000,1.7000,0.8474,0.8526,0.84740,0.84740,0.00000,0.00000,0
1057500,1.7000,0.8498,0.8502,0.84982,0.84982,0.00000,0.00000,0
1058000,1.7000,0.8498,0.8502,0.84982,0.84982,0.00000,0.00000,0
1058500,1.7000,0.8498,0.8502,0.84982,0.84982,0.00000,0.00000,0
1059000,1.7000,0.8490,0.8510,0.84901,0.84901,0.00000,0.00000,0
1059500,1.7000,0.8498,0.8502,0.84982,0.84982,0.00000,0.00000,0
1060000,1.7000,0.8506,0.8494,0.85062,0.85062,0.00000,0.00000,0
1060500,1.7000,0.8498,0.8502,0.84982,0.84982,0.00000,0.00000,0
1061000,1.7000,0.8498,0.8502,0.84982,0.84982,0.00000,0.00000,0
1061500,1.7000,0.8498,0.8502,0.84982,0.84982,0.00000,0.00000,0
1062000,1.7000,0.8506,0.8494,0.85062,0.85062,0.00000,0.00000,0
1062500,1.7000,0.8514,0.8486,0.85143,0.85143,0.00000,0.00000,0
1063000,1.7000,0.8506,0.8494,0.85062,0.85062,0.00000,0.00000,0
1063500,1.7000,0.8506,0.8494,0.85062,0.85062,0.00000,0.00000,0
1064000,1.7000,0.8522,0.8478,0.85223,0.85223,0.00000,0.00000,0
1064500,1.7000,0.8522,0.8478,0.85223,0.85223,0.00000,0.00000,0
1065000,1.7000,0.8538,0.8462,0.85385,0.85385,0.00000,0.00000,0
1065500,1.7000,0.8547,0.8453,0.85465,0.85465,0.00000,0.00000,0
1066000,1.7000,0.8538,0.8462,0.85385,0.85385,0.00000,0.00000,0
1066500,1.7000,0.8555,0.8445,0.85546,0.85546,0.00000,0.00000,0
1067000,1.7000,0.8547,0.8453,0.85465,0.85465,0.00000,0.00000,0
1067500,1.7000,0.8538,0.8462,0.85385,0.85385,0.00000,0.00000,0
1068000,1.7000,0.8547,0.8453,0.85465,0.85465,0.00000,0.00000,0
1068500,1.7000,0.8547,0.8453,0.85465,0.85465,0.00000,0.00000,0
1069000,1.7000,0.8530,0.8470,0.85304,0.85304,0.00000,0.00000,0
1069500,1.7000,0.8522,0.8478,0.85223,0.85223,0.00000,0.00000,0
1070000,1.7000,0.8506,0.8494,0.85062,0.85062,0.00000,0.00000,0
1070500,1.7000,0.8490,0.8510,0.84901,0.84901,0.00000,0.00000,0
1071000,1.7000,0.8506,0.8494,0.85062,0.85062,0.00000,0.00000,0
1071500,1.7000,0.8490,0.8510,0.84901,0.84901,0.00000,0.00000,0
1072000,1.7000,0.8482,0.8518,0.84821,0.84821,0.00000,0.00000,0
1072500,1.7000,0.8474,0.8526,0.84740,0.84740,0.00000,0.00000,0
1073000,1.7000,0.8474,0.8526,0.84740,0.84740,0.00000,0.00000,0
1073500,1.7000,0.8474,0.8526,0.84740,0.84740,0.00000,0.00000,0
1074000,1.7000,0.8490,0.8510,0.84901,0.84901,0.00000,0.00000,0
1074500,1.7000,0.8490,0.8510,0.84901,0.84901,0.00000,0.00000,0
1075000,1.7000,0.8490,0.8510,0.84901,0.84901,0.00000,0.00000,0
1075500,1.7000,0.8506,0.8494,0.85062,0.85062,0.00000,0.00000,0
1076000,1.7000,0.8490,0.8510,0.84901,0.84901,0.00000,0.00000,0
1076500,1.7000,0.8498,0.8502,0.84982,0.84982,0.00000,0.00000,0
1077000,1.7000,0.8498,0.8502,0.84982,0.84982,0.00000,0.00000,0
1077500,1.7000,0.8506,0.8494,0.85062,0.85062,0.00000,0.00000,0
1078000,1.7000,0.8506,0.8494,0.85062,0.85062,0.00000,0.00000,0
1078500,1.7000,0.8506,0.8494,0.85062,0.85062,0.00000,0.00000,0
1079000,1.7000,0.8522,0.8478,0.85223,0.85223,0.00000,0.00000,0
1079500,1.7000,0.8530,0.8470,0.85304,0.85304,0.00000,0.00000,0
1080000,1.7000,0.8530,0.8470,0.85304,0.85304,0.00000,0.00000,0
1080500,1.7000,0.8522,0.8478,0.85223,0.85223,0.00000,0.00000,0
1081000,1.7000,0.8522,0.8478,0.85223,0.85223,0.00000,0.00000,0
1081500,1.7000,0.8490,0.8510,0.84901,0.84901,0.00000,0.00000,0
1082000,1.7000,0.8498,0.8502,0.84982,0.84982,0.00000,0.00000,0
1082500,1.7000,0.8506,0.8494,0.85062,0.85062,0.00000,0.00000,0
1083000,1.7000,0.8482,0.8518,0.84821,0.84821,0.00000,0.00000,0
1083500,1.7000,0.8482,0.8518,0.84821,0.84821,0.00000,0.00000,0
1084000,1.7000,0.8458,0.8542,0.84579,0.84579,0.00000,0.00000,0
1084500,1.7000,0.8442,0.8558,0.84418,0.84418,0.00000,0.00000,0
1085000,1.7000,0.8450,0.8550,0.84498,0.84498,0.00000,0.00000,0
1085500,1.7000,0.8450,0.8550,0.84498,0.84498,0.00000,0.00000,0
1086000,1.7000,0.8458,0.8542,0.84579,0.84579,0.00000,0.00000,0
1086500,1.7000,0.8482,0.8518,0.84821,0.84821,0.00000,0.00000,0
1087000,1.7000,0.8490,0.8510,0.84901,0.84901,0.00000,0.00000,0
1087500,1.7000,0.8474,0.8526,0.84740,0.84740,0.00000,0.00000,0
1088000,1.7000,0.8514,0.8486,0.85143,0.85143,0.00000,0.00000,0
1088500,1.7000,0.8514,0.8486,0.85143,0.85143,0.00000,0.00000,0
1089000,1.7000,0.8522,0.8478,0.85223,0.85223,0.00000,0.00000,0
1089500,1.7000,0.8530,0.8470,0.85304,0.85304,0.00000,0.00000,0
1090000,1.7000,0.8514,0.8486,0.85143,0.85143,0.00000,0.00000,0
1090500,1.7000,0.8514,0.8486,0.85143,0.85143,0.00000,0.00000,0
1091000,1.7000,0.8514,0.8486,0.85143,0.85143,0.00000,0.00000,0
1091500,1.7000,0.8514,0.8486,0.85143,0.85143,0.00000,0.00000,0
1092000,1.7000,0.8514,0.8486,0.85143,0.85143,0.00000,0.00000,0
1092500,1.7000,0.8522,0.8478,0.85223,0.85223,0.00000,0.00000,0
1093000,1.7000,0.8514,0.8486,0.85143,0.85143,0.00000,0.00000,0
1093500,1.7000,0.8506,0.8494,0.85062,0.85062,0.00000,0.00000,0
1094000,1.7000,0.8506,0.8494,0.85062,0.85062,0.00000,0.00000,0
1094500,1.7000,0.8506,0.8494,0.85062,0.85062,0.00000,0.00000,0
1095500,1.7000,0.8506,0.8494,0.85062,0.85062,0.00000,0.00000,0
1096000,1.7000,0.8506,0.8494,0.85062,0.85062,0.00000,0.00000,0
1096500,1.7000,0.8506,0.8494,0.85062,0.85062,0.00000,0.00000,0
1097000,1.7000,0.8506,0.8494,0.85062,0.85062,0.00000,0.00000,0
1097500,1.7000,0.8498,0.8502,0.84982,0.84982,0.00000,0.00000,0
1098000,1.7000,0.8506,0.8494,0.85062,0.85062,0.00000,0.00000,0
1098500,1.7000,0.8506,0.8494,0.85062,0.85062,0.00000,0.00000,0
1099000,1.7000,0.8522,0.8478,0.85223,0.85223,0.00000,0.00000,0
1099500,1.7000,0.8514,0.8486,0.85143,0.85143,0.00000,0.00000,0
1100000,1.7000,0.8514,0.8486,0.85143,0.85143,0.00000,0.00000,0
1100500,1.7000,0.8522,0.8478,0.85223,0.85223,0.00000,0.00000,0
1101000,1.7000,0.8514,0.8486,0.85143,0.85143,0.00000,0.00000,0
1101500,1.7000,0.8514,0.8486,0.85143,0.85143,0.00000,0.00000,0
1102000,1.7000,0.8514,0.8486,0.85143,0.85143,0.00000,0.00000,0
1102500,1.7000,0.8522,0.8478,0.85223,0.85223,0.00000,0.00000,0
1103000,1.7000,0.8514,0.8486,0.85143,0.85143,0.00000,0.00000,0
1103500,1.7000,0.8522,0.8478,0.85223,0.85223,0.00000,0.00000,0
1104000,1.7000,0.8514,0.8486,0.85143,0.85143,0.00000,0.00000,0
1104500,1.7000,0.8514,0.8486,0.85143,0.85143,0.00000,0.00000,0
1105000,1.7000,0.8506,0.8494,0.85062,0.85062,0.00000,0.00000,0
1105500,1.7000,0.8522,0.8478,0.85223,0.85223,0.00000,0.00000,0
1106000,1.7000,0.8514,0.8486,0.85143,0.85143,0.00000,0.00000,0
1106500,1.7000,0.8506,0.8494,0.85062,0.85062,0.00000,0.00000,0
1107000,1.7000,0.8498,0.8502,0.84982,0.84982,0.00000,0.00000,0
1107500,1.7000,0.8490,0.8510,0.84901,0.84901,0.00000,0.00000,0
1108000,1.7000,0.8482,0.8518,0.84821,0.84821,0.00000,0.00000,0
1108500,1.7000,0.8482,0.8518,0.84821,0.84821,0.00000,0.00000,0
1109000,1.7000,0.8474,0.8526,0.84740,0.84740,0.00000,0.00000,0
1109500,1.7000,0.8474,0.8526,0.84740,0.84740,0.00000,0.00000,0
1110000,1.7000,0.8474,0.8526,0.84740,0.84740,0.00000,0.00000,0
1110500,1.7000,0.8466,0.8534,0.84659,0.84659,0.00000,0.00000,0
1111000,1.7000,0.8474,0.8526,0.84740,0.84740,0.00000,0.00000,0
1111500,1.7000,0.8474,0.8526,0.84740,0.84740,0.00000,0.00000,0
1112000,1.7000,0.8490,0.8510,0.84901,0.84901,0.00000,0.00000,0
1112500,1.7000,0.8490,0.8510,0.84901,0.84901,0.00000,0.00000,0
1113000,1.7000,0.8490,0.8510,0.84901,0.84901,0.00000,0.00000,0
1113500,1.7000,0.8490,0.8510,0.84901,0.84901,0.00000,0.00000,0
1114000,1.7000,0.8498,0.8502,0.84982,0.84982,0.00000,0.00000,0
1114500,1.7000,0.8498,0.8502,0.84982,0.84982,0.00000,0.00000,0
1115000,1.7000,0.8506,0.8494,0.85062,0.85062,0.00000,0.00000,0
1115500,1.7000,0.8506,0.8494,0.85062,0.85062,0.00000,0.00000,0
1116000,1.7000,0.8506,0.8494,0.85062,0.85062,0.00000,0.00000,0
1116500,1.7000,0.8506,0.8494,0.85062,0.85062,0.00000,0.00000,0
1117000,1.7000,0.8514,0.8486,0.85143,0.85143,0.00000,0.00000,0
1117500,1.7000,0.8514,0.8486,0.85143,0.85143,0.00000,0.00000,0
1118000,1.7000,0.8522,0.8478,0.85223,0.85223,0.00000,0.00000,0
1118500,1.7000,0.8522,0.8478,0.85223,0.85223,0.00000,0.00000,0
1119000,1.7000,0.8514,0.8486,0.85143,0.85143,0.00000,0.00000,0
1119500,1.7000,0.8522,0.8478,0.85223,0.85223,0.00000,0.00000,0
1120000,1.7000,0.8522,0.8478,0.85223,0.85223,0.00000,0.00000,0
1120500,1.7000,0.8522,0.8478,0.85223,0.85223,0.00000,0.00000,0
1121000,1.7000,0.8522,0.8478,0.85223,0.85223,0.00000,0.00000,0
1121500,1.7000,0.8530,0.8470,0.85304,0.85304,0.00000,0.00000,0
1122000,1.7000,0.8522,0.8478,0.85223,0.85223,0.00000,0.00000,0
1122500,1.7000,0.8522,0.8478,0.85223,0.85223,0.00000,0.00000,0
1123000,1.7000,0.8514,0.8486,0.85143,0.85143,0.00000,0.00000,0
1123500,1.7000,0.8571,0.8429,0.85707,0.85707,0.00000,0.00000,0
1124000,1.7000,0.8571,0.8429,0.85707,0.85707,0.00000,0.00000,0
1124500,1.7000,0.8571,0.8429,0.85707,0.85707,0.00000,0.00000,0
1125000,1.7000,0.8571,0.8429,0.85707,0.85707,0.00000,0.00000,0
1125500,1.7000,0.8563,0.8437,0.85626,0.85626,0.00000,0.00000,0
1126000,1.7000,0.8563,0.8437,0.85626,0.85626,0.00000,0.00000,0
1126500,1.7000,0.8563,0.8437,0.85626,0.85626,0.00000,0.00000,0
1127000,1.7000,0.8563,0.8437,0.85626,0.85626,0.00000,0.00000,0
1127500,1.7000,0.8563,0.8437,0.85626,0.85626,0.00000,0.00000,0
1128000,1.7000,0.8571,0.8429,0.85707,0.85707,0.00000,0.00000,0
1128500,1.7000,0.8506,0.8494,0.85062,0.85062,0.00000,0.00000,0
1129000,1.7000,0.8490,0.8510,0.84901,0.84901,0.00000,0.00000,0
1129500,1.7000,0.8490,0.8510,0.84901,0.84901,0.00000,0.00000,0
1130000,1.7000,0.8498,0.8502,0.84982,0.84982,0.00000,0.00000,0
1130500,1.7000,0.8490,0.8510,0.84901,0.84901,0.00000,0.00000,0
1131000,1.7000,0.8522,0.8478,0.85223,0.85223,0.00000,0.00000,0
1131500,1.7000,0.8538,0.8462,0.85385,0.85385,0.00000,0.00000,0
1132000,1.7000,0.8538,0.8462,0.85385,0.85385,0.00000,0.00000,0
1132500,1.7000,0.8538,0.8462,0.85385,0.85385,0.00000,0.00000,0
1133000,1.7000,0.8538,0.8462,0.85385,0.85385,0.00000,0.00000,0
1133500,1.7000,0.8538,0.8462,0.85385,0.85385,0.00000,0.00000,0
1134000,1.7000,0.8538,0.8462,0.85385,0.85385,0.00000,0.00000,0
1134500,1.7000,0.8538,0.8462,0.85385,0.85385,0.00000,0.00000,0
1135000,1.7000,0.8514,0.8486,0.85143,0.85143,0.00000,0.00000,0
1135500,1.7000,0.8522,0.8478,0.85223,0.85223,0.00000,0.00000,0
1136000,1.7000,0.8490,0.8510,0.84901,0.84901,0.00000,0.00000,0
1136500,1.7000,0.8482,0.8518,0.84821,0.84821,0.00000,0.00000,0
1137000,1.7000,0.8474,0.8526,0.84740,0.84740,0.00000,0.00000,0
1137500,1.7000,0.8474,0.8526,0.84740,0.84740,0.00000,0.00000,0
1138000,1.7000,0.8466,0.8534,0.84659,0.84659,0.00000,0.00000,0
1138500,1.7000,0.8466,0.8534,0.84659,0.84659,0.00000,0.00000,0
1139000,1.7000,0.8474,0.8526,0.84740,0.84740,0.00000,0.00000,0
1139500,1.7000,0.8482,0.8518,0.84821,0.84821,0.00000,0.00000,0
1140000,1.7000,0.8490,0.8510,0.84901,0.84901,0.00000,0.00000,0
1140500,1.7000,0.8498,0.8502,0.84982,0.84982,0.00000,0.00000,0
1141000,1.7000,0.8514,0.8486,0.85143,0.85143,0.00000,0.00000,0
1141500,1.7000,0.8506,0.8494,0.85062,0.85062,0.00000,0.00000,0
1142000,1.7000,0.8506,0.8494,0.85062,0.85062,0.00000,0.00000,0
1142500,1.7000,0.8506,0.8494,0.85062,0.85062,0.00000,0.00000,0
1143000,1.7000,0.8514,0.8486,0.85143,0.85143,0.00000,0.00000,0
1143500,1.7000,0.8522,0.8478,0.85223,0.85223,0.00000,0.00000,0
1144000,1.7000,0.8530,0.8470,0.85304,0.85304,0.00000,0.00000,0
1144500,1.7000,0.8538,0.8462,0.85385,0.85385,0.00000,0.00000,0
1145000,1.7000,0.8538,0.8462,0.85385,0.85385,0.00000,0.00000,0
1145500,1.7000,0.8530,0.8470,0.85304,0.85304,0.00000,0.00000,0
1146000,1.7000,0.8498,0.8502,0.84982,0.84982,0.00000,0.00000,0
1146500,1.7000,0.8498,0.8502,0.84982,0.84982,0.00000,0.00000,0
1147000,1.7000,0.8498,0.8502,0.84982,0.84982,0.00000,0.00000,0
1147500,1.7000,0.8498,0.8502,0.84982,0.84982,0.00000,0.00000,0
1148000,1.7000,0.8490,0.8510,0.84901,0.84901,0.00000,0.00000,0
1148500,1.7000,0.8482,0.8518,0.84821,0.84821,0.00000,0.00000,0
1149000,1.7000,0.8458,0.8542,0.84579,0.84579,0.00000,0.00000,0
1149500,1.7000,0.8458,0.8542,0.84579,0.84579,0.00000,0.00000,0
1150000,1.7000,0.8458,0.8542,0.84579,0.84579,0.00000,0.00000,0
1150500,1.7000,0.8458,0.8542,0.84579,0.84579,0.00000,0.00000,0
1151000,1.7000,0.8466,0.8534,0.84659,0.84659,0.00000,0.00000,0
1151500,1.7000,0.8466,0.8534,0.84659,0.84659,0.00000,0.00000,0
1152000,1.7000,0.8466,0.8534,0.84659,0.84659,0.00000,0.00000,0
1152500,1.7000,0.8466,0.8534,0.84659,0.84659,0.00000,0.00000,0
1153000,1.7000,0.8490,0.8510,0.84901,0.84901,0.00000,0.00000,0
1153500,1.7000,0.8490,0.8510,0.84901,0.84901,0.00000,0.00000,0
1154000,1.7000,0.8498,0.8502,0.84982,0.84982,0.00000,0.00000,0
1154500,1.7000,0.8498,0.8502,0.84982,0.84982,0.00000,0.00000,0
1155000,1.7000,0.8490,0.8510,0.84901,0.84901,0.00000,0.00000,0
1155500,1.7000,0.8498,0.8502,0.84982,0.84982,0.00000,0.00000,0
1156000,1.7000,0.8506,0.8494,0.85062,0.85062,0.00000,0.00000,0
1156500,1.7000,0.8506,0.8494,0.85062,0.85062,0.00000,0.00000,0
1157000,1.7000,0.8522,0.8478,0.85223,0.85223,0.00000,0.00000,0
1157500,1.7000,0.8530,0.8470,0.85304,0.85304,0.00000,0.00000,0
1158000,1.7000,0.8514,0.8486,0.85143,0.85143,0.00000,0.00000,0
1158500,1.7000,0.8514,0.8486,0.85143,0.85143,0.00000,0.00000,0
1159000,1.7000,0.8522,0.8478,0.85223,0.85223,0.00000,0.00000,0
1159500,1.7000,0.8522,0.8478,0.85223,0.85223,0.00000,0.00000,0
1160000,1.7000,0.8482,0.8518,0.84821,0.84821,0.00000,0.00000,0
1160500,1.7000,0.8450,0.8550,0.84498,0.84498,0.00000,0.00000,0
1161000,1.7000,0.8450,0.8550,0.84498,0.84498,0.00000,0.00000,0
1161500,1.7000,0.8450,0.8550,0.84498,0.84498,0.00000,0.00000,0
1162000,1.7000,0.8442,0.8558,0.84418,0.84418,0.00000,0.00000,0
1162500,1.7000,0.8442,0.8558,0.84418,0.84418,0.00000,0.00000,0
1163000,1.7000,0.8442,0.8558,0.84418,0.84418,0.00000,0.00000,0
1163500,1.7000,0.8442,0.8558,0.84418,0.84418,0.00000,0.00000,0
1164000,1.7000,0.8426,0.8574,0.84256,0.84256,0.00000,0.00000,0
1164500,1.7000,0.8434,0.8566,0.84337,0.84337,0.00000,0.00000,0
1165000,1.7000,0.8474,0.8526,0.84740,0.84740,0.00000,0.00000,0
1165500,1.7000,0.8506,0.8494,0.85062,0.85062,0.00000,0.00000,0
1166000,1.7000,0.8506,0.8494,0.85062,0.85062,0.00000,0.00000,0
1166500,1.7000,0.8498,0.8502,0.84982,0.84982,0.00000,0.00000,0
1167000,1.7000,0.8498,0.8502,0.84982,0.84982,0.00000,0.00000,0
1167500,1.7000,0.8490,0.8510,0.84901,0.84901,0.00000,0.00000,0
1168000,1.7000,0.8514,0.8486,0.85143,0.85143,0.00000,0.00000,0
1168500,1.7000,0.8506,0.8494,0.85062,0.85062,0.00000,0.00000,0
1169000,1.7000,0.8522,0.8478,0.85223,0.85223,0.00000,0.00000,0
1169500,1.7000,0.8538,0.8462,0.85385,0.85385,0.00000,0.00000,0
1170000,1.7000,0.8538,0.8462,0.85385,0.85385,0.00000,0.00000,0
1170500,1.7000,0.8530,0.8470,0.85304,0.85304,0.00000,0.00000,0
1171000,1.7000,0.8522,0.8478,0.85223,0.85223,0.00000,0.00000,0
1171500,1.7000,0.8514,0.8486,0.85143,0.85143,0.00000,0.00000,0
1172000,1.7000,0.8522,0.8478,0.85223,0.85223,0.00000,0.00000,0
1172500,1.7000,0.8522,0.8478,0.85223,0.85223,0.00000,0.00000,0
1173000,1.7000,0.8498,0.8502,0.84982,0.84982,0.00000,0.00000,0
1173500,1.7000,0.8482,0.8518,0.84821,0.84821,0.00000,0.00000,0
1174000,1.7000,0.8482,0.8518,0.84821,0.84821,0.00000,0.00000,0
1174500,1.7000,0.8466,0.8534,0.84659,0.84659,0.00000,0.00000,0
1175000,1.7000,0.8450,0.8550,0.84498,0.84498,0.00000,0.00000,0
1175500,1.7000,0.8458,0.8542,0.84579,0.84579,0.00000,0.00000,0
1176000,1.7000,0.8466,0.8534,0.84659,0.84659,0.00000,0.00000,0
1176500,1.7000,0.8474,0.8526,0.84740,0.84740,0.00000,0.00000,0
1177000,1.7000,0.8458,0.8542,0.84579,0.84579,0.00000,0.00000,0
1177500,1.7000,0.8458,0.8542,0.84579,0.84579,0.00000,0.00000,0
1178000,1.7000,0.8458,0.8542,0.84579,0.84579,0.00000,0.00000,0
1178500,1.7000,0.8466,0.8534,0.84659,0.84659,0.00000,0.00000,0
1179000,1.7000,0.8490,0.8510,0.84901,0.84901,0.00000,0.00000,0
1179500,1.7000,0.8490,0.8510,0.84901,0.84901,0.00000,0.00000,0
1180000,1.7000,0.8506,0.8494,0.85062,0.85062,0.00000,0.00000,0
1180500,1.7000,0.8506,0.8494,0.85062,0.85062,0.00000,0.00000,0
1181000,1.7000,0.8490,0.8510,0.84901,0.84901,0.00000,0.00000,0
1181500,1.7000,0.8490,0.8510,0.84901,0.84901,0.00000,0.00000,0
1182000,1.7000,0.8506,0.8494,0.85062,0.85062,0.00000,0.00000,0
1182500,1.7000,0.8522,0.8478,0.85223,0.85223,0.00000,0.00000,0
1183000,1.7000,0.8522,0.8478,0.85223,0.85223,0.00000,0.00000,0
1183500,1.7000,0.8514,0.8486,0.85143,0.85143,0.00000,0.00000,0
1184000,1.7000,0.8506,0.8494,0.85062,0.85062,0.00000,0.00000,0
1184500,1.7000,0.8506,0.8494,0.85062,0.85062,0.00000,0.00000,0
1185000,1.7000,0.8498,0.8502,0.84982,0.84982,0.00000,0.00000,0
1185500,1.7000,0.8490,0.8510,0.84901,0.84901,0.00000,0.00000,0
1186000,1.7000,0.8514,0.8486,0.85143,0.85143,0.00000,0.00000,0
1186500,1.7000,0.8498,0.8502,0.84982,0.84982,0.00000,0.00000,0
1187000,1.7000,0.8490,0.8510,0.84901,0.84901,0.00000,0.00000,0
1187500,1.7000,0.8482,0.8518,0.84821,0.84821,0.00000,0.00000,0
1188000,1.7000,0.8498,0.8502,0.84982,0.84982,0.00000,0.00000,0
1188500,1.7000,0.8506,0.8494,0.85062,0.85062,0.00000,0.00000,0
1189000,1.7000,0.8506,0.8494,0.85062,0.85062,0.00000,0.00000,0
1189500,1.7000,0.8506,0.8494,0.85062,0.85062,0.00000,0.00000,0
1190000,1.7000,0.8498,0.8502,0.84982,0.84982,0.00000,0.00000,0
1190500,1.7000,0.8498,0.8502,0.84982,0.84982,0.00000,0.00000,0
1191000,1.7000,0.8506,0.8494,0.85062,0.85062,0.00000,0.00000,0
1191500,1.7000,0.8514,0.8486,0.85143,0.85143,0.00000,0.00000,0
1192000,1.7000,0.8514,0.8486,0.85143,0.85143,0.00000,0.00000,0
1192500,1.7000,0.8506,0.8494,0.85062,0.85062,0.00000,0.00000,0
1193000,1.7000,0.8498,0.8502,0.84982,0.84982,0.00000,0.00000,0
1193500,1.7000,0.8490,0.8510,0.84901,0.84901,0.00000,0.00000,0
1194000,1.7000,0.8490,0.8510,0.84901,0.84901,0.00000,0.00000,0
1194500,1.7000,0.8490,0.8510,0.84901,0.84901,0.00000,0.00000,0
1195000,1.7000,0.8498,0.8502,0.84982,0.84982,0.00000,0.00000,0
1195500,1.7000,0.8514,0.8486,0.85143,0.85143,0.00000,0.00000,0
1196000,1.7000,0.8506,0.8494,0.85062,0.85062,0.00000,0.00000,0
1196500,1.7000,0.8514,0.8486,0.85143,0.85143,0.00000,0.00000,0
1197000,1.7000,0.8514,0.8486,0.85143,0.85143,0.00000,0.00000,0
1197500,1.7000,0.8514,0.8486,0.85143,0.85143,0.00000,0.00000,0
1198000,1.7000,0.8538,0.8462,0.85385,0.85385,0.00000,0.00000,0
1198500,1.7000,0.8530,0.8470,0.85304,0.85304,0.00000,0.00000,0
1199000,1.7000,0.8530,0.8470,0.85304,0.85304,0.00000,0.00000,0
1199500,1.7000,0.8538,0.8462,0.85385,0.85385,0.00000,0.00000,0
1200000,1.7000,0.8538,0.8462,0.85385,0.85385,0.00000,0.00000,0
1200500,1.7000,0.8522,0.8478,0.85223,0.85223,0.00000,0.00000,0
1201000,1.7000,0.8522,0.8478,0.85223,0.85223,0.00000,0.00000,0
1201500,1.7000,0.8514,0.8486,0.85143,0.85143,0.00000,0.00000,0
1202000,1.7000,0.8514,0.8486,0.85143,0.85143,0.00000,0.00000,0
1202500,1.7000,0.8514,0.8486,0.85143,0.85143,0.00000,0.00000,0
1203000,1.7000,0.8498,0.8502,0.84982,0.84982,0.00000,0.00000,0
1203500,1.7000,0.8498,0.8502,0.84982,0.84982,0.00000,0.00000,0
1204000,1.7000,0.8506,0.8494,0.85062,0.85062,0.00000,0.00000,0
1204500,1.7000,0.8482,0.8518,0.84821,0.84821,0.00000,0.00000,0
1205000,1.7000,0.8490,0.8510,0.84901,0.84901,0.00000,0.00000,0
1205500,1.7000,0.8490,0.8510,0.84901,0.84901,0.00000,0.00000,0
1206000,1.7000,0.8506,0.8494,0.85062,0.85062,0.00000,0.00000,0
1206500,1.7000,0.8514,0.8486,0.85143,0.85143,0.00000,0.00000,0
1207000,1.7000,0.8522,0.8478,0.85223,0.85223,0.00000,0.00000,0
1207500,1.7000,0.8522,0.8478,0.85223,0.85223,0.00000,0.00000,0
1208000,1.7000,0.8522,0.8478,0.85223,0.85223,0.00000,0.00000,0
1208500,1.7000,0.8530,0.8470,0.85304,0.85304,0.00000,0.00000,0
1209000,1.7000,0.8522,0.8478,0.85223,0.85223,0.00000,0.00000,0
1209500,1.7000,0.8538,0.8462,0.85385,0.85385,0.00000,0.00000,0
1210000,1.7000,0.8530,0.8470,0.85304,0.85304,0.00000,0.00000,0
1210500,1.7000,0.8530,0.8470,0.85304,0.85304,0.00000,0.00000,0
1211000,1.7000,0.8514,0.8486,0.85143,0.85143,0.00000,0.00000,0
1211500,1.7000,0.8506,0.8494,0.85062,0.85062,0.00000,0.00000,0
1212000,1.7000,0.8506,0.8494,0.85062,0.85062,0.00000,0.00000,0
1212500,1.7000,0.8506,0.8494,0.85062,0.85062,0.00000,0.00000,0
1213000,1.7000,0.8506,0.8494,0.85062,0.85062,0.00000,0.00000,0
1213500,1.7000,0.8498,0.8502,0.84982,0.84982,0.00000,0.00000,0
1214000,1.7000,0.8506,0.8494,0.85062,0.85062,0.00000,0.00000,0
1214500,1.7000,0.8498,0.8502,0.84982,0.84982,0.00000,0.00000,0
1215000,1.7000,0.8498,0.8502,0.84982,0.84982,0.00000,0.00000,0
1215500,1.7000,0.8498,0.8502,0.84982,0.84982,0.00000,0.00000,0
1216000,1.7000,0.8498,0.8502,0.84982,0.84982,0.00000,0.00000,0
1216500,1.7000,0.8498,0.8502,0.84982,0.84982,0.00000,0.00000,0
1217000,1.7000,0.8498,0.8502,0.84982,0.84982,0.00000,0.00000,0
1217500,1.7000,0.8506,0.8494,0.85062,0.85062,0.00000,0.00000,0
1218000,1.7000,0.8498,0.8502,0.84982,0.84982,0.00000,0.00000,0
1218500,1.7000,0.8498,0.8502,0.84982,0.84982,0.00000,0.00000,0
1219000,1.7000,0.8498,0.8502,0.84982,0.84982,0.00000,0.00000,0
1219500,1.7000,0.8498,0.8502,0.84982,0.84982,0.00000,0.00000,0
1220000,1.7000,0.8490,0.8510,0.84901,0.84901,0.00000,0.00000,0
1220500,1.7000,0.8490,0.8510,0.84901,0.84901,0.00000,0.00000,0
1221000,1.7000,0.8482,0.8518,0.84821,0.84821,0.00000,0.00000,0
1221500,1.7000,0.8482,0.8518,0.84821,0.84821,0.00000,0.00000,0
1222000,1.7000,0.8482,0.8518,0.84821,0.84821,0.00000,0.00000,0
1222500,1.7000,0.8474,0.8526,0.84740,0.84740,0.00000,0.00000,0
1223000,1.7000,0.8482,0.8518,0.84821,0.84821,0.00000,0.00000,0
1223500,1.7000,0.8474,0.8526,0.84740,0.84740,0.00000,0.00000,0
1224000,1.7000,0.8490,0.8510,0.84901,0.84901,0.00000,0.00000,0
1224500,1.7000,0.8482,0.8518,0.84821,0.84821,0.00000,0.00000,0
1225000,1.7000,0.8490,0.8510,0.84901,0.84901,0.00000,0.00000,0
1225500,1.7000,0.8474,0.8526,0.84740,0.84740,0.00000,0.00000,0
1226000,1.7000,0.8482,0.8518,0.84821,0.84821,0.00000,0.00000,0
1226500,1.7000,0.8482,0.8518,0.84821,0.84821,0.00000,0.00000,0
1227000,1.7000,0.8474,0.8526,0.84740,0.84740,0.00000,0.00000,0
1227500,1.7000,0.8466,0.8534,0.84659,0.84659,0.00000,0.00000,0
1228000,1.7000,0.8474,0.8526,0.84740,0.84740,0.00000,0.00000,0
1228500,1.7000,0.8474,0.8526,0.84740,0.84740,0.00000,0.00000,0
1229000,1.7000,0.8482,0.8518,0.84821,0.84821,0.00000,0.00000,0
1229500,1.7000,0.8490,0.8510,0.84901,0.84901,0.00000,0.00000,0
1230000,1.7000,0.8498,0.8502,0.84982,0.84982,0.00000,0.00000,0
1230500,1.7000,0.8506,0.8494,0.85062,0.85062,0.00000,0.00000,0
1231000,1.7000,0.8522,0.8478,0.85223,0.85223,0.00000,0.00000,0
1231500,1.7000,0.8538,0.8462,0.85385,0.85385,0.00000,0.00000,0
1232000,1.7000,0.8530,0.8470,0.85304,0.85304,0.00000,0.00000,0
1232500,1.7000,0.8547,0.8453,0.85465,0.85465,0.00000,0.00000,0
1233000,1.7000,0.8530,0.8470,0.85304,0.85304,0.00000,0.00000,0
1233500,1.7000,0.8530,0.8470,0.85304,0.85304,0.00000,0.00000,0
1234000,1.7000,0.8530,0.8470,0.85304,0.85304,0.00000,0.00000,0
1234500,1.7000,0.8514,0.8486,0.85143,0.85143,0.00000,0.00000,0
1235000,1.7000,0.8514,0.8486,0.85143,0.85143,0.00000,0.00000,0
1235500,1.7000,0.8530,0.8470,0.85304,0.85304,0.00000,0.00000,0
1236000,1.7000,0.8530,0.8470,0.85304,0.85304,0.00000,0.00000,0
1236500,1.7000,0.8530,0.8470,0.85304,0.85304,0.00000,0.00000,0
1237000,1.7000,0.8530,0.8470,0.85304,0.85304,0.00000,0.00000,0
1237500,1.7000,0.8530,0.8470,0.85304,0.85304,0.00000,0.00000,0
1238000,1.7000,0.8547,0.8453,0.85465,0.85465,0.00000,0.00000,0
1238500,1.7000,0.8538,0.8462,0.85385,0.85385,0.00000,0.00000,0
1239000,1.7000,0.8547,0.8453,0.85465,0.85465,0.00000,0.00000,0
1239500,1.7000,0.8547,0.8453,0.85465,0.85465,0.00000,0.00000,0
1240000,1.7000,0.8547,0.8453,0.85465,0.85465,0.00000,0.00000,0
1240500,1.7000,0.8522,0.8478,0.85223,0.85223,0.00000,0.00000,0
1241000,1.7000,0.8514,0.8486,0.85143,0.85143,0.00000,0.00000,0
1241500,1.7000,0.8490,0.8510,0.84901,0.84901,0.00000,0.00000,0
1242000,1.7000,0.8514,0.8486,0.85143,0.85143,0.00000,0.00000,0
1242500,1.7000,0.8514,0.8486,0.85143,0.85143,0.00000,0.00000,0
1243000,1.7000,0.8514,0.8486,0.85143,0.85143,0.00000,0.00000,0
1243500,1.7000,0.8514,0.8486,0.85143,0.85143,0.00000,0.00000,0
1244000,1.7000,0.8498,0.8502,0.84982,0.84982,0.00000,0.00000,0
1244500,1.7000,0.8498,0.8502,0.84982,0.84982,0.00000,0.00000,0
1245000,1.7000,0.8506,0.8494,0.85062,0.85062,0.00000,0.00000,0
1245500,1.7000,0.8514,0.8486,0.85143,0.85143,0.00000,0.00000,0
1246000,1.7000,0.8514,0.8486,0.85143,0.85143,0.00000,0.00000,0
1246500,1.7000,0.8522,0.8478,0.85223,0.85223,0.00000,0.00000,0
1247000,1.7000,0.8498,0.8502,0.84982,0.84982,0.00000,0.00000,0
1247500,1.7000,0.8514,0.8486,0.85143,0.85143,0.00000,0.00000,0
1248000,1.7000,0.8506,0.8494,0.85062,0.85062,0.00000,0.00000,0
1248500,1.7000,0.8506,0.8494,0.85062,0.85062,0.00000,0.00000,0
1249000,1.7000,0.8506,0.8494,0.85062,0.85062,0.00000,0.00000,0
1249500,1.7000,0.8506,0.8494,0.85062,0.85062,0.00000,0.00000,0
1250000,1.7000,0.8514,0.8486,0.85143,0.85143,0.00000,0.00000,0
1250500,1.7000,0.8514,0.8486,0.85143,0.85143,0.00000,0.00000,0
1251000,1.7000,0.8506,0.8494,0.85062,0.85062,0.00000,0.00000,0
1251500,1.7000,0.8514,0.8486,0.85143,0.85143,0.00000,0.00000,0
1252000,1.7000,0.8530,0.8470,0.85304,0.85304,0.00000,0.00000,0
1252500,1.7000,0.8522,0.8478,0.85223,0.85223,0.00000,0.00000,0
1253000,1.7000,0.8514,0.8486,0.85143,0.85143,0.00000,0.00000,0
1253500,1.7000,0.8514,0.8486,0.85143,0.85143,0.00000,0.00000,0
1254000,1.7000,0.8506,0.8494,0.85062,0.85062,0.00000,0.00000,0
1254500,1.7000,0.8538,0.8462,0.85385,0.85385,0.00000,0.00000,0
1255000,1.7000,0.8530,0.8470,0.85304,0.85304,0.00000,0.00000,0
1255500,1.7000,0.8522,0.8478,0.85223,0.85223,0.00000,0.00000,0
1256000,1.7000,0.8530,0.8470,0.85304,0.85304,0.00000,0.00000,0
1256500,1.7000,0.8522,0.8478,0.85223,0.85223,0.00000,0.00000,0
1257000,1.7000,0.8514,0.8486,0.85143,0.85143,0.00000,0.00000,0
1257500,1.7000,0.8522,0.8478,0.85223,0.85223,0.00000,0.00000,0
1258000,1.7000,0.8458,0.8542,0.84579,0.84579,0.00000,0.00000,0
1258500,1.7000,0.8474,0.8526,0.84740,0.84740,0.00000,0.00000,0
1259000,1.7000,0.8482,0.8518,0.84821,0.84821,0.00000,0.00000,0
1259500,1.7000,0.8442,0.8558,0.84418,0.84418,0.00000,0.00000,0
1260000,1.7000,0.8442,0.8558,0.84418,0.84418,0.00000,0.00000,0
1260500,1.7000,0.8442,0.8558,0.84418,0.84418,0.00000,0.00000,0
1261000,1.7000,0.8442,0.8558,0.84418,0.84418,0.00000,0.00000,0
1261500,1.7000,0.8450,0.8550,0.84498,0.84498,0.00000,0.00000,0
1262000,1.7000,0.8442,0.8558,0.84418,0.84418,0.00000,0.00000,0
1262500,1.7000,0.8434,0.8566,0.84337,0.84337,0.00000,0.00000,0
1263000,1.7000,0.8498,0.8502,0.84982,0.84982,0.00000,0.00000,0
1263500,1.7000,0.8490,0.8510,0.84901,0.84901,0.00000,0.00000,0
1264000,1.7000,0.8490,0.8510,0.84901,0.84901,0.00000,0.00000,0
1264500,1.7000,0.8498,0.8502,0.84982,0.84982,0.00000,0.00000,0
1265000,1.7000,0.8490,0.8510,0.84901,0.84901,0.00000,0.00000,0
1265500,1.7000,0.8498,0.8502,0.84982,0.84982,0.00000,0.00000,0
1266000,1.7000,0.8482,0.8518,0.84821,0.84821,0.00000,0.00000,0
1266500,1.7000,0.8482,0.8518,0.84821,0.84821,0.00000,0.00000,0
1267000,1.7000,0.8482,0.8518,0.84821,0.84821,0.00000,0.00000,0
1267500,1.7000,0.8482,0.8518,0.84821,0.84821,0.00000,0.00000,0
1268000,1.7000,0.8482,0.8518,0.84821,0.84821,0.00000,0.00000,0
1268500,1.7000,0.8474,0.8526,0.84740,0.84740,0.00000,0.00000,0
1269000,1.7000,0.8474,0.8526,0.84740,0.84740,0.00000,0.00000,0
1269500,1.7000,0.8458,0.8542,0.84579,0.84579,0.00000,0.00000,0
1270000,1.7000,0.8458,0.8542,0.84579,0.84579,0.00000,0.00000,0
1270500,1.7000,0.8458,0.8542,0.84579,0.84579,0.00000,0.00000,0
1271000,1.7000,0.8466,0.8534,0.84659,0.84659,0.00000,0.00000,0
1271500,1.7000,0.8498,0.8502,0.84982,0.84982,0.00000,0.00000,0
1272000,1.7000,0.8482,0.8518,0.84821,0.84821,0.00000,0.00000,0
1272500,1.7000,0.8466,0.8534,0.84659,0.84659,0.00000,0.00000,0
1273000,1.7000,0.8458,0.8542,0.84579,0.84579,0.00000,0.00000,0
1273500,1.7000,0.8466,0.8534,0.84659,0.84659,0.00000,0.00000,0
1274000,1.7000,0.8466,0.8534,0.84659,0.84659,0.00000,0.00000,0
1274500,1.7000,0.8482,0.8518,0.84821,0.84821,0.00000,0.00000,0
1275000,1.7000,0.8482,0.8518,0.84821,0.84821,0.00000,0.00000,0
1275500,1.7000,0.8474,0.8526,0.84740,0.84740,0.00000,0.00000,0
1276000,1.7000,0.8482,0.8518,0.84821,0.84821,0.00000,0.00000,0
1276500,1.7000,0.8450,0.8550,0.84498,0.84498,0.00000,0.00000,0
1277000,1.7000,0.8458,0.8542,0.84579,0.84579,0.00000,0.00000,0
1277500,1.7000,0.8482,0.8518,0.84821,0.84821,0.00000,0.00000,0
1278000,1.7000,0.8474,0.8526,0.84740,0.84740,0.00000,0.00000,0
1278500,1.7000,0.8474,0.8526,0.84740,0.84740,0.00000,0.00000,0
1279000,1.7000,0.8474,0.8526,0.84740,0.84740,0.00000,0.00000,0
1279500,1.7000,0.8466,0.8534,0.84659,0.84659,0.00000,0.00000,0
1280000,1.7000,0.8474,0.8526,0.84740,0.84740,0.00000,0.00000,0
1280500,1.7000,0.8490,0.8510,0.84901,0.84901,0.00000,0.00000,0
1281000,1.7000,0.8490,0.8510,0.84901,0.84901,0.00000,0.00000,0
1281500,1.7000,0.8490,0.8510,0.84901,0.84901,0.00000,0.00000,0
1282000,1.7000,0.8514,0.8486,0.85143,0.85143,0.00000,0.00000,0
1282500,1.7000,0.8506,0.8494,0.85062,0.85062,0.00000,0.00000,0
1283000,1.7000,0.8522,0.8478,0.85223,0.85223,0.00000,0.00000,0
1283500,1.7000,0.8530,0.8470,0.85304,0.85304,0.00000,0.00000,0
1284000,1.7000,0.8530,0.8470,0.85304,0.85304,0.00000,0.00000,0
1284500,1.7000,0.8538,0.8462,0.85385,0.85385,0.00000,0.00000,0
1285000,1.7000,0.8538,0.8462,0.85385,0.85385,0.00000,0.00000,0
1285500,1.7000,0.8571,0.8429,0.85707,0.85707,0.00000,0.00000,0
1286000,1.7000,0.8571,0.8429,0.85707,0.85707,0.00000,0.00000,0
1286500,1.7000,0.8571,0.8429,0.85707,0.85707,0.00000,0.00000,0
1287000,1.7000,0.8563,0.8437,0.85626,0.85626,0.00000,0.00000,0
1287500,1.7000,0.8563,0.8437,0.85626,0.85626,0.00000,0.00000,0
1288000,1.7000,0.8563,0.8437,0.85626,0.85626,0.00000,0.00000,0
1288500,1.7000,0.8555,0.8445,0.85546,0.85546,0.00000,0.00000,0
1289000,1.7000,0.8555,0.8445,0.85546,0.85546,0.00000,0.00000,0
1289500,1.7000,0.8555,0.8445,0.85546,0.85546,0.00000,0.00000,0
1290000,1.7000,0.8555,0.8445,0.85546,0.85546,0.00000,0.00000,0
1290500,1.7000,0.8514,0.8486,0.85143,0.85143,0.00000,0.00000,0
1291000,1.7000,0.8506,0.8494,0.85062,0.85062,0.00000,0.00000,0
1291500,1.7000,0.8530,0.8470,0.85304,0.85304,0.00000,0.00000,0
1292000,1.7000,0.8530,0.8470,0.85304,0.85304,0.00000,0.00000,0
1292500,1.7000,0.8514,0.8486,0.85143,0.85143,0.00000,0.00000,0
1293000,1.7000,0.8522,0.8478,0.85223,0.85223,0.00000,0.00000,0
1293500,1.7000,0.8530,0.8470,0.85304,0.85304,0.00000,0.00000,0
1294000,1.7000,0.8530,0.8470,0.85304,0.85304,0.00000,0.00000,0
1294500,1.7000,0.8522,0.8478,0.85223,0.85223,0.00000,0.00000,0
1295000,1.7000,0.8514,0.8486,0.85143,0.85143,0.00000,0.00000,0
1295500,1.7000,0.8522,0.8478,0.85223,0.85223,0.00000,0.00000,0
1296000,1.7000,0.8522,0.8478,0.85223,0.85223,0.00000,0.00000,0
1296500,1.7000,0.8530,0.8470,0.85304,0.85304,0.00000,0.00000,0
1297000,1.7000,0.8530,0.8470,0.85304,0.85304,0.00000,0.00000,0
1297500,1.7000,0.8538,0.8462,0.85385,0.85385,0.00000,0.00000,0
1298000,1.7000,0.8530,0.8470,0.85304,0.85304,0.00000,0.00000,0
1298500,1.7000,0.8522,0.8478,0.85223,0.85223,0.00000,0.00000,0
1299000,1.7000,0.8522,0.8478,0.85223,0.85223,0.00000,0.00000,0
1299500,1.7000,0.8506,0.8494,0.85062,0.85062,0.00000,0.00000,0
1300000,1.7000,0.8506,0.8494,0.85062,0.85062,0.00000,0.00000,0
1300500,1.7000,0.8498,0.8502,0.84982,0.84982,0.00000,0.00000,0
1301000,1.7000,0.8506,0.8494,0.85062,0.85062,0.00000,0.00000,0
1301500,1.7000,0.8466,0.8534,0.84659,0.84659,0.00000,0.00000,0
1302000,1.7000,0.8466,0.8534,0.84659,0.84659,0.00000,0.00000,0
1302500,1.7000,0.8474,0.8526,0.84740,0.84740,0.00000,0.00000,0
1303000,1.7000,0.8466,0.8534,0.84659,0.84659,0.00000,0.00000,0
1303500,1.7000,0.8466,0.8534,0.84659,0.84659,0.00000,0.00000,0
1304000,1.7000,0.8458,0.8542,0.84579,0.84579,0.00000,0.00000,0
1304500,1.7000,0.8466,0.8534,0.84659,0.84659,0.00000,0.00000,0
1305000,1.7000,0.8458,0.8542,0.84579,0.84579,0.00000,0.00000,0
1305500,1.7000,0.8458,0.8542,0.84579,0.84579,0.00000,0.00000,0
1306000,1.7000,0.8458,0.8542,0.84579,0.84579,0.00000,0.00000,0
1306500,1.7000,0.8458,0.8542,0.84579,0.84579,0.00000,0.00000,0
1307000,1.7000,0.8458,0.8542,0.84579,0.84579,0.00000,0.00000,0
1307500,1.7000,0.8442,0.8558,0.84418,0.84418,0.00000,0.00000,0
1308000,1.7000,0.8450,0.8550,0.84498,0.84498,0.00000,0.00000,0
1308500,1.7000,0.8458,0.8542,0.84579,0.84579,0.00000,0.00000,0
1309000,1.7000,0.8466,0.8534,0.84659,0.84659,0.00000,0.00000,0
1309500,1.7000,0.8466,0.8534,0.84659,0.84659,0.00000,0.00000,0
1310000,1.7000,0.8482,0.8518,0.84821,0.84821,0.00000,0.00000,0
1310500,1.7000,0.8498,0.8502,0.84982,0.84982,0.00000,0.00000,0
1311000,1.7000,0.8490,0.8510,0.84901,0.84901,0.00000,0.00000,0
1311500,1.7000,0.8498,0.8502,0.84982,0.84982,0.00000,0.00000,0
1312000,1.7000,0.8506,0.8494,0.85062,0.85062,0.00000,0.00000,0
1312500,1.7000,0.8522,0.8478,0.85223,0.85223,0.00000,0.00000,0
1313000,1.7000,0.8522,0.8478,0.85223,0.85223,0.00000,0.00000,0
1313500,1.7000,0.8514,0.8486,0.85143,0.85143,0.00000,0.00000,0
1314000,1.7000,0.8514,0.8486,0.85143,0.85143,0.00000,0.00000,0
1314500,1.7000,0.8514,0.8486,0.85143,0.85143,0.00000,0.00000,0
1315000,1.7000,0.8498,0.8502,0.84982,0.84982,0.00000,0.00000,0
1315500,1.7000,0.8482,0.8518,0.84821,0.84821,0.00000,0.00000,0
1316000,1.7000,0.8458,0.8542,0.84579,0.84579,0.00000,0.00000,0
1316500,1.7000,0.8458,0.8542,0.84579,0.84579,0.00000,0.00000,0
1317000,1.7000,0.8442,0.8558,0.84418,0.84418,0.00000,0.00000,0
1317500,1.7000,0.8450,0.8550,0.84498,0.84498,0.00000,0.00000,0
1318000,1.7000,0.8442,0.8558,0.84418,0.84418,0.00000,0.00000,0
1318500,1.7000,0.8410,0.8590,0.84095,0.84095,0.00000,0.00000,0
1319000,1.7000,0.8401,0.8599,0.84015,0.84015,0.00000,0.00000,0
1319500,1.7000,0.8401,0.8599,0.84015,0.84015,0.00000,0.00000,0
1320000,1.7000,0.8418,0.8582,0.84176,0.84176,0.00000,0.00000,0
1320500,1.7000,0.8426,0.8574,0.84256,0.84256,0.00000,0.00000,0
1321000,1.7000,0.8450,0.8550,0.84498,0.84498,0.00000,0.00000,0
1321500,1.7000,0.8426,0.8574,0.84256,0.84256,0.00000,0.00000,0
1322000,1.7000,0.8434,0.8566,0.84337,0.84337,0.00000,0.00000,0
1322500,1.7000,0.8434,0.8566,0.84337,0.84337,0.00000,0.00000,0
1323000,1.7000,0.8442,0.8558,0.84418,0.84418,0.00000,0.00000,0
1323500,1.7000,0.8490,0.8510,0.84901,0.84901,0.00000,0.00000,0
1324000,1.7000,0.8474,0.8526,0.84740,0.84740,0.00000,0.00000,0
1324500,1.7000,0.8474,0.8526,0.84740,0.84740,0.00000,0.00000,0
1325000,1.7000,0.8474,0.8526,0.84740,0.84740,0.00000,0.00000,0
1325500,1.7000,0.8474,0.8526,0.84740,0.84740,0.00000,0.00000,0
1326000,1.7000,0.8466,0.8534,0.84659,0.84659,0.00000,0.00000,0
1326500,1.7000,0.8474,0.8526,0.84740,0.84740,0.00000,0.00000,0
1327000,1.7000,0.8474,0.8526,0.84740,0.84740,0.00000,0.00000,0
1327500,1.7000,0.8474,0.8526,0.84740,0.84740,0.00000,0.00000,0
1328000,1.7000,0.8466,0.8534,0.84659,0.84659,0.00000,0.00000,0
1328500,1.7000,0.8474,0.8526,0.84740,0.84740,0.00000,0.00000,0
1329000,1.7000,0.8498,0.8502,0.84982,0.84982,0.00000,0.00000,0
1329500,1.7000,0.8506,0.8494,0.85062,0.85062,0.00000,0.00000,0
1330000,1.7000,0.8490,0.8510,0.84901,0.84901,0.00000,0.00000,0
1330500,1.7000,0.8482,0.8518,0.84821,0.84821,0.00000,0.00000,0
1331000,1.7000,0.8482,0.8518,0.84821,0.84821,0.00000,0.00000,0
1331500,1.7000,0.8490,0.8510,0.84901,0.84901,0.00000,0.00000,0
1332000,1.7000,0.8506,0.8494,0.85062,0.85062,0.00000,0.00000,0
1332500,1.7000,0.8506,0.8494,0.85062,0.85062,0.00000,0.00000,0
1333000,1.7000,0.8498,0.8502,0.84982,0.84982,0.00000,0.00000,0
1333500,1.7000,0.8482,0.8518,0.84821,0.84821,0.00000,0.00000,0
1334000,1.7000,0.8490,0.8510,0.84901,0.84901,0.00000,0.00000,0
1334500,1.7000,0.8466,0.8534,0.84659,0.84659,0.00000,0.00000,0
1335000,1.7000,0.8490,0.8510,0.84901,0.84901,0.00000,0.00000,0
1335500,1.7000,0.8498,0.8502,0.84982,0.84982,0.00000,0.00000,0
1336000,1.7000,0.8498,0.8502,0.84982,0.84982,0.00000,0.00000,0
1336500,1.7000,0.8482,0.8518,0.84821,0.84821,0.00000,0.00000,0
1337000,1.7000,0.8474,0.8526,0.84740,0.84740,0.00000,0.00000,0
1337500,1.7000,0.8482,0.8518,0.84821,0.84821,0.00000,0.00000,0
1338000,1.7000,0.8490,0.8510,0.84901,0.84901,0.00000,0.00000,0
1338500,1.7000,0.8498,0.8502,0.84982,0.84982,0.00000,0.00000,0
1339000,1.7000,0.8490,0.8510,0.84901,0.84901,0.00000,0.00000,0
1339500,1.7000,0.8506,0.8494,0.85062,0.85062,0.00000,0.00000,0
1340000,1.7000,0.8506,0.8494,0.85062,0.85062,0.00000,0.00000,0
1340500,1.7000,0.8506,0.8494,0.85062,0.85062,0.00000,0.00000,0
1341000,1.7000,0.8506,0.8494,0.85062,0.85062,0.00000,0.00000,0
1341500,1.7000,0.8514,0.8486,0.85143,0.85143,0.00000,0.00000,0
1342000,1.7000,0.8522,0.8478,0.85223,0.85223,0.00000,0.00000,0
1342500,1.7000,0.8522,0.8478,0.85223,0.85223,0.00000,0.00000,0
1343000,1.7000,0.8522,0.8478,0.85223,0.85223,0.00000,0.00000,0
1343500,1.7000,0.8522,0.8478,0.85223,0.85223,0.00000,0.00000,0
1344000,1.7000,0.8522,0.8478,0.85223,0.85223,0.00000,0.00000,0
1344500,1.7000,0.8506,0.8494,0.85062,0.85062,0.00000,0.00000,0
1345000,1.7000,0.8490,0.8510,0.84901,0.84901,0.00000,0.00000,0
1345500,1.7000,0.8506,0.8494,0.85062,0.85062,0.00000,0.00000,0
1346000,1.7000,0.8506,0.8494,0.85062,0.85062,0.00000,0.00000,0
1346500,1.7000,0.8514,0.8486,0.85143,0.85143,0.00000,0.00000,0
1347000,1.7000,0.8490,0.8510,0.84901,0.84901,0.00000,0.00000,0
1347500,1.7000,0.8482,0.8518,0.84821,0.84821,0.00000,0.00000,0
1348000,1.7000,0.8482,0.8518,0.84821,0.84821,0.00000,0.00000,0
1348500,1.7000,0.8474,0.8526,0.84740,0.84740,0.00000,0.00000,0
1349000,1.7000,0.8482,0.8518,0.84821,0.84821,0.00000,0.00000,0
1349500,1.7000,0.8490,0.8510,0.84901,0.84901,0.00000,0.00000,0
1350000,1.7000,0.8490,0.8510,0.84901,0.84901,0.00000,0.00000,0
1350500,1.7000,0.8482,0.8518,0.84821,0.84821,0.00000,0.00000,0
1351000,1.7000,0.8482,0.8518,0.84821,0.84821,0.00000,0.00000,0
1351500,1.7000,0.8482,0.8518,0.84821,0.84821,0.00000,0.00000,0
1352000,1.7000,0.8490,0.8510,0.84901,0.84901,0.00000,0.00000,0
1352500,1.7000,0.8490,0.8510,0.84901,0.84901,0.00000,0.00000,0
1353000,1.7000,0.8498,0.8502,0.84982,0.84982,0.00000,0.00000,0
1353500,1.7000,0.8498,0.8502,0.84982,0.84982,0.00000,0.00000,0
1354000,1.7000,0.8482,0.8518,0.84821,0.84821,0.00000,0.00000,0
1354500,1.7000,0.8482,0.8518,0.84821,0.84821,0.00000,0.00000,0
1355000,1.7000,0.8466,0.8534,0.84659,0.84659,0.00000,0.00000,0
1355500,1.7000,0.8458,0.8542,0.84579,0.84579,0.00000,0.00000,0
1356000,1.7000,0.8458,0.8542,0.84579,0.84579,0.00000,0.00000,0
1356500,1.7000,0.8450,0.8550,0.84498,0.84498,0.00000,0.00000,0
1357000,1.7000,0.8450,0.8550,0.84498,0.84498,0.00000,0.00000,0
1357500,1.7000,0.8450,0.8550,0.84498,0.84498,0.00000,0.00000,0
1358000,1.7000,0.8442,0.8558,0.84418,0.84418,0.00000,0.00000,0
1358500,1.7000,0.8442,0.8558,0.84418,0.84418,0.00000,0.00000,0
1359000,1.7000,0.8458,0.8542,0.84579,0.84579,0.00000,0.00000,0
1359500,1.7000,0.8450,0.8550,0.84498,0.84498,0.00000,0.00000,0
1360000,1.7000,0.8466,0.8534,0.84659,0.84659,0.00000,0.00000,0
1360500,1.7000,0.8466,0.8534,0.84659,0.84659,0.00000,0.00000,0
1361000,1.7000,0.8466,0.8534,0.84659,0.84659,0.00000,0.00000,0
1361500,1.7000,0.8466,0.8534,0.84659,0.84659,0.00000,0.00000,0
1362000,1.7000,0.8474,0.8526,0.84740,0.84740,0.00000,0.00000,0
1362500,1.7000,0.8474,0.8526,0.84740,0.84740,0.00000,0.00000,0
1363000,1.7000,0.8466,0.8534,0.84659,0.84659,0.00000,0.00000,0
1363500,1.7000,0.8466,0.8534,0.84659,0.84659,0.00000,0.00000,0
1364000,1.7000,0.8466,0.8534,0.84659,0.84659,0.00000,0.00000,0
1364500,1.7000,0.8466,0.8534,0.84659,0.84659,0.00000,0.00000,0
1365000,1.7000,0.8458,0.8542,0.84579,0.84579,0.00000,0.00000,0
1365500,1.7000,0.8458,0.8542,0.84579,0.84579,0.00000,0.00000,0
1366000,1.7000,0.8458,0.8542,0.84579,0.84579,0.00000,0.00000,0
1366500,1.7000,0.8466,0.8534,0.84659,0.84659,0.00000,0.00000,0
1367000,1.7000,0.8466,0.8534,0.84659,0.84659,0.00000,0.00000,0
1367500,1.7000,0.8466,0.8534,0.84659,0.84659,0.00000,0.00000,0
1368000,1.7000,0.8482,0.8518,0.84821,0.84821,0.00000,0.00000,0
1368500,1.7000,0.8482,0.8518,0.84821,0.84821,0.00000,0.00000,0
1369000,1.7000,0.8474,0.8526,0.84740,0.84740,0.00000,0.00000,0
1369500,1.7000,0.8498,0.8502,0.84982,0.84982,0.00000,0.00000,0
1370000,1.7000,0.8482,0.8518,0.84821,0.84821,0.00000,0.00000,0
1370500,1.7000,0.8474,0.8526,0.84740,0.84740,0.00000,0.00000,0
1371000,1.7000,0.8474,0.8526,0.84740,0.84740,0.00000,0.00000,0
1371500,1.7000,0.8482,0.8518,0.84821,0.84821,0.00000,0.00000,0
1372000,1.7000,0.8474,0.8526,0.84740,0.84740,0.00000,0.00000,0
1372500,1.7000,0.8482,0.8518,0.84821,0.84821,0.00000,0.00000,0
1373000,1.7000,0.8498,0.8502,0.84982,0.84982,0.00000,0.00000,0
1373500,1.7000,0.8506,0.8494,0.85062,0.85062,0.00000,0.00000,0
1374000,1.7000,0.8506,0.8494,0.85062,0.85062,0.00000,0.00000,0
1374500,1.7000,0.8490,0.8510,0.84901,0.84901,0.00000,0.00000,0
1375000,1.7000,0.8506,0.8494,0.85062,0.85062,0.00000,0.00000,0
1375500,1.7000,0.8514,0.8486,0.85143,0.85143,0.00000,0.00000,0
1376000,1.7000,0.8522,0.8478,0.85223,0.85223,0.00000,0.00000,0
1376500,1.7000,0.8514,0.8486,0.85143,0.85143,0.00000,0.00000,0
1377000,1.7000,0.8522,0.8478,0.85223,0.85223,0.00000,0.00000,0
1377500,1.7000,0.8506,0.8494,0.85062,0.85062,0.00000,0.00000,0
1378000,1.7000,0.8506,0.8494,0.85062,0.85062,0.00000,0.00000,0
1378500,1.7000,0.8498,0.8502,0.84982,0.84982,0.00000,0.00000,0
1379000,1.7000,0.8506,0.8494,0.85062,0.85062,0.00000,0.00000,0
1379500,1.7000,0.8506,0.8494,0.85062,0.85062,0.00000,0.00000,0
1380000,1.7000,0.8498,0.8502,0.84982,0.84982,0.00000,0.00000,0
1380500,1.7000,0.8498,0.8502,0.84982,0.84982,0.00000,0.00000,0
1381000,1.7000,0.8490,0.8510,0.84901,0.84901,0.00000,0.00000,0
1381500,1.7000,0.8482,0.8518,0.84821,0.84821,0.00000,0.00000,0
1382000,1.7000,0.8482,0.8518,0.84821,0.84821,0.00000,0.00000,0
1382500,1.7000,0.8490,0.8510,0.84901,0.84901,0.00000,0.00000,0
1383000,1.7000,0.8482,0.8518,0.84821,0.84821,0.00000,0.00000,0
1383500,1.7000,0.8482,0.8518,0.84821,0.84821,0.00000,0.00000,0
1384000,1.7000,0.8482,0.8518,0.84821,0.84821,0.00000,0.00000,0
1384500,1.7000,0.8474,0.8526,0.84740,0.84740,0.00000,0.00000,0
1385000,1.7000,0.8482,0.8518,0.84821,0.84821,0.00000,0.00000,0
1385500,1.7000,0.8490,0.8510,0.84901,0.84901,0.00000,0.00000,0
1386000,1.7000,0.8498,0.8502,0.84982,0.84982,0.00000,0.00000,0
1386500,1.7000,0.8498,0.8502,0.84982,0.84982,0.00000,0.00000,0
1387000,1.7000,0.8498,0.8502,0.84982,0.84982,0.00000,0.00000,0
1387500,1.7000,0.8506,0.8494,0.85062,0.85062,0.00000,0.00000,0
1388000,1.7000,0.8498,0.8502,0.84982,0.84982,0.00000,0.00000,0
1388500,1.7000,0.8506,0.8494,0.85062,0.85062,0.00000,0.00000,0
1389000,1.7000,0.8498,0.8502,0.84982,0.84982,0.00000,0.00000,0
1389500,1.7000,0.8506,0.8494,0.85062,0.85062,0.00000,0.00000,0
1390000,1.7000,0.8490,0.8510,0.84901,0.84901,0.00000,0.00000,0
1390500,1.7000,0.8490,0.8510,0.84901,0.84901,0.00000,0.00000,0
1391000,1.7000,0.8498,0.8502,0.84982,0.84982,0.00000,0.00000,0
1391500,1.7000,0.8498,0.8502,0.84982,0.84982,0.00000,0.00000,0
1392000,1.7000,0.8530,0.8470,0.85304,0.85304,0.00000,0.00000,0
1392500,1.7000,0.8530,0.8470,0.85304,0.85304,0.00000,0.00000,0
1393000,1.7000,0.8547,0.8453,0.85465,0.85465,0.00000,0.00000,0
1393500,1.7000,0.8530,0.8470,0.85304,0.85304,0.00000,0.00000,0
1394000,1.7000,0.8530,0.8470,0.85304,0.85304,0.00000,0.00000,0
1394500,1.7000,0.8530,0.8470,0.85304,0.85304,0.00000,0.00000,0
1395000,1.7000,0.8530,0.8470,0.85304,0.85304,0.00000,0.00000,0
1395500,1.7000,0.8538,0.8462,0.85385,0.85385,0.00000,0.00000,0
1396000,1.7000,0.8522,0.8478,0.85223,0.85223,0.00000,0.00000,0
1396500,1.7000,0.8514,0.8486,0.85143,0.85143,0.00000,0.00000,0
1397000,1.7000,0.8482,0.8518,0.84821,0.84821,0.00000,0.00000,0
1397500,1.7000,0.8466,0.8534,0.84659,0.84659,0.00000,0.00000,0
1398000,1.7000,0.8466,0.8534,0.84659,0.84659,0.00000,0.00000,0
1398500,1.7000,0.8474,0.8526,0.84740,0.84740,0.00000,0.00000,0
1399000,1.7000,0.8466,0.8534,0.84659,0.84659,0.00000,0.00000,0
1399500,1.7000,0.8474,0.8526,0.84740,0.84740,0.00000,0.00000,0
1400000,1.7000,0.8482,0.8518,0.84821,0.84821,0.00000,0.00000,0
1400500,1.7000,0.8490,0.8510,0.84901,0.84901,0.00000,0.00000,0
1401000,1.7000,0.8498,0.8502,0.84982,0.84982,0.00000,0.00000,0
1401500,1.7000,0.8498,0.8502,0.84982,0.84982,0.00000,0.00000,0
1402000,1.7000,0.8466,0.8534,0.84659,0.84659,0.00000,0.00000,0
1402500,1.7000,0.8474,0.8526,0.84740,0.84740,0.00000,0.00000,0
1403000,1.7000,0.8466,0.8534,0.84659,0.84659,0.00000,0.00000,0
1403500,1.7000,0.8458,0.8542,0.84579,0.84579,0.00000,0.00000,0
1404000,1.7000,0.8450,0.8550,0.84498,0.84498,0.00000,0.00000,0
1404500,1.7000,0.8450,0.8550,0.84498,0.84498,0.00000,0.00000,0
1405000,1.7000,0.8442,0.8558,0.84418,0.84418,0.00000,0.00000,0
1405500,1.7000,0.8450,0.8550,0.84498,0.84498,0.00000,0.00000,0
1406000,1.7000,0.8450,0.8550,0.84498,0.84498,0.00000,0.00000,0
1406500,1.7000,0.8450,0.8550,0.84498,0.84498,0.00000,0.00000,0
1407000,1.7000,0.8474,0.8526,0.84740,0.84740,0.00000,0.00000,0
1407500,1.7000,0.8450,0.8550,0.84498,0.84498,0.00000,0.00000,0
1408000,1.7000,0.8466,0.8534,0.84659,0.84659,0.00000,0.00000,0
1408500,1.7000,0.8466,0.8534,0.84659,0.84659,0.00000,0.00000,0
1409000,1.7000,0.8466,0.8534,0.84659,0.84659,0.00000,0.00000,0
1409500,1.7000,0.8458,0.8542,0.84579,0.84579,0.00000,0.00000,0
1410000,1.7000,0.8466,0.8534,0.84659,0.84659,0.00000,0.00000,0
1410500,1.7000,0.8458,0.8542,0.84579,0.84579,0.00000,0.00000,0
1411000,1.7000,0.8458,0.8542,0.84579,0.84579,0.00000,0.00000,0
1411500,1.7000,0.8450,0.8550,0.84498,0.84498,0.00000,0.00000,0
1412000,1.7000,0.8466,0.8534,0.84659,0.84659,0.00000,0.00000,0
1412500,1.7000,0.8482,0.8518,0.84821,0.84821,0.00000,0.00000,0
1413000,1.7000,0.8482,0.8518,0.84821,0.84821,0.00000,0.00000,0
1413500,1.7000,0.8482,0.8518,0.84821,0.84821,0.00000,0.00000,0
1414000,1.7000,0.8474,0.8526,0.84740,0.84740,0.00000,0.00000,0
1414500,1.7000,0.8482,0.8518,0.84821,0.84821,0.00000,0.00000,0
1415000,1.7000,0.8482,0.8518,0.84821,0.84821,0.00000,0.00000,0
1415500,1.7000,0.8474,0.8526,0.84740,0.84740,0.00000,0.00000,0
1416000,1.7000,0.8474,0.8526,0.84740,0.84740,0.00000,0.00000,0
1416500,1.7000,0.8482,0.8518,0.84821,0.84821,0.00000,0.00000,0
1417000,1.7000,0.8466,0.8534,0.84659,0.84659,0.00000,0.00000,0
1417500,1.7000,0.8466,0.8534,0.84659,0.84659,0.00000,0.00000,0
1418000,1.7000,0.8466,0.8534,0.84659,0.84659,0.00000,0.00000,0
1418500,1.7000,0.8466,0.8534,0.84659,0.84659,0.00000,0.00000,0
1419000,1.7000,0.8474,0.8526,0.84740,0.84740,0.00000,0.00000,0
1419500,1.7000,0.8474,0.8526,0.84740,0.84740,0.00000,0.00000,0
1420000,1.7000,0.8466,0.8534,0.84659,0.84659,0.00000,0.00000,0
1420500,1.7000,0.8466,0.8534,0.84659,0.84659,0.00000,0.00000,0
1421000,1.7000,0.8466,0.8534,0.84659,0.84659,0.00000,0.00000,0
1421500,1.7000,0.8458,0.8542,0.84579,0.84579,0.00000,0.00000,0
1422000,1.7000,0.8466,0.8534,0.84659,0.84659,0.00000,0.00000,0
1422500,1.7000,0.8474,0.8526,0.84740,0.84740,0.00000,0.00000,0
1423000,1.7000,0.8474,0.8526,0.84740,0.84740,0.00000,0.00000,0
1423500,1.7000,0.8466,0.8534,0.84659,0.84659,0.00000,0.00000,0
1424000,1.7000,0.8474,0.8526,0.84740,0.84740,0.00000,0.00000,0
1424500,1.7000,0.8482,0.8518,0.84821,0.84821,0.00000,0.00000,0
1425000,1.7000,0.8490,0.8510,0.84901,0.84901,0.00000,0.00000,0
1425500,1.7000,0.8498,0.8502,0.84982,0.84982,0.00000,0.00000,0
1426000,1.7000,0.8514,0.8486,0.85143,0.85143,0.00000,0.00000,0
1426500,1.7000,0.8522,0.8478,0.85223,0.85223,0.00000,0.00000,0
1427000,1.7000,0.8522,0.8478,0.85223,0.85223,0.00000,0.00000,0
1427500,1.7000,0.8530,0.8470,0.85304,0.85304,0.00000,0.00000,0
1428000,1.7000,0.8538,0.8462,0.85385,0.85385,0.00000,0.00000,0
1428500,1.7000,0.8619,0.8381,0.86190,0.86190,0.00000,0.00000,0
1429000,1.7000,0.8611,0.8389,0.86110,0.86110,0.00000,0.00000,0
1429500,1.7000,0.8595,0.8405,0.85949,0.85949,0.00000,0.00000,0
1430000,1.7000,0.8595,0.8405,0.85949,0.85949,0.00000,0.00000,0
1430500,1.7000,0.8603,0.8397,0.86029,0.86029,0.00000,0.00000,0
1431000,1.7000,0.8579,0.8421,0.85788,0.85788,0.00000,0.00000,0
1431500,1.7000,0.8563,0.8437,0.85626,0.85626,0.00000,0.00000,0
1432000,1.7000,0.8563,0.8437,0.85626,0.85626,0.00000,0.00000,0
1432500,1.7000,0.8555,0.8445,0.85546,0.85546,0.00000,0.00000,0
1433000,1.7000,0.8547,0.8453,0.85465,0.85465,0.00000,0.00000,0
1433500,1.7000,0.8482,0.8518,0.84821,0.84821,0.00000,0.00000,0
1434000,1.7000,0.8474,0.8526,0.84740,0.84740,0.00000,0.00000,0
1434500,1.7000,0.8490,0.8510,0.84901,0.84901,0.00000,0.00000,0
1435000,1.7000,0.8498,0.8502,0.84982,0.84982,0.00000,0.00000,0
1435500,1.7000,0.8490,0.8510,0.84901,0.84901,0.00000,0.00000,0
1436000,1.7000,0.8498,0.8502,0.84982,0.84982,0.00000,0.00000,0
1436500,1.7000,0.8514,0.8486,0.85143,0.85143,0.00000,0.00000,0
1437000,1.7000,0.8514,0.8486,0.85143,0.85143,0.00000,0.00000,0
1437500,1.7000,0.8506,0.8494,0.85062,0.85062,0.00000,0.00000,0
1438000,1.7000,0.8506,0.8494,0.85062,0.85062,0.00000,0.00000,0
1438500,1.7000,0.8506,0.8494,0.85062,0.85062,0.00000,0.00000,0
1439000,1.7000,0.8498,0.8502,0.84982,0.84982,0.00000,0.00000,0
1439500,1.7000,0.8506,0.8494,0.85062,0.85062,0.00000,0.00000,0
1440000,1.7000,0.8498,0.8502,0.84982,0.84982,0.00000,0.00000,0
1440500,1.7000,0.8490,0.8510,0.84901,0.84901,0.00000,0.00000,0
1441000,1.7000,0.8482,0.8518,0.84821,0.84821,0.00000,0.00000,0
1441500,1.7000,0.8482,0.8518,0.84821,0.84821,0.00000,0.00000,0
1442000,1.7000,0.8490,0.8510,0.84901,0.84901,0.00000,0.00000,0
1442500,1.7000,0.8490,0.8510,0.84901,0.84901,0.00000,0.00000,0
1443000,1.7000,0.8482,0.8518,0.84821,0.84821,0.00000,0.00000,0
1443500,1.7000,0.8490,0.8510,0.84901,0.84901,0.00000,0.00000,0
1444000,1.7000,0.8490,0.8510,0.84901,0.84901,0.00000,0.00000,0
1444500,1.7000,0.8490,0.8510,0.84901,0.84901,0.00000,0.00000,0
1445000,1.7000,0.8474,0.8526,0.84740,0.84740,0.00000,0.00000,0
1445500,1.7000,0.8474,0.8526,0.84740,0.84740,0.00000,0.00000,0
1446000,1.7000,0.8490,0.8510,0.84901,0.84901,0.00000,0.00000,0
1446500,1.7000,0.8482,0.8518,0.84821,0.84821,0.00000,0.00000,0
1447000,1.7000,0.8474,0.8526,0.84740,0.84740,0.00000,0.00000,0
1447500,1.7000,0.8482,0.8518,0.84821,0.84821,0.00000,0.00000,0
1448000,1.7000,0.8474,0.8526,0.84740,0.84740,0.00000,0.00000,0
1448500,1.7000,0.8458,0.8542,0.84579,0.84579,0.00000,0.00000,0
1449000,1.7000,0.8474,0.8526,0.84740,0.84740,0.00000,0.00000,0
1449500,1.7000,0.8474,0.8526,0.84740,0.84740,0.00000,0.00000,0
1450000,1.7000,0.8466,0.8534,0.84659,0.84659,0.00000,0.00000,0
1450500,1.7000,0.8450,0.8550,0.84498,0.84498,0.00000,0.00000,0
1451000,1.7000,0.8442,0.8558,0.84418,0.84418,0.00000,0.00000,0
1451500,1.7000,0.8442,0.8558,0.84418,0.84418,0.00000,0.00000,0
1452000,1.7000,0.8442,0.8558,0.84418,0.84418,0.00000,0.00000,0
1452500,1.7000,0.8442,0.8558,0.84418,0.84418,0.00000,0.00000,0
1453000,1.7000,0.8458,0.8542,0.84579,0.84579,0.00000,0.00000,0
1453500,1.7000,0.8458,0.8542,0.84579,0.84579,0.00000,0.00000,0
1454000,1.7000,0.8458,0.8542,0.84579,0.84579,0.00000,0.00000,0
1454500,1.7000,0.8458,0.8542,0.84579,0.84579,0.00000,0.00000,0
1455000,1.7000,0.8474,0.8526,0.84740,0.84740,0.00000,0.00000,0
1455500,1.7000,0.8514,0.8486,0.85143,0.85143,0.00000,0.00000,0
1456000,1.7000,0.8506,0.8494,0.85062,0.85062,0.00000,0.00000,0
1456500,1.7000,0.8522,0.8478,0.85223,0.85223,0.00000,0.00000,0
1457000,1.7000,0.8522,0.8478,0.85223,0.85223,0.00000,0.00000,0
1457500,1.7000,0.8522,0.8478,0.85223,0.85223,0.00000,0.00000,0
1458000,1.7000,0.8522,0.8478,0.85223,0.85223,0.00000,0.00000,0
1458500,1.7000,0.8530,0.8470,0.85304,0.85304,0.00000,0.00000,0
1459000,1.7000,0.8530,0.8470,0.85304,0.85304,0.00000,0.00000,0
1459500,1.7000,0.8530,0.8470,0.85304,0.85304,0.00000,0.00000,0
1460000,1.7000,0.8522,0.8478,0.85223,0.85223,0.00000,0.00000,0
1460500,1.7000,0.8490,0.8510,0.84901,0.84901,0.00000,0.00000,0
1461000,1.7000,0.8490,0.8510,0.84901,0.84901,0.00000,0.00000,0
1461500,1.7000,0.8482,0.8518,0.84821,0.84821,0.00000,0.00000,0
1462000,1.7000,0.8498,0.8502,0.84982,0.84982,0.00000,0.00000,0
1462500,1.7000,0.8498,0.8502,0.84982,0.84982,0.00000,0.00000,0
1463000,1.7000,0.8506,0.8494,0.85062,0.85062,0.00000,0.00000,0
1463500,1.7000,0.8498,0.8502,0.84982,0.84982,0.00000,0.00000,0
1464000,1.7000,0.8514,0.8486,0.85143,0.85143,0.00000,0.00000,0
1464500,1.7000,0.8506,0.8494,0.85062,0.85062,0.00000,0.00000,0
1465000,1.7000,0.8514,0.8486,0.85143,0.85143,0.00000,0.00000,0
1465500,1.7000,0.8522,0.8478,0.85223,0.85223,0.00000,0.00000,0
1466000,1.7000,0.8555,0.8445,0.85546,0.85546,0.00000,0.00000,0
1466500,1.7000,0.8547,0.8453,0.85465,0.85465,0.00000,0.00000,0
1467000,1.7000,0.8547,0.8453,0.85465,0.85465,0.00000,0.00000,0
1467500,1.7000,0.8538,0.8462,0.85385,0.85385,0.00000,0.00000,0
1468000,1.7000,0.8538,0.8462,0.85385,0.85385,0.00000,0.00000,0
1468500,1.7000,0.8547,0.8453,0.85465,0.85465,0.00000,0.00000,0
1469000,1.7000,0.8538,0.8462,0.85385,0.85385,0.00000,0.00000,0
1469500,1.7000,0.8538,0.8462,0.85385,0.85385,0.00000,0.00000,0
1470000,1.7000,0.8538,0.8462,0.85385,0.85385,0.00000,0.00000,0
1470500,1.7000,0.8538,0.8462,0.85385,0.85385,0.00000,0.00000,0
1471000,1.7000,0.8506,0.8494,0.85062,0.85062,0.00000,0.00000,0
1471500,1.7000,0.8514,0.8486,0.85143,0.85143,0.00000,0.00000,0
1472000,1.7000,0.8506,0.8494,0.85062,0.85062,0.00000,0.00000,0
1472500,1.7000,0.8514,0.8486,0.85143,0.85143,0.00000,0.00000,0
1473000,1.7000,0.8498,0.8502,0.84982,0.84982,0.00000,0.00000,0
1473500,1.7000,0.8490,0.8510,0.84901,0.84901,0.00000,0.00000,0
1474000,1.7000,0.8490,0.8510,0.84901,0.84901,0.00000,0.00000,0
1474500,1.7000,0.8490,0.8510,0.84901,0.84901,0.00000,0.00000,0
1475000,1.7000,0.8498,0.8502,0.84982,0.84982,0.00000,0.00000,0
1475500,1.7000,0.8498,0.8502,0.84982,0.84982,0.00000,0.00000,0
1476000,1.7000,0.8498,0.8502,0.84982,0.84982,0.00000,0.00000,0
1476500,1.7000,0.8490,0.8510,0.84901,0.84901,0.00000,0.00000,0
1477000,1.7000,0.8490,0.8510,0.84901,0.84901,0.00000,0.00000,0
1477500,1.7000,0.8530,0.8470,0.85304,0.85304,0.00000,0.00000,0
1478000,1.7000,0.8530,0.8470,0.85304,0.85304,0.00000,0.00000,0
1478500,1.7000,0.8522,0.8478,0.85223,0.85223,0.00000,0.00000,0
1479000,1.7000,0.8522,0.8478,0.85223,0.85223,0.00000,0.00000,0
1479500,1.7000,0.8490,0.8510,0.84901,0.84901,0.00000,0.00000,0
1480000,1.7000,0.8490,0.8510,0.84901,0.84901,0.00000,0.00000,0
1480500,1.7000,0.8482,0.8518,0.84821,0.84821,0.00000,0.00000,0
1481000,1.7000,0.8482,0.8518,0.84821,0.84821,0.00000,0.00000,0
1481500,1.7000,0.8474,0.8526,0.84740,0.84740,0.00000,0.00000,0
1482000,1.7000,0.8474,0.8526,0.84740,0.84740,0.00000,0.00000,0
1482500,1.7000,0.8434,0.8566,0.84337,0.84337,0.00000,0.00000,0
1483000,1.7000,0.8442,0.8558,0.84418,0.84418,0.00000,0.00000,0
1483500,1.7000,0.8442,0.8558,0.84418,0.84418,0.00000,0.00000,0
1484000,1.7000,0.8450,0.8550,0.84498,0.84498,0.00000,0.00000,0
1484500,1.7000,0.8474,0.8526,0.84740,0.84740,0.00000,0.00000,0
1485000,1.7000,0.8482,0.8518,0.84821,0.84821,0.00000,0.00000,0
1485500,1.7000,0.8490,0.8510,0.84901,0.84901,0.00000,0.00000,0
1486000,1.7000,0.8498,0.8502,0.84982,0.84982,0.00000,0.00000,0
1486500,1.7000,0.8506,0.8494,0.85062,0.85062,0.00000,0.00000,0
1487000,1.7000,0.8474,0.8526,0.84740,0.84740,0.00000,0.00000,0
1487500,1.7000,0.8482,0.8518,0.84821,0.84821,0.00000,0.00000,0
1488000,1.7000,0.8474,0.8526,0.84740,0.84740,0.00000,0.00000,0
1488500,1.7000,0.8482,0.8518,0.84821,0.84821,0.00000,0.00000,0
1489000,1.7000,0.8498,0.8502,0.84982,0.84982,0.00000,0.00000,0
1489500,1.7000,0.8490,0.8510,0.84901,0.84901,0.00000,0.00000,0
1490000,1.7000,0.8474,0.8526,0.84740,0.84740,0.00000,0.00000,0
1490500,1.7000,0.8474,0.8526,0.84740,0.84740,0.00000,0.00000,0
1491000,1.7000,0.8466,0.8534,0.84659,0.84659,0.00000,0.00000,0
1491500,1.7000,0.8474,0.8526,0.84740,0.84740,0.00000,0.00000,0
1492000,1.7000,0.8474,0.8526,0.84740,0.84740,0.00000,0.00000,0
1492500,1.7000,0.8474,0.8526,0.84740,0.84740,0.00000,0.00000,0
1493000,1.7000,0.8482,0.8518,0.84821,0.84821,0.00000,0.00000,0
1493500,1.7000,0.8474,0.8526,0.84740,0.84740,0.00000,0.00000,0
1494000,1.7000,0.8466,0.8534,0.84659,0.84659,0.00000,0.00000,0
1494500,1.7000,0.8474,0.8526,0.84740,0.84740,0.00000,0.00000,0
1495000,1.7000,0.8474,0.8526,0.84740,0.84740,0.00000,0.00000,0
1495500,1.7000,0.8466,0.8534,0.84659,0.84659,0.00000,0.00000,0
1496000,1.7000,0.8458,0.8542,0.84579,0.84579,0.00000,0.00000,0
1496500,1.7000,0.8458,0.8542,0.84579,0.84579,0.00000,0.00000,0
1497000,1.7000,0.8498,0.8502,0.84982,0.84982,0.00000,0.00000,0
1497500,1.7000,0.8490,0.8510,0.84901,0.84901,0.00000,0.00000,0
1498000,1.7000,0.8498,0.8502,0.84982,0.84982,0.00000,0.00000,0
1498500,1.7000,0.8498,0.8502,0.84982,0.84982,0.00000,0.00000,0
1499000,1.7000,0.8490,0.8510,0.84901,0.84901,0.00000,0.00000,0
1499500,1.7000,0.8482,0.8518,0.84821,0.84821,0.00000,0.00000,0
1500000,1.7000,0.8498,0.8502,0.84982,0.84982,0.00000,0.00000,0
1500500,1.7000,0.8506,0.8494,0.85062,0.85062,0.00000,0.00000,0
1501000,1.7000,0.8514,0.8486,0.85143,0.85143,0.00000,0.00000,0
1501500,1.7000,0.8522,0.8478,0.85223,0.85223,0.00000,0.00000,0
1502000,1.7000,0.8506,0.8494,0.85062,0.85062,0.00000,0.00000,0
1502500,1.7000,0.8506,0.8494,0.85062,0.85062,0.00000,0.00000,0
1503000,1.7000,0.8506,0.8494,0.85062,0.85062,0.00000,0.00000,0
1503500,1.7000,0.8498,0.8502,0.84982,0.84982,0.00000,0.00000,0
1504000,1.7000,0.8506,0.8494,0.85062,0.85062,0.00000,0.00000,0
1504500,1.7000,0.8490,0.8510,0.84901,0.84901,0.00000,0.00000,0
1505000,1.7000,0.8482,0.8518,0.84821,0.84821,0.00000,0.00000,0
1505500,1.7000,0.8474,0.8526,0.84740,0.84740,0.00000,0.00000,0
1506000,1.7000,0.8474,0.8526,0.84740,0.84740,0.00000,0.00000,0
1506500,1.7000,0.8474,0.8526,0.84740,0.84740,0.00000,0.00000,0
1507000,1.7000,0.8490,0.8510,0.84901,0.84901,0.00000,0.00000,0
1507500,1.7000,0.8482,0.8518,0.84821,0.84821,0.00000,0.00000,0
1508000,1.7000,0.8482,0.8518,0.84821,0.84821,0.00000,0.00000,0
1508500,1.7000,0.8466,0.8534,0.84659,0.84659,0.00000,0.00000,0
1509000,1.7000,0.8466,0.8534,0.84659,0.84659,0.00000,0.00000,0
1509500,1.7000,0.8474,0.8526,0.84740,0.84740,0.00000,0.00000,0
1510000,1.7000,0.8458,0.8542,0.84579,0.84579,0.00000,0.00000,0
1510500,1.7000,0.8466,0.8534,0.84659,0.84659,0.00000,0.00000,0
1511000,1.7000,0.8450,0.8550,0.84498,0.84498,0.00000,0.00000,0
1511500,1.7000,0.8458,0.8542,0.84579,0.84579,0.00000,0.00000,0
1512000,1.7000,0.8458,0.8542,0.84579,0.84579,0.00000,0.00000,0
1512500,1.7000,0.8466,0.8534,0.84659,0.84659,0.00000,0.00000,0
1513000,1.7000,0.8498,0.8502,0.84982,0.84982,0.00000,0.00000,0
1513500,1.7000,0.8506,0.8494,0.85062,0.85062,0.00000,0.00000,0
1514000,1.7000,0.8506,0.8494,0.85062,0.85062,0.00000,0.00000,0
1514500,1.7000,0.8506,0.8494,0.85062,0.85062,0.00000,0.00000,0
1515000,1.7000,0.8506,0.8494,0.85062,0.85062,0.00000,0.00000,0
1515500,1.7000,0.8522,0.8478,0.85223,0.85223,0.00000,0.00000,0
1516000,1.7000,0.8530,0.8470,0.85304,0.85304,0.00000,0.00000,0
1516500,1.7000,0.8514,0.8486,0.85143,0.85143,0.00000,0.00000,0
1517000,1.7000,0.8506,0.8494,0.85062,0.85062,0.00000,0.00000,0
1517500,1.7000,0.8514,0.8486,0.85143,0.85143,0.00000,0.00000,0
1518000,1.7000,0.8498,0.8502,0.84982,0.84982,0.00000,0.00000,0
1518500,1.7000,0.8490,0.8510,0.84901,0.84901,0.00000,0.00000,0
1519000,1.7000,0.8498,0.8502,0.84982,0.84982,0.00000,0.00000,0
1519500,1.7000,0.8498,0.8502,0.84982,0.84982,0.00000,0.00000,0
1520000,1.7000,0.8514,0.8486,0.85143,0.85143,0.00000,0.00000,0
1520500,1.7000,0.8498,0.8502,0.84982,0.84982,0.00000,0.00000,0
1521000,1.7000,0.8506,0.8494,0.85062,0.85062,0.00000,0.00000,0
1521500,1.7000,0.8522,0.8478,0.85223,0.85223,0.00000,0.00000,0
1522000,1.7000,0.8514,0.8486,0.85143,0.85143,0.00000,0.00000,0
1522500,1.7000,0.8506,0.8494,0.85062,0.85062,0.00000,0.00000,0
1523000,1.7000,0.8482,0.8518,0.84821,0.84821,0.00000,0.00000,0
1523500,1.7000,0.8482,0.8518,0.84821,0.84821,0.00000,0.00000,0
1524000,1.7000,0.8498,0.8502,0.84982,0.84982,0.00000,0.00000,0
1524500,1.7000,0.8498,0.8502,0.84982,0.84982,0.00000,0.00000,0
1525000,1.7000,0.8490,0.8510,0.84901,0.84901,0.00000,0.00000,0
1525500,1.7000,0.8482,0.8518,0.84821,0.84821,0.00000,0.00000,0
1526000,1.7000,0.8466,0.8534,0.84659,0.84659,0.00000,0.00000,0
1526500,1.7000,0.8466,0.8534,0.84659,0.84659,0.00000,0.00000,0
1527000,1.7000,0.8474,0.8526,0.84740,0.84740,0.00000,0.00000,0
1527500,1.7000,0.8466,0.8534,0.84659,0.84659,0.00000,0.00000,0
1528000,1.7000,0.8482,0.8518,0.84821,0.84821,0.00000,0.00000,0
1528500,1.7000,0.8474,0.8526,0.84740,0.84740,0.00000,0.00000,0
1529000,1.7000,0.8474,0.8526,0.84740,0.84740,0.00000,0.00000,0
1529500,1.7000,0.8474,0.8526,0.84740,0.84740,0.00000,0.00000,0
1530000,1.7000,0.8482,0.8518,0.84821,0.84821,0.00000,0.00000,0
1530500,1.7000,0.8490,0.8510,0.84901,0.84901,0.00000,0.00000,0
1531000,1.7000,0.8498,0.8502,0.84982,0.84982,0.00000,0.00000,0
1531500,1.7000,0.8498,0.8502,0.84982,0.84982,0.00000,0.00000,0
1532000,1.7000,0.8490,0.8510,0.84901,0.84901,0.00000,0.00000,0
1532500,1.7000,0.8506,0.8494,0.85062,0.85062,0.00000,0.00000,0
1533000,1.7000,0.8498,0.8502,0.84982,0.84982,0.00000,0.00000,0
1533500,1.7000,0.8498,0.8502,0.84982,0.84982,0.00000,0.00000,0
1534000,1.7000,0.8498,0.8502,0.84982,0.84982,0.00000,0.00000,0
1534500,1.7000,0.8514,0.8486,0.85143,0.85143,0.00000,0.00000,0
1535000,1.7000,0.8498,0.8502,0.84982,0.84982,0.00000,0.00000,0
1535500,1.7000,0.8506,0.8494,0.85062,0.85062,0.00000,0.00000,0
1536000,1.7000,0.8506,0.8494,0.85062,0.85062,0.00000,0.00000,0
1536500,1.7000,0.8498,0.8502,0.84982,0.84982,0.00000,0.00000,0
1537000,1.7000,0.8490,0.8510,0.84901,0.84901,0.00000,0.00000,0
1537500,1.7000,0.8490,0.8510,0.84901,0.84901,0.00000,0.00000,0
1538000,1.7000,0.8490,0.8510,0.84901,0.84901,0.00000,0.00000,0
1538500,1.7000,0.8482,0.8518,0.84821,0.84821,0.00000,0.00000,0
1539000,1.7000,0.8474,0.8526,0.84740,0.84740,0.00000,0.00000,0
1539500,1.7000,0.8466,0.8534,0.84659,0.84659,0.00000,0.00000,0
1540000,1.7000,0.8458,0.8542,0.84579,0.84579,0.00000,0.00000,0
1540500,1.7000,0.8458,0.8542,0.84579,0.84579,0.00000,0.00000,0
1541000,1.7000,0.8442,0.8558,0.84418,0.84418,0.00000,0.00000,0
1541500,1.7000,0.8434,0.8566,0.84337,0.84337,0.00000,0.00000,0
1542000,1.7000,0.8442,0.8558,0.84418,0.84418,0.00000,0.00000,0
1542500,1.7000,0.8442,0.8558,0.84418,0.84418,0.00000,0.00000,0
1543000,1.7000,0.8442,0.8558,0.84418,0.84418,0.00000,0.00000,0
1543500,1.7000,0.8450,0.8550,0.84498,0.84498,0.00000,0.00000,0
1544000,1.7000,0.8450,0.8550,0.84498,0.84498,0.00000,0.00000,0
1544500,1.7000,0.8458,0.8542,0.84579,0.84579,0.00000,0.00000,0
1545000,1.7000,0.8466,0.8534,0.84659,0.84659,0.00000,0.00000,0
1545500,1.7000,0.8466,0.8534,0.84659,0.84659,0.00000,0.00000,0
1546000,1.7000,0.8498,0.8502,0.84982,0.84982,0.00000,0.00000,0
1546500,1.7000,0.8498,0.8502,0.84982,0.84982,0.00000,0.00000,0
1547000,1.7000,0.8498,0.8502,0.84982,0.84982,0.00000,0.00000,0
1547500,1.7000,0.8506,0.8494,0.85062,0.85062,0.00000,0.00000,0
1548000,1.7000,0.8490,0.8510,0.84901,0.84901,0.00000,0.00000,0
1548500,1.7000,0.8474,0.8526,0.84740,0.84740,0.00000,0.00000,0
1549000,1.7000,0.8482,0.8518,0.84821,0.84821,0.00000,0.00000,0
1549500,1.7000,0.8482,0.8518,0.84821,0.84821,0.00000,0.00000,0
1550000,1.7000,0.8474,0.8526,0.84740,0.84740,0.00000,0.00000,0
1550500,1.7000,0.8474,0.8526,0.84740,0.84740,0.00000,0.00000,0
1551000,1.7000,0.8474,0.8526,0.84740,0.84740,0.00000,0.00000,0
1551500,1.7000,0.8458,0.8542,0.84579,0.84579,0.00000,0.00000,0
1552000,1.7000,0.8474,0.8526,0.84740,0.84740,0.00000,0.00000,0
1552500,1.7000,0.8474,0.8526,0.84740,0.84740,0.00000,0.00000,0
1553000,1.7000,0.8482,0.8518,0.84821,0.84821,0.00000,0.00000,0
1553500,1.7000,0.8474,0.8526,0.84740,0.84740,0.00000,0.00000,0
1554000,1.7000,0.8490,0.8510,0.84901,0.84901,0.00000,0.00000,0
1554500,1.7000,0.8482,0.8518,0.84821,0.84821,0.00000,0.00000,0
1555000,1.7000,0.8482,0.8518,0.84821,0.84821,0.00000,0.00000,0
1555500,1.7000,0.8482,0.8518,0.84821,0.84821,0.00000,0.00000,0
1556000,1.7000,0.8466,0.8534,0.84659,0.84659,0.00000,0.00000,0
1556500,1.7000,0.8466,0.8534,0.84659,0.84659,0.00000,0.00000,0
1557000,1.7000,0.8458,0.8542,0.84579,0.84579,0.00000,0.00000,0
1557500,1.7000,0.8442,0.8558,0.84418,0.84418,0.00000,0.00000,0
1558000,1.7000,0.8458,0.8542,0.84579,0.84579,0.00000,0.00000,0
1558500,1.7000,0.8466,0.8534,0.84659,0.84659,0.00000,0.00000,0
1559000,1.7000,0.8450,0.8550,0.84498,0.84498,0.00000,0.00000,0
1559500,1.7000,0.8458,0.8542,0.84579,0.84579,0.00000,0.00000,0
1560000,1.7000,0.8458,0.8542,0.84579,0.84579,0.00000,0.00000,0
1560500,1.7000,0.8458,0.8542,0.84579,0.84579,0.00000,0.00000,0
1561000,1.7000,0.8458,0.8542,0.84579,0.84579,0.00000,0.00000,0
1561500,1.7000,0.8466,0.8534,0.84659,0.84659,0.00000,0.00000,0
1562000,1.7000,0.8458,0.8542,0.84579,0.84579,0.00000,0.00000,0
1562500,1.7000,0.8466,0.8534,0.84659,0.84659,0.00000,0.00000,0
1563000,1.7000,0.8466,0.8534,0.84659,0.84659,0.00000,0.00000,0
1563500,1.7000,0.8458,0.8542,0.84579,0.84579,0.00000,0.00000,0
1564000,1.7000,0.8466,0.8534,0.84659,0.84659,0.00000,0.00000,0
1564500,1.7000,0.8490,0.8510,0.84901,0.84901,0.00000,0.00000,0
1565000,1.7000,0.8482,0.8518,0.84821,0.84821,0.00000,0.00000,0
1565500,1.7000,0.8482,0.8518,0.84821,0.84821,0.00000,0.00000,0
1566000,1.7000,0.8490,0.8510,0.84901,0.84901,0.00000,0.00000,0
1566500,1.7000,0.8498,0.8502,0.84982,0.84982,0.00000,0.00000,0
1567000,1.7000,0.8498,0.8502,0.84982,0.84982,0.00000,0.00000,0
1567500,1.7000,0.8514,0.8486,0.85143,0.85143,0.00000,0.00000,0
1568000,1.7000,0.8514,0.8486,0.85143,0.85143,0.00000,0.00000,0
1568500,1.7000,0.8514,0.8486,0.85143,0.85143,0.00000,0.00000,0
1569000,1.7000,0.8514,0.8486,0.85143,0.85143,0.00000,0.00000,0
1569500,1.7000,0.8498,0.8502,0.84982,0.84982,0.00000,0.00000,0
1570000,1.7000,0.8506,0.8494,0.85062,0.85062,0.00000,0.00000,0
1570500,1.7000,0.8498,0.8502,0.84982,0.84982,0.00000,0.00000,0
1571000,1.7000,0.8490,0.8510,0.84901,0.84901,0.00000,0.00000,0
1571500,1.7000,0.8498,0.8502,0.84982,0.84982,0.00000,0.00000,0
1572000,1.7000,0.8498,0.8502,0.84982,0.84982,0.00000,0.00000,0
1572500,1.7000,0.8482,0.8518,0.84821,0.84821,0.00000,0.00000,0
1573000,1.7000,0.8482,0.8518,0.84821,0.84821,0.00000,0.00000,0
1573500,1.7000,0.8474,0.8526,0.84740,0.84740,0.00000,0.00000,0
1574000,1.7000,0.8466,0.8534,0.84659,0.84659,0.00000,0.00000,0
1574500,1.7000,0.8450,0.8550,0.84498,0.84498,0.00000,0.00000,0
1575000,1.7000,0.8458,0.8542,0.84579,0.84579,0.00000,0.00000,0
1575500,1.7000,0.8458,0.8542,0.84579,0.84579,0.00000,0.00000,0
1576000,1.7000,0.8458,0.8542,0.84579,0.84579,0.00000,0.00000,0
1576500,1.7000,0.8458,0.8542,0.84579,0.84579,0.00000,0.00000,0
1577000,1.7000,0.8450,0.8550,0.84498,0.84498,0.00000,0.00000,0
1577500,1.7000,0.8450,0.8550,0.84498,0.84498,0.00000,0.00000,0
1578000,1.7000,0.8466,0.8534,0.84659,0.84659,0.00000,0.00000,0
1578500,1.7000,0.8482,0.8518,0.84821,0.84821,0.00000,0.00000,0
1579000,1.7000,0.8482,0.8518,0.84821,0.84821,0.00000,0.00000,0
1579500,1.7000,0.8490,0.8510,0.84901,0.84901,0.00000,0.00000,0
1580000,1.7000,0.8482,0.8518,0.84821,0.84821,0.00000,0.00000,0
1580500,1.7000,0.8474,0.8526,0.84740,0.84740,0.00000,0.00000,0
1581000,1.7000,0.8458,0.8542,0.84579,0.84579,0.00000,0.00000,0
1581500,1.7000,0.8458,0.8542,0.84579,0.84579,0.00000,0.00000,0
1582000,1.7000,0.8466,0.8534,0.84659,0.84659,0.00000,0.00000,0
1582500,1.7000,0.8474,0.8526,0.84740,0.84740,0.00000,0.00000,0
1583000,1.7000,0.8466,0.8534,0.84659,0.84659,0.00000,0.00000,0
1583500,1.7000,0.8466,0.8534,0.84659,0.84659,0.00000,0.00000,0
1584000,1.7000,0.8474,0.8526,0.84740,0.84740,0.00000,0.00000,0
1584500,1.7000,0.8474,0.8526,0.84740,0.84740,0.00000,0.00000,0
1585000,1.7000,0.8482,0.8518,0.84821,0.84821,0.00000,0.00000,0
1585500,1.7000,0.8490,0.8510,0.84901,0.84901,0.00000,0.00000,0
1586000,1.7000,0.8490,0.8510,0.84901,0.84901,0.00000,0.00000,0
1586500,1.7000,0.8482,0.8518,0.84821,0.84821,0.00000,0.00000,0
1587000,1.7000,0.8466,0.8534,0.84659,0.84659,0.00000,0.00000,0
1587500,1.7000,0.8458,0.8542,0.84579,0.84579,0.00000,0.00000,0
1588000,1.7000,0.8434,0.8566,0.84337,0.84337,0.00000,0.00000,0
1588500,1.7000,0.8426,0.8574,0.84256,0.84256,0.00000,0.00000,0
1589000,1.7000,0.8426,0.8574,0.84256,0.84256,0.00000,0.00000,0
1589500,1.7000,0.8458,0.8542,0.84579,0.84579,0.00000,0.00000,0
1590000,1.7000,0.8458,0.8542,0.84579,0.84579,0.00000,0.00000,0
1590500,1.7000,0.8466,0.8534,0.84659,0.84659,0.00000,0.00000,0
1591000,1.7000,0.8482,0.8518,0.84821,0.84821,0.00000,0.00000,0
1591500,1.7000,0.8482,0.8518,0.84821,0.84821,0.00000,0.00000,0
1592000,1.7000,0.8490,0.8510,0.84901,0.84901,0.00000,0.00000,0
1592500,1.7000,0.8498,0.8502,0.84982,0.84982,0.00000,0.00000,0
1593000,1.7000,0.8522,0.8478,0.85223,0.85223,0.00000,0.00000,0
1593500,1.7000,0.8514,0.8486,0.85143,0.85143,0.00000,0.00000,0
1594000,1.7000,0.8506,0.8494,0.85062,0.85062,0.00000,0.00000,0
1594500,1.7000,0.8474,0.8526,0.84740,0.84740,0.00000,0.00000,0
1595000,1.7000,0.8474,0.8526,0.84740,0.84740,0.00000,0.00000,0
1595500,1.7000,0.8474,0.8526,0.84740,0.84740,0.00000,0.00000,0
1596000,1.7000,0.8466,0.8534,0.84659,0.84659,0.00000,0.00000,0
1596500,1.7000,0.8474,0.8526,0.84740,0.84740,0.00000,0.00000,0
1597000,1.7000,0.8474,0.8526,0.84740,0.84740,0.00000,0.00000,0
1597500,1.7000,0.8482,0.8518,0.84821,0.84821,0.00000,0.00000,0
1598000,1.7000,0.8474,0.8526,0.84740,0.84740,0.00000,0.00000,0
1598500,1.7000,0.8498,0.8502,0.84982,0.84982,0.00000,0.00000,0
1599000,1.7000,0.8498,0.8502,0.84982,0.84982,0.00000,0.00000,0
1599500,1.7000,0.8498,0.8502,0.84982,0.84982,0.00000,0.00000,0
1600000,1.7000,0.8498,0.8502,0.84982,0.84982,0.00000,0.00000,0
1600500,1.7000,0.8490,0.8510,0.84901,0.84901,0.00000,0.00000,0
1601000,1.7000,0.8490,0.8510,0.84901,0.84901,0.00000,0.00000,0
1601500,1.7000,0.8498,0.8502,0.84982,0.84982,0.00000,0.00000,0
1602000,1.7000,0.8506,0.8494,0.85062,0.85062,0.00000,0.00000,0
1602500,1.7000,0.8490,0.8510,0.84901,0.84901,0.00000,0.00000,0
1603000,1.7000,0.8498,0.8502,0.84982,0.84982,0.00000,0.00000,0
1603500,1.7000,0.8490,0.8510,0.84901,0.84901,0.00000,0.00000,0
1604000,1.7000,0.8490,0.8510,0.84901,0.84901,0.00000,0.00000,0
1604500,1.7000,0.8474,0.8526,0.84740,0.84740,0.00000,0.00000,0
1605000,1.7000,0.8466,0.8534,0.84659,0.84659,0.00000,0.00000,0
1605500,1.7000,0.8458,0.8542,0.84579,0.84579,0.00000,0.00000,0
1606000,1.7000,0.8450,0.8550,0.84498,0.84498,0.00000,0.00000,0
1606500,1.7000,0.8458,0.8542,0.84579,0.84579,0.00000,0.00000,0
1607000,1.7000,0.8450,0.8550,0.84498,0.84498,0.00000,0.00000,0
1607500,1.7000,0.8458,0.8542,0.84579,0.84579,0.00000,0.00000,0
1608000,1.7000,0.8458,0.8542,0.84579,0.84579,0.00000,0.00000,0
1608500,1.7000,0.8458,0.8542,0.84579,0.84579,0.00000,0.00000,0
1609000,1.7000,0.8458,0.8542,0.84579,0.84579,0.00000,0.00000,0
1609500,1.7000,0.8458,0.8542,0.84579,0.84579,0.00000,0.00000,0
1610000,1.7000,0.8466,0.8534,0.84659,0.84659,0.00000,0.00000,0
1610500,1.7000,0.8466,0.8534,0.84659,0.84659,0.00000,0.00000,0
1611000,1.7000,0.8490,0.8510,0.84901,0.84901,0.00000,0.00000,0
1611500,1.7000,0.8490,0.8510,0.84901,0.84901,0.00000,0.00000,0
1612000,1.7000,0.8498,0.8502,0.84982,0.84982,0.00000,0.00000,0
1612500,1.7000,0.8490,0.8510,0.84901,0.84901,0.00000,0.00000,0
1613000,1.7000,0.8482,0.8518,0.84821,0.84821,0.00000,0.00000,0
1613500,1.7000,0.8482,0.8518,0.84821,0.84821,0.00000,0.00000,0
1614000,1.7000,0.8490,0.8510,0.84901,0.84901,0.00000,0.00000,0
1614500,1.7000,0.8506,0.8494,0.85062,0.85062,0.00000,0.00000,0
1615000,1.7000,0.8514,0.8486,0.85143,0.85143,0.00000,0.00000,0
1615500,1.7000,0.8514,0.8486,0.85143,0.85143,0.00000,0.00000,0
1616000,1.7000,0.8514,0.8486,0.85143,0.85143,0.00000,0.00000,0
1616500,1.7000,0.8514,0.8486,0.85143,0.85143,0.00000,0.00000,0
1617000,1.7000,0.8498,0.8502,0.84982,0.84982,0.00000,0.00000,0
1617500,1.7000,0.8506,0.8494,0.85062,0.85062,0.00000,0.00000,0
1618000,1.7000,0.8514,0.8486,0.85143,0.85143,0.00000,0.00000,0
1618500,1.7000,0.8514,0.8486,0.85143,0.85143,0.00000,0.00000,0
1619000,1.7000,0.8514,0.8486,0.85143,0.85143,0.00000,0.00000,0
1619500,1.7000,0.8514,0.8486,0.85143,0.85143,0.00000,0.00000,0
1620000,1.7000,0.8506,0.8494,0.85062,0.85062,0.00000,0.00000,0
1620500,1.7000,0.8506,0.8494,0.85062,0.85062,0.00000,0.00000,0
1621000,1.7000,0.8490,0.8510,0.84901,0.84901,0.00000,0.00000,0
1621500,1.7000,0.8506,0.8494,0.85062,0.85062,0.00000,0.00000,0
1622000,1.7000,0.8498,0.8502,0.84982,0.84982,0.00000,0.00000,0
1622500,1.7000,0.8498,0.8502,0.84982,0.84982,0.00000,0.00000,0
1623000,1.7000,0.8498,0.8502,0.84982,0.84982,0.00000,0.00000,0
1623500,1.7000,0.8490,0.8510,0.84901,0.84901,0.00000,0.00000,0
1624000,1.7000,0.8506,0.8494,0.85062,0.85062,0.00000,0.00000,0
1624500,1.7000,0.8498,0.8502,0.84982,0.84982,0.00000,0.00000,0
1625000,1.7000,0.8498,0.8502,0.84982,0.84982,0.00000,0.00000,0
1625500,1.7000,0.8514,0.8486,0.85143,0.85143,0.00000,0.00000,0
1626000,1.7000,0.8555,0.8445,0.85546,0.85546,0.00000,0.00000,0
1626500,1.7000,0.8538,0.8462,0.85385,0.85385,0.00000,0.00000,0
1627000,1.7000,0.8555,0.8445,0.85546,0.85546,0.00000,0.00000,0
1627500,1.7000,0.8555,0.8445,0.85546,0.85546,0.00000,0.00000,0
1628000,1.7000,0.8547,0.8453,0.85465,0.85465,0.00000,0.00000,0
1628500,1.7000,0.8547,0.8453,0.85465,0.85465,0.00000,0.00000,0
1629000,1.7000,0.8522,0.8478,0.85223,0.85223,0.00000,0.00000,0
1629500,1.7000,0.8514,0.8486,0.85143,0.85143,0.00000,0.00000,0
1630000,1.7000,0.8514,0.8486,0.85143,0.85143,0.00000,0.00000,0
1630500,1.7000,0.8506,0.8494,0.85062,0.85062,0.00000,0.00000,0
1631000,1.7000,0.8474,0.8526,0.84740,0.84740,0.00000,0.00000,0
1631500,1.7000,0.8466,0.8534,0.84659,0.84659,0.00000,0.00000,0
1632000,1.7000,0.8466,0.8534,0.84659,0.84659,0.00000,0.00000,0
1632500,1.7000,0.8458,0.8542,0.84579,0.84579,0.00000,0.00000,0
1633000,1.7000,0.8466,0.8534,0.84659,0.84659,0.00000,0.00000,0
1633500,1.7000,0.8466,0.8534,0.84659,0.84659,0.00000,0.00000,0
1634000,1.7000,0.8474,0.8526,0.84740,0.84740,0.00000,0.00000,0
1634500,1.7000,0.8474,0.8526,0.84740,0.84740,0.00000,0.00000,0
1635000,1.7000,0.8482,0.8518,0.84821,0.84821,0.00000,0.00000,0
1635500,1.7000,0.8482,0.8518,0.84821,0.84821,0.00000,0.00000,0
1636000,1.7000,0.8474,0.8526,0.84740,0.84740,0.00000,0.00000,0
1636500,1.7000,0.8482,0.8518,0.84821,0.84821,0.00000,0.00000,0
1637000,1.7000,0.8490,0.8510,0.84901,0.84901,0.00000,0.00000,0
1637500,1.7000,0.8490,0.8510,0.84901,0.84901,0.00000,0.00000,0
1638000,1.7000,0.8466,0.8534,0.84659,0.84659,0.00000,0.00000,0
1638500,1.7000,0.8466,0.8534,0.84659,0.84659,0.00000,0.00000,0
1639000,1.7000,0.8458,0.8542,0.84579,0.84579,0.00000,0.00000,0
1639500,1.7000,0.8458,0.8542,0.84579,0.84579,0.00000,0.00000,0
1640000,1.7000,0.8474,0.8526,0.84740,0.84740,0.00000,0.00000,0
1640500,1.7000,0.8466,0.8534,0.84659,0.84659,0.00000,0.00000,0
1641000,1.7000,0.8466,0.8534,0.84659,0.84659,0.00000,0.00000,0
1641500,1.7000,0.8490,0.8510,0.84901,0.84901,0.00000,0.00000,0
1642000,1.7000,0.8490,0.8510,0.84901,0.84901,0.00000,0.00000,0
1642500,1.7000,0.8498,0.8502,0.84982,0.84982,0.00000,0.00000,0
1643000,1.7000,0.8514,0.8486,0.85143,0.85143,0.00000,0.00000,0
1643500,1.7000,0.8514,0.8486,0.85143,0.85143,0.00000,0.00000,0
1644000,1.7000,0.8530,0.8470,0.85304,0.85304,0.00000,0.00000,0
1644500,1.7000,0.8522,0.8478,0.85223,0.85223,0.00000,0.00000,0
1645000,1.7000,0.8506,0.8494,0.85062,0.85062,0.00000,0.00000,0
1645500,1.7000,0.8506,0.8494,0.85062,0.85062,0.00000,0.00000,0
1646000,1.7000,0.8506,0.8494,0.85062,0.85062,0.00000,0.00000,0
1646500,1.7000,0.8474,0.8526,0.84740,0.84740,0.00000,0.00000,0
1647000,1.7000,0.8482,0.8518,0.84821,0.84821,0.00000,0.00000,0
1647500,1.7000,0.8482,0.8518,0.84821,0.84821,0.00000,0.00000,0
1648000,1.7000,0.8482,0.8518,0.84821,0.84821,0.00000,0.00000,0
1648500,1.7000,0.8482,0.8518,0.84821,0.84821,0.00000,0.00000,0
1649000,1.7000,0.8458,0.8542,0.84579,0.84579,0.00000,0.00000,0
1649500,1.7000,0.8450,0.8550,0.84498,0.84498,0.00000,0.00000,0
1650000,1.7000,0.8450,0.8550,0.84498,0.84498,0.00000,0.00000,0
1650500,1.7000,0.8458,0.8542,0.84579,0.84579,0.00000,0.00000,0
1651000,1.7000,0.8458,0.8542,0.84579,0.84579,0.00000,0.00000,0
1651500,1.7000,0.8458,0.8542,0.84579,0.84579,0.00000,0.00000,0
1652000,1.7000,0.8458,0.8542,0.84579,0.84579,0.00000,0.00000,0
1652500,1.7000,0.8450,0.8550,0.84498,0.84498,0.00000,0.00000,0
1653000,1.7000,0.8458,0.8542,0.84579,0.84579,0.00000,0.00000,0
1653500,1.7000,0.8474,0.8526,0.84740,0.84740,0.00000,0.00000,0
1654000,1.7000,0.8490,0.8510,0.84901,0.84901,0.00000,0.00000,0
1654500,1.7000,0.8498,0.8502,0.84982,0.84982,0.00000,0.00000,0
1655000,1.7000,0.8498,0.8502,0.84982,0.84982,0.00000,0.00000,0
1655500,1.7000,0.8482,0.8518,0.84821,0.84821,0.00000,0.00000,0
1656000,1.7000,0.8482,0.8518,0.84821,0.84821,0.00000,0.00000,0
1656500,1.7000,0.8482,0.8518,0.84821,0.84821,0.00000,0.00000,0
1657000,1.7000,0.8482,0.8518,0.84821,0.84821,0.00000,0.00000,0
1657500,1.7000,0.8474,0.8526,0.84740,0.84740,0.00000,0.00000,0
1658000,1.7000,0.8482,0.8518,0.84821,0.84821,0.00000,0.00000,0
1658500,1.7000,0.8458,0.8542,0.84579,0.84579,0.00000,0.00000,0
1659000,1.7000,0.8458,0.8542,0.84579,0.84579,0.00000,0.00000,0
1659500,1.7000,0.8458,0.8542,0.84579,0.84579,0.00000,0.00000,0
1660000,1.7000,0.8458,0.8542,0.84579,0.84579,0.00000,0.00000,0
1660500,1.7000,0.8458,0.8542,0.84579,0.84579,0.00000,0.00000,0
1661000,1.7000,0.8442,0.8558,0.84418,0.84418,0.00000,0.00000,0
1661500,1.7000,0.8434,0.8566,0.84337,0.84337,0.00000,0.00000,0
1662000,1.7000,0.8434,0.8566,0.84337,0.84337,0.00000,0.00000,0
1662500,1.7000,0.8434,0.8566,0.84337,0.84337,0.00000,0.00000,0
1663000,1.7000,0.8466,0.8534,0.84659,0.84659,0.00000,0.00000,0
1663500,1.7000,0.8474,0.8526,0.84740,0.84740,0.00000,0.00000,0
1664000,1.7000,0.8474,0.8526,0.84740,0.84740,0.00000,0.00000,0
1664500,1.7000,0.8474,0.8526,0.84740,0.84740,0.00000,0.00000,0
1665000,1.7000,0.8482,0.8518,0.84821,0.84821,0.00000,0.00000,0
1665500,1.7000,0.8474,0.8526,0.84740,0.84740,0.00000,0.00000,0
1666000,1.7000,0.8474,0.8526,0.84740,0.84740,0.00000,0.00000,0
1666500,1.7000,0.8482,0.8518,0.84821,0.84821,0.00000,0.00000,0
1667000,1.7000,0.8482,0.8518,0.84821,0.84821,0.00000,0.00000,0
1667500,1.7000,0.8482,0.8518,0.84821,0.84821,0.00000,0.00000,0
1668000,1.7000,0.8458,0.8542,0.84579,0.84579,0.00000,0.00000,0
1668500,1.7000,0.8442,0.8558,0.84418,0.84418,0.00000,0.00000,0
1669000,1.7000,0.8466,0.8534,0.84659,0.84659,0.00000,0.00000,0
1669500,1.7000,0.8466,0.8534,0.84659,0.84659,0.00000,0.00000,0
1670000,1.7000,0.8466,0.8534,0.84659,0.84659,0.00000,0.00000,0
1670500,1.7000,0.8458,0.8542,0.84579,0.84579,0.00000,0.00000,0
1671000,1.7000,0.8474,0.8526,0.84740,0.84740,0.00000,0.00000,0
1671500,1.7000,0.8466,0.8534,0.84659,0.84659,0.00000,0.00000,0
1672000,1.7000,0.8466,0.8534,0.84659,0.84659,0.00000,0.00000,0
1672500,1.7000,0.8450,0.8550,0.84498,0.84498,0.00000,0.00000,0
1673000,1.7000,0.8442,0.8558,0.84418,0.84418,0.00000,0.00000,0
1673500,1.7000,0.8458,0.8542,0.84579,0.84579,0.00000,0.00000,0
1674000,1.7000,0.8450,0.8550,0.84498,0.84498,0.00000,0.00000,0
1674500,1.7000,0.8458,0.8542,0.84579,0.84579,0.00000,0.00000,0
1675000,1.7000,0.8458,0.8542,0.84579,0.84579,0.00000,0.00000,0
1675500,1.7000,0.8474,0.8526,0.84740,0.84740,0.00000,0.00000,0
1676000,1.7000,0.8474,0.8526,0.84740,0.84740,0.00000,0.00000,0
1676500,1.7000,0.8482,0.8518,0.84821,0.84821,0.00000,0.00000,0
1677000,1.7000,0.8482,0.8518,0.84821,0.84821,0.00000,0.00000,0
1677500,1.7000,0.8490,0.8510,0.84901,0.84901,0.00000,0.00000,0
1678000,1.7000,0.8490,0.8510,0.84901,0.84901,0.00000,0.00000,0
1678500,1.7000,0.8474,0.8526,0.84740,0.84740,0.00000,0.00000,0
1679000,1.7000,0.8482,0.8518,0.84821,0.84821,0.00000,0.00000,0
1679500,1.7000,0.8474,0.8526,0.84740,0.84740,0.00000,0.00000,0
1680000,1.7000,0.8482,0.8518,0.84821,0.84821,0.00000,0.00000,0
1680500,1.7000,0.8490,0.8510,0.84901,0.84901,0.00000,0.00000,0
1681000,1.7000,0.8498,0.8502,0.84982,0.84982,0.00000,0.00000,0
1681500,1.7000,0.8506,0.8494,0.85062,0.85062,0.00000,0.00000,0
1682000,1.7000,0.8506,0.8494,0.85062,0.85062,0.00000,0.00000,0
1682500,1.7000,0.8498,0.8502,0.84982,0.84982,0.00000,0.00000,0
1683000,1.7000,0.8506,0.8494,0.85062,0.85062,0.00000,0.00000,0
1683500,1.7000,0.8514,0.8486,0.85143,0.85143,0.00000,0.00000,0
1684000,1.7000,0.8498,0.8502,0.84982,0.84982,0.00000,0.00000,0
1684500,1.7000,0.8514,0.8486,0.85143,0.85143,0.00000,0.00000,0
1685000,1.7000,0.8506,0.8494,0.85062,0.85062,0.00000,0.00000,0
1685500,1.7000,0.8482,0.8518,0.84821,0.84821,0.00000,0.00000,0
1686000,1.7000,0.8466,0.8534,0.84659,0.84659,0.00000,0.00000,0
1686500,1.7000,0.8466,0.8534,0.84659,0.84659,0.00000,0.00000,0
1687000,1.7000,0.8482,0.8518,0.84821,0.84821,0.00000,0.00000,0
1687500,1.7000,0.8490,0.8510,0.84901,0.84901,0.00000,0.00000,0
1688000,1.7000,0.8498,0.8502,0.84982,0.84982,0.00000,0.00000,0
1688500,1.7000,0.8490,0.8510,0.84901,0.84901,0.00000,0.00000,0
1689000,1.7000,0.8498,0.8502,0.84982,0.84982,0.00000,0.00000,0
1689500,1.7000,0.8474,0.8526,0.84740,0.84740,0.00000,0.00000,0
1690000,1.7000,0.8474,0.8526,0.84740,0.84740,0.00000,0.00000,0
1690500,1.7000,0.8482,0.8518,0.84821,0.84821,0.00000,0.00000,0
1691000,1.7000,0.8490,0.8510,0.84901,0.84901,0.00000,0.00000,0
1691500,1.7000,0.8482,0.8518,0.84821,0.84821,0.00000,0.00000,0
1692000,1.7000,0.8450,0.8550,0.84498,0.84498,0.00000,0.00000,0
1692500,1.7000,0.8450,0.8550,0.84498,0.84498,0.00000,0.00000,0
1693000,1.7000,0.8450,0.8550,0.84498,0.84498,0.00000,0.00000,0
1693500,1.7000,0.8434,0.8566,0.84337,0.84337,0.00000,0.00000,0
1694000,1.7000,0.8442,0.8558,0.84418,0.84418,0.00000,0.00000,0
1694500,1.7000,0.8450,0.8550,0.84498,0.84498,0.00000,0.00000,0
1695000,1.7000,0.8442,0.8558,0.84418,0.84418,0.00000,0.00000,0
1695500,1.7000,0.8450,0.8550,0.84498,0.84498,0.00000,0.00000,0
1696000,1.7000,0.8434,0.8566,0.84337,0.84337,0.00000,0.00000,0
1696500,1.7000,0.8426,0.8574,0.84256,0.84256,0.00000,0.00000,0
1697000,1.7000,0.8434,0.8566,0.84337,0.84337,0.00000,0.00000,0
1697500,1.7000,0.8426,0.8574,0.84256,0.84256,0.00000,0.00000,0
1698000,1.7000,0.8442,0.8558,0.84418,0.84418,0.00000,0.00000,0
1698500,1.7000,0.8450,0.8550,0.84498,0.84498,0.00000,0.00000,0
1699000,1.7000,0.8434,0.8566,0.84337,0.84337,0.00000,0.00000,0
1699500,1.7000,0.8434,0.8566,0.84337,0.84337,0.00000,0.00000,0
1700000,1.7000,0.8442,0.8558,0.84418,0.84418,0.00000,0.00000,0
1700500,1.7000,0.8442,0.8558,0.84418,0.84418,0.00000,0.00000,0
1701000,1.7000,0.8450,0.8550,0.84498,0.84498,0.00000,0.00000,0
1701500,1.7000,0.8458,0.8542,0.84579,0.84579,0.00000,0.00000,0
1702000,1.7000,0.8474,0.8526,0.84740,0.84740,0.00000,0.00000,0
1702500,1.7000,0.8482,0.8518,0.84821,0.84821,0.00000,0.00000,0
1703000,1.7000,0.8466,0.8534,0.84659,0.84659,0.00000,0.00000,0
1703500,1.7000,0.8466,0.8534,0.84659,0.84659,0.00000,0.00000,0
1704000,1.7000,0.8482,0.8518,0.84821,0.84821,0.00000,0.00000,0
1704500,1.7000,0.8490,0.8510,0.84901,0.84901,0.00000,0.00000,0
1705000,1.7000,0.8490,0.8510,0.84901,0.84901,0.00000,0.00000,0
1705500,1.7000,0.8482,0.8518,0.84821,0.84821,0.00000,0.00000,0
1706000,1.7000,0.8482,0.8518,0.84821,0.84821,0.00000,0.00000,0
1706500,1.7000,0.8474,0.8526,0.84740,0.84740,0.00000,0.00000,0
1707000,1.7000,0.8474,0.8526,0.84740,0.84740,0.00000,0.00000,0
1707500,1.7000,0.8458,0.8542,0.84579,0.84579,0.00000,0.00000,0
1708000,1.7000,0.8466,0.8534,0.84659,0.84659,0.00000,0.00000,0
1708500,1.7000,0.8474,0.8526,0.84740,0.84740,0.00000,0.00000,0
1709000,1.7000,0.8474,0.8526,0.84740,0.84740,0.00000,0.00000,0
1709500,1.7000,0.8490,0.8510,0.84901,0.84901,0.00000,0.00000,0
1710000,1.7000,0.8474,0.8526,0.84740,0.84740,0.00000,0.00000,0
1710500,1.7000,0.8482,0.8518,0.84821,0.84821,0.00000,0.00000,0
1711000,1.7000,0.8490,0.8510,0.84901,0.84901,0.00000,0.00000,0
1711500,1.7000,0.8506,0.8494,0.85062,0.85062,0.00000,0.00000,0
1712000,1.7000,0.8498,0.8502,0.84982,0.84982,0.00000,0.00000,0
1712500,1.7000,0.8498,0.8502,0.84982,0.84982,0.00000,0.00000,0
1713000,1.7000,0.8482,0.8518,0.84821,0.84821,0.00000,0.00000,0
1713500,1.7000,0.8466,0.8534,0.84659,0.84659,0.00000,0.00000,0
1714000,1.7000,0.8474,0.8526,0.84740,0.84740,0.00000,0.00000,0
1714500,1.7000,0.8466,0.8534,0.84659,0.84659,0.00000,0.00000,0
1715000,1.7000,0.8490,0.8510,0.84901,0.84901,0.00000,0.00000,0
1715500,1.7000,0.8482,0.8518,0.84821,0.84821,0.00000,0.00000,0
1716000,1.7000,0.8482,0.8518,0.84821,0.84821,0.00000,0.00000,0
1716500,1.7000,0.8466,0.8534,0.84659,0.84659,0.00000,0.00000,0
1717000,1.7000,0.8474,0.8526,0.84740,0.84740,0.00000,0.00000,0
1717500,1.7000,0.8482,0.8518,0.84821,0.84821,0.00000,0.00000,0
1718000,1.7000,0.8490,0.8510,0.84901,0.84901,0.00000,0.00000,0
1718500,1.7000,0.8498,0.8502,0.84982,0.84982,0.00000,0.00000,0
1719000,1.7000,0.8482,0.8518,0.84821,0.84821,0.00000,0.00000,0
1719500,1.7000,0.8482,0.8518,0.84821,0.84821,0.00000,0.00000,0
1720000,1.7000,0.8474,0.8526,0.84740,0.84740,0.00000,0.00000,0
1720500,1.7000,0.8474,0.8526,0.84740,0.84740,0.00000,0.00000,0
1721000,1.7000,0.8474,0.8526,0.84740,0.84740,0.00000,0.00000,0
1721500,1.7000,0.8474,0.8526,0.84740,0.84740,0.00000,0.00000,0
1722000,1.7000,0.8474,0.8526,0.84740,0.84740,0.00000,0.00000,0
1722500,1.7000,0.8482,0.8518,0.84821,0.84821,0.00000,0.00000,0
1723000,1.7000,0.8474,0.8526,0.84740,0.84740,0.00000,0.00000,0
1723500,1.7000,0.8490,0.8510,0.84901,0.84901,0.00000,0.00000,0
1724000,1.7000,0.8482,0.8518,0.84821,0.84821,0.00000,0.00000,0
1724500,1.7000,0.8474,0.8526,0.84740,0.84740,0.00000,0.00000,0
1725000,1.7000,0.8474,0.8526,0.84740,0.84740,0.00000,0.00000,0
1725500,1.7000,0.8474,0.8526,0.84740,0.84740,0.00000,0.00000,0
1726000,1.7000,0.8466,0.8534,0.84659,0.84659,0.00000,0.00000,0
1726500,1.7000,0.8474,0.8526,0.84740,0.84740,0.00000,0.00000,0
1727000,1.7000,0.8466,0.8534,0.84659,0.84659,0.00000,0.00000,0
1727500,1.7000,0.8458,0.8542,0.84579,0.84579,0.00000,0.00000,0
1728000,1.7000,0.8450,0.8550,0.84498,0.84498,0.00000,0.00000,0
1728500,1.7000,0.8418,0.8582,0.84176,0.84176,0.00000,0.00000,0
1729000,1.7000,0.8434,0.8566,0.84337,0.84337,0.00000,0.00000,0
1729500,1.7000,0.8434,0.8566,0.84337,0.84337,0.00000,0.00000,0
1730000,1.7000,0.8426,0.8574,0.84256,0.84256,0.00000,0.00000,0
1730500,1.7000,0.8426,0.8574,0.84256,0.84256,0.00000,0.00000,0
1731000,1.7000,0.8426,0.8574,0.84256,0.84256,0.00000,0.00000,0
1731500,1.7000,0.8426,0.8574,0.84256,0.84256,0.00000,0.00000,0
1732000,1.7000,0.8434,0.8566,0.84337,0.84337,0.00000,0.00000,0
1732500,1.7000,0.8442,0.8558,0.84418,0.84418,0.00000,0.00000,0
1733000,1.7000,0.8442,0.8558,0.84418,0.84418,0.00000,0.00000,0
1733500,1.7000,0.8458,0.8542,0.84579,0.84579,0.00000,0.00000,0
1734000,1.7000,0.8458,0.8542,0.84579,0.84579,0.00000,0.00000,0
1734500,1.7000,0.8466,0.8534,0.84659,0.84659,0.00000,0.00000,0
1735000,1.7000,0.8466,0.8534,0.84659,0.84659,0.00000,0.00000,0
1735500,1.7000,0.8474,0.8526,0.84740,0.84740,0.00000,0.00000,0
1736000,1.7000,0.8466,0.8534,0.84659,0.84659,0.00000,0.00000,0
1736500,1.7000,0.8482,0.8518,0.84821,0.84821,0.00000,0.00000,0
1737000,1.7000,0.8482,0.8518,0.84821,0.84821,0.00000,0.00000,0
1737500,1.7000,0.8474,0.8526,0.84740,0.84740,0.00000,0.00000,0
1738000,1.7000,0.8482,0.8518,0.84821,0.84821,0.00000,0.00000,0
1738500,1.7000,0.8490,0.8510,0.84901,0.84901,0.00000,0.00000,0
1739000,1.7000,0.8490,0.8510,0.84901,0.84901,0.00000,0.00000,0
1739500,1.7000,0.8490,0.8510,0.84901,0.84901,0.00000,0.00000,0
1740000,1.7000,0.8490,0.8510,0.84901,0.84901,0.00000,0.00000,0
1740500,1.7000,0.8506,0.8494,0.85062,0.85062,0.00000,0.00000,0
1741000,1.7000,0.8514,0.8486,0.85143,0.85143,0.00000,0.00000,0
1741500,1.7000,0.8490,0.8510,0.84901,0.84901,0.00000,0.00000,0
1742000,1.7000,0.8482,0.8518,0.84821,0.84821,0.00000,0.00000,0
1742500,1.7000,0.8482,0.8518,0.84821,0.84821,0.00000,0.00000,0
1743000,1.7000,0.8474,0.8526,0.84740,0.84740,0.00000,0.00000,0
1743500,1.7000,0.8474,0.8526,0.84740,0.84740,0.00000,0.00000,0
1744000,1.7000,0.8474,0.8526,0.84740,0.84740,0.00000,0.00000,0
1744500,1.7000,0.8474,0.8526,0.84740,0.84740,0.00000,0.00000,0
1745000,1.7000,0.8474,0.8526,0.84740,0.84740,0.00000,0.00000,0
1745500,1.7000,0.8466,0.8534,0.84659,0.84659,0.00000,0.00000,0
1746000,1.7000,0.8466,0.8534,0.84659,0.84659,0.00000,0.00000,0
1746500,1.7000,0.8482,0.8518,0.84821,0.84821,0.00000,0.00000,0
1747000,1.7000,0.8482,0.8518,0.84821,0.84821,0.00000,0.00000,0
1747500,1.7000,0.8490,0.8510,0.84901,0.84901,0.00000,0.00000,0
1748000,1.7000,0.8490,0.8510,0.84901,0.84901,0.00000,0.00000,0
1748500,1.7000,0.8474,0.8526,0.84740,0.84740,0.00000,0.00000,0
1749000,1.7000,0.8458,0.8542,0.84579,0.84579,0.00000,0.00000,0
1749500,1.7000,0.8450,0.8550,0.84498,0.84498,0.00000,0.00000,0
1750000,1.7000,0.8450,0.8550,0.84498,0.84498,0.00000,0.00000,0
1750500,1.7000,0.8442,0.8558,0.84418,0.84418,0.00000,0.00000,0
1751000,1.7000,0.8434,0.8566,0.84337,0.84337,0.00000,0.00000,0
1751500,1.7000,0.8426,0.8574,0.84256,0.84256,0.00000,0.00000,0
1752000,1.7000,0.8450,0.8550,0.84498,0.84498,0.00000,0.00000,0
1752500,1.7000,0.8442,0.8558,0.84418,0.84418,0.00000,0.00000,0
1753000,1.7000,0.8442,0.8558,0.84418,0.84418,0.00000,0.00000,0
1753500,1.7000,0.8458,0.8542,0.84579,0.84579,0.00000,0.00000,0
1754000,1.7000,0.8458,0.8542,0.84579,0.84579,0.00000,0.00000,0
1754500,1.7000,0.8458,0.8542,0.84579,0.84579,0.00000,0.00000,0
1755000,1.7000,0.8458,0.8542,0.84579,0.84579,0.00000,0.00000,0
1755500,1.7000,0.8466,0.8534,0.84659,0.84659,0.00000,0.00000,0
1756000,1.7000,0.8482,0.8518,0.84821,0.84821,0.00000,0.00000,0
1756500,1.7000,0.8490,0.8510,0.84901,0.84901,0.00000,0.00000,0
1757000,1.7000,0.8490,0.8510,0.84901,0.84901,0.00000,0.00000,0
1757500,1.7000,0.8482,0.8518,0.84821,0.84821,0.00000,0.00000,0
1758000,1.7000,0.8482,0.8518,0.84821,0.84821,0.00000,0.00000,0
1758500,1.7000,0.8474,0.8526,0.84740,0.84740,0.00000,0.00000,0
1759000,1.7000,0.8474,0.8526,0.84740,0.84740,0.00000,0.00000,0
1759500,1.7000,0.8458,0.8542,0.84579,0.84579,0.00000,0.00000,0
1760000,1.7000,0.8482,0.8518,0.84821,0.84821,0.00000,0.00000,0
1760500,1.7000,0.8474,0.8526,0.84740,0.84740,0.00000,0.00000,0
1761000,1.7000,0.8442,0.8558,0.84418,0.84418,0.00000,0.00000,0
1761500,1.7000,0.8442,0.8558,0.84418,0.84418,0.00000,0.00000,0
1762000,1.7000,0.8426,0.8574,0.84256,0.84256,0.00000,0.00000,0
1762500,1.7000,0.8442,0.8558,0.84418,0.84418,0.00000,0.00000,0
1763000,1.7000,0.8442,0.8558,0.84418,0.84418,0.00000,0.00000,0
1763500,1.7000,0.8450,0.8550,0.84498,0.84498,0.00000,0.00000,0
1764000,1.7000,0.8458,0.8542,0.84579,0.84579,0.00000,0.00000,0
1764500,1.7000,0.8466,0.8534,0.84659,0.84659,0.00000,0.00000,0
1765000,1.7000,0.8450,0.8550,0.84498,0.84498,0.00000,0.00000,0
1765500,1.7000,0.8450,0.8550,0.84498,0.84498,0.00000,0.00000,0
1766000,1.7000,0.8466,0.8534,0.84659,0.84659,0.00000,0.00000,0
1766500,1.7000,0.8458,0.8542,0.84579,0.84579,0.00000,0.00000,0
1767000,1.7000,0.8466,0.8534,0.84659,0.84659,0.00000,0.00000,0
1767500,1.7000,0.8466,0.8534,0.84659,0.84659,0.00000,0.00000,0
1768000,1.7000,0.8458,0.8542,0.84579,0.84579,0.00000,0.00000,0
1768500,1.7000,0.8466,0.8534,0.84659,0.84659,0.00000,0.00000,0
1769000,1.7000,0.8474,0.8526,0.84740,0.84740,0.00000,0.00000,0
1769500,1.7000,0.8482,0.8518,0.84821,0.84821,0.00000,0.00000,0
1770000,1.7000,0.8482,0.8518,0.84821,0.84821,0.00000,0.00000,0
1770500,1.7000,0.8466,0.8534,0.84659,0.84659,0.00000,0.00000,0
1771000,1.7000,0.8458,0.8542,0.84579,0.84579,0.00000,0.00000,0
1771500,1.7000,0.8458,0.8542,0.84579,0.84579,0.00000,0.00000,0
1772000,1.7000,0.8466,0.8534,0.84659,0.84659,0.00000,0.00000,0
1772500,1.7000,0.8466,0.8534,0.84659,0.84659,0.00000,0.00000,0
1773000,1.7000,0.8490,0.8510,0.84901,0.84901,0.00000,0.00000,0
1773500,1.7000,0.8474,0.8526,0.84740,0.84740,0.00000,0.00000,0
1774000,1.7000,0.8474,0.8526,0.84740,0.84740,0.00000,0.00000,0
1774500,1.7000,0.8482,0.8518,0.84821,0.84821,0.00000,0.00000,0
1775000,1.7000,0.8474,0.8526,0.84740,0.84740,0.00000,0.00000,0
1775500,1.7000,0.8482,0.8518,0.84821,0.84821,0.00000,0.00000,0
1776000,1.7000,0.8482,0.8518,0.84821,0.84821,0.00000,0.00000,0
1776500,1.7000,0.8474,0.8526,0.84740,0.84740,0.00000,0.00000,0
1777000,1.7000,0.8474,0.8526,0.84740,0.84740,0.00000,0.00000,0
1777500,1.7000,0.8466,0.8534,0.84659,0.84659,0.00000,0.00000,0
1778000,1.7000,0.8466,0.8534,0.84659,0.84659,0.00000,0.00000,0
1778500,1.7000,0.8466,0.8534,0.84659,0.84659,0.00000,0.00000,0
1779000,1.7000,0.8458,0.8542,0.84579,0.84579,0.00000,0.00000,0
1779500,1.7000,0.8458,0.8542,0.84579,0.84579,0.00000,0.00000,0
1780000,1.7000,0.8482,0.8518,0.84821,0.84821,0.00000,0.00000,0
1780500,1.7000,0.8498,0.8502,0.84982,0.84982,0.00000,0.00000,0
1781000,1.7000,0.8506,0.8494,0.85062,0.85062,0.00000,0.00000,0
1781500,1.7000,0.8522,0.8478,0.85223,0.85223,0.00000,0.00000,0
1782000,1.7000,0.8522,0.8478,0.85223,0.85223,0.00000,0.00000,0
1782500,1.7000,0.8538,0.8462,0.85385,0.85385,0.00000,0.00000,0
1783000,1.7000,0.8538,0.8462,0.85385,0.85385,0.00000,0.00000,0
1783500,1.7000,0.8538,0.8462,0.85385,0.85385,0.00000,0.00000,0
1784000,1.7000,0.8547,0.8453,0.85465,0.85465,0.00000,0.00000,0
1784500,1.7000,0.8530,0.8470,0.85304,0.85304,0.00000,0.00000,0
1785000,1.7000,0.8498,0.8502,0.84982,0.84982,0.00000,0.00000,0
1785500,1.7000,0.8498,0.8502,0.84982,0.84982,0.00000,0.00000,0
1786000,1.7000,0.8514,0.8486,0.85143,0.85143,0.00000,0.00000,0
1786500,1.7000,0.8498,0.8502,0.84982,0.84982,0.00000,0.00000,0
1787000,1.7000,0.8498,0.8502,0.84982,0.84982,0.00000,0.00000,0
1787500,1.7000,0.8482,0.8518,0.84821,0.84821,0.00000,0.00000,0
1788000,1.7000,0.8466,0.8534,0.84659,0.84659,0.00000,0.00000,0
1788500,1.7000,0.8490,0.8510,0.84901,0.84901,0.00000,0.00000,0
1789000,1.7000,0.8482,0.8518,0.84821,0.84821,0.00000,0.00000,0
1789500,1.7000,0.8490,0.8510,0.84901,0.84901,0.00000,0.00000,0
1790000,1.7000,0.8490,0.8510,0.84901,0.84901,0.00000,0.00000,0
1790500,1.7000,0.8474,0.8526,0.84740,0.84740,0.00000,0.00000,0
1791000,1.7000,0.8458,0.8542,0.84579,0.84579,0.00000,0.00000,0
1791500,1.7000,0.8401,0.8599,0.84015,0.84015,0.00000,0.00000,0
1792000,1.7000,0.8385,0.8615,0.83853,0.83853,0.00000,0.00000,0
1792500,1.7000,0.8377,0.8623,0.83773,0.83773,0.00000,0.00000,0
1793000,1.7000,0.8385,0.8615,0.83853,0.83853,0.00000,0.00000,0
1793500,1.7000,0.8353,0.8647,0.83531,0.83531,0.00000,0.00000,0
1794000,1.7000,0.8369,0.8631,0.83692,0.83692,0.00000,0.00000,0
1794500,1.7000,0.8377,0.8623,0.83773,0.83773,0.00000,0.00000,0
1795000,1.7000,0.8393,0.8607,0.83934,0.83934,0.00000,0.00000,0
1795500,1.7000,0.8393,0.8607,0.83934,0.83934,0.00000,0.00000,0
1796000,1.7000,0.8401,0.8599,0.84015,0.84015,0.00000,0.00000,0
1796500,1.7000,0.8466,0.8534,0.84659,0.84659,0.00000,0.00000,0
1797000,1.7000,0.8482,0.8518,0.84821,0.84821,0.00000,0.00000,0
1797500,1.7000,0.8490,0.8510,0.84901,0.84901,0.00000,0.00000,0
1798000,1.7000,0.8498,0.8502,0.84982,0.84982,0.00000,0.00000,0
1798500,1.7000,0.8498,0.8502,0.84982,0.84982,0.00000,0.00000,0
1799000,1.7000,0.8490,0.8510,0.84901,0.84901,0.00000,0.00000,0
1799500,1.7000,0.8482,0.8518,0.84821,0.84821,0.00000,0.00000,0
1800000,1.7000,0.8426,0.8574,0.84256,0.84256,0.00000,0.00000,0
1800500,1.7000,0.8426,0.8574,0.84256,0.84256,0.00000,0.00000,0
1801000,1.7000,0.8418,0.8582,0.84176,0.84176,0.00000,0.00000,0
1801500,1.7000,0.8418,0.8582,0.84176,0.84176,0.00000,0.00000,0
1802000,1.7000,0.8426,0.8574,0.84256,0.84256,0.00000,0.00000,0
1802500,1.7000,0.8418,0.8582,0.84176,0.84176,0.00000,0.00000,0
1803000,1.7000,0.8410,0.8590,0.84095,0.84095,0.00000,0.00000,0
1803500,1.7000,0.8401,0.8599,0.84015,0.84015,0.00000,0.00000,0
1804000,1.7000,0.8401,0.8599,0.84015,0.84015,0.00000,0.00000,0
1804500,1.7000,0.8418,0.8582,0.84176,0.84176,0.00000,0.00000,0
1805000,1.7000,0.8498,0.8502,0.84982,0.84982,0.00000,0.00000,0
1805500,1.7000,0.8498,0.8502,0.84982,0.84982,0.00000,0.00000,0
1806000,1.7000,0.8506,0.8494,0.85062,0.85062,0.00000,0.00000,0
1806500,1.7000,0.8498,0.8502,0.84982,0.84982,0.00000,0.00000,0
1807000,1.7000,0.8498,0.8502,0.84982,0.84982,0.00000,0.00000,0
1807500,1.7000,0.8498,0.8502,0.84982,0.84982,0.00000,0.00000,0
1808000,1.7000,0.8514,0.8486,0.85143,0.85143,0.00000,0.00000,0
1808500,1.7000,0.8522,0.8478,0.85223,0.85223,0.00000,0.00000,0
1809000,1.7000,0.8538,0.8462,0.85385,0.85385,0.00000,0.00000,0
1809500,1.7000,0.8530,0.8470,0.85304,0.85304,0.00000,0.00000,0
1810000,1.7000,0.8498,0.8502,0.84982,0.84982,0.00000,0.00000,0
1810500,1.7000,0.8506,0.8494,0.85062,0.85062,0.00000,0.00000,0
1811000,1.7000,0.8506,0.8494,0.85062,0.85062,0.00000,0.00000,0
1811500,1.7000,0.8506,0.8494,0.85062,0.85062,0.00000,0.00000,0
1812000,1.7000,0.8498,0.8502,0.84982,0.84982,0.00000,0.00000,0
1812500,1.7000,0.8506,0.8494,0.85062,0.85062,0.00000,0.00000,0
1813000,1.7000,0.8498,0.8502,0.84982,0.84982,0.00000,0.00000,0
1813500,1.7000,0.8498,0.8502,0.84982,0.84982,0.00000,0.00000,0
1814000,1.7000,0.8466,0.8534,0.84659,0.84659,0.00000,0.00000,0
1814500,1.7000,0.8458,0.8542,0.84579,0.84579,0.00000,0.00000,0
1815000,1.7000,0.8466,0.8534,0.84659,0.84659,0.00000,0.00000,0
1815500,1.7000,0.8458,0.8542,0.84579,0.84579,0.00000,0.00000,0
1816000,1.7000,0.8458,0.8542,0.84579,0.84579,0.00000,0.00000,0
1816500,1.7000,0.8450,0.8550,0.84498,0.84498,0.00000,0.00000,0
1817000,1.7000,0.8450,0.8550,0.84498,0.84498,0.00000,0.00000,0
1817500,1.7000,0.8434,0.8566,0.84337,0.84337,0.00000,0.00000,0
1818000,1.7000,0.8434,0.8566,0.84337,0.84337,0.00000,0.00000,0
1818500,1.7000,0.8434,0.8566,0.84337,0.84337,0.00000,0.00000,0
1819000,1.7000,0.8442,0.8558,0.84418,0.84418,0.00000,0.00000,0
1819500,1.7000,0.8434,0.8566,0.84337,0.84337,0.00000,0.00000,0
1820000,1.7000,0.8418,0.8582,0.84176,0.84176,0.00000,0.00000,0
1820500,1.7000,0.8410,0.8590,0.84095,0.84095,0.00000,0.00000,0
1821000,1.7000,0.8410,0.8590,0.84095,0.84095,0.00000,0.00000,0
1821500,1.7000,0.8418,0.8582,0.84176,0.84176,0.00000,0.00000,0
1822000,1.7000,0.8434,0.8566,0.84337,0.84337,0.00000,0.00000,0
1822500,1.7000,0.8442,0.8558,0.84418,0.84418,0.00000,0.00000,0
1823000,1.7000,0.8442,0.8558,0.84418,0.84418,0.00000,0.00000,0
1823500,1.7000,0.8434,0.8566,0.84337,0.84337,0.00000,0.00000,0
1824000,1.7000,0.8426,0.8574,0.84256,0.84256,0.00000,0.00000,0
1824500,1.7000,0.8434,0.8566,0.84337,0.84337,0.00000,0.00000,0
1825000,1.7000,0.8450,0.8550,0.84498,0.84498,0.00000,0.00000,0
1825500,1.7000,0.8466,0.8534,0.84659,0.84659,0.00000,0.00000,0
1826000,1.7000,0.8458,0.8542,0.84579,0.84579,0.00000,0.00000,0
1826500,1.7000,0.8458,0.8542,0.84579,0.84579,0.00000,0.00000,0
1827000,1.7000,0.8450,0.8550,0.84498,0.84498,0.00000,0.00000,0
1827500,1.7000,0.8458,0.8542,0.84579,0.84579,0.00000,0.00000,0
1828000,1.7000,0.8466,0.8534,0.84659,0.84659,0.00000,0.00000,0
1828500,1.7000,0.8474,0.8526,0.84740,0.84740,0.00000,0.00000,0
1829000,1.7000,0.8474,0.8526,0.84740,0.84740,0.00000,0.00000,0
1829500,1.7000,0.8474,0.8526,0.84740,0.84740,0.00000,0.00000,0
1830000,1.7000,0.8482,0.8518,0.84821,0.84821,0.00000,0.00000,0
1830500,1.7000,0.8474,0.8526,0.84740,0.84740,0.00000,0.00000,0
1831000,1.7000,0.8474,0.8526,0.84740,0.84740,0.00000,0.00000,0
1831500,1.7000,0.8474,0.8526,0.84740,0.84740,0.00000,0.00000,0
1832000,1.7000,0.8482,0.8518,0.84821,0.84821,0.00000,0.00000,0
1832500,1.7000,0.8466,0.8534,0.84659,0.84659,0.00000,0.00000,0
1833000,1.7000,0.8482,0.8518,0.84821,0.84821,0.00000,0.00000,0
1833500,1.7000,0.8498,0.8502,0.84982,0.84982,0.00000,0.00000,0
1834000,1.7000,0.8506,0.8494,0.85062,0.85062,0.00000,0.00000,0
1834500,1.7000,0.8506,0.8494,0.85062,0.85062,0.00000,0.00000,0
1835000,1.7000,0.8482,0.8518,0.84821,0.84821,0.00000,0.00000,0
1835500,1.7000,0.8490,0.8510,0.84901,0.84901,0.00000,0.00000,0
1836000,1.7000,0.8490,0.8510,0.84901,0.84901,0.00000,0.00000,0
1836500,1.7000,0.8474,0.8526,0.84740,0.84740,0.00000,0.00000,0
1837000,1.7000,0.8474,0.8526,0.84740,0.84740,0.00000,0.00000,0
1837500,1.7000,0.8474,0.8526,0.84740,0.84740,0.00000,0.00000,0
1838000,1.7000,0.8466,0.8534,0.84659,0.84659,0.00000,0.00000,0
1838500,1.7000,0.8450,0.8550,0.84498,0.84498,0.00000,0.00000,0
1839000,1.7000,0.8442,0.8558,0.84418,0.84418,0.00000,0.00000,0
1839500,1.7000,0.8458,0.8542,0.84579,0.84579,0.00000,0.00000,0
1840000,1.7000,0.8466,0.8534,0.84659,0.84659,0.00000,0.00000,0
1840500,1.7000,0.8466,0.8534,0.84659,0.84659,0.00000,0.00000,0
1841000,1.7000,0.8434,0.8566,0.84337,0.84337,0.00000,0.00000,0
1841500,1.7000,0.8458,0.8542,0.84579,0.84579,0.00000,0.00000,0
1842000,1.7000,0.8450,0.8550,0.84498,0.84498,0.00000,0.00000,0
1842500,1.7000,0.8458,0.8542,0.84579,0.84579,0.00000,0.00000,0
1843000,1.7000,0.8466,0.8534,0.84659,0.84659,0.00000,0.00000,0
1843500,1.7000,0.8458,0.8542,0.84579,0.84579,0.00000,0.00000,0
1844000,1.7000,0.8466,0.8534,0.84659,0.84659,0.00000,0.00000,0
1844500,1.7000,0.8450,0.8550,0.84498,0.84498,0.00000,0.00000,0
1845000,1.7000,0.8450,0.8550,0.84498,0.84498,0.00000,0.00000,0
1845500,1.7000,0.8466,0.8534,0.84659,0.84659,0.00000,0.00000,0
1846000,1.7000,0.8506,0.8494,0.85062,0.85062,0.00000,0.00000,0
1846500,1.7000,0.8490,0.8510,0.84901,0.84901,0.00000,0.00000,0
1847000,1.7000,0.8498,0.8502,0.84982,0.84982,0.00000,0.00000,0
1847500,1.7000,0.8498,0.8502,0.84982,0.84982,0.00000,0.00000,0
1848000,1.7000,0.8482,0.8518,0.84821,0.84821,0.00000,0.00000,0
1848500,1.7000,0.8482,0.8518,0.84821,0.84821,0.00000,0.00000,0
1849000,1.7000,0.8474,0.8526,0.84740,0.84740,0.00000,0.00000,0
1849500,1.7000,0.8482,0.8518,0.84821,0.84821,0.00000,0.00000,0
1850000,1.7000,0.8482,0.8518,0.84821,0.84821,0.00000,0.00000,0
1850500,1.7000,0.8466,0.8534,0.84659,0.84659,0.00000,0.00000,0
1851000,1.7000,0.8474,0.8526,0.84740,0.84740,0.00000,0.00000,0
1851500,1.7000,0.8474,0.8526,0.84740,0.84740,0.00000,0.00000,0
1852000,1.7000,0.8482,0.8518,0.84821,0.84821,0.00000,0.00000,0
1852500,1.7000,0.8474,0.8526,0.84740,0.84740,0.00000,0.00000,0
1853000,1.7000,0.8482,0.8518,0.84821,0.84821,0.00000,0.00000,0
1853500,1.7000,0.8482,0.8518,0.84821,0.84821,0.00000,0.00000,0
1854000,1.7000,0.8474,0.8526,0.84740,0.84740,0.00000,0.00000,0
1854500,1.7000,0.8474,0.8526,0.84740,0.84740,0.00000,0.00000,0
1855000,1.7000,0.8450,0.8550,0.84498,0.84498,0.00000,0.00000,0
1855500,1.7000,0.8442,0.8558,0.84418,0.84418,0.00000,0.00000,0
1856000,1.7000,0.8442,0.8558,0.84418,0.84418,0.00000,0.00000,0
1856500,1.7000,0.8434,0.8566,0.84337,0.84337,0.00000,0.00000,0
1857000,1.7000,0.8426,0.8574,0.84256,0.84256,0.00000,0.00000,0
1857500,1.7000,0.8401,0.8599,0.84015,0.84015,0.00000,0.00000,0
1858000,1.7000,0.8393,0.8607,0.83934,0.83934,0.00000,0.00000,0
1858500,1.7000,0.8401,0.8599,0.84015,0.84015,0.00000,0.00000,0
1859000,1.7000,0.8418,0.8582,0.84176,0.84176,0.00000,0.00000,0
1859500,1.7000,0.8418,0.8582,0.84176,0.84176,0.00000,0.00000,0
1860000,1.7000,0.8418,0.8582,0.84176,0.84176,0.00000,0.00000,0
1860500,1.7000,0.8418,0.8582,0.84176,0.84176,0.00000,0.00000,0
1861000,1.7000,0.8434,0.8566,0.84337,0.84337,0.00000,0.00000,0
1861500,1.7000,0.8434,0.8566,0.84337,0.84337,0.00000,0.00000,0
1862000,1.7000,0.8434,0.8566,0.84337,0.84337,0.00000,0.00000,0
1862500,1.7000,0.8458,0.8542,0.84579,0.84579,0.00000,0.00000,0
1863000,1.7000,0.8466,0.8534,0.84659,0.84659,0.00000,0.00000,0
1863500,1.7000,0.8458,0.8542,0.84579,0.84579,0.00000,0.00000,0
1864000,1.7000,0.8474,0.8526,0.84740,0.84740,0.00000,0.00000,0
1864500,1.7000,0.8450,0.8550,0.84498,0.84498,0.00000,0.00000,0
1865000,1.7000,0.8466,0.8534,0.84659,0.84659,0.00000,0.00000,0
1865500,1.7000,0.8482,0.8518,0.84821,0.84821,0.00000,0.00000,0
1866000,1.7000,0.8474,0.8526,0.84740,0.84740,0.00000,0.00000,0
1866500,1.7000,0.8466,0.8534,0.84659,0.84659,0.00000,0.00000,0
1867000,1.7000,0.8458,0.8542,0.84579,0.84579,0.00000,0.00000,0
1867500,1.7000,0.8466,0.8534,0.84659,0.84659,0.00000,0.00000,0
1868000,1.7000,0.8458,0.8542,0.84579,0.84579,0.00000,0.00000,0
1868500,1.7000,0.8458,0.8542,0.84579,0.84579,0.00000,0.00000,0
1869000,1.7000,0.8458,0.8542,0.84579,0.84579,0.00000,0.00000,0
1869500,1.7000,0.8474,0.8526,0.84740,0.84740,0.00000,0.00000,0
1870000,1.7000,0.8474,0.8526,0.84740,0.84740,0.00000,0.00000,0
1870500,1.7000,0.8466,0.8534,0.84659,0.84659,0.00000,0.00000,0
1871000,1.7000,0.8466,0.8534,0.84659,0.84659,0.00000,0.00000,0
1871500,1.7000,0.8466,0.8534,0.84659,0.84659,0.00000,0.00000,0
1872000,1.7000,0.8482,0.8518,0.84821,0.84821,0.00000,0.00000,0
1872500,1.7000,0.8474,0.8526,0.84740,0.84740,0.00000,0.00000,0
1873000,1.7000,0.8482,0.8518,0.84821,0.84821,0.00000,0.00000,0
1873500,1.7000,0.8482,0.8518,0.84821,0.84821,0.00000,0.00000,0
1874000,1.7000,0.8474,0.8526,0.84740,0.84740,0.00000,0.00000,0
1874500,1.7000,0.8466,0.8534,0.84659,0.84659,0.00000,0.00000,0
1875000,1.7000,0.8474,0.8526,0.84740,0.84740,0.00000,0.00000,0
1875500,1.7000,0.8482,0.8518,0.84821,0.84821,0.00000,0.00000,0
1876000,1.7000,0.8482,0.8518,0.84821,0.84821,0.00000,0.00000,0
1876500,1.7000,0.8474,0.8526,0.84740,0.84740,0.00000,0.00000,0
1877000,1.7000,0.8474,0.8526,0.84740,0.84740,0.00000,0.00000,0
1877500,1.7000,0.8490,0.8510,0.84901,0.84901,0.00000,0.00000,0
1878000,1.7000,0.8490,0.8510,0.84901,0.84901,0.00000,0.00000,0
1878500,1.7000,0.8490,0.8510,0.84901,0.84901,0.00000,0.00000,0
1879000,1.7000,0.8474,0.8526,0.84740,0.84740,0.00000,0.00000,0
1879500,1.7000,0.8490,0.8510,0.84901,0.84901,0.00000,0.00000,0
1880000,1.7000,0.8490,0.8510,0.84901,0.84901,0.00000,0.00000,0
1880500,1.7000,0.8482,0.8518,0.84821,0.84821,0.00000,0.00000,0
1881000,1.7000,0.8490,0.8510,0.84901,0.84901,0.00000,0.00000,0
1881500,1.7000,0.8490,0.8510,0.84901,0.84901,0.00000,0.00000,0
1882000,1.7000,0.8490,0.8510,0.84901,0.84901,0.00000,0.00000,0
1882500,1.7000,0.8466,0.8534,0.84659,0.84659,0.00000,0.00000,0
1883000,1.7000,0.8466,0.8534,0.84659,0.84659,0.00000,0.00000,0
1883500,1.7000,0.8466,0.8534,0.84659,0.84659,0.00000,0.00000,0
1884000,1.7000,0.8482,0.8518,0.84821,0.84821,0.00000,0.00000,0
1884500,1.7000,0.8474,0.8526,0.84740,0.84740,0.00000,0.00000,0
1885000,1.7000,0.8466,0.8534,0.84659,0.84659,0.00000,0.00000,0
1885500,1.7000,0.8450,0.8550,0.84498,0.84498,0.00000,0.00000,0
1886000,1.7000,0.8450,0.8550,0.84498,0.84498,0.00000,0.00000,0
1886500,1.7000,0.8450,0.8550,0.84498,0.84498,0.00000,0.00000,0
1887000,1.7000,0.8450,0.8550,0.84498,0.84498,0.00000,0.00000,0
1887500,1.7000,0.8458,0.8542,0.84579,0.84579,0.00000,0.00000,0
1888000,1.7000,0.8458,0.8542,0.84579,0.84579,0.00000,0.00000,0
1888500,1.7000,0.8458,0.8542,0.84579,0.84579,0.00000,0.00000,0
1889000,1.7000,0.8474,0.8526,0.84740,0.84740,0.00000,0.00000,0
1889500,1.7000,0.8466,0.8534,0.84659,0.84659,0.00000,0.00000,0
1890000,1.7000,0.8474,0.8526,0.84740,0.84740,0.00000,0.00000,0
1890500,1.7000,0.8482,0.8518,0.84821,0.84821,0.00000,0.00000,0
1891000,1.7000,0.8498,0.8502,0.84982,0.84982,0.00000,0.00000,0
1891500,1.7000,0.8482,0.8518,0.84821,0.84821,0.00000,0.00000,0
1892000,1.7000,0.8498,0.8502,0.84982,0.84982,0.00000,0.00000,0
1892500,1.7000,0.8498,0.8502,0.84982,0.84982,0.00000,0.00000,0
1893000,1.7000,0.8498,0.8502,0.84982,0.84982,0.00000,0.00000,0
1893500,1.7000,0.8506,0.8494,0.85062,0.85062,0.00000,0.00000,0
1894000,1.7000,0.8466,0.8534,0.84659,0.84659,0.00000,0.00000,0
1894500,1.7000,0.8474,0.8526,0.84740,0.84740,0.00000,0.00000,0
1895000,1.7000,0.8466,0.8534,0.84659,0.84659,0.00000,0.00000,0
1895500,1.7000,0.8474,0.8526,0.84740,0.84740,0.00000,0.00000,0
1896000,1.7000,0.8466,0.8534,0.84659,0.84659,0.00000,0.00000,0
1896500,1.7000,0.8426,0.8574,0.84256,0.84256,0.00000,0.00000,0
1897000,1.7000,0.8418,0.8582,0.84176,0.84176,0.00000,0.00000,0
1897500,1.7000,0.8410,0.8590,0.84095,0.84095,0.00000,0.00000,0
1898000,1.7000,0.8401,0.8599,0.84015,0.84015,0.00000,0.00000,0
1898500,1.7000,0.8401,0.8599,0.84015,0.84015,0.00000,0.00000,0
1899000,1.7000,0.8418,0.8582,0.84176,0.84176,0.00000,0.00000,0
1899500,1.7000,0.8418,0.8582,0.84176,0.84176,0.00000,0.00000,0
1900000,1.7000,0.8410,0.8590,0.84095,0.84095,0.00000,0.00000,0
1900500,1.7000,0.8410,0.8590,0.84095,0.84095,0.00000,0.00000,0
1901000,1.7000,0.8401,0.8599,0.84015,0.84015,0.00000,0.00000,0
1901500,1.7000,0.8450,0.8550,0.84498,0.84498,0.00000,0.00000,0
1902000,1.7000,0.8450,0.8550,0.84498,0.84498,0.00000,0.00000,0
1902500,1.7000,0.8442,0.8558,0.84418,0.84418,0.00000,0.00000,0
1903000,1.7000,0.8450,0.8550,0.84498,0.84498,0.00000,0.00000,0
1903500,1.7000,0.8458,0.8542,0.84579,0.84579,0.00000,0.00000,0
1904000,1.7000,0.8466,0.8534,0.84659,0.84659,0.00000,0.00000,0
1904500,1.7000,0.8458,0.8542,0.84579,0.84579,0.00000,0.00000,0
1905000,1.7000,0.8458,0.8542,0.84579,0.84579,0.00000,0.00000,0
1905500,1.7000,0.8442,0.8558,0.84418,0.84418,0.00000,0.00000,0
1906000,1.7000,0.8442,0.8558,0.84418,0.84418,0.00000,0.00000,0
1906500,1.7000,0.8442,0.8558,0.84418,0.84418,0.00000,0.00000,0
1907000,1.7000,0.8450,0.8550,0.84498,0.84498,0.00000,0.00000,0
1907500,1.7000,0.8458,0.8542,0.84579,0.84579,0.00000,0.00000,0
1908000,1.7000,0.8466,0.8534,0.84659,0.84659,0.00000,0.00000,0
1908500,1.7000,0.8458,0.8542,0.84579,0.84579,0.00000,0.00000,0
1909000,1.7000,0.8466,0.8534,0.84659,0.84659,0.00000,0.00000,0
1909500,1.7000,0.8466,0.8534,0.84659,0.84659,0.00000,0.00000,0
1910000,1.7000,0.8482,0.8518,0.84821,0.84821,0.00000,0.00000,0
1910500,1.7000,0.8490,0.8510,0.84901,0.84901,0.00000,0.00000,0
1911000,1.7000,0.8498,0.8502,0.84982,0.84982,0.00000,0.00000,0
1911500,1.7000,0.8498,0.8502,0.84982,0.84982,0.00000,0.00000,0
1912000,1.7000,0.8474,0.8526,0.84740,0.84740,0.00000,0.00000,0
1912500,1.7000,0.8474,0.8526,0.84740,0.84740,0.00000,0.00000,0
1913000,1.7000,0.8474,0.8526,0.84740,0.84740,0.00000,0.00000,0
1913500,1.7000,0.8458,0.8542,0.84579,0.84579,0.00000,0.00000,0
1914000,1.7000,0.8458,0.8542,0.84579,0.84579,0.00000,0.00000,0
1914500,1.7000,0.8458,0.8542,0.84579,0.84579,0.00000,0.00000,0
1915000,1.7000,0.8442,0.8558,0.84418,0.84418,0.00000,0.00000,0
1915500,1.7000,0.8434,0.8566,0.84337,0.84337,0.00000,0.00000,0
1916000,1.7000,0.8442,0.8558,0.84418,0.84418,0.00000,0.00000,0
1916500,1.7000,0.8442,0.8558,0.84418,0.84418,0.00000,0.00000,0
1917000,1.7000,0.8450,0.8550,0.84498,0.84498,0.00000,0.00000,0
1917500,1.7000,0.8442,0.8558,0.84418,0.84418,0.00000,0.00000,0
1918000,1.7000,0.8434,0.8566,0.84337,0.84337,0.00000,0.00000,0
1918500,1.7000,0.8482,0.8518,0.84821,0.84821,0.00000,0.00000,0
1919000,1.7000,0.8474,0.8526,0.84740,0.84740,0.00000,0.00000,0
1919500,1.7000,0.8474,0.8526,0.84740,0.84740,0.00000,0.00000,0
1920000,1.7000,0.8498,0.8502,0.84982,0.84982,0.00000,0.00000,0
1920500,1.7000,0.8506,0.8494,0.85062,0.85062,0.00000,0.00000,0
1921000,1.7000,0.8490,0.8510,0.84901,0.84901,0.00000,0.00000,0
1921500,1.7000,0.8482,0.8518,0.84821,0.84821,0.00000,0.00000,0
1922000,1.7000,0.8490,0.8510,0.84901,0.84901,0.00000,0.00000,0
1922500,1.7000,0.8498,0.8502,0.84982,0.84982,0.00000,0.00000,0
1923000,1.7000,0.8522,0.8478,0.85223,0.85223,0.00000,0.00000,0
1923500,1.7000,0.8490,0.8510,0.84901,0.84901,0.00000,0.00000,0
1924000,1.7000,0.8498,0.8502,0.84982,0.84982,0.00000,0.00000,0
1924500,1.7000,0.8506,0.8494,0.85062,0.85062,0.00000,0.00000,0
1925000,1.7000,0.8458,0.8542,0.84579,0.84579,0.00000,0.00000,0
1925500,1.7000,0.8466,0.8534,0.84659,0.84659,0.00000,0.00000,0
1926000,1.7000,0.8474,0.8526,0.84740,0.84740,0.00000,0.00000,0
1926500,1.7000,0.8474,0.8526,0.84740,0.84740,0.00000,0.00000,0
1927000,1.7000,0.8482,0.8518,0.84821,0.84821,0.00000,0.00000,0
1927500,1.7000,0.8490,0.8510,0.84901,0.84901,0.00000,0.00000,0
1928000,1.7000,0.8474,0.8526,0.84740,0.84740,0.00000,0.00000,0
1928500,1.7000,0.8466,0.8534,0.84659,0.84659,0.00000,0.00000,0
1929000,1.7000,0.8474,0.8526,0.84740,0.84740,0.00000,0.00000,0
1929500,1.7000,0.8466,0.8534,0.84659,0.84659,0.00000,0.00000,0
1930000,1.7000,0.8490,0.8510,0.84901,0.84901,0.00000,0.00000,0
1930500,1.7000,0.8490,0.8510,0.84901,0.84901,0.00000,0.00000,0
1931000,1.7000,0.8482,0.8518,0.84821,0.84821,0.00000,0.00000,0
1931500,1.7000,0.8498,0.8502,0.84982,0.84982,0.00000,0.00000,0
1932000,1.7000,0.8490,0.8510,0.84901,0.84901,0.00000,0.00000,0
1932500,1.7000,0.8466,0.8534,0.84659,0.84659,0.00000,0.00000,0
1933000,1.7000,0.8458,0.8542,0.84579,0.84579,0.00000,0.00000,0
1933500,1.7000,0.8466,0.8534,0.84659,0.84659,0.00000,0.00000,0
1934000,1.7000,0.8450,0.8550,0.84498,0.84498,0.00000,0.00000,0
1934500,1.7000,0.8458,0.8542,0.84579,0.84579,0.00000,0.00000,0
1935000,1.7000,0.8466,0.8534,0.84659,0.84659,0.00000,0.00000,0
1935500,1.7000,0.8450,0.8550,0.84498,0.84498,0.00000,0.00000,0
1936000,1.7000,0.8450,0.8550,0.84498,0.84498,0.00000,0.00000,0
1936500,1.7000,0.8426,0.8574,0.84256,0.84256,0.00000,0.00000,0
1937000,1.7000,0.8426,0.8574,0.84256,0.84256,0.00000,0.00000,0
1937500,1.7000,0.8434,0.8566,0.84337,0.84337,0.00000,0.00000,0
1938000,1.7000,0.8442,0.8558,0.84418,0.84418,0.00000,0.00000,0
1938500,1.7000,0.8442,0.8558,0.84418,0.84418,0.00000,0.00000,0
1939000,1.7000,0.8442,0.8558,0.84418,0.84418,0.00000,0.00000,0
1939500,1.7000,0.8442,0.8558,0.84418,0.84418,0.00000,0.00000,0
1940000,1.7000,0.8442,0.8558,0.84418,0.84418,0.00000,0.00000,0
1940500,1.7000,0.8442,0.8558,0.84418,0.84418,0.00000,0.00000,0
1941000,1.7000,0.8482,0.8518,0.84821,0.84821,0.00000,0.00000,0
1941500,1.7000,0.8498,0.8502,0.84982,0.84982,0.00000,0.00000,0
1942000,1.7000,0.8522,0.8478,0.85223,0.85223,0.00000,0.00000,0
1942500,1.7000,0.8522,0.8478,0.85223,0.85223,0.00000,0.00000,0
1943000,1.7000,0.8522,0.8478,0.85223,0.85223,0.00000,0.00000,0
1943500,1.7000,0.8530,0.8470,0.85304,0.85304,0.00000,0.00000,0
1944000,1.7000,0.8522,0.8478,0.85223,0.85223,0.00000,0.00000,0
1944500,1.7000,0.8514,0.8486,0.85143,0.85143,0.00000,0.00000,0
1945000,1.7000,0.8490,0.8510,0.84901,0.84901,0.00000,0.00000,0
1945500,1.7000,0.8498,0.8502,0.84982,0.84982,0.00000,0.00000,0
1946000,1.7000,0.8474,0.8526,0.84740,0.84740,0.00000,0.00000,0
1946500,1.7000,0.8466,0.8534,0.84659,0.84659,0.00000,0.00000,0
1947000,1.7000,0.8450,0.8550,0.84498,0.84498,0.00000,0.00000,0
1947500,1.7000,0.8442,0.8558,0.84418,0.84418,0.00000,0.00000,0
1948000,1.7000,0.8434,0.8566,0.84337,0.84337,0.00000,0.00000,0
1948500,1.7000,0.8434,0.8566,0.84337,0.84337,0.00000,0.00000,0
1949000,1.7000,0.8442,0.8558,0.84418,0.84418,0.00000,0.00000,0
1949500,1.7000,0.8450,0.8550,0.84498,0.84498,0.00000,0.00000,0
1950000,1.7000,0.8458,0.8542,0.84579,0.84579,0.00000,0.00000,0
1950500,1.7000,0.8458,0.8542,0.84579,0.84579,0.00000,0.00000,0
1951000,1.7000,0.8458,0.8542,0.84579,0.84579,0.00000,0.00000,0
1951500,1.7000,0.8490,0.8510,0.84901,0.84901,0.00000,0.00000,0
1952000,1.7000,0.8490,0.8510,0.84901,0.84901,0.00000,0.00000,0
1952500,1.7000,0.8482,0.8518,0.84821,0.84821,0.00000,0.00000,0
1953000,1.7000,0.8490,0.8510,0.84901,0.84901,0.00000,0.00000,0
1953500,1.7000,0.8482,0.8518,0.84821,0.84821,0.00000,0.00000,0
1954000,1.7000,0.8474,0.8526,0.84740,0.84740,0.00000,0.00000,0
1954500,1.7000,0.8466,0.8534,0.84659,0.84659,0.00000,0.00000,0
1955000,1.7000,0.8482,0.8518,0.84821,0.84821,0.00000,0.00000,0
1955500,1.7000,0.8482,0.8518,0.84821,0.84821,0.00000,0.00000,0
1956000,1.7000,0.8482,0.8518,0.84821,0.84821,0.00000,0.00000,0
1956500,1.7000,0.8450,0.8550,0.84498,0.84498,0.00000,0.00000,0
1957000,1.7000,0.8450,0.8550,0.84498,0.84498,0.00000,0.00000,0
1957500,1.7000,0.8466,0.8534,0.84659,0.84659,0.00000,0.00000,0
1958000,1.7000,0.8466,0.8534,0.84659,0.84659,0.00000,0.00000,0
1958500,1.7000,0.8474,0.8526,0.84740,0.84740,0.00000,0.00000,0
1959000,1.7000,0.8466,0.8534,0.84659,0.84659,0.00000,0.00000,0
1959500,1.7000,0.8490,0.8510,0.84901,0.84901,0.00000,0.00000,0
1960000,1.7000,0.8482,0.8518,0.84821,0.84821,0.00000,0.00000,0
1960500,1.7000,0.8474,0.8526,0.84740,0.84740,0.00000,0.00000,0
1961000,1.7000,0.8474,0.8526,0.84740,0.84740,0.00000,0.00000,0
1961500,1.7000,0.8466,0.8534,0.84659,0.84659,0.00000,0.00000,0
1962000,1.7000,0.8474,0.8526,0.84740,0.84740,0.00000,0.00000,0
1962500,1.7000,0.8450,0.8550,0.84498,0.84498,0.00000,0.00000,0
1963000,1.7000,0.8450,0.8550,0.84498,0.84498,0.00000,0.00000,0
1963500,1.7000,0.8442,0.8558,0.84418,0.84418,0.00000,0.00000,0
1964000,1.7000,0.8450,0.8550,0.84498,0.84498,0.00000,0.00000,0
1964500,1.7000,0.8442,0.8558,0.84418,0.84418,0.00000,0.00000,0
1965000,1.7000,0.8458,0.8542,0.84579,0.84579,0.00000,0.00000,0
1965500,1.7000,0.8466,0.8534,0.84659,0.84659,0.00000,0.00000,0
1966000,1.7000,0.8474,0.8526,0.84740,0.84740,0.00000,0.00000,0
1966500,1.7000,0.8466,0.8534,0.84659,0.84659,0.00000,0.00000,0
1967000,1.7000,0.8450,0.8550,0.84498,0.84498,0.00000,0.00000,0
1967500,1.7000,0.8458,0.8542,0.84579,0.84579,0.00000,0.00000,0
1968000,1.7000,0.8466,0.8534,0.84659,0.84659,0.00000,0.00000,0
1968500,1.7000,0.8474,0.8526,0.84740,0.84740,0.00000,0.00000,0
1969000,1.7000,0.8482,0.8518,0.84821,0.84821,0.00000,0.00000,0
1969500,1.7000,0.8482,0.8518,0.84821,0.84821,0.00000,0.00000,0
1970000,1.7000,0.8474,0.8526,0.84740,0.84740,0.00000,0.00000,0
1970500,1.7000,0.8474,0.8526,0.84740,0.84740,0.00000,0.00000,0
1971000,1.7000,0.8474,0.8526,0.84740,0.84740,0.00000,0.00000,0
1971500,1.7000,0.8490,0.8510,0.84901,0.84901,0.00000,0.00000,0
1972000,1.7000,0.8498,0.8502,0.84982,0.84982,0.00000,0.00000,0
1972500,1.7000,0.8498,0.8502,0.84982,0.84982,0.00000,0.00000,0
1973000,1.7000,0.8498,0.8502,0.84982,0.84982,0.00000,0.00000,0
1973500,1.7000,0.8490,0.8510,0.84901,0.84901,0.00000,0.00000,0
1974000,1.7000,0.8482,0.8518,0.84821,0.84821,0.00000,0.00000,0
1974500,1.7000,0.8474,0.8526,0.84740,0.84740,0.00000,0.00000,0
1975000,1.7000,0.8474,0.8526,0.84740,0.84740,0.00000,0.00000,0
1975500,1.7000,0.8466,0.8534,0.84659,0.84659,0.00000,0.00000,0
1976000,1.7000,0.8474,0.8526,0.84740,0.84740,0.00000,0.00000,0
1976500,1.7000,0.8474,0.8526,0.84740,0.84740,0.00000,0.00000,0
1977000,1.7000,0.8466,0.8534,0.84659,0.84659,0.00000,0.00000,0
1977500,1.7000,0.8474,0.8526,0.84740,0.84740,0.00000,0.00000,0
1978000,1.7000,0.8458,0.8542,0.84579,0.84579,0.00000,0.00000,0
1978500,1.7000,0.8466,0.8534,0.84659,0.84659,0.00000,0.00000,0
1979000,1.7000,0.8482,0.8518,0.84821,0.84821,0.00000,0.00000,0
1979500,1.7000,0.8482,0.8518,0.84821,0.84821,0.00000,0.00000,0
1980000,1.7000,0.8490,0.8510,0.84901,0.84901,0.00000,0.00000,0
1980500,1.7000,0.8490,0.8510,0.84901,0.84901,0.00000,0.00000,0
1981000,1.7000,0.8474,0.8526,0.84740,0.84740,0.00000,0.00000,0
1981500,1.7000,0.8474,0.8526,0.84740,0.84740,0.00000,0.00000,0
1982000,1.7000,0.8482,0.8518,0.84821,0.84821,0.00000,0.00000,0
1982500,1.7000,0.8474,0.8526,0.84740,0.84740,0.00000,0.00000,0
1983000,1.7000,0.8474,0.8526,0.84740,0.84740,0.00000,0.00000,0
1983500,1.7000,0.8482,0.8518,0.84821,0.84821,0.00000,0.00000,0
1984000,1.7000,0.8498,0.8502,0.84982,0.84982,0.00000,0.00000,0
1984500,1.7000,0.8490,0.8510,0.84901,0.84901,0.00000,0.00000,0
1985000,1.7000,0.8498,0.8502,0.84982,0.84982,0.00000,0.00000,0
1985500,1.7000,0.8482,0.8518,0.84821,0.84821,0.00000,0.00000,0
1986000,1.7000,0.8482,0.8518,0.84821,0.84821,0.00000,0.00000,0
1986500,1.7000,0.8490,0.8510,0.84901,0.84901,0.00000,0.00000,0
1987000,1.7000,0.8490,0.8510,0.84901,0.84901,0.00000,0.00000,0
1987500,1.7000,0.8490,0.8510,0.84901,0.84901,0.00000,0.00000,0
1988000,1.7000,0.8498,0.8502,0.84982,0.84982,0.00000,0.00000,0
1988500,1.7000,0.8482,0.8518,0.84821,0.84821,0.00000,0.00000,0
1989000,1.7000,0.8450,0.8550,0.84498,0.84498,0.00000,0.00000,0
1989500,1.7000,0.8434,0.8566,0.84337,0.84337,0.00000,0.00000,0
1990000,1.7000,0.8434,0.8566,0.84337,0.84337,0.00000,0.00000,0
1990500,1.7000,0.8450,0.8550,0.84498,0.84498,0.00000,0.00000,0
1991000,1.7000,0.8450,0.8550,0.84498,0.84498,0.00000,0.00000,0
1991500,1.7000,0.8442,0.8558,0.84418,0.84418,0.00000,0.00000,0
1992000,1.7000,0.8442,0.8558,0.84418,0.84418,0.00000,0.00000,0
1992500,1.7000,0.8442,0.8558,0.84418,0.84418,0.00000,0.00000,0
1993000,1.7000,0.8442,0.8558,0.84418,0.84418,0.00000,0.00000,0
1993500,1.7000,0.8442,0.8558,0.84418,0.84418,0.00000,0.00000,0
1994000,1.7000,0.8450,0.8550,0.84498,0.84498,0.00000,0.00000,0
1994500,1.7000,0.8466,0.8534,0.84659,0.84659,0.00000,0.00000,0
1995000,1.7000,0.8466,0.8534,0.84659,0.84659,0.00000,0.00000,0
1995500,1.7000,0.8458,0.8542,0.84579,0.84579,0.00000,0.00000,0
1996000,1.7000,0.8458,0.8542,0.84579,0.84579,0.00000,0.00000,0
1996500,1.7000,0.8458,0.8542,0.84579,0.84579,0.00000,0.00000,0
1997000,1.7000,0.8450,0.8550,0.84498,0.84498,0.00000,0.00000,0
1997500,1.7000,0.8450,0.8550,0.84498,0.84498,0.00000,0.00000,0
1998000,1.7000,0.8458,0.8542,0.84579,0.84579,0.00000,0.00000,0
1998500,1.7000,0.8458,0.8542,0.84579,0.84579,0.00000,0.00000,0
1999000,1.7000,0.8458,0.8542,0.84579,0.84579,0.00000,0.00000,0
1999500,1.7000,0.8458,0.8542,0.84579,0.84579,0.00000,0.00000,0
2000000,1.7000,0.8450,0.8550,0.84498,0.84498,0.00000,0.00000,0
2000500,1.7000,0.8450,0.8550,0.84498,0.84498,0.00000,0.00000,0
2001000,1.7000,0.8458,0.8542,0.84579,0.84579,0.00000,0.00000,0
2001500,1.7000,0.8466,0.8534,0.84659,0.84659,0.00000,0.00000,0
2002000,1.7000,0.8466,0.8534,0.84659,0.84659,0.00000,0.00000,0
2002500,1.7000,0.8458,0.8542,0.84579,0.84579,0.00000,0.00000,0
2003000,1.7000,0.8458,0.8542,0.84579,0.84579,0.00000,0.00000,0
2003500,1.7000,0.8458,0.8542,0.84579,0.84579,0.00000,0.00000,0
2004000,1.7000,0.8458,0.8542,0.84579,0.84579,0.00000,0.00000,0
2004500,1.7000,0.8458,0.8542,0.84579,0.84579,0.00000,0.00000,0
2005000,1.7000,0.8458,0.8542,0.84579,0.84579,0.00000,0.00000,0
2005500,1.7000,0.8466,0.8534,0.84659,0.84659,0.00000,0.00000,0
2006000,1.7000,0.8482,0.8518,0.84821,0.84821,0.00000,0.00000,0
2006500,1.7000,0.8474,0.8526,0.84740,0.84740,0.00000,0.00000,0
2007000,1.7000,0.8482,0.8518,0.84821,0.84821,0.00000,0.00000,0
2007500,1.7000,0.8482,0.8518,0.84821,0.84821,0.00000,0.00000,0
2008000,1.7000,0.8474,0.8526,0.84740,0.84740,0.00000,0.00000,0
2008500,1.7000,0.8482,0.8518,0.84821,0.84821,0.00000,0.00000,0
2009000,1.7000,0.8474,0.8526,0.84740,0.84740,0.00000,0.00000,0
2009500,1.7000,0.8490,0.8510,0.84901,0.84901,0.00000,0.00000,0
2010000,1.7000,0.8482,0.8518,0.84821,0.84821,0.00000,0.00000,0
2010500,1.7000,0.8482,0.8518,0.84821,0.84821,0.00000,0.00000,0
2011000,1.7000,0.8458,0.8542,0.84579,0.84579,0.00000,0.00000,0
2011500,1.7000,0.8458,0.8542,0.84579,0.84579,0.00000,0.00000,0
2012000,1.7000,0.8458,0.8542,0.84579,0.84579,0.00000,0.00000,0
2012500,1.7000,0.8458,0.8542,0.84579,0.84579,0.00000,0.00000,0
2013000,1.7000,0.8458,0.8542,0.84579,0.84579,0.00000,0.00000,0
2013500,1.7000,0.8450,0.8550,0.84498,0.84498,0.00000,0.00000,0
2014000,1.7000,0.8458,0.8542,0.84579,0.84579,0.00000,0.00000,0
2014500,1.7000,0.8442,0.8558,0.84418,0.84418,0.00000,0.00000,0
2015000,1.7000,0.8442,0.8558,0.84418,0.84418,0.00000,0.00000,0
2015500,1.7000,0.8442,0.8558,0.84418,0.84418,0.00000,0.00000,0
2016000,1.7000,0.8442,0.8558,0.84418,0.84418,0.00000,0.00000,0
2016500,1.7000,0.8442,0.8558,0.84418,0.84418,0.00000,0.00000,0
2017000,1.7000,0.8450,0.8550,0.84498,0.84498,0.00000,0.00000,0
2017500,1.7000,0.8442,0.8558,0.84418,0.84418,0.00000,0.00000,0
2018000,1.7000,0.8442,0.8558,0.84418,0.84418,0.00000,0.00000,0
2018500,1.7000,0.8442,0.8558,0.84418,0.84418,0.00000,0.00000,0
2019000,1.7000,0.8442,0.8558,0.84418,0.84418,0.00000,0.00000,0
2019500,1.7000,0.8442,0.8558,0.84418,0.84418,0.00000,0.00000,0
2020000,1.7000,0.8434,0.8566,0.84337,0.84337,0.00000,0.00000,0
2020500,1.7000,0.8442,0.8558,0.84418,0.84418,0.00000,0.00000,0
2021000,1.7000,0.8434,0.8566,0.84337,0.84337,0.00000,0.00000,0
2021500,1.7000,0.8442,0.8558,0.84418,0.84418,0.00000,0.00000,0
2022000,1.7000,0.8442,0.8558,0.84418,0.84418,0.00000,0.00000,0
2022500,1.7000,0.8450,0.8550,0.84498,0.84498,0.00000,0.00000,0
2023000,1.7000,0.8458,0.8542,0.84579,0.84579,0.00000,0.00000,0
2023500,1.7000,0.8458,0.8542,0.84579,0.84579,0.00000,0.00000,0
2024000,1.7000,0.8474,0.8526,0.84740,0.84740,0.00000,0.00000,0
2024500,1.7000,0.8474,0.8526,0.84740,0.84740,0.00000,0.00000,0
2025000,1.7000,0.8474,0.8526,0.84740,0.84740,0.00000,0.00000,0
2025500,1.7000,0.8490,0.8510,0.84901,0.84901,0.00000,0.00000,0
2026000,1.7000,0.8498,0.8502,0.84982,0.84982,0.00000,0.00000,0
2026500,1.7000,0.8490,0.8510,0.84901,0.84901,0.00000,0.00000,0
2027000,1.7000,0.8490,0.8510,0.84901,0.84901,0.00000,0.00000,0
2027500,1.7000,0.8490,0.8510,0.84901,0.84901,0.00000,0.00000,0
2028000,1.7000,0.8474,0.8526,0.84740,0.84740,0.00000,0.00000,0
2028500,1.7000,0.8490,0.8510,0.84901,0.84901,0.00000,0.00000,0
2029000,1.7000,0.8474,0.8526,0.84740,0.84740,0.00000,0.00000,0
2029500,1.7000,0.8466,0.8534,0.84659,0.84659,0.00000,0.00000,0
2030000,1.7000,0.8466,0.8534,0.84659,0.84659,0.00000,0.00000,0
2030500,1.7000,0.8458,0.8542,0.84579,0.84579,0.00000,0.00000,0
2031000,1.7000,0.8458,0.8542,0.84579,0.84579,0.00000,0.00000,0
2031500,1.7000,0.8458,0.8542,0.84579,0.84579,0.00000,0.00000,0
2032000,1.7000,0.8450,0.8550,0.84498,0.84498,0.00000,0.00000,0
2032500,1.7000,0.8442,0.8558,0.84418,0.84418,0.00000,0.00000,0
2033000,1.7000,0.8450,0.8550,0.84498,0.84498,0.00000,0.00000,0
2033500,1.7000,0.8442,0.8558,0.84418,0.84418,0.00000,0.00000,0
2034000,1.7000,0.8450,0.8550,0.84498,0.84498,0.00000,0.00000,0
2034500,1.7000,0.8450,0.8550,0.84498,0.84498,0.00000,0.00000,0
2035000,1.7000,0.8466,0.8534,0.84659,0.84659,0.00000,0.00000,0
2035500,1.7000,0.8458,0.8542,0.84579,0.84579,0.00000,0.00000,0
2036000,1.7000,0.8458,0.8542,0.84579,0.84579,0.00000,0.00000,0
2036500,1.7000,0.8466,0.8534,0.84659,0.84659,0.00000,0.00000,0
2037000,1.7000,0.8482,0.8518,0.84821,0.84821,0.00000,0.00000,0
2037500,1.7000,0.8482,0.8518,0.84821,0.84821,0.00000,0.00000,0
2038000,1.7000,0.8490,0.8510,0.84901,0.84901,0.00000,0.00000,0
2038500,1.7000,0.8490,0.8510,0.84901,0.84901,0.00000,0.00000,0
2039000,1.7000,0.8482,0.8518,0.84821,0.84821,0.00000,0.00000,0
2039500,1.7000,0.8482,0.8518,0.84821,0.84821,0.00000,0.00000,0
2040000,1.7000,0.8490,0.8510,0.84901,0.84901,0.00000,0.00000,0
2040500,1.7000,0.8482,0.8518,0.84821,0.84821,0.00000,0.00000,0
2041000,1.7000,0.8482,0.8518,0.84821,0.84821,0.00000,0.00000,0
2041500,1.7000,0.8490,0.8510,0.84901,0.84901,0.00000,0.00000,0
2042000,1.7000,0.8490,0.8510,0.84901,0.84901,0.00000,0.00000,0
2042500,1.7000,0.8490,0.8510,0.84901,0.84901,0.00000,0.00000,0
2043000,1.7000,0.8514,0.8486,0.85143,0.85143,0.00000,0.00000,0
2043500,1.7000,0.8514,0.8486,0.85143,0.85143,0.00000,0.00000,0
2044000,1.7000,0.8506,0.8494,0.85062,0.85062,0.00000,0.00000,0
2044500,1.7000,0.8514,0.8486,0.85143,0.85143,0.00000,0.00000,0
2045000,1.7000,0.8506,0.8494,0.85062,0.85062,0.00000,0.00000,0
2045500,1.7000,0.8514,0.8486,0.85143,0.85143,0.00000,0.00000,0
2046000,1.7000,0.8522,0.8478,0.85223,0.85223,0.00000,0.00000,0
2046500,1.7000,0.8498,0.8502,0.84982,0.84982,0.00000,0.00000,0
2047000,1.7000,0.8522,0.8478,0.85223,0.85223,0.00000,0.00000,0
2047500,1.7000,0.8530,0.8470,0.85304,0.85304,0.00000,0.00000,0
2048000,1.7000,0.8514,0.8486,0.85143,0.85143,0.00000,0.00000,0
2048500,1.7000,0.8506,0.8494,0.85062,0.85062,0.00000,0.00000,0
2049000,1.7000,0.8514,0.8486,0.85143,0.85143,0.00000,0.00000,0
2049500,1.7000,0.8506,0.8494,0.85062,0.85062,0.00000,0.00000,0
2050000,1.7000,0.8498,0.8502,0.84982,0.84982,0.00000,0.00000,0
2050500,1.7000,0.8506,0.8494,0.85062,0.85062,0.00000,0.00000,0
2051000,1.7000,0.8498,0.8502,0.84982,0.84982,0.00000,0.00000,0
2051500,1.7000,0.8506,0.8494,0.85062,0.85062,0.00000,0.00000,0
2052000,1.7000,0.8482,0.8518,0.84821,0.84821,0.00000,0.00000,0
2052500,1.7000,0.8474,0.8526,0.84740,0.84740,0.00000,0.00000,0
2053000,1.7000,0.8466,0.8534,0.84659,0.84659,0.00000,0.00000,0
2053500,1.7000,0.8490,0.8510,0.84901,0.84901,0.00000,0.00000,0
2054000,1.7000,0.8474,0.8526,0.84740,0.84740,0.00000,0.00000,0
2054500,1.7000,0.8474,0.8526,0.84740,0.84740,0.00000,0.00000,0
2055000,1.7000,0.8490,0.8510,0.84901,0.84901,0.00000,0.00000,0
2055500,1.7000,0.8466,0.8534,0.84659,0.84659,0.00000,0.00000,0
2056000,1.7000,0.8482,0.8518,0.84821,0.84821,0.00000,0.00000,0
2056500,1.7000,0.8466,0.8534,0.84659,0.84659,0.00000,0.00000,0
2057000,1.7000,0.8466,0.8534,0.84659,0.84659,0.00000,0.00000,0
2057500,1.7000,0.8466,0.8534,0.84659,0.84659,0.00000,0.00000,0
2058000,1.7000,0.8458,0.8542,0.84579,0.84579,0.00000,0.00000,0
2058500,1.7000,0.8442,0.8558,0.84418,0.84418,0.00000,0.00000,0
2059000,1.7000,0.8474,0.8526,0.84740,0.84740,0.00000,0.00000,0
2059500,1.7000,0.8466,0.8534,0.84659,0.84659,0.00000,0.00000,0
2060000,1.7000,0.8458,0.8542,0.84579,0.84579,0.00000,0.00000,0
2060500,1.7000,0.8482,0.8518,0.84821,0.84821,0.00000,0.00000,0
2061000,1.7000,0.8458,0.8542,0.84579,0.84579,0.00000,0.00000,0
2061500,1.7000,0.8474,0.8526,0.84740,0.84740,0.00000,0.00000,0
2062000,1.7000,0.8474,0.8526,0.84740,0.84740,0.00000,0.00000,0
2062500,1.7000,0.8466,0.8534,0.84659,0.84659,0.00000,0.00000,0
2063000,1.7000,0.8474,0.8526,0.84740,0.84740,0.00000,0.00000,0
2063500,1.7000,0.8466,0.8534,0.84659,0.84659,0.00000,0.00000,0
2064000,1.7000,0.8442,0.8558,0.84418,0.84418,0.00000,0.00000,0
2064500,1.7000,0.8442,0.8558,0.84418,0.84418,0.00000,0.00000,0
2065000,1.7000,0.8458,0.8542,0.84579,0.84579,0.00000,0.00000,0
2065500,1.7000,0.8450,0.8550,0.84498,0.84498,0.00000,0.00000,0
2066000,1.7000,0.8450,0.8550,0.84498,0.84498,0.00000,0.00000,0
2066500,1.7000,0.8458,0.8542,0.84579,0.84579,0.00000,0.00000,0
2067000,1.7000,0.8466,0.8534,0.84659,0.84659,0.00000,0.00000,0
2067500,1.7000,0.8474,0.8526,0.84740,0.84740,0.00000,0.00000,0
2068000,1.7000,0.8466,0.8534,0.84659,0.84659,0.00000,0.00000,0
2068500,1.7000,0.8482,0.8518,0.84821,0.84821,0.00000,0.00000,0
2069000,1.7000,0.8482,0.8518,0.84821,0.84821,0.00000,0.00000,0
2069500,1.7000,0.8482,0.8518,0.84821,0.84821,0.00000,0.00000,0
2070000,1.7000,0.8474,0.8526,0.84740,0.84740,0.00000,0.00000,0
2070500,1.7000,0.8474,0.8526,0.84740,0.84740,0.00000,0.00000,0
2071000,1.7000,0.8474,0.8526,0.84740,0.84740,0.00000,0.00000,0
2071500,1.7000,0.8466,0.8534,0.84659,0.84659,0.00000,0.00000,0
2072000,1.7000,0.8466,0.8534,0.84659,0.84659,0.00000,0.00000,0
2072500,1.7000,0.8474,0.8526,0.84740,0.84740,0.00000,0.00000,0
2073000,1.7000,0.8482,0.8518,0.84821,0.84821,0.00000,0.00000,0
2073500,1.7000,0.8490,0.8510,0.84901,0.84901,0.00000,0.00000,0
2074000,1.7000,0.8482,0.8518,0.84821,0.84821,0.00000,0.00000,0
2074500,1.7000,0.8482,0.8518,0.84821,0.84821,0.00000,0.00000,0
2075000,1.7000,0.8474,0.8526,0.84740,0.84740,0.00000,0.00000,0
2075500,1.7000,0.8482,0.8518,0.84821,0.84821,0.00000,0.00000,0
2076000,1.7000,0.8482,0.8518,0.84821,0.84821,0.00000,0.00000,0
2076500,1.7000,0.8482,0.8518,0.84821,0.84821,0.00000,0.00000,0
2077000,1.7000,0.8482,0.8518,0.84821,0.84821,0.00000,0.00000,0
2077500,1.7000,0.8466,0.8534,0.84659,0.84659,0.00000,0.00000,0
2078000,1.7000,0.8482,0.8518,0.84821,0.84821,0.00000,0.00000,0
2078500,1.7000,0.8474,0.8526,0.84740,0.84740,0.00000,0.00000,0
2079000,1.7000,0.8474,0.8526,0.84740,0.84740,0.00000,0.00000,0
2079500,1.7000,0.8474,0.8526,0.84740,0.84740,0.00000,0.00000,0
2080000,1.7000,0.8474,0.8526,0.84740,0.84740,0.00000,0.00000,0
2080500,1.7000,0.8458,0.8542,0.84579,0.84579,0.00000,0.00000,0
2081000,1.7000,0.8458,0.8542,0.84579,0.84579,0.00000,0.00000,0
2081500,1.7000,0.8458,0.8542,0.84579,0.84579,0.00000,0.00000,0
2082000,1.7000,0.8466,0.8534,0.84659,0.84659,0.00000,0.00000,0
2082500,1.7000,0.8498,0.8502,0.84982,0.84982,0.00000,0.00000,0
2083000,1.7000,0.8490,0.8510,0.84901,0.84901,0.00000,0.00000,0
2083500,1.7000,0.8482,0.8518,0.84821,0.84821,0.00000,0.00000,0
2084000,1.7000,0.8490,0.8510,0.84901,0.84901,0.00000,0.00000,0
2084500,1.7000,0.8490,0.8510,0.84901,0.84901,0.00000,0.00000,0
2085000,1.7000,0.8490,0.8510,0.84901,0.84901,0.00000,0.00000,0
2085500,1.7000,0.8490,0.8510,0.84901,0.84901,0.00000,0.00000,0
2086000,1.7000,0.8490,0.8510,0.84901,0.84901,0.00000,0.00000,0
2086500,1.7000,0.8474,0.8526,0.84740,0.84740,0.00000,0.00000,0
2087000,1.7000,0.8482,0.8518,0.84821,0.84821,0.00000,0.00000,0
2087500,1.7000,0.8458,0.8542,0.84579,0.84579,0.00000,0.00000,0
2088000,1.7000,0.8450,0.8550,0.84498,0.84498,0.00000,0.00000,0
2088500,1.7000,0.8450,0.8550,0.84498,0.84498,0.00000,0.00000,0
2089000,1.7000,0.8458,0.8542,0.84579,0.84579,0.00000,0.00000,0
2089500,1.7000,0.8458,0.8542,0.84579,0.84579,0.00000,0.00000,0
2090000,1.7000,0.8474,0.8526,0.84740,0.84740,0.00000,0.00000,0
2090500,1.7000,0.8466,0.8534,0.84659,0.84659,0.00000,0.00000,0
2091000,1.7000,0.8466,0.8534,0.84659,0.84659,0.00000,0.00000,0
2091500,1.7000,0.8498,0.8502,0.84982,0.84982,0.00000,0.00000,0
2092000,1.7000,0.8490,0.8510,0.84901,0.84901,0.00000,0.00000,0
2092500,1.7000,0.8490,0.8510,0.84901,0.84901,0.00000,0.00000,0
2093000,1.7000,0.8490,0.8510,0.84901,0.84901,0.00000,0.00000,0
2093500,1.7000,0.8482,0.8518,0.84821,0.84821,0.00000,0.00000,0
2094000,1.7000,0.8474,0.8526,0.84740,0.84740,0.00000,0.00000,0
2094500,1.7000,0.8466,0.8534,0.84659,0.84659,0.00000,0.00000,0
2095000,1.7000,0.8450,0.8550,0.84498,0.84498,0.00000,0.00000,0
2095500,1.7000,0.8450,0.8550,0.84498,0.84498,0.00000,0.00000,0
2096000,1.7000,0.8450,0.8550,0.84498,0.84498,0.00000,0.00000,0
2096500,1.7000,0.8434,0.8566,0.84337,0.84337,0.00000,0.00000,0
2097000,1.7000,0.8426,0.8574,0.84256,0.84256,0.00000,0.00000,0
2097500,1.7000,0.8434,0.8566,0.84337,0.84337,0.00000,0.00000,0
2098000,1.7000,0.8426,0.8574,0.84256,0.84256,0.00000,0.00000,0
2098500,1.7000,0.8442,0.8558,0.84418,0.84418,0.00000,0.00000,0
2099000,1.7000,0.8442,0.8558,0.84418,0.84418,0.00000,0.00000,0
2099500,1.7000,0.8450,0.8550,0.84498,0.84498,0.00000,0.00000,0
2100000,1.7000,0.8458,0.8542,0.84579,0.84579,0.00000,0.00000,0
2100500,1.7000,0.8458,0.8542,0.84579,0.84579,0.00000,0.00000,0
2101000,1.7000,0.8458,0.8542,0.84579,0.84579,0.00000,0.00000,0
2101500,1.7000,0.8466,0.8534,0.84659,0.84659,0.00000,0.00000,0
2102000,1.7000,0.8466,0.8534,0.84659,0.84659,0.00000,0.00000,0
2102500,1.7000,0.8466,0.8534,0.84659,0.84659,0.00000,0.00000,0
2103000,1.7000,0.8474,0.8526,0.84740,0.84740,0.00000,0.00000,0
2103500,1.7000,0.8482,0.8518,0.84821,0.84821,0.00000,0.00000,0
2104000,1.7000,0.8474,0.8526,0.84740,0.84740,0.00000,0.00000,0
2104500,1.7000,0.8482,0.8518,0.84821,0.84821,0.00000,0.00000,0
2105000,1.7000,0.8482,0.8518,0.84821,0.84821,0.00000,0.00000,0
2105500,1.7000,0.8490,0.8510,0.84901,0.84901,0.00000,0.00000,0
2106000,1.7000,0.8490,0.8510,0.84901,0.84901,0.00000,0.00000,0
2106500,1.7000,0.8490,0.8510,0.84901,0.84901,0.00000,0.00000,0
2107000,1.7000,0.8482,0.8518,0.84821,0.84821,0.00000,0.00000,0
2107500,1.7000,0.8482,0.8518,0.84821,0.84821,0.00000,0.00000,0
2108000,1.7000,0.8482,0.8518,0.84821,0.84821,0.00000,0.00000,0
2108500,1.7000,0.8474,0.8526,0.84740,0.84740,0.00000,0.00000,0
2109000,1.7000,0.8474,0.8526,0.84740,0.84740,0.00000,0.00000,0
2109500,1.7000,0.8458,0.8542,0.84579,0.84579,0.00000,0.00000,0
2110000,1.7000,0.8458,0.8542,0.84579,0.84579,0.00000,0.00000,0
2110500,1.7000,0.8458,0.8542,0.84579,0.84579,0.00000,0.00000,0
2111000,1.7000,0.8458,0.8542,0.84579,0.84579,0.00000,0.00000,0
2111500,1.7000,0.8458,0.8542,0.84579,0.84579,0.00000,0.00000,0
2112000,1.7000,0.8466,0.8534,0.84659,0.84659,0.00000,0.00000,0
2112500,1.7000,0.8474,0.8526,0.84740,0.84740,0.00000,0.00000,0
2113000,1.7000,0.8474,0.8526,0.84740,0.84740,0.00000,0.00000,0
2113500,1.7000,0.8466,0.8534,0.84659,0.84659,0.00000,0.00000,0
2114000,1.7000,0.8458,0.8542,0.84579,0.84579,0.00000,0.00000,0
2114500,1.7000,0.8474,0.8526,0.84740,0.84740,0.00000,0.00000,0
2115000,1.7000,0.8474,0.8526,0.84740,0.84740,0.00000,0.00000,0
2115500,1.7000,0.8474,0.8526,0.84740,0.84740,0.00000,0.00000,0
2116000,1.7000,0.8474,0.8526,0.84740,0.84740,0.00000,0.00000,0
2116500,1.7000,0.8474,0.8526,0.84740,0.84740,0.00000,0.00000,0
2117000,1.7000,0.8474,0.8526,0.84740,0.84740,0.00000,0.00000,0
2117500,1.7000,0.8474,0.8526,0.84740,0.84740,0.00000,0.00000,0
2118000,1.7000,0.8474,0.8526,0.84740,0.84740,0.00000,0.00000,0
2118500,1.7000,0.8482,0.8518,0.84821,0.84821,0.00000,0.00000,0
2119000,1.7000,0.8490,0.8510,0.84901,0.84901,0.00000,0.00000,0
2119500,1.7000,0.8482,0.8518,0.84821,0.84821,0.00000,0.00000,0
2120000,1.7000,0.8474,0.8526,0.84740,0.84740,0.00000,0.00000,0
2120500,1.7000,0.8482,0.8518,0.84821,0.84821,0.00000,0.00000,0
2121000,1.7000,0.8482,0.8518,0.84821,0.84821,0.00000,0.00000,0
2121500,1.7000,0.8474,0.8526,0.84740,0.84740,0.00000,0.00000,0
2122000,1.7000,0.8482,0.8518,0.84821,0.84821,0.00000,0.00000,0
2122500,1.7000,0.8474,0.8526,0.84740,0.84740,0.00000,0.00000,0
2123000,1.7000,0.8474,0.8526,0.84740,0.84740,0.00000,0.00000,0
2123500,1.7000,0.8474,0.8526,0.84740,0.84740,0.00000,0.00000,0
2124000,1.7000,0.8474,0.8526,0.84740,0.84740,0.00000,0.00000,0
2124500,1.7000,0.8458,0.8542,0.84579,0.84579,0.00000,0.00000,0
2125000,1.7000,0.8450,0.8550,0.84498,0.84498,0.00000,0.00000,0
2125500,1.7000,0.8442,0.8558,0.84418,0.84418,0.00000,0.00000,0
2126000,1.7000,0.8442,0.8558,0.84418,0.84418,0.00000,0.00000,0
2126500,1.7000,0.8450,0.8550,0.84498,0.84498,0.00000,0.00000,0
2127000,1.7000,0.8442,0.8558,0.84418,0.84418,0.00000,0.00000,0
2127500,1.7000,0.8442,0.8558,0.84418,0.84418,0.00000,0.00000,0
2128000,1.7000,0.8442,0.8558,0.84418,0.84418,0.00000,0.00000,0
2128500,1.7000,0.8450,0.8550,0.84498,0.84498,0.00000,0.00000,0
2129000,1.7000,0.8458,0.8542,0.84579,0.84579,0.00000,0.00000,0
2129500,1.7000,0.8482,0.8518,0.84821,0.84821,0.00000,0.00000,0
2130000,1.7000,0.8506,0.8494,0.85062,0.85062,0.00000,0.00000,0
2130500,1.7000,0.8506,0.8494,0.85062,0.85062,0.00000,0.00000,0
2131000,1.7000,0.8506,0.8494,0.85062,0.85062,0.00000,0.00000,0
2131500,1.7000,0.8490,0.8510,0.84901,0.84901,0.00000,0.00000,0
2132000,1.7000,0.8490,0.8510,0.84901,0.84901,0.00000,0.00000,0
2132500,1.7000,0.8482,0.8518,0.84821,0.84821,0.00000,0.00000,0
2133000,1.7000,0.8490,0.8510,0.84901,0.84901,0.00000,0.00000,0
2133500,1.7000,0.8490,0.8510,0.84901,0.84901,0.00000,0.00000,0
2134000,1.7000,0.8482,0.8518,0.84821,0.84821,0.00000,0.00000,0
2134500,1.7000,0.8482,0.8518,0.84821,0.84821,0.00000,0.00000,0
2135000,1.7000,0.8466,0.8534,0.84659,0.84659,0.00000,0.00000,0
2135500,1.7000,0.8458,0.8542,0.84579,0.84579,0.00000,0.00000,0
2136000,1.7000,0.8458,0.8542,0.84579,0.84579,0.00000,0.00000,0
2136500,1.7000,0.8474,0.8526,0.84740,0.84740,0.00000,0.00000,0
2137000,1.7000,0.8474,0.8526,0.84740,0.84740,0.00000,0.00000,0
2137500,1.7000,0.8474,0.8526,0.84740,0.84740,0.00000,0.00000,0
2138000,1.7000,0.8466,0.8534,0.84659,0.84659,0.00000,0.00000,0
2138500,1.7000,0.8458,0.8542,0.84579,0.84579,0.00000,0.00000,0
2139000,1.7000,0.8450,0.8550,0.84498,0.84498,0.00000,0.00000,0
2139500,1.7000,0.8450,0.8550,0.84498,0.84498,0.00000,0.00000,0
2140000,1.7000,0.8450,0.8550,0.84498,0.84498,0.00000,0.00000,0
2140500,1.7000,0.8458,0.8542,0.84579,0.84579,0.00000,0.00000,0
2141000,1.7000,0.8466,0.8534,0.84659,0.84659,0.00000,0.00000,0
2141500,1.7000,0.8474,0.8526,0.84740,0.84740,0.00000,0.00000,0
2142000,1.7000,0.8466,0.8534,0.84659,0.84659,0.00000,0.00000,0
2142500,1.7000,0.8474,0.8526,0.84740,0.84740,0.00000,0.00000,0
2143000,1.7000,0.8466,0.8534,0.84659,0.84659,0.00000,0.00000,0
2143500,1.7000,0.8458,0.8542,0.84579,0.84579,0.00000,0.00000,0
2144000,1.7000,0.8458,0.8542,0.84579,0.84579,0.00000,0.00000,0
2144500,1.7000,0.8442,0.8558,0.84418,0.84418,0.00000,0.00000,0
2145000,1.7000,0.8450,0.8550,0.84498,0.84498,0.00000,0.00000,0
2145500,1.7000,0.8450,0.8550,0.84498,0.84498,0.00000,0.00000,0
2146000,1.7000,0.8434,0.8566,0.84337,0.84337,0.00000,0.00000,0
2146500,1.7000,0.8426,0.8574,0.84256,0.84256,0.00000,0.00000,0
2147000,1.7000,0.8442,0.8558,0.84418,0.84418,0.00000,0.00000,0
2147500,1.7000,0.8434,0.8566,0.84337,0.84337,0.00000,0.00000,0
2148000,1.7000,0.8426,0.8574,0.84256,0.84256,0.00000,0.00000,0
2148500,1.7000,0.8434,0.8566,0.84337,0.84337,0.00000,0.00000,0
2149000,1.7000,0.8450,0.8550,0.84498,0.84498,0.00000,0.00000,0
2149500,1.7000,0.8466,0.8534,0.84659,0.84659,0.00000,0.00000,0
2150000,1.7000,0.8466,0.8534,0.84659,0.84659,0.00000,0.00000,0
2150500,1.7000,0.8466,0.8534,0.84659,0.84659,0.00000,0.00000,0
2151000,1.7000,0.8466,0.8534,0.84659,0.84659,0.00000,0.00000,0
2151500,1.7000,0.8450,0.8550,0.84498,0.84498,0.00000,0.00000,0
2152000,1.7000,0.8450,0.8550,0.84498,0.84498,0.00000,0.00000,0
2152500,1.7000,0.8458,0.8542,0.84579,0.84579,0.00000,0.00000,0
2153000,1.7000,0.8458,0.8542,0.84579,0.84579,0.00000,0.00000,0
2153500,1.7000,0.8458,0.8542,0.84579,0.84579,0.00000,0.00000,0
2154000,1.7000,0.8434,0.8566,0.84337,0.84337,0.00000,0.00000,0
2154500,1.7000,0.8434,0.8566,0.84337,0.84337,0.00000,0.00000,0
2155000,1.7000,0.8426,0.8574,0.84256,0.84256,0.00000,0.00000,0
2155500,1.7000,0.8434,0.8566,0.84337,0.84337,0.00000,0.00000,0
2156000,1.7000,0.8442,0.8558,0.84418,0.84418,0.00000,0.00000,0
2156500,1.7000,0.8466,0.8534,0.84659,0.84659,0.00000,0.00000,0
2157000,1.7000,0.8474,0.8526,0.84740,0.84740,0.00000,0.00000,0
2157500,1.7000,0.8466,0.8534,0.84659,0.84659,0.00000,0.00000,0
2158000,1.7000,0.8482,0.8518,0.84821,0.84821,0.00000,0.00000,0
2158500,1.7000,0.8482,0.8518,0.84821,0.84821,0.00000,0.00000,0
2159000,1.7000,0.8490,0.8510,0.84901,0.84901,0.00000,0.00000,0
2159500,1.7000,0.8482,0.8518,0.84821,0.84821,0.00000,0.00000,0
2160000,1.7000,0.8474,0.8526,0.84740,0.84740,0.00000,0.00000,0
2160500,1.7000,0.8466,0.8534,0.84659,0.84659,0.00000,0.00000,0
2161000,1.7000,0.8466,0.8534,0.84659,0.84659,0.00000,0.00000,0
2161500,1.7000,0.8458,0.8542,0.84579,0.84579,0.00000,0.00000,0
2162000,1.7000,0.8466,0.8534,0.84659,0.84659,0.00000,0.00000,0
2162500,1.7000,0.8450,0.8550,0.84498,0.84498,0.00000,0.00000,0
2163000,1.7000,0.8434,0.8566,0.84337,0.84337,0.00000,0.00000,0
2163500,1.7000,0.8442,0.8558,0.84418,0.84418,0.00000,0.00000,0
2164000,1.7000,0.8434,0.8566,0.84337,0.84337,0.00000,0.00000,0
2164500,1.7000,0.8426,0.8574,0.84256,0.84256,0.00000,0.00000,0
2165000,1.7000,0.8434,0.8566,0.84337,0.84337,0.00000,0.00000,0
2165500,1.7000,0.8434,0.8566,0.84337,0.84337,0.00000,0.00000,0
2166000,1.7000,0.8434,0.8566,0.84337,0.84337,0.00000,0.00000,0
2166500,1.7000,0.8442,0.8558,0.84418,0.84418,0.00000,0.00000,0
2167000,1.7000,0.8434,0.8566,0.84337,0.84337,0.00000,0.00000,0
2167500,1.7000,0.8458,0.8542,0.84579,0.84579,0.00000,0.00000,0
2168000,1.7000,0.8466,0.8534,0.84659,0.84659,0.00000,0.00000,0
2168500,1.7000,0.8466,0.8534,0.84659,0.84659,0.00000,0.00000,0
2169000,1.7000,0.8466,0.8534,0.84659,0.84659,0.00000,0.00000,0
2169500,1.7000,0.8482,0.8518,0.84821,0.84821,0.00000,0.00000,0
2170000,1.7000,0.8482,0.8518,0.84821,0.84821,0.00000,0.00000,0
2170500,1.7000,0.8482,0.8518,0.84821,0.84821,0.00000,0.00000,0
2171000,1.7000,0.8490,0.8510,0.84901,0.84901,0.00000,0.00000,0
2171500,1.7000,0.8490,0.8510,0.84901,0.84901,0.00000,0.00000,0
2172000,1.7000,0.8474,0.8526,0.84740,0.84740,0.00000,0.00000,0
2172500,1.7000,0.8474,0.8526,0.84740,0.84740,0.00000,0.00000,0
2173000,1.7000,0.8466,0.8534,0.84659,0.84659,0.00000,0.00000,0
2173500,1.7000,0.8466,0.8534,0.84659,0.84659,0.00000,0.00000,0
2174000,1.7000,0.8458,0.8542,0.84579,0.84579,0.00000,0.00000,0
2174500,1.7000,0.8466,0.8534,0.84659,0.84659,0.00000,0.00000,0
2175000,1.7000,0.8458,0.8542,0.84579,0.84579,0.00000,0.00000,0
2175500,1.7000,0.8466,0.8534,0.84659,0.84659,0.00000,0.00000,0
2176000,1.7000,0.8442,0.8558,0.84418,0.84418,0.00000,0.00000,0
2176500,1.7000,0.8434,0.8566,0.84337,0.84337,0.00000,0.00000,0
2177000,1.7000,0.8442,0.8558,0.84418,0.84418,0.00000,0.00000,0
2177500,1.7000,0.8442,0.8558,0.84418,0.84418,0.00000,0.00000,0
2178000,1.7000,0.8450,0.8550,0.84498,0.84498,0.00000,0.00000,0
2178500,1.7000,0.8458,0.8542,0.84579,0.84579,0.00000,0.00000,0
2179000,1.7000,0.8458,0.8542,0.84579,0.84579,0.00000,0.00000,0
2179500,1.7000,0.8466,0.8534,0.84659,0.84659,0.00000,0.00000,0
2180000,1.7000,0.8474,0.8526,0.84740,0.84740,0.00000,0.00000,0
2180500,1.7000,0.8474,0.8526,0.84740,0.84740,0.00000,0.00000,0
2181000,1.7000,0.8482,0.8518,0.84821,0.84821,0.00000,0.00000,0
2181500,1.7000,0.8474,0.8526,0.84740,0.84740,0.00000,0.00000,0
2182000,1.7000,0.8482,0.8518,0.84821,0.84821,0.00000,0.00000,0
2182500,1.7000,0.8474,0.8526,0.84740,0.84740,0.00000,0.00000,0
2183000,1.7000,0.8466,0.8534,0.84659,0.84659,0.00000,0.00000,0
2183500,1.7000,0.8482,0.8518,0.84821,0.84821,0.00000,0.00000,0
2184000,1.7000,0.8474,0.8526,0.84740,0.84740,0.00000,0.00000,0
2184500,1.7000,0.8466,0.8534,0.84659,0.84659,0.00000,0.00000,0
2185000,1.7000,0.8466,0.8534,0.84659,0.84659,0.00000,0.00000,0
2185500,1.7000,0.8466,0.8534,0.84659,0.84659,0.00000,0.00000,0
2186000,1.7000,0.8506,0.8494,0.85062,0.85062,0.00000,0.00000,0
2186500,1.7000,0.8498,0.8502,0.84982,0.84982,0.00000,0.00000,0
2187000,1.7000,0.8498,0.8502,0.84982,0.84982,0.00000,0.00000,0
2187500,1.7000,0.8514,0.8486,0.85143,0.85143,0.00000,0.00000,0
2188000,1.7000,0.8514,0.8486,0.85143,0.85143,0.00000,0.00000,0
2188500,1.7000,0.8498,0.8502,0.84982,0.84982,0.00000,0.00000,0
2189000,1.7000,0.8522,0.8478,0.85223,0.85223,0.00000,0.00000,0
2189500,1.7000,0.8514,0.8486,0.85143,0.85143,0.00000,0.00000,0
2190000,1.7000,0.8506,0.8494,0.85062,0.85062,0.00000,0.00000,0
2190500,1.7000,0.8498,0.8502,0.84982,0.84982,0.00000,0.00000,0
2191000,1.7000,0.8466,0.8534,0.84659,0.84659,0.00000,0.00000,0
2191500,1.7000,0.8466,0.8534,0.84659,0.84659,0.00000,0.00000,0
2192000,1.7000,0.8466,0.8534,0.84659,0.84659,0.00000,0.00000,0
2192500,1.7000,0.8450,0.8550,0.84498,0.84498,0.00000,0.00000,0
2193000,1.7000,0.8442,0.8558,0.84418,0.84418,0.00000,0.00000,0
2193500,1.7000,0.8450,0.8550,0.84498,0.84498,0.00000,0.00000,0
2194000,1.7000,0.8450,0.8550,0.84498,0.84498,0.00000,0.00000,0
2194500,1.7000,0.8450,0.8550,0.84498,0.84498,0.00000,0.00000,0
2195000,1.7000,0.8458,0.8542,0.84579,0.84579,0.00000,0.00000,0
2195500,1.7000,0.8474,0.8526,0.84740,0.84740,0.00000,0.00000,0
2196000,1.7000,0.8474,0.8526,0.84740,0.84740,0.00000,0.00000,0
2196500,1.7000,0.8482,0.8518,0.84821,0.84821,0.00000,0.00000,0
2197000,1.7000,0.8482,0.8518,0.84821,0.84821,0.00000,0.00000,0
2197500,1.7000,0.8474,0.8526,0.84740,0.84740,0.00000,0.00000,0
2198000,1.7000,0.8474,0.8526,0.84740,0.84740,0.00000,0.00000,0
2198500,1.7000,0.8466,0.8534,0.84659,0.84659,0.00000,0.00000,0
2199000,1.7000,0.8450,0.8550,0.84498,0.84498,0.00000,0.00000,0
2199500,1.7000,0.8450,0.8550,0.84498,0.84498,0.00000,0.00000,0
2200000,1.7000,0.8442,0.8558,0.84418,0.84418,0.00000,0.00000,0
2200500,1.7000,0.8426,0.8574,0.84256,0.84256,0.00000,0.00000,0
2201000,1.7000,0.8442,0.8558,0.84418,0.84418,0.00000,0.00000,0
2201500,1.7000,0.8442,0.8558,0.84418,0.84418,0.00000,0.00000,0
2202000,1.7000,0.8442,0.8558,0.84418,0.84418,0.00000,0.00000,0
2202500,1.7000,0.8458,0.8542,0.84579,0.84579,0.00000,0.00000,0
2203000,1.7000,0.8482,0.8518,0.84821,0.84821,0.00000,0.00000,0
2203500,1.7000,0.8474,0.8526,0.84740,0.84740,0.00000,0.00000,0
2204000,1.7000,0.8474,0.8526,0.84740,0.84740,0.00000,0.00000,0
2204500,1.7000,0.8466,0.8534,0.84659,0.84659,0.00000,0.00000,0
2205000,1.7000,0.8490,0.8510,0.84901,0.84901,0.00000,0.00000,0
2205500,1.7000,0.8506,0.8494,0.85062,0.85062,0.00000,0.00000,0
2206000,1.7000,0.8482,0.8518,0.84821,0.84821,0.00000,0.00000,0
2206500,1.7000,0.8490,0.8510,0.84901,0.84901,0.00000,0.00000,0
2207000,1.7000,0.8506,0.8494,0.85062,0.85062,0.00000,0.00000,0
2207500,1.7000,0.8506,0.8494,0.85062,0.85062,0.00000,0.00000,0
2208000,1.7000,0.8490,0.8510,0.84901,0.84901,0.00000,0.00000,0
2208500,1.7000,0.8498,0.8502,0.84982,0.84982,0.00000,0.00000,0
2209000,1.7000,0.8498,0.8502,0.84982,0.84982,0.00000,0.00000,0
2209500,1.7000,0.8514,0.8486,0.85143,0.85143,0.00000,0.00000,0
2210000,1.7000,0.8498,0.8502,0.84982,0.84982,0.00000,0.00000,0
2210500,1.7000,0.8490,0.8510,0.84901,0.84901,0.00000,0.00000,0
2211000,1.7000,0.8498,0.8502,0.84982,0.84982,0.00000,0.00000,0
2211500,1.7000,0.8490,0.8510,0.84901,0.84901,0.00000,0.00000,0
2212000,1.7000,0.8474,0.8526,0.84740,0.84740,0.00000,0.00000,0
2212500,1.7000,0.8450,0.8550,0.84498,0.84498,0.00000,0.00000,0
2213000,1.7000,0.8418,0.8582,0.84176,0.84176,0.00000,0.00000,0
2213500,1.7000,0.8418,0.8582,0.84176,0.84176,0.00000,0.00000,0
2214000,1.7000,0.8418,0.8582,0.84176,0.84176,0.00000,0.00000,0
2214500,1.7000,0.8410,0.8590,0.84095,0.84095,0.00000,0.00000,0
2215000,1.7000,0.8401,0.8599,0.84015,0.84015,0.00000,0.00000,0
2215500,1.7000,0.8418,0.8582,0.84176,0.84176,0.00000,0.00000,0
2216000,1.7000,0.8418,0.8582,0.84176,0.84176,0.00000,0.00000,0
2216500,1.7000,0.8418,0.8582,0.84176,0.84176,0.00000,0.00000,0
2217000,1.7000,0.8410,0.8590,0.84095,0.84095,0.00000,0.00000,0
2217500,1.7000,0.8418,0.8582,0.84176,0.84176,0.00000,0.00000,0
2218000,1.7000,0.8498,0.8502,0.84982,0.84982,0.00000,0.00000,0
2218500,1.7000,0.8506,0.8494,0.85062,0.85062,0.00000,0.00000,0
2219000,1.7000,0.8498,0.8502,0.84982,0.84982,0.00000,0.00000,0
2219500,1.7000,0.8490,0.8510,0.84901,0.84901,0.00000,0.00000,0
2220000,1.7000,0.8482,0.8518,0.84821,0.84821,0.00000,0.00000,0
2220500,1.7000,0.8466,0.8534,0.84659,0.84659,0.00000,0.00000,0
2221000,1.7000,0.8466,0.8534,0.84659,0.84659,0.00000,0.00000,0
2221500,1.7000,0.8474,0.8526,0.84740,0.84740,0.00000,0.00000,0
2222000,1.7000,0.8474,0.8526,0.84740,0.84740,0.00000,0.00000,0
2222500,1.7000,0.8474,0.8526,0.84740,0.84740,0.00000,0.00000,0
2223000,1.7000,0.8434,0.8566,0.84337,0.84337,0.00000,0.00000,0
2223500,1.7000,0.8426,0.8574,0.84256,0.84256,0.00000,0.00000,0
2224000,1.7000,0.8442,0.8558,0.84418,0.84418,0.00000,0.00000,0
2224500,1.7000,0.8458,0.8542,0.84579,0.84579,0.00000,0.00000,0
2225000,1.7000,0.8466,0.8534,0.84659,0.84659,0.00000,0.00000,0
2225500,1.7000,0.8466,0.8534,0.84659,0.84659,0.00000,0.00000,0
2226000,1.7000,0.8490,0.8510,0.84901,0.84901,0.00000,0.00000,0
2226500,1.7000,0.8482,0.8518,0.84821,0.84821,0.00000,0.00000,0
2227000,1.7000,0.8498,0.8502,0.84982,0.84982,0.00000,0.00000,0
2227500,1.7000,0.8498,0.8502,0.84982,0.84982,0.00000,0.00000,0
2228000,1.7000,0.8482,0.8518,0.84821,0.84821,0.00000,0.00000,0
2228500,1.7000,0.8490,0.8510,0.84901,0.84901,0.00000,0.00000,0
2229000,1.7000,0.8482,0.8518,0.84821,0.84821,0.00000,0.00000,0
2229500,1.7000,0.8482,0.8518,0.84821,0.84821,0.00000,0.00000,0
2230000,1.7000,0.8482,0.8518,0.84821,0.84821,0.00000,0.00000,0
2230500,1.7000,0.8498,0.8502,0.84982,0.84982,0.00000,0.00000,0
2231000,1.7000,0.8474,0.8526,0.84740,0.84740,0.00000,0.00000,0
2231500,1.7000,0.8474,0.8526,0.84740,0.84740,0.00000,0.00000,0
2232000,1.7000,0.8474,0.8526,0.84740,0.84740,0.00000,0.00000,0
2232500,1.7000,0.8474,0.8526,0.84740,0.84740,0.00000,0.00000,0
2233000,1.7000,0.8490,0.8510,0.84901,0.84901,0.00000,0.00000,0
2233500,1.7000,0.8490,0.8510,0.84901,0.84901,0.00000,0.00000,0
2234000,1.7000,0.8490,0.8510,0.84901,0.84901,0.00000,0.00000,0
2234500,1.7000,0.8482,0.8518,0.84821,0.84821,0.00000,0.00000,0
2235000,1.7000,0.8474,0.8526,0.84740,0.84740,0.00000,0.00000,0
2235500,1.7000,0.8474,0.8526,0.84740,0.84740,0.00000,0.00000,0
2236000,1.7000,0.8482,0.8518,0.84821,0.84821,0.00000,0.00000,0
2236500,1.7000,0.8482,0.8518,0.84821,0.84821,0.00000,0.00000,0
2237000,1.7000,0.8482,0.8518,0.84821,0.84821,0.00000,0.00000,0
2237500,1.7000,0.8474,0.8526,0.84740,0.84740,0.00000,0.00000,0
2238000,1.7000,0.8466,0.8534,0.84659,0.84659,0.00000,0.00000,0
2238500,1.7000,0.8474,0.8526,0.84740,0.84740,0.00000,0.00000,0
2239000,1.7000,0.8474,0.8526,0.84740,0.84740,0.00000,0.00000,0
2239500,1.7000,0.8466,0.8534,0.84659,0.84659,0.00000,0.00000,0
2240000,1.7000,0.8466,0.8534,0.84659,0.84659,0.00000,0.00000,0
2240500,1.7000,0.8458,0.8542,0.84579,0.84579,0.00000,0.00000,0
2241000,1.7000,0.8442,0.8558,0.84418,0.84418,0.00000,0.00000,0
2241500,1.7000,0.8442,0.8558,0.84418,0.84418,0.00000,0.00000,0
2242000,1.7000,0.8442,0.8558,0.84418,0.84418,0.00000,0.00000,0
2242500,1.7000,0.8442,0.8558,0.84418,0.84418,0.00000,0.00000,0
2243000,1.7000,0.8442,0.8558,0.84418,0.84418,0.00000,0.00000,0
2243500,1.7000,0.8426,0.8574,0.84256,0.84256,0.00000,0.00000,0
2244000,1.7000,0.8442,0.8558,0.84418,0.84418,0.00000,0.00000,0
2244500,1.7000,0.8434,0.8566,0.84337,0.84337,0.00000,0.00000,0
2245000,1.7000,0.8442,0.8558,0.84418,0.84418,0.00000,0.00000,0
2245500,1.7000,0.8442,0.8558,0.84418,0.84418,0.00000,0.00000,0
2246000,1.7000,0.8426,0.8574,0.84256,0.84256,0.00000,0.00000,0
2246500,1.7000,0.8434,0.8566,0.84337,0.84337,0.00000,0.00000,0
2247000,1.7000,0.8434,0.8566,0.84337,0.84337,0.00000,0.00000,0
2247500,1.7000,0.8434,0.8566,0.84337,0.84337,0.00000,0.00000,0
2248000,1.7000,0.8442,0.8558,0.84418,0.84418,0.00000,0.00000,0
2248500,1.7000,0.8434,0.8566,0.84337,0.84337,0.00000,0.00000,0
2249000,1.7000,0.8434,0.8566,0.84337,0.84337,0.00000,0.00000,0
2249500,1.7000,0.8442,0.8558,0.84418,0.84418,0.00000,0.00000,0
2250000,1.7000,0.8450,0.8550,0.84498,0.84498,0.00000,0.00000,0
2250500,1.7000,0.8450,0.8550,0.84498,0.84498,0.00000,0.00000,0
2251000,1.7000,0.8458,0.8542,0.84579,0.84579,0.00000,0.00000,0
2251500,1.7000,0.8466,0.8534,0.84659,0.84659,0.00000,0.00000,0
2252000,1.7000,0.8458,0.8542,0.84579,0.84579,0.00000,0.00000,0
2252500,1.7000,0.8466,0.8534,0.84659,0.84659,0.00000,0.00000,0
2253000,1.7000,0.8474,0.8526,0.84740,0.84740,0.00000,0.00000,0
2253500,1.7000,0.8474,0.8526,0.84740,0.84740,0.00000,0.00000,0
2254000,1.7000,0.8466,0.8534,0.84659,0.84659,0.00000,0.00000,0
2254500,1.7000,0.8466,0.8534,0.84659,0.84659,0.00000,0.00000,0
2255000,1.7000,0.8466,0.8534,0.84659,0.84659,0.00000,0.00000,0
2255500,1.7000,0.8466,0.8534,0.84659,0.84659,0.00000,0.00000,0
2256000,1.7000,0.8466,0.8534,0.84659,0.84659,0.00000,0.00000,0
2256500,1.7000,0.8474,0.8526,0.84740,0.84740,0.00000,0.00000,0
2257000,1.7000,0.8498,0.8502,0.84982,0.84982,0.00000,0.00000,0
2257500,1.7000,0.8490,0.8510,0.84901,0.84901,0.00000,0.00000,0
2258000,1.7000,0.8482,0.8518,0.84821,0.84821,0.00000,0.00000,0
2258500,1.7000,0.8490,0.8510,0.84901,0.84901,0.00000,0.00000,0
2259000,1.7000,0.8482,0.8518,0.84821,0.84821,0.00000,0.00000,0
2259500,1.7000,0.8482,0.8518,0.84821,0.84821,0.00000,0.00000,0
2260000,1.7000,0.8474,0.8526,0.84740,0.84740,0.00000,0.00000,0
2260500,1.7000,0.8458,0.8542,0.84579,0.84579,0.00000,0.00000,0
2261000,1.7000,0.8474,0.8526,0.84740,0.84740,0.00000,0.00000,0
2261500,1.7000,0.8466,0.8534,0.84659,0.84659,0.00000,0.00000,0
2262000,1.7000,0.8450,0.8550,0.84498,0.84498,0.00000,0.00000,0
2262500,1.7000,0.8442,0.8558,0.84418,0.84418,0.00000,0.00000,0
2263000,1.7000,0.8442,0.8558,0.84418,0.84418,0.00000,0.00000,0
2263500,1.7000,0.8442,0.8558,0.84418,0.84418,0.00000,0.00000,0
2264000,1.7000,0.8442,0.8558,0.84418,0.84418,0.00000,0.00000,0
2264500,1.7000,0.8426,0.8574,0.84256,0.84256,0.00000,0.00000,0
2265000,1.7000,0.8434,0.8566,0.84337,0.84337,0.00000,0.00000,0
2265500,1.7000,0.8434,0.8566,0.84337,0.84337,0.00000,0.00000,0
2266000,1.7000,0.8426,0.8574,0.84256,0.84256,0.00000,0.00000,0
2266500,1.7000,0.8410,0.8590,0.84095,0.84095,0.00000,0.00000,0
2267000,1.7000,0.8410,0.8590,0.84095,0.84095,0.00000,0.00000,0
2267500,1.7000,0.8426,0.8574,0.84256,0.84256,0.00000,0.00000,0
2268000,1.7000,0.8442,0.8558,0.84418,0.84418,0.00000,0.00000,0
2268500,1.7000,0.8442,0.8558,0.84418,0.84418,0.00000,0.00000,0
2269000,1.7000,0.8442,0.8558,0.84418,0.84418,0.00000,0.00000,0
2269500,1.7000,0.8466,0.8534,0.84659,0.84659,0.00000,0.00000,0
2270000,1.7000,0.8458,0.8542,0.84579,0.84579,0.00000,0.00000,0
2270500,1.7000,0.8466,0.8534,0.84659,0.84659,0.00000,0.00000,0
2271000,1.7000,0.8466,0.8534,0.84659,0.84659,0.00000,0.00000,0
2271500,1.7000,0.8474,0.8526,0.84740,0.84740,0.00000,0.00000,0
2272000,1.7000,0.8482,0.8518,0.84821,0.84821,0.00000,0.00000,0
2272500,1.7000,0.8466,0.8534,0.84659,0.84659,0.00000,0.00000,0
2273000,1.7000,0.8458,0.8542,0.84579,0.84579,0.00000,0.00000,0
2273500,1.7000,0.8450,0.8550,0.84498,0.84498,0.00000,0.00000,0
2274000,1.7000,0.8442,0.8558,0.84418,0.84418,0.00000,0.00000,0
2274500,1.7000,0.8442,0.8558,0.84418,0.84418,0.00000,0.00000,0
2275000,1.7000,0.8458,0.8542,0.84579,0.84579,0.00000,0.00000,0
2275500,1.7000,0.8458,0.8542,0.84579,0.84579,0.00000,0.00000,0
2276000,1.7000,0.8458,0.8542,0.84579,0.84579,0.00000,0.00000,0
2276500,1.7000,0.8450,0.8550,0.84498,0.84498,0.00000,0.00000,0
2277000,1.7000,0.8442,0.8558,0.84418,0.84418,0.00000,0.00000,0
2277500,1.7000,0.8450,0.8550,0.84498,0.84498,0.00000,0.00000,0
2278000,1.7000,0.8450,0.8550,0.84498,0.84498,0.00000,0.00000,0
2278500,1.7000,0.8442,0.8558,0.84418,0.84418,0.00000,0.00000,0
2279000,1.7000,0.8442,0.8558,0.84418,0.84418,0.00000,0.00000,0
2279500,1.7000,0.8442,0.8558,0.84418,0.84418,0.00000,0.00000,0
2280000,1.7000,0.8434,0.8566,0.84337,0.84337,0.00000,0.00000,0
2280500,1.7000,0.8434,0.8566,0.84337,0.84337,0.00000,0.00000,0
2281000,1.7000,0.8466,0.8534,0.84659,0.84659,0.00000,0.00000,0
2281500,1.7000,0.8474,0.8526,0.84740,0.84740,0.00000,0.00000,0
2282000,1.7000,0.8466,0.8534,0.84659,0.84659,0.00000,0.00000,0
2282500,1.7000,0.8466,0.8534,0.84659,0.84659,0.00000,0.00000,0
2283000,1.7000,0.8458,0.8542,0.84579,0.84579,0.00000,0.00000,0
2283500,1.7000,0.8474,0.8526,0.84740,0.84740,0.00000,0.00000,0
2284000,1.7000,0.8466,0.8534,0.84659,0.84659,0.00000,0.00000,0
2284500,1.7000,0.8458,0.8542,0.84579,0.84579,0.00000,0.00000,0
2285000,1.7000,0.8466,0.8534,0.84659,0.84659,0.00000,0.00000,0
2285500,1.7000,0.8458,0.8542,0.84579,0.84579,0.00000,0.00000,0
2286000,1.7000,0.8450,0.8550,0.84498,0.84498,0.00000,0.00000,0
2286500,1.7000,0.8442,0.8558,0.84418,0.84418,0.00000,0.00000,0
2287000,1.7000,0.8458,0.8542,0.84579,0.84579,0.00000,0.00000,0
2287500,1.7000,0.8458,0.8542,0.84579,0.84579,0.00000,0.00000,0
2288000,1.7000,0.8458,0.8542,0.84579,0.84579,0.00000,0.00000,0
2288500,1.7000,0.8450,0.8550,0.84498,0.84498,0.00000,0.00000,0
2289000,1.7000,0.8458,0.8542,0.84579,0.84579,0.00000,0.00000,0
2289500,1.7000,0.8458,0.8542,0.84579,0.84579,0.00000,0.00000,0
2290000,1.7000,0.8434,0.8566,0.84337,0.84337,0.00000,0.00000,0
2290500,1.7000,0.8434,0.8566,0.84337,0.84337,0.00000,0.00000,0
2291000,1.7000,0.8418,0.8582,0.84176,0.84176,0.00000,0.00000,0
2291500,1.7000,0.8418,0.8582,0.84176,0.84176,0.00000,0.00000,0
2292000,1.7000,0.8401,0.8599,0.84015,0.84015,0.00000,0.00000,0
2292500,1.7000,0.8393,0.8607,0.83934,0.83934,0.00000,0.00000,0
2293000,1.7000,0.8401,0.8599,0.84015,0.84015,0.00000,0.00000,0
2293500,1.7000,0.8401,0.8599,0.84015,0.84015,0.00000,0.00000,0
2294000,1.7000,0.8401,0.8599,0.84015,0.84015,0.00000,0.00000,0
2294500,1.7000,0.8410,0.8590,0.84095,0.84095,0.00000,0.00000,0
2295000,1.7000,0.8458,0.8542,0.84579,0.84579,0.00000,0.00000,0
2295500,1.7000,0.8474,0.8526,0.84740,0.84740,0.00000,0.00000,0
2296000,1.7000,0.8474,0.8526,0.84740,0.84740,0.00000,0.00000,0
2296500,1.7000,0.8482,0.8518,0.84821,0.84821,0.00000,0.00000,0
2297000,1.7000,0.8498,0.8502,0.84982,0.84982,0.00000,0.00000,0
2297500,1.7000,0.8498,0.8502,0.84982,0.84982,0.00000,0.00000,0
2298000,1.7000,0.8498,0.8502,0.84982,0.84982,0.00000,0.00000,0
2298500,1.7000,0.8498,0.8502,0.84982,0.84982,0.00000,0.00000,0
2299000,1.7000,0.8482,0.8518,0.84821,0.84821,0.00000,0.00000,0
2299500,1.7000,0.8482,0.8518,0.84821,0.84821,0.00000,0.00000,0
2300000,1.7000,0.8450,0.8550,0.84498,0.84498,0.00000,0.00000,0
2300500,1.7000,0.8450,0.8550,0.84498,0.84498,0.00000,0.00000,0
2301000,1.7000,0.8466,0.8534,0.84659,0.84659,0.00000,0.00000,0
2301500,1.7000,0.8442,0.8558,0.84418,0.84418,0.00000,0.00000,0
2302000,1.7000,0.8474,0.8526,0.84740,0.84740,0.00000,0.00000,0
2302500,1.7000,0.8466,0.8534,0.84659,0.84659,0.00000,0.00000,0
2303000,1.7000,0.8466,0.8534,0.84659,0.84659,0.00000,0.00000,0
2303500,1.7000,0.8482,0.8518,0.84821,0.84821,0.00000,0.00000,0
2304000,1.7000,0.8498,0.8502,0.84982,0.84982,0.00000,0.00000,0
2304500,1.7000,0.8490,0.8510,0.84901,0.84901,0.00000,0.00000,0
2305000,1.7000,0.8482,0.8518,0.84821,0.84821,0.00000,0.00000,0
2305500,1.7000,0.8482,0.8518,0.84821,0.84821,0.00000,0.00000,0
2306000,1.7000,0.8474,0.8526,0.84740,0.84740,0.00000,0.00000,0
2306500,1.7000,0.8482,0.8518,0.84821,0.84821,0.00000,0.00000,0
2307000,1.7000,0.8450,0.8550,0.84498,0.84498,0.00000,0.00000,0
2307500,1.7000,0.8434,0.8566,0.84337,0.84337,0.00000,0.00000,0
2308000,1.7000,0.8434,0.8566,0.84337,0.84337,0.00000,0.00000,0
2308500,1.7000,0.8418,0.8582,0.84176,0.84176,0.00000,0.00000,0
2309000,1.7000,0.8442,0.8558,0.84418,0.84418,0.00000,0.00000,0
2309500,1.7000,0.8434,0.8566,0.84337,0.84337,0.00000,0.00000,0
2310000,1.7000,0.8434,0.8566,0.84337,0.84337,0.00000,0.00000,0
2310500,1.7000,0.8442,0.8558,0.84418,0.84418,0.00000,0.00000,0
2311000,1.7000,0.8450,0.8550,0.84498,0.84498,0.00000,0.00000,0
2311500,1.7000,0.8450,0.8550,0.84498,0.84498,0.00000,0.00000,0
2312000,1.7000,0.8450,0.8550,0.84498,0.84498,0.00000,0.00000,0
2312500,1.7000,0.8466,0.8534,0.84659,0.84659,0.00000,0.00000,0
2313000,1.7000,0.8466,0.8534,0.84659,0.84659,0.00000,0.00000,0
2313500,1.7000,0.8474,0.8526,0.84740,0.84740,0.00000,0.00000,0
2314000,1.7000,0.8450,0.8550,0.84498,0.84498,0.00000,0.00000,0
2314500,1.7000,0.8450,0.8550,0.84498,0.84498,0.00000,0.00000,0
2315000,1.7000,0.8466,0.8534,0.84659,0.84659,0.00000,0.00000,0
2315500,1.7000,0.8466,0.8534,0.84659,0.84659,0.00000,0.00000,0
2316000,1.7000,0.8450,0.8550,0.84498,0.84498,0.00000,0.00000,0
2316500,1.7000,0.8442,0.8558,0.84418,0.84418,0.00000,0.00000,0
2317000,1.7000,0.8450,0.8550,0.84498,0.84498,0.00000,0.00000,0
2317500,1.7000,0.8450,0.8550,0.84498,0.84498,0.00000,0.00000,0
2318000,1.7000,0.8450,0.8550,0.84498,0.84498,0.00000,0.00000,0
2318500,1.7000,0.8442,0.8558,0.84418,0.84418,0.00000,0.00000,0
2319000,1.7000,0.8442,0.8558,0.84418,0.84418,0.00000,0.00000,0
2319500,1.7000,0.8450,0.8550,0.84498,0.84498,0.00000,0.00000,0
2320000,1.7000,0.8442,0.8558,0.84418,0.84418,0.00000,0.00000,0
2320500,1.7000,0.8450,0.8550,0.84498,0.84498,0.00000,0.00000,0
2321000,1.7000,0.8442,0.8558,0.84418,0.84418,0.00000,0.00000,0
2321500,1.7000,0.8450,0.8550,0.84498,0.84498,0.00000,0.00000,0
2322000,1.7000,0.8442,0.8558,0.84418,0.84418,0.00000,0.00000,0
2322500,1.7000,0.8442,0.8558,0.84418,0.84418,0.00000,0.00000,0
2323000,1.7000,0.8450,0.8550,0.84498,0.84498,0.00000,0.00000,0
2323500,1.7000,0.8442,0.8558,0.84418,0.84418,0.00000,0.00000,0
2324000,1.7000,0.8450,0.8550,0.84498,0.84498,0.00000,0.00000,0
2324500,1.7000,0.8450,0.8550,0.84498,0.84498,0.00000,0.00000,0
2325000,1.7000,0.8450,0.8550,0.84498,0.84498,0.00000,0.00000,0
2325500,1.7000,0.8458,0.8542,0.84579,0.84579,0.00000,0.00000,0
2326000,1.7000,0.8466,0.8534,0.84659,0.84659,0.00000,0.00000,0
2326500,1.7000,0.8466,0.8534,0.84659,0.84659,0.00000,0.00000,0
2327000,1.7000,0.8474,0.8526,0.84740,0.84740,0.00000,0.00000,0
2327500,1.7000,0.8466,0.8534,0.84659,0.84659,0.00000,0.00000,0
2328000,1.7000,0.8466,0.8534,0.84659,0.84659,0.00000,0.00000,0
2328500,1.7000,0.8474,0.8526,0.84740,0.84740,0.00000,0.00000,0
2329000,1.7000,0.8474,0.8526,0.84740,0.84740,0.00000,0.00000,0
2329500,1.7000,0.8474,0.8526,0.84740,0.84740,0.00000,0.00000,0
2330000,1.7000,0.8474,0.8526,0.84740,0.84740,0.00000,0.00000,0
2330500,1.7000,0.8466,0.8534,0.84659,0.84659,0.00000,0.00000,0
2331000,1.7000,0.8458,0.8542,0.84579,0.84579,0.00000,0.00000,0
2331500,1.7000,0.8450,0.8550,0.84498,0.84498,0.00000,0.00000,0
2332000,1.7000,0.8426,0.8574,0.84256,0.84256,0.00000,0.00000,0
2332500,1.7000,0.8442,0.8558,0.84418,0.84418,0.00000,0.00000,0
2333000,1.7000,0.8442,0.8558,0.84418,0.84418,0.00000,0.00000,0
2333500,1.7000,0.8442,0.8558,0.84418,0.84418,0.00000,0.00000,0
2334000,1.7000,0.8442,0.8558,0.84418,0.84418,0.00000,0.00000,0
2334500,1.7000,0.8458,0.8542,0.84579,0.84579,0.00000,0.00000,0
2335000,1.7000,0.8458,0.8542,0.84579,0.84579,0.00000,0.00000,0
2335500,1.7000,0.8450,0.8550,0.84498,0.84498,0.00000,0.00000,0
2336000,1.7000,0.8450,0.8550,0.84498,0.84498,0.00000,0.00000,0
2336500,1.7000,0.8450,0.8550,0.84498,0.84498,0.00000,0.00000,0
2337000,1.7000,0.8474,0.8526,0.84740,0.84740,0.00000,0.00000,0
2337500,1.7000,0.8474,0.8526,0.84740,0.84740,0.00000,0.00000,0
2338000,1.7000,0.8466,0.8534,0.84659,0.84659,0.00000,0.00000,0
2338500,1.7000,0.8458,0.8542,0.84579,0.84579,0.00000,0.00000,0
2339000,1.7000,0.8466,0.8534,0.84659,0.84659,0.00000,0.00000,0
2339500,1.7000,0.8450,0.8550,0.84498,0.84498,0.00000,0.00000,0
2340000,1.7000,0.8442,0.8558,0.84418,0.84418,0.00000,0.00000,0
2340500,1.7000,0.8450,0.8550,0.84498,0.84498,0.00000,0.00000,0
2341000,1.7000,0.8450,0.8550,0.84498,0.84498,0.00000,0.00000,0
2341500,1.7000,0.8442,0.8558,0.84418,0.84418,0.00000,0.00000,0
2342000,1.7000,0.8442,0.8558,0.84418,0.84418,0.00000,0.00000,0
2342500,1.7000,0.8442,0.8558,0.84418,0.84418,0.00000,0.00000,0
2343000,1.7000,0.8442,0.8558,0.84418,0.84418,0.00000,0.00000,0
2343500,1.7000,0.8458,0.8542,0.84579,0.84579,0.00000,0.00000,0
2344000,1.7000,0.8458,0.8542,0.84579,0.84579,0.00000,0.00000,0
2344500,1.7000,0.8466,0.8534,0.84659,0.84659,0.00000,0.00000,0
2345000,1.7000,0.8466,0.8534,0.84659,0.84659,0.00000,0.00000,0
2345500,1.7000,0.8474,0.8526,0.84740,0.84740,0.00000,0.00000,0
2346000,1.7000,0.8490,0.8510,0.84901,0.84901,0.00000,0.00000,0
2346500,1.7000,0.8490,0.8510,0.84901,0.84901,0.00000,0.00000,0
2347000,1.7000,0.8474,0.8526,0.84740,0.84740,0.00000,0.00000,0
2347500,1.7000,0.8474,0.8526,0.84740,0.84740,0.00000,0.00000,0
2348000,1.7000,0.8474,0.8526,0.84740,0.84740,0.00000,0.00000,0
2348500,1.7000,0.8458,0.8542,0.84579,0.84579,0.00000,0.00000,0
2349000,1.7000,0.8466,0.8534,0.84659,0.84659,0.00000,0.00000,0
2349500,1.7000,0.8458,0.8542,0.84579,0.84579,0.00000,0.00000,0
2350000,1.7000,0.8466,0.8534,0.84659,0.84659,0.00000,0.00000,0
2350500,1.7000,0.8458,0.8542,0.84579,0.84579,0.00000,0.00000,0
2351000,1.7000,0.8442,0.8558,0.84418,0.84418,0.00000,0.00000,0
2351500,1.7000,0.8458,0.8542,0.84579,0.84579,0.00000,0.00000,0
2352000,1.7000,0.8458,0.8542,0.84579,0.84579,0.00000,0.00000,0
2352500,1.7000,0.8458,0.8542,0.84579,0.84579,0.00000,0.00000,0
2353000,1.7000,0.8458,0.8542,0.84579,0.84579,0.00000,0.00000,0
2353500,1.7000,0.8458,0.8542,0.84579,0.84579,0.00000,0.00000,0
2354000,1.7000,0.8442,0.8558,0.84418,0.84418,0.00000,0.00000,0
2354500,1.7000,0.8434,0.8566,0.84337,0.84337,0.00000,0.00000,0
2355000,1.7000,0.8418,0.8582,0.84176,0.84176,0.00000,0.00000,0
2355500,1.7000,0.8426,0.8574,0.84256,0.84256,0.00000,0.00000,0
2356000,1.7000,0.8418,0.8582,0.84176,0.84176,0.00000,0.00000,0
2356500,1.7000,0.8426,0.8574,0.84256,0.84256,0.00000,0.00000,0
2357000,1.7000,0.8434,0.8566,0.84337,0.84337,0.00000,0.00000,0
2357500,1.7000,0.8434,0.8566,0.84337,0.84337,0.00000,0.00000,0
2358000,1.7000,0.8426,0.8574,0.84256,0.84256,0.00000,0.00000,0
2358500,1.7000,0.8434,0.8566,0.84337,0.84337,0.00000,0.00000,0
2359000,1.7000,0.8426,0.8574,0.84256,0.84256,0.00000,0.00000,0
2359500,1.7000,0.8442,0.8558,0.84418,0.84418,0.00000,0.00000,0
2360000,1.7000,0.8458,0.8542,0.84579,0.84579,0.00000,0.00000,0
2360500,1.7000,0.8482,0.8518,0.84821,0.84821,0.00000,0.00000,0
2361000,1.7000,0.8482,0.8518,0.84821,0.84821,0.00000,0.00000,0
2361500,1.7000,0.8466,0.8534,0.84659,0.84659,0.00000,0.00000,0
2362000,1.7000,0.8458,0.8542,0.84579,0.84579,0.00000,0.00000,0
2362500,1.7000,0.8458,0.8542,0.84579,0.84579,0.00000,0.00000,0
2363000,1.7000,0.8458,0.8542,0.84579,0.84579,0.00000,0.00000,0
2363500,1.7000,0.8450,0.8550,0.84498,0.84498,0.00000,0.00000,0
2364000,1.7000,0.8450,0.8550,0.84498,0.84498,0.00000,0.00000,0
2364500,1.7000,0.8450,0.8550,0.84498,0.84498,0.00000,0.00000,0
2365000,1.7000,0.8434,0.8566,0.84337,0.84337,0.00000,0.00000,0
2365500,1.7000,0.8393,0.8607,0.83934,0.83934,0.00000,0.00000,0
2366000,1.7000,0.8426,0.8574,0.84256,0.84256,0.00000,0.00000,0
2366500,1.7000,0.8426,0.8574,0.84256,0.84256,0.00000,0.00000,0
2367000,1.7000,0.8434,0.8566,0.84337,0.84337,0.00000,0.00000,0
2367500,1.7000,0.8426,0.8574,0.84256,0.84256,0.00000,0.00000,0
2368000,1.7000,0.8450,0.8550,0.84498,0.84498,0.00000,0.00000,0
2368500,1.7000,0.8442,0.8558,0.84418,0.84418,0.00000,0.00000,0
2369000,1.7000,0.8450,0.8550,0.84498,0.84498,0.00000,0.00000,0
2369500,1.7000,0.8442,0.8558,0.84418,0.84418,0.00000,0.00000,0
2370000,1.7000,0.8458,0.8542,0.84579,0.84579,0.00000,0.00000,0
2370500,1.7000,0.8458,0.8542,0.84579,0.84579,0.00000,0.00000,0
2371000,1.7000,0.8442,0.8558,0.84418,0.84418,0.00000,0.00000,0
2371500,1.7000,0.8450,0.8550,0.84498,0.84498,0.00000,0.00000,0
2372000,1.7000,0.8466,0.8534,0.84659,0.84659,0.00000,0.00000,0
2372500,1.7000,0.8466,0.8534,0.84659,0.84659,0.00000,0.00000,0
2373000,1.7000,0.8450,0.8550,0.84498,0.84498,0.00000,0.00000,0
2373500,1.7000,0.8474,0.8526,0.84740,0.84740,0.00000,0.00000,0
2374000,1.7000,0.8482,0.8518,0.84821,0.84821,0.00000,0.00000,0
2374500,1.7000,0.8482,0.8518,0.84821,0.84821,0.00000,0.00000,0
2375000,1.7000,0.8466,0.8534,0.84659,0.84659,0.00000,0.00000,0
2375500,1.7000,0.8474,0.8526,0.84740,0.84740,0.00000,0.00000,0
2376000,1.7000,0.8466,0.8534,0.84659,0.84659,0.00000,0.00000,0
2376500,1.7000,0.8466,0.8534,0.84659,0.84659,0.00000,0.00000,0
2377000,1.7000,0.8458,0.8542,0.84579,0.84579,0.00000,0.00000,0
2377500,1.7000,0.8458,0.8542,0.84579,0.84579,0.00000,0.00000,0
2378000,1.7000,0.8450,0.8550,0.84498,0.84498,0.00000,0.00000,0
2378500,1.7000,0.8434,0.8566,0.84337,0.84337,0.00000,0.00000,0
2379000,1.7000,0.8426,0.8574,0.84256,0.84256,0.00000,0.00000,0
2379500,1.7000,0.8426,0.8574,0.84256,0.84256,0.00000,0.00000,0
2380000,1.7000,0.8426,0.8574,0.84256,0.84256,0.00000,0.00000,0
2380500,1.7000,0.8434,0.8566,0.84337,0.84337,0.00000,0.00000,0
2381000,1.7000,0.8426,0.8574,0.84256,0.84256,0.00000,0.00000,0
2381500,1.7000,0.8442,0.8558,0.84418,0.84418,0.00000,0.00000,0
2382000,1.7000,0.8442,0.8558,0.84418,0.84418,0.00000,0.00000,0
2382500,1.7000,0.8442,0.8558,0.84418,0.84418,0.00000,0.00000,0
2383000,1.7000,0.8450,0.8550,0.84498,0.84498,0.00000,0.00000,0
2383500,1.7000,0.8458,0.8542,0.84579,0.84579,0.00000,0.00000,0
2384000,1.7000,0.8458,0.8542,0.84579,0.84579,0.00000,0.00000,0
2384500,1.7000,0.8474,0.8526,0.84740,0.84740,0.00000,0.00000,0
2385000,1.7000,0.8482,0.8518,0.84821,0.84821,0.00000,0.00000,0
2385500,1.7000,0.8490,0.8510,0.84901,0.84901,0.00000,0.00000,0
2386000,1.7000,0.8506,0.8494,0.85062,0.85062,0.00000,0.00000,0
2386500,1.7000,0.8490,0.8510,0.84901,0.84901,0.00000,0.00000,0
2387000,1.7000,0.8482,0.8518,0.84821,0.84821,0.00000,0.00000,0
2387500,1.7000,0.8474,0.8526,0.84740,0.84740,0.00000,0.00000,0
2388000,1.7000,0.8474,0.8526,0.84740,0.84740,0.00000,0.00000,0
2388500,1.7000,0.8474,0.8526,0.84740,0.84740,0.00000,0.00000,0
2389000,1.7000,0.8474,0.8526,0.84740,0.84740,0.00000,0.00000,0
2389500,1.7000,0.8466,0.8534,0.84659,0.84659,0.00000,0.00000,0
2390000,1.7000,0.8474,0.8526,0.84740,0.84740,0.00000,0.00000,0
2390500,1.7000,0.8450,0.8550,0.84498,0.84498,0.00000,0.00000,0
2391000,1.7000,0.8434,0.8566,0.84337,0.84337,0.00000,0.00000,0
2391500,1.7000,0.8434,0.8566,0.84337,0.84337,0.00000,0.00000,0
2392000,1.7000,0.8442,0.8558,0.84418,0.84418,0.00000,0.00000,0
2392500,1.7000,0.8458,0.8542,0.84579,0.84579,0.00000,0.00000,0
2393000,1.7000,0.8458,0.8542,0.84579,0.84579,0.00000,0.00000,0
2393500,1.7000,0.8466,0.8534,0.84659,0.84659,0.00000,0.00000,0
2394000,1.7000,0.8482,0.8518,0.84821,0.84821,0.00000,0.00000,0
2394500,1.7000,0.8474,0.8526,0.84740,0.84740,0.00000,0.00000,0
2395000,1.7000,0.8466,0.8534,0.84659,0.84659,0.00000,0.00000,0
2395500,1.7000,0.8474,0.8526,0.84740,0.84740,0.00000,0.00000,0
2396000,1.7000,0.8474,0.8526,0.84740,0.84740,0.00000,0.00000,0
2396500,1.7000,0.8482,0.8518,0.84821,0.84821,0.00000,0.00000,0
2397000,1.7000,0.8474,0.8526,0.84740,0.84740,0.00000,0.00000,0
2397500,1.7000,0.8474,0.8526,0.84740,0.84740,0.00000,0.00000,0
2398000,1.7000,0.8474,0.8526,0.84740,0.84740,0.00000,0.00000,0
2398500,1.7000,0.8474,0.8526,0.84740,0.84740,0.00000,0.00000,0
2399000,1.7000,0.8482,0.8518,0.84821,0.84821,0.00000,0.00000,0
2399500,1.7000,0.8482,0.8518,0.84821,0.84821,0.00000,0.00000,0
2400000,1.7000,0.8482,0.8518,0.84821,0.84821,0.00000,0.00000,0
2400500,1.7000,0.8474,0.8526,0.84740,0.84740,0.00000,0.00000,0
2401000,1.7000,0.8490,0.8510,0.84901,0.84901,0.00000,0.00000,0
2401500,1.7000,0.8482,0.8518,0.84821,0.84821,0.00000,0.00000,0
2402000,1.7000,0.8490,0.8510,0.84901,0.84901,0.00000,0.00000,0
2402500,1.7000,0.8474,0.8526,0.84740,0.84740,0.00000,0.00000,0
2403000,1.7000,0.8482,0.8518,0.84821,0.84821,0.00000,0.00000,0
2403500,1.7000,0.8458,0.8542,0.84579,0.84579,0.00000,0.00000,0
2404000,1.7000,0.8442,0.8558,0.84418,0.84418,0.00000,0.00000,0
2404500,1.7000,0.8450,0.8550,0.84498,0.84498,0.00000,0.00000,0
2405000,1.7000,0.8442,0.8558,0.84418,0.84418,0.00000,0.00000,0
2405500,1.7000,0.8450,0.8550,0.84498,0.84498,0.00000,0.00000,0
2406000,1.7000,0.8442,0.8558,0.84418,0.84418,0.00000,0.00000,0
2406500,1.7000,0.8442,0.8558,0.84418,0.84418,0.00000,0.00000,0
2407000,1.7000,0.8450,0.8550,0.84498,0.84498,0.00000,0.00000,0
2407500,1.7000,0.8458,0.8542,0.84579,0.84579,0.00000,0.00000,0
2408000,1.7000,0.8458,0.8542,0.84579,0.84579,0.00000,0.00000,0
2408500,1.7000,0.8458,0.8542,0.84579,0.84579,0.00000,0.00000,0
2409000,1.7000,0.8450,0.8550,0.84498,0.84498,0.00000,0.00000,0
2409500,1.7000,0.8458,0.8542,0.84579,0.84579,0.00000,0.00000,0
2410000,1.7000,0.8458,0.8542,0.84579,0.84579,0.00000,0.00000,0
2410500,1.7000,0.8466,0.8534,0.84659,0.84659,0.00000,0.00000,0
2411000,1.7000,0.8466,0.8534,0.84659,0.84659,0.00000,0.00000,0
2411500,1.7000,0.8458,0.8542,0.84579,0.84579,0.00000,0.00000,0
2412000,1.7000,0.8458,0.8542,0.84579,0.84579,0.00000,0.00000,0
2412500,1.7000,0.8458,0.8542,0.84579,0.84579,0.00000,0.00000,0
2413000,1.7000,0.8442,0.8558,0.84418,0.84418,0.00000,0.00000,0
2413500,1.7000,0.8450,0.8550,0.84498,0.84498,0.00000,0.00000,0
2414000,1.7000,0.8458,0.8542,0.84579,0.84579,0.00000,0.00000,0
2414500,1.7000,0.8442,0.8558,0.84418,0.84418,0.00000,0.00000,0
2415000,1.7000,0.8450,0.8550,0.84498,0.84498,0.00000,0.00000,0
2415500,1.7000,0.8434,0.8566,0.84337,0.84337,0.00000,0.00000,0
2416000,1.7000,0.8442,0.8558,0.84418,0.84418,0.00000,0.00000,0
2416500,1.7000,0.8442,0.8558,0.84418,0.84418,0.00000,0.00000,0
2417000,1.7000,0.8442,0.8558,0.84418,0.84418,0.00000,0.00000,0
2417500,1.7000,0.8442,0.8558,0.84418,0.84418,0.00000,0.00000,0
2418000,1.7000,0.8442,0.8558,0.84418,0.84418,0.00000,0.00000,0
2418500,1.7000,0.8442,0.8558,0.84418,0.84418,0.00000,0.00000,0
2419000,1.7000,0.8458,0.8542,0.84579,0.84579,0.00000,0.00000,0
2419500,1.7000,0.8458,0.8542,0.84579,0.84579,0.00000,0.00000,0
2420000,1.7000,0.8474,0.8526,0.84740,0.84740,0.00000,0.00000,0
2420500,1.7000,0.8474,0.8526,0.84740,0.84740,0.00000,0.00000,0
2421000,1.7000,0.8482,0.8518,0.84821,0.84821,0.00000,0.00000,0
2421500,1.7000,0.8482,0.8518,0.84821,0.84821,0.00000,0.00000,0
2422000,1.7000,0.8474,0.8526,0.84740,0.84740,0.00000,0.00000,0
2422500,1.7000,0.8458,0.8542,0.84579,0.84579,0.00000,0.00000,0
2423000,1.7000,0.8474,0.8526,0.84740,0.84740,0.00000,0.00000,0
2423500,1.7000,0.8466,0.8534,0.84659,0.84659,0.00000,0.00000,0
2424000,1.7000,0.8458,0.8542,0.84579,0.84579,0.00000,0.00000,0
2424500,1.7000,0.8458,0.8542,0.84579,0.84579,0.00000,0.00000,0
2425000,1.7000,0.8450,0.8550,0.84498,0.84498,0.00000,0.00000,0
2425500,1.7000,0.8450,0.8550,0.84498,0.84498,0.00000,0.00000,0
2426000,1.7000,0.8450,0.8550,0.84498,0.84498,0.00000,0.00000,0
2426500,1.7000,0.8458,0.8542,0.84579,0.84579,0.00000,0.00000,0
2427000,1.7000,0.8458,0.8542,0.84579,0.84579,0.00000,0.00000,0
2427500,1.7000,0.8466,0.8534,0.84659,0.84659,0.00000,0.00000,0
2428000,1.7000,0.8458,0.8542,0.84579,0.84579,0.00000,0.00000,0
2428500,1.7000,0.8458,0.8542,0.84579,0.84579,0.00000,0.00000,0
2429000,1.7000,0.8458,0.8542,0.84579,0.84579,0.00000,0.00000,0
2429500,1.7000,0.8450,0.8550,0.84498,0.84498,0.00000,0.00000,0
2430000,1.7000,0.8434,0.8566,0.84337,0.84337,0.00000,0.00000,0
2430500,1.7000,0.8418,0.8582,0.84176,0.84176,0.00000,0.00000,0
2431000,1.7000,0.8426,0.8574,0.84256,0.84256,0.00000,0.00000,0
2431500,1.7000,0.8418,0.8582,0.84176,0.84176,0.00000,0.00000,0
2432000,1.7000,0.8426,0.8574,0.84256,0.84256,0.00000,0.00000,0
2432500,1.7000,0.8434,0.8566,0.84337,0.84337,0.00000,0.00000,0
2433000,1.7000,0.8426,0.8574,0.84256,0.84256,0.00000,0.00000,0
2433500,1.7000,0.8434,0.8566,0.84337,0.84337,0.00000,0.00000,0
2434000,1.7000,0.8434,0.8566,0.84337,0.84337,0.00000,0.00000,0
2434500,1.7000,0.8442,0.8558,0.84418,0.84418,0.00000,0.00000,0
2435000,1.7000,0.8458,0.8542,0.84579,0.84579,0.00000,0.00000,0
2435500,1.7000,0.8474,0.8526,0.84740,0.84740,0.00000,0.00000,0
2436000,1.7000,0.8466,0.8534,0.84659,0.84659,0.00000,0.00000,0
2436500,1.7000,0.8466,0.8534,0.84659,0.84659,0.00000,0.00000,0
2437000,1.7000,0.8474,0.8526,0.84740,0.84740,0.00000,0.00000,0
2437500,1.7000,0.8466,0.8534,0.84659,0.84659,0.00000,0.00000,0
2438000,1.7000,0.8474,0.8526,0.84740,0.84740,0.00000,0.00000,0
2438500,1.7000,0.8490,0.8510,0.84901,0.84901,0.00000,0.00000,0
2439000,1.7000,0.8482,0.8518,0.84821,0.84821,0.00000,0.00000,0
2439500,1.7000,0.8474,0.8526,0.84740,0.84740,0.00000,0.00000,0
2440000,1.7000,0.8466,0.8534,0.84659,0.84659,0.00000,0.00000,0
2440500,1.7000,0.8474,0.8526,0.84740,0.84740,0.00000,0.00000,0
2441000,1.7000,0.8466,0.8534,0.84659,0.84659,0.00000,0.00000,0
2441500,1.7000,0.8474,0.8526,0.84740,0.84740,0.00000,0.00000,0
2442000,1.7000,0.8466,0.8534,0.84659,0.84659,0.00000,0.00000,0
2442500,1.7000,0.8506,0.8494,0.85062,0.85062,0.00000,0.00000,0
2443000,1.7000,0.8490,0.8510,0.84901,0.84901,0.00000,0.00000,0
2443500,1.7000,0.8474,0.8526,0.84740,0.84740,0.00000,0.00000,0
2444000,1.7000,0.8482,0.8518,0.84821,0.84821,0.00000,0.00000,0
2444500,1.7000,0.8458,0.8542,0.84579,0.84579,0.00000,0.00000,0
2445000,1.7000,0.8466,0.8534,0.84659,0.84659,0.00000,0.00000,0
2445500,1.7000,0.8450,0.8550,0.84498,0.84498,0.00000,0.00000,0
2446000,1.7000,0.8458,0.8542,0.84579,0.84579,0.00000,0.00000,0
2446500,1.7000,0.8442,0.8558,0.84418,0.84418,0.00000,0.00000,0
2447000,1.7000,0.8442,0.8558,0.84418,0.84418,0.00000,0.00000,0
2447500,1.7000,0.8401,0.8599,0.84015,0.84015,0.00000,0.00000,0
2448000,1.7000,0.8426,0.8574,0.84256,0.84256,0.00000,0.00000,0
2448500,1.7000,0.8434,0.8566,0.84337,0.84337,0.00000,0.00000,0
2449000,1.7000,0.8434,0.8566,0.84337,0.84337,0.00000,0.00000,0
2449500,1.7000,0.8466,0.8534,0.84659,0.84659,0.00000,0.00000,0
2450000,1.7000,0.8474,0.8526,0.84740,0.84740,0.00000,0.00000,0
2450500,1.7000,0.8490,0.8510,0.84901,0.84901,0.00000,0.00000,0
2451000,1.7000,0.8482,0.8518,0.84821,0.84821,0.00000,0.00000,0
2451500,1.7000,0.8498,0.8502,0.84982,0.84982,0.00000,0.00000,0
2452000,1.7000,0.8506,0.8494,0.85062,0.85062,0.00000,0.00000,0
2452500,1.7000,0.8506,0.8494,0.85062,0.85062,0.00000,0.00000,0
2453000,1.7000,0.8490,0.8510,0.84901,0.84901,0.00000,0.00000,0
2453500,1.7000,0.8482,0.8518,0.84821,0.84821,0.00000,0.00000,0
2454000,1.7000,0.8482,0.8518,0.84821,0.84821,0.00000,0.00000,0
2454500,1.7000,0.8474,0.8526,0.84740,0.84740,0.00000,0.00000,0
2455000,1.7000,0.8458,0.8542,0.84579,0.84579,0.00000,0.00000,0
2455500,1.7000,0.8458,0.8542,0.84579,0.84579,0.00000,0.00000,0
2456000,1.7000,0.8434,0.8566,0.84337,0.84337,0.00000,0.00000,0
2456500,1.7000,0.8442,0.8558,0.84418,0.84418,0.00000,0.00000,0
2457000,1.7000,0.8434,0.8566,0.84337,0.84337,0.00000,0.00000,0
2457500,1.7000,0.8434,0.8566,0.84337,0.84337,0.00000,0.00000,0
2458000,1.7000,0.8426,0.8574,0.84256,0.84256,0.00000,0.00000,0
2458500,1.7000,0.8418,0.8582,0.84176,0.84176,0.00000,0.00000,0
2459000,1.7000,0.8418,0.8582,0.84176,0.84176,0.00000,0.00000,0
2459500,1.7000,0.8426,0.8574,0.84256,0.84256,0.00000,0.00000,0
2460000,1.7000,0.8418,0.8582,0.84176,0.84176,0.00000,0.00000,0
2460500,1.7000,0.8410,0.8590,0.84095,0.84095,0.00000,0.00000,0
2461000,1.7000,0.8434,0.8566,0.84337,0.84337,0.00000,0.00000,0
2461500,1.7000,0.8426,0.8574,0.84256,0.84256,0.00000,0.00000,0
2462000,1.7000,0.8426,0.8574,0.84256,0.84256,0.00000,0.00000,0
2462500,1.7000,0.8410,0.8590,0.84095,0.84095,0.00000,0.00000,0
2463000,1.7000,0.8418,0.8582,0.84176,0.84176,0.00000,0.00000,0
2463500,1.7000,0.8426,0.8574,0.84256,0.84256,0.00000,0.00000,0
2464000,1.7000,0.8418,0.8582,0.84176,0.84176,0.00000,0.00000,0
2464500,1.7000,0.8401,0.8599,0.84015,0.84015,0.00000,0.00000,0
2465000,1.7000,0.8410,0.8590,0.84095,0.84095,0.00000,0.00000,0
2465500,1.7000,0.8418,0.8582,0.84176,0.84176,0.00000,0.00000,0
2466000,1.7000,0.8426,0.8574,0.84256,0.84256,0.00000,0.00000,0
2466500,1.7000,0.8434,0.8566,0.84337,0.84337,0.00000,0.00000,0
2467000,1.7000,0.8442,0.8558,0.84418,0.84418,0.00000,0.00000,0
2467500,1.7000,0.8458,0.8542,0.84579,0.84579,0.00000,0.00000,0
2468000,1.7000,0.8490,0.8510,0.84901,0.84901,0.00000,0.00000,0
2468500,1.7000,0.8490,0.8510,0.84901,0.84901,0.00000,0.00000,0
2469000,1.7000,0.8490,0.8510,0.84901,0.84901,0.00000,0.00000,0
2469500,1.7000,0.8498,0.8502,0.84982,0.84982,0.00000,0.00000,0
2470000,1.7000,0.8490,0.8510,0.84901,0.84901,0.00000,0.00000,0
2470500,1.7000,0.8482,0.8518,0.84821,0.84821,0.00000,0.00000,0
2471000,1.7000,0.8482,0.8518,0.84821,0.84821,0.00000,0.00000,0
2471500,1.7000,0.8474,0.8526,0.84740,0.84740,0.00000,0.00000,0
2472000,1.7000,0.8474,0.8526,0.84740,0.84740,0.00000,0.00000,0
2472500,1.7000,0.8466,0.8534,0.84659,0.84659,0.00000,0.00000,0
2473000,1.7000,0.8434,0.8566,0.84337,0.84337,0.00000,0.00000,0
2473500,1.7000,0.8434,0.8566,0.84337,0.84337,0.00000,0.00000,0
2474000,1.7000,0.8434,0.8566,0.84337,0.84337,0.00000,0.00000,0
2474500,1.7000,0.8442,0.8558,0.84418,0.84418,0.00000,0.00000,0
2475000,1.7000,0.8450,0.8550,0.84498,0.84498,0.00000,0.00000,0
2475500,1.7000,0.8458,0.8542,0.84579,0.84579,0.00000,0.00000,0
2476000,1.7000,0.8458,0.8542,0.84579,0.84579,0.00000,0.00000,0
2476500,1.7000,0.8450,0.8550,0.84498,0.84498,0.00000,0.00000,0
2477000,1.7000,0.8450,0.8550,0.84498,0.84498,0.00000,0.00000,0
2477500,1.7000,0.8450,0.8550,0.84498,0.84498,0.00000,0.00000,0
2478000,1.7000,0.8458,0.8542,0.84579,0.84579,0.00000,0.00000,0
2478500,1.7000,0.8458,0.8542,0.84579,0.84579,0.00000,0.00000,0
2479000,1.7000,0.8458,0.8542,0.84579,0.84579,0.00000,0.00000,0
2479500,1.7000,0.8458,0.8542,0.84579,0.84579,0.00000,0.00000,0
2480000,1.7000,0.8458,0.8542,0.84579,0.84579,0.00000,0.00000,0
2480500,1.7000,0.8458,0.8542,0.84579,0.84579,0.00000,0.00000,0
2481000,1.7000,0.8450,0.8550,0.84498,0.84498,0.00000,0.00000,0
2481500,1.7000,0.8450,0.8550,0.84498,0.84498,0.00000,0.00000,0
2482000,1.7000,0.8450,0.8550,0.84498,0.84498,0.00000,0.00000,0
2482500,1.7000,0.8458,0.8542,0.84579,0.84579,0.00000,0.00000,0
2483000,1.7000,0.8450,0.8550,0.84498,0.84498,0.00000,0.00000,0
2483500,1.7000,0.8442,0.8558,0.84418,0.84418,0.00000,0.00000,0
2484000,1.7000,0.8450,0.8550,0.84498,0.84498,0.00000,0.00000,0
2484500,1.7000,0.8434,0.8566,0.84337,0.84337,0.00000,0.00000,0
2485000,1.7000,0.8434,0.8566,0.84337,0.84337,0.00000,0.00000,0
2485500,1.7000,0.8426,0.8574,0.84256,0.84256,0.00000,0.00000,0
2486000,1.7000,0.8426,0.8574,0.84256,0.84256,0.00000,0.00000,0
2486500,1.7000,0.8426,0.8574,0.84256,0.84256,0.00000,0.00000,0
2487000,1.7000,0.8426,0.8574,0.84256,0.84256,0.00000,0.00000,0
2487500,1.7000,0.8426,0.8574,0.84256,0.84256,0.00000,0.00000,0
2488000,1.7000,0.8426,0.8574,0.84256,0.84256,0.00000,0.00000,0
2488500,1.7000,0.8418,0.8582,0.84176,0.84176,0.00000,0.00000,0
2489000,1.7000,0.8418,0.8582,0.84176,0.84176,0.00000,0.00000,0
2489500,1.7000,0.8434,0.8566,0.84337,0.84337,0.00000,0.00000,0
2490000,1.7000,0.8434,0.8566,0.84337,0.84337,0.00000,0.00000,0
2490500,1.7000,0.8442,0.8558,0.84418,0.84418,0.00000,0.00000,0
2491000,1.7000,0.8442,0.8558,0.84418,0.84418,0.00000,0.00000,0
2491500,1.7000,0.8426,0.8574,0.84256,0.84256,0.00000,0.00000,0
2492000,1.7000,0.8442,0.8558,0.84418,0.84418,0.00000,0.00000,0
2492500,1.7000,0.8434,0.8566,0.84337,0.84337,0.00000,0.00000,0
2493000,1.7000,0.8442,0.8558,0.84418,0.84418,0.00000,0.00000,0
2493500,1.7000,0.8434,0.8566,0.84337,0.84337,0.00000,0.00000,0
2494000,1.7000,0.8434,0.8566,0.84337,0.84337,0.00000,0.00000,0
2494500,1.7000,0.8442,0.8558,0.84418,0.84418,0.00000,0.00000,0
2495000,1.7000,0.8442,0.8558,0.84418,0.84418,0.00000,0.00000,0
2495500,1.7000,0.8442,0.8558,0.84418,0.84418,0.00000,0.00000,0
2496000,1.7000,0.8442,0.8558,0.84418,0.84418,0.00000,0.00000,0
2496500,1.7000,0.8450,0.8550,0.84498,0.84498,0.00000,0.00000,0
2497000,1.7000,0.8442,0.8558,0.84418,0.84418,0.00000,0.00000,0
2497500,1.7000,0.8450,0.8550,0.84498,0.84498,0.00000,0.00000,0
2498000,1.7000,0.8450,0.8550,0.84498,0.84498,0.00000,0.00000,0
2498500,1.7000,0.8458,0.8542,0.84579,0.84579,0.00000,0.00000,0
2499000,1.7000,0.8450,0.8550,0.84498,0.84498,0.00000,0.00000,0
2499500,1.7000,0.8442,0.8558,0.84418,0.84418,0.00000,0.00000,0
2500000,1.7000,0.8450,0.8550,0.84498,0.84498,0.00000,0.00000,0
2500500,1.7000,0.8442,0.8558,0.84418,0.84418,0.00000,0.00000,0
2501000,1.7000,0.8434,0.8566,0.84337,0.84337,0.00000,0.00000,0
2501500,1.7000,0.8442,0.8558,0.84418,0.84418,0.00000,0.00000,0
2502000,1.7000,0.8442,0.8558,0.84418,0.84418,0.00000,0.00000,0
2502500,1.7000,0.8442,0.8558,0.84418,0.84418,0.00000,0.00000,0
2503000,1.7000,0.8442,0.8558,0.84418,0.84418,0.00000,0.00000,0
2503500,1.7000,0.8450,0.8550,0.84498,0.84498,0.00000,0.00000,0
2504000,1.7000,0.8458,0.8542,0.84579,0.84579,0.00000,0.00000,0
2504500,1.7000,0.8434,0.8566,0.84337,0.84337,0.00000,0.00000,0
2505000,1.7000,0.8426,0.8574,0.84256,0.84256,0.00000,0.00000,0
2505500,1.7000,0.8426,0.8574,0.84256,0.84256,0.00000,0.00000,0
2506000,1.7000,0.8426,0.8574,0.84256,0.84256,0.00000,0.00000,0
2506500,1.7000,0.8426,0.8574,0.84256,0.84256,0.00000,0.00000,0
2507000,1.7000,0.8434,0.8566,0.84337,0.84337,0.00000,0.00000,0
2507500,1.7000,0.8434,0.8566,0.84337,0.84337,0.00000,0.00000,0
2508000,1.7000,0.8434,0.8566,0.84337,0.84337,0.00000,0.00000,0
2508500,1.7000,0.8434,0.8566,0.84337,0.84337,0.00000,0.00000,0
2509000,1.7000,0.8426,0.8574,0.84256,0.84256,0.00000,0.00000,0
2509500,1.7000,0.8442,0.8558,0.84418,0.84418,0.00000,0.00000,0
2510000,1.7000,0.8450,0.8550,0.84498,0.84498,0.00000,0.00000,0
2510500,1.7000,0.8450,0.8550,0.84498,0.84498,0.00000,0.00000,0
2511000,1.7000,0.8466,0.8534,0.84659,0.84659,0.00000,0.00000,0
2511500,1.7000,0.8482,0.8518,0.84821,0.84821,0.00000,0.00000,0
2512000,1.7000,0.8466,0.8534,0.84659,0.84659,0.00000,0.00000,0
2512500,1.7000,0.8474,0.8526,0.84740,0.84740,0.00000,0.00000,0
2513000,1.7000,0.8474,0.8526,0.84740,0.84740,0.00000,0.00000,0
2513500,1.7000,0.8482,0.8518,0.84821,0.84821,0.00000,0.00000,0
2514000,1.7000,0.8474,0.8526,0.84740,0.84740,0.00000,0.00000,0
2514500,1.7000,0.8482,0.8518,0.84821,0.84821,0.00000,0.00000,0
2515000,1.7000,0.8482,0.8518,0.84821,0.84821,0.00000,0.00000,0
2515500,1.7000,0.8506,0.8494,0.85062,0.85062,0.00000,0.00000,0
2516000,1.7000,0.8498,0.8502,0.84982,0.84982,0.00000,0.00000,0
2516500,1.7000,0.8490,0.8510,0.84901,0.84901,0.00000,0.00000,0
2517000,1.7000,0.8490,0.8510,0.84901,0.84901,0.00000,0.00000,0
2517500,1.7000,0.8474,0.8526,0.84740,0.84740,0.00000,0.00000,0
2518000,1.7000,0.8482,0.8518,0.84821,0.84821,0.00000,0.00000,0
2518500,1.7000,0.8458,0.8542,0.84579,0.84579,0.00000,0.00000,0
2519000,1.7000,0.8474,0.8526,0.84740,0.84740,0.00000,0.00000,0
2519500,1.7000,0.8466,0.8534,0.84659,0.84659,0.00000,0.00000,0
2520000,1.7000,0.8498,0.8502,0.84982,0.84982,0.00000,0.00000,0
2520500,1.7000,0.8482,0.8518,0.84821,0.84821,0.00000,0.00000,0
2521000,1.7000,0.8466,0.8534,0.84659,0.84659,0.00000,0.00000,0
2521500,1.7000,0.8458,0.8542,0.84579,0.84579,0.00000,0.00000,0
2522000,1.7000,0.8458,0.8542,0.84579,0.84579,0.00000,0.00000,0
2522500,1.7000,0.8450,0.8550,0.84498,0.84498,0.00000,0.00000,0
2523000,1.7000,0.8442,0.8558,0.84418,0.84418,0.00000,0.00000,0
2523500,1.7000,0.8450,0.8550,0.84498,0.84498,0.00000,0.00000,0
2524000,1.7000,0.8450,0.8550,0.84498,0.84498,0.00000,0.00000,0
2524500,1.7000,0.8466,0.8534,0.84659,0.84659,0.00000,0.00000,0
2525000,1.7000,0.8434,0.8566,0.84337,0.84337,0.00000,0.00000,0
2525500,1.7000,0.8434,0.8566,0.84337,0.84337,0.00000,0.00000,0
2526000,1.7000,0.8442,0.8558,0.84418,0.84418,0.00000,0.00000,0
2526500,1.7000,0.8442,0.8558,0.84418,0.84418,0.00000,0.00000,0
2527000,1.7000,0.8442,0.8558,0.84418,0.84418,0.00000,0.00000,0
2527500,1.7000,0.8458,0.8542,0.84579,0.84579,0.00000,0.00000,0
2528000,1.7000,0.8474,0.8526,0.84740,0.84740,0.00000,0.00000,0
2528500,1.7000,0.8482,0.8518,0.84821,0.84821,0.00000,0.00000,0
2529000,1.7000,0.8482,0.8518,0.84821,0.84821,0.00000,0.00000,0
2529500,1.7000,0.8466,0.8534,0.84659,0.84659,0.00000,0.00000,0
2530000,1.7000,0.8466,0.8534,0.84659,0.84659,0.00000,0.00000,0
2530500,1.7000,0.8466,0.8534,0.84659,0.84659,0.00000,0.00000,0
2531000,1.7000,0.8466,0.8534,0.84659,0.84659,0.00000,0.00000,0
2531500,1.7000,0.8482,0.8518,0.84821,0.84821,0.00000,0.00000,0
2532000,1.7000,0.8474,0.8526,0.84740,0.84740,0.00000,0.00000,0
2532500,1.7000,0.8466,0.8534,0.84659,0.84659,0.00000,0.00000,0
2533000,1.7000,0.8434,0.8566,0.84337,0.84337,0.00000,0.00000,0
2533500,1.7000,0.8426,0.8574,0.84256,0.84256,0.00000,0.00000,0
2534000,1.7000,0.8418,0.8582,0.84176,0.84176,0.00000,0.00000,0
2534500,1.7000,0.8426,0.8574,0.84256,0.84256,0.00000,0.00000,0
2535000,1.7000,0.8434,0.8566,0.84337,0.84337,0.00000,0.00000,0
2535500,1.7000,0.8418,0.8582,0.84176,0.84176,0.00000,0.00000,0
2536000,1.7000,0.8410,0.8590,0.84095,0.84095,0.00000,0.00000,0
2536500,1.7000,0.8410,0.8590,0.84095,0.84095,0.00000,0.00000,0
2537000,1.7000,0.8418,0.8582,0.84176,0.84176,0.00000,0.00000,0
2537500,1.7000,0.8418,0.8582,0.84176,0.84176,0.00000,0.00000,0
2538000,1.7000,0.8442,0.8558,0.84418,0.84418,0.00000,0.00000,0
2538500,1.7000,0.8450,0.8550,0.84498,0.84498,0.00000,0.00000,0
2539000,1.7000,0.8450,0.8550,0.84498,0.84498,0.00000,0.00000,0
2539500,1.7000,0.8442,0.8558,0.84418,0.84418,0.00000,0.00000,0
2540000,1.7000,0.8442,0.8558,0.84418,0.84418,0.00000,0.00000,0
2540500,1.7000,0.8450,0.8550,0.84498,0.84498,0.00000,0.00000,0
2541000,1.7000,0.8442,0.8558,0.84418,0.84418,0.00000,0.00000,0
2541500,1.7000,0.8426,0.8574,0.84256,0.84256,0.00000,0.00000,0
2542000,1.7000,0.8434,0.8566,0.84337,0.84337,0.00000,0.00000,0
2542500,1.7000,0.8442,0.8558,0.84418,0.84418,0.00000,0.00000,0
2543000,1.7000,0.8442,0.8558,0.84418,0.84418,0.00000,0.00000,0
2543500,1.7000,0.8434,0.8566,0.84337,0.84337,0.00000,0.00000,0
2544000,1.7000,0.8434,0.8566,0.84337,0.84337,0.00000,0.00000,0
2544500,1.7000,0.8450,0.8550,0.84498,0.84498,0.00000,0.00000,0
2545000,1.7000,0.8434,0.8566,0.84337,0.84337,0.00000,0.00000,0
2545500,1.7000,0.8450,0.8550,0.84498,0.84498,0.00000,0.00000,0
2546000,1.7000,0.8458,0.8542,0.84579,0.84579,0.00000,0.00000,0
2546500,1.7000,0.8466,0.8534,0.84659,0.84659,0.00000,0.00000,0
2547000,1.7000,0.8450,0.8550,0.84498,0.84498,0.00000,0.00000,0
2547500,1.7000,0.8450,0.8550,0.84498,0.84498,0.00000,0.00000,0
2548000,1.7000,0.8442,0.8558,0.84418,0.84418,0.00000,0.00000,0
2548500,1.7000,0.8450,0.8550,0.84498,0.84498,0.00000,0.00000,0
2549000,1.7000,0.8458,0.8542,0.84579,0.84579,0.00000,0.00000,0
2549500,1.7000,0.8450,0.8550,0.84498,0.84498,0.00000,0.00000,0
2550000,1.7000,0.8466,0.8534,0.84659,0.84659,0.00000,0.00000,0
2550500,1.7000,0.8458,0.8542,0.84579,0.84579,0.00000,0.00000,0
2551000,1.7000,0.8458,0.8542,0.84579,0.84579,0.00000,0.00000,0
2551500,1.7000,0.8466,0.8534,0.84659,0.84659,0.00000,0.00000,0
2552000,1.7000,0.8482,0.8518,0.84821,0.84821,0.00000,0.00000,0
2552500,1.7000,0.8474,0.8526,0.84740,0.84740,0.00000,0.00000,0
2553000,1.7000,0.8474,0.8526,0.84740,0.84740,0.00000,0.00000,0
2553500,1.7000,0.8474,0.8526,0.84740,0.84740,0.00000,0.00000,0
2554000,1.7000,0.8466,0.8534,0.84659,0.84659,0.00000,0.00000,0
2554500,1.7000,0.8474,0.8526,0.84740,0.84740,0.00000,0.00000,0
2555000,1.7000,0.8482,0.8518,0.84821,0.84821,0.00000,0.00000,0
2555500,1.7000,0.8482,0.8518,0.84821,0.84821,0.00000,0.00000,0
2556000,1.7000,0.8498,0.8502,0.84982,0.84982,0.00000,0.00000,0
2556500,1.7000,0.8490,0.8510,0.84901,0.84901,0.00000,0.00000,0
2557000,1.7000,0.8490,0.8510,0.84901,0.84901,0.00000,0.00000,0
2557500,1.7000,0.8498,0.8502,0.84982,0.84982,0.00000,0.00000,0
2558000,1.7000,0.8498,0.8502,0.84982,0.84982,0.00000,0.00000,0
2558500,1.7000,0.8506,0.8494,0.85062,0.85062,0.00000,0.00000,0
2559000,1.7000,0.8490,0.8510,0.84901,0.84901,0.00000,0.00000,0
2559500,1.7000,0.8498,0.8502,0.84982,0.84982,0.00000,0.00000,0
2560000,1.7000,0.8466,0.8534,0.84659,0.84659,0.00000,0.00000,0
2560500,1.7000,0.8466,0.8534,0.84659,0.84659,0.00000,0.00000,0
2561000,1.7000,0.8450,0.8550,0.84498,0.84498,0.00000,0.00000,0
2561500,1.7000,0.8450,0.8550,0.84498,0.84498,0.00000,0.00000,0
2562000,1.7000,0.8442,0.8558,0.84418,0.84418,0.00000,0.00000,0
2562500,1.7000,0.8426,0.8574,0.84256,0.84256,0.00000,0.00000,0
2563000,1.7000,0.8426,0.8574,0.84256,0.84256,0.00000,0.00000,0
2563500,1.7000,0.8426,0.8574,0.84256,0.84256,0.00000,0.00000,0
2564000,1.7000,0.8426,0.8574,0.84256,0.84256,0.00000,0.00000,0
2564500,1.7000,0.8434,0.8566,0.84337,0.84337,0.00000,0.00000,0
2565000,1.7000,0.8434,0.8566,0.84337,0.84337,0.00000,0.00000,0
2565500,1.7000,0.8426,0.8574,0.84256,0.84256,0.00000,0.00000,0
2566000,1.7000,0.8426,0.8574,0.84256,0.84256,0.00000,0.00000,0
2566500,1.7000,0.8418,0.8582,0.84176,0.84176,0.00000,0.00000,0
2567000,1.7000,0.8426,0.8574,0.84256,0.84256,0.00000,0.00000,0
2567500,1.7000,0.8434,0.8566,0.84337,0.84337,0.00000,0.00000,0
2568000,1.7000,0.8434,0.8566,0.84337,0.84337,0.00000,0.00000,0
2568500,1.7000,0.8418,0.8582,0.84176,0.84176,0.00000,0.00000,0
2569000,1.7000,0.8426,0.8574,0.84256,0.84256,0.00000,0.00000,0
2569500,1.7000,0.8426,0.8574,0.84256,0.84256,0.00000,0.00000,0
2570000,1.7000,0.8458,0.8542,0.84579,0.84579,0.00000,0.00000,0
2570500,1.7000,0.8458,0.8542,0.84579,0.84579,0.00000,0.00000,0
2571000,1.7000,0.8450,0.8550,0.84498,0.84498,0.00000,0.00000,0
2571500,1.7000,0.8458,0.8542,0.84579,0.84579,0.00000,0.00000,0
2572000,1.7000,0.8458,0.8542,0.84579,0.84579,0.00000,0.00000,0
2572500,1.7000,0.8450,0.8550,0.84498,0.84498,0.00000,0.00000,0
2573000,1.7000,0.8458,0.8542,0.84579,0.84579,0.00000,0.00000,0
2573500,1.7000,0.8474,0.8526,0.84740,0.84740,0.00000,0.00000,0
2574000,1.7000,0.8466,0.8534,0.84659,0.84659,0.00000,0.00000,0
2574500,1.7000,0.8466,0.8534,0.84659,0.84659,0.00000,0.00000,0
2575000,1.7000,0.8450,0.8550,0.84498,0.84498,0.00000,0.00000,0
2575500,1.7000,0.8442,0.8558,0.84418,0.84418,0.00000,0.00000,0
2576000,1.7000,0.8442,0.8558,0.84418,0.84418,0.00000,0.00000,0
2576500,1.7000,0.8442,0.8558,0.84418,0.84418,0.00000,0.00000,0
2577000,1.7000,0.8450,0.8550,0.84498,0.84498,0.00000,0.00000,0
2577500,1.7000,0.8450,0.8550,0.84498,0.84498,0.00000,0.00000,0
2578000,1.7000,0.8450,0.8550,0.84498,0.84498,0.00000,0.00000,0
2578500,1.7000,0.8466,0.8534,0.84659,0.84659,0.00000,0.00000,0
2579000,1.7000,0.8474,0.8526,0.84740,0.84740,0.00000,0.00000,0
2579500,1.7000,0.8466,0.8534,0.84659,0.84659,0.00000,0.00000,0
2580000,1.7000,0.8474,0.8526,0.84740,0.84740,0.00000,0.00000,0
2580500,1.7000,0.8482,0.8518,0.84821,0.84821,0.00000,0.00000,0
2581000,1.7000,0.8474,0.8526,0.84740,0.84740,0.00000,0.00000,0
2581500,1.7000,0.8466,0.8534,0.84659,0.84659,0.00000,0.00000,0
2582000,1.7000,0.8450,0.8550,0.84498,0.84498,0.00000,0.00000,0
2582500,1.7000,0.8442,0.8558,0.84418,0.84418,0.00000,0.00000,0
2583000,1.7000,0.8450,0.8550,0.84498,0.84498,0.00000,0.00000,0
2583500,1.7000,0.8434,0.8566,0.84337,0.84337,0.00000,0.00000,0
2584000,1.7000,0.8418,0.8582,0.84176,0.84176,0.00000,0.00000,0
2584500,1.7000,0.8401,0.8599,0.84015,0.84015,0.00000,0.00000,0
2585000,1.7000,0.8385,0.8615,0.83853,0.83853,0.00000,0.00000,0
2585500,1.7000,0.8385,0.8615,0.83853,0.83853,0.00000,0.00000,0
2586000,1.7000,0.8393,0.8607,0.83934,0.83934,0.00000,0.00000,0
2586500,1.7000,0.8401,0.8599,0.84015,0.84015,0.00000,0.00000,0
2587000,1.7000,0.8401,0.8599,0.84015,0.84015,0.00000,0.00000,0
2587500,1.7000,0.8401,0.8599,0.84015,0.84015,0.00000,0.00000,0
2588000,1.7000,0.8385,0.8615,0.83853,0.83853,0.00000,0.00000,0
2588500,1.7000,0.8385,0.8615,0.83853,0.83853,0.00000,0.00000,0
2589000,1.7000,0.8401,0.8599,0.84015,0.84015,0.00000,0.00000,0
2589500,1.7000,0.8410,0.8590,0.84095,0.84095,0.00000,0.00000,0
2590000,1.7000,0.8418,0.8582,0.84176,0.84176,0.00000,0.00000,0
2590500,1.7000,0.8418,0.8582,0.84176,0.84176,0.00000,0.00000,0
2591000,1.7000,0.8410,0.8590,0.84095,0.84095,0.00000,0.00000,0
2591500,1.7000,0.8410,0.8590,0.84095,0.84095,0.00000,0.00000,0
2592000,1.7000,0.8418,0.8582,0.84176,0.84176,0.00000,0.00000,0
2592500,1.7000,0.8426,0.8574,0.84256,0.84256,0.00000,0.00000,0
2593000,1.7000,0.8434,0.8566,0.84337,0.84337,0.00000,0.00000,0
2593500,1.7000,0.8442,0.8558,0.84418,0.84418,0.00000,0.00000,0
2594000,1.7000,0.8442,0.8558,0.84418,0.84418,0.00000,0.00000,0
2594500,1.7000,0.8442,0.8558,0.84418,0.84418,0.00000,0.00000,0
2595000,1.7000,0.8450,0.8550,0.84498,0.84498,0.00000,0.00000,0
2595500,1.7000,0.8474,0.8526,0.84740,0.84740,0.00000,0.00000,0
2596000,1.7000,0.8474,0.8526,0.84740,0.84740,0.00000,0.00000,0
2596500,1.7000,0.8482,0.8518,0.84821,0.84821,0.00000,0.00000,0
2597000,1.7000,0.8482,0.8518,0.84821,0.84821,0.00000,0.00000,0
2597500,1.7000,0.8490,0.8510,0.84901,0.84901,0.00000,0.00000,0
2598000,1.7000,0.8482,0.8518,0.84821,0.84821,0.00000,0.00000,0
2598500,1.7000,0.8490,0.8510,0.84901,0.84901,0.00000,0.00000,0
2599000,1.7000,0.8482,0.8518,0.84821,0.84821,0.00000,0.00000,0
2599500,1.7000,0.8474,0.8526,0.84740,0.84740,0.00000,0.00000,0
2600000,1.7000,0.8466,0.8534,0.84659,0.84659,0.00000,0.00000,0
2600500,1.7000,0.8434,0.8566,0.84337,0.84337,0.00000,0.00000,0
2601000,1.7000,0.8442,0.8558,0.84418,0.84418,0.00000,0.00000,0
2601500,1.7000,0.8442,0.8558,0.84418,0.84418,0.00000,0.00000,0
2602000,1.7000,0.8418,0.8582,0.84176,0.84176,0.00000,0.00000,0
2602500,1.7000,0.8418,0.8582,0.84176,0.84176,0.00000,0.00000,0
2603000,1.7000,0.8418,0.8582,0.84176,0.84176,0.00000,0.00000,0
2603500,1.7000,0.8410,0.8590,0.84095,0.84095,0.00000,0.00000,0
2604000,1.7000,0.8426,0.8574,0.84256,0.84256,0.00000,0.00000,0
2604500,1.7000,0.8434,0.8566,0.84337,0.84337,0.00000,0.00000,0
2605000,1.7000,0.8450,0.8550,0.84498,0.84498,0.00000,0.00000,0
2605500,1.7000,0.8466,0.8534,0.84659,0.84659,0.00000,0.00000,0
2606000,1.7000,0.8466,0.8534,0.84659,0.84659,0.00000,0.00000,0
2606500,1.7000,0.8466,0.8534,0.84659,0.84659,0.00000,0.00000,0
2607000,1.7000,0.8474,0.8526,0.84740,0.84740,0.00000,0.00000,0
2607500,1.7000,0.8458,0.8542,0.84579,0.84579,0.00000,0.00000,0
2608000,1.7000,0.8466,0.8534,0.84659,0.84659,0.00000,0.00000,0
2608500,1.7000,0.8450,0.8550,0.84498,0.84498,0.00000,0.00000,0
2609000,1.7000,0.8434,0.8566,0.84337,0.84337,0.00000,0.00000,0
2609500,1.7000,0.8434,0.8566,0.84337,0.84337,0.00000,0.00000,0
2610000,1.7000,0.8434,0.8566,0.84337,0.84337,0.00000,0.00000,0
2610500,1.7000,0.8426,0.8574,0.84256,0.84256,0.00000,0.00000,0
2611000,1.7000,0.8426,0.8574,0.84256,0.84256,0.00000,0.00000,0
2611500,1.7000,0.8434,0.8566,0.84337,0.84337,0.00000,0.00000,0
2612000,1.7000,0.8442,0.8558,0.84418,0.84418,0.00000,0.00000,0
2612500,1.7000,0.8458,0.8542,0.84579,0.84579,0.00000,0.00000,0
2613000,1.7000,0.8442,0.8558,0.84418,0.84418,0.00000,0.00000,0
2613500,1.7000,0.8458,0.8542,0.84579,0.84579,0.00000,0.00000,0
2614000,1.7000,0.8474,0.8526,0.84740,0.84740,0.00000,0.00000,0
2614500,1.7000,0.8466,0.8534,0.84659,0.84659,0.00000,0.00000,0
2615000,1.7000,0.8458,0.8542,0.84579,0.84579,0.00000,0.00000,0
2615500,1.7000,0.8474,0.8526,0.84740,0.84740,0.00000,0.00000,0
2616000,1.7000,0.8474,0.8526,0.84740,0.84740,0.00000,0.00000,0
2616500,1.7000,0.8458,0.8542,0.84579,0.84579,0.00000,0.00000,0
2617000,1.7000,0.8458,0.8542,0.84579,0.84579,0.00000,0.00000,0
2617500,1.7000,0.8450,0.8550,0.84498,0.84498,0.00000,0.00000,0
2618000,1.7000,0.8450,0.8550,0.84498,0.84498,0.00000,0.00000,0
2618500,1.7000,0.8442,0.8558,0.84418,0.84418,0.00000,0.00000,0
2619000,1.7000,0.8410,0.8590,0.84095,0.84095,0.00000,0.00000,0
2619500,1.7000,0.8418,0.8582,0.84176,0.84176,0.00000,0.00000,0
2620000,1.7000,0.8434,0.8566,0.84337,0.84337,0.00000,0.00000,0
2620500,1.7000,0.8426,0.8574,0.84256,0.84256,0.00000,0.00000,0
2621000,1.7000,0.8410,0.8590,0.84095,0.84095,0.00000,0.00000,0
2621500,1.7000,0.8401,0.8599,0.84015,0.84015,0.00000,0.00000,0
2622000,1.7000,0.8401,0.8599,0.84015,0.84015,0.00000,0.00000,0
2622500,1.7000,0.8418,0.8582,0.84176,0.84176,0.00000,0.00000,0
2623000,1.7000,0.8410,0.8590,0.84095,0.84095,0.00000,0.00000,0
2623500,1.7000,0.8410,0.8590,0.84095,0.84095,0.00000,0.00000,0
2624000,1.7000,0.8434,0.8566,0.84337,0.84337,0.00000,0.00000,0
2624500,1.7000,0.8426,0.8574,0.84256,0.84256,0.00000,0.00000,0
2625000,1.7000,0.8410,0.8590,0.84095,0.84095,0.00000,0.00000,0
2625500,1.7000,0.8401,0.8599,0.84015,0.84015,0.00000,0.00000,0
2626000,1.7000,0.8418,0.8582,0.84176,0.84176,0.00000,0.00000,0
2626500,1.7000,0.8426,0.8574,0.84256,0.84256,0.00000,0.00000,0
2627000,1.7000,0.8442,0.8558,0.84418,0.84418,0.00000,0.00000,0
2627500,1.7000,0.8434,0.8566,0.84337,0.84337,0.00000,0.00000,0
2628000,1.7000,0.8434,0.8566,0.84337,0.84337,0.00000,0.00000,0
2628500,1.7000,0.8442,0.8558,0.84418,0.84418,0.00000,0.00000,0
2629000,1.7000,0.8450,0.8550,0.84498,0.84498,0.00000,0.00000,0
2629500,1.7000,0.8458,0.8542,0.84579,0.84579,0.00000,0.00000,0
2630000,1.7000,0.8442,0.8558,0.84418,0.84418,0.00000,0.00000,0
2630500,1.7000,0.8450,0.8550,0.84498,0.84498,0.00000,0.00000,0
2631000,1.7000,0.8450,0.8550,0.84498,0.84498,0.00000,0.00000,0
2631500,1.7000,0.8442,0.8558,0.84418,0.84418,0.00000,0.00000,0
2632000,1.7000,0.8426,0.8574,0.84256,0.84256,0.00000,0.00000,0
2632500,1.7000,0.8442,0.8558,0.84418,0.84418,0.00000,0.00000,0
2633000,1.7000,0.8442,0.8558,0.84418,0.84418,0.00000,0.00000,0
2633500,1.7000,0.8458,0.8542,0.84579,0.84579,0.00000,0.00000,0
2634000,1.7000,0.8450,0.8550,0.84498,0.84498,0.00000,0.00000,0
2634500,1.7000,0.8442,0.8558,0.84418,0.84418,0.00000,0.00000,0
2635000,1.7000,0.8450,0.8550,0.84498,0.84498,0.00000,0.00000,0
2635500,1.7000,0.8450,0.8550,0.84498,0.84498,0.00000,0.00000,0
2636000,1.7000,0.8442,0.8558,0.84418,0.84418,0.00000,0.00000,0
2636500,1.7000,0.8442,0.8558,0.84418,0.84418,0.00000,0.00000,0
2637000,1.7000,0.8482,0.8518,0.84821,0.84821,0.00000,0.00000,0
2637500,1.7000,0.8466,0.8534,0.84659,0.84659,0.00000,0.00000,0
2638000,1.7000,0.8474,0.8526,0.84740,0.84740,0.00000,0.00000,0
2638500,1.7000,0.8458,0.8542,0.84579,0.84579,0.00000,0.00000,0
2639000,1.7000,0.8458,0.8542,0.84579,0.84579,0.00000,0.00000,0
2639500,1.7000,0.8466,0.8534,0.84659,0.84659,0.00000,0.00000,0
2640000,1.7000,0.8474,0.8526,0.84740,0.84740,0.00000,0.00000,0
2640500,1.7000,0.8458,0.8542,0.84579,0.84579,0.00000,0.00000,0
2641000,1.7000,0.8474,0.8526,0.84740,0.84740,0.00000,0.00000,0
2641500,1.7000,0.8474,0.8526,0.84740,0.84740,0.00000,0.00000,0
2642000,1.7000,0.8434,0.8566,0.84337,0.84337,0.00000,0.00000,0
2642500,1.7000,0.8442,0.8558,0.84418,0.84418,0.00000,0.00000,0
2643000,1.7000,0.8434,0.8566,0.84337,0.84337,0.00000,0.00000,0
2643500,1.7000,0.8450,0.8550,0.84498,0.84498,0.00000,0.00000,0
2644000,1.7000,0.8442,0.8558,0.84418,0.84418,0.00000,0.00000,0
2644500,1.7000,0.8426,0.8574,0.84256,0.84256,0.00000,0.00000,0
2645000,1.7000,0.8426,0.8574,0.84256,0.84256,0.00000,0.00000,0
2645500,1.7000,0.8442,0.8558,0.84418,0.84418,0.00000,0.00000,0
2646000,1.7000,0.8426,0.8574,0.84256,0.84256,0.00000,0.00000,0
2646500,1.7000,0.8410,0.8590,0.84095,0.84095,0.00000,0.00000,0
2647000,1.7000,0.8418,0.8582,0.84176,0.84176,0.00000,0.00000,0
2647500,1.7000,0.8418,0.8582,0.84176,0.84176,0.00000,0.00000,0
2648000,1.7000,0.8410,0.8590,0.84095,0.84095,0.00000,0.00000,0
2648500,1.7000,0.8401,0.8599,0.84015,0.84015,0.00000,0.00000,0
2649000,1.7000,0.8418,0.8582,0.84176,0.84176,0.00000,0.00000,0
2649500,1.7000,0.8426,0.8574,0.84256,0.84256,0.00000,0.00000,0
2650000,1.7000,0.8434,0.8566,0.84337,0.84337,0.00000,0.00000,0
2650500,1.7000,0.8434,0.8566,0.84337,0.84337,0.00000,0.00000,0
2651000,1.7000,0.8426,0.8574,0.84256,0.84256,0.00000,0.00000,0
2651500,1.7000,0.8442,0.8558,0.84418,0.84418,0.00000,0.00000,0
2652000,1.7000,0.8434,0.8566,0.84337,0.84337,0.00000,0.00000,0
2652500,1.7000,0.8426,0.8574,0.84256,0.84256,0.00000,0.00000,0
2653000,1.7000,0.8442,0.8558,0.84418,0.84418,0.00000,0.00000,0
2653500,1.7000,0.8458,0.8542,0.84579,0.84579,0.00000,0.00000,0
2654000,1.7000,0.8450,0.8550,0.84498,0.84498,0.00000,0.00000,0
2654500,1.7000,0.8466,0.8534,0.84659,0.84659,0.00000,0.00000,0
2655000,1.7000,0.8458,0.8542,0.84579,0.84579,0.00000,0.00000,0
2655500,1.7000,0.8458,0.8542,0.84579,0.84579,0.00000,0.00000,0
2656000,1.7000,0.8458,0.8542,0.84579,0.84579,0.00000,0.00000,0
2656500,1.7000,0.8466,0.8534,0.84659,0.84659,0.00000,0.00000,0
2657000,1.7000,0.8466,0.8534,0.84659,0.84659,0.00000,0.00000,0
2657500,1.7000,0.8482,0.8518,0.84821,0.84821,0.00000,0.00000,0
2658000,1.7000,0.8466,0.8534,0.84659,0.84659,0.00000,0.00000,0
2658500,1.7000,0.8450,0.8550,0.84498,0.84498,0.00000,0.00000,0
2659000,1.7000,0.8450,0.8550,0.84498,0.84498,0.00000,0.00000,0
2659500,1.7000,0.8434,0.8566,0.84337,0.84337,0.00000,0.00000,0
2660000,1.7000,0.8450,0.8550,0.84498,0.84498,0.00000,0.00000,0
2660500,1.7000,0.8434,0.8566,0.84337,0.84337,0.00000,0.00000,0
2661000,1.7000,0.8458,0.8542,0.84579,0.84579,0.00000,0.00000,0
2661500,1.7000,0.8442,0.8558,0.84418,0.84418,0.00000,0.00000,0
2662000,1.7000,0.8442,0.8558,0.84418,0.84418,0.00000,0.00000,0
2662500,1.7000,0.8434,0.8566,0.84337,0.84337,0.00000,0.00000,0
2663000,1.7000,0.8450,0.8550,0.84498,0.84498,0.00000,0.00000,0
2663500,1.7000,0.8450,0.8550,0.84498,0.84498,0.00000,0.00000,0
2664000,1.7000,0.8450,0.8550,0.84498,0.84498,0.00000,0.00000,0
2664500,1.7000,0.8458,0.8542,0.84579,0.84579,0.00000,0.00000,0
2665000,1.7000,0.8450,0.8550,0.84498,0.84498,0.00000,0.00000,0
2665500,1.7000,0.8458,0.8542,0.84579,0.84579,0.00000,0.00000,0
2666000,1.7000,0.8450,0.8550,0.84498,0.84498,0.00000,0.00000,0
2666500,1.7000,0.8458,0.8542,0.84579,0.84579,0.00000,0.00000,0
2667000,1.7000,0.8458,0.8542,0.84579,0.84579,0.00000,0.00000,0
2667500,1.7000,0.8466,0.8534,0.84659,0.84659,0.00000,0.00000,0
2668000,1.7000,0.8474,0.8526,0.84740,0.84740,0.00000,0.00000,0
2668500,1.7000,0.8474,0.8526,0.84740,0.84740,0.00000,0.00000,0
2669000,1.7000,0.8482,0.8518,0.84821,0.84821,0.00000,0.00000,0
2669500,1.7000,0.8474,0.8526,0.84740,0.84740,0.00000,0.00000,0
2670000,1.7000,0.8466,0.8534,0.84659,0.84659,0.00000,0.00000,0
2670500,1.7000,0.8458,0.8542,0.84579,0.84579,0.00000,0.00000,0
2671000,1.7000,0.8450,0.8550,0.84498,0.84498,0.00000,0.00000,0
2671500,1.7000,0.8442,0.8558,0.84418,0.84418,0.00000,0.00000,0
2672000,1.7000,0.8434,0.8566,0.84337,0.84337,0.00000,0.00000,0
2672500,1.7000,0.8410,0.8590,0.84095,0.84095,0.00000,0.00000,0
2673000,1.7000,0.8418,0.8582,0.84176,0.84176,0.00000,0.00000,0
2673500,1.7000,0.8401,0.8599,0.84015,0.84015,0.00000,0.00000,0
2674000,1.7000,0.8393,0.8607,0.83934,0.83934,0.00000,0.00000,0
2674500,1.7000,0.8418,0.8582,0.84176,0.84176,0.00000,0.00000,0
2675000,1.7000,0.8418,0.8582,0.84176,0.84176,0.00000,0.00000,0
2675500,1.7000,0.8426,0.8574,0.84256,0.84256,0.00000,0.00000,0
2676000,1.7000,0.8458,0.8542,0.84579,0.84579,0.00000,0.00000,0
2676500,1.7000,0.8466,0.8534,0.84659,0.84659,0.00000,0.00000,0
2677000,1.7000,0.8466,0.8534,0.84659,0.84659,0.00000,0.00000,0
2677500,1.7000,0.8474,0.8526,0.84740,0.84740,0.00000,0.00000,0
2678000,1.7000,0.8466,0.8534,0.84659,0.84659,0.00000,0.00000,0
2678500,1.7000,0.8466,0.8534,0.84659,0.84659,0.00000,0.00000,0
2679000,1.7000,0.8482,0.8518,0.84821,0.84821,0.00000,0.00000,0
2679500,1.7000,0.8450,0.8550,0.84498,0.84498,0.00000,0.00000,0
2680000,1.7000,0.8450,0.8550,0.84498,0.84498,0.00000,0.00000,0
2680500,1.7000,0.8450,0.8550,0.84498,0.84498,0.00000,0.00000,0
2681000,1.7000,0.8434,0.8566,0.84337,0.84337,0.00000,0.00000,0
2681500,1.7000,0.8434,0.8566,0.84337,0.84337,0.00000,0.00000,0
2682000,1.7000,0.8450,0.8550,0.84498,0.84498,0.00000,0.00000,0
2682500,1.7000,0.8442,0.8558,0.84418,0.84418,0.00000,0.00000,0
2683000,1.7000,0.8442,0.8558,0.84418,0.84418,0.00000,0.00000,0
2683500,1.7000,0.8458,0.8542,0.84579,0.84579,0.00000,0.00000,0
2684000,1.7000,0.8458,0.8542,0.84579,0.84579,0.00000,0.00000,0
2684500,1.7000,0.8466,0.8534,0.84659,0.84659,0.00000,0.00000,0
2685000,1.7000,0.8474,0.8526,0.84740,0.84740,0.00000,0.00000,0
2685500,1.7000,0.8474,0.8526,0.84740,0.84740,0.00000,0.00000,0
2686000,1.7000,0.8474,0.8526,0.84740,0.84740,0.00000,0.00000,0
2686500,1.7000,0.8474,0.8526,0.84740,0.84740,0.00000,0.00000,0
2687000,1.7000,0.8466,0.8534,0.84659,0.84659,0.00000,0.00000,0
2687500,1.7000,0.8474,0.8526,0.84740,0.84740,0.00000,0.00000,0
2688000,1.7000,0.8474,0.8526,0.84740,0.84740,0.00000,0.00000,0
2688500,1.7000,0.8458,0.8542,0.84579,0.84579,0.00000,0.00000,0
2689000,1.7000,0.8466,0.8534,0.84659,0.84659,0.00000,0.00000,0
2689500,1.7000,0.8442,0.8558,0.84418,0.84418,0.00000,0.00000,0
2690000,1.7000,0.8442,0.8558,0.84418,0.84418,0.00000,0.00000,0
2690500,1.7000,0.8442,0.8558,0.84418,0.84418,0.00000,0.00000,0
2691000,1.7000,0.8442,0.8558,0.84418,0.84418,0.00000,0.00000,0
2691500,1.7000,0.8434,0.8566,0.84337,0.84337,0.00000,0.00000,0
2692000,1.7000,0.8426,0.8574,0.84256,0.84256,0.00000,0.00000,0
2692500,1.7000,0.8418,0.8582,0.84176,0.84176,0.00000,0.00000,0
2693000,1.7000,0.8410,0.8590,0.84095,0.84095,0.00000,0.00000,0
2693500,1.7000,0.8418,0.8582,0.84176,0.84176,0.00000,0.00000,0
2694000,1.7000,0.8401,0.8599,0.84015,0.84015,0.00000,0.00000,0
2694500,1.7000,0.8426,0.8574,0.84256,0.84256,0.00000,0.00000,0
2695000,1.7000,0.8418,0.8582,0.84176,0.84176,0.00000,0.00000,0
2695500,1.7000,0.8418,0.8582,0.84176,0.84176,0.00000,0.00000,0
2696000,1.7000,0.8410,0.8590,0.84095,0.84095,0.00000,0.00000,0
2696500,1.7000,0.8418,0.8582,0.84176,0.84176,0.00000,0.00000,0
2697000,1.7000,0.8410,0.8590,0.84095,0.84095,0.00000,0.00000,0
2697500,1.7000,0.8418,0.8582,0.84176,0.84176,0.00000,0.00000,0
2698000,1.7000,0.8458,0.8542,0.84579,0.84579,0.00000,0.00000,0
2698500,1.7000,0.8458,0.8542,0.84579,0.84579,0.00000,0.00000,0
2699000,1.7000,0.8482,0.8518,0.84821,0.84821,0.00000,0.00000,0
2699500,1.7000,0.8458,0.8542,0.84579,0.84579,0.00000,0.00000,0
2700000,1.7000,0.8466,0.8534,0.84659,0.84659,0.00000,0.00000,0
2700500,1.7000,0.8474,0.8526,0.84740,0.84740,0.00000,0.00000,0
2701000,1.7000,0.8482,0.8518,0.84821,0.84821,0.00000,0.00000,0
2701500,1.7000,0.8482,0.8518,0.84821,0.84821,0.00000,0.00000,0
2702000,1.7000,0.8514,0.8486,0.85143,0.85143,0.00000,0.00000,0
2702500,1.7000,0.8458,0.8542,0.84579,0.84579,0.00000,0.00000,0
2703000,1.7000,0.8426,0.8574,0.84256,0.84256,0.00000,0.00000,0
2703500,1.7000,0.8418,0.8582,0.84176,0.84176,0.00000,0.00000,0
2704000,1.7000,0.8410,0.8590,0.84095,0.84095,0.00000,0.00000,0
2704500,1.7000,0.8426,0.8574,0.84256,0.84256,0.00000,0.00000,0
2705000,1.7000,0.8410,0.8590,0.84095,0.84095,0.00000,0.00000,0
2705500,1.7000,0.8393,0.8607,0.83934,0.83934,0.00000,0.00000,0
2706000,1.7000,0.8385,0.8615,0.83853,0.83853,0.00000,0.00000,0
2706500,1.7000,0.8393,0.8607,0.83934,0.83934,0.00000,0.00000,0
2707000,1.7000,0.8377,0.8623,0.83773,0.83773,0.00000,0.00000,0
2707500,1.7000,0.8418,0.8582,0.84176,0.84176,0.00000,0.00000,0
2708000,1.7000,0.8385,0.8615,0.83853,0.83853,0.00000,0.00000,0
2708500,1.7000,0.8393,0.8607,0.83934,0.83934,0.00000,0.00000,0
2709000,1.7000,0.8401,0.8599,0.84015,0.84015,0.00000,0.00000,0
2709500,1.7000,0.8393,0.8607,0.83934,0.83934,0.00000,0.00000,0
2710000,1.7000,0.8401,0.8599,0.84015,0.84015,0.00000,0.00000,0
2710500,1.7000,0.8385,0.8615,0.83853,0.83853,0.00000,0.00000,0
2711000,1.7000,0.8393,0.8607,0.83934,0.83934,0.00000,0.00000,0
2711500,1.7000,0.8377,0.8623,0.83773,0.83773,0.00000,0.00000,0
2712000,1.7000,0.8385,0.8615,0.83853,0.83853,0.00000,0.00000,0
2712500,1.7000,0.8401,0.8599,0.84015,0.84015,0.00000,0.00000,0
2713000,1.7000,0.8442,0.8558,0.84418,0.84418,0.00000,0.00000,0
2713500,1.7000,0.8434,0.8566,0.84337,0.84337,0.00000,0.00000,0
2714000,1.7000,0.8442,0.8558,0.84418,0.84418,0.00000,0.00000,0
2714500,1.7000,0.8442,0.8558,0.84418,0.84418,0.00000,0.00000,0
2715000,1.7000,0.8450,0.8550,0.84498,0.84498,0.00000,0.00000,0
2715500,1.7000,0.8458,0.8542,0.84579,0.84579,0.00000,0.00000,0
2716000,1.7000,0.8466,0.8534,0.84659,0.84659,0.00000,0.00000,0
2716500,1.7000,0.8466,0.8534,0.84659,0.84659,0.00000,0.00000,0
2717000,1.7000,0.8466,0.8534,0.84659,0.84659,0.00000,0.00000,0
2717500,1.7000,0.8466,0.8534,0.84659,0.84659,0.00000,0.00000,0
2718000,1.7000,0.8450,0.8550,0.84498,0.84498,0.00000,0.00000,0
2718500,1.7000,0.8450,0.8550,0.84498,0.84498,0.00000,0.00000,0
2719000,1.7000,0.8458,0.8542,0.84579,0.84579,0.00000,0.00000,0
2719500,1.7000,0.8458,0.8542,0.84579,0.84579,0.00000,0.00000,0
2720000,1.7000,0.8458,0.8542,0.84579,0.84579,0.00000,0.00000,0
2720500,1.7000,0.8482,0.8518,0.84821,0.84821,0.00000,0.00000,0
2721000,1.7000,0.8474,0.8526,0.84740,0.84740,0.00000,0.00000,0
2721500,1.7000,0.8474,0.8526,0.84740,0.84740,0.00000,0.00000,0
2722000,1.7000,0.8442,0.8558,0.84418,0.84418,0.00000,0.00000,0
2722500,1.7000,0.8434,0.8566,0.84337,0.84337,0.00000,0.00000,0
2723000,1.7000,0.8442,0.8558,0.84418,0.84418,0.00000,0.00000,0
2723500,1.7000,0.8426,0.8574,0.84256,0.84256,0.00000,0.00000,0
2724000,1.7000,0.8410,0.8590,0.84095,0.84095,0.00000,0.00000,0
2724500,1.7000,0.8401,0.8599,0.84015,0.84015,0.00000,0.00000,0
2725000,1.7000,0.8401,0.8599,0.84015,0.84015,0.00000,0.00000,0
2725500,1.7000,0.8401,0.8599,0.84015,0.84015,0.00000,0.00000,0
2726000,1.7000,0.8393,0.8607,0.83934,0.83934,0.00000,0.00000,0
2726500,1.7000,0.8377,0.8623,0.83773,0.83773,0.00000,0.00000,0
2727000,1.7000,0.8393,0.8607,0.83934,0.83934,0.00000,0.00000,0
2727500,1.7000,0.8401,0.8599,0.84015,0.84015,0.00000,0.00000,0
2728000,1.7000,0.8393,0.8607,0.83934,0.83934,0.00000,0.00000,0
2728500,1.7000,0.8410,0.8590,0.84095,0.84095,0.00000,0.00000,0
2729000,1.7000,0.8426,0.8574,0.84256,0.84256,0.00000,0.00000,0
2729500,1.7000,0.8434,0.8566,0.84337,0.84337,0.00000,0.00000,0
2730000,1.7000,0.8426,0.8574,0.84256,0.84256,0.00000,0.00000,0
2730500,1.7000,0.8418,0.8582,0.84176,0.84176,0.00000,0.00000,0
2731000,1.7000,0.8418,0.8582,0.84176,0.84176,0.00000,0.00000,0
2731500,1.7000,0.8450,0.8550,0.84498,0.84498,0.00000,0.00000,0
2732000,1.7000,0.8450,0.8550,0.84498,0.84498,0.00000,0.00000,0
2732500,1.7000,0.8458,0.8542,0.84579,0.84579,0.00000,0.00000,0
2733000,1.7000,0.8450,0.8550,0.84498,0.84498,0.00000,0.00000,0
2733500,1.7000,0.8450,0.8550,0.84498,0.84498,0.00000,0.00000,0
2734000,1.7000,0.8442,0.8558,0.84418,0.84418,0.00000,0.00000,0
2734500,1.7000,0.8442,0.8558,0.84418,0.84418,0.00000,0.00000,0
2735000,1.7000,0.8450,0.8550,0.84498,0.84498,0.00000,0.00000,0
2735500,1.7000,0.8442,0.8558,0.84418,0.84418,0.00000,0.00000,0
2736000,1.7000,0.8426,0.8574,0.84256,0.84256,0.00000,0.00000,0
2736500,1.7000,0.8426,0.8574,0.84256,0.84256,0.00000,0.00000,0
2737000,1.7000,0.8474,0.8526,0.84740,0.84740,0.00000,0.00000,0
2737500,1.7000,0.8474,0.8526,0.84740,0.84740,0.00000,0.00000,0
2738000,1.7000,0.8466,0.8534,0.84659,0.84659,0.00000,0.00000,0
2738500,1.7000,0.8466,0.8534,0.84659,0.84659,0.00000,0.00000,0
2739000,1.7000,0.8466,0.8534,0.84659,0.84659,0.00000,0.00000,0
2739500,1.7000,0.8442,0.8558,0.84418,0.84418,0.00000,0.00000,0
2740000,1.7000,0.8434,0.8566,0.84337,0.84337,0.00000,0.00000,0
2740500,1.7000,0.8442,0.8558,0.84418,0.84418,0.00000,0.00000,0
2741000,1.7000,0.8442,0.8558,0.84418,0.84418,0.00000,0.00000,0
2741500,1.7000,0.8434,0.8566,0.84337,0.84337,0.00000,0.00000,0
2742000,1.7000,0.8369,0.8631,0.83692,0.83692,0.00000,0.00000,0
2742500,1.7000,0.8361,0.8639,0.83612,0.83612,0.00000,0.00000,0
2743000,1.7000,0.8369,0.8631,0.83692,0.83692,0.00000,0.00000,0
2743500,1.7000,0.8369,0.8631,0.83692,0.83692,0.00000,0.00000,0
2744000,1.7000,0.8361,0.8639,0.83612,0.83612,0.00000,0.00000,0
2744500,1.7000,0.8385,0.8615,0.83853,0.83853,0.00000,0.00000,0
2745000,1.7000,0.8385,0.8615,0.83853,0.83853,0.00000,0.00000,0
2745500,1.7000,0.8385,0.8615,0.83853,0.83853,0.00000,0.00000,0
2746000,1.7000,0.8401,0.8599,0.84015,0.84015,0.00000,0.00000,0
2746500,1.7000,0.8418,0.8582,0.84176,0.84176,0.00000,0.00000,0
2747000,1.7000,0.8442,0.8558,0.84418,0.84418,0.00000,0.00000,0
2747500,1.7000,0.8450,0.8550,0.84498,0.84498,0.00000,0.00000,0
2748000,1.7000,0.8458,0.8542,0.84579,0.84579,0.00000,0.00000,0
2748500,1.7000,0.8458,0.8542,0.84579,0.84579,0.00000,0.00000,0
2749000,1.7000,0.8466,0.8534,0.84659,0.84659,0.00000,0.00000,0
2749500,1.7000,0.8466,0.8534,0.84659,0.84659,0.00000,0.00000,0
2750000,1.7000,0.8474,0.8526,0.84740,0.84740,0.00000,0.00000,0
2750500,1.7000,0.8474,0.8526,0.84740,0.84740,0.00000,0.00000,0
2751000,1.7000,0.8450,0.8550,0.84498,0.84498,0.00000,0.00000,0
2751500,1.7000,0.8458,0.8542,0.84579,0.84579,0.00000,0.00000,0
2752000,1.7000,0.8458,0.8542,0.84579,0.84579,0.00000,0.00000,0
2752500,1.7000,0.8458,0.8542,0.84579,0.84579,0.00000,0.00000,0
2753000,1.7000,0.8458,0.8542,0.84579,0.84579,0.00000,0.00000,0
2753500,1.7000,0.8458,0.8542,0.84579,0.84579,0.00000,0.00000,0
2754000,1.7000,0.8466,0.8534,0.84659,0.84659,0.00000,0.00000,0
2754500,1.7000,0.8474,0.8526,0.84740,0.84740,0.00000,0.00000,0
2755000,1.7000,0.8474,0.8526,0.84740,0.84740,0.00000,0.00000,0
2755500,1.7000,0.8466,0.8534,0.84659,0.84659,0.00000,0.00000,0
2756000,1.7000,0.8474,0.8526,0.84740,0.84740,0.00000,0.00000,0
2756500,1.7000,0.8466,0.8534,0.84659,0.84659,0.00000,0.00000,0
2757000,1.7000,0.8458,0.8542,0.84579,0.84579,0.00000,0.00000,0
2757500,1.7000,0.8466,0.8534,0.84659,0.84659,0.00000,0.00000,0
2758000,1.7000,0.8450,0.8550,0.84498,0.84498,0.00000,0.00000,0
2758500,1.7000,0.8450,0.8550,0.84498,0.84498,0.00000,0.00000,0
2759000,1.7000,0.8450,0.8550,0.84498,0.84498,0.00000,0.00000,0
2759500,1.7000,0.8426,0.8574,0.84256,0.84256,0.00000,0.00000,0
2760000,1.7000,0.8426,0.8574,0.84256,0.84256,0.00000,0.00000,0
2760500,1.7000,0.8434,0.8566,0.84337,0.84337,0.00000,0.00000,0
2761000,1.7000,0.8434,0.8566,0.84337,0.84337,0.00000,0.00000,0
2761500,1.7000,0.8426,0.8574,0.84256,0.84256,0.00000,0.00000,0
2762000,1.7000,0.8434,0.8566,0.84337,0.84337,0.00000,0.00000,0
2762500,1.7000,0.8426,0.8574,0.84256,0.84256,0.00000,0.00000,0
2763000,1.7000,0.8426,0.8574,0.84256,0.84256,0.00000,0.00000,0
2763500,1.7000,0.8410,0.8590,0.84095,0.84095,0.00000,0.00000,0
2764000,1.7000,0.8410,0.8590,0.84095,0.84095,0.00000,0.00000,0
2764500,1.7000,0.8426,0.8574,0.84256,0.84256,0.00000,0.00000,0
2765000,1.7000,0.8426,0.8574,0.84256,0.84256,0.00000,0.00000,0
2765500,1.7000,0.8426,0.8574,0.84256,0.84256,0.00000,0.00000,0
2766000,1.7000,0.8418,0.8582,0.84176,0.84176,0.00000,0.00000,0
2766500,1.7000,0.8410,0.8590,0.84095,0.84095,0.00000,0.00000,0
2767000,1.7000,0.8418,0.8582,0.84176,0.84176,0.00000,0.00000,0
2767500,1.7000,0.8426,0.8574,0.84256,0.84256,0.00000,0.00000,0
2768000,1.7000,0.8418,0.8582,0.84176,0.84176,0.00000,0.00000,0
2768500,1.7000,0.8450,0.8550,0.84498,0.84498,0.00000,0.00000,0
2769000,1.7000,0.8450,0.8550,0.84498,0.84498,0.00000,0.00000,0
2769500,1.7000,0.8450,0.8550,0.84498,0.84498,0.00000,0.00000,0
2770000,1.7000,0.8450,0.8550,0.84498,0.84498,0.00000,0.00000,0
2770500,1.7000,0.8442,0.8558,0.84418,0.84418,0.00000,0.00000,0
2771000,1.7000,0.8450,0.8550,0.84498,0.84498,0.00000,0.00000,0
2771500,1.7000,0.8466,0.8534,0.84659,0.84659,0.00000,0.00000,0
2772000,1.7000,0.8458,0.8542,0.84579,0.84579,0.00000,0.00000,0
2772500,1.7000,0.8458,0.8542,0.84579,0.84579,0.00000,0.00000,0
2773000,1.7000,0.8466,0.8534,0.84659,0.84659,0.00000,0.00000,0
2773500,1.7000,0.8434,0.8566,0.84337,0.84337,0.00000,0.00000,0
2774000,1.7000,0.8442,0.8558,0.84418,0.84418,0.00000,0.00000,0
2774500,1.7000,0.8442,0.8558,0.84418,0.84418,0.00000,0.00000,0
2775000,1.7000,0.8442,0.8558,0.84418,0.84418,0.00000,0.00000,0
2775500,1.7000,0.8458,0.8542,0.84579,0.84579,0.00000,0.00000,0
2776000,1.7000,0.8450,0.8550,0.84498,0.84498,0.00000,0.00000,0
2776500,1.7000,0.8442,0.8558,0.84418,0.84418,0.00000,0.00000,0
2777000,1.7000,0.8450,0.8550,0.84498,0.84498,0.00000,0.00000,0
2777500,1.7000,0.8434,0.8566,0.84337,0.84337,0.00000,0.00000,0
2778000,1.7000,0.8442,0.8558,0.84418,0.84418,0.00000,0.00000,0
2778500,1.7000,0.8458,0.8542,0.84579,0.84579,0.00000,0.00000,0
2779000,1.7000,0.8450,0.8550,0.84498,0.84498,0.00000,0.00000,0
2779500,1.7000,0.8474,0.8526,0.84740,0.84740,0.00000,0.00000,0
2780000,1.7000,0.8466,0.8534,0.84659,0.84659,0.00000,0.00000,0
2780500,1.7000,0.8482,0.8518,0.84821,0.84821,0.00000,0.00000,0
2781000,1.7000,0.8482,0.8518,0.84821,0.84821,0.00000,0.00000,0
2781500,1.7000,0.8490,0.8510,0.84901,0.84901,0.00000,0.00000,0
2782000,1.7000,0.8482,0.8518,0.84821,0.84821,0.00000,0.00000,0
2782500,1.7000,0.8506,0.8494,0.85062,0.85062,0.00000,0.00000,0
2783000,1.7000,0.8490,0.8510,0.84901,0.84901,0.00000,0.00000,0
2783500,1.7000,0.8482,0.8518,0.84821,0.84821,0.00000,0.00000,0
2784000,1.7000,0.8490,0.8510,0.84901,0.84901,0.00000,0.00000,0
2784500,1.7000,0.8466,0.8534,0.84659,0.84659,0.00000,0.00000,0
2785000,1.7000,0.8466,0.8534,0.84659,0.84659,0.00000,0.00000,0
2785500,1.7000,0.8450,0.8550,0.84498,0.84498,0.00000,0.00000,0
2786000,1.7000,0.8466,0.8534,0.84659,0.84659,0.00000,0.00000,0
2786500,1.7000,0.8466,0.8534,0.84659,0.84659,0.00000,0.00000,0
2787000,1.7000,0.8466,0.8534,0.84659,0.84659,0.00000,0.00000,0
2787500,1.7000,0.8458,0.8542,0.84579,0.84579,0.00000,0.00000,0
2788000,1.7000,0.8474,0.8526,0.84740,0.84740,0.00000,0.00000,0
2788500,1.7000,0.8466,0.8534,0.84659,0.84659,0.00000,0.00000,0
2789000,1.7000,0.8458,0.8542,0.84579,0.84579,0.00000,0.00000,0
2789500,1.7000,0.8450,0.8550,0.84498,0.84498,0.00000,0.00000,0
2790000,1.7000,0.8458,0.8542,0.84579,0.84579,0.00000,0.00000,0
2790500,1.7000,0.8450,0.8550,0.84498,0.84498,0.00000,0.00000,0
2791000,1.7000,0.8442,0.8558,0.84418,0.84418,0.00000,0.00000,0
2791500,1.7000,0.8442,0.8558,0.84418,0.84418,0.00000,0.00000,0
2792000,1.7000,0.8442,0.8558,0.84418,0.84418,0.00000,0.00000,0
2792500,1.7000,0.8442,0.8558,0.84418,0.84418,0.00000,0.00000,0
2793000,1.7000,0.8426,0.8574,0.84256,0.84256,0.00000,0.00000,0
2793500,1.7000,0.8426,0.8574,0.84256,0.84256,0.00000,0.00000,0
2794000,1.7000,0.8434,0.8566,0.84337,0.84337,0.00000,0.00000,0
2794500,1.7000,0.8434,0.8566,0.84337,0.84337,0.00000,0.00000,0
2795000,1.7000,0.8434,0.8566,0.84337,0.84337,0.00000,0.00000,0
2795500,1.7000,0.8442,0.8558,0.84418,0.84418,0.00000,0.00000,0
2796000,1.7000,0.8434,0.8566,0.84337,0.84337,0.00000,0.00000,0
2796500,1.7000,0.8434,0.8566,0.84337,0.84337,0.00000,0.00000,0
2797000,1.7000,0.8434,0.8566,0.84337,0.84337,0.00000,0.00000,0
2797500,1.7000,0.8434,0.8566,0.84337,0.84337,0.00000,0.00000,0
2798000,1.7000,0.8450,0.8550,0.84498,0.84498,0.00000,0.00000,0
2798500,1.7000,0.8450,0.8550,0.84498,0.84498,0.00000,0.00000,0
2799000,1.7000,0.8458,0.8542,0.84579,0.84579,0.00000,0.00000,0
2799500,1.7000,0.8458,0.8542,0.84579,0.84579,0.00000,0.00000,0
2800000,1.7000,0.8458,0.8542,0.84579,0.84579,0.00000,0.00000,0
2800500,1.7000,0.8458,0.8542,0.84579,0.84579,0.00000,0.00000,0
2801000,1.7000,0.8466,0.8534,0.84659,0.84659,0.00000,0.00000,0
2801500,1.7000,0.8466,0.8534,0.84659,0.84659,0.00000,0.00000,0
2802000,1.7000,0.8450,0.8550,0.84498,0.84498,0.00000,0.00000,0
2802500,1.7000,0.8466,0.8534,0.84659,0.84659,0.00000,0.00000,0
2803000,1.7000,0.8450,0.8550,0.84498,0.84498,0.00000,0.00000,0
2803500,1.7000,0.8450,0.8550,0.84498,0.84498,0.00000,0.00000,0
2804000,1.7000,0.8450,0.8550,0.84498,0.84498,0.00000,0.00000,0
2804500,1.7000,0.8442,0.8558,0.84418,0.84418,0.00000,0.00000,0
2805000,1.7000,0.8458,0.8542,0.84579,0.84579,0.00000,0.00000,0
2805500,1.7000,0.8442,0.8558,0.84418,0.84418,0.00000,0.00000,0
2806000,1.7000,0.8434,0.8566,0.84337,0.84337,0.00000,0.00000,0
2806500,1.7000,0.8434,0.8566,0.84337,0.84337,0.00000,0.00000,0
2807000,1.7000,0.8442,0.8558,0.84418,0.84418,0.00000,0.00000,0
2807500,1.7000,0.8442,0.8558,0.84418,0.84418,0.00000,0.00000,0
2808000,1.7000,0.8442,0.8558,0.84418,0.84418,0.00000,0.00000,0
2808500,1.7000,0.8442,0.8558,0.84418,0.84418,0.00000,0.00000,0
2809000,1.7000,0.8450,0.8550,0.84498,0.84498,0.00000,0.00000,0
2809500,1.7000,0.8450,0.8550,0.84498,0.84498,0.00000,0.00000,0
2810000,1.7000,0.8474,0.8526,0.84740,0.84740,0.00000,0.00000,0
2810500,1.7000,0.8482,0.8518,0.84821,0.84821,0.00000,0.00000,0
2811000,1.7000,0.8482,0.8518,0.84821,0.84821,0.00000,0.00000,0
2811500,1.7000,0.8474,0.8526,0.84740,0.84740,0.00000,0.00000,0
2812000,1.7000,0.8474,0.8526,0.84740,0.84740,0.00000,0.00000,0
2812500,1.7000,0.8450,0.8550,0.84498,0.84498,0.00000,0.00000,0
2813000,1.7000,0.8450,0.8550,0.84498,0.84498,0.00000,0.00000,0
2813500,1.7000,0.8442,0.8558,0.84418,0.84418,0.00000,0.00000,0
2814000,1.7000,0.8434,0.8566,0.84337,0.84337,0.00000,0.00000,0
2814500,1.7000,0.8426,0.8574,0.84256,0.84256,0.00000,0.00000,0
2815000,1.7000,0.8393,0.8607,0.83934,0.83934,0.00000,0.00000,0
2815500,1.7000,0.8401,0.8599,0.84015,0.84015,0.00000,0.00000,0
2816000,1.7000,0.8401,0.8599,0.84015,0.84015,0.00000,0.00000,0
2816500,1.7000,0.8401,0.8599,0.84015,0.84015,0.00000,0.00000,0
2817000,1.7000,0.8410,0.8590,0.84095,0.84095,0.00000,0.00000,0
2817500,1.7000,0.8434,0.8566,0.84337,0.84337,0.00000,0.00000,0
2818000,1.7000,0.8442,0.8558,0.84418,0.84418,0.00000,0.00000,0
2818500,1.7000,0.8442,0.8558,0.84418,0.84418,0.00000,0.00000,0
2819000,1.7000,0.8458,0.8542,0.84579,0.84579,0.00000,0.00000,0
2819500,1.7000,0.8458,0.8542,0.84579,0.84579,0.00000,0.00000,0
2820000,1.7000,0.8458,0.8542,0.84579,0.84579,0.00000,0.00000,0
2820500,1.7000,0.8450,0.8550,0.84498,0.84498,0.00000,0.00000,0
2821000,1.7000,0.8458,0.8542,0.84579,0.84579,0.00000,0.00000,0
2821500,1.7000,0.8466,0.8534,0.84659,0.84659,0.00000,0.00000,0
2822000,1.7000,0.8458,0.8542,0.84579,0.84579,0.00000,0.00000,0
2822500,1.7000,0.8450,0.8550,0.84498,0.84498,0.00000,0.00000,0
2823000,1.7000,0.8426,0.8574,0.84256,0.84256,0.00000,0.00000,0
2823500,1.7000,0.8418,0.8582,0.84176,0.84176,0.00000,0.00000,0
2824000,1.7000,0.8418,0.8582,0.84176,0.84176,0.00000,0.00000,0
2824500,1.7000,0.8410,0.8590,0.84095,0.84095,0.00000,0.00000,0
2825000,1.7000,0.8385,0.8615,0.83853,0.83853,0.00000,0.00000,0
2825500,1.7000,0.8401,0.8599,0.84015,0.84015,0.00000,0.00000,0
2826000,1.7000,0.8401,0.8599,0.84015,0.84015,0.00000,0.00000,0
2826500,1.7000,0.8401,0.8599,0.84015,0.84015,0.00000,0.00000,0
2827000,1.7000,0.8401,0.8599,0.84015,0.84015,0.00000,0.00000,0
2827500,1.7000,0.8401,0.8599,0.84015,0.84015,0.00000,0.00000,0
2828000,1.7000,0.8426,0.8574,0.84256,0.84256,0.00000,0.00000,0
2828500,1.7000,0.8434,0.8566,0.84337,0.84337,0.00000,0.00000,0
2829000,1.7000,0.8434,0.8566,0.84337,0.84337,0.00000,0.00000,0
2829500,1.7000,0.8434,0.8566,0.84337,0.84337,0.00000,0.00000,0
2830000,1.7000,0.8466,0.8534,0.84659,0.84659,0.00000,0.00000,0
2830500,1.7000,0.8458,0.8542,0.84579,0.84579,0.00000,0.00000,0
2831000,1.7000,0.8450,0.8550,0.84498,0.84498,0.00000,0.00000,0
2831500,1.7000,0.8450,0.8550,0.84498,0.84498,0.00000,0.00000,0
2832000,1.7000,0.8466,0.8534,0.84659,0.84659,0.00000,0.00000,0
2832500,1.7000,0.8466,0.8534,0.84659,0.84659,0.00000,0.00000,0
2833000,1.7000,0.8474,0.8526,0.84740,0.84740,0.00000,0.00000,0
2833500,1.7000,0.8458,0.8542,0.84579,0.84579,0.00000,0.00000,0
2834000,1.7000,0.8474,0.8526,0.84740,0.84740,0.00000,0.00000,0
2834500,1.7000,0.8474,0.8526,0.84740,0.84740,0.00000,0.00000,0
2835000,1.7000,0.8458,0.8542,0.84579,0.84579,0.00000,0.00000,0
2835500,1.7000,0.8450,0.8550,0.84498,0.84498,0.00000,0.00000,0
2836000,1.7000,0.8442,0.8558,0.84418,0.84418,0.00000,0.00000,0
2836500,1.7000,0.8442,0.8558,0.84418,0.84418,0.00000,0.00000,0
2837000,1.7000,0.8410,0.8590,0.84095,0.84095,0.00000,0.00000,0
2837500,1.7000,0.8410,0.8590,0.84095,0.84095,0.00000,0.00000,0
2838000,1.7000,0.8410,0.8590,0.84095,0.84095,0.00000,0.00000,0
2838500,1.7000,0.8410,0.8590,0.84095,0.84095,0.00000,0.00000,0
2839000,1.7000,0.8377,0.8623,0.83773,0.83773,0.00000,0.00000,0
2839500,1.7000,0.8385,0.8615,0.83853,0.83853,0.00000,0.00000,0
2840000,1.7000,0.8385,0.8615,0.83853,0.83853,0.00000,0.00000,0
2840500,1.7000,0.8401,0.8599,0.84015,0.84015,0.00000,0.00000,0
2841000,1.7000,0.8410,0.8590,0.84095,0.84095,0.00000,0.00000,0
2841500,1.7000,0.8418,0.8582,0.84176,0.84176,0.00000,0.00000,0
2842000,1.7000,0.8442,0.8558,0.84418,0.84418,0.00000,0.00000,0
2842500,1.7000,0.8442,0.8558,0.84418,0.84418,0.00000,0.00000,0
2843000,1.7000,0.8434,0.8566,0.84337,0.84337,0.00000,0.00000,0
2843500,1.7000,0.8442,0.8558,0.84418,0.84418,0.00000,0.00000,0
2844000,1.7000,0.8434,0.8566,0.84337,0.84337,0.00000,0.00000,0
2844500,1.7000,0.8450,0.8550,0.84498,0.84498,0.00000,0.00000,0
2845000,1.7000,0.8442,0.8558,0.84418,0.84418,0.00000,0.00000,0
2845500,1.7000,0.8442,0.8558,0.84418,0.84418,0.00000,0.00000,0
2846000,1.7000,0.8434,0.8566,0.84337,0.84337,0.00000,0.00000,0
2846500,1.7000,0.8434,0.8566,0.84337,0.84337,0.00000,0.00000,0
2847000,1.7000,0.8426,0.8574,0.84256,0.84256,0.00000,0.00000,0
2847500,1.7000,0.8434,0.8566,0.84337,0.84337,0.00000,0.00000,0
2848000,1.7000,0.8434,0.8566,0.84337,0.84337,0.00000,0.00000,0
2848500,1.7000,0.8426,0.8574,0.84256,0.84256,0.00000,0.00000,0
2849000,1.7000,0.8458,0.8542,0.84579,0.84579,0.00000,0.00000,0
2849500,1.7000,0.8434,0.8566,0.84337,0.84337,0.00000,0.00000,0
2850000,1.7000,0.8418,0.8582,0.84176,0.84176,0.00000,0.00000,0
2850500,1.7000,0.8434,0.8566,0.84337,0.84337,0.00000,0.00000,0
2851000,1.7000,0.8426,0.8574,0.84256,0.84256,0.00000,0.00000,0
2851500,1.7000,0.8426,0.8574,0.84256,0.84256,0.00000,0.00000,0
2852000,1.7000,0.8426,0.8574,0.84256,0.84256,0.00000,0.00000,0
2852500,1.7000,0.8410,0.8590,0.84095,0.84095,0.00000,0.00000,0
2853000,1.7000,0.8418,0.8582,0.84176,0.84176,0.00000,0.00000,0
2853500,1.7000,0.8410,0.8590,0.84095,0.84095,0.00000,0.00000,0
2854000,1.7000,0.8401,0.8599,0.84015,0.84015,0.00000,0.00000,0
2854500,1.7000,0.8418,0.8582,0.84176,0.84176,0.00000,0.00000,0
2855000,1.7000,0.8434,0.8566,0.84337,0.84337,0.00000,0.00000,0
2855500,1.7000,0.8418,0.8582,0.84176,0.84176,0.00000,0.00000,0
2856000,1.7000,0.8442,0.8558,0.84418,0.84418,0.00000,0.00000,0
2856500,1.7000,0.8434,0.8566,0.84337,0.84337,0.00000,0.00000,0
2857000,1.7000,0.8434,0.8566,0.84337,0.84337,0.00000,0.00000,0
2857500,1.7000,0.8442,0.8558,0.84418,0.84418,0.00000,0.00000,0
2858000,1.7000,0.8442,0.8558,0.84418,0.84418,0.00000,0.00000,0
2858500,1.7000,0.8450,0.8550,0.84498,0.84498,0.00000,0.00000,0
2859000,1.7000,0.8442,0.8558,0.84418,0.84418,0.00000,0.00000,0
2859500,1.7000,0.8426,0.8574,0.84256,0.84256,0.00000,0.00000,0
2860000,1.7000,0.8401,0.8599,0.84015,0.84015,0.00000,0.00000,0
2860500,1.7000,0.8401,0.8599,0.84015,0.84015,0.00000,0.00000,0
2861000,1.7000,0.8393,0.8607,0.83934,0.83934,0.00000,0.00000,0
2861500,1.7000,0.8401,0.8599,0.84015,0.84015,0.00000,0.00000,0
2862000,1.7000,0.8393,0.8607,0.83934,0.83934,0.00000,0.00000,0
2862500,1.7000,0.8401,0.8599,0.84015,0.84015,0.00000,0.00000,0
2863000,1.7000,0.8393,0.8607,0.83934,0.83934,0.00000,0.00000,0
2863500,1.7000,0.8401,0.8599,0.84015,0.84015,0.00000,0.00000,0
2864000,1.7000,0.8401,0.8599,0.84015,0.84015,0.00000,0.00000,0
2864500,1.7000,0.8410,0.8590,0.84095,0.84095,0.00000,0.00000,0
2865000,1.7000,0.8426,0.8574,0.84256,0.84256,0.00000,0.00000,0
2865500,1.7000,0.8434,0.8566,0.84337,0.84337,0.00000,0.00000,0
2866000,1.7000,0.8426,0.8574,0.84256,0.84256,0.00000,0.00000,0
2866500,1.7000,0.8418,0.8582,0.84176,0.84176,0.00000,0.00000,0
2867000,1.7000,0.8434,0.8566,0.84337,0.84337,0.00000,0.00000,0
2867500,1.7000,0.8426,0.8574,0.84256,0.84256,0.00000,0.00000,0
2868000,1.7000,0.8426,0.8574,0.84256,0.84256,0.00000,0.00000,0
2868500,1.7000,0.8442,0.8558,0.84418,0.84418,0.00000,0.00000,0
2869000,1.7000,0.8458,0.8542,0.84579,0.84579,0.00000,0.00000,0
2869500,1.7000,0.8458,0.8542,0.84579,0.84579,0.00000,0.00000,0
2870000,1.7000,0.8458,0.8542,0.84579,0.84579,0.00000,0.00000,0
2870500,1.7000,0.8458,0.8542,0.84579,0.84579,0.00000,0.00000,0
2871000,1.7000,0.8466,0.8534,0.84659,0.84659,0.00000,0.00000,0
2871500,1.7000,0.8458,0.8542,0.84579,0.84579,0.00000,0.00000,0
2872000,1.7000,0.8442,0.8558,0.84418,0.84418,0.00000,0.00000,0
2872500,1.7000,0.8450,0.8550,0.84498,0.84498,0.00000,0.00000,0
2873000,1.7000,0.8442,0.8558,0.84418,0.84418,0.00000,0.00000,0
2873500,1.7000,0.8426,0.8574,0.84256,0.84256,0.00000,0.00000,0
2874000,1.7000,0.8401,0.8599,0.84015,0.84015,0.00000,0.00000,0
2874500,1.7000,0.8418,0.8582,0.84176,0.84176,0.00000,0.00000,0
2875000,1.7000,0.8418,0.8582,0.84176,0.84176,0.00000,0.00000,0
2875500,1.7000,0.8434,0.8566,0.84337,0.84337,0.00000,0.00000,0
2876000,1.7000,0.8434,0.8566,0.84337,0.84337,0.00000,0.00000,0
2876500,1.7000,0.8434,0.8566,0.84337,0.84337,0.00000,0.00000,0
2877000,1.7000,0.8434,0.8566,0.84337,0.84337,0.00000,0.00000,0
2877500,1.7000,0.8434,0.8566,0.84337,0.84337,0.00000,0.00000,0
2878000,1.7000,0.8418,0.8582,0.84176,0.84176,0.00000,0.00000,0
2878500,1.7000,0.8410,0.8590,0.84095,0.84095,0.00000,0.00000,0
2879000,1.7000,0.8426,0.8574,0.84256,0.84256,0.00000,0.00000,0
2879500,1.7000,0.8426,0.8574,0.84256,0.84256,0.00000,0.00000,0
2880000,1.7000,0.8426,0.8574,0.84256,0.84256,0.00000,0.00000,0
2880500,1.7000,0.8410,0.8590,0.84095,0.84095,0.00000,0.00000,0
2881000,1.7000,0.8401,0.8599,0.84015,0.84015,0.00000,0.00000,0
2881500,1.7000,0.8401,0.8599,0.84015,0.84015,0.00000,0.00000,0
2882000,1.7000,0.8410,0.8590,0.84095,0.84095,0.00000,0.00000,0
2882500,1.7000,0.8410,0.8590,0.84095,0.84095,0.00000,0.00000,0
2883000,1.7000,0.8434,0.8566,0.84337,0.84337,0.00000,0.00000,0
2883500,1.7000,0.8442,0.8558,0.84418,0.84418,0.00000,0.00000,0
2884000,1.7000,0.8442,0.8558,0.84418,0.84418,0.00000,0.00000,0
2884500,1.7000,0.8450,0.8550,0.84498,0.84498,0.00000,0.00000,0
2885000,1.7000,0.8450,0.8550,0.84498,0.84498,0.00000,0.00000,0
2885500,1.7000,0.8442,0.8558,0.84418,0.84418,0.00000,0.00000,0
2886000,1.7000,0.8466,0.8534,0.84659,0.84659,0.00000,0.00000,0
2886500,1.7000,0.8474,0.8526,0.84740,0.84740,0.00000,0.00000,0
2887000,1.7000,0.8482,0.8518,0.84821,0.84821,0.00000,0.00000,0
2887500,1.7000,0.8466,0.8534,0.84659,0.84659,0.00000,0.00000,0
2888000,1.7000,0.8466,0.8534,0.84659,0.84659,0.00000,0.00000,0
2888500,1.7000,0.8466,0.8534,0.84659,0.84659,0.00000,0.00000,0
2889000,1.7000,0.8442,0.8558,0.84418,0.84418,0.00000,0.00000,0
2889500,1.7000,0.8442,0.8558,0.84418,0.84418,0.00000,0.00000,0
2890000,1.7000,0.8450,0.8550,0.84498,0.84498,0.00000,0.00000,0
2890500,1.7000,0.8458,0.8542,0.84579,0.84579,0.00000,0.00000,0
2891000,1.7000,0.8442,0.8558,0.84418,0.84418,0.00000,0.00000,0
2891500,1.7000,0.8418,0.8582,0.84176,0.84176,0.00000,0.00000,0
2892000,1.7000,0.8418,0.8582,0.84176,0.84176,0.00000,0.00000,0
2892500,1.7000,0.8434,0.8566,0.84337,0.84337,0.00000,0.00000,0
2893000,1.7000,0.8442,0.8558,0.84418,0.84418,0.00000,0.00000,0
2893500,1.7000,0.8442,0.8558,0.84418,0.84418,0.00000,0.00000,0
2894000,1.7000,0.8450,0.8550,0.84498,0.84498,0.00000,0.00000,0
2894500,1.7000,0.8442,0.8558,0.84418,0.84418,0.00000,0.00000,0
2895000,1.7000,0.8426,0.8574,0.84256,0.84256,0.00000,0.00000,0
2895500,1.7000,0.8442,0.8558,0.84418,0.84418,0.00000,0.00000,0
2896000,1.7000,0.8450,0.8550,0.84498,0.84498,0.00000,0.00000,0
2896500,1.7000,0.8482,0.8518,0.84821,0.84821,0.00000,0.00000,0
2897000,1.7000,0.8482,0.8518,0.84821,0.84821,0.00000,0.00000,0
2897500,1.7000,0.8482,0.8518,0.84821,0.84821,0.00000,0.00000,0
2898000,1.7000,0.8474,0.8526,0.84740,0.84740,0.00000,0.00000,0
2898500,1.7000,0.8474,0.8526,0.84740,0.84740,0.00000,0.00000,0
2899000,1.7000,0.8474,0.8526,0.84740,0.84740,0.00000,0.00000,0
2899500,1.7000,0.8474,0.8526,0.84740,0.84740,0.00000,0.00000,0
2900000,1.7000,0.8482,0.8518,0.84821,0.84821,0.00000,0.00000,0
2900500,1.7000,0.8466,0.8534,0.84659,0.84659,0.00000,0.00000,0
2901000,1.7000,0.8458,0.8542,0.84579,0.84579,0.00000,0.00000,0
2901500,1.7000,0.8434,0.8566,0.84337,0.84337,0.00000,0.00000,0
2902000,1.7000,0.8434,0.8566,0.84337,0.84337,0.00000,0.00000,0
2902500,1.7000,0.8434,0.8566,0.84337,0.84337,0.00000,0.00000,0
2903000,1.7000,0.8442,0.8558,0.84418,0.84418,0.00000,0.00000,0
2903500,1.7000,0.8434,0.8566,0.84337,0.84337,0.00000,0.00000,0
2904000,1.7000,0.8410,0.8590,0.84095,0.84095,0.00000,0.00000,0
2904500,1.7000,0.8418,0.8582,0.84176,0.84176,0.00000,0.00000,0
2905000,1.7000,0.8418,0.8582,0.84176,0.84176,0.00000,0.00000,0
2905500,1.7000,0.8426,0.8574,0.84256,0.84256,0.00000,0.00000,0
2906000,1.7000,0.8393,0.8607,0.83934,0.83934,0.00000,0.00000,0
2906500,1.7000,0.8401,0.8599,0.84015,0.84015,0.00000,0.00000,0
2907000,1.7000,0.8393,0.8607,0.83934,0.83934,0.00000,0.00000,0
2907500,1.7000,0.8393,0.8607,0.83934,0.83934,0.00000,0.00000,0
2908000,1.7000,0.8385,0.8615,0.83853,0.83853,0.00000,0.00000,0
2908500,1.7000,0.8393,0.8607,0.83934,0.83934,0.00000,0.00000,0
2909000,1.7000,0.8418,0.8582,0.84176,0.84176,0.00000,0.00000,0
2909500,1.7000,0.8418,0.8582,0.84176,0.84176,0.00000,0.00000,0
2910000,1.7000,0.8418,0.8582,0.84176,0.84176,0.00000,0.00000,0
2910500,1.7000,0.8393,0.8607,0.83934,0.83934,0.00000,0.00000,0
2911000,1.7000,0.8426,0.8574,0.84256,0.84256,0.00000,0.00000,0
2911500,1.7000,0.8426,0.8574,0.84256,0.84256,0.00000,0.00000,0
2912000,1.7000,0.8426,0.8574,0.84256,0.84256,0.00000,0.00000,0
2912500,1.7000,0.8434,0.8566,0.84337,0.84337,0.00000,0.00000,0
2913000,1.7000,0.8418,0.8582,0.84176,0.84176,0.00000,0.00000,0
2913500,1.7000,0.8418,0.8582,0.84176,0.84176,0.00000,0.00000,0
2914000,1.7000,0.8410,0.8590,0.84095,0.84095,0.00000,0.00000,0
2914500,1.7000,0.8410,0.8590,0.84095,0.84095,0.00000,0.00000,0
2915000,1.7000,0.8377,0.8623,0.83773,0.83773,0.00000,0.00000,0
2915500,1.7000,0.8401,0.8599,0.84015,0.84015,0.00000,0.00000,0
2916000,1.7000,0.8401,0.8599,0.84015,0.84015,0.00000,0.00000,0
2916500,1.7000,0.8401,0.8599,0.84015,0.84015,0.00000,0.00000,0
2917000,1.7000,0.8410,0.8590,0.84095,0.84095,0.00000,0.00000,0
2917500,1.7000,0.8410,0.8590,0.84095,0.84095,0.00000,0.00000,0
2918000,1.7000,0.8426,0.8574,0.84256,0.84256,0.00000,0.00000,0
2918500,1.7000,0.8426,0.8574,0.84256,0.84256,0.00000,0.00000,0
2919000,1.7000,0.8434,0.8566,0.84337,0.84337,0.00000,0.00000,0
2919500,1.7000,0.8418,0.8582,0.84176,0.84176,0.00000,0.00000,0
2920000,1.7000,0.8458,0.8542,0.84579,0.84579,0.00000,0.00000,0
2920500,1.7000,0.8450,0.8550,0.84498,0.84498,0.00000,0.00000,0
2921000,1.7000,0.8458,0.8542,0.84579,0.84579,0.00000,0.00000,0
2921500,1.7000,0.8458,0.8542,0.84579,0.84579,0.00000,0.00000,0
2922000,1.7000,0.8450,0.8550,0.84498,0.84498,0.00000,0.00000,0
2922500,1.7000,0.8442,0.8558,0.84418,0.84418,0.00000,0.00000,0
2923000,1.7000,0.8426,0.8574,0.84256,0.84256,0.00000,0.00000,0
2923500,1.7000,0.8426,0.8574,0.84256,0.84256,0.00000,0.00000,0
2924000,1.7000,0.8418,0.8582,0.84176,0.84176,0.00000,0.00000,0
2924500,1.7000,0.8434,0.8566,0.84337,0.84337,0.00000,0.00000,0
2925000,1.7000,0.8418,0.8582,0.84176,0.84176,0.00000,0.00000,0
2925500,1.7000,0.8410,0.8590,0.84095,0.84095,0.00000,0.00000,0
2926000,1.7000,0.8401,0.8599,0.84015,0.84015,0.00000,0.00000,0
2926500,1.7000,0.8401,0.8599,0.84015,0.84015,0.00000,0.00000,0
2927000,1.7000,0.8410,0.8590,0.84095,0.84095,0.00000,0.00000,0
2927500,1.7000,0.8418,0.8582,0.84176,0.84176,0.00000,0.00000,0
2928000,1.7000,0.8434,0.8566,0.84337,0.84337,0.00000,0.00000,0
2928500,1.7000,0.8434,0.8566,0.84337,0.84337,0.00000,0.00000,0
2929000,1.7000,0.8418,0.8582,0.84176,0.84176,0.00000,0.00000,0
2929500,1.7000,0.8401,0.8599,0.84015,0.84015,0.00000,0.00000,0
2930000,1.7000,0.8401,0.8599,0.84015,0.84015,0.00000,0.00000,0
2930500,1.7000,0.8410,0.8590,0.84095,0.84095,0.00000,0.00000,0
2931000,1.7000,0.8410,0.8590,0.84095,0.84095,0.00000,0.00000,0
2931500,1.7000,0.8410,0.8590,0.84095,0.84095,0.00000,0.00000,0
2932000,1.7000,0.8410,0.8590,0.84095,0.84095,0.00000,0.00000,0
2932500,1.7000,0.8410,0.8590,0.84095,0.84095,0.00000,0.00000,0
2933000,1.7000,0.8426,0.8574,0.84256,0.84256,0.00000,0.00000,0
2933500,1.7000,0.8434,0.8566,0.84337,0.84337,0.00000,0.00000,0
2934000,1.7000,0.8458,0.8542,0.84579,0.84579,0.00000,0.00000,0
2934500,1.7000,0.8474,0.8526,0.84740,0.84740,0.00000,0.00000,0
2935000,1.7000,0.8482,0.8518,0.84821,0.84821,0.00000,0.00000,0
2935500,1.7000,0.8474,0.8526,0.84740,0.84740,0.00000,0.00000,0
2936000,1.7000,0.8474,0.8526,0.84740,0.84740,0.00000,0.00000,0
2936500,1.7000,0.8466,0.8534,0.84659,0.84659,0.00000,0.00000,0
2937000,1.7000,0.8466,0.8534,0.84659,0.84659,0.00000,0.00000,0
2937500,1.7000,0.8466,0.8534,0.84659,0.84659,0.00000,0.00000,0
2938000,1.7000,0.8450,0.8550,0.84498,0.84498,0.00000,0.00000,0
2938500,1.7000,0.8442,0.8558,0.84418,0.84418,0.00000,0.00000,0
2939000,1.7000,0.8434,0.8566,0.84337,0.84337,0.00000,0.00000,0
2939500,1.7000,0.8401,0.8599,0.84015,0.84015,0.00000,0.00000,0
2940000,1.7000,0.8401,0.8599,0.84015,0.84015,0.00000,0.00000,0
2940500,1.7000,0.8410,0.8590,0.84095,0.84095,0.00000,0.00000,0
2941000,1.7000,0.8410,0.8590,0.84095,0.84095,0.00000,0.00000,0
2941500,1.7000,0.8418,0.8582,0.84176,0.84176,0.00000,0.00000,0
2942000,1.7000,0.8418,0.8582,0.84176,0.84176,0.00000,0.00000,0
2942500,1.7000,0.8418,0.8582,0.84176,0.84176,0.00000,0.00000,0
2943000,1.7000,0.8418,0.8582,0.84176,0.84176,0.00000,0.00000,0
2943500,1.7000,0.8418,0.8582,0.84176,0.84176,0.00000,0.00000,0
2944000,1.7000,0.8418,0.8582,0.84176,0.84176,0.00000,0.00000,0
2944500,1.7000,0.8426,0.8574,0.84256,0.84256,0.00000,0.00000,0
2945000,1.7000,0.8418,0.8582,0.84176,0.84176,0.00000,0.00000,0
2945500,1.7000,0.8426,0.8574,0.84256,0.84256,0.00000,0.00000,0
2946000,1.7000,0.8418,0.8582,0.84176,0.84176,0.00000,0.00000,0
2946500,1.7000,0.8418,0.8582,0.84176,0.84176,0.00000,0.00000,0
2947000,1.7000,0.8418,0.8582,0.84176,0.84176,0.00000,0.00000,0
2947500,1.7000,0.8418,0.8582,0.84176,0.84176,0.00000,0.00000,0
2948000,1.7000,0.8410,0.8590,0.84095,0.84095,0.00000,0.00000,0
2948500,1.7000,0.8385,0.8615,0.83853,0.83853,0.00000,0.00000,0
2949000,1.7000,0.8369,0.8631,0.83692,0.83692,0.00000,0.00000,0
2949500,1.7000,0.8385,0.8615,0.83853,0.83853,0.00000,0.00000,0
2950000,1.7000,0.8385,0.8615,0.83853,0.83853,0.00000,0.00000,0
2950500,1.7000,0.8385,0.8615,0.83853,0.83853,0.00000,0.00000,0
2951000,1.7000,0.8385,0.8615,0.83853,0.83853,0.00000,0.00000,0
2951500,1.7000,0.8377,0.8623,0.83773,0.83773,0.00000,0.00000,0
2952000,1.7000,0.8377,0.8623,0.83773,0.83773,0.00000,0.00000,0
2952500,1.7000,0.8377,0.8623,0.83773,0.83773,0.00000,0.00000,0
2953000,1.7000,0.8361,0.8639,0.83612,0.83612,0.00000,0.00000,0
2953500,1.7000,0.8385,0.8615,0.83853,0.83853,0.00000,0.00000,0
2954000,1.7000,0.8401,0.8599,0.84015,0.84015,0.00000,0.00000,0
2954500,1.7000,0.8393,0.8607,0.83934,0.83934,0.00000,0.00000,0
2955000,1.7000,0.8393,0.8607,0.83934,0.83934,0.00000,0.00000,0
2955500,1.7000,0.8385,0.8615,0.83853,0.83853,0.00000,0.00000,0
2956000,1.7000,0.8393,0.8607,0.83934,0.83934,0.00000,0.00000,0
2956500,1.7000,0.8393,0.8607,0.83934,0.83934,0.00000,0.00000,0
2957000,1.7000,0.8410,0.8590,0.84095,0.84095,0.00000,0.00000,0
2957500,1.7000,0.8410,0.8590,0.84095,0.84095,0.00000,0.00000,0
2958000,1.7000,0.8426,0.8574,0.84256,0.84256,0.00000,0.00000,0
2958500,1.7000,0.8426,0.8574,0.84256,0.84256,0.00000,0.00000,0
2959000,1.7000,0.8434,0.8566,0.84337,0.84337,0.00000,0.00000,0
2959500,1.7000,0.8426,0.8574,0.84256,0.84256,0.00000,0.00000,0
2960000,1.7000,0.8426,0.8574,0.84256,0.84256,0.00000,0.00000,0
2960500,1.7000,0.8418,0.8582,0.84176,0.84176,0.00000,0.00000,0
2961000,1.7000,0.8418,0.8582,0.84176,0.84176,0.00000,0.00000,0
2961500,1.7000,0.8426,0.8574,0.84256,0.84256,0.00000,0.00000,0
2962000,1.7000,0.8426,0.8574,0.84256,0.84256,0.00000,0.00000,0
2962500,1.7000,0.8401,0.8599,0.84015,0.84015,0.00000,0.00000,0
2963000,1.7000,0.8410,0.8590,0.84095,0.84095,0.00000,0.00000,0
2963500,1.7000,0.8434,0.8566,0.84337,0.84337,0.00000,0.00000,0
2964000,1.7000,0.8426,0.8574,0.84256,0.84256,0.00000,0.00000,0
2964500,1.7000,0.8442,0.8558,0.84418,0.84418,0.00000,0.00000,0
2965000,1.7000,0.8434,0.8566,0.84337,0.84337,0.00000,0.00000,0
2965500,1.7000,0.8450,0.8550,0.84498,0.84498,0.00000,0.00000,0
2966000,1.7000,0.8458,0.8542,0.84579,0.84579,0.00000,0.00000,0
2966500,1.7000,0.8450,0.8550,0.84498,0.84498,0.00000,0.00000,0
2967000,1.7000,0.8442,0.8558,0.84418,0.84418,0.00000,0.00000,0
2967500,1.7000,0.8458,0.8542,0.84579,0.84579,0.00000,0.00000,0
2968000,1.7000,0.8450,0.8550,0.84498,0.84498,0.00000,0.00000,0
2968500,1.7000,0.8434,0.8566,0.84337,0.84337,0.00000,0.00000,0
2969000,1.7000,0.8434,0.8566,0.84337,0.84337,0.00000,0.00000,0
2969500,1.7000,0.8434,0.8566,0.84337,0.84337,0.00000,0.00000,0
2970000,1.7000,0.8434,0.8566,0.84337,0.84337,0.00000,0.00000,0
2970500,1.7000,0.8434,0.8566,0.84337,0.84337,0.00000,0.00000,0
2971000,1.7000,0.8426,0.8574,0.84256,0.84256,0.00000,0.00000,0
2971500,1.7000,0.8434,0.8566,0.84337,0.84337,0.00000,0.00000,0
2972000,1.7000,0.8450,0.8550,0.84498,0.84498,0.00000,0.00000,0
2972500,1.7000,0.8458,0.8542,0.84579,0.84579,0.00000,0.00000,0
2973000,1.7000,0.8466,0.8534,0.84659,0.84659,0.00000,0.00000,0
2973500,1.7000,0.8458,0.8542,0.84579,0.84579,0.00000,0.00000,0
2974000,1.7000,0.8466,0.8534,0.84659,0.84659,0.00000,0.00000,0
2974500,1.7000,0.8434,0.8566,0.84337,0.84337,0.00000,0.00000,0
2975000,1.7000,0.8434,0.8566,0.84337,0.84337,0.00000,0.00000,0
2975500,1.7000,0.8434,0.8566,0.84337,0.84337,0.00000,0.00000,0
2976000,1.7000,0.8434,0.8566,0.84337,0.84337,0.00000,0.00000,0
2976500,1.7000,0.8434,0.8566,0.84337,0.84337,0.00000,0.00000,0
2977000,1.7000,0.8418,0.8582,0.84176,0.84176,0.00000,0.00000,0
2977500,1.7000,0.8401,0.8599,0.84015,0.84015,0.00000,0.00000,0
2978000,1.7000,0.8401,0.8599,0.84015,0.84015,0.00000,0.00000,0
2978500,1.7000,0.8410,0.8590,0.84095,0.84095,0.00000,0.00000,0
2979000,1.7000,0.8401,0.8599,0.84015,0.84015,0.00000,0.00000,0
2979500,1.7000,0.8442,0.8558,0.84418,0.84418,0.00000,0.00000,0
2980000,1.7000,0.8466,0.8534,0.84659,0.84659,0.00000,0.00000,0
2980500,1.7000,0.8474,0.8526,0.84740,0.84740,0.00000,0.00000,0
2981000,1.7000,0.8466,0.8534,0.84659,0.84659,0.00000,0.00000,0
2981500,1.7000,0.8466,0.8534,0.84659,0.84659,0.00000,0.00000,0
2982000,1.7000,0.8458,0.8542,0.84579,0.84579,0.00000,0.00000,0
2982500,1.7000,0.8458,0.8542,0.84579,0.84579,0.00000,0.00000,0
2983000,1.7000,0.8458,0.8542,0.84579,0.84579,0.00000,0.00000,0
2983500,1.7000,0.8450,0.8550,0.84498,0.84498,0.00000,0.00000,0
2984000,1.7000,0.8450,0.8550,0.84498,0.84498,0.00000,0.00000,0
2984500,1.7000,0.8442,0.8558,0.84418,0.84418,0.00000,0.00000,0
2985000,1.7000,0.8418,0.8582,0.84176,0.84176,0.00000,0.00000,0
2985500,1.7000,0.8401,0.8599,0.84015,0.84015,0.00000,0.00000,0
2986000,1.7000,0.8401,0.8599,0.84015,0.84015,0.00000,0.00000,0
2986500,1.7000,0.8418,0.8582,0.84176,0.84176,0.00000,0.00000,0
2987000,1.7000,0.8418,0.8582,0.84176,0.84176,0.00000,0.00000,0
2987500,1.7000,0.8418,0.8582,0.84176,0.84176,0.00000,0.00000,0
2988000,1.7000,0.8426,0.8574,0.84256,0.84256,0.00000,0.00000,0
2988500,1.7000,0.8434,0.8566,0.84337,0.84337,0.00000,0.00000,0
2989000,1.7000,0.8442,0.8558,0.84418,0.84418,0.00000,0.00000,0
2989500,1.7000,0.8450,0.8550,0.84498,0.84498,0.00000,0.00000,0
2990000,1.7000,0.8450,0.8550,0.84498,0.84498,0.00000,0.00000,0
2990500,1.7000,0.8458,0.8542,0.84579,0.84579,0.00000,0.00000,0
2991000,1.7000,0.8458,0.8542,0.84579,0.84579,0.00000,0.00000,0
2991500,1.7000,0.8442,0.8558,0.84418,0.84418,0.00000,0.00000,0
2992000,1.7000,0.8482,0.8518,0.84821,0.84821,0.00000,0.00000,0
2992500,1.7000,0.8482,0.8518,0.84821,0.84821,0.00000,0.00000,0
2993000,1.7000,0.8466,0.8534,0.84659,0.84659,0.00000,0.00000,0
2993500,1.7000,0.8466,0.8534,0.84659,0.84659,0.00000,0.00000,0
2994000,1.7000,0.8458,0.8542,0.84579,0.84579,0.00000,0.00000,0
2994500,1.7000,0.8450,0.8550,0.84498,0.84498,0.00000,0.00000,0
2995000,1.7000,0.8450,0.8550,0.84498,0.84498,0.00000,0.00000,0
2995500,1.7000,0.8450,0.8550,0.84498,0.84498,0.00000,0.00000,0
2996000,1.7000,0.8458,0.8542,0.84579,0.84579,0.00000,0.00000,0
2996500,1.7000,0.8466,0.8534,0.84659,0.84659,0.00000,0.00000,0
2997000,1.7000,0.8442,0.8558,0.84418,0.84418,0.00000,0.00000,0
2997500,1.7000,0.8442,0.8558,0.84418,0.84418,0.00000,0.00000,0
2998000,1.7000,0.8442,0.8558,0.84418,0.84418,0.00000,0.00000,0
2998500,1.7000,0.8442,0.8558,0.84418,0.84418,0.00000,0.00000,0
2999000,1.7000,0.8450,0.8550,0.84498,0.84498,0.00000,0.00000,0
2999500,1.7000,0.8442,0.8558,0.84418,0.84418,0.00000,0.00000,0
3000000,1.7000,0.8434,0.8566,0.84337,0.84337,0.00000,0.00000,0
3000500,1.7000,0.8442,0.8558,0.84418,0.84418,0.00000,0.00000,0
3001000,1.7000,0.8442,0.8558,0.84418,0.84418,0.00000,0.00000,0
3001500,1.7000,0.8434,0.8566,0.84337,0.84337,0.00000,0.00000,0
3002000,1.7000,0.8426,0.8574,0.84256,0.84256,0.00000,0.00000,0
3002500,1.7000,0.8434,0.8566,0.84337,0.84337,0.00000,0.00000,0
3003000,1.7000,0.8434,0.8566,0.84337,0.84337,0.00000,0.00000,0
3003500,1.7000,0.8442,0.8558,0.84418,0.84418,0.00000,0.00000,0
3004000,1.7000,0.8442,0.8558,0.84418,0.84418,0.00000,0.00000,0
3004500,1.7000,0.8442,0.8558,0.84418,0.84418,0.00000,0.00000,0
3005000,1.7000,0.8458,0.8542,0.84579,0.84579,0.00000,0.00000,0
3005500,1.7000,0.8442,0.8558,0.84418,0.84418,0.00000,0.00000,0
3006000,1.7000,0.8442,0.8558,0.84418,0.84418,0.00000,0.00000,0
3006500,1.7000,0.8442,0.8558,0.84418,0.84418,0.00000,0.00000,0
3007000,1.7000,0.8434,0.8566,0.84337,0.84337,0.00000,0.00000,0
3007500,1.7000,0.8442,0.8558,0.84418,0.84418,0.00000,0.00000,0
3008000,1.7000,0.8450,0.8550,0.84498,0.84498,0.00000,0.00000,0
3008500,1.7000,0.8442,0.8558,0.84418,0.84418,0.00000,0.00000,0
3009000,1.7000,0.8442,0.8558,0.84418,0.84418,0.00000,0.00000,0
3009500,1.7000,0.8450,0.8550,0.84498,0.84498,0.00000,0.00000,0
3010000,1.7000,0.8426,0.8574,0.84256,0.84256,0.00000,0.00000,0
3010500,1.7000,0.8442,0.8558,0.84418,0.84418,0.00000,0.00000,0
3011000,1.7000,0.8442,0.8558,0.84418,0.84418,0.00000,0.00000,0
3011500,1.7000,0.8442,0.8558,0.84418,0.84418,0.00000,0.00000,0
3012000,1.7000,0.8434,0.8566,0.84337,0.84337,0.00000,0.00000,0
3012500,1.7000,0.8450,0.8550,0.84498,0.84498,0.00000,0.00000,0
3013000,1.7000,0.8466,0.8534,0.84659,0.84659,0.00000,0.00000,0
3013500,1.7000,0.8466,0.8534,0.84659,0.84659,0.00000,0.00000,0
3014000,1.7000,0.8458,0.8542,0.84579,0.84579,0.00000,0.00000,0
3014500,1.7000,0.8450,0.8550,0.84498,0.84498,0.00000,0.00000,0
3015000,1.7000,0.8442,0.8558,0.84418,0.84418,0.00000,0.00000,0
3015500,1.7000,0.8434,0.8566,0.84337,0.84337,0.00000,0.00000,0
3016000,1.7000,0.8418,0.8582,0.84176,0.84176,0.00000,0.00000,0
3016500,1.7000,0.8418,0.8582,0.84176,0.84176,0.00000,0.00000,0
3017000,1.7000,0.8434,0.8566,0.84337,0.84337,0.00000,0.00000,0
3017500,1.7000,0.8410,0.8590,0.84095,0.84095,0.00000,0.00000,0
3018000,1.7000,0.8361,0.8639,0.83612,0.83612,0.00000,0.00000,0
3018500,1.7000,0.8361,0.8639,0.83612,0.83612,0.00000,0.00000,0
3019000,1.7000,0.8361,0.8639,0.83612,0.83612,0.00000,0.00000,0
3019500,1.7000,0.8377,0.8623,0.83773,0.83773,0.00000,0.00000,0
3020000,1.7000,0.8385,0.8615,0.83853,0.83853,0.00000,0.00000,0
3020500,1.7000,0.8377,0.8623,0.83773,0.83773,0.00000,0.00000,0
3021000,1.7000,0.8393,0.8607,0.83934,0.83934,0.00000,0.00000,0
3021500,1.7000,0.8393,0.8607,0.83934,0.83934,0.00000,0.00000,0
3022000,1.7000,0.8401,0.8599,0.84015,0.84015,0.00000,0.00000,0
3022500,1.7000,0.8401,0.8599,0.84015,0.84015,0.00000,0.00000,0
3023000,1.7000,0.8450,0.8550,0.84498,0.84498,0.00000,0.00000,0
3023500,1.7000,0.8450,0.8550,0.84498,0.84498,0.00000,0.00000,0
3024000,1.7000,0.8458,0.8542,0.84579,0.84579,0.00000,0.00000,0
3024500,1.7000,0.8466,0.8534,0.84659,0.84659,0.00000,0.00000,0
3025000,1.7000,0.8474,0.8526,0.84740,0.84740,0.00000,0.00000,0
3025500,1.7000,0.8482,0.8518,0.84821,0.84821,0.00000,0.00000,0
3026000,1.7000,0.8482,0.8518,0.84821,0.84821,0.00000,0.00000,0
3026500,1.7000,0.8474,0.8526,0.84740,0.84740,0.00000,0.00000,0
3027000,1.7000,0.8466,0.8534,0.84659,0.84659,0.00000,0.00000,0
3027500,1.7000,0.8466,0.8534,0.84659,0.84659,0.00000,0.00000,0
3028000,1.7000,0.8434,0.8566,0.84337,0.84337,0.00000,0.00000,0
3028500,1.7000,0.8426,0.8574,0.84256,0.84256,0.00000,0.00000,0
3029000,1.7000,0.8418,0.8582,0.84176,0.84176,0.00000,0.00000,0
3029500,1.7000,0.8410,0.8590,0.84095,0.84095,0.00000,0.00000,0
3030000,1.7000,0.8410,0.8590,0.84095,0.84095,0.00000,0.00000,0
3030500,1.7000,0.8401,0.8599,0.84015,0.84015,0.00000,0.00000,0
3031000,1.7000,0.8361,0.8639,0.83612,0.83612,0.00000,0.00000,0
3031500,1.7000,0.8369,0.8631,0.83692,0.83692,0.00000,0.00000,0
3032000,1.7000,0.8353,0.8647,0.83531,0.83531,0.00000,0.00000,0
3032500,1.7000,0.8353,0.8647,0.83531,0.83531,0.00000,0.00000,0
3033000,1.7000,0.8353,0.8647,0.83531,0.83531,0.00000,0.00000,0
3033500,1.7000,0.8361,0.8639,0.83612,0.83612,0.00000,0.00000,0
3034000,1.7000,0.8353,0.8647,0.83531,0.83531,0.00000,0.00000,0
3034500,1.7000,0.8345,0.8655,0.83451,0.83451,0.00000,0.00000,0
3035000,1.7000,0.8345,0.8655,0.83451,0.83451,0.00000,0.00000,0
3035500,1.7000,0.8361,0.8639,0.83612,0.83612,0.00000,0.00000,0
3036000,1.7000,0.8393,0.8607,0.83934,0.83934,0.00000,0.00000,0
3036500,1.7000,0.8385,0.8615,0.83853,0.83853,0.00000,0.00000,0
3037000,1.7000,0.8410,0.8590,0.84095,0.84095,0.00000,0.00000,0
3037500,1.7000,0.8401,0.8599,0.84015,0.84015,0.00000,0.00000,0
3038000,1.7000,0.8418,0.8582,0.84176,0.84176,0.00000,0.00000,0
3038500,1.7000,0.8410,0.8590,0.84095,0.84095,0.00000,0.00000,0
3039000,1.7000,0.8426,0.8574,0.84256,0.84256,0.00000,0.00000,0
3039500,1.7000,0.8434,0.8566,0.84337,0.84337,0.00000,0.00000,0
3040000,1.7000,0.8426,0.8574,0.84256,0.84256,0.00000,0.00000,0
3040500,1.7000,0.8426,0.8574,0.84256,0.84256,0.00000,0.00000,0
3041000,1.7000,0.8442,0.8558,0.84418,0.84418,0.00000,0.00000,0
3041500,1.7000,0.8450,0.8550,0.84498,0.84498,0.00000,0.00000,0
3042000,1.7000,0.8450,0.8550,0.84498,0.84498,0.00000,0.00000,0
3042500,1.7000,0.8458,0.8542,0.84579,0.84579,0.00000,0.00000,0
3043000,1.7000,0.8450,0.8550,0.84498,0.84498,0.00000,0.00000,0
3043500,1.7000,0.8466,0.8534,0.84659,0.84659,0.00000,0.00000,0
3044000,1.7000,0.8474,0.8526,0.84740,0.84740,0.00000,0.00000,0
3044500,1.7000,0.8474,0.8526,0.84740,0.84740,0.00000,0.00000,0
3045000,1.7000,0.8474,0.8526,0.84740,0.84740,0.00000,0.00000,0
3045500,1.7000,0.8466,0.8534,0.84659,0.84659,0.00000,0.00000,0
3046000,1.7000,0.8474,0.8526,0.84740,0.84740,0.00000,0.00000,0
3046500,1.7000,0.8458,0.8542,0.84579,0.84579,0.00000,0.00000,0
3047000,1.7000,0.8450,0.8550,0.84498,0.84498,0.00000,0.00000,0
3047500,1.7000,0.8458,0.8542,0.84579,0.84579,0.00000,0.00000,0
3048000,1.7000,0.8458,0.8542,0.84579,0.84579,0.00000,0.00000,0
3048500,1.7000,0.8450,0.8550,0.84498,0.84498,0.00000,0.00000,0
3049000,1.7000,0.8434,0.8566,0.84337,0.84337,0.00000,0.00000,0
3049500,1.7000,0.8434,0.8566,0.84337,0.84337,0.00000,0.00000,0
3050000,1.7000,0.8442,0.8558,0.84418,0.84418,0.00000,0.00000,0
3050500,1.7000,0.8442,0.8558,0.84418,0.84418,0.00000,0.00000,0
3051000,1.7000,0.8442,0.8558,0.84418,0.84418,0.00000,0.00000,0
3051500,1.7000,0.8442,0.8558,0.84418,0.84418,0.00000,0.00000,0
3052000,1.7000,0.8442,0.8558,0.84418,0.84418,0.00000,0.00000,0
3052500,1.7000,0.8442,0.8558,0.84418,0.84418,0.00000,0.00000,0
3053000,1.7000,0.8442,0.8558,0.84418,0.84418,0.00000,0.00000,0
3053500,1.7000,0.8450,0.8550,0.84498,0.84498,0.00000,0.00000,0
3054000,1.7000,0.8450,0.8550,0.84498,0.84498,0.00000,0.00000,0
3054500,1.7000,0.8450,0.8550,0.84498,0.84498,0.00000,0.00000,0
3055000,1.7000,0.8442,0.8558,0.84418,0.84418,0.00000,0.00000,0
3055500,1.7000,0.8442,0.8558,0.84418,0.84418,0.00000,0.00000,0
3056000,1.7000,0.8426,0.8574,0.84256,0.84256,0.00000,0.00000,0
3056500,1.7000,0.8426,0.8574,0.84256,0.84256,0.00000,0.00000,0
3057000,1.7000,0.8434,0.8566,0.84337,0.84337,0.00000,0.00000,0
3057500,1.7000,0.8426,0.8574,0.84256,0.84256,0.00000,0.00000,0
3058000,1.7000,0.8442,0.8558,0.84418,0.84418,0.00000,0.00000,0
3058500,1.7000,0.8442,0.8558,0.84418,0.84418,0.00000,0.00000,0
3059000,1.7000,0.8434,0.8566,0.84337,0.84337,0.00000,0.00000,0
3059500,1.7000,0.8442,0.8558,0.84418,0.84418,0.00000,0.00000,0
3060000,1.7000,0.8442,0.8558,0.84418,0.84418,0.00000,0.00000,0
3060500,1.7000,0.8434,0.8566,0.84337,0.84337,0.00000,0.00000,0
3061000,1.7000,0.8442,0.8558,0.84418,0.84418,0.00000,0.00000,0
3061500,1.7000,0.8442,0.8558,0.84418,0.84418,0.00000,0.00000,0
3062000,1.7000,0.8426,0.8574,0.84256,0.84256,0.00000,0.00000,0
3062500,1.7000,0.8418,0.8582,0.84176,0.84176,0.00000,0.00000,0
3063000,1.7000,0.8401,0.8599,0.84015,0.84015,0.00000,0.00000,0
3063500,1.7000,0.8393,0.8607,0.83934,0.83934,0.00000,0.00000,0
3064000,1.7000,0.8410,0.8590,0.84095,0.84095,0.00000,0.00000,0
3064500,1.7000,0.8418,0.8582,0.84176,0.84176,0.00000,0.00000,0
3065000,1.7000,0.8418,0.8582,0.84176,0.84176,0.00000,0.00000,0
3065500,1.7000,0.8410,0.8590,0.84095,0.84095,0.00000,0.00000,0
3066000,1.7000,0.8410,0.8590,0.84095,0.84095,0.00000,0.00000,0
3066500,1.7000,0.8401,0.8599,0.84015,0.84015,0.00000,0.00000,0
3067000,1.7000,0.8410,0.8590,0.84095,0.84095,0.00000,0.00000,0
3067500,1.7000,0.8434,0.8566,0.84337,0.84337,0.00000,0.00000,0
3068000,1.7000,0.8426,0.8574,0.84256,0.84256,0.00000,0.00000,0
3068500,1.7000,0.8426,0.8574,0.84256,0.84256,0.00000,0.00000,0
3069000,1.7000,0.8418,0.8582,0.84176,0.84176,0.00000,0.00000,0
3069500,1.7000,0.8410,0.8590,0.84095,0.84095,0.00000,0.00000,0
3070000,1.7000,0.8426,0.8574,0.84256,0.84256,0.00000,0.00000,0
3070500,1.7000,0.8434,0.8566,0.84337,0.84337,0.00000,0.00000,0
3071000,1.7000,0.8434,0.8566,0.84337,0.84337,0.00000,0.00000,0
3071500,1.7000,0.8442,0.8558,0.84418,0.84418,0.00000,0.00000,0
3072000,1.7000,0.8434,0.8566,0.84337,0.84337,0.00000,0.00000,0
3072500,1.7000,0.8426,0.8574,0.84256,0.84256,0.00000,0.00000,0
3073000,1.7000,0.8426,0.8574,0.84256,0.84256,0.00000,0.00000,0
3073500,1.7000,0.8434,0.8566,0.84337,0.84337,0.00000,0.00000,0
3074000,1.7000,0.8442,0.8558,0.84418,0.84418,0.00000,0.00000,0
3074500,1.7000,0.8434,0.8566,0.84337,0.84337,0.00000,0.00000,0
3075000,1.7000,0.8418,0.8582,0.84176,0.84176,0.00000,0.00000,0
3075500,1.7000,0.8410,0.8590,0.84095,0.84095,0.00000,0.00000,0
3076000,1.7000,0.8418,0.8582,0.84176,0.84176,0.00000,0.00000,0
3076500,1.7000,0.8418,0.8582,0.84176,0.84176,0.00000,0.00000,0
3077000,1.7000,0.8401,0.8599,0.84015,0.84015,0.00000,0.00000,0
3077500,1.7000,0.8410,0.8590,0.84095,0.84095,0.00000,0.00000,0
3078000,1.7000,0.8410,0.8590,0.84095,0.84095,0.00000,0.00000,0
3078500,1.7000,0.8401,0.8599,0.84015,0.84015,0.00000,0.00000,0
3079000,1.7000,0.8393,0.8607,0.83934,0.83934,0.00000,0.00000,0
3079500,1.7000,0.8410,0.8590,0.84095,0.84095,0.00000,0.00000,0
3080000,1.7000,0.8410,0.8590,0.84095,0.84095,0.00000,0.00000,0
3080500,1.7000,0.8401,0.8599,0.84015,0.84015,0.00000,0.00000,0
3081000,1.7000,0.8401,0.8599,0.84015,0.84015,0.00000,0.00000,0
3081500,1.7000,0.8401,0.8599,0.84015,0.84015,0.00000,0.00000,0
3082000,1.7000,0.8418,0.8582,0.84176,0.84176,0.00000,0.00000,0
3082500,1.7000,0.8418,0.8582,0.84176,0.84176,0.00000,0.00000,0
3083000,1.7000,0.8410,0.8590,0.84095,0.84095,0.00000,0.00000,0
3083500,1.7000,0.8426,0.8574,0.84256,0.84256,0.00000,0.00000,0
3084000,1.7000,0.8434,0.8566,0.84337,0.84337,0.00000,0.00000,0
3084500,1.7000,0.8426,0.8574,0.84256,0.84256,0.00000,0.00000,0
3085000,1.7000,0.8418,0.8582,0.84176,0.84176,0.00000,0.00000,0
3085500,1.7000,0.8434,0.8566,0.84337,0.84337,0.00000,0.00000,0
3086000,1.7000,0.8434,0.8566,0.84337,0.84337,0.00000,0.00000,0
3086500,1.7000,0.8442,0.8558,0.84418,0.84418,0.00000,0.00000,0
3087000,1.7000,0.8450,0.8550,0.84498,0.84498,0.00000,0.00000,0
3087500,1.7000,0.8450,0.8550,0.84498,0.84498,0.00000,0.00000,0
3088000,1.7000,0.8458,0.8542,0.84579,0.84579,0.00000,0.00000,0
3088500,1.7000,0.8458,0.8542,0.84579,0.84579,0.00000,0.00000,0
3089000,1.7000,0.8434,0.8566,0.84337,0.84337,0.00000,0.00000,0
3089500,1.7000,0.8442,0.8558,0.84418,0.84418,0.00000,0.00000,0
3090000,1.7000,0.8458,0.8542,0.84579,0.84579,0.00000,0.00000,0
3090500,1.7000,0.8458,0.8542,0.84579,0.84579,0.00000,0.00000,0
3091000,1.7000,0.8458,0.8542,0.84579,0.84579,0.00000,0.00000,0
3091500,1.7000,0.8458,0.8542,0.84579,0.84579,0.00000,0.00000,0
3092000,1.7000,0.8450,0.8550,0.84498,0.84498,0.00000,0.00000,0
3092500,1.7000,0.8450,0.8550,0.84498,0.84498,0.00000,0.00000,0
3093000,1.7000,0.8434,0.8566,0.84337,0.84337,0.00000,0.00000,0
3093500,1.7000,0.8418,0.8582,0.84176,0.84176,0.00000,0.00000,0
3094000,1.7000,0.8418,0.8582,0.84176,0.84176,0.00000,0.00000,0
3094500,1.7000,0.8418,0.8582,0.84176,0.84176,0.00000,0.00000,0
3095000,1.7000,0.8410,0.8590,0.84095,0.84095,0.00000,0.00000,0
3095500,1.7000,0.8410,0.8590,0.84095,0.84095,0.00000,0.00000,0
3096000,1.7000,0.8450,0.8550,0.84498,0.84498,0.00000,0.00000,0
3096500,1.7000,0.8442,0.8558,0.84418,0.84418,0.00000,0.00000,0
3097000,1.7000,0.8434,0.8566,0.84337,0.84337,0.00000,0.00000,0
3097500,1.7000,0.8442,0.8558,0.84418,0.84418,0.00000,0.00000,0
3098000,1.7000,0.8458,0.8542,0.84579,0.84579,0.00000,0.00000,0
3098500,1.7000,0.8458,0.8542,0.84579,0.84579,0.00000,0.00000,0
3099000,1.7000,0.8466,0.8534,0.84659,0.84659,0.00000,0.00000,0
3099500,1.7000,0.8466,0.8534,0.84659,0.84659,0.00000,0.00000,0
3100000,1.7000,0.8474,0.8526,0.84740,0.84740,0.00000,0.00000,0
3100500,1.7000,0.8482,0.8518,0.84821,0.84821,0.00000,0.00000,0
3101000,1.7000,0.8442,0.8558,0.84418,0.84418,0.00000,0.00000,0
3101500,1.7000,0.8442,0.8558,0.84418,0.84418,0.00000,0.00000,0
3102000,1.7000,0.8442,0.8558,0.84418,0.84418,0.00000,0.00000,0
3102500,1.7000,0.8442,0.8558,0.84418,0.84418,0.00000,0.00000,0
3103000,1.7000,0.8434,0.8566,0.84337,0.84337,0.00000,0.00000,0
3103500,1.7000,0.8434,0.8566,0.84337,0.84337,0.00000,0.00000,0
3104000,1.7000,0.8426,0.8574,0.84256,0.84256,0.00000,0.00000,0
3104500,1.7000,0.8418,0.8582,0.84176,0.84176,0.00000,0.00000,0
3105000,1.7000,0.8426,0.8574,0.84256,0.84256,0.00000,0.00000,0
3105500,1.7000,0.8418,0.8582,0.84176,0.84176,0.00000,0.00000,0
3106000,1.7000,0.8410,0.8590,0.84095,0.84095,0.00000,0.00000,0
3106500,1.7000,0.8418,0.8582,0.84176,0.84176,0.00000,0.00000,0
3107000,1.7000,0.8418,0.8582,0.84176,0.84176,0.00000,0.00000,0
3107500,1.7000,0.8410,0.8590,0.84095,0.84095,0.00000,0.00000,0
3108000,1.7000,0.8418,0.8582,0.84176,0.84176,0.00000,0.00000,0
3108500,1.7000,0.8410,0.8590,0.84095,0.84095,0.00000,0.00000,0
3109000,1.7000,0.8418,0.8582,0.84176,0.84176,0.00000,0.00000,0
3109500,1.7000,0.8418,0.8582,0.84176,0.84176,0.00000,0.00000,0
3110000,1.7000,0.8418,0.8582,0.84176,0.84176,0.00000,0.00000,0
3110500,1.7000,0.8410,0.8590,0.84095,0.84095,0.00000,0.00000,0
3111000,1.7000,0.8410,0.8590,0.84095,0.84095,0.00000,0.00000,0
3111500,1.7000,0.8393,0.8607,0.83934,0.83934,0.00000,0.00000,0
3112000,1.7000,0.8393,0.8607,0.83934,0.83934,0.00000,0.00000,0
3112500,1.7000,0.8393,0.8607,0.83934,0.83934,0.00000,0.00000,0
3113000,1.7000,0.8401,0.8599,0.84015,0.84015,0.00000,0.00000,0
3113500,1.7000,0.8418,0.8582,0.84176,0.84176,0.00000,0.00000,0
3114000,1.7000,0.8418,0.8582,0.84176,0.84176,0.00000,0.00000,0
3114500,1.7000,0.8426,0.8574,0.84256,0.84256,0.00000,0.00000,0
3115000,1.7000,0.8426,0.8574,0.84256,0.84256,0.00000,0.00000,0
3115500,1.7000,0.8434,0.8566,0.84337,0.84337,0.00000,0.00000,0
3116000,1.7000,0.8434,0.8566,0.84337,0.84337,0.00000,0.00000,0
3116500,1.7000,0.8450,0.8550,0.84498,0.84498,0.00000,0.00000,0
3117000,1.7000,0.8466,0.8534,0.84659,0.84659,0.00000,0.00000,0
3117500,1.7000,0.8466,0.8534,0.84659,0.84659,0.00000,0.00000,0
3118000,1.7000,0.8466,0.8534,0.84659,0.84659,0.00000,0.00000,0
3118500,1.7000,0.8458,0.8542,0.84579,0.84579,0.00000,0.00000,0
3119000,1.7000,0.8466,0.8534,0.84659,0.84659,0.00000,0.00000,0
3119500,1.7000,0.8434,0.8566,0.84337,0.84337,0.00000,0.00000,0
3120000,1.7000,0.8450,0.8550,0.84498,0.84498,0.00000,0.00000,0
3120500,1.7000,0.8442,0.8558,0.84418,0.84418,0.00000,0.00000,0
3121000,1.7000,0.8450,0.8550,0.84498,0.84498,0.00000,0.00000,0
3121500,1.7000,0.8450,0.8550,0.84498,0.84498,0.00000,0.00000,0
3122000,1.7000,0.8434,0.8566,0.84337,0.84337,0.00000,0.00000,0
3122500,1.7000,0.8450,0.8550,0.84498,0.84498,0.00000,0.00000,0
3123000,1.7000,0.8450,0.8550,0.84498,0.84498,0.00000,0.00000,0
3123500,1.7000,0.8434,0.8566,0.84337,0.84337,0.00000,0.00000,0
3124000,1.7000,0.8418,0.8582,0.84176,0.84176,0.00000,0.00000,0
3124500,1.7000,0.8442,0.8558,0.84418,0.84418,0.00000,0.00000,0
3125000,1.7000,0.8418,0.8582,0.84176,0.84176,0.00000,0.00000,0
3125500,1.7000,0.8410,0.8590,0.84095,0.84095,0.00000,0.00000,0
3126000,1.7000,0.8410,0.8590,0.84095,0.84095,0.00000,0.00000,0
3126500,1.7000,0.8410,0.8590,0.84095,0.84095,0.00000,0.00000,0
3127000,1.7000,0.8410,0.8590,0.84095,0.84095,0.00000,0.00000,0
3127500,1.7000,0.8401,0.8599,0.84015,0.84015,0.00000,0.00000,0
3128000,1.7000,0.8410,0.8590,0.84095,0.84095,0.00000,0.00000,0
3128500,1.7000,0.8426,0.8574,0.84256,0.84256,0.00000,0.00000,0
3129000,1.7000,0.8418,0.8582,0.84176,0.84176,0.00000,0.00000,0
3129500,1.7000,0.8426,0.8574,0.84256,0.84256,0.00000,0.00000,0
3130000,1.7000,0.8426,0.8574,0.84256,0.84256,0.00000,0.00000,0
3130500,1.7000,0.8426,0.8574,0.84256,0.84256,0.00000,0.00000,0
3131000,1.7000,0.8434,0.8566,0.84337,0.84337,0.00000,0.00000,0
3131500,1.7000,0.8426,0.8574,0.84256,0.84256,0.00000,0.00000,0
3132000,1.7000,0.8410,0.8590,0.84095,0.84095,0.00000,0.00000,0
3132500,1.7000,0.8410,0.8590,0.84095,0.84095,0.00000,0.00000,0
3133000,1.7000,0.8418,0.8582,0.84176,0.84176,0.00000,0.00000,0
3133500,1.7000,0.8410,0.8590,0.84095,0.84095,0.00000,0.00000,0
3134000,1.7000,0.8418,0.8582,0.84176,0.84176,0.00000,0.00000,0
3134500,1.7000,0.8418,0.8582,0.84176,0.84176,0.00000,0.00000,0
3135000,1.7000,0.8418,0.8582,0.84176,0.84176,0.00000,0.00000,0
3135500,1.7000,0.8426,0.8574,0.84256,0.84256,0.00000,0.00000,0
3136000,1.7000,0.8418,0.8582,0.84176,0.84176,0.00000,0.00000,0
3136500,1.7000,0.8426,0.8574,0.84256,0.84256,0.00000,0.00000,0
3137000,1.7000,0.8426,0.8574,0.84256,0.84256,0.00000,0.00000,0
3137500,1.7000,0.8426,0.8574,0.84256,0.84256,0.00000,0.00000,0
3138000,1.7000,0.8418,0.8582,0.84176,0.84176,0.00000,0.00000,0
3138500,1.7000,0.8418,0.8582,0.84176,0.84176,0.00000,0.00000,0
3139000,1.7000,0.8426,0.8574,0.84256,0.84256,0.00000,0.00000,0
3139500,1.7000,0.8426,0.8574,0.84256,0.84256,0.00000,0.00000,0
3140000,1.7000,0.8426,0.8574,0.84256,0.84256,0.00000,0.00000,0
3140500,1.7000,0.8434,0.8566,0.84337,0.84337,0.00000,0.00000,0
3141000,1.7000,0.8442,0.8558,0.84418,0.84418,0.00000,0.00000,0
3141500,1.7000,0.8442,0.8558,0.84418,0.84418,0.00000,0.00000,0
3142000,1.7000,0.8442,0.8558,0.84418,0.84418,0.00000,0.00000,0
3142500,1.7000,0.8442,0.8558,0.84418,0.84418,0.00000,0.00000,0
3143000,1.7000,0.8450,0.8550,0.84498,0.84498,0.00000,0.00000,0
3143500,1.7000,0.8458,0.8542,0.84579,0.84579,0.00000,0.00000,0
3144000,1.7000,0.8450,0.8550,0.84498,0.84498,0.00000,0.00000,0
3144500,1.7000,0.8450,0.8550,0.84498,0.84498,0.00000,0.00000,0
3145000,1.7000,0.8442,0.8558,0.84418,0.84418,0.00000,0.00000,0
3145500,1.7000,0.8434,0.8566,0.84337,0.84337,0.00000,0.00000,0
3146000,1.7000,0.8434,0.8566,0.84337,0.84337,0.00000,0.00000,0
3146500,1.7000,0.8426,0.8574,0.84256,0.84256,0.00000,0.00000,0
3147000,1.7000,0.8434,0.8566,0.84337,0.84337,0.00000,0.00000,0
3147500,1.7000,0.8426,0.8574,0.84256,0.84256,0.00000,0.00000,0
3148000,1.7000,0.8418,0.8582,0.84176,0.84176,0.00000,0.00000,0
3148500,1.7000,0.8418,0.8582,0.84176,0.84176,0.00000,0.00000,0
3149000,1.7000,0.8418,0.8582,0.84176,0.84176,0.00000,0.00000,0
3149500,1.7000,0.8450,0.8550,0.84498,0.84498,0.00000,0.00000,0
3150000,1.7000,0.8458,0.8542,0.84579,0.84579,0.00000,0.00000,0
3150500,1.7000,0.8458,0.8542,0.84579,0.84579,0.00000,0.00000,0
3151000,1.7000,0.8450,0.8550,0.84498,0.84498,0.00000,0.00000,0
3151500,1.7000,0.8466,0.8534,0.84659,0.84659,0.00000,0.00000,0
3152000,1.7000,0.8450,0.8550,0.84498,0.84498,0.00000,0.00000,0
3152500,1.7000,0.8466,0.8534,0.84659,0.84659,0.00000,0.00000,0
3153000,1.7000,0.8458,0.8542,0.84579,0.84579,0.00000,0.00000,0
3153500,1.7000,0.8458,0.8542,0.84579,0.84579,0.00000,0.00000,0
3154000,1.7000,0.8458,0.8542,0.84579,0.84579,0.00000,0.00000,0
3154500,1.7000,0.8410,0.8590,0.84095,0.84095,0.00000,0.00000,0
3155000,1.7000,0.8410,0.8590,0.84095,0.84095,0.00000,0.00000,0
3155500,1.7000,0.8401,0.8599,0.84015,0.84015,0.00000,0.00000,0
3156000,1.7000,0.8385,0.8615,0.83853,0.83853,0.00000,0.00000,0
3156500,1.7000,0.8385,0.8615,0.83853,0.83853,0.00000,0.00000,0
3157000,1.7000,0.8385,0.8615,0.83853,0.83853,0.00000,0.00000,0
3157500,1.7000,0.8377,0.8623,0.83773,0.83773,0.00000,0.00000,0
3158000,1.7000,0.8361,0.8639,0.83612,0.83612,0.00000,0.00000,0
3158500,1.7000,0.8353,0.8647,0.83531,0.83531,0.00000,0.00000,0
3159000,1.7000,0.8337,0.8663,0.83370,0.83370,0.00000,0.00000,0
3159500,1.7000,0.8345,0.8655,0.83451,0.83451,0.00000,0.00000,0
3160000,1.7000,0.8345,0.8655,0.83451,0.83451,0.00000,0.00000,0
3160500,1.7000,0.8345,0.8655,0.83451,0.83451,0.00000,0.00000,0
3161000,1.7000,0.8361,0.8639,0.83612,0.83612,0.00000,0.00000,0
3161500,1.7000,0.8361,0.8639,0.83612,0.83612,0.00000,0.00000,0
3162000,1.7000,0.8361,0.8639,0.83612,0.83612,0.00000,0.00000,0
3162500,1.7000,0.8361,0.8639,0.83612,0.83612,0.00000,0.00000,0
3163000,1.7000,0.8377,0.8623,0.83773,0.83773,0.00000,0.00000,0
3163500,1.7000,0.8385,0.8615,0.83853,0.83853,0.00000,0.00000,0
3164000,1.7000,0.8401,0.8599,0.84015,0.84015,0.00000,0.00000,0
3164500,1.7000,0.8393,0.8607,0.83934,0.83934,0.00000,0.00000,0
3165000,1.7000,0.8393,0.8607,0.83934,0.83934,0.00000,0.00000,0
3165500,1.7000,0.8385,0.8615,0.83853,0.83853,0.00000,0.00000,0
3166000,1.7000,0.8393,0.8607,0.83934,0.83934,0.00000,0.00000,0
3166500,1.7000,0.8385,0.8615,0.83853,0.83853,0.00000,0.00000,0
3167000,1.7000,0.8385,0.8615,0.83853,0.83853,0.00000,0.00000,0
3167500,1.7000,0.8393,0.8607,0.83934,0.83934,0.00000,0.00000,0
3168000,1.7000,0.8393,0.8607,0.83934,0.83934,0.00000,0.00000,0
3168500,1.7000,0.8401,0.8599,0.84015,0.84015,0.00000,0.00000,0
3169000,1.7000,0.8401,0.8599,0.84015,0.84015,0.00000,0.00000,0
3169500,1.7000,0.8401,0.8599,0.84015,0.84015,0.00000,0.00000,0
3170000,1.7000,0.8418,0.8582,0.84176,0.84176,0.00000,0.00000,0
3170500,1.7000,0.8418,0.8582,0.84176,0.84176,0.00000,0.00000,0
3171000,1.7000,0.8410,0.8590,0.84095,0.84095,0.00000,0.00000,0
3171500,1.7000,0.8401,0.8599,0.84015,0.84015,0.00000,0.00000,0
3172000,1.7000,0.8401,0.8599,0.84015,0.84015,0.00000,0.00000,0
3172500,1.7000,0.8401,0.8599,0.84015,0.84015,0.00000,0.00000,0
3173000,1.7000,0.8393,0.8607,0.83934,0.83934,0.00000,0.00000,0
3173500,1.7000,0.8401,0.8599,0.84015,0.84015,0.00000,0.00000,0
3174000,1.7000,0.8410,0.8590,0.84095,0.84095,0.00000,0.00000,0
3174500,1.7000,0.8418,0.8582,0.84176,0.84176,0.00000,0.00000,0
3175000,1.7000,0.8418,0.8582,0.84176,0.84176,0.00000,0.00000,0
3175500,1.7000,0.8418,0.8582,0.84176,0.84176,0.00000,0.00000,0
3176000,1.7000,0.8426,0.8574,0.84256,0.84256,0.00000,0.00000,0
3176500,1.7000,0.8426,0.8574,0.84256,0.84256,0.00000,0.00000,0
3177000,1.7000,0.8442,0.8558,0.84418,0.84418,0.00000,0.00000,0
3177500,1.7000,0.8434,0.8566,0.84337,0.84337,0.00000,0.00000,0
3178000,1.7000,0.8450,0.8550,0.84498,0.84498,0.00000,0.00000,0
3178500,1.7000,0.8442,0.8558,0.84418,0.84418,0.00000,0.00000,0
3179000,1.7000,0.8434,0.8566,0.84337,0.84337,0.00000,0.00000,0
3179500,1.7000,0.8426,0.8574,0.84256,0.84256,0.00000,0.00000,0
3180000,1.7000,0.8442,0.8558,0.84418,0.84418,0.00000,0.00000,0
3180500,1.7000,0.8442,0.8558,0.84418,0.84418,0.00000,0.00000,0
3181000,1.7000,0.8442,0.8558,0.84418,0.84418,0.00000,0.00000,0
3181500,1.7000,0.8442,0.8558,0.84418,0.84418,0.00000,0.00000,0
3182000,1.7000,0.8434,0.8566,0.84337,0.84337,0.00000,0.00000,0
3182500,1.7000,0.8434,0.8566,0.84337,0.84337,0.00000,0.00000,0
3183000,1.7000,0.8426,0.8574,0.84256,0.84256,0.00000,0.00000,0
3183500,1.7000,0.8426,0.8574,0.84256,0.84256,0.00000,0.00000,0
3184000,1.7000,0.8410,0.8590,0.84095,0.84095,0.00000,0.00000,0
3184500,1.7000,0.8401,0.8599,0.84015,0.84015,0.00000,0.00000,0
3185000,1.7000,0.8393,0.8607,0.83934,0.83934,0.00000,0.00000,0
3185500,1.7000,0.8401,0.8599,0.84015,0.84015,0.00000,0.00000,0
3186000,1.7000,0.8410,0.8590,0.84095,0.84095,0.00000,0.00000,0
3186500,1.7000,0.8418,0.8582,0.84176,0.84176,0.00000,0.00000,0
3187000,1.7000,0.8401,0.8599,0.84015,0.84015,0.00000,0.00000,0
3187500,1.7000,0.8393,0.8607,0.83934,0.83934,0.00000,0.00000,0
3188000,1.7000,0.8377,0.8623,0.83773,0.83773,0.00000,0.00000,0
3188500,1.7000,0.8377,0.8623,0.83773,0.83773,0.00000,0.00000,0
3189000,1.7000,0.8393,0.8607,0.83934,0.83934,0.00000,0.00000,0
3189500,1.7000,0.8401,0.8599,0.84015,0.84015,0.00000,0.00000,0
3190000,1.7000,0.8410,0.8590,0.84095,0.84095,0.00000,0.00000,0
3190500,1.7000,0.8385,0.8615,0.83853,0.83853,0.00000,0.00000,0
3191000,1.7000,0.8393,0.8607,0.83934,0.83934,0.00000,0.00000,0
3191500,1.7000,0.8393,0.8607,0.83934,0.83934,0.00000,0.00000,0
3192000,1.7000,0.8401,0.8599,0.84015,0.84015,0.00000,0.00000,0
3192500,1.7000,0.8426,0.8574,0.84256,0.84256,0.00000,0.00000,0
3193000,1.7000,0.8442,0.8558,0.84418,0.84418,0.00000,0.00000,0
3193500,1.7000,0.8450,0.8550,0.84498,0.84498,0.00000,0.00000,0
3194000,1.7000,0.8458,0.8542,0.84579,0.84579,0.00000,0.00000,0
3194500,1.7000,0.8458,0.8542,0.84579,0.84579,0.00000,0.00000,0
3195000,1.7000,0.8434,0.8566,0.84337,0.84337,0.00000,0.00000,0
3195500,1.7000,0.8458,0.8542,0.84579,0.84579,0.00000,0.00000,0
3196000,1.7000,0.8450,0.8550,0.84498,0.84498,0.00000,0.00000,0
3196500,1.7000,0.8450,0.8550,0.84498,0.84498,0.00000,0.00000,0
3197000,1.7000,0.8458,0.8542,0.84579,0.84579,0.00000,0.00000,0
3197500,1.7000,0.8450,0.8550,0.84498,0.84498,0.00000,0.00000,0
3198000,1.7000,0.8442,0.8558,0.84418,0.84418,0.00000,0.00000,0
3198500,1.7000,0.8442,0.8558,0.84418,0.84418,0.00000,0.00000,0
3199000,1.7000,0.8426,0.8574,0.84256,0.84256,0.00000,0.00000,0
3199500,1.7000,0.8426,0.8574,0.84256,0.84256,0.00000,0.00000,0
3200000,1.7000,0.8458,0.8542,0.84579,0.84579,0.00000,0.00000,0
3200500,1.7000,0.8442,0.8558,0.84418,0.84418,0.00000,0.00000,0
3201000,1.7000,0.8442,0.8558,0.84418,0.84418,0.00000,0.00000,0
3201500,1.7000,0.8442,0.8558,0.84418,0.84418,0.00000,0.00000,0
3202000,1.7000,0.8442,0.8558,0.84418,0.84418,0.00000,0.00000,0
3202500,1.7000,0.8458,0.8542,0.84579,0.84579,0.00000,0.00000,0
3203000,1.7000,0.8466,0.8534,0.84659,0.84659,0.00000,0.00000,0
3203500,1.7000,0.8490,0.8510,0.84901,0.84901,0.00000,0.00000,0
3204000,1.7000,0.8490,0.8510,0.84901,0.84901,0.00000,0.00000,0
3204500,1.7000,0.8482,0.8518,0.84821,0.84821,0.00000,0.00000,0
3205000,1.7000,0.8450,0.8550,0.84498,0.84498,0.00000,0.00000,0
3205500,1.7000,0.8450,0.8550,0.84498,0.84498,0.00000,0.00000,0
3206000,1.7000,0.8458,0.8542,0.84579,0.84579,0.00000,0.00000,0
3206500,1.7000,0.8458,0.8542,0.84579,0.84579,0.00000,0.00000,0
3207000,1.7000,0.8458,0.8542,0.84579,0.84579,0.00000,0.00000,0
3207500,1.7000,0.8450,0.8550,0.84498,0.84498,0.00000,0.00000,0
3208000,1.7000,0.8450,0.8550,0.84498,0.84498,0.00000,0.00000,0
3208500,1.7000,0.8434,0.8566,0.84337,0.84337,0.00000,0.00000,0
3209000,1.7000,0.8458,0.8542,0.84579,0.84579,0.00000,0.00000,0
3209500,1.7000,0.8458,0.8542,0.84579,0.84579,0.00000,0.00000,0
3210000,1.7000,0.8450,0.8550,0.84498,0.84498,0.00000,0.00000,0
3210500,1.7000,0.8458,0.8542,0.84579,0.84579,0.00000,0.00000,0
3211000,1.7000,0.8450,0.8550,0.84498,0.84498,0.00000,0.00000,0
3211500,1.7000,0.8450,0.8550,0.84498,0.84498,0.00000,0.00000,0
3212000,1.7000,0.8442,0.8558,0.84418,0.84418,0.00000,0.00000,0
3212500,1.7000,0.8442,0.8558,0.84418,0.84418,0.00000,0.00000,0
3213000,1.7000,0.8434,0.8566,0.84337,0.84337,0.00000,0.00000,0
3213500,1.7000,0.8450,0.8550,0.84498,0.84498,0.00000,0.00000,0
3214000,1.7000,0.8426,0.8574,0.84256,0.84256,0.00000,0.00000,0
3214500,1.7000,0.8426,0.8574,0.84256,0.84256,0.00000,0.00000,0
3215000,1.7000,0.8426,0.8574,0.84256,0.84256,0.00000,0.00000,0
3215500,1.7000,0.8426,0.8574,0.84256,0.84256,0.00000,0.00000,0
3216000,1.7000,0.8434,0.8566,0.84337,0.84337,0.00000,0.00000,0
3216500,1.7000,0.8426,0.8574,0.84256,0.84256,0.00000,0.00000,0
3217000,1.7000,0.8450,0.8550,0.84498,0.84498,0.00000,0.00000,0
3217500,1.7000,0.8450,0.8550,0.84498,0.84498,0.00000,0.00000,0
3218000,1.7000,0.8450,0.8550,0.84498,0.84498,0.00000,0.00000,0
3218500,1.7000,0.8434,0.8566,0.84337,0.84337,0.00000,0.00000,0
3219000,1.7000,0.8434,0.8566,0.84337,0.84337,0.00000,0.00000,0
3219500,1.7000,0.8442,0.8558,0.84418,0.84418,0.00000,0.00000,0
3220000,1.7000,0.8458,0.8542,0.84579,0.84579,0.00000,0.00000,0
3220500,1.7000,0.8482,0.8518,0.84821,0.84821,0.00000,0.00000,0
3221000,1.7000,0.8474,0.8526,0.84740,0.84740,0.00000,0.00000,0
3221500,1.7000,0.8482,0.8518,0.84821,0.84821,0.00000,0.00000,0
3222000,1.7000,0.8482,0.8518,0.84821,0.84821,0.00000,0.00000,0
3222500,1.7000,0.8490,0.8510,0.84901,0.84901,0.00000,0.00000,0
3223000,1.7000,0.8474,0.8526,0.84740,0.84740,0.00000,0.00000,0
3223500,1.7000,0.8482,0.8518,0.84821,0.84821,0.00000,0.00000,0
3224000,1.7000,0.8482,0.8518,0.84821,0.84821,0.00000,0.00000,0
3224500,1.7000,0.8490,0.8510,0.84901,0.84901,0.00000,0.00000,0
3225000,1.7000,0.8474,0.8526,0.84740,0.84740,0.00000,0.00000,0
3225500,1.7000,0.8442,0.8558,0.84418,0.84418,0.00000,0.00000,0
3226000,1.7000,0.8474,0.8526,0.84740,0.84740,0.00000,0.00000,0
3226500,1.7000,0.8466,0.8534,0.84659,0.84659,0.00000,0.00000,0
3227000,1.7000,0.8458,0.8542,0.84579,0.84579,0.00000,0.00000,0
3227500,1.7000,0.8458,0.8542,0.84579,0.84579,0.00000,0.00000,0
3228000,1.7000,0.8458,0.8542,0.84579,0.84579,0.00000,0.00000,0
3228500,1.7000,0.8442,0.8558,0.84418,0.84418,0.00000,0.00000,0
3229000,1.7000,0.8458,0.8542,0.84579,0.84579,0.00000,0.00000,0
3229500,1.7000,0.8458,0.8542,0.84579,0.84579,0.00000,0.00000,0
3230000,1.7000,0.8458,0.8542,0.84579,0.84579,0.00000,0.00000,0
3230500,1.7000,0.8458,0.8542,0.84579,0.84579,0.00000,0.00000,0
3231000,1.7000,0.8426,0.8574,0.84256,0.84256,0.00000,0.00000,0
3231500,1.7000,0.8434,0.8566,0.84337,0.84337,0.00000,0.00000,0
3232000,1.7000,0.8450,0.8550,0.84498,0.84498,0.00000,0.00000,0
3232500,1.7000,0.8442,0.8558,0.84418,0.84418,0.00000,0.00000,0
3233000,1.7000,0.8442,0.8558,0.84418,0.84418,0.00000,0.00000,0
3233500,1.7000,0.8458,0.8542,0.84579,0.84579,0.00000,0.00000,0
3234000,1.7000,0.8458,0.8542,0.84579,0.84579,0.00000,0.00000,0
3234500,1.7000,0.8442,0.8558,0.84418,0.84418,0.00000,0.00000,0
3235000,1.7000,0.8450,0.8550,0.84498,0.84498,0.00000,0.00000,0
3235500,1.7000,0.8458,0.8542,0.84579,0.84579,0.00000,0.00000,0
3236000,1.7000,0.8466,0.8534,0.84659,0.84659,0.00000,0.00000,0
3236500,1.7000,0.8466,0.8534,0.84659,0.84659,0.00000,0.00000,0
3237000,1.7000,0.8450,0.8550,0.84498,0.84498,0.00000,0.00000,0
3237500,1.7000,0.8458,0.8542,0.84579,0.84579,0.00000,0.00000,0
3238000,1.7000,0.8466,0.8534,0.84659,0.84659,0.00000,0.00000,0
3238500,1.7000,0.8450,0.8550,0.84498,0.84498,0.00000,0.00000,0
3239000,1.7000,0.8434,0.8566,0.84337,0.84337,0.00000,0.00000,0
3239500,1.7000,0.8458,0.8542,0.84579,0.84579,0.00000,0.00000,0
3240000,1.7000,0.8450,0.8550,0.84498,0.84498,0.00000,0.00000,0
3240500,1.7000,0.8442,0.8558,0.84418,0.84418,0.00000,0.00000,0
3241000,1.7000,0.8377,0.8623,0.83773,0.83773,0.00000,0.00000,0
3241500,1.7000,0.8369,0.8631,0.83692,0.83692,0.00000,0.00000,0
3242000,1.7000,0.8385,0.8615,0.83853,0.83853,0.00000,0.00000,0
3242500,1.7000,0.8385,0.8615,0.83853,0.83853,0.00000,0.00000,0
3243000,1.7000,0.8385,0.8615,0.83853,0.83853,0.00000,0.00000,0
3243500,1.7000,0.8393,0.8607,0.83934,0.83934,0.00000,0.00000,0
3244000,1.7000,0.8393,0.8607,0.83934,0.83934,0.00000,0.00000,0
3244500,1.7000,0.8369,0.8631,0.83692,0.83692,0.00000,0.00000,0
3245000,1.7000,0.8377,0.8623,0.83773,0.83773,0.00000,0.00000,0
3245500,1.7000,0.8385,0.8615,0.83853,0.83853,0.00000,0.00000,0
3246000,1.7000,0.8442,0.8558,0.84418,0.84418,0.00000,0.00000,0
3246500,1.7000,0.8418,0.8582,0.84176,0.84176,0.00000,0.00000,0
3247000,1.7000,0.8401,0.8599,0.84015,0.84015,0.00000,0.00000,0
3247500,1.7000,0.8393,0.8607,0.83934,0.83934,0.00000,0.00000,0
3248000,1.7000,0.8401,0.8599,0.84015,0.84015,0.00000,0.00000,0
3248500,1.7000,0.8401,0.8599,0.84015,0.84015,0.00000,0.00000,0
3249000,1.7000,0.8401,0.8599,0.84015,0.84015,0.00000,0.00000,0
3249500,1.7000,0.8418,0.8582,0.84176,0.84176,0.00000,0.00000,0
3250000,1.7000,0.8369,0.8631,0.83692,0.83692,0.00000,0.00000,0
3250500,1.7000,0.8377,0.8623,0.83773,0.83773,0.00000,0.00000,0
3251000,1.7000,0.8385,0.8615,0.83853,0.83853,0.00000,0.00000,0
3251500,1.7000,0.8426,0.8574,0.84256,0.84256,0.00000,0.00000,0
3252000,1.7000,0.8442,0.8558,0.84418,0.84418,0.00000,0.00000,0
3252500,1.7000,0.8458,0.8542,0.84579,0.84579,0.00000,0.00000,0
3253000,1.7000,0.8450,0.8550,0.84498,0.84498,0.00000,0.00000,0
3253500,1.7000,0.8434,0.8566,0.84337,0.84337,0.00000,0.00000,0
3254000,1.7000,0.8434,0.8566,0.84337,0.84337,0.00000,0.00000,0
3254500,1.7000,0.8426,0.8574,0.84256,0.84256,0.00000,0.00000,0
3255000,1.7000,0.8466,0.8534,0.84659,0.84659,0.00000,0.00000,0
3255500,1.7000,0.8466,0.8534,0.84659,0.84659,0.00000,0.00000,0
3256000,1.7000,0.8442,0.8558,0.84418,0.84418,0.00000,0.00000,0
3256500,1.7000,0.8426,0.8574,0.84256,0.84256,0.00000,0.00000,0
3257000,1.7000,0.8426,0.8574,0.84256,0.84256,0.00000,0.00000,0
3257500,1.7000,0.8426,0.8574,0.84256,0.84256,0.00000,0.00000,0
3258000,1.7000,0.8410,0.8590,0.84095,0.84095,0.00000,0.00000,0
3258500,1.7000,0.8426,0.8574,0.84256,0.84256,0.00000,0.00000,0
3259000,1.7000,0.8434,0.8566,0.84337,0.84337,0.00000,0.00000,0
3259500,1.7000,0.8434,0.8566,0.84337,0.84337,0.00000,0.00000,0
3260000,1.7000,0.8426,0.8574,0.84256,0.84256,0.00000,0.00000,0
3260500,1.7000,0.8426,0.8574,0.84256,0.84256,0.00000,0.00000,0
3261000,1.7000,0.8434,0.8566,0.84337,0.84337,0.00000,0.00000,0
3261500,1.7000,0.8434,0.8566,0.84337,0.84337,0.00000,0.00000,0
3262000,1.7000,0.8426,0.8574,0.84256,0.84256,0.00000,0.00000,0
3262500,1.7000,0.8418,0.8582,0.84176,0.84176,0.00000,0.00000,0
3263000,1.7000,0.8418,0.8582,0.84176,0.84176,0.00000,0.00000,0
3263500,1.7000,0.8401,0.8599,0.84015,0.84015,0.00000,0.00000,0
3264000,1.7000,0.8410,0.8590,0.84095,0.84095,0.00000,0.00000,0
3264500,1.7000,0.8410,0.8590,0.84095,0.84095,0.00000,0.00000,0
3265000,1.7000,0.8426,0.8574,0.84256,0.84256,0.00000,0.00000,0
3265500,1.7000,0.8426,0.8574,0.84256,0.84256,0.00000,0.00000,0
3266000,1.7000,0.8442,0.8558,0.84418,0.84418,0.00000,0.00000,0
3266500,1.7000,0.8450,0.8550,0.84498,0.84498,0.00000,0.00000,0
3267000,1.7000,0.8450,0.8550,0.84498,0.84498,0.00000,0.00000,0
3267500,1.7000,0.8458,0.8542,0.84579,0.84579,0.00000,0.00000,0
3268000,1.7000,0.8458,0.8542,0.84579,0.84579,0.00000,0.00000,0
3268500,1.7000,0.8482,0.8518,0.84821,0.84821,0.00000,0.00000,0
3269000,1.7000,0.8458,0.8542,0.84579,0.84579,0.00000,0.00000,0
3269500,1.7000,0.8466,0.8534,0.84659,0.84659,0.00000,0.00000,0
3270000,1.7000,0.8450,0.8550,0.84498,0.84498,0.00000,0.00000,0
3270500,1.7000,0.8458,0.8542,0.84579,0.84579,0.00000,0.00000,0
3271000,1.7000,0.8434,0.8566,0.84337,0.84337,0.00000,0.00000,0
3271500,1.7000,0.8418,0.8582,0.84176,0.84176,0.00000,0.00000,0
3272000,1.7000,0.8426,0.8574,0.84256,0.84256,0.00000,0.00000,0
3272500,1.7000,0.8434,0.8566,0.84337,0.84337,0.00000,0.00000,0
3273000,1.7000,0.8434,0.8566,0.84337,0.84337,0.00000,0.00000,0
3273500,1.7000,0.8434,0.8566,0.84337,0.84337,0.00000,0.00000,0
3274000,1.7000,0.8434,0.8566,0.84337,0.84337,0.00000,0.00000,0
3274500,1.7000,0.8426,0.8574,0.84256,0.84256,0.00000,0.00000,0
3275000,1.7000,0.8418,0.8582,0.84176,0.84176,0.00000,0.00000,0
3275500,1.7000,0.8410,0.8590,0.84095,0.84095,0.00000,0.00000,0
3276000,1.7000,0.8410,0.8590,0.84095,0.84095,0.00000,0.00000,0
3276500,1.7000,0.8426,0.8574,0.84256,0.84256,0.00000,0.00000,0
3277000,1.7000,0.8418,0.8582,0.84176,0.84176,0.00000,0.00000,0
3277500,1.7000,0.8401,0.8599,0.84015,0.84015,0.00000,0.00000,0
3278000,1.7000,0.8393,0.8607,0.83934,0.83934,0.00000,0.00000,0
3278500,1.7000,0.8393,0.8607,0.83934,0.83934,0.00000,0.00000,0
3279000,1.7000,0.8393,0.8607,0.83934,0.83934,0.00000,0.00000,0
3279500,1.7000,0.8401,0.8599,0.84015,0.84015,0.00000,0.00000,0
3280000,1.7000,0.8410,0.8590,0.84095,0.84095,0.00000,0.00000,0
3280500,1.7000,0.8418,0.8582,0.84176,0.84176,0.00000,0.00000,0
3281000,1.7000,0.8426,0.8574,0.84256,0.84256,0.00000,0.00000,0
3281500,1.7000,0.8426,0.8574,0.84256,0.84256,0.00000,0.00000,0
3282000,1.7000,0.8426,0.8574,0.84256,0.84256,0.00000,0.00000,0
3282500,1.7000,0.8434,0.8566,0.84337,0.84337,0.00000,0.00000,0
3283000,1.7000,0.8442,0.8558,0.84418,0.84418,0.00000,0.00000,0
3283500,1.7000,0.8450,0.8550,0.84498,0.84498,0.00000,0.00000,0
3284000,1.7000,0.8450,0.8550,0.84498,0.84498,0.00000,0.00000,0
3284500,1.7000,0.8450,0.8550,0.84498,0.84498,0.00000,0.00000,0
3285000,1.7000,0.8450,0.8550,0.84498,0.84498,0.00000,0.00000,0
3285500,1.7000,0.8450,0.8550,0.84498,0.84498,0.00000,0.00000,0
3286000,1.7000,0.8458,0.8542,0.84579,0.84579,0.00000,0.00000,0
3286500,1.7000,0.8450,0.8550,0.84498,0.84498,0.00000,0.00000,0
3287000,1.7000,0.8458,0.8542,0.84579,0.84579,0.00000,0.00000,0
3287500,1.7000,0.8458,0.8542,0.84579,0.84579,0.00000,0.00000,0
3288000,1.7000,0.8450,0.8550,0.84498,0.84498,0.00000,0.00000,0
3288500,1.7000,0.8434,0.8566,0.84337,0.84337,0.00000,0.00000,0
3289000,1.7000,0.8434,0.8566,0.84337,0.84337,0.00000,0.00000,0
3289500,1.7000,0.8426,0.8574,0.84256,0.84256,0.00000,0.00000,0
3290000,1.7000,0.8426,0.8574,0.84256,0.84256,0.00000,0.00000,0
3290500,1.7000,0.8418,0.8582,0.84176,0.84176,0.00000,0.00000,0
3291000,1.7000,0.8401,0.8599,0.84015,0.84015,0.00000,0.00000,0
3291500,1.7000,0.8418,0.8582,0.84176,0.84176,0.00000,0.00000,0
3292000,1.7000,0.8410,0.8590,0.84095,0.84095,0.00000,0.00000,0
3292500,1.7000,0.8410,0.8590,0.84095,0.84095,0.00000,0.00000,0
3293000,1.7000,0.8418,0.8582,0.84176,0.84176,0.00000,0.00000,0
3293500,1.7000,0.8426,0.8574,0.84256,0.84256,0.00000,0.00000,0
3294000,1.7000,0.8426,0.8574,0.84256,0.84256,0.00000,0.00000,0
3294500,1.7000,0.8418,0.8582,0.84176,0.84176,0.00000,0.00000,0
3295000,1.7000,0.8418,0.8582,0.84176,0.84176,0.00000,0.00000,0
3295500,1.7000,0.8426,0.8574,0.84256,0.84256,0.00000,0.00000,0
3296000,1.7000,0.8418,0.8582,0.84176,0.84176,0.00000,0.00000,0
3296500,1.7000,0.8393,0.8607,0.83934,0.83934,0.00000,0.00000,0
3297000,1.7000,0.8393,0.8607,0.83934,0.83934,0.00000,0.00000,0
3297500,1.7000,0.8393,0.8607,0.83934,0.83934,0.00000,0.00000,0
3298000,1.7000,0.8410,0.8590,0.84095,0.84095,0.00000,0.00000,0
3298500,1.7000,0.8401,0.8599,0.84015,0.84015,0.00000,0.00000,0
3299000,1.7000,0.8401,0.8599,0.84015,0.84015,0.00000,0.00000,0
3299500,1.7000,0.8393,0.8607,0.83934,0.83934,0.00000,0.00000,0
3300000,1.7000,0.8377,0.8623,0.83773,0.83773,0.00000,0.00000,0
3300500,1.7000,0.8377,0.8623,0.83773,0.83773,0.00000,0.00000,0
3301000,1.7000,0.8385,0.8615,0.83853,0.83853,0.00000,0.00000,0
3301500,1.7000,0.8401,0.8599,0.84015,0.84015,0.00000,0.00000,0
3302000,1.7000,0.8401,0.8599,0.84015,0.84015,0.00000,0.00000,0
3302500,1.7000,0.8418,0.8582,0.84176,0.84176,0.00000,0.00000,0
3303000,1.7000,0.8401,0.8599,0.84015,0.84015,0.00000,0.00000,0
3303500,1.7000,0.8418,0.8582,0.84176,0.84176,0.00000,0.00000,0
3304000,1.7000,0.8418,0.8582,0.84176,0.84176,0.00000,0.00000,0
3304500,1.7000,0.8434,0.8566,0.84337,0.84337,0.00000,0.00000,0
3305000,1.7000,0.8434,0.8566,0.84337,0.84337,0.00000,0.00000,0
3305500,1.7000,0.8434,0.8566,0.84337,0.84337,0.00000,0.00000,0
3306000,1.7000,0.8426,0.8574,0.84256,0.84256,0.00000,0.00000,0
3306500,1.7000,0.8418,0.8582,0.84176,0.84176,0.00000,0.00000,0
3307000,1.7000,0.8418,0.8582,0.84176,0.84176,0.00000,0.00000,0
3307500,1.7000,0.8401,0.8599,0.84015,0.84015,0.00000,0.00000,0
3308000,1.7000,0.8410,0.8590,0.84095,0.84095,0.00000,0.00000,0
3308500,1.7000,0.8393,0.8607,0.83934,0.83934,0.00000,0.00000,0
3309000,1.7000,0.8393,0.8607,0.83934,0.83934,0.00000,0.00000,0
3309500,1.7000,0.8393,0.8607,0.83934,0.83934,0.00000,0.00000,0
3310000,1.7000,0.8393,0.8607,0.83934,0.83934,0.00000,0.00000,0
3310500,1.7000,0.8385,0.8615,0.83853,0.83853,0.00000,0.00000,0
3311000,1.7000,0.8393,0.8607,0.83934,0.83934,0.00000,0.00000,0
3311500,1.7000,0.8401,0.8599,0.84015,0.84015,0.00000,0.00000,0
3312000,1.7000,0.8401,0.8599,0.84015,0.84015,0.00000,0.00000,0
3312500,1.7000,0.8410,0.8590,0.84095,0.84095,0.00000,0.00000,0
3313000,1.7000,0.8442,0.8558,0.84418,0.84418,0.00000,0.00000,0
3313500,1.7000,0.8442,0.8558,0.84418,0.84418,0.00000,0.00000,0
3314000,1.7000,0.8442,0.8558,0.84418,0.84418,0.00000,0.00000,0
3314500,1.7000,0.8442,0.8558,0.84418,0.84418,0.00000,0.00000,0
3315000,1.7000,0.8458,0.8542,0.84579,0.84579,0.00000,0.00000,0
3315500,1.7000,0.8466,0.8534,0.84659,0.84659,0.00000,0.00000,0
3316000,1.7000,0.8458,0.8542,0.84579,0.84579,0.00000,0.00000,0
3316500,1.7000,0.8458,0.8542,0.84579,0.84579,0.00000,0.00000,0
3317000,1.7000,0.8458,0.8542,0.84579,0.84579,0.00000,0.00000,0
3317500,1.7000,0.8450,0.8550,0.84498,0.84498,0.00000,0.00000,0
3318000,1.7000,0.8426,0.8574,0.84256,0.84256,0.00000,0.00000,0
3318500,1.7000,0.8426,0.8574,0.84256,0.84256,0.00000,0.00000,0
3319000,1.7000,0.8410,0.8590,0.84095,0.84095,0.00000,0.00000,0
3319500,1.7000,0.8418,0.8582,0.84176,0.84176,0.00000,0.00000,0
3320000,1.7000,0.8410,0.8590,0.84095,0.84095,0.00000,0.00000,0
3320500,1.7000,0.8410,0.8590,0.84095,0.84095,0.00000,0.00000,0
3321000,1.7000,0.8458,0.8542,0.84579,0.84579,0.00000,0.00000,0
3321500,1.7000,0.8442,0.8558,0.84418,0.84418,0.00000,0.00000,0
3322000,1.7000,0.8442,0.8558,0.84418,0.84418,0.00000,0.00000,0
3322500,1.7000,0.8450,0.8550,0.84498,0.84498,0.00000,0.00000,0
3323000,1.7000,0.8434,0.8566,0.84337,0.84337,0.00000,0.00000,0
3323500,1.7000,0.8450,0.8550,0.84498,0.84498,0.00000,0.00000,0
3324000,1.7000,0.8466,0.8534,0.84659,0.84659,0.00000,0.00000,0
3324500,1.7000,0.8450,0.8550,0.84498,0.84498,0.00000,0.00000,0
3325000,1.7000,0.8474,0.8526,0.84740,0.84740,0.00000,0.00000,0
3325500,1.7000,0.8466,0.8534,0.84659,0.84659,0.00000,0.00000,0
3326000,1.7000,0.8418,0.8582,0.84176,0.84176,0.00000,0.00000,0
3326500,1.7000,0.8426,0.8574,0.84256,0.84256,0.00000,0.00000,0
3327000,1.7000,0.8434,0.8566,0.84337,0.84337,0.00000,0.00000,0
3327500,1.7000,0.8426,0.8574,0.84256,0.84256,0.00000,0.00000,0
3328000,1.7000,0.8418,0.8582,0.84176,0.84176,0.00000,0.00000,0
3328500,1.7000,0.8410,0.8590,0.84095,0.84095,0.00000,0.00000,0
3329000,1.7000,0.8401,0.8599,0.84015,0.84015,0.00000,0.00000,0
3329500,1.7000,0.8393,0.8607,0.83934,0.83934,0.00000,0.00000,0
3330000,1.7000,0.8377,0.8623,0.83773,0.83773,0.00000,0.00000,0
3330500,1.7000,0.8377,0.8623,0.83773,0.83773,0.00000,0.00000,0
3331000,1.7000,0.8377,0.8623,0.83773,0.83773,0.00000,0.00000,0
3331500,1.7000,0.8353,0.8647,0.83531,0.83531,0.00000,0.00000,0
3332000,1.7000,0.8361,0.8639,0.83612,0.83612,0.00000,0.00000,0
3332500,1.7000,0.8361,0.8639,0.83612,0.83612,0.00000,0.00000,0
3333000,1.7000,0.8361,0.8639,0.83612,0.83612,0.00000,0.00000,0
3333500,1.7000,0.8369,0.8631,0.83692,0.83692,0.00000,0.00000,0
3334000,1.7000,0.8369,0.8631,0.83692,0.83692,0.00000,0.00000,0
3334500,1.7000,0.8385,0.8615,0.83853,0.83853,0.00000,0.00000,0
3335000,1.7000,0.8393,0.8607,0.83934,0.83934,0.00000,0.00000,0
3335500,1.7000,0.8385,0.8615,0.83853,0.83853,0.00000,0.00000,0
3336000,1.7000,0.8385,0.8615,0.83853,0.83853,0.00000,0.00000,0
3336500,1.7000,0.8410,0.8590,0.84095,0.84095,0.00000,0.00000,0
3337000,1.7000,0.8426,0.8574,0.84256,0.84256,0.00000,0.00000,0
3337500,1.7000,0.8418,0.8582,0.84176,0.84176,0.00000,0.00000,0
3338000,1.7000,0.8434,0.8566,0.84337,0.84337,0.00000,0.00000,0
3338500,1.7000,0.8442,0.8558,0.84418,0.84418,0.00000,0.00000,0
3339000,1.7000,0.8418,0.8582,0.84176,0.84176,0.00000,0.00000,0
3339500,1.7000,0.8410,0.8590,0.84095,0.84095,0.00000,0.00000,0
3340000,1.7000,0.8401,0.8599,0.84015,0.84015,0.00000,0.00000,0
3340500,1.7000,0.8418,0.8582,0.84176,0.84176,0.00000,0.00000,0
3341000,1.7000,0.8410,0.8590,0.84095,0.84095,0.00000,0.00000,0
3341500,1.7000,0.8410,0.8590,0.84095,0.84095,0.00000,0.00000,0
3342000,1.7000,0.8401,0.8599,0.84015,0.84015,0.00000,0.00000,0
3342500,1.7000,0.8401,0.8599,0.84015,0.84015,0.00000,0.00000,0
3343000,1.7000,0.8418,0.8582,0.84176,0.84176,0.00000,0.00000,0
3343500,1.7000,0.8401,0.8599,0.84015,0.84015,0.00000,0.00000,0
3344000,1.7000,0.8442,0.8558,0.84418,0.84418,0.00000,0.00000,0
3344500,1.7000,0.8442,0.8558,0.84418,0.84418,0.00000,0.00000,0
3345000,1.7000,0.8442,0.8558,0.84418,0.84418,0.00000,0.00000,0
3345500,1.7000,0.8442,0.8558,0.84418,0.84418,0.00000,0.00000,0
3346000,1.7000,0.8450,0.8550,0.84498,0.84498,0.00000,0.00000,0
3346500,1.7000,0.8442,0.8558,0.84418,0.84418,0.00000,0.00000,0
3347000,1.7000,0.8426,0.8574,0.84256,0.84256,0.00000,0.00000,0
3347500,1.7000,0.8426,0.8574,0.84256,0.84256,0.00000,0.00000,0
3348000,1.7000,0.8410,0.8590,0.84095,0.84095,0.00000,0.00000,0
3348500,1.7000,0.8410,0.8590,0.84095,0.84095,0.00000,0.00000,0
3349000,1.7000,0.8410,0.8590,0.84095,0.84095,0.00000,0.00000,0
3349500,1.7000,0.8401,0.8599,0.84015,0.84015,0.00000,0.00000,0
3350000,1.7000,0.8418,0.8582,0.84176,0.84176,0.00000,0.00000,0
3350500,1.7000,0.8418,0.8582,0.84176,0.84176,0.00000,0.00000,0
3351000,1.7000,0.8418,0.8582,0.84176,0.84176,0.00000,0.00000,0
3351500,1.7000,0.8434,0.8566,0.84337,0.84337,0.00000,0.00000,0
3352000,1.7000,0.8434,0.8566,0.84337,0.84337,0.00000,0.00000,0
3352500,1.7000,0.8442,0.8558,0.84418,0.84418,0.00000,0.00000,0
3353000,1.7000,0.8434,0.8566,0.84337,0.84337,0.00000,0.00000,0
3353500,1.7000,0.8434,0.8566,0.84337,0.84337,0.00000,0.00000,0
3354000,1.7000,0.8434,0.8566,0.84337,0.84337,0.00000,0.00000,0
3354500,1.7000,0.8442,0.8558,0.84418,0.84418,0.00000,0.00000,0
3355000,1.7000,0.8434,0.8566,0.84337,0.84337,0.00000,0.00000,0
3355500,1.7000,0.8418,0.8582,0.84176,0.84176,0.00000,0.00000,0
3356000,1.7000,0.8410,0.8590,0.84095,0.84095,0.00000,0.00000,0
3356500,1.7000,0.8410,0.8590,0.84095,0.84095,0.00000,0.00000,0
3357000,1.7000,0.8418,0.8582,0.84176,0.84176,0.00000,0.00000,0
3357500,1.7000,0.8418,0.8582,0.84176,0.84176,0.00000,0.00000,0
3358000,1.7000,0.8426,0.8574,0.84256,0.84256,0.00000,0.00000,0
3358500,1.7000,0.8418,0.8582,0.84176,0.84176,0.00000,0.00000,0
3359000,1.7000,0.8442,0.8558,0.84418,0.84418,0.00000,0.00000,0
3359500,1.7000,0.8426,0.8574,0.84256,0.84256,0.00000,0.00000,0
3360000,1.7000,0.8426,0.8574,0.84256,0.84256,0.00000,0.00000,0
3360500,1.7000,0.8426,0.8574,0.84256,0.84256,0.00000,0.00000,0
3361000,1.7000,0.8442,0.8558,0.84418,0.84418,0.00000,0.00000,0
3361500,1.7000,0.8450,0.8550,0.84498,0.84498,0.00000,0.00000,0
3362000,1.7000,0.8466,0.8534,0.84659,0.84659,0.00000,0.00000,0
3362500,1.7000,0.8450,0.8550,0.84498,0.84498,0.00000,0.00000,0
3363000,1.7000,0.8442,0.8558,0.84418,0.84418,0.00000,0.00000,0
3363500,1.7000,0.8442,0.8558,0.84418,0.84418,0.00000,0.00000,0
3364000,1.7000,0.8426,0.8574,0.84256,0.84256,0.00000,0.00000,0
3364500,1.7000,0.8426,0.8574,0.84256,0.84256,0.00000,0.00000,0
3365000,1.7000,0.8418,0.8582,0.84176,0.84176,0.00000,0.00000,0
3365500,1.7000,0.8418,0.8582,0.84176,0.84176,0.00000,0.00000,0
3366000,1.7000,0.8401,0.8599,0.84015,0.84015,0.00000,0.00000,0
3366500,1.7000,0.8401,0.8599,0.84015,0.84015,0.00000,0.00000,0
3367000,1.7000,0.8377,0.8623,0.83773,0.83773,0.00000,0.00000,0
3367500,1.7000,0.8401,0.8599,0.84015,0.84015,0.00000,0.00000,0
3368000,1.7000,0.8410,0.8590,0.84095,0.84095,0.00000,0.00000,0
3368500,1.7000,0.8410,0.8590,0.84095,0.84095,0.00000,0.00000,0
3369000,1.7000,0.8410,0.8590,0.84095,0.84095,0.00000,0.00000,0
3369500,1.7000,0.8418,0.8582,0.84176,0.84176,0.00000,0.00000,0
3370000,1.7000,0.8426,0.8574,0.84256,0.84256,0.00000,0.00000,0
3370500,1.7000,0.8426,0.8574,0.84256,0.84256,0.00000,0.00000,0
3371000,1.7000,0.8401,0.8599,0.84015,0.84015,0.00000,0.00000,0
3371500,1.7000,0.8401,0.8599,0.84015,0.84015,0.00000,0.00000,0
3372000,1.7000,0.8401,0.8599,0.84015,0.84015,0.00000,0.00000,0
3372500,1.7000,0.8401,0.8599,0.84015,0.84015,0.00000,0.00000,0
3373000,1.7000,0.8393,0.8607,0.83934,0.83934,0.00000,0.00000,0
3373500,1.7000,0.8377,0.8623,0.83773,0.83773,0.00000,0.00000,0
3374000,1.7000,0.8369,0.8631,0.83692,0.83692,0.00000,0.00000,0
3374500,1.7000,0.8353,0.8647,0.83531,0.83531,0.00000,0.00000,0
3375000,1.7000,0.8353,0.8647,0.83531,0.83531,0.00000,0.00000,0
3375500,1.7000,0.8353,0.8647,0.83531,0.83531,0.00000,0.00000,0
3376000,1.7000,0.8385,0.8615,0.83853,0.83853,0.00000,0.00000,0
3376500,1.7000,0.8377,0.8623,0.83773,0.83773,0.00000,0.00000,0
3377000,1.7000,0.8393,0.8607,0.83934,0.83934,0.00000,0.00000,0
3377500,1.7000,0.8377,0.8623,0.83773,0.83773,0.00000,0.00000,0
3378000,1.7000,0.8385,0.8615,0.83853,0.83853,0.00000,0.00000,0
3378500,1.7000,0.8401,0.8599,0.84015,0.84015,0.00000,0.00000,0
3379000,1.7000,0.8401,0.8599,0.84015,0.84015,0.00000,0.00000,0
3379500,1.7000,0.8418,0.8582,0.84176,0.84176,0.00000,0.00000,0
3380000,1.7000,0.8418,0.8582,0.84176,0.84176,0.00000,0.00000,0
3380500,1.7000,0.8418,0.8582,0.84176,0.84176,0.00000,0.00000,0
3381000,1.7000,0.8418,0.8582,0.84176,0.84176,0.00000,0.00000,0
3381500,1.7000,0.8418,0.8582,0.84176,0.84176,0.00000,0.00000,0
3382000,1.7000,0.8410,0.8590,0.84095,0.84095,0.00000,0.00000,0
3382500,1.7000,0.8410,0.8590,0.84095,0.84095,0.00000,0.00000,0
3383000,1.7000,0.8410,0.8590,0.84095,0.84095,0.00000,0.00000,0
3383500,1.7000,0.8418,0.8582,0.84176,0.84176,0.00000,0.00000,0
3384000,1.7000,0.8418,0.8582,0.84176,0.84176,0.00000,0.00000,0
3384500,1.7000,0.8410,0.8590,0.84095,0.84095,0.00000,0.00000,0
3385000,1.7000,0.8418,0.8582,0.84176,0.84176,0.00000,0.00000,0
3385500,1.7000,0.8418,0.8582,0.84176,0.84176,0.00000,0.00000,0
3386000,1.7000,0.8418,0.8582,0.84176,0.84176,0.00000,0.00000,0
3386500,1.7000,0.8418,0.8582,0.84176,0.84176,0.00000,0.00000,0
3387000,1.7000,0.8418,0.8582,0.84176,0.84176,0.00000,0.00000,0
3387500,1.7000,0.8418,0.8582,0.84176,0.84176,0.00000,0.00000,0
3388000,1.7000,0.8418,0.8582,0.84176,0.84176,0.00000,0.00000,0
3388500,1.7000,0.8450,0.8550,0.84498,0.84498,0.00000,0.00000,0
3389000,1.7000,0.8450,0.8550,0.84498,0.84498,0.00000,0.00000,0
3389500,1.7000,0.8450,0.8550,0.84498,0.84498,0.00000,0.00000,0
3390000,1.7000,0.8434,0.8566,0.84337,0.84337,0.00000,0.00000,0
3390500,1.7000,0.8450,0.8550,0.84498,0.84498,0.00000,0.00000,0
3391000,1.7000,0.8450,0.8550,0.84498,0.84498,0.00000,0.00000,0
3391500,1.7000,0.8450,0.8550,0.84498,0.84498,0.00000,0.00000,0
3392000,1.7000,0.8450,0.8550,0.84498,0.84498,0.00000,0.00000,0
3392500,1.7000,0.8450,0.8550,0.84498,0.84498,0.00000,0.00000,0
3393000,1.7000,0.8442,0.8558,0.84418,0.84418,0.00000,0.00000,0
3393500,1.7000,0.8410,0.8590,0.84095,0.84095,0.00000,0.00000,0
3394000,1.7000,0.8410,0.8590,0.84095,0.84095,0.00000,0.00000,0
3394500,1.7000,0.8410,0.8590,0.84095,0.84095,0.00000,0.00000,0
3395000,1.7000,0.8410,0.8590,0.84095,0.84095,0.00000,0.00000,0
3395500,1.7000,0.8385,0.8615,0.83853,0.83853,0.00000,0.00000,0
3396000,1.7000,0.8377,0.8623,0.83773,0.83773,0.00000,0.00000,0
3396500,1.7000,0.8369,0.8631,0.83692,0.83692,0.00000,0.00000,0
3397000,1.7000,0.8369,0.8631,0.83692,0.83692,0.00000,0.00000,0
3397500,1.7000,0.8418,0.8582,0.84176,0.84176,0.00000,0.00000,0
3398000,1.7000,0.8426,0.8574,0.84256,0.84256,0.00000,0.00000,0
3398500,1.7000,0.8426,0.8574,0.84256,0.84256,0.00000,0.00000,0
3399000,1.7000,0.8401,0.8599,0.84015,0.84015,0.00000,0.00000,0
3399500,1.7000,0.8401,0.8599,0.84015,0.84015,0.00000,0.00000,0
3400000,1.7000,0.8401,0.8599,0.84015,0.84015,0.00000,0.00000,0
3400500,1.7000,0.8418,0.8582,0.84176,0.84176,0.00000,0.00000,0
3401000,1.7000,0.8426,0.8574,0.84256,0.84256,0.00000,0.00000,0
3401500,1.7000,0.8434,0.8566,0.84337,0.84337,0.00000,0.00000,0
3402000,1.7000,0.8442,0.8558,0.84418,0.84418,0.00000,0.00000,0
3402500,1.7000,0.8401,0.8599,0.84015,0.84015,0.00000,0.00000,0
3403000,1.7000,0.8393,0.8607,0.83934,0.83934,0.00000,0.00000,0
3403500,1.7000,0.8393,0.8607,0.83934,0.83934,0.00000,0.00000,0
3404000,1.7000,0.8401,0.8599,0.84015,0.84015,0.00000,0.00000,0
3404500,1.7000,0.8410,0.8590,0.84095,0.84095,0.00000,0.00000,0
3405000,1.7000,0.8410,0.8590,0.84095,0.84095,0.00000,0.00000,0
3405500,1.7000,0.8401,0.8599,0.84015,0.84015,0.00000,0.00000,0
3406000,1.7000,0.8410,0.8590,0.84095,0.84095,0.00000,0.00000,0
3406500,1.7000,0.8410,0.8590,0.84095,0.84095,0.00000,0.00000,0
3407000,1.7000,0.8410,0.8590,0.84095,0.84095,0.00000,0.00000,0
3407500,1.7000,0.8410,0.8590,0.84095,0.84095,0.00000,0.00000,0
3408000,1.7000,0.8418,0.8582,0.84176,0.84176,0.00000,0.00000,0
3408500,1.7000,0.8418,0.8582,0.84176,0.84176,0.00000,0.00000,0
3409000,1.7000,0.8426,0.8574,0.84256,0.84256,0.00000,0.00000,0
3409500,1.7000,0.8434,0.8566,0.84337,0.84337,0.00000,0.00000,0
3410000,1.7000,0.8426,0.8574,0.84256,0.84256,0.00000,0.00000,0
3410500,1.7000,0.8442,0.8558,0.84418,0.84418,0.00000,0.00000,0
3411000,1.7000,0.8434,0.8566,0.84337,0.84337,0.00000,0.00000,0
3411500,1.7000,0.8426,0.8574,0.84256,0.84256,0.00000,0.00000,0
3412000,1.7000,0.8426,0.8574,0.84256,0.84256,0.00000,0.00000,0
3412500,1.7000,0.8434,0.8566,0.84337,0.84337,0.00000,0.00000,0
3413000,1.7000,0.8434,0.8566,0.84337,0.84337,0.00000,0.00000,0
3413500,1.7000,0.8434,0.8566,0.84337,0.84337,0.00000,0.00000,0
3414000,1.7000,0.8434,0.8566,0.84337,0.84337,0.00000,0.00000,0
3414500,1.7000,0.8410,0.8590,0.84095,0.84095,0.00000,0.00000,0
3415000,1.7000,0.8426,0.8574,0.84256,0.84256,0.00000,0.00000,0
3415500,1.7000,0.8418,0.8582,0.84176,0.84176,0.00000,0.00000,0
3416000,1.7000,0.8418,0.8582,0.84176,0.84176,0.00000,0.00000,0
3416500,1.7000,0.8418,0.8582,0.84176,0.84176,0.00000,0.00000,0
3417000,1.7000,0.8418,0.8582,0.84176,0.84176,0.00000,0.00000,0
3417500,1.7000,0.8393,0.8607,0.83934,0.83934,0.00000,0.00000,0
3418000,1.7000,0.8393,0.8607,0.83934,0.83934,0.00000,0.00000,0
3418500,1.7000,0.8393,0.8607,0.83934,0.83934,0.00000,0.00000,0
3419000,1.7000,0.8393,0.8607,0.83934,0.83934,0.00000,0.00000,0
3419500,1.7000,0.8410,0.8590,0.84095,0.84095,0.00000,0.00000,0
3420000,1.7000,0.8385,0.8615,0.83853,0.83853,0.00000,0.00000,0
3420500,1.7000,0.8401,0.8599,0.84015,0.84015,0.00000,0.00000,0
3421000,1.7000,0.8401,0.8599,0.84015,0.84015,0.00000,0.00000,0
3421500,1.7000,0.8418,0.8582,0.84176,0.84176,0.00000,0.00000,0
3422000,1.7000,0.8426,0.8574,0.84256,0.84256,0.00000,0.00000,0
3422500,1.7000,0.8434,0.8566,0.84337,0.84337,0.00000,0.00000,0
3423000,1.7000,0.8434,0.8566,0.84337,0.84337,0.00000,0.00000,0
3423500,1.7000,0.8434,0.8566,0.84337,0.84337,0.00000,0.00000,0
3424000,1.7000,0.8426,0.8574,0.84256,0.84256,0.00000,0.00000,0
3424500,1.7000,0.8418,0.8582,0.84176,0.84176,0.00000,0.00000,0
3425000,1.7000,0.8426,0.8574,0.84256,0.84256,0.00000,0.00000,0
3425500,1.7000,0.8426,0.8574,0.84256,0.84256,0.00000,0.00000,0
3426000,1.7000,0.8418,0.8582,0.84176,0.84176,0.00000,0.00000,0
3426500,1.7000,0.8410,0.8590,0.84095,0.84095,0.00000,0.00000,0
3427000,1.7000,0.8385,0.8615,0.83853,0.83853,0.00000,0.00000,0
3427500,1.7000,0.8385,0.8615,0.83853,0.83853,0.00000,0.00000,0
3428000,1.7000,0.8377,0.8623,0.83773,0.83773,0.00000,0.00000,0
3428500,1.7000,0.8369,0.8631,0.83692,0.83692,0.00000,0.00000,0
3429000,1.7000,0.8377,0.8623,0.83773,0.83773,0.00000,0.00000,0
3429500,1.7000,0.8385,0.8615,0.83853,0.83853,0.00000,0.00000,0
3430000,1.7000,0.8393,0.8607,0.83934,0.83934,0.00000,0.00000,0
3430500,1.7000,0.8385,0.8615,0.83853,0.83853,0.00000,0.00000,0
3431000,1.7000,0.8369,0.8631,0.83692,0.83692,0.00000,0.00000,0
3431500,1.7000,0.8377,0.8623,0.83773,0.83773,0.00000,0.00000,0
3432000,1.7000,0.8377,0.8623,0.83773,0.83773,0.00000,0.00000,0
3432500,1.7000,0.8377,0.8623,0.83773,0.83773,0.00000,0.00000,0
3433000,1.7000,0.8385,0.8615,0.83853,0.83853,0.00000,0.00000,0
3433500,1.7000,0.8393,0.8607,0.83934,0.83934,0.00000,0.00000,0
3434000,1.7000,0.8393,0.8607,0.83934,0.83934,0.00000,0.00000,0
3434500,1.7000,0.8385,0.8615,0.83853,0.83853,0.00000,0.00000,0
3435000,1.7000,0.8385,0.8615,0.83853,0.83853,0.00000,0.00000,0
3435500,1.7000,0.8385,0.8615,0.83853,0.83853,0.00000,0.00000,0
3436000,1.7000,0.8410,0.8590,0.84095,0.84095,0.00000,0.00000,0
3436500,1.7000,0.8418,0.8582,0.84176,0.84176,0.00000,0.00000,0
3437000,1.7000,0.8434,0.8566,0.84337,0.84337,0.00000,0.00000,0
3437500,1.7000,0.8426,0.8574,0.84256,0.84256,0.00000,0.00000,0
3438000,1.7000,0.8426,0.8574,0.84256,0.84256,0.00000,0.00000,0
3438500,1.7000,0.8426,0.8574,0.84256,0.84256,0.00000,0.00000,0
3439000,1.7000,0.8426,0.8574,0.84256,0.84256,0.00000,0.00000,0
3439500,1.7000,0.8442,0.8558,0.84418,0.84418,0.00000,0.00000,0
3440000,1.7000,0.8442,0.8558,0.84418,0.84418,0.00000,0.00000,0
3440500,1.7000,0.8442,0.8558,0.84418,0.84418,0.00000,0.00000,0
3441000,1.7000,0.8434,0.8566,0.84337,0.84337,0.00000,0.00000,0
3441500,1.7000,0.8410,0.8590,0.84095,0.84095,0.00000,0.00000,0
3442000,1.7000,0.8410,0.8590,0.84095,0.84095,0.00000,0.00000,0
3442500,1.7000,0.8418,0.8582,0.84176,0.84176,0.00000,0.00000,0
3443000,1.7000,0.8418,0.8582,0.84176,0.84176,0.00000,0.00000,0
3443500,1.7000,0.8418,0.8582,0.84176,0.84176,0.00000,0.00000,0
3444000,1.7000,0.8393,0.8607,0.83934,0.83934,0.00000,0.00000,0
3444500,1.7000,0.8385,0.8615,0.83853,0.83853,0.00000,0.00000,0
3445000,1.7000,0.8377,0.8623,0.83773,0.83773,0.00000,0.00000,0
3445500,1.7000,0.8369,0.8631,0.83692,0.83692,0.00000,0.00000,0
3446000,1.7000,0.8353,0.8647,0.83531,0.83531,0.00000,0.00000,0
3446500,1.7000,0.8361,0.8639,0.83612,0.83612,0.00000,0.00000,0
3447000,1.7000,0.8369,0.8631,0.83692,0.83692,0.00000,0.00000,0
3447500,1.7000,0.8361,0.8639,0.83612,0.83612,0.00000,0.00000,0
3448000,1.7000,0.8369,0.8631,0.83692,0.83692,0.00000,0.00000,0
3448500,1.7000,0.8377,0.8623,0.83773,0.83773,0.00000,0.00000,0
3449000,1.7000,0.8393,0.8607,0.83934,0.83934,0.00000,0.00000,0
3449500,1.7000,0.8385,0.8615,0.83853,0.83853,0.00000,0.00000,0
3450000,1.7000,0.8385,0.8615,0.83853,0.83853,0.00000,0.00000,0
3450500,1.7000,0.8385,0.8615,0.83853,0.83853,0.00000,0.00000,0
3451000,1.7000,0.8410,0.8590,0.84095,0.84095,0.00000,0.00000,0
3451500,1.7000,0.8418,0.8582,0.84176,0.84176,0.00000,0.00000,0
3452000,1.7000,0.8410,0.8590,0.84095,0.84095,0.00000,0.00000,0
3452500,1.7000,0.8410,0.8590,0.84095,0.84095,0.00000,0.00000,0
3453000,1.7000,0.8410,0.8590,0.84095,0.84095,0.00000,0.00000,0
3453500,1.7000,0.8401,0.8599,0.84015,0.84015,0.00000,0.00000,0
3454000,1.7000,0.8401,0.8599,0.84015,0.84015,0.00000,0.00000,0
3454500,1.7000,0.8418,0.8582,0.84176,0.84176,0.00000,0.00000,0
3455000,1.7000,0.8418,0.8582,0.84176,0.84176,0.00000,0.00000,0
3455500,1.7000,0.8418,0.8582,0.84176,0.84176,0.00000,0.00000,0
3456000,1.7000,0.8410,0.8590,0.84095,0.84095,0.00000,0.00000,0
3456500,1.7000,0.8418,0.8582,0.84176,0.84176,0.00000,0.00000,0
3457000,1.7000,0.8426,0.8574,0.84256,0.84256,0.00000,0.00000,0
3457500,1.7000,0.8426,0.8574,0.84256,0.84256,0.00000,0.00000,0
3458000,1.7000,0.8410,0.8590,0.84095,0.84095,0.00000,0.00000,0
3458500,1.7000,0.8418,0.8582,0.84176,0.84176,0.00000,0.00000,0
3459000,1.7000,0.8418,0.8582,0.84176,0.84176,0.00000,0.00000,0
3459500,1.7000,0.8410,0.8590,0.84095,0.84095,0.00000,0.00000,0
3460000,1.7000,0.8466,0.8534,0.84659,0.84659,0.00000,0.00000,0
3460500,1.7000,0.8466,0.8534,0.84659,0.84659,0.00000,0.00000,0
3461000,1.7000,0.8466,0.8534,0.84659,0.84659,0.00000,0.00000,0
3461500,1.7000,0.8458,0.8542,0.84579,0.84579,0.00000,0.00000,0
3462000,1.7000,0.8434,0.8566,0.84337,0.84337,0.00000,0.00000,0
3462500,1.7000,0.8426,0.8574,0.84256,0.84256,0.00000,0.00000,0
3463000,1.7000,0.8442,0.8558,0.84418,0.84418,0.00000,0.00000,0
3463500,1.7000,0.8442,0.8558,0.84418,0.84418,0.00000,0.00000,0
3464000,1.7000,0.8450,0.8550,0.84498,0.84498,0.00000,0.00000,0
3464500,1.7000,0.8434,0.8566,0.84337,0.84337,0.00000,0.00000,0
3465000,1.7000,0.8385,0.8615,0.83853,0.83853,0.00000,0.00000,0
3465500,1.7000,0.8385,0.8615,0.83853,0.83853,0.00000,0.00000,0
3466000,1.7000,0.8385,0.8615,0.83853,0.83853,0.00000,0.00000,0
3466500,1.7000,0.8385,0.8615,0.83853,0.83853,0.00000,0.00000,0
3467000,1.7000,0.8401,0.8599,0.84015,0.84015,0.00000,0.00000,0
3467500,1.7000,0.8401,0.8599,0.84015,0.84015,0.00000,0.00000,0
3468000,1.7000,0.8393,0.8607,0.83934,0.83934,0.00000,0.00000,0
3468500,1.7000,0.8401,0.8599,0.84015,0.84015,0.00000,0.00000,0
3469000,1.7000,0.8385,0.8615,0.83853,0.83853,0.00000,0.00000,0
3469500,1.7000,0.8410,0.8590,0.84095,0.84095,0.00000,0.00000,0
3470000,1.7000,0.8401,0.8599,0.84015,0.84015,0.00000,0.00000,0
3470500,1.7000,0.8393,0.8607,0.83934,0.83934,0.00000,0.00000,0
3471000,1.7000,0.8401,0.8599,0.84015,0.84015,0.00000,0.00000,0
3471500,1.7000,0.8410,0.8590,0.84095,0.84095,0.00000,0.00000,0
3472000,1.7000,0.8418,0.8582,0.84176,0.84176,0.00000,0.00000,0
3472500,1.7000,0.8426,0.8574,0.84256,0.84256,0.00000,0.00000,0
3473000,1.7000,0.8426,0.8574,0.84256,0.84256,0.00000,0.00000,0
3473500,1.7000,0.8418,0.8582,0.84176,0.84176,0.00000,0.00000,0
3474000,1.7000,0.8426,0.8574,0.84256,0.84256,0.00000,0.00000,0
3474500,1.7000,0.8426,0.8574,0.84256,0.84256,0.00000,0.00000,0
3475000,1.7000,0.8426,0.8574,0.84256,0.84256,0.00000,0.00000,0
3475500,1.7000,0.8426,0.8574,0.84256,0.84256,0.00000,0.00000,0
3476000,1.7000,0.8426,0.8574,0.84256,0.84256,0.00000,0.00000,0
3476500,1.7000,0.8426,0.8574,0.84256,0.84256,0.00000,0.00000,0
3477000,1.7000,0.8426,0.8574,0.84256,0.84256,0.00000,0.00000,0
3477500,1.7000,0.8418,0.8582,0.84176,0.84176,0.00000,0.00000,0
3478000,1.7000,0.8418,0.8582,0.84176,0.84176,0.00000,0.00000,0
3478500,1.7000,0.8426,0.8574,0.84256,0.84256,0.00000,0.00000,0
3479000,1.7000,0.8434,0.8566,0.84337,0.84337,0.00000,0.00000,0
3479500,1.7000,0.8442,0.8558,0.84418,0.84418,0.00000,0.00000,0
3480000,1.7000,0.8458,0.8542,0.84579,0.84579,0.00000,0.00000,0
3480500,1.7000,0.8442,0.8558,0.84418,0.84418,0.00000,0.00000,0
3481000,1.7000,0.8442,0.8558,0.84418,0.84418,0.00000,0.00000,0
3481500,1.7000,0.8434,0.8566,0.84337,0.84337,0.00000,0.00000,0
3482000,1.7000,0.8426,0.8574,0.84256,0.84256,0.00000,0.00000,0
3482500,1.7000,0.8418,0.8582,0.84176,0.84176,0.00000,0.00000,0
3483000,1.7000,0.8410,0.8590,0.84095,0.84095,0.00000,0.00000,0
3483500,1.7000,0.8385,0.8615,0.83853,0.83853,0.00000,0.00000,0
3484000,1.7000,0.8385,0.8615,0.83853,0.83853,0.00000,0.00000,0
3484500,1.7000,0.8361,0.8639,0.83612,0.83612,0.00000,0.00000,0
3485000,1.7000,0.8337,0.8663,0.83370,0.83370,0.00000,0.00000,0
3485500,1.7000,0.8337,0.8663,0.83370,0.83370,0.00000,0.00000,0
3486000,1.7000,0.8353,0.8647,0.83531,0.83531,0.00000,0.00000,0
3486500,1.7000,0.8353,0.8647,0.83531,0.83531,0.00000,0.00000,0
3487000,1.7000,0.8345,0.8655,0.83451,0.83451,0.00000,0.00000,0
3487500,1.7000,0.8345,0.8655,0.83451,0.83451,0.00000,0.00000,0
3488000,1.7000,0.8345,0.8655,0.83451,0.83451,0.00000,0.00000,0
3488500,1.7000,0.8361,0.8639,0.83612,0.83612,0.00000,0.00000,0
3489000,1.7000,0.8369,0.8631,0.83692,0.83692,0.00000,0.00000,0
3489500,1.7000,0.8385,0.8615,0.83853,0.83853,0.00000,0.00000,0
3490000,1.7000,0.8410,0.8590,0.84095,0.84095,0.00000,0.00000,0
3490500,1.7000,0.8418,0.8582,0.84176,0.84176,0.00000,0.00000,0
3491000,1.7000,0.8401,0.8599,0.84015,0.84015,0.00000,0.00000,0
3491500,1.7000,0.8410,0.8590,0.84095,0.84095,0.00000,0.00000,0
3492000,1.7000,0.8418,0.8582,0.84176,0.84176,0.00000,0.00000,0
3492500,1.7000,0.8418,0.8582,0.84176,0.84176,0.00000,0.00000,0
3493000,1.7000,0.8418,0.8582,0.84176,0.84176,0.00000,0.00000,0
3493500,1.7000,0.8418,0.8582,0.84176,0.84176,0.00000,0.00000,0
3494000,1.7000,0.8418,0.8582,0.84176,0.84176,0.00000,0.00000,0
3494500,1.7000,0.8410,0.8590,0.84095,0.84095,0.00000,0.00000,0
3495000,1.7000,0.8401,0.8599,0.84015,0.84015,0.00000,0.00000,0
3495500,1.7000,0.8393,0.8607,0.83934,0.83934,0.00000,0.00000,0
3496000,1.7000,0.8393,0.8607,0.83934,0.83934,0.00000,0.00000,0
3496500,1.7000,0.8393,0.8607,0.83934,0.83934,0.00000,0.00000,0
3497000,1.7000,0.8385,0.8615,0.83853,0.83853,0.00000,0.00000,0
3497500,1.7000,0.8385,0.8615,0.83853,0.83853,0.00000,0.00000,0
3498000,1.7000,0.8385,0.8615,0.83853,0.83853,0.00000,0.00000,0
3498500,1.7000,0.8385,0.8615,0.83853,0.83853,0.00000,0.00000,0
3499000,1.7000,0.8385,0.8615,0.83853,0.83853,0.00000,0.00000,0
3499500,1.7000,0.8393,0.8607,0.83934,0.83934,0.00000,0.00000,0
3500000,1.7000,0.8401,0.8599,0.84015,0.84015,0.00000,0.00000,0
3500500,1.7000,0.8410,0.8590,0.84095,0.84095,0.00000,0.00000,0
3501000,1.7000,0.8385,0.8615,0.83853,0.83853,0.00000,0.00000,0
3501500,1.7000,0.8393,0.8607,0.83934,0.83934,0.00000,0.00000,0
3502000,1.7000,0.8410,0.8590,0.84095,0.84095,0.00000,0.00000,0
3502500,1.7000,0.8393,0.8607,0.83934,0.83934,0.00000,0.00000,0
3503000,1.7000,0.8401,0.8599,0.84015,0.84015,0.00000,0.00000,0
3503500,1.7000,0.8410,0.8590,0.84095,0.84095,0.00000,0.00000,0
3504000,1.7000,0.8401,0.8599,0.84015,0.84015,0.00000,0.00000,0
3504500,1.7000,0.8385,0.8615,0.83853,0.83853,0.00000,0.00000,0
3505000,1.7000,0.8385,0.8615,0.83853,0.83853,0.00000,0.00000,0
3505500,1.7000,0.8377,0.8623,0.83773,0.83773,0.00000,0.00000,0
3506000,1.7000,0.8401,0.8599,0.84015,0.84015,0.00000,0.00000,0
3506500,1.7000,0.8385,0.8615,0.83853,0.83853,0.00000,0.00000,0
3507000,1.7000,0.8377,0.8623,0.83773,0.83773,0.00000,0.00000,0
3507500,1.7000,0.8393,0.8607,0.83934,0.83934,0.00000,0.00000,0
3508000,1.7000,0.8385,0.8615,0.83853,0.83853,0.00000,0.00000,0
3508500,1.7000,0.8377,0.8623,0.83773,0.83773,0.00000,0.00000,0
3509000,1.7000,0.8393,0.8607,0.83934,0.83934,0.00000,0.00000,0
3509500,1.7000,0.8401,0.8599,0.84015,0.84015,0.00000,0.00000,0
3510000,1.7000,0.8410,0.8590,0.84095,0.84095,0.00000,0.00000,0
3510500,1.7000,0.8385,0.8615,0.83853,0.83853,0.00000,0.00000,0
3511000,1.7000,0.8377,0.8623,0.83773,0.83773,0.00000,0.00000,0
3511500,1.7000,0.8393,0.8607,0.83934,0.83934,0.00000,0.00000,0
3512000,1.7000,0.8393,0.8607,0.83934,0.83934,0.00000,0.00000,0
3512500,1.7000,0.8369,0.8631,0.83692,0.83692,0.00000,0.00000,0
3513000,1.7000,0.8369,0.8631,0.83692,0.83692,0.00000,0.00000,0
3513500,1.7000,0.8361,0.8639,0.83612,0.83612,0.00000,0.00000,0
3514000,1.7000,0.8361,0.8639,0.83612,0.83612,0.00000,0.00000,0
3514500,1.7000,0.8369,0.8631,0.83692,0.83692,0.00000,0.00000,0
3515000,1.7000,0.8353,0.8647,0.83531,0.83531,0.00000,0.00000,0
3515500,1.7000,0.8377,0.8623,0.83773,0.83773,0.00000,0.00000,0
3516000,1.7000,0.8393,0.8607,0.83934,0.83934,0.00000,0.00000,0
3516500,1.7000,0.8385,0.8615,0.83853,0.83853,0.00000,0.00000,0
3517000,1.7000,0.8377,0.8623,0.83773,0.83773,0.00000,0.00000,0
3517500,1.7000,0.8418,0.8582,0.84176,0.84176,0.00000,0.00000,0
3518000,1.7000,0.8418,0.8582,0.84176,0.84176,0.00000,0.00000,0
3518500,1.7000,0.8426,0.8574,0.84256,0.84256,0.00000,0.00000,0
3519000,1.7000,0.8426,0.8574,0.84256,0.84256,0.00000,0.00000,0
3519500,1.7000,0.8418,0.8582,0.84176,0.84176,0.00000,0.00000,0
3520000,1.7000,0.8442,0.8558,0.84418,0.84418,0.00000,0.00000,0
3520500,1.7000,0.8434,0.8566,0.84337,0.84337,0.00000,0.00000,0
3521000,1.7000,0.8418,0.8582,0.84176,0.84176,0.00000,0.00000,0
3521500,1.7000,0.8418,0.8582,0.84176,0.84176,0.00000,0.00000,0
3522000,1.7000,0.8418,0.8582,0.84176,0.84176,0.00000,0.00000,0
3522500,1.7000,0.8426,0.8574,0.84256,0.84256,0.00000,0.00000,0
3523000,1.7000,0.8418,0.8582,0.84176,0.84176,0.00000,0.00000,0
3523500,1.7000,0.8426,0.8574,0.84256,0.84256,0.00000,0.00000,0
3524000,1.7000,0.8434,0.8566,0.84337,0.84337,0.00000,0.00000,0
3524500,1.7000,0.8434,0.8566,0.84337,0.84337,0.00000,0.00000,0
3525000,1.7000,0.8418,0.8582,0.84176,0.84176,0.00000,0.00000,0
3525500,1.7000,0.8418,0.8582,0.84176,0.84176,0.00000,0.00000,0
3526000,1.7000,0.8426,0.8574,0.84256,0.84256,0.00000,0.00000,0
3526500,1.7000,0.8418,0.8582,0.84176,0.84176,0.00000,0.00000,0
3527000,1.7000,0.8434,0.8566,0.84337,0.84337,0.00000,0.00000,0
3527500,1.7000,0.8450,0.8550,0.84498,0.84498,0.00000,0.00000,0
3528000,1.7000,0.8442,0.8558,0.84418,0.84418,0.00000,0.00000,0
3528500,1.7000,0.8434,0.8566,0.84337,0.84337,0.00000,0.00000,0
3529000,1.7000,0.8426,0.8574,0.84256,0.84256,0.00000,0.00000,0
3529500,1.7000,0.8426,0.8574,0.84256,0.84256,0.00000,0.00000,0
3530000,1.7000,0.8426,0.8574,0.84256,0.84256,0.00000,0.00000,0
3530500,1.7000,0.8434,0.8566,0.84337,0.84337,0.00000,0.00000,0
3531000,1.7000,0.8450,0.8550,0.84498,0.84498,0.00000,0.00000,0
3531500,1.7000,0.8450,0.8550,0.84498,0.84498,0.00000,0.00000,0
3532000,1.7000,0.8450,0.8550,0.84498,0.84498,0.00000,0.00000,0
3532500,1.7000,0.8426,0.8574,0.84256,0.84256,0.00000,0.00000,0
3533000,1.7000,0.8426,0.8574,0.84256,0.84256,0.00000,0.00000,0
3533500,1.7000,0.8426,0.8574,0.84256,0.84256,0.00000,0.00000,0
3534000,1.7000,0.8426,0.8574,0.84256,0.84256,0.00000,0.00000,0
3534500,1.7000,0.8426,0.8574,0.84256,0.84256,0.00000,0.00000,0
3535000,1.7000,0.8426,0.8574,0.84256,0.84256,0.00000,0.00000,0
3535500,1.7000,0.8426,0.8574,0.84256,0.84256,0.00000,0.00000,0
3536000,1.7000,0.8418,0.8582,0.84176,0.84176,0.00000,0.00000,0
3536500,1.7000,0.8426,0.8574,0.84256,0.84256,0.00000,0.00000,0
3537000,1.7000,0.8426,0.8574,0.84256,0.84256,0.00000,0.00000,0
3537500,1.7000,0.8434,0.8566,0.84337,0.84337,0.00000,0.00000,0
3538000,1.7000,0.8426,0.8574,0.84256,0.84256,0.00000,0.00000,0
3538500,1.7000,0.8426,0.8574,0.84256,0.84256,0.00000,0.00000,0
3539000,1.7000,0.8410,0.8590,0.84095,0.84095,0.00000,0.00000,0
3539500,1.7000,0.8418,0.8582,0.84176,0.84176,0.00000,0.00000,0
3540000,1.7000,0.8418,0.8582,0.84176,0.84176,0.00000,0.00000,0
3540500,1.7000,0.8418,0.8582,0.84176,0.84176,0.00000,0.00000,0
3541000,1.7000,0.8401,0.8599,0.84015,0.84015,0.00000,0.00000,0
3541500,1.7000,0.8401,0.8599,0.84015,0.84015,0.00000,0.00000,0
3542000,1.7000,0.8401,0.8599,0.84015,0.84015,0.00000,0.00000,0
3542500,1.7000,0.8401,0.8599,0.84015,0.84015,0.00000,0.00000,0
3543000,1.7000,0.8418,0.8582,0.84176,0.84176,0.00000,0.00000,0
3543500,1.7000,0.8426,0.8574,0.84256,0.84256,0.00000,0.00000,0
3544000,1.7000,0.8442,0.8558,0.84418,0.84418,0.00000,0.00000,0
3544500,1.7000,0.8426,0.8574,0.84256,0.84256,0.00000,0.00000,0
3545000,1.7000,0.8418,0.8582,0.84176,0.84176,0.00000,0.00000,0
3545500,1.7000,0.8418,0.8582,0.84176,0.84176,0.00000,0.00000,0
3546000,1.7000,0.8426,0.8574,0.84256,0.84256,0.00000,0.00000,0
3546500,1.7000,0.8418,0.8582,0.84176,0.84176,0.00000,0.00000,0
3547000,1.7000,0.8410,0.8590,0.84095,0.84095,0.00000,0.00000,0
3547500,1.7000,0.8410,0.8590,0.84095,0.84095,0.00000,0.00000,0
3548000,1.7000,0.8401,0.8599,0.84015,0.84015,0.00000,0.00000,0
3548500,1.7000,0.8401,0.8599,0.84015,0.84015,0.00000,0.00000,0
3549000,1.7000,0.8393,0.8607,0.83934,0.83934,0.00000,0.00000,0
3549500,1.7000,0.8377,0.8623,0.83773,0.83773,0.00000,0.00000,0
3550000,1.7000,0.8385,0.8615,0.83853,0.83853,0.00000,0.00000,0
3550500,1.7000,0.8393,0.8607,0.83934,0.83934,0.00000,0.00000,0
3551000,1.7000,0.8393,0.8607,0.83934,0.83934,0.00000,0.00000,0
3551500,1.7000,0.8401,0.8599,0.84015,0.84015,0.00000,0.00000,0
3552000,1.7000,0.8410,0.8590,0.84095,0.84095,0.00000,0.00000,0
3552500,1.7000,0.8393,0.8607,0.83934,0.83934,0.00000,0.00000,0
3553000,1.7000,0.8385,0.8615,0.83853,0.83853,0.00000,0.00000,0
3553500,1.7000,0.8377,0.8623,0.83773,0.83773,0.00000,0.00000,0
3554000,1.7000,0.8393,0.8607,0.83934,0.83934,0.00000,0.00000,0
3554500,1.7000,0.8401,0.8599,0.84015,0.84015,0.00000,0.00000,0
3555000,1.7000,0.8418,0.8582,0.84176,0.84176,0.00000,0.00000,0
3555500,1.7000,0.8418,0.8582,0.84176,0.84176,0.00000,0.00000,0
3556000,1.7000,0.8418,0.8582,0.84176,0.84176,0.00000,0.00000,0
3556500,1.7000,0.8426,0.8574,0.84256,0.84256,0.00000,0.00000,0
3557000,1.7000,0.8434,0.8566,0.84337,0.84337,0.00000,0.00000,0
3557500,1.7000,0.8442,0.8558,0.84418,0.84418,0.00000,0.00000,0
3558000,1.7000,0.8450,0.8550,0.84498,0.84498,0.00000,0.00000,0
3558500,1.7000,0.8458,0.8542,0.84579,0.84579,0.00000,0.00000,0
3559000,1.7000,0.8442,0.8558,0.84418,0.84418,0.00000,0.00000,0
3559500,1.7000,0.8458,0.8542,0.84579,0.84579,0.00000,0.00000,0
3560000,1.7000,0.8442,0.8558,0.84418,0.84418,0.00000,0.00000,0
3560500,1.7000,0.8426,0.8574,0.84256,0.84256,0.00000,0.00000,0
3561000,1.7000,0.8450,0.8550,0.84498,0.84498,0.00000,0.00000,0
3561500,1.7000,0.8434,0.8566,0.84337,0.84337,0.00000,0.00000,0
3562000,1.7000,0.8426,0.8574,0.84256,0.84256,0.00000,0.00000,0
3562500,1.7000,0.8418,0.8582,0.84176,0.84176,0.00000,0.00000,0
3563000,1.7000,0.8401,0.8599,0.84015,0.84015,0.00000,0.00000,0
3563500,1.7000,0.8401,0.8599,0.84015,0.84015,0.00000,0.00000,0
3564000,1.7000,0.8410,0.8590,0.84095,0.84095,0.00000,0.00000,0
3564500,1.7000,0.8418,0.8582,0.84176,0.84176,0.00000,0.00000,0
3565000,1.7000,0.8393,0.8607,0.83934,0.83934,0.00000,0.00000,0
3565500,1.7000,0.8401,0.8599,0.84015,0.84015,0.00000,0.00000,0
3566000,1.7000,0.8369,0.8631,0.83692,0.83692,0.00000,0.00000,0
3566500,1.7000,0.8337,0.8663,0.83370,0.83370,0.00000,0.00000,0
3567000,1.7000,0.8337,0.8663,0.83370,0.83370,0.00000,0.00000,0
3567500,1.7000,0.8337,0.8663,0.83370,0.83370,0.00000,0.00000,0
3568000,1.7000,0.8345,0.8655,0.83451,0.83451,0.00000,0.00000,0
3568500,1.7000,0.8353,0.8647,0.83531,0.83531,0.00000,0.00000,0
3569000,1.7000,0.8353,0.8647,0.83531,0.83531,0.00000,0.00000,0
3569500,1.7000,0.8345,0.8655,0.83451,0.83451,0.00000,0.00000,0
3570000,1.7000,0.8353,0.8647,0.83531,0.83531,0.00000,0.00000,0
3570500,1.7000,0.8353,0.8647,0.83531,0.83531,0.00000,0.00000,0
3571000,1.7000,0.8361,0.8639,0.83612,0.83612,0.00000,0.00000,0
3571500,1.7000,0.8385,0.8615,0.83853,0.83853,0.00000,0.00000,0
3572000,1.7000,0.8393,0.8607,0.83934,0.83934,0.00000,0.00000,0
3572500,1.7000,0.8385,0.8615,0.83853,0.83853,0.00000,0.00000,0
3573000,1.7000,0.8369,0.8631,0.83692,0.83692,0.00000,0.00000,0
3573500,1.7000,0.8369,0.8631,0.83692,0.83692,0.00000,0.00000,0
3574000,1.7000,0.8361,0.8639,0.83612,0.83612,0.00000,0.00000,0
3574500,1.7000,0.8377,0.8623,0.83773,0.83773,0.00000,0.00000,0
3575000,1.7000,0.8393,0.8607,0.83934,0.83934,0.00000,0.00000,0
3575500,1.7000,0.8393,0.8607,0.83934,0.83934,0.00000,0.00000,0
3576000,1.7000,0.8410,0.8590,0.84095,0.84095,0.00000,0.00000,0
3576500,1.7000,0.8418,0.8582,0.84176,0.84176,0.00000,0.00000,0
3577000,1.7000,0.8418,0.8582,0.84176,0.84176,0.00000,0.00000,0
3577500,1.7000,0.8418,0.8582,0.84176,0.84176,0.00000,0.00000,0
3578000,1.7000,0.8442,0.8558,0.84418,0.84418,0.00000,0.00000,0
3578500,1.7000,0.8442,0.8558,0.84418,0.84418,0.00000,0.00000,0
3579000,1.7000,0.8450,0.8550,0.84498,0.84498,0.00000,0.00000,0
3579500,1.7000,0.8434,0.8566,0.84337,0.84337,0.00000,0.00000,0
3580000,1.7000,0.8426,0.8574,0.84256,0.84256,0.00000,0.00000,0
3580500,1.7000,0.8426,0.8574,0.84256,0.84256,0.00000,0.00000,0
3581000,1.7000,0.8418,0.8582,0.84176,0.84176,0.00000,0.00000,0
3581500,1.7000,0.8418,0.8582,0.84176,0.84176,0.00000,0.00000,0
3582000,1.7000,0.8418,0.8582,0.84176,0.84176,0.00000,0.00000,0
3582500,1.7000,0.8418,0.8582,0.84176,0.84176,0.00000,0.00000,0
3583000,1.7000,0.8418,0.8582,0.84176,0.84176,0.00000,0.00000,0
3583500,1.7000,0.8426,0.8574,0.84256,0.84256,0.00000,0.00000,0
3584000,1.7000,0.8410,0.8590,0.84095,0.84095,0.00000,0.00000,0
3584500,1.7000,0.8418,0.8582,0.84176,0.84176,0.00000,0.00000,0
3585000,1.7000,0.8434,0.8566,0.84337,0.84337,0.00000,0.00000,0
3585500,1.7000,0.8450,0.8550,0.84498,0.84498,0.00000,0.00000,0
3586000,1.7000,0.8450,0.8550,0.84498,0.84498,0.00000,0.00000,0
3586500,1.7000,0.8466,0.8534,0.84659,0.84659,0.00000,0.00000,0
3587000,1.7000,0.8466,0.8534,0.84659,0.84659,0.00000,0.00000,0
3587500,1.7000,0.8466,0.8534,0.84659,0.84659,0.00000,0.00000,0
3588000,1.7000,0.8466,0.8534,0.84659,0.84659,0.00000,0.00000,0
3588500,1.7000,0.8458,0.8542,0.84579,0.84579,0.00000,0.00000,0
3589000,1.7000,0.8458,0.8542,0.84579,0.84579,0.00000,0.00000,0
3589500,1.7000,0.8458,0.8542,0.84579,0.84579,0.00000,0.00000,0
3590000,1.7000,0.8450,0.8550,0.84498,0.84498,0.00000,0.00000,0
3590500,1.7000,0.8426,0.8574,0.84256,0.84256,0.00000,0.00000,0
3591000,1.7000,0.8426,0.8574,0.84256,0.84256,0.00000,0.00000,0
3591500,1.7000,0.8418,0.8582,0.84176,0.84176,0.00000,0.00000,0
3592000,1.7000,0.8426,0.8574,0.84256,0.84256,0.00000,0.00000,0
3592500,1.7000,0.8426,0.8574,0.84256,0.84256,0.00000,0.00000,0
3593000,1.7000,0.8442,0.8558,0.84418,0.84418,0.00000,0.00000,0
3593500,1.7000,0.8450,0.8550,0.84498,0.84498,0.00000,0.00000,0
3594000,1.7000,0.8458,0.8542,0.84579,0.84579,0.00000,0.00000,0
3594500,1.7000,0.8442,0.8558,0.84418,0.84418,0.00000,0.00000,0
3595000,1.7000,0.8434,0.8566,0.84337,0.84337,0.00000,0.00000,0
3595500,1.7000,0.8442,0.8558,0.84418,0.84418,0.00000,0.00000,0
3596000,1.7000,0.8434,0.8566,0.84337,0.84337,0.00000,0.00000,0
3596500,1.7000,0.8434,0.8566,0.84337,0.84337,0.00000,0.00000,0
3597000,1.7000,0.8442,0.8558,0.84418,0.84418,0.00000,0.00000,0
3597500,1.7000,0.8442,0.8558,0.84418,0.84418,0.00000,0.00000,0
3598000,1.7000,0.8434,0.8566,0.84337,0.84337,0.00000,0.00000,0
3598500,1.7000,0.8442,0.8558,0.84418,0.84418,0.00000,0.00000,0
3599000,1.7000,0.8450,0.8550,0.84498,0.84498,0.00000,0.00000,0
3599500,1.7000,0.8450,0.8550,0.84498,0.84498,0.00000,0.00000,0
3600000,1.7000,0.8474,0.8526,0.84740,0.84740,0.00000,0.00000,0
3600500,1.7000,0.8474,0.8526,0.84740,0.84740,0.00000,0.00000,0
3601000,1.7000,0.8474,0.8526,0.84740,0.84740,0.00000,0.00000,0
3601500,1.7000,0.8474,0.8526,0.84740,0.84740,0.00000,0.00000,0
3602000,1.7000,0.8458,0.8542,0.84579,0.84579,0.00000,0.00000,0
3602500,1.7000,0.8458,0.8542,0.84579,0.84579,0.00000,0.00000,0
3603000,1.7000,0.8442,0.8558,0.84418,0.84418,0.00000,0.00000,0
3603500,1.7000,0.8442,0.8558,0.84418,0.84418,0.00000,0.00000,0
3604000,1.7000,0.8434,0.8566,0.84337,0.84337,0.00000,0.00000,0
3604500,1.7000,0.8442,0.8558,0.84418,0.84418,0.00000,0.00000,0
3605000,1.7000,0.8442,0.8558,0.84418,0.84418,0.00000,0.00000,0
3605500,1.7000,0.8442,0.8558,0.84418,0.84418,0.00000,0.00000,0
3606000,1.7000,0.8450,0.8550,0.84498,0.84498,0.00000,0.00000,0
3606500,1.7000,0.8426,0.8574,0.84256,0.84256,0.00000,0.00000,0
3607000,1.7000,0.8426,0.8574,0.84256,0.84256,0.00000,0.00000,0
3607500,1.7000,0.8434,0.8566,0.84337,0.84337,0.00000,0.00000,0
3608000,1.7000,0.8442,0.8558,0.84418,0.84418,0.00000,0.00000,0
3608500,1.7000,0.8442,0.8558,0.84418,0.84418,0.00000,0.00000,0
3609000,1.7000,0.8434,0.8566,0.84337,0.84337,0.00000,0.00000,0
3609500,1.7000,0.8426,0.8574,0.84256,0.84256,0.00000,0.00000,0
3610000,1.7000,0.8418,0.8582,0.84176,0.84176,0.00000,0.00000,0
3610500,1.7000,0.8418,0.8582,0.84176,0.84176,0.00000,0.00000,0
3611000,1.7000,0.8418,0.8582,0.84176,0.84176,0.00000,0.00000,0
3611500,1.7000,0.8442,0.8558,0.84418,0.84418,0.00000,0.00000,0
3612000,1.7000,0.8442,0.8558,0.84418,0.84418,0.00000,0.00000,0
3612500,1.7000,0.8426,0.8574,0.84256,0.84256,0.00000,0.00000,0
3613000,1.7000,0.8426,0.8574,0.84256,0.84256,0.00000,0.00000,0
3613500,1.7000,0.8410,0.8590,0.84095,0.84095,0.00000,0.00000,0
3614000,1.7000,0.8410,0.8590,0.84095,0.84095,0.00000,0.00000,0
3614500,1.7000,0.8401,0.8599,0.84015,0.84015,0.00000,0.00000,0
3615000,1.7000,0.8401,0.8599,0.84015,0.84015,0.00000,0.00000,0
3615500,1.7000,0.8401,0.8599,0.84015,0.84015,0.00000,0.00000,0
3616000,1.7000,0.8401,0.8599,0.84015,0.84015,0.00000,0.00000,0
3616500,1.7000,0.8401,0.8599,0.84015,0.84015,0.00000,0.00000,0
3617000,1.7000,0.8426,0.8574,0.84256,0.84256,0.00000,0.00000,0
3617500,1.7000,0.8434,0.8566,0.84337,0.84337,0.00000,0.00000,0
3618000,1.7000,0.8442,0.8558,0.84418,0.84418,0.00000,0.00000,0
3618500,1.7000,0.8466,0.8534,0.84659,0.84659,0.00000,0.00000,0
3619000,1.7000,0.8490,0.8510,0.84901,0.84901,0.00000,0.00000,0
3619500,1.7000,0.8490,0.8510,0.84901,0.84901,0.00000,0.00000,0
3620000,1.7000,0.8498,0.8502,0.84982,0.84982,0.00000,0.00000,0
3620500,1.7000,0.8514,0.8486,0.85143,0.85143,0.00000,0.00000,0
3621000,1.7000,0.8506,0.8494,0.85062,0.85062,0.00000,0.00000,0
3621500,1.7000,0.8506,0.8494,0.85062,0.85062,0.00000,0.00000,0
3622000,1.7000,0.8490,0.8510,0.84901,0.84901,0.00000,0.00000,0
3622500,1.7000,0.8482,0.8518,0.84821,0.84821,0.00000,0.00000,0
3623000,1.7000,0.8482,0.8518,0.84821,0.84821,0.00000,0.00000,0
3623500,1.7000,0.8458,0.8542,0.84579,0.84579,0.00000,0.00000,0
3624000,1.7000,0.8434,0.8566,0.84337,0.84337,0.00000,0.00000,0
3624500,1.7000,0.8426,0.8574,0.84256,0.84256,0.00000,0.00000,0
3625000,1.7000,0.8434,0.8566,0.84337,0.84337,0.00000,0.00000,0
3625500,1.7000,0.8418,0.8582,0.84176,0.84176,0.00000,0.00000,0
3626000,1.7000,0.8442,0.8558,0.84418,0.84418,0.00000,0.00000,0
3626500,1.7000,0.8442,0.8558,0.84418,0.84418,0.00000,0.00000,0
3627000,1.7000,0.8458,0.8542,0.84579,0.84579,0.00000,0.00000,0
3627500,1.7000,0.8442,0.8558,0.84418,0.84418,0.00000,0.00000,0
3628000,1.7000,0.8442,0.8558,0.84418,0.84418,0.00000,0.00000,0
3628500,1.7000,0.8442,0.8558,0.84418,0.84418,0.00000,0.00000,0
3629000,1.7000,0.8450,0.8550,0.84498,0.84498,0.00000,0.00000,0
3629500,1.7000,0.8474,0.8526,0.84740,0.84740,0.00000,0.00000,0
3630000,1.7000,0.8466,0.8534,0.84659,0.84659,0.00000,0.00000,0
3630500,1.7000,0.8450,0.8550,0.84498,0.84498,0.00000,0.00000,0
3631000,1.7000,0.8426,0.8574,0.84256,0.84256,0.00000,0.00000,0
3631500,1.7000,0.8426,0.8574,0.84256,0.84256,0.00000,0.00000,0
3632000,1.7000,0.8410,0.8590,0.84095,0.84095,0.00000,0.00000,0
3632500,1.7000,0.8418,0.8582,0.84176,0.84176,0.00000,0.00000,0
3633000,1.7000,0.8426,0.8574,0.84256,0.84256,0.00000,0.00000,0
3633500,1.7000,0.8426,0.8574,0.84256,0.84256,0.00000,0.00000,0
3634000,1.7000,0.8426,0.8574,0.84256,0.84256,0.00000,0.00000,0
3634500,1.7000,0.8418,0.8582,0.84176,0.84176,0.00000,0.00000,0
3635000,1.7000,0.8426,0.8574,0.84256,0.84256,0.00000,0.00000,0
3635500,1.7000,0.8418,0.8582,0.84176,0.84176,0.00000,0.00000,0
3636000,1.7000,0.8418,0.8582,0.84176,0.84176,0.00000,0.00000,0
3636500,1.7000,0.8418,0.8582,0.84176,0.84176,0.00000,0.00000,0
3637000,1.7000,0.8418,0.8582,0.84176,0.84176,0.00000,0.00000,0
3637500,1.7000,0.8410,0.8590,0.84095,0.84095,0.00000,0.00000,0
3638000,1.7000,0.8410,0.8590,0.84095,0.84095,0.00000,0.00000,0
3638500,1.7000,0.8418,0.8582,0.84176,0.84176,0.00000,0.00000,0
3639000,1.7000,0.8410,0.8590,0.84095,0.84095,0.00000,0.00000,0
3639500,1.7000,0.8393,0.8607,0.83934,0.83934,0.00000,0.00000,0
3640000,1.7000,0.8385,0.8615,0.83853,0.83853,0.00000,0.00000,0
3640500,1.7000,0.8393,0.8607,0.83934,0.83934,0.00000,0.00000,0
3641000,1.7000,0.8401,0.8599,0.84015,0.84015,0.00000,0.00000,0
3641500,1.7000,0.8401,0.8599,0.84015,0.84015,0.00000,0.00000,0
3642000,1.7000,0.8393,0.8607,0.83934,0.83934,0.00000,0.00000,0
3642500,1.7000,0.8401,0.8599,0.84015,0.84015,0.00000,0.00000,0
3643000,1.7000,0.8393,0.8607,0.83934,0.83934,0.00000,0.00000,0
3643500,1.7000,0.8377,0.8623,0.83773,0.83773,0.00000,0.00000,0
3644000,1.7000,0.8377,0.8623,0.83773,0.83773,0.00000,0.00000,0
3644500,1.7000,0.8377,0.8623,0.83773,0.83773,0.00000,0.00000,0
3645000,1.7000,0.8385,0.8615,0.83853,0.83853,0.00000,0.00000,0
3645500,1.7000,0.8377,0.8623,0.83773,0.83773,0.00000,0.00000,0
3646000,1.7000,0.8361,0.8639,0.83612,0.83612,0.00000,0.00000,0
3646500,1.7000,0.8361,0.8639,0.83612,0.83612,0.00000,0.00000,0
3647000,1.7000,0.8369,0.8631,0.83692,0.83692,0.00000,0.00000,0
3647500,1.7000,0.8385,0.8615,0.83853,0.83853,0.00000,0.00000,0
3648000,1.7000,0.8410,0.8590,0.84095,0.84095,0.00000,0.00000,0
3648500,1.7000,0.8410,0.8590,0.84095,0.84095,0.00000,0.00000,0
3649000,1.7000,0.8410,0.8590,0.84095,0.84095,0.00000,0.00000,0
3649500,1.7000,0.8410,0.8590,0.84095,0.84095,0.00000,0.00000,0
3650000,1.7000,0.8401,0.8599,0.84015,0.84015,0.00000,0.00000,0
3650500,1.7000,0.8410,0.8590,0.84095,0.84095,0.00000,0.00000,0
3651000,1.7000,0.8418,0.8582,0.84176,0.84176,0.00000,0.00000,0
3651500,1.7000,0.8418,0.8582,0.84176,0.84176,0.00000,0.00000,0
3652000,1.7000,0.8426,0.8574,0.84256,0.84256,0.00000,0.00000,0
3652500,1.7000,0.8401,0.8599,0.84015,0.84015,0.00000,0.00000,0
3653000,1.7000,0.8377,0.8623,0.83773,0.83773,0.00000,0.00000,0
3653500,1.7000,0.8393,0.8607,0.83934,0.83934,0.00000,0.00000,0
3654000,1.7000,0.8393,0.8607,0.83934,0.83934,0.00000,0.00000,0
3654500,1.7000,0.8401,0.8599,0.84015,0.84015,0.00000,0.00000,0
3655000,1.7000,0.8401,0.8599,0.84015,0.84015,0.00000,0.00000,0
3655500,1.7000,0.8410,0.8590,0.84095,0.84095,0.00000,0.00000,0
3656000,1.7000,0.8418,0.8582,0.84176,0.84176,0.00000,0.00000,0
3656500,1.7000,0.8418,0.8582,0.84176,0.84176,0.00000,0.00000,0
3657000,1.7000,0.8393,0.8607,0.83934,0.83934,0.00000,0.00000,0
3657500,1.7000,0.8410,0.8590,0.84095,0.84095,0.00000,0.00000,0
3658000,1.7000,0.8410,0.8590,0.84095,0.84095,0.00000,0.00000,0
3658500,1.7000,0.8418,0.8582,0.84176,0.84176,0.00000,0.00000,0
3659000,1.7000,0.8418,0.8582,0.84176,0.84176,0.00000,0.00000,0
3659500,1.7000,0.8426,0.8574,0.84256,0.84256,0.00000,0.00000,0
3660000,1.7000,0.8434,0.8566,0.84337,0.84337,0.00000,0.00000,0
3660500,1.7000,0.8426,0.8574,0.84256,0.84256,0.00000,0.00000,0
3661000,1.7000,0.8418,0.8582,0.84176,0.84176,0.00000,0.00000,0
3661500,1.7000,0.8410,0.8590,0.84095,0.84095,0.00000,0.00000,0
3662000,1.7000,0.8426,0.8574,0.84256,0.84256,0.00000,0.00000,0
3662500,1.7000,0.8434,0.8566,0.84337,0.84337,0.00000,0.00000,0
3663000,1.7000,0.8434,0.8566,0.84337,0.84337,0.00000,0.00000,0
3663500,1.7000,0.8442,0.8558,0.84418,0.84418,0.00000,0.00000,0
3664000,1.7000,0.8434,0.8566,0.84337,0.84337,0.00000,0.00000,0
3664500,1.7000,0.8418,0.8582,0.84176,0.84176,0.00000,0.00000,0
3665000,1.7000,0.8418,0.8582,0.84176,0.84176,0.00000,0.00000,0
3665500,1.7000,0.8418,0.8582,0.84176,0.84176,0.00000,0.00000,0
3666000,1.7000,0.8426,0.8574,0.84256,0.84256,0.00000,0.00000,0
3666500,1.7000,0.8426,0.8574,0.84256,0.84256,0.00000,0.00000,0
3667000,1.7000,0.8434,0.8566,0.84337,0.84337,0.00000,0.00000,0
3667500,1.7000,0.8418,0.8582,0.84176,0.84176,0.00000,0.00000,0
3668000,1.7000,0.8442,0.8558,0.84418,0.84418,0.00000,0.00000,0
3668500,1.7000,0.8426,0.8574,0.84256,0.84256,0.00000,0.00000,0
3669000,1.7000,0.8450,0.8550,0.84498,0.84498,0.00000,0.00000,0
3669500,1.7000,0.8442,0.8558,0.84418,0.84418,0.00000,0.00000,0
3670000,1.7000,0.8434,0.8566,0.84337,0.84337,0.00000,0.00000,0
3670500,1.7000,0.8418,0.8582,0.84176,0.84176,0.00000,0.00000,0
3671000,1.7000,0.8426,0.8574,0.84256,0.84256,0.00000,0.00000,0
3671500,1.7000,0.8426,0.8574,0.84256,0.84256,0.00000,0.00000,0
3672000,1.7000,0.8426,0.8574,0.84256,0.84256,0.00000,0.00000,0
3672500,1.7000,0.8426,0.8574,0.84256,0.84256,0.00000,0.00000,0
3673000,1.7000,0.8410,0.8590,0.84095,0.84095,0.00000,0.00000,0
3673500,1.7000,0.8434,0.8566,0.84337,0.84337,0.00000,0.00000,0
3674000,1.7000,0.8434,0.8566,0.84337,0.84337,0.00000,0.00000,0
3674500,1.7000,0.8426,0.8574,0.84256,0.84256,0.00000,0.00000,0
3675000,1.7000,0.8434,0.8566,0.84337,0.84337,0.00000,0.00000,0
3675500,1.7000,0.8442,0.8558,0.84418,0.84418,0.00000,0.00000,0
3676000,1.7000,0.8434,0.8566,0.84337,0.84337,0.00000,0.00000,0
3676500,1.7000,0.8442,0.8558,0.84418,0.84418,0.00000,0.00000,0
3677000,1.7000,0.8442,0.8558,0.84418,0.84418,0.00000,0.00000,0
3677500,1.7000,0.8434,0.8566,0.84337,0.84337,0.00000,0.00000,0
3678000,1.7000,0.8434,0.8566,0.84337,0.84337,0.00000,0.00000,0
3678500,1.7000,0.8418,0.8582,0.84176,0.84176,0.00000,0.00000,0
3679000,1.7000,0.8418,0.8582,0.84176,0.84176,0.00000,0.00000,0
3679500,1.7000,0.8426,0.8574,0.84256,0.84256,0.00000,0.00000,0
3680000,1.7000,0.8426,0.8574,0.84256,0.84256,0.00000,0.00000,0
3680500,1.7000,0.8434,0.8566,0.84337,0.84337,0.00000,0.00000,0
3681000,1.7000,0.8434,0.8566,0.84337,0.84337,0.00000,0.00000,0
3681500,1.7000,0.8410,0.8590,0.84095,0.84095,0.00000,0.00000,0
3682000,1.7000,0.8418,0.8582,0.84176,0.84176,0.00000,0.00000,0
3682500,1.7000,0.8410,0.8590,0.84095,0.84095,0.00000,0.00000,0
3683000,1.7000,0.8393,0.8607,0.83934,0.83934,0.00000,0.00000,0
3683500,1.7000,0.8393,0.8607,0.83934,0.83934,0.00000,0.00000,0
3684000,1.7000,0.8393,0.8607,0.83934,0.83934,0.00000,0.00000,0
3684500,1.7000,0.8393,0.8607,0.83934,0.83934,0.00000,0.00000,0
3685000,1.7000,0.8385,0.8615,0.83853,0.83853,0.00000,0.00000,0
3685500,1.7000,0.8377,0.8623,0.83773,0.83773,0.00000,0.00000,0
3686000,1.7000,0.8385,0.8615,0.83853,0.83853,0.00000,0.00000,0
3686500,1.7000,0.8401,0.8599,0.84015,0.84015,0.00000,0.00000,0
3687000,1.7000,0.8401,0.8599,0.84015,0.84015,0.00000,0.00000,0
3687500,1.7000,0.8410,0.8590,0.84095,0.84095,0.00000,0.00000,0
3688000,1.7000,0.8410,0.8590,0.84095,0.84095,0.00000,0.00000,0
3688500,1.7000,0.8393,0.8607,0.83934,0.83934,0.00000,0.00000,0
3689000,1.7000,0.8393,0.8607,0.83934,0.83934,0.00000,0.00000,0
3689500,1.7000,0.8377,0.8623,0.83773,0.83773,0.00000,0.00000,0
3690000,1.7000,0.8377,0.8623,0.83773,0.83773,0.00000,0.00000,0
3690500,1.7000,0.8353,0.8647,0.83531,0.83531,0.00000,0.00000,0
3691000,1.7000,0.8353,0.8647,0.83531,0.83531,0.00000,0.00000,0
3691500,1.7000,0.8345,0.8655,0.83451,0.83451,0.00000,0.00000,0
3692000,1.7000,0.8361,0.8639,0.83612,0.83612,0.00000,0.00000,0
3692500,1.7000,0.8361,0.8639,0.83612,0.83612,0.00000,0.00000,0
3693000,1.7000,0.8369,0.8631,0.83692,0.83692,0.00000,0.00000,0
3693500,1.7000,0.8385,0.8615,0.83853,0.83853,0.00000,0.00000,0
3694000,1.7000,0.8401,0.8599,0.84015,0.84015,0.00000,0.00000,0
3694500,1.7000,0.8426,0.8574,0.84256,0.84256,0.00000,0.00000,0
3695000,1.7000,0.8426,0.8574,0.84256,0.84256,0.00000,0.00000,0
3695500,1.7000,0.8450,0.8550,0.84498,0.84498,0.00000,0.00000,0
3696000,1.7000,0.8450,0.8550,0.84498,0.84498,0.00000,0.00000,0
3696500,1.7000,0.8450,0.8550,0.84498,0.84498,0.00000,0.00000,0
3697000,1.7000,0.8434,0.8566,0.84337,0.84337,0.00000,0.00000,0
3697500,1.7000,0.8442,0.8558,0.84418,0.84418,0.00000,0.00000,0
3698000,1.7000,0.8434,0.8566,0.84337,0.84337,0.00000,0.00000,0
3698500,1.7000,0.8426,0.8574,0.84256,0.84256,0.00000,0.00000,0
3699000,1.7000,0.8426,0.8574,0.84256,0.84256,0.00000,0.00000,0
3699500,1.7000,0.8426,0.8574,0.84256,0.84256,0.00000,0.00000,0
3700000,1.7000,0.8426,0.8574,0.84256,0.84256,0.00000,0.00000,0
3700500,1.7000,0.8434,0.8566,0.84337,0.84337,0.00000,0.00000,0
3701000,1.7000,0.8418,0.8582,0.84176,0.84176,0.00000,0.00000,0
3701500,1.7000,0.8426,0.8574,0.84256,0.84256,0.00000,0.00000,0
3702000,1.7000,0.8434,0.8566,0.84337,0.84337,0.00000,0.00000,0
3702500,1.7000,0.8418,0.8582,0.84176,0.84176,0.00000,0.00000,0
3703000,1.7000,0.8418,0.8582,0.84176,0.84176,0.00000,0.00000,0
3703500,1.7000,0.8426,0.8574,0.84256,0.84256,0.00000,0.00000,0
3704000,1.7000,0.8410,0.8590,0.84095,0.84095,0.00000,0.00000,0
3704500,1.7000,0.8377,0.8623,0.83773,0.83773,0.00000,0.00000,0
3705000,1.7000,0.8377,0.8623,0.83773,0.83773,0.00000,0.00000,0
3705500,1.7000,0.8377,0.8623,0.83773,0.83773,0.00000,0.00000,0
3706000,1.7000,0.8377,0.8623,0.83773,0.83773,0.00000,0.00000,0
3706500,1.7000,0.8377,0.8623,0.83773,0.83773,0.00000,0.00000,0
3707000,1.7000,0.8369,0.8631,0.83692,0.83692,0.00000,0.00000,0
3707500,1.7000,0.8369,0.8631,0.83692,0.83692,0.00000,0.00000,0
3708000,1.7000,0.8353,0.8647,0.83531,0.83531,0.00000,0.00000,0
3708500,1.7000,0.8353,0.8647,0.83531,0.83531,0.00000,0.00000,0
3709000,1.7000,0.8361,0.8639,0.83612,0.83612,0.00000,0.00000,0
3709500,1.7000,0.8369,0.8631,0.83692,0.83692,0.00000,0.00000,0
3710000,1.7000,0.8369,0.8631,0.83692,0.83692,0.00000,0.00000,0
3710500,1.7000,0.8353,0.8647,0.83531,0.83531,0.00000,0.00000,0
3711000,1.7000,0.8369,0.8631,0.83692,0.83692,0.00000,0.00000,0
3711500,1.7000,0.8385,0.8615,0.83853,0.83853,0.00000,0.00000,0
3712000,1.7000,0.8369,0.8631,0.83692,0.83692,0.00000,0.00000,0
3712500,1.7000,0.8385,0.8615,0.83853,0.83853,0.00000,0.00000,0
3713000,1.7000,0.8393,0.8607,0.83934,0.83934,0.00000,0.00000,0
3713500,1.7000,0.8393,0.8607,0.83934,0.83934,0.00000,0.00000,0
3714000,1.7000,0.8401,0.8599,0.84015,0.84015,0.00000,0.00000,0
3714500,1.7000,0.8410,0.8590,0.84095,0.84095,0.00000,0.00000,0
3715000,1.7000,0.8434,0.8566,0.84337,0.84337,0.00000,0.00000,0
3715500,1.7000,0.8450,0.8550,0.84498,0.84498,0.00000,0.00000,0
3716000,1.7000,0.8434,0.8566,0.84337,0.84337,0.00000,0.00000,0
3716500,1.7000,0.8426,0.8574,0.84256,0.84256,0.00000,0.00000,0
3717000,1.7000,0.8442,0.8558,0.84418,0.84418,0.00000,0.00000,0
3717500,1.7000,0.8434,0.8566,0.84337,0.84337,0.00000,0.00000,0
3718000,1.7000,0.8442,0.8558,0.84418,0.84418,0.00000,0.00000,0
3718500,1.7000,0.8450,0.8550,0.84498,0.84498,0.00000,0.00000,0
3719000,1.7000,0.8442,0.8558,0.84418,0.84418,0.00000,0.00000,0
3719500,1.7000,0.8434,0.8566,0.84337,0.84337,0.00000,0.00000,0
3720000,1.7000,0.8410,0.8590,0.84095,0.84095,0.00000,0.00000,0
3720500,1.7000,0.8401,0.8599,0.84015,0.84015,0.00000,0.00000,0
3721000,1.7000,0.8401,0.8599,0.84015,0.84015,0.00000,0.00000,0
3721500,1.7000,0.8410,0.8590,0.84095,0.84095,0.00000,0.00000,0
3722000,1.7000,0.8418,0.8582,0.84176,0.84176,0.00000,0.00000,0
3722500,1.7000,0.8418,0.8582,0.84176,0.84176,0.00000,0.00000,0
3723000,1.7000,0.8434,0.8566,0.84337,0.84337,0.00000,0.00000,0
3723500,1.7000,0.8418,0.8582,0.84176,0.84176,0.00000,0.00000,0
3724000,1.7000,0.8418,0.8582,0.84176,0.84176,0.00000,0.00000,0
3724500,1.7000,0.8401,0.8599,0.84015,0.84015,0.00000,0.00000,0
3725000,1.7000,0.8401,0.8599,0.84015,0.84015,0.00000,0.00000,0
3725500,1.7000,0.8418,0.8582,0.84176,0.84176,0.00000,0.00000,0
3726000,1.7000,0.8434,0.8566,0.84337,0.84337,0.00000,0.00000,0
3726500,1.7000,0.8434,0.8566,0.84337,0.84337,0.00000,0.00000,0
3727000,1.7000,0.8434,0.8566,0.84337,0.84337,0.00000,0.00000,0
3727500,1.7000,0.8426,0.8574,0.84256,0.84256,0.00000,0.00000,0
3728000,1.7000,0.8410,0.8590,0.84095,0.84095,0.00000,0.00000,0
3728500,1.7000,0.8401,0.8599,0.84015,0.84015,0.00000,0.00000,0
3729000,1.7000,0.8377,0.8623,0.83773,0.83773,0.00000,0.00000,0
3729500,1.7000,0.8369,0.8631,0.83692,0.83692,0.00000,0.00000,0
3730000,1.7000,0.8369,0.8631,0.83692,0.83692,0.00000,0.00000,0
3730500,1.7000,0.8353,0.8647,0.83531,0.83531,0.00000,0.00000,0
3731000,1.7000,0.8345,0.8655,0.83451,0.83451,0.00000,0.00000,0
3731500,1.7000,0.8337,0.8663,0.83370,0.83370,0.00000,0.00000,0
3732000,1.7000,0.8337,0.8663,0.83370,0.83370,0.00000,0.00000,0
3732500,1.7000,0.8337,0.8663,0.83370,0.83370,0.00000,0.00000,0
3733000,1.7000,0.8329,0.8671,0.83289,0.83289,0.00000,0.00000,0
3733500,1.7000,0.8345,0.8655,0.83451,0.83451,0.00000,0.00000,0
3734000,1.7000,0.8377,0.8623,0.83773,0.83773,0.00000,0.00000,0
3734500,1.7000,0.8393,0.8607,0.83934,0.83934,0.00000,0.00000,0
3735000,1.7000,0.8401,0.8599,0.84015,0.84015,0.00000,0.00000,0
3735500,1.7000,0.8410,0.8590,0.84095,0.84095,0.00000,0.00000,0
3736000,1.7000,0.8410,0.8590,0.84095,0.84095,0.00000,0.00000,0
3736500,1.7000,0.8418,0.8582,0.84176,0.84176,0.00000,0.00000,0
3737000,1.7000,0.8401,0.8599,0.84015,0.84015,0.00000,0.00000,0
3737500,1.7000,0.8401,0.8599,0.84015,0.84015,0.00000,0.00000,0
3738000,1.7000,0.8410,0.8590,0.84095,0.84095,0.00000,0.00000,0
3738500,1.7000,0.8410,0.8590,0.84095,0.84095,0.00000,0.00000,0
3739000,1.7000,0.8410,0.8590,0.84095,0.84095,0.00000,0.00000,0
3739500,1.7000,0.8418,0.8582,0.84176,0.84176,0.00000,0.00000,0
3740000,1.7000,0.8410,0.8590,0.84095,0.84095,0.00000,0.00000,0
3740500,1.7000,0.8410,0.8590,0.84095,0.84095,0.00000,0.00000,0
3741000,1.7000,0.8410,0.8590,0.84095,0.84095,0.00000,0.00000,0
3741500,1.7000,0.8401,0.8599,0.84015,0.84015,0.00000,0.00000,0
3742000,1.7000,0.8401,0.8599,0.84015,0.84015,0.00000,0.00000,0
3742500,1.7000,0.8401,0.8599,0.84015,0.84015,0.00000,0.00000,0
3743000,1.7000,0.8410,0.8590,0.84095,0.84095,0.00000,0.00000,0
3743500,1.7000,0.8401,0.8599,0.84015,0.84015,0.00000,0.00000,0
3744000,1.7000,0.8401,0.8599,0.84015,0.84015,0.00000,0.00000,0
3744500,1.7000,0.8401,0.8599,0.84015,0.84015,0.00000,0.00000,0
3745000,1.7000,0.8401,0.8599,0.84015,0.84015,0.00000,0.00000,0
3745500,1.7000,0.8393,0.8607,0.83934,0.83934,0.00000,0.00000,0
3746000,1.7000,0.8401,0.8599,0.84015,0.84015,0.00000,0.00000,0
3746500,1.7000,0.8418,0.8582,0.84176,0.84176,0.00000,0.00000,0
3747000,1.7000,0.8434,0.8566,0.84337,0.84337,0.00000,0.00000,0
3747500,1.7000,0.8434,0.8566,0.84337,0.84337,0.00000,0.00000,0
3748000,1.7000,0.8434,0.8566,0.84337,0.84337,0.00000,0.00000,0
3748500,1.7000,0.8434,0.8566,0.84337,0.84337,0.00000,0.00000,0
3749000,1.7000,0.8434,0.8566,0.84337,0.84337,0.00000,0.00000,0
3749500,1.7000,0.8442,0.8558,0.84418,0.84418,0.00000,0.00000,0
3750000,1.7000,0.8466,0.8534,0.84659,0.84659,0.00000,0.00000,0
3750500,1.7000,0.8458,0.8542,0.84579,0.84579,0.00000,0.00000,0
3751000,1.7000,0.8466,0.8534,0.84659,0.84659,0.00000,0.00000,0
3751500,1.7000,0.8450,0.8550,0.84498,0.84498,0.00000,0.00000,0
3752000,1.7000,0.8442,0.8558,0.84418,0.84418,0.00000,0.00000,0
3752500,1.7000,0.8466,0.8534,0.84659,0.84659,0.00000,0.00000,0
3753000,1.7000,0.8458,0.8542,0.84579,0.84579,0.00000,0.00000,0
3753500,1.7000,0.8466,0.8534,0.84659,0.84659,0.00000,0.00000,0
3754000,1.7000,0.8466,0.8534,0.84659,0.84659,0.00000,0.00000,0
3754500,1.7000,0.8450,0.8550,0.84498,0.84498,0.00000,0.00000,0
3755000,1.7000,0.8426,0.8574,0.84256,0.84256,0.00000,0.00000,0
3755500,1.7000,0.8434,0.8566,0.84337,0.84337,0.00000,0.00000,0
3756000,1.7000,0.8393,0.8607,0.83934,0.83934,0.00000,0.00000,0
3756500,1.7000,0.8393,0.8607,0.83934,0.83934,0.00000,0.00000,0
3757000,1.7000,0.8393,0.8607,0.83934,0.83934,0.00000,0.00000,0
3757500,1.7000,0.8369,0.8631,0.83692,0.83692,0.00000,0.00000,0
3758000,1.7000,0.8393,0.8607,0.83934,0.83934,0.00000,0.00000,0
3758500,1.7000,0.8393,0.8607,0.83934,0.83934,0.00000,0.00000,0
3759000,1.7000,0.8393,0.8607,0.83934,0.83934,0.00000,0.00000,0
3759500,1.7000,0.8393,0.8607,0.83934,0.83934,0.00000,0.00000,0
3760000,1.7000,0.8410,0.8590,0.84095,0.84095,0.00000,0.00000,0
3760500,1.7000,0.8426,0.8574,0.84256,0.84256,0.00000,0.00000,0
3761000,1.7000,0.8450,0.8550,0.84498,0.84498,0.00000,0.00000,0
3761500,1.7000,0.8442,0.8558,0.84418,0.84418,0.00000,0.00000,0
3762000,1.7000,0.8442,0.8558,0.84418,0.84418,0.00000,0.00000,0
3762500,1.7000,0.8450,0.8550,0.84498,0.84498,0.00000,0.00000,0
3763000,1.7000,0.8442,0.8558,0.84418,0.84418,0.00000,0.00000,0
3763500,1.7000,0.8442,0.8558,0.84418,0.84418,0.00000,0.00000,0
3764000,1.7000,0.8450,0.8550,0.84498,0.84498,0.00000,0.00000,0
3764500,1.7000,0.8450,0.8550,0.84498,0.84498,0.00000,0.00000,0
3765000,1.7000,0.8442,0.8558,0.84418,0.84418,0.00000,0.00000,0
3765500,1.7000,0.8426,0.8574,0.84256,0.84256,0.00000,0.00000,0
3766000,1.7000,0.8426,0.8574,0.84256,0.84256,0.00000,0.00000,0
3766500,1.7000,0.8442,0.8558,0.84418,0.84418,0.00000,0.00000,0
3767000,1.7000,0.8426,0.8574,0.84256,0.84256,0.00000,0.00000,0
3767500,1.7000,0.8426,0.8574,0.84256,0.84256,0.00000,0.00000,0
3768000,1.7000,0.8426,0.8574,0.84256,0.84256,0.00000,0.00000,0
3768500,1.7000,0.8426,0.8574,0.84256,0.84256,0.00000,0.00000,0
3769000,1.7000,0.8426,0.8574,0.84256,0.84256,0.00000,0.00000,0
3769500,1.7000,0.8426,0.8574,0.84256,0.84256,0.00000,0.00000,0
3770000,1.7000,0.8410,0.8590,0.84095,0.84095,0.00000,0.00000,0
3770500,1.7000,0.8401,0.8599,0.84015,0.84015,0.00000,0.00000,0
3771000,1.7000,0.8410,0.8590,0.84095,0.84095,0.00000,0.00000,0
3771500,1.7000,0.8401,0.8599,0.84015,0.84015,0.00000,0.00000,0
3772000,1.7000,0.8410,0.8590,0.84095,0.84095,0.00000,0.00000,0
3772500,1.7000,0.8410,0.8590,0.84095,0.84095,0.00000,0.00000,0
3773000,1.7000,0.8401,0.8599,0.84015,0.84015,0.00000,0.00000,0
3773500,1.7000,0.8401,0.8599,0.84015,0.84015,0.00000,0.00000,0
3774000,1.7000,0.8401,0.8599,0.84015,0.84015,0.00000,0.00000,0
3774500,1.7000,0.8393,0.8607,0.83934,0.83934,0.00000,0.00000,0
3775000,1.7000,0.8401,0.8599,0.84015,0.84015,0.00000,0.00000,0
3775500,1.7000,0.8410,0.8590,0.84095,0.84095,0.00000,0.00000,0
3776000,1.7000,0.8401,0.8599,0.84015,0.84015,0.00000,0.00000,0
3776500,1.7000,0.8401,0.8599,0.84015,0.84015,0.00000,0.00000,0
3777000,1.7000,0.8393,0.8607,0.83934,0.83934,0.00000,0.00000,0
3777500,1.7000,0.8401,0.8599,0.84015,0.84015,0.00000,0.00000,0
3778000,1.7000,0.8410,0.8590,0.84095,0.84095,0.00000,0.00000,0
3778500,1.7000,0.8337,0.8663,0.83370,0.83370,0.00000,0.00000,0
3779000,1.7000,0.8345,0.8655,0.83451,0.83451,0.00000,0.00000,0
3779500,1.7000,0.8353,0.8647,0.83531,0.83531,0.00000,0.00000,0
3780000,1.7000,0.8353,0.8647,0.83531,0.83531,0.00000,0.00000,0
3780500,1.7000,0.8361,0.8639,0.83612,0.83612,0.00000,0.00000,0
3781000,1.7000,0.8377,0.8623,0.83773,0.83773,0.00000,0.00000,0
3781500,1.7000,0.8385,0.8615,0.83853,0.83853,0.00000,0.00000,0
3782000,1.7000,0.8369,0.8631,0.83692,0.83692,0.00000,0.00000,0
3782500,1.7000,0.8353,0.8647,0.83531,0.83531,0.00000,0.00000,0
3783000,1.7000,0.8353,0.8647,0.83531,0.83531,0.00000,0.00000,0
3783500,1.7000,0.8418,0.8582,0.84176,0.84176,0.00000,0.00000,0
3784000,1.7000,0.8410,0.8590,0.84095,0.84095,0.00000,0.00000,0
3784500,1.7000,0.8401,0.8599,0.84015,0.84015,0.00000,0.00000,0
3785000,1.7000,0.8401,0.8599,0.84015,0.84015,0.00000,0.00000,0
3785500,1.7000,0.8401,0.8599,0.84015,0.84015,0.00000,0.00000,0
3786000,1.7000,0.8393,0.8607,0.83934,0.83934,0.00000,0.00000,0
3786500,1.7000,0.8401,0.8599,0.84015,0.84015,0.00000,0.00000,0
3787000,1.7000,0.8401,0.8599,0.84015,0.84015,0.00000,0.00000,0
3787500,1.7000,0.8401,0.8599,0.84015,0.84015,0.00000,0.00000,0
3788000,1.7000,0.8401,0.8599,0.84015,0.84015,0.00000,0.00000,0
3788500,1.7000,0.8401,0.8599,0.84015,0.84015,0.00000,0.00000,0
3789000,1.7000,0.8418,0.8582,0.84176,0.84176,0.00000,0.00000,0
3789500,1.7000,0.8418,0.8582,0.84176,0.84176,0.00000,0.00000,0
3790000,1.7000,0.8418,0.8582,0.84176,0.84176,0.00000,0.00000,0
3790500,1.7000,0.8418,0.8582,0.84176,0.84176,0.00000,0.00000,0
3791000,1.7000,0.8418,0.8582,0.84176,0.84176,0.00000,0.00000,0
3791500,1.7000,0.8426,0.8574,0.84256,0.84256,0.00000,0.00000,0
3792000,1.7000,0.8442,0.8558,0.84418,0.84418,0.00000,0.00000,0
3792500,1.7000,0.8450,0.8550,0.84498,0.84498,0.00000,0.00000,0
3793000,1.7000,0.8434,0.8566,0.84337,0.84337,0.00000,0.00000,0
3793500,1.7000,0.8450,0.8550,0.84498,0.84498,0.00000,0.00000,0
3794000,1.7000,0.8434,0.8566,0.84337,0.84337,0.00000,0.00000,0
3794500,1.7000,0.8434,0.8566,0.84337,0.84337,0.00000,0.00000,0
3795000,1.7000,0.8426,0.8574,0.84256,0.84256,0.00000,0.00000,0
3795500,1.7000,0.8426,0.8574,0.84256,0.84256,0.00000,0.00000,0
3796000,1.7000,0.8426,0.8574,0.84256,0.84256,0.00000,0.00000,0
3796500,1.7000,0.8418,0.8582,0.84176,0.84176,0.00000,0.00000,0
3797000,1.7000,0.8434,0.8566,0.84337,0.84337,0.00000,0.00000,0
3797500,1.7000,0.8418,0.8582,0.84176,0.84176,0.00000,0.00000,0
3798000,1.7000,0.8434,0.8566,0.84337,0.84337,0.00000,0.00000,0
3798500,1.7000,0.8426,0.8574,0.84256,0.84256,0.00000,0.00000,0
3799000,1.7000,0.8426,0.8574,0.84256,0.84256,0.00000,0.00000,0
3799500,1.7000,0.8426,0.8574,0.84256,0.84256,0.00000,0.00000,0
3800000,1.7000,0.8426,0.8574,0.84256,0.84256,0.00000,0.00000,0
3800500,1.7000,0.8434,0.8566,0.84337,0.84337,0.00000,0.00000,0
3801000,1.7000,0.8418,0.8582,0.84176,0.84176,0.00000,0.00000,0
3801500,1.7000,0.8410,0.8590,0.84095,0.84095,0.00000,0.00000,0
3802000,1.7000,0.8410,0.8590,0.84095,0.84095,0.00000,0.00000,0
3802500,1.7000,0.8418,0.8582,0.84176,0.84176,0.00000,0.00000,0
3803000,1.7000,0.8418,0.8582,0.84176,0.84176,0.00000,0.00000,0
3803500,1.7000,0.8410,0.8590,0.84095,0.84095,0.00000,0.00000,0
3804000,1.7000,0.8434,0.8566,0.84337,0.84337,0.00000,0.00000,0
3804500,1.7000,0.8442,0.8558,0.84418,0.84418,0.00000,0.00000,0
3805000,1.7000,0.8442,0.8558,0.84418,0.84418,0.00000,0.00000,0
3805500,1.7000,0.8434,0.8566,0.84337,0.84337,0.00000,0.00000,0
3806000,1.7000,0.8450,0.8550,0.84498,0.84498,0.00000,0.00000,0
3806500,1.7000,0.8458,0.8542,0.84579,0.84579,0.00000,0.00000,0
3807000,1.7000,0.8458,0.8542,0.84579,0.84579,0.00000,0.00000,0
3807500,1.7000,0.8442,0.8558,0.84418,0.84418,0.00000,0.00000,0
3808000,1.7000,0.8458,0.8542,0.84579,0.84579,0.00000,0.00000,0
3808500,1.7000,0.8458,0.8542,0.84579,0.84579,0.00000,0.00000,0
3809000,1.7000,0.8434,0.8566,0.84337,0.84337,0.00000,0.00000,0
3809500,1.7000,0.8434,0.8566,0.84337,0.84337,0.00000,0.00000,0
3810000,1.7000,0.8434,0.8566,0.84337,0.84337,0.00000,0.00000,0
3810500,1.7000,0.8434,0.8566,0.84337,0.84337,0.00000,0.00000,0
3811000,1.7000,0.8426,0.8574,0.84256,0.84256,0.00000,0.00000,0
3811500,1.7000,0.8458,0.8542,0.84579,0.84579,0.00000,0.00000,0
3812000,1.7000,0.8450,0.8550,0.84498,0.84498,0.00000,0.00000,0
3812500,1.7000,0.8458,0.8542,0.84579,0.84579,0.00000,0.00000,0
3813000,1.7000,0.8450,0.8550,0.84498,0.84498,0.00000,0.00000,0
3813500,1.7000,0.8450,0.8550,0.84498,0.84498,0.00000,0.00000,0
3814000,1.7000,0.8442,0.8558,0.84418,0.84418,0.00000,0.00000,0
3814500,1.7000,0.8442,0.8558,0.84418,0.84418,0.00000,0.00000,0
3815000,1.7000,0.8434,0.8566,0.84337,0.84337,0.00000,0.00000,0
3815500,1.7000,0.8418,0.8582,0.84176,0.84176,0.00000,0.00000,0
3816000,1.7000,0.8418,0.8582,0.84176,0.84176,0.00000,0.00000,0
3816500,1.7000,0.8385,0.8615,0.83853,0.83853,0.00000,0.00000,0
3817000,1.7000,0.8385,0.8615,0.83853,0.83853,0.00000,0.00000,0
3817500,1.7000,0.8377,0.8623,0.83773,0.83773,0.00000,0.00000,0
3818000,1.7000,0.8393,0.8607,0.83934,0.83934,0.00000,0.00000,0
3818500,1.7000,0.8393,0.8607,0.83934,0.83934,0.00000,0.00000,0
3819000,1.7000,0.8410,0.8590,0.84095,0.84095,0.00000,0.00000,0
3819500,1.7000,0.8401,0.8599,0.84015,0.84015,0.00000,0.00000,0
3820000,1.7000,0.8401,0.8599,0.84015,0.84015,0.00000,0.00000,0
3820500,1.7000,0.8418,0.8582,0.84176,0.84176,0.00000,0.00000,0
3821000,1.7000,0.8410,0.8590,0.84095,0.84095,0.00000,0.00000,0
3821500,1.7000,0.8418,0.8582,0.84176,0.84176,0.00000,0.00000,0
3822000,1.7000,0.8418,0.8582,0.84176,0.84176,0.00000,0.00000,0
3822500,1.7000,0.8426,0.8574,0.84256,0.84256,0.00000,0.00000,0
3823000,1.7000,0.8410,0.8590,0.84095,0.84095,0.00000,0.00000,0
3823500,1.7000,0.8434,0.8566,0.84337,0.84337,0.00000,0.00000,0
3824000,1.7000,0.8418,0.8582,0.84176,0.84176,0.00000,0.00000,0
3824500,1.7000,0.8401,0.8599,0.84015,0.84015,0.00000,0.00000,0
3825000,1.7000,0.8410,0.8590,0.84095,0.84095,0.00000,0.00000,0
3825500,1.7000,0.8401,0.8599,0.84015,0.84015,0.00000,0.00000,0
3826000,1.7000,0.8401,0.8599,0.84015,0.84015,0.00000,0.00000,0
3826500,1.7000,0.8401,0.8599,0.84015,0.84015,0.00000,0.00000,0
3827000,1.7000,0.8410,0.8590,0.84095,0.84095,0.00000,0.00000,0
3827500,1.7000,0.8401,0.8599,0.84015,0.84015,0.00000,0.00000,0
3828000,1.7000,0.8410,0.8590,0.84095,0.84095,0.00000,0.00000,0
3828500,1.7000,0.8385,0.8615,0.83853,0.83853,0.00000,0.00000,0
3829000,1.7000,0.8385,0.8615,0.83853,0.83853,0.00000,0.00000,0
3829500,1.7000,0.8418,0.8582,0.84176,0.84176,0.00000,0.00000,0
3830000,1.7000,0.8410,0.8590,0.84095,0.84095,0.00000,0.00000,0
3830500,1.7000,0.8410,0.8590,0.84095,0.84095,0.00000,0.00000,0
3831000,1.7000,0.8410,0.8590,0.84095,0.84095,0.00000,0.00000,0
3831500,1.7000,0.8418,0.8582,0.84176,0.84176,0.00000,0.00000,0
3832000,1.7000,0.8418,0.8582,0.84176,0.84176,0.00000,0.00000,0
3832500,1.7000,0.8410,0.8590,0.84095,0.84095,0.00000,0.00000,0
3833000,1.7000,0.8410,0.8590,0.84095,0.84095,0.00000,0.00000,0
3833500,1.7000,0.8410,0.8590,0.84095,0.84095,0.00000,0.00000,0
3834000,1.7000,0.8410,0.8590,0.84095,0.84095,0.00000,0.00000,0
3834500,1.7000,0.8393,0.8607,0.83934,0.83934,0.00000,0.00000,0
3835000,1.7000,0.8393,0.8607,0.83934,0.83934,0.00000,0.00000,0
3835500,1.7000,0.8385,0.8615,0.83853,0.83853,0.00000,0.00000,0
3836000,1.7000,0.8385,0.8615,0.83853,0.83853,0.00000,0.00000,0
3836500,1.7000,0.8377,0.8623,0.83773,0.83773,0.00000,0.00000,0
3837000,1.7000,0.8369,0.8631,0.83692,0.83692,0.00000,0.00000,0
3837500,1.7000,0.8385,0.8615,0.83853,0.83853,0.00000,0.00000,0
3838000,1.7000,0.8401,0.8599,0.84015,0.84015,0.00000,0.00000,0
3838500,1.7000,0.8393,0.8607,0.83934,0.83934,0.00000,0.00000,0
3839000,1.7000,0.8393,0.8607,0.83934,0.83934,0.00000,0.00000,0
3839500,1.7000,0.8426,0.8574,0.84256,0.84256,0.00000,0.00000,0
3840000,1.7000,0.8434,0.8566,0.84337,0.84337,0.00000,0.00000,0
3840500,1.7000,0.8442,0.8558,0.84418,0.84418,0.00000,0.00000,0
3841000,1.7000,0.8426,0.8574,0.84256,0.84256,0.00000,0.00000,0
3841500,1.7000,0.8434,0.8566,0.84337,0.84337,0.00000,0.00000,0
3842000,1.7000,0.8434,0.8566,0.84337,0.84337,0.00000,0.00000,0
3842500,1.7000,0.8434,0.8566,0.84337,0.84337,0.00000,0.00000,0
3843000,1.7000,0.8442,0.8558,0.84418,0.84418,0.00000,0.00000,0
3843500,1.7000,0.8450,0.8550,0.84498,0.84498,0.00000,0.00000,0
3844000,1.7000,0.8474,0.8526,0.84740,0.84740,0.00000,0.00000,0
3844500,1.7000,0.8442,0.8558,0.84418,0.84418,0.00000,0.00000,0
3845000,1.7000,0.8418,0.8582,0.84176,0.84176,0.00000,0.00000,0
3845500,1.7000,0.8426,0.8574,0.84256,0.84256,0.00000,0.00000,0
3846000,1.7000,0.8442,0.8558,0.84418,0.84418,0.00000,0.00000,0
3846500,1.7000,0.8442,0.8558,0.84418,0.84418,0.00000,0.00000,0
3847000,1.7000,0.8442,0.8558,0.84418,0.84418,0.00000,0.00000,0
3847500,1.7000,0.8426,0.8574,0.84256,0.84256,0.00000,0.00000,0
3848000,1.7000,0.8410,0.8590,0.84095,0.84095,0.00000,0.00000,0
3848500,1.7000,0.8401,0.8599,0.84015,0.84015,0.00000,0.00000,0
3849000,1.7000,0.8377,0.8623,0.83773,0.83773,0.00000,0.00000,0
3849500,1.7000,0.8385,0.8615,0.83853,0.83853,0.00000,0.00000,0
3850000,1.7000,0.8393,0.8607,0.83934,0.83934,0.00000,0.00000,0
3850500,1.7000,0.8385,0.8615,0.83853,0.83853,0.00000,0.00000,0
3851000,1.7000,0.8385,0.8615,0.83853,0.83853,0.00000,0.00000,0
3851500,1.7000,0.8385,0.8615,0.83853,0.83853,0.00000,0.00000,0
3852000,1.7000,0.8385,0.8615,0.83853,0.83853,0.00000,0.00000,0
3852500,1.7000,0.8385,0.8615,0.83853,0.83853,0.00000,0.00000,0
3853000,1.7000,0.8377,0.8623,0.83773,0.83773,0.00000,0.00000,0
3853500,1.7000,0.8393,0.8607,0.83934,0.83934,0.00000,0.00000,0
3854000,1.7000,0.8401,0.8599,0.84015,0.84015,0.00000,0.00000,0
3854500,1.7000,0.8393,0.8607,0.83934,0.83934,0.00000,0.00000,0
3855000,1.7000,0.8393,0.8607,0.83934,0.83934,0.00000,0.00000,0
3855500,1.7000,0.8401,0.8599,0.84015,0.84015,0.00000,0.00000,0
3856000,1.7000,0.8410,0.8590,0.84095,0.84095,0.00000,0.00000,0
3856500,1.7000,0.8393,0.8607,0.83934,0.83934,0.00000,0.00000,0
3857000,1.7000,0.8410,0.8590,0.84095,0.84095,0.00000,0.00000,0
3857500,1.7000,0.8410,0.8590,0.84095,0.84095,0.00000,0.00000,0
3858000,1.7000,0.8426,0.8574,0.84256,0.84256,0.00000,0.00000,0
3858500,1.7000,0.8418,0.8582,0.84176,0.84176,0.00000,0.00000,0
3859000,1.7000,0.8410,0.8590,0.84095,0.84095,0.00000,0.00000,0
3859500,1.7000,0.8393,0.8607,0.83934,0.83934,0.00000,0.00000,0
3860000,1.7000,0.8385,0.8615,0.83853,0.83853,0.00000,0.00000,0
3860500,1.7000,0.8377,0.8623,0.83773,0.83773,0.00000,0.00000,0
3861000,1.7000,0.8385,0.8615,0.83853,0.83853,0.00000,0.00000,0
3861500,1.7000,0.8401,0.8599,0.84015,0.84015,0.00000,0.00000,0
3862000,1.7000,0.8393,0.8607,0.83934,0.83934,0.00000,0.00000,0
3862500,1.7000,0.8393,0.8607,0.83934,0.83934,0.00000,0.00000,0
3863000,1.7000,0.8377,0.8623,0.83773,0.83773,0.00000,0.00000,0
3863500,1.7000,0.8393,0.8607,0.83934,0.83934,0.00000,0.00000,0
3864000,1.7000,0.8385,0.8615,0.83853,0.83853,0.00000,0.00000,0
3864500,1.7000,0.8401,0.8599,0.84015,0.84015,0.00000,0.00000,0
3865000,1.7000,0.8401,0.8599,0.84015,0.84015,0.00000,0.00000,0
3865500,1.7000,0.8418,0.8582,0.84176,0.84176,0.00000,0.00000,0
3866000,1.7000,0.8401,0.8599,0.84015,0.84015,0.00000,0.00000,0
3866500,1.7000,0.8401,0.8599,0.84015,0.84015,0.00000,0.00000,0
3867000,1.7000,0.8410,0.8590,0.84095,0.84095,0.00000,0.00000,0
3867500,1.7000,0.8410,0.8590,0.84095,0.84095,0.00000,0.00000,0
3868000,1.7000,0.8401,0.8599,0.84015,0.84015,0.00000,0.00000,0
3868500,1.7000,0.8385,0.8615,0.83853,0.83853,0.00000,0.00000,0
3869000,1.7000,0.8393,0.8607,0.83934,0.83934,0.00000,0.00000,0
3869500,1.7000,0.8385,0.8615,0.83853,0.83853,0.00000,0.00000,0
3870000,1.7000,0.8393,0.8607,0.83934,0.83934,0.00000,0.00000,0
3870500,1.7000,0.8393,0.8607,0.83934,0.83934,0.00000,0.00000,0
3871000,1.7000,0.8410,0.8590,0.84095,0.84095,0.00000,0.00000,0
3871500,1.7000,0.8377,0.8623,0.83773,0.83773,0.00000,0.00000,0
3872000,1.7000,0.8377,0.8623,0.83773,0.83773,0.00000,0.00000,0
3872500,1.7000,0.8377,0.8623,0.83773,0.83773,0.00000,0.00000,0
3873000,1.7000,0.8393,0.8607,0.83934,0.83934,0.00000,0.00000,0
3873500,1.7000,0.8410,0.8590,0.84095,0.84095,0.00000,0.00000,0
3874000,1.7000,0.8418,0.8582,0.84176,0.84176,0.00000,0.00000,0
3874500,1.7000,0.8434,0.8566,0.84337,0.84337,0.00000,0.00000,0
3875000,1.7000,0.8434,0.8566,0.84337,0.84337,0.00000,0.00000,0
3875500,1.7000,0.8434,0.8566,0.84337,0.84337,0.00000,0.00000,0
3876000,1.7000,0.8418,0.8582,0.84176,0.84176,0.00000,0.00000,0
3876500,1.7000,0.8442,0.8558,0.84418,0.84418,0.00000,0.00000,0
3877000,1.7000,0.8450,0.8550,0.84498,0.84498,0.00000,0.00000,0
3877500,1.7000,0.8458,0.8542,0.84579,0.84579,0.00000,0.00000,0
3878000,1.7000,0.8442,0.8558,0.84418,0.84418,0.00000,0.00000,0
3878500,1.7000,0.8434,0.8566,0.84337,0.84337,0.00000,0.00000,0
3879000,1.7000,0.8434,0.8566,0.84337,0.84337,0.00000,0.00000,0
3879500,1.7000,0.8426,0.8574,0.84256,0.84256,0.00000,0.00000,0
3880000,1.7000,0.8393,0.8607,0.83934,0.83934,0.00000,0.00000,0
3880500,1.7000,0.8377,0.8623,0.83773,0.83773,0.00000,0.00000,0
3881000,1.7000,0.8385,0.8615,0.83853,0.83853,0.00000,0.00000,0
3881500,1.7000,0.8401,0.8599,0.84015,0.84015,0.00000,0.00000,0
3882000,1.7000,0.8393,0.8607,0.83934,0.83934,0.00000,0.00000,0
3882500,1.7000,0.8401,0.8599,0.84015,0.84015,0.00000,0.00000,0
3883000,1.7000,0.8401,0.8599,0.84015,0.84015,0.00000,0.00000,0
3883500,1.7000,0.8393,0.8607,0.83934,0.83934,0.00000,0.00000,0
3884000,1.7000,0.8401,0.8599,0.84015,0.84015,0.00000,0.00000,0
3884500,1.7000,0.8401,0.8599,0.84015,0.84015,0.00000,0.00000,0
3885000,1.7000,0.8434,0.8566,0.84337,0.84337,0.00000,0.00000,0
3885500,1.7000,0.8434,0.8566,0.84337,0.84337,0.00000,0.00000,0
3886000,1.7000,0.8434,0.8566,0.84337,0.84337,0.00000,0.00000,0
3886500,1.7000,0.8418,0.8582,0.84176,0.84176,0.00000,0.00000,0
3887000,1.7000,0.8418,0.8582,0.84176,0.84176,0.00000,0.00000,0
3887500,1.7000,0.8418,0.8582,0.84176,0.84176,0.00000,0.00000,0
3888000,1.7000,0.8418,0.8582,0.84176,0.84176,0.00000,0.00000,0
3888500,1.7000,0.8434,0.8566,0.84337,0.84337,0.00000,0.00000,0
3889000,1.7000,0.8426,0.8574,0.84256,0.84256,0.00000,0.00000,0
3889500,1.7000,0.8434,0.8566,0.84337,0.84337,0.00000,0.00000,0
3890000,1.7000,0.8434,0.8566,0.84337,0.84337,0.00000,0.00000,0
3890500,1.7000,0.8434,0.8566,0.84337,0.84337,0.00000,0.00000,0
3891000,1.7000,0.8450,0.8550,0.84498,0.84498,0.00000,0.00000,0
3891500,1.7000,0.8442,0.8558,0.84418,0.84418,0.00000,0.00000,0
3892000,1.7000,0.8434,0.8566,0.84337,0.84337,0.00000,0.00000,0
3892500,1.7000,0.8442,0.8558,0.84418,0.84418,0.00000,0.00000,0
3893000,1.7000,0.8450,0.8550,0.84498,0.84498,0.00000,0.00000,0
3893500,1.7000,0.8442,0.8558,0.84418,0.84418,0.00000,0.00000,0
3894000,1.7000,0.8458,0.8542,0.84579,0.84579,0.00000,0.00000,0
3894500,1.7000,0.8466,0.8534,0.84659,0.84659,0.00000,0.00000,0
3895000,1.7000,0.8458,0.8542,0.84579,0.84579,0.00000,0.00000,0
3895500,1.7000,0.8466,0.8534,0.84659,0.84659,0.00000,0.00000,0
3896000,1.7000,0.8450,0.8550,0.84498,0.84498,0.00000,0.00000,0
3896500,1.7000,0.8458,0.8542,0.84579,0.84579,0.00000,0.00000,0
3897000,1.7000,0.8466,0.8534,0.84659,0.84659,0.00000,0.00000,0
3897500,1.7000,0.8466,0.8534,0.84659,0.84659,0.00000,0.00000,0
3898000,1.7000,0.8458,0.8542,0.84579,0.84579,0.00000,0.00000,0
3898500,1.7000,0.8458,0.8542,0.84579,0.84579,0.00000,0.00000,0
3899000,1.7000,0.8434,0.8566,0.84337,0.84337,0.00000,0.00000,0
3899500,1.7000,0.8426,0.8574,0.84256,0.84256,0.00000,0.00000,0
3900000,1.7000,0.8434,0.8566,0.84337,0.84337,0.00000,0.00000,0
3900500,1.7000,0.8426,0.8574,0.84256,0.84256,0.00000,0.00000,0
3901000,1.7000,0.8426,0.8574,0.84256,0.84256,0.00000,0.00000,0
3901500,1.7000,0.8434,0.8566,0.84337,0.84337,0.00000,0.00000,0
3902000,1.7000,0.8410,0.8590,0.84095,0.84095,0.00000,0.00000,0
3902500,1.7000,0.8393,0.8607,0.83934,0.83934,0.00000,0.00000,0
3903000,1.7000,0.8393,0.8607,0.83934,0.83934,0.00000,0.00000,0
3903500,1.7000,0.8401,0.8599,0.84015,0.84015,0.00000,0.00000,0
3904000,1.7000,0.8410,0.8590,0.84095,0.84095,0.00000,0.00000,0
3904500,1.7000,0.8393,0.8607,0.83934,0.83934,0.00000,0.00000,0
3905000,1.7000,0.8385,0.8615,0.83853,0.83853,0.00000,0.00000,0
3905500,1.7000,0.8377,0.8623,0.83773,0.83773,0.00000,0.00000,0
3906000,1.7000,0.8377,0.8623,0.83773,0.83773,0.00000,0.00000,0
3906500,1.7000,0.8361,0.8639,0.83612,0.83612,0.00000,0.00000,0
3907000,1.7000,0.8369,0.8631,0.83692,0.83692,0.00000,0.00000,0
3907500,1.7000,0.8385,0.8615,0.83853,0.83853,0.00000,0.00000,0
3908000,1.7000,0.8369,0.8631,0.83692,0.83692,0.00000,0.00000,0
3908500,1.7000,0.8369,0.8631,0.83692,0.83692,0.00000,0.00000,0
3909000,1.7000,0.8393,0.8607,0.83934,0.83934,0.00000,0.00000,0
3909500,1.7000,0.8401,0.8599,0.84015,0.84015,0.00000,0.00000,0
3910000,1.7000,0.8410,0.8590,0.84095,0.84095,0.00000,0.00000,0
3910500,1.7000,0.8410,0.8590,0.84095,0.84095,0.00000,0.00000,0
3911000,1.7000,0.8426,0.8574,0.84256,0.84256,0.00000,0.00000,0
3911500,1.7000,0.8434,0.8566,0.84337,0.84337,0.00000,0.00000,0
3912000,1.7000,0.8434,0.8566,0.84337,0.84337,0.00000,0.00000,0
3912500,1.7000,0.8442,0.8558,0.84418,0.84418,0.00000,0.00000,0
3913000,1.7000,0.8458,0.8542,0.84579,0.84579,0.00000,0.00000,0
3913500,1.7000,0.8466,0.8534,0.84659,0.84659,0.00000,0.00000,0
3914000,1.7000,0.8434,0.8566,0.84337,0.84337,0.00000,0.00000,0
3914500,1.7000,0.8426,0.8574,0.84256,0.84256,0.00000,0.00000,0
3915000,1.7000,0.8410,0.8590,0.84095,0.84095,0.00000,0.00000,0
3915500,1.7000,0.8410,0.8590,0.84095,0.84095,0.00000,0.00000,0
3916000,1.7000,0.8410,0.8590,0.84095,0.84095,0.00000,0.00000,0
3916500,1.7000,0.8401,0.8599,0.84015,0.84015,0.00000,0.00000,0
3917000,1.7000,0.8410,0.8590,0.84095,0.84095,0.00000,0.00000,0
3917500,1.7000,0.8401,0.8599,0.84015,0.84015,0.00000,0.00000,0
3918000,1.7000,0.8385,0.8615,0.83853,0.83853,0.00000,0.00000,0
3918500,1.7000,0.8369,0.8631,0.83692,0.83692,0.00000,0.00000,0
3919000,1.7000,0.8361,0.8639,0.83612,0.83612,0.00000,0.00000,0
3919500,1.7000,0.8377,0.8623,0.83773,0.83773,0.00000,0.00000,0
3920000,1.7000,0.8393,0.8607,0.83934,0.83934,0.00000,0.00000,0
3920500,1.7000,0.8410,0.8590,0.84095,0.84095,0.00000,0.00000,0
3921000,1.7000,0.8401,0.8599,0.84015,0.84015,0.00000,0.00000,0
3921500,1.7000,0.8410,0.8590,0.84095,0.84095,0.00000,0.00000,0
3922000,1.7000,0.8401,0.8599,0.84015,0.84015,0.00000,0.00000,0
3922500,1.7000,0.8410,0.8590,0.84095,0.84095,0.00000,0.00000,0
3923000,1.7000,0.8410,0.8590,0.84095,0.84095,0.00000,0.00000,0
3923500,1.7000,0.8418,0.8582,0.84176,0.84176,0.00000,0.00000,0
3924000,1.7000,0.8418,0.8582,0.84176,0.84176,0.00000,0.00000,0
3924500,1.7000,0.8401,0.8599,0.84015,0.84015,0.00000,0.00000,0
3925000,1.7000,0.8393,0.8607,0.83934,0.83934,0.00000,0.00000,0
3925500,1.7000,0.8401,0.8599,0.84015,0.84015,0.00000,0.00000,0
3926000,1.7000,0.8401,0.8599,0.84015,0.84015,0.00000,0.00000,0
3926500,1.7000,0.8385,0.8615,0.83853,0.83853,0.00000,0.00000,0
3927000,1.7000,0.8401,0.8599,0.84015,0.84015,0.00000,0.00000,0
3927500,1.7000,0.8401,0.8599,0.84015,0.84015,0.00000,0.00000,0
3928000,1.7000,0.8385,0.8615,0.83853,0.83853,0.00000,0.00000,0
3928500,1.7000,0.8393,0.8607,0.83934,0.83934,0.00000,0.00000,0
3929000,1.7000,0.8385,0.8615,0.83853,0.83853,0.00000,0.00000,0
3929500,1.7000,0.8377,0.8623,0.83773,0.83773,0.00000,0.00000,0
3930000,1.7000,0.8377,0.8623,0.83773,0.83773,0.00000,0.00000,0
3930500,1.7000,0.8361,0.8639,0.83612,0.83612,0.00000,0.00000,0
3931000,1.7000,0.8369,0.8631,0.83692,0.83692,0.00000,0.00000,0
3931500,1.7000,0.8361,0.8639,0.83612,0.83612,0.00000,0.00000,0
3932000,1.7000,0.8361,0.8639,0.83612,0.83612,0.00000,0.00000,0
3932500,1.7000,0.8345,0.8655,0.83451,0.83451,0.00000,0.00000,0
3933000,1.7000,0.8361,0.8639,0.83612,0.83612,0.00000,0.00000,0
3933500,1.7000,0.8353,0.8647,0.83531,0.83531,0.00000,0.00000,0
3934000,1.7000,0.8377,0.8623,0.83773,0.83773,0.00000,0.00000,0
3934500,1.7000,0.8385,0.8615,0.83853,0.83853,0.00000,0.00000,0
3935000,1.7000,0.8385,0.8615,0.83853,0.83853,0.00000,0.00000,0
3935500,1.7000,0.8393,0.8607,0.83934,0.83934,0.00000,0.00000,0
3936000,1.7000,0.8385,0.8615,0.83853,0.83853,0.00000,0.00000,0
3936500,1.7000,0.8385,0.8615,0.83853,0.83853,0.00000,0.00000,0
3937000,1.7000,0.8385,0.8615,0.83853,0.83853,0.00000,0.00000,0
3937500,1.7000,0.8401,0.8599,0.84015,0.84015,0.00000,0.00000,0
3938000,1.7000,0.8401,0.8599,0.84015,0.84015,0.00000,0.00000,0
3938500,1.7000,0.8418,0.8582,0.84176,0.84176,0.00000,0.00000,0
3939000,1.7000,0.8418,0.8582,0.84176,0.84176,0.00000,0.00000,0
3939500,1.7000,0.8434,0.8566,0.84337,0.84337,0.00000,0.00000,0
3940000,1.7000,0.8442,0.8558,0.84418,0.84418,0.00000,0.00000,0
3940500,1.7000,0.8442,0.8558,0.84418,0.84418,0.00000,0.00000,0
3941000,1.7000,0.8442,0.8558,0.84418,0.84418,0.00000,0.00000,0
3941500,1.7000,0.8442,0.8558,0.84418,0.84418,0.00000,0.00000,0
3942000,1.7000,0.8442,0.8558,0.84418,0.84418,0.00000,0.00000,0
3942500,1.7000,0.8434,0.8566,0.84337,0.84337,0.00000,0.00000,0
3943000,1.7000,0.8442,0.8558,0.84418,0.84418,0.00000,0.00000,0
3943500,1.7000,0.8434,0.8566,0.84337,0.84337,0.00000,0.00000,0
3944000,1.7000,0.8410,0.8590,0.84095,0.84095,0.00000,0.00000,0
3944500,1.7000,0.8410,0.8590,0.84095,0.84095,0.00000,0.00000,0
3945000,1.7000,0.8410,0.8590,0.84095,0.84095,0.00000,0.00000,0
3945500,1.7000,0.8401,0.8599,0.84015,0.84015,0.00000,0.00000,0
3946000,1.7000,0.8401,0.8599,0.84015,0.84015,0.00000,0.00000,0
3946500,1.7000,0.8410,0.8590,0.84095,0.84095,0.00000,0.00000,0
3947000,1.7000,0.8401,0.8599,0.84015,0.84015,0.00000,0.00000,0
3947500,1.7000,0.8393,0.8607,0.83934,0.83934,0.00000,0.00000,0
3948000,1.7000,0.8393,0.8607,0.83934,0.83934,0.00000,0.00000,0
3948500,1.7000,0.8385,0.8615,0.83853,0.83853,0.00000,0.00000,0
3949000,1.7000,0.8385,0.8615,0.83853,0.83853,0.00000,0.00000,0
3949500,1.7000,0.8361,0.8639,0.83612,0.83612,0.00000,0.00000,0
3950000,1.7000,0.8385,0.8615,0.83853,0.83853,0.00000,0.00000,0
3950500,1.7000,0.8393,0.8607,0.83934,0.83934,0.00000,0.00000,0
3951000,1.7000,0.8401,0.8599,0.84015,0.84015,0.00000,0.00000,0
3951500,1.7000,0.8410,0.8590,0.84095,0.84095,0.00000,0.00000,0
3952000,1.7000,0.8410,0.8590,0.84095,0.84095,0.00000,0.00000,0
3952500,1.7000,0.8410,0.8590,0.84095,0.84095,0.00000,0.00000,0
3953000,1.7000,0.8410,0.8590,0.84095,0.84095,0.00000,0.00000,0
3953500,1.7000,0.8410,0.8590,0.84095,0.84095,0.00000,0.00000,0
3954000,1.7000,0.8418,0.8582,0.84176,0.84176,0.00000,0.00000,0
3954500,1.7000,0.8426,0.8574,0.84256,0.84256,0.00000,0.00000,0
3955000,1.7000,0.8385,0.8615,0.83853,0.83853,0.00000,0.00000,0
3955500,1.7000,0.8369,0.8631,0.83692,0.83692,0.00000,0.00000,0
3956000,1.7000,0.8369,0.8631,0.83692,0.83692,0.00000,0.00000,0
3956500,1.7000,0.8369,0.8631,0.83692,0.83692,0.00000,0.00000,0
3957000,1.7000,0.8361,0.8639,0.83612,0.83612,0.00000,0.00000,0
3957500,1.7000,0.8361,0.8639,0.83612,0.83612,0.00000,0.00000,0
3958000,1.7000,0.8361,0.8639,0.83612,0.83612,0.00000,0.00000,0
3958500,1.7000,0.8361,0.8639,0.83612,0.83612,0.00000,0.00000,0
3959000,1.7000,0.8377,0.8623,0.83773,0.83773,0.00000,0.00000,0
3959500,1.7000,0.8361,0.8639,0.83612,0.83612,0.00000,0.00000,0
3960000,1.7000,0.8369,0.8631,0.83692,0.83692,0.00000,0.00000,0
3960500,1.7000,0.8369,0.8631,0.83692,0.83692,0.00000,0.00000,0
3961000,1.7000,0.8369,0.8631,0.83692,0.83692,0.00000,0.00000,0
3961500,1.7000,0.8361,0.8639,0.83612,0.83612,0.00000,0.00000,0
3962000,1.7000,0.8385,0.8615,0.83853,0.83853,0.00000,0.00000,0
3962500,1.7000,0.8385,0.8615,0.83853,0.83853,0.00000,0.00000,0
3963000,1.7000,0.8385,0.8615,0.83853,0.83853,0.00000,0.00000,0
3963500,1.7000,0.8393,0.8607,0.83934,0.83934,0.00000,0.00000,0
3964000,1.7000,0.8377,0.8623,0.83773,0.83773,0.00000,0.00000,0
3964500,1.7000,0.8393,0.8607,0.83934,0.83934,0.00000,0.00000,0
3965000,1.7000,0.8410,0.8590,0.84095,0.84095,0.00000,0.00000,0
3965500,1.7000,0.8418,0.8582,0.84176,0.84176,0.00000,0.00000,0
3966000,1.7000,0.8410,0.8590,0.84095,0.84095,0.00000,0.00000,0
3966500,1.7000,0.8401,0.8599,0.84015,0.84015,0.00000,0.00000,0
3967000,1.7000,0.8401,0.8599,0.84015,0.84015,0.00000,0.00000,0
3967500,1.7000,0.8401,0.8599,0.84015,0.84015,0.00000,0.00000,0
3968000,1.7000,0.8426,0.8574,0.84256,0.84256,0.00000,0.00000,0
3968500,1.7000,0.8418,0.8582,0.84176,0.84176,0.00000,0.00000,0
3969000,1.7000,0.8426,0.8574,0.84256,0.84256,0.00000,0.00000,0
3969500,1.7000,0.8442,0.8558,0.84418,0.84418,0.00000,0.00000,0
3970000,1.7000,0.8434,0.8566,0.84337,0.84337,0.00000,0.00000,0
3970500,1.7000,0.8426,0.8574,0.84256,0.84256,0.00000,0.00000,0
3971000,1.7000,0.8442,0.8558,0.84418,0.84418,0.00000,0.00000,0
3971500,1.7000,0.8450,0.8550,0.84498,0.84498,0.00000,0.00000,0
3972000,1.7000,0.8450,0.8550,0.84498,0.84498,0.00000,0.00000,0
3972500,1.7000,0.8434,0.8566,0.84337,0.84337,0.00000,0.00000,0
3973000,1.7000,0.8410,0.8590,0.84095,0.84095,0.00000,0.00000,0
3973500,1.7000,0.8401,0.8599,0.84015,0.84015,0.00000,0.00000,0
3974000,1.7000,0.8393,0.8607,0.83934,0.83934,0.00000,0.00000,0
3974500,1.7000,0.8393,0.8607,0.83934,0.83934,0.00000,0.00000,0
3975000,1.7000,0.8393,0.8607,0.83934,0.83934,0.00000,0.00000,0
3975500,1.7000,0.8385,0.8615,0.83853,0.83853,0.00000,0.00000,0
3976000,1.7000,0.8361,0.8639,0.83612,0.83612,0.00000,0.00000,0
3976500,1.7000,0.8353,0.8647,0.83531,0.83531,0.00000,0.00000,0
3977000,1.7000,0.8353,0.8647,0.83531,0.83531,0.00000,0.00000,0
3977500,1.7000,0.8369,0.8631,0.83692,0.83692,0.00000,0.00000,0
3978000,1.7000,0.8377,0.8623,0.83773,0.83773,0.00000,0.00000,0
3978500,1.7000,0.8385,0.8615,0.83853,0.83853,0.00000,0.00000,0
3979000,1.7000,0.8385,0.8615,0.83853,0.83853,0.00000,0.00000,0
3979500,1.7000,0.8377,0.8623,0.83773,0.83773,0.00000,0.00000,0
3980000,1.7000,0.8377,0.8623,0.83773,0.83773,0.00000,0.00000,0
3980500,1.7000,0.8385,0.8615,0.83853,0.83853,0.00000,0.00000,0
3981000,1.7000,0.8410,0.8590,0.84095,0.84095,0.00000,0.00000,0
3981500,1.7000,0.8418,0.8582,0.84176,0.84176,0.00000,0.00000,0
3982000,1.7000,0.8418,0.8582,0.84176,0.84176,0.00000,0.00000,0
3982500,1.7000,0.8418,0.8582,0.84176,0.84176,0.00000,0.00000,0
3983000,1.7000,0.8418,0.8582,0.84176,0.84176,0.00000,0.00000,0
3983500,1.7000,0.8410,0.8590,0.84095,0.84095,0.00000,0.00000,0
3984000,1.7000,0.8410,0.8590,0.84095,0.84095,0.00000,0.00000,0
3984500,1.7000,0.8410,0.8590,0.84095,0.84095,0.00000,0.00000,0
3985000,1.7000,0.8410,0.8590,0.84095,0.84095,0.00000,0.00000,0
3985500,1.7000,0.8426,0.8574,0.84256,0.84256,0.00000,0.00000,0
3986000,1.7000,0.8385,0.8615,0.83853,0.83853,0.00000,0.00000,0
3986500,1.7000,0.8385,0.8615,0.83853,0.83853,0.00000,0.00000,0
3987000,1.7000,0.8385,0.8615,0.83853,0.83853,0.00000,0.00000,0
3987500,1.7000,0.8401,0.8599,0.84015,0.84015,0.00000,0.00000,0
3988000,1.7000,0.8385,0.8615,0.83853,0.83853,0.00000,0.00000,0
3988500,1.7000,0.8377,0.8623,0.83773,0.83773,0.00000,0.00000,0
3989000,1.7000,0.8385,0.8615,0.83853,0.83853,0.00000,0.00000,0
3989500,1.7000,0.8393,0.8607,0.83934,0.83934,0.00000,0.00000,0
3990000,1.7000,0.8401,0.8599,0.84015,0.84015,0.00000,0.00000,0
3990500,1.7000,0.8385,0.8615,0.83853,0.83853,0.00000,0.00000,0
3991000,1.7000,0.8393,0.8607,0.83934,0.83934,0.00000,0.00000,0
3991500,1.7000,0.8393,0.8607,0.83934,0.83934,0.00000,0.00000,0
3992000,1.7000,0.8385,0.8615,0.83853,0.83853,0.00000,0.00000,0
3992500,1.7000,0.8377,0.8623,0.83773,0.83773,0.00000,0.00000,0
3993000,1.7000,0.8385,0.8615,0.83853,0.83853,0.00000,0.00000,0
3993500,1.7000,0.8385,0.8615,0.83853,0.83853,0.00000,0.00000,0
3994000,1.7000,0.8377,0.8623,0.83773,0.83773,0.00000,0.00000,0
3994500,1.7000,0.8377,0.8623,0.83773,0.83773,0.00000,0.00000,0
3995000,1.7000,0.8361,0.8639,0.83612,0.83612,0.00000,0.00000,0
3995500,1.7000,0.8361,0.8639,0.83612,0.83612,0.00000,0.00000,0
3996000,1.7000,0.8361,0.8639,0.83612,0.83612,0.00000,0.00000,0
3996500,1.7000,0.8361,0.8639,0.83612,0.83612,0.00000,0.00000,0
3997000,1.7000,0.8369,0.8631,0.83692,0.83692,0.00000,0.00000,0
3997500,1.7000,0.8369,0.8631,0.83692,0.83692,0.00000,0.00000,0
3998000,1.7000,0.8361,0.8639,0.83612,0.83612,0.00000,0.00000,0
3998500,1.7000,0.8361,0.8639,0.83612,0.83612,0.00000,0.00000,0
3999000,1.7000,0.8369,0.8631,0.83692,0.83692,0.00000,0.00000,0
3999500,1.7000,0.8377,0.8623,0.83773,0.83773,0.00000,0.00000,0
4000000,1.7000,0.8361,0.8639,0.83612,0.83612,0.00000,0.00000,0
4000500,1.7000,0.8369,0.8631,0.83692,0.83692,0.00000,0.00000,0
4001000,1.7000,0.8361,0.8639,0.83612,0.83612,0.00000,0.00000,0
4001500,1.7000,0.8369,0.8631,0.83692,0.83692,0.00000,0.00000,0
4002000,1.7000,0.8361,0.8639,0.83612,0.83612,0.00000,0.00000,0
4002500,1.7000,0.8369,0.8631,0.83692,0.83692,0.00000,0.00000,0
4003000,1.7000,0.8369,0.8631,0.83692,0.83692,0.00000,0.00000,0
4003500,1.7000,0.8369,0.8631,0.83692,0.83692,0.00000,0.00000,0
4004000,1.7000,0.8361,0.8639,0.83612,0.83612,0.00000,0.00000,0
4004500,1.7000,0.8369,0.8631,0.83692,0.83692,0.00000,0.00000,0
4005000,1.7000,0.8393,0.8607,0.83934,0.83934,0.00000,0.00000,0
4005500,1.7000,0.8410,0.8590,0.84095,0.84095,0.00000,0.00000,0
4006000,1.7000,0.8401,0.8599,0.84015,0.84015,0.00000,0.00000,0
4006500,1.7000,0.8401,0.8599,0.84015,0.84015,0.00000,0.00000,0
4007000,1.7000,0.8393,0.8607,0.83934,0.83934,0.00000,0.00000,0
4007500,1.7000,0.8393,0.8607,0.83934,0.83934,0.00000,0.00000,0
4008000,1.7000,0.8418,0.8582,0.84176,0.84176,0.00000,0.00000,0
4008500,1.7000,0.8434,0.8566,0.84337,0.84337,0.00000,0.00000,0
4009000,1.7000,0.8434,0.8566,0.84337,0.84337,0.00000,0.00000,0
4009500,1.7000,0.8426,0.8574,0.84256,0.84256,0.00000,0.00000,0
4010000,1.7000,0.8426,0.8574,0.84256,0.84256,0.00000,0.00000,0
4010500,1.7000,0.8410,0.8590,0.84095,0.84095,0.00000,0.00000,0
4011000,1.7000,0.8418,0.8582,0.84176,0.84176,0.00000,0.00000,0
4011500,1.7000,0.8401,0.8599,0.84015,0.84015,0.00000,0.00000,0
4012000,1.7000,0.8410,0.8590,0.84095,0.84095,0.00000,0.00000,0
4012500,1.7000,0.8410,0.8590,0.84095,0.84095,0.00000,0.00000,0
4013000,1.7000,0.8393,0.8607,0.83934,0.83934,0.00000,0.00000,0
4013500,1.7000,0.8393,0.8607,0.83934,0.83934,0.00000,0.00000,0
4014000,1.7000,0.8385,0.8615,0.83853,0.83853,0.00000,0.00000,0
4014500,1.7000,0.8385,0.8615,0.83853,0.83853,0.00000,0.00000,0
4015000,1.7000,0.8377,0.8623,0.83773,0.83773,0.00000,0.00000,0
4015500,1.7000,0.8377,0.8623,0.83773,0.83773,0.00000,0.00000,0
4016000,1.7000,0.8385,0.8615,0.83853,0.83853,0.00000,0.00000,0
4016500,1.7000,0.8410,0.8590,0.84095,0.84095,0.00000,0.00000,0
4017000,1.7000,0.8410,0.8590,0.84095,0.84095,0.00000,0.00000,0
4017500,1.7000,0.8401,0.8599,0.84015,0.84015,0.00000,0.00000,0
4018000,1.7000,0.8401,0.8599,0.84015,0.84015,0.00000,0.00000,0
4018500,1.7000,0.8410,0.8590,0.84095,0.84095,0.00000,0.00000,0
4019000,1.7000,0.8410,0.8590,0.84095,0.84095,0.00000,0.00000,0
4019500,1.7000,0.8410,0.8590,0.84095,0.84095,0.00000,0.00000,0
4020000,1.7000,0.8385,0.8615,0.83853,0.83853,0.00000,0.00000,0
4020500,1.7000,0.8377,0.8623,0.83773,0.83773,0.00000,0.00000,0
4021000,1.7000,0.8361,0.8639,0.83612,0.83612,0.00000,0.00000,0
4021500,1.7000,0.8353,0.8647,0.83531,0.83531,0.00000,0.00000,0
4022000,1.7000,0.8361,0.8639,0.83612,0.83612,0.00000,0.00000,0
4022500,1.7000,0.8361,0.8639,0.83612,0.83612,0.00000,0.00000,0
4023000,1.7000,0.8361,0.8639,0.83612,0.83612,0.00000,0.00000,0
4023500,1.7000,0.8345,0.8655,0.83451,0.83451,0.00000,0.00000,0
4024000,1.7000,0.8337,0.8663,0.83370,0.83370,0.00000,0.00000,0
4024500,1.7000,0.8329,0.8671,0.83289,0.83289,0.00000,0.00000,0
4025000,1.7000,0.8345,0.8655,0.83451,0.83451,0.00000,0.00000,0
4025500,1.7000,0.8353,0.8647,0.83531,0.83531,0.00000,0.00000,0
4026000,1.7000,0.8369,0.8631,0.83692,0.83692,0.00000,0.00000,0
4026500,1.7000,0.8369,0.8631,0.83692,0.83692,0.00000,0.00000,0
4027000,1.7000,0.8353,0.8647,0.83531,0.83531,0.00000,0.00000,0
4027500,1.7000,0.8353,0.8647,0.83531,0.83531,0.00000,0.00000,0
4028000,1.7000,0.8345,0.8655,0.83451,0.83451,0.00000,0.00000,0
4028500,1.7000,0.8385,0.8615,0.83853,0.83853,0.00000,0.00000,0
4029000,1.7000,0.8418,0.8582,0.84176,0.84176,0.00000,0.00000,0
4029500,1.7000,0.8418,0.8582,0.84176,0.84176,0.00000,0.00000,0
4030000,1.7000,0.8418,0.8582,0.84176,0.84176,0.00000,0.00000,0
4030500,1.7000,0.8426,0.8574,0.84256,0.84256,0.00000,0.00000,0
4031000,1.7000,0.8418,0.8582,0.84176,0.84176,0.00000,0.00000,0
4031500,1.7000,0.8401,0.8599,0.84015,0.84015,0.00000,0.00000,0
4032000,1.7000,0.8410,0.8590,0.84095,0.84095,0.00000,0.00000,0
4032500,1.7000,0.8410,0.8590,0.84095,0.84095,0.00000,0.00000,0
4033000,1.7000,0.8410,0.8590,0.84095,0.84095,0.00000,0.00000,0
4033500,1.7000,0.8385,0.8615,0.83853,0.83853,0.00000,0.00000,0
4034000,1.7000,0.8353,0.8647,0.83531,0.83531,0.00000,0.00000,0
4034500,1.7000,0.8337,0.8663,0.83370,0.83370,0.00000,0.00000,0
4035000,1.7000,0.8345,0.8655,0.83451,0.83451,0.00000,0.00000,0
4035500,1.7000,0.8337,0.8663,0.83370,0.83370,0.00000,0.00000,0
4036000,1.7000,0.8345,0.8655,0.83451,0.83451,0.00000,0.00000,0
4036500,1.7000,0.8361,0.8639,0.83612,0.83612,0.00000,0.00000,0
4037000,1.7000,0.8361,0.8639,0.83612,0.83612,0.00000,0.00000,0
4037500,1.7000,0.8377,0.8623,0.83773,0.83773,0.00000,0.00000,0
4038000,1.7000,0.8369,0.8631,0.83692,0.83692,0.00000,0.00000,0
4038500,1.7000,0.8369,0.8631,0.83692,0.83692,0.00000,0.00000,0
4039000,1.7000,0.8385,0.8615,0.83853,0.83853,0.00000,0.00000,0
4039500,1.7000,0.8401,0.8599,0.84015,0.84015,0.00000,0.00000,0
4040000,1.7000,0.8410,0.8590,0.84095,0.84095,0.00000,0.00000,0
4040500,1.7000,0.8418,0.8582,0.84176,0.84176,0.00000,0.00000,0
4041000,1.7000,0.8426,0.8574,0.84256,0.84256,0.00000,0.00000,0
4041500,1.7000,0.8426,0.8574,0.84256,0.84256,0.00000,0.00000,0
4042000,1.7000,0.8426,0.8574,0.84256,0.84256,0.00000,0.00000,0
4042500,1.7000,0.8426,0.8574,0.84256,0.84256,0.00000,0.00000,0
4043000,1.7000,0.8450,0.8550,0.84498,0.84498,0.00000,0.00000,0
4043500,1.7000,0.8458,0.8542,0.84579,0.84579,0.00000,0.00000,0
4044000,1.7000,0.8450,0.8550,0.84498,0.84498,0.00000,0.00000,0
4044500,1.7000,0.8458,0.8542,0.84579,0.84579,0.00000,0.00000,0
4045000,1.7000,0.8458,0.8542,0.84579,0.84579,0.00000,0.00000,0
4045500,1.7000,0.8458,0.8542,0.84579,0.84579,0.00000,0.00000,0
4046000,1.7000,0.8442,0.8558,0.84418,0.84418,0.00000,0.00000,0
4046500,1.7000,0.8450,0.8550,0.84498,0.84498,0.00000,0.00000,0
4047000,1.7000,0.8458,0.8542,0.84579,0.84579,0.00000,0.00000,0
4047500,1.7000,0.8450,0.8550,0.84498,0.84498,0.00000,0.00000,0
4048000,1.7000,0.8426,0.8574,0.84256,0.84256,0.00000,0.00000,0
4048500,1.7000,0.8426,0.8574,0.84256,0.84256,0.00000,0.00000,0
4049000,1.7000,0.8418,0.8582,0.84176,0.84176,0.00000,0.00000,0
4049500,1.7000,0.8418,0.8582,0.84176,0.84176,0.00000,0.00000,0
4050000,1.7000,0.8410,0.8590,0.84095,0.84095,0.00000,0.00000,0
4050500,1.7000,0.8401,0.8599,0.84015,0.84015,0.00000,0.00000,0
4051000,1.7000,0.8410,0.8590,0.84095,0.84095,0.00000,0.00000,0
4051500,1.7000,0.8410,0.8590,0.84095,0.84095,0.00000,0.00000,0
4052000,1.7000,0.8393,0.8607,0.83934,0.83934,0.00000,0.00000,0
4052500,1.7000,0.8385,0.8615,0.83853,0.83853,0.00000,0.00000,0
4053000,1.7000,0.8385,0.8615,0.83853,0.83853,0.00000,0.00000,0
4053500,1.7000,0.8385,0.8615,0.83853,0.83853,0.00000,0.00000,0
4054000,1.7000,0.8385,0.8615,0.83853,0.83853,0.00000,0.00000,0
4054500,1.7000,0.8377,0.8623,0.83773,0.83773,0.00000,0.00000,0
4055000,1.7000,0.8385,0.8615,0.83853,0.83853,0.00000,0.00000,0
4055500,1.7000,0.8369,0.8631,0.83692,0.83692,0.00000,0.00000,0
4056000,1.7000,0.8369,0.8631,0.83692,0.83692,0.00000,0.00000,0
4056500,1.7000,0.8369,0.8631,0.83692,0.83692,0.00000,0.00000,0
4057000,1.7000,0.8385,0.8615,0.83853,0.83853,0.00000,0.00000,0
4057500,1.7000,0.8393,0.8607,0.83934,0.83934,0.00000,0.00000,0
4058000,1.7000,0.8393,0.8607,0.83934,0.83934,0.00000,0.00000,0
4058500,1.7000,0.8393,0.8607,0.83934,0.83934,0.00000,0.00000,0
4059000,1.7000,0.8401,0.8599,0.84015,0.84015,0.00000,0.00000,0
4059500,1.7000,0.8401,0.8599,0.84015,0.84015,0.00000,0.00000,0
4060000,1.7000,0.8401,0.8599,0.84015,0.84015,0.00000,0.00000,0
4060500,1.7000,0.8434,0.8566,0.84337,0.84337,0.00000,0.00000,0
4061000,1.7000,0.8442,0.8558,0.84418,0.84418,0.00000,0.00000,0
4061500,1.7000,0.8426,0.8574,0.84256,0.84256,0.00000,0.00000,0
4062000,1.7000,0.8401,0.8599,0.84015,0.84015,0.00000,0.00000,0
4062500,1.7000,0.8410,0.8590,0.84095,0.84095,0.00000,0.00000,0
4063000,1.7000,0.8410,0.8590,0.84095,0.84095,0.00000,0.00000,0
4063500,1.7000,0.8418,0.8582,0.84176,0.84176,0.00000,0.00000,0
4064000,1.7000,0.8393,0.8607,0.83934,0.83934,0.00000,0.00000,0
4064500,1.7000,0.8401,0.8599,0.84015,0.84015,0.00000,0.00000,0
4065000,1.7000,0.8393,0.8607,0.83934,0.83934,0.00000,0.00000,0
4065500,1.7000,0.8377,0.8623,0.83773,0.83773,0.00000,0.00000,0
4066000,1.7000,0.8369,0.8631,0.83692,0.83692,0.00000,0.00000,0
4066500,1.7000,0.8377,0.8623,0.83773,0.83773,0.00000,0.00000,0
4067000,1.7000,0.8385,0.8615,0.83853,0.83853,0.00000,0.00000,0
4067500,1.7000,0.8393,0.8607,0.83934,0.83934,0.00000,0.00000,0
4068000,1.7000,0.8385,0.8615,0.83853,0.83853,0.00000,0.00000,0
4068500,1.7000,0.8369,0.8631,0.83692,0.83692,0.00000,0.00000,0
4069000,1.7000,0.8369,0.8631,0.83692,0.83692,0.00000,0.00000,0
4069500,1.7000,0.8353,0.8647,0.83531,0.83531,0.00000,0.00000,0
4070000,1.7000,0.8345,0.8655,0.83451,0.83451,0.00000,0.00000,0
4070500,1.7000,0.8337,0.8663,0.83370,0.83370,0.00000,0.00000,0
4071000,1.7000,0.8337,0.8663,0.83370,0.83370,0.00000,0.00000,0
4071500,1.7000,0.8329,0.8671,0.83289,0.83289,0.00000,0.00000,0
4072000,1.7000,0.8321,0.8679,0.83209,0.83209,0.00000,0.00000,0
4072500,1.7000,0.8289,0.8711,0.82886,0.82886,0.00000,0.00000,0
4073000,1.7000,0.8297,0.8703,0.82967,0.82967,0.00000,0.00000,0
4073500,1.7000,0.8305,0.8695,0.83048,0.83048,0.00000,0.00000,0
4074000,1.7000,0.8329,0.8671,0.83289,0.83289,0.00000,0.00000,0
4074500,1.7000,0.8337,0.8663,0.83370,0.83370,0.00000,0.00000,0
4075000,1.7000,0.8345,0.8655,0.83451,0.83451,0.00000,0.00000,0
4075500,1.7000,0.8361,0.8639,0.83612,0.83612,0.00000,0.00000,0
4076000,1.7000,0.8361,0.8639,0.83612,0.83612,0.00000,0.00000,0
4076500,1.7000,0.8377,0.8623,0.83773,0.83773,0.00000,0.00000,0
4077000,1.7000,0.8410,0.8590,0.84095,0.84095,0.00000,0.00000,0
4077500,1.7000,0.8418,0.8582,0.84176,0.84176,0.00000,0.00000,0
4078000,1.7000,0.8458,0.8542,0.84579,0.84579,0.00000,0.00000,0
4078500,1.7000,0.8450,0.8550,0.84498,0.84498,0.00000,0.00000,0
4079000,1.7000,0.8434,0.8566,0.84337,0.84337,0.00000,0.00000,0
4079500,1.7000,0.8442,0.8558,0.84418,0.84418,0.00000,0.00000,0
4080000,1.7000,0.8442,0.8558,0.84418,0.84418,0.00000,0.00000,0
4080500,1.7000,0.8434,0.8566,0.84337,0.84337,0.00000,0.00000,0
4081000,1.7000,0.8434,0.8566,0.84337,0.84337,0.00000,0.00000,0
4081500,1.7000,0.8434,0.8566,0.84337,0.84337,0.00000,0.00000,0
4082000,1.7000,0.8418,0.8582,0.84176,0.84176,0.00000,0.00000,0
4082500,1.7000,0.8418,0.8582,0.84176,0.84176,0.00000,0.00000,0
4083000,1.7000,0.8385,0.8615,0.83853,0.83853,0.00000,0.00000,0
4083500,1.7000,0.8369,0.8631,0.83692,0.83692,0.00000,0.00000,0
4084000,1.7000,0.8361,0.8639,0.83612,0.83612,0.00000,0.00000,0
4084500,1.7000,0.8361,0.8639,0.83612,0.83612,0.00000,0.00000,0
4085000,1.7000,0.8361,0.8639,0.83612,0.83612,0.00000,0.00000,0
4085500,1.7000,0.8369,0.8631,0.83692,0.83692,0.00000,0.00000,0
4086000,1.7000,0.8377,0.8623,0.83773,0.83773,0.00000,0.00000,0
4086500,1.7000,0.8377,0.8623,0.83773,0.83773,0.00000,0.00000,0
4087000,1.7000,0.8369,0.8631,0.83692,0.83692,0.00000,0.00000,0
4087500,1.7000,0.8377,0.8623,0.83773,0.83773,0.00000,0.00000,0
4088000,1.7000,0.8393,0.8607,0.83934,0.83934,0.00000,0.00000,0
4088500,1.7000,0.8410,0.8590,0.84095,0.84095,0.00000,0.00000,0
4089000,1.7000,0.8410,0.8590,0.84095,0.84095,0.00000,0.00000,0
4089500,1.7000,0.8426,0.8574,0.84256,0.84256,0.00000,0.00000,0
4090000,1.7000,0.8434,0.8566,0.84337,0.84337,0.00000,0.00000,0
4090500,1.7000,0.8410,0.8590,0.84095,0.84095,0.00000,0.00000,0
4091000,1.7000,0.8401,0.8599,0.84015,0.84015,0.00000,0.00000,0
4091500,1.7000,0.8418,0.8582,0.84176,0.84176,0.00000,0.00000,0
4092000,1.7000,0.8410,0.8590,0.84095,0.84095,0.00000,0.00000,0
4092500,1.7000,0.8426,0.8574,0.84256,0.84256,0.00000,0.00000,0
4093000,1.7000,0.8418,0.8582,0.84176,0.84176,0.00000,0.00000,0
4093500,1.7000,0.8426,0.8574,0.84256,0.84256,0.00000,0.00000,0
4094000,1.7000,0.8426,0.8574,0.84256,0.84256,0.00000,0.00000,0
4094500,1.7000,0.8410,0.8590,0.84095,0.84095,0.00000,0.00000,0
4095000,1.7000,0.8426,0.8574,0.84256,0.84256,0.00000,0.00000,0
4095500,1.7000,0.8434,0.8566,0.84337,0.84337,0.00000,0.00000,0
4096000,1.7000,0.8434,0.8566,0.84337,0.84337,0.00000,0.00000,0
4096500,1.7000,0.8426,0.8574,0.84256,0.84256,0.00000,0.00000,0
4097000,1.7000,0.8442,0.8558,0.84418,0.84418,0.00000,0.00000,0
4097500,1.7000,0.8426,0.8574,0.84256,0.84256,0.00000,0.00000,0
4098000,1.7000,0.8418,0.8582,0.84176,0.84176,0.00000,0.00000,0
4098500,1.7000,0.8410,0.8590,0.84095,0.84095,0.00000,0.00000,0
4099000,1.7000,0.8410,0.8590,0.84095,0.84095,0.00000,0.00000,0
4099500,1.7000,0.8410,0.8590,0.84095,0.84095,0.00000,0.00000,0
4100000,1.7000,0.8385,0.8615,0.83853,0.83853,0.00000,0.00000,0
4100500,1.7000,0.8385,0.8615,0.83853,0.83853,0.00000,0.00000,0
4101000,1.7000,0.8377,0.8623,0.83773,0.83773,0.00000,0.00000,0
4101500,1.7000,0.8377,0.8623,0.83773,0.83773,0.00000,0.00000,0
4102000,1.7000,0.8369,0.8631,0.83692,0.83692,0.00000,0.00000,0
4102500,1.7000,0.8377,0.8623,0.83773,0.83773,0.00000,0.00000,0
4103000,1.7000,0.8377,0.8623,0.83773,0.83773,0.00000,0.00000,0
4103500,1.7000,0.8377,0.8623,0.83773,0.83773,0.00000,0.00000,0
4104000,1.7000,0.8377,0.8623,0.83773,0.83773,0.00000,0.00000,0
4104500,1.7000,0.8385,0.8615,0.83853,0.83853,0.00000,0.00000,0
4105000,1.7000,0.8385,0.8615,0.83853,0.83853,0.00000,0.00000,0
4105500,1.7000,0.8401,0.8599,0.84015,0.84015,0.00000,0.00000,0
4106000,1.7000,0.8393,0.8607,0.83934,0.83934,0.00000,0.00000,0
4106500,1.7000,0.8401,0.8599,0.84015,0.84015,0.00000,0.00000,0
4107000,1.7000,0.8401,0.8599,0.84015,0.84015,0.00000,0.00000,0
4107500,1.7000,0.8401,0.8599,0.84015,0.84015,0.00000,0.00000,0
4108000,1.7000,0.8401,0.8599,0.84015,0.84015,0.00000,0.00000,0
4108500,1.7000,0.8426,0.8574,0.84256,0.84256,0.00000,0.00000,0
4109000,1.7000,0.8418,0.8582,0.84176,0.84176,0.00000,0.00000,0
4109500,1.7000,0.8434,0.8566,0.84337,0.84337,0.00000,0.00000,0
4110000,1.7000,0.8434,0.8566,0.84337,0.84337,0.00000,0.00000,0
4110500,1.7000,0.8434,0.8566,0.84337,0.84337,0.00000,0.00000,0
4111000,1.7000,0.8434,0.8566,0.84337,0.84337,0.00000,0.00000,0
4111500,1.7000,0.8442,0.8558,0.84418,0.84418,0.00000,0.00000,0
4112000,1.7000,0.8442,0.8558,0.84418,0.84418,0.00000,0.00000,0
4112500,1.7000,0.8434,0.8566,0.84337,0.84337,0.00000,0.00000,0
4113000,1.7000,0.8450,0.8550,0.84498,0.84498,0.00000,0.00000,0
4113500,1.7000,0.8426,0.8574,0.84256,0.84256,0.00000,0.00000,0
4114000,1.7000,0.8426,0.8574,0.84256,0.84256,0.00000,0.00000,0
4114500,1.7000,0.8401,0.8599,0.84015,0.84015,0.00000,0.00000,0
4115000,1.7000,0.8393,0.8607,0.83934,0.83934,0.00000,0.00000,0
4115500,1.7000,0.8410,0.8590,0.84095,0.84095,0.00000,0.00000,0
4116000,1.7000,0.8410,0.8590,0.84095,0.84095,0.00000,0.00000,0
4116500,1.7000,0.8418,0.8582,0.84176,0.84176,0.00000,0.00000,0
4117000,1.7000,0.8410,0.8590,0.84095,0.84095,0.00000,0.00000,0
4117500,1.7000,0.8410,0.8590,0.84095,0.84095,0.00000,0.00000,0
4118000,1.7000,0.8401,0.8599,0.84015,0.84015,0.00000,0.00000,0
4118500,1.7000,0.8401,0.8599,0.84015,0.84015,0.00000,0.00000,0
4119000,1.7000,0.8410,0.8590,0.84095,0.84095,0.00000,0.00000,0
4119500,1.7000,0.8410,0.8590,0.84095,0.84095,0.00000,0.00000,0
4120000,1.7000,0.8418,0.8582,0.84176,0.84176,0.00000,0.00000,0
4120500,1.7000,0.8393,0.8607,0.83934,0.83934,0.00000,0.00000,0
4121000,1.7000,0.8385,0.8615,0.83853,0.83853,0.00000,0.00000,0
4121500,1.7000,0.8393,0.8607,0.83934,0.83934,0.00000,0.00000,0
4122000,1.7000,0.8410,0.8590,0.84095,0.84095,0.00000,0.00000,0
4122500,1.7000,0.8401,0.8599,0.84015,0.84015,0.00000,0.00000,0
4123000,1.7000,0.8401,0.8599,0.84015,0.84015,0.00000,0.00000,0
4123500,1.7000,0.8418,0.8582,0.84176,0.84176,0.00000,0.00000,0
4124000,1.7000,0.8410,0.8590,0.84095,0.84095,0.00000,0.00000,0
4124500,1.7000,0.8418,0.8582,0.84176,0.84176,0.00000,0.00000,0
4125000,1.7000,0.8418,0.8582,0.84176,0.84176,0.00000,0.00000,0
4125500,1.7000,0.8410,0.8590,0.84095,0.84095,0.00000,0.00000,0
4126000,1.7000,0.8418,0.8582,0.84176,0.84176,0.00000,0.00000,0
4126500,1.7000,0.8401,0.8599,0.84015,0.84015,0.00000,0.00000,0
4127000,1.7000,0.8401,0.8599,0.84015,0.84015,0.00000,0.00000,0
4127500,1.7000,0.8410,0.8590,0.84095,0.84095,0.00000,0.00000,0
4128000,1.7000,0.8385,0.8615,0.83853,0.83853,0.00000,0.00000,0
4128500,1.7000,0.8369,0.8631,0.83692,0.83692,0.00000,0.00000,0
4129000,1.7000,0.8377,0.8623,0.83773,0.83773,0.00000,0.00000,0
4129500,1.7000,0.8377,0.8623,0.83773,0.83773,0.00000,0.00000,0
4130000,1.7000,0.8377,0.8623,0.83773,0.83773,0.00000,0.00000,0
4130500,1.7000,0.8385,0.8615,0.83853,0.83853,0.00000,0.00000,0
4131000,1.7000,0.8377,0.8623,0.83773,0.83773,0.00000,0.00000,0
4131500,1.7000,0.8361,0.8639,0.83612,0.83612,0.00000,0.00000,0
4132000,1.7000,0.8369,0.8631,0.83692,0.83692,0.00000,0.00000,0
4132500,1.7000,0.8353,0.8647,0.83531,0.83531,0.00000,0.00000,0
4133000,1.7000,0.8369,0.8631,0.83692,0.83692,0.00000,0.00000,0
4133500,1.7000,0.8377,0.8623,0.83773,0.83773,0.00000,0.00000,0
4134000,1.7000,0.8361,0.8639,0.83612,0.83612,0.00000,0.00000,0
4134500,1.7000,0.8345,0.8655,0.83451,0.83451,0.00000,0.00000,0
4135000,1.7000,0.8345,0.8655,0.83451,0.83451,0.00000,0.00000,0
4135500,1.7000,0.8345,0.8655,0.83451,0.83451,0.00000,0.00000,0
4136000,1.7000,0.8377,0.8623,0.83773,0.83773,0.00000,0.00000,0
4136500,1.7000,0.8393,0.8607,0.83934,0.83934,0.00000,0.00000,0
4137000,1.7000,0.8401,0.8599,0.84015,0.84015,0.00000,0.00000,0
4137500,1.7000,0.8410,0.8590,0.84095,0.84095,0.00000,0.00000,0
4138000,1.7000,0.8418,0.8582,0.84176,0.84176,0.00000,0.00000,0
4138500,1.7000,0.8426,0.8574,0.84256,0.84256,0.00000,0.00000,0
4139000,1.7000,0.8450,0.8550,0.84498,0.84498,0.00000,0.00000,0
4139500,1.7000,0.8458,0.8542,0.84579,0.84579,0.00000,0.00000,0
4140000,1.7000,0.8474,0.8526,0.84740,0.84740,0.00000,0.00000,0
4140500,1.7000,0.8466,0.8534,0.84659,0.84659,0.00000,0.00000,0
4141000,1.7000,0.8450,0.8550,0.84498,0.84498,0.00000,0.00000,0
4141500,1.7000,0.8442,0.8558,0.84418,0.84418,0.00000,0.00000,0
4142000,1.7000,0.8434,0.8566,0.84337,0.84337,0.00000,0.00000,0
4142500,1.7000,0.8426,0.8574,0.84256,0.84256,0.00000,0.00000,0
4143000,1.7000,0.8426,0.8574,0.84256,0.84256,0.00000,0.00000,0
4143500,1.7000,0.8410,0.8590,0.84095,0.84095,0.00000,0.00000,0
4144000,1.7000,0.8410,0.8590,0.84095,0.84095,0.00000,0.00000,0
4144500,1.7000,0.8393,0.8607,0.83934,0.83934,0.00000,0.00000,0
4145000,1.7000,0.8401,0.8599,0.84015,0.84015,0.00000,0.00000,0
4145500,1.7000,0.8401,0.8599,0.84015,0.84015,0.00000,0.00000,0
4146000,1.7000,0.8393,0.8607,0.83934,0.83934,0.00000,0.00000,0
4146500,1.7000,0.8385,0.8615,0.83853,0.83853,0.00000,0.00000,0
4147000,1.7000,0.8385,0.8615,0.83853,0.83853,0.00000,0.00000,0
4147500,1.7000,0.8393,0.8607,0.83934,0.83934,0.00000,0.00000,0
4148000,1.7000,0.8393,0.8607,0.83934,0.83934,0.00000,0.00000,0
4148500,1.7000,0.8393,0.8607,0.83934,0.83934,0.00000,0.00000,0
4149000,1.7000,0.8393,0.8607,0.83934,0.83934,0.00000,0.00000,0
4149500,1.7000,0.8410,0.8590,0.84095,0.84095,0.00000,0.00000,0
4150000,1.7000,0.8410,0.8590,0.84095,0.84095,0.00000,0.00000,0
4150500,1.7000,0.8410,0.8590,0.84095,0.84095,0.00000,0.00000,0
4151000,1.7000,0.8418,0.8582,0.84176,0.84176,0.00000,0.00000,0
4151500,1.7000,0.8410,0.8590,0.84095,0.84095,0.00000,0.00000,0
4152000,1.7000,0.8410,0.8590,0.84095,0.84095,0.00000,0.00000,0
4152500,1.7000,0.8401,0.8599,0.84015,0.84015,0.00000,0.00000,0
4153000,1.7000,0.8410,0.8590,0.84095,0.84095,0.00000,0.00000,0
4153500,1.7000,0.8418,0.8582,0.84176,0.84176,0.00000,0.00000,0
4154000,1.7000,0.8418,0.8582,0.84176,0.84176,0.00000,0.00000,0
4154500,1.7000,0.8426,0.8574,0.84256,0.84256,0.00000,0.00000,0
4155000,1.7000,0.8426,0.8574,0.84256,0.84256,0.00000,0.00000,0
4155500,1.7000,0.8401,0.8599,0.84015,0.84015,0.00000,0.00000,0
4156000,1.7000,0.8393,0.8607,0.83934,0.83934,0.00000,0.00000,0
4156500,1.7000,0.8393,0.8607,0.83934,0.83934,0.00000,0.00000,0
4157000,1.7000,0.8401,0.8599,0.84015,0.84015,0.00000,0.00000,0
4157500,1.7000,0.8401,0.8599,0.84015,0.84015,0.00000,0.00000,0
4158000,1.7000,0.8393,0.8607,0.83934,0.83934,0.00000,0.00000,0
4158500,1.7000,0.8385,0.8615,0.83853,0.83853,0.00000,0.00000,0
4159000,1.7000,0.8385,0.8615,0.83853,0.83853,0.00000,0.00000,0
4159500,1.7000,0.8385,0.8615,0.83853,0.83853,0.00000,0.00000,0
4160000,1.7000,0.8377,0.8623,0.83773,0.83773,0.00000,0.00000,0
4160500,1.7000,0.8418,0.8582,0.84176,0.84176,0.00000,0.00000,0
4161000,1.7000,0.8418,0.8582,0.84176,0.84176,0.00000,0.00000,0
4161500,1.7000,0.8410,0.8590,0.84095,0.84095,0.00000,0.00000,0
4162000,1.7000,0.8393,0.8607,0.83934,0.83934,0.00000,0.00000,0
4162500,1.7000,0.8418,0.8582,0.84176,0.84176,0.00000,0.00000,0
4163000,1.7000,0.8410,0.8590,0.84095,0.84095,0.00000,0.00000,0
4163500,1.7000,0.8410,0.8590,0.84095,0.84095,0.00000,0.00000,0
4164000,1.7000,0.8410,0.8590,0.84095,0.84095,0.00000,0.00000,0
4164500,1.7000,0.8385,0.8615,0.83853,0.83853,0.00000,0.00000,0
4165000,1.7000,0.8385,0.8615,0.83853,0.83853,0.00000,0.00000,0
4165500,1.7000,0.8369,0.8631,0.83692,0.83692,0.00000,0.00000,0
4166000,1.7000,0.8377,0.8623,0.83773,0.83773,0.00000,0.00000,0
4166500,1.7000,0.8377,0.8623,0.83773,0.83773,0.00000,0.00000,0
4167000,1.7000,0.8393,0.8607,0.83934,0.83934,0.00000,0.00000,0
4167500,1.7000,0.8369,0.8631,0.83692,0.83692,0.00000,0.00000,0
4168000,1.7000,0.8369,0.8631,0.83692,0.83692,0.00000,0.00000,0
4168500,1.7000,0.8361,0.8639,0.83612,0.83612,0.00000,0.00000,0
4169000,1.7000,0.8369,0.8631,0.83692,0.83692,0.00000,0.00000,0
4169500,1.7000,0.8393,0.8607,0.83934,0.83934,0.00000,0.00000,0
4170000,1.7000,0.8393,0.8607,0.83934,0.83934,0.00000,0.00000,0
4170500,1.7000,0.8393,0.8607,0.83934,0.83934,0.00000,0.00000,0
4171000,1.7000,0.8385,0.8615,0.83853,0.83853,0.00000,0.00000,0
4171500,1.7000,0.8385,0.8615,0.83853,0.83853,0.00000,0.00000,0
4172000,1.7000,0.8377,0.8623,0.83773,0.83773,0.00000,0.00000,0
4172500,1.7000,0.8401,0.8599,0.84015,0.84015,0.00000,0.00000,0
4173000,1.7000,0.8410,0.8590,0.84095,0.84095,0.00000,0.00000,0
4173500,1.7000,0.8410,0.8590,0.84095,0.84095,0.00000,0.00000,0
4174000,1.7000,0.8393,0.8607,0.83934,0.83934,0.00000,0.00000,0
4174500,1.7000,0.8401,0.8599,0.84015,0.84015,0.00000,0.00000,0
4175000,1.7000,0.8410,0.8590,0.84095,0.84095,0.00000,0.00000,0
4175500,1.7000,0.8393,0.8607,0.83934,0.83934,0.00000,0.00000,0
4176000,1.7000,0.8401,0.8599,0.84015,0.84015,0.00000,0.00000,0
4176500,1.7000,0.8401,0.8599,0.84015,0.84015,0.00000,0.00000,0
4177000,1.7000,0.8401,0.8599,0.84015,0.84015,0.00000,0.00000,0
4177500,1.7000,0.8377,0.8623,0.83773,0.83773,0.00000,0.00000,0
4178000,1.7000,0.8361,0.8639,0.83612,0.83612,0.00000,0.00000,0
4178500,1.7000,0.8369,0.8631,0.83692,0.83692,0.00000,0.00000,0
4179000,1.7000,0.8385,0.8615,0.83853,0.83853,0.00000,0.00000,0
4179500,1.7000,0.8385,0.8615,0.83853,0.83853,0.00000,0.00000,0
4180000,1.7000,0.8385,0.8615,0.83853,0.83853,0.00000,0.00000,0
4180500,1.7000,0.8393,0.8607,0.83934,0.83934,0.00000,0.00000,0
4181000,1.7000,0.8393,0.8607,0.83934,0.83934,0.00000,0.00000,0
4181500,1.7000,0.8385,0.8615,0.83853,0.83853,0.00000,0.00000,0
4182000,1.7000,0.8401,0.8599,0.84015,0.84015,0.00000,0.00000,0
4182500,1.7000,0.8401,0.8599,0.84015,0.84015,0.00000,0.00000,0
4183000,1.7000,0.8418,0.8582,0.84176,0.84176,0.00000,0.00000,0
4183500,1.7000,0.8418,0.8582,0.84176,0.84176,0.00000,0.00000,0
4184000,1.7000,0.8418,0.8582,0.84176,0.84176,0.00000,0.00000,0
4184500,1.7000,0.8401,0.8599,0.84015,0.84015,0.00000,0.00000,0
4185000,1.7000,0.8401,0.8599,0.84015,0.84015,0.00000,0.00000,0
4185500,1.7000,0.8401,0.8599,0.84015,0.84015,0.00000,0.00000,0
4186000,1.7000,0.8410,0.8590,0.84095,0.84095,0.00000,0.00000,0
4186500,1.7000,0.8410,0.8590,0.84095,0.84095,0.00000,0.00000,0
4187000,1.7000,0.8410,0.8590,0.84095,0.84095,0.00000,0.00000,0
4187500,1.7000,0.8418,0.8582,0.84176,0.84176,0.00000,0.00000,0
4188000,1.7000,0.8401,0.8599,0.84015,0.84015,0.00000,0.00000,0
4188500,1.7000,0.8401,0.8599,0.84015,0.84015,0.00000,0.00000,0
4189000,1.7000,0.8410,0.8590,0.84095,0.84095,0.00000,0.00000,0
4189500,1.7000,0.8410,0.8590,0.84095,0.84095,0.00000,0.00000,0
4190000,1.7000,0.8410,0.8590,0.84095,0.84095,0.00000,0.00000,0
4190500,1.7000,0.8393,0.8607,0.83934,0.83934,0.00000,0.00000,0
4191000,1.7000,0.8393,0.8607,0.83934,0.83934,0.00000,0.00000,0
4191500,1.7000,0.8385,0.8615,0.83853,0.83853,0.00000,0.00000,0
4192000,1.7000,0.8377,0.8623,0.83773,0.83773,0.00000,0.00000,0
4192500,1.7000,0.8369,0.8631,0.83692,0.83692,0.00000,0.00000,0
4193000,1.7000,0.8377,0.8623,0.83773,0.83773,0.00000,0.00000,0
4193500,1.7000,0.8377,0.8623,0.83773,0.83773,0.00000,0.00000,0
4194000,1.7000,0.8369,0.8631,0.83692,0.83692,0.00000,0.00000,0
4194500,1.7000,0.8377,0.8623,0.83773,0.83773,0.00000,0.00000,0
4195000,1.7000,0.8377,0.8623,0.83773,0.83773,0.00000,0.00000,0
4195500,1.7000,0.8385,0.8615,0.83853,0.83853,0.00000,0.00000,0
4196000,1.7000,0.8377,0.8623,0.83773,0.83773,0.00000,0.00000,0
4196500,1.7000,0.8385,0.8615,0.83853,0.83853,0.00000,0.00000,0
4197000,1.7000,0.8393,0.8607,0.83934,0.83934,0.00000,0.00000,0
4197500,1.7000,0.8418,0.8582,0.84176,0.84176,0.00000,0.00000,0
4198000,1.7000,0.8410,0.8590,0.84095,0.84095,0.00000,0.00000,0
4198500,1.7000,0.8401,0.8599,0.84015,0.84015,0.00000,0.00000,0
4199000,1.7000,0.8401,0.8599,0.84015,0.84015,0.00000,0.00000,0
4199500,1.7000,0.8377,0.8623,0.83773,0.83773,0.00000,0.00000,0
4200000,1.7000,0.8385,0.8615,0.83853,0.83853,0.00000,0.00000,0
4200500,1.7000,0.8377,0.8623,0.83773,0.83773,0.00000,0.00000,0
4201000,1.7000,0.8377,0.8623,0.83773,0.83773,0.00000,0.00000,0
4201500,1.7000,0.8385,0.8615,0.83853,0.83853,0.00000,0.00000,0
4202000,1.7000,0.8385,0.8615,0.83853,0.83853,0.00000,0.00000,0
4202500,1.7000,0.8385,0.8615,0.83853,0.83853,0.00000,0.00000,0
4203000,1.7000,0.8393,0.8607,0.83934,0.83934,0.00000,0.00000,0
4203500,1.7000,0.8410,0.8590,0.84095,0.84095,0.00000,0.00000,0
4204000,1.7000,0.8418,0.8582,0.84176,0.84176,0.00000,0.00000,0
4204500,1.7000,0.8442,0.8558,0.84418,0.84418,0.00000,0.00000,0
4205000,1.7000,0.8434,0.8566,0.84337,0.84337,0.00000,0.00000,0
4205500,1.7000,0.8434,0.8566,0.84337,0.84337,0.00000,0.00000,0
4206000,1.7000,0.8434,0.8566,0.84337,0.84337,0.00000,0.00000,0
4206500,1.7000,0.8434,0.8566,0.84337,0.84337,0.00000,0.00000,0
4207000,1.7000,0.8426,0.8574,0.84256,0.84256,0.00000,0.00000,0
4207500,1.7000,0.8434,0.8566,0.84337,0.84337,0.00000,0.00000,0
4208000,1.7000,0.8442,0.8558,0.84418,0.84418,0.00000,0.00000,0
4208500,1.7000,0.8418,0.8582,0.84176,0.84176,0.00000,0.00000,0
4209000,1.7000,0.8418,0.8582,0.84176,0.84176,0.00000,0.00000,0
4209500,1.7000,0.8426,0.8574,0.84256,0.84256,0.00000,0.00000,0
4210000,1.7000,0.8426,0.8574,0.84256,0.84256,0.00000,0.00000,0
4210500,1.7000,0.8410,0.8590,0.84095,0.84095,0.00000,0.00000,0
4211000,1.7000,0.8426,0.8574,0.84256,0.84256,0.00000,0.00000,0
4211500,1.7000,0.8418,0.8582,0.84176,0.84176,0.00000,0.00000,0
4212000,1.7000,0.8434,0.8566,0.84337,0.84337,0.00000,0.00000,0
4212500,1.7000,0.8401,0.8599,0.84015,0.84015,0.00000,0.00000,0
4213000,1.7000,0.8385,0.8615,0.83853,0.83853,0.00000,0.00000,0
4213500,1.7000,0.8385,0.8615,0.83853,0.83853,0.00000,0.00000,0
4214000,1.7000,0.8385,0.8615,0.83853,0.83853,0.00000,0.00000,0
4214500,1.7000,0.8369,0.8631,0.83692,0.83692,0.00000,0.00000,0
4215000,1.7000,0.8385,0.8615,0.83853,0.83853,0.00000,0.00000,0
4215500,1.7000,0.8393,0.8607,0.83934,0.83934,0.00000,0.00000,0
4216000,1.7000,0.8377,0.8623,0.83773,0.83773,0.00000,0.00000,0
4216500,1.7000,0.8369,0.8631,0.83692,0.83692,0.00000,0.00000,0
4217000,1.7000,0.8369,0.8631,0.83692,0.83692,0.00000,0.00000,0
4217500,1.7000,0.8393,0.8607,0.83934,0.83934,0.00000,0.00000,0
4218000,1.7000,0.8401,0.8599,0.84015,0.84015,0.00000,0.00000,0
4218500,1.7000,0.8393,0.8607,0.83934,0.83934,0.00000,0.00000,0
4219000,1.7000,0.8385,0.8615,0.83853,0.83853,0.00000,0.00000,0
4219500,1.7000,0.8385,0.8615,0.83853,0.83853,0.00000,0.00000,0
4220000,1.7000,0.8369,0.8631,0.83692,0.83692,0.00000,0.00000,0
4220500,1.7000,0.8369,0.8631,0.83692,0.83692,0.00000,0.00000,0
4221000,1.7000,0.8361,0.8639,0.83612,0.83612,0.00000,0.00000,0
4221500,1.7000,0.8369,0.8631,0.83692,0.83692,0.00000,0.00000,0
4222000,1.7000,0.8361,0.8639,0.83612,0.83612,0.00000,0.00000,0
4222500,1.7000,0.8353,0.8647,0.83531,0.83531,0.00000,0.00000,0
4223000,1.7000,0.8353,0.8647,0.83531,0.83531,0.00000,0.00000,0
4223500,1.7000,0.8361,0.8639,0.83612,0.83612,0.00000,0.00000,0
4224000,1.7000,0.8361,0.8639,0.83612,0.83612,0.00000,0.00000,0
4224500,1.7000,0.8369,0.8631,0.83692,0.83692,0.00000,0.00000,0
4225000,1.7000,0.8353,0.8647,0.83531,0.83531,0.00000,0.00000,0
4225500,1.7000,0.8353,0.8647,0.83531,0.83531,0.00000,0.00000,0
4226000,1.7000,0.8369,0.8631,0.83692,0.83692,0.00000,0.00000,0
4226500,1.7000,0.8377,0.8623,0.83773,0.83773,0.00000,0.00000,0
4227000,1.7000,0.8369,0.8631,0.83692,0.83692,0.00000,0.00000,0
4227500,1.7000,0.8369,0.8631,0.83692,0.83692,0.00000,0.00000,0
4228000,1.7000,0.8369,0.8631,0.83692,0.83692,0.00000,0.00000,0
4228500,1.7000,0.8361,0.8639,0.83612,0.83612,0.00000,0.00000,0
4229000,1.7000,0.8369,0.8631,0.83692,0.83692,0.00000,0.00000,0
4229500,1.7000,0.8353,0.8647,0.83531,0.83531,0.00000,0.00000,0
4230000,1.7000,0.8369,0.8631,0.83692,0.83692,0.00000,0.00000,0
4230500,1.7000,0.8369,0.8631,0.83692,0.83692,0.00000,0.00000,0
4231000,1.7000,0.8377,0.8623,0.83773,0.83773,0.00000,0.00000,0
4231500,1.7000,0.8361,0.8639,0.83612,0.83612,0.00000,0.00000,0
4232000,1.7000,0.8369,0.8631,0.83692,0.83692,0.00000,0.00000,0
4232500,1.7000,0.8385,0.8615,0.83853,0.83853,0.00000,0.00000,0
4233000,1.7000,0.8369,0.8631,0.83692,0.83692,0.00000,0.00000,0
4233500,1.7000,0.8377,0.8623,0.83773,0.83773,0.00000,0.00000,0
4234000,1.7000,0.8377,0.8623,0.83773,0.83773,0.00000,0.00000,0
4234500,1.7000,0.8393,0.8607,0.83934,0.83934,0.00000,0.00000,0
4235000,1.7000,0.8401,0.8599,0.84015,0.84015,0.00000,0.00000,0
4235500,1.7000,0.8418,0.8582,0.84176,0.84176,0.00000,0.00000,0
4236000,1.7000,0.8410,0.8590,0.84095,0.84095,0.00000,0.00000,0
4236500,1.7000,0.8410,0.8590,0.84095,0.84095,0.00000,0.00000,0
4237000,1.7000,0.8393,0.8607,0.83934,0.83934,0.00000,0.00000,0
4237500,1.7000,0.8385,0.8615,0.83853,0.83853,0.00000,0.00000,0
4238000,1.7000,0.8401,0.8599,0.84015,0.84015,0.00000,0.00000,0
4238500,1.7000,0.8401,0.8599,0.84015,0.84015,0.00000,0.00000,0
4239000,1.7000,0.8393,0.8607,0.83934,0.83934,0.00000,0.00000,0
4239500,1.7000,0.8410,0.8590,0.84095,0.84095,0.00000,0.00000,0
4240000,1.7000,0.8401,0.8599,0.84015,0.84015,0.00000,0.00000,0
4240500,1.7000,0.8393,0.8607,0.83934,0.83934,0.00000,0.00000,0
4241000,1.7000,0.8401,0.8599,0.84015,0.84015,0.00000,0.00000,0
4241500,1.7000,0.8401,0.8599,0.84015,0.84015,0.00000,0.00000,0
4242000,1.7000,0.8418,0.8582,0.84176,0.84176,0.00000,0.00000,0
4242500,1.7000,0.8434,0.8566,0.84337,0.84337,0.00000,0.00000,0
4243000,1.7000,0.8426,0.8574,0.84256,0.84256,0.00000,0.00000,0
4243500,1.7000,0.8434,0.8566,0.84337,0.84337,0.00000,0.00000,0
4244000,1.7000,0.8418,0.8582,0.84176,0.84176,0.00000,0.00000,0
4244500,1.7000,0.8401,0.8599,0.84015,0.84015,0.00000,0.00000,0
4245000,1.7000,0.8393,0.8607,0.83934,0.83934,0.00000,0.00000,0
4245500,1.7000,0.8393,0.8607,0.83934,0.83934,0.00000,0.00000,0
4246000,1.7000,0.8393,0.8607,0.83934,0.83934,0.00000,0.00000,0
4246500,1.7000,0.8393,0.8607,0.83934,0.83934,0.00000,0.00000,0
4247000,1.7000,0.8385,0.8615,0.83853,0.83853,0.00000,0.00000,0
4247500,1.7000,0.8361,0.8639,0.83612,0.83612,0.00000,0.00000,0
4248000,1.7000,0.8361,0.8639,0.83612,0.83612,0.00000,0.00000,0
4248500,1.7000,0.8353,0.8647,0.83531,0.83531,0.00000,0.00000,0
4249000,1.7000,0.8337,0.8663,0.83370,0.83370,0.00000,0.00000,0
4249500,1.7000,0.8337,0.8663,0.83370,0.83370,0.00000,0.00000,0
4250000,1.7000,0.8337,0.8663,0.83370,0.83370,0.00000,0.00000,0
4250500,1.7000,0.8321,0.8679,0.83209,0.83209,0.00000,0.00000,0
4251000,1.7000,0.8313,0.8687,0.83128,0.83128,0.00000,0.00000,0
4251500,1.7000,0.8313,0.8687,0.83128,0.83128,0.00000,0.00000,0
4252000,1.7000,0.8313,0.8687,0.83128,0.83128,0.00000,0.00000,0
4252500,1.7000,0.8345,0.8655,0.83451,0.83451,0.00000,0.00000,0
4253000,1.7000,0.8361,0.8639,0.83612,0.83612,0.00000,0.00000,0
4253500,1.7000,0.8361,0.8639,0.83612,0.83612,0.00000,0.00000,0
4254000,1.7000,0.8385,0.8615,0.83853,0.83853,0.00000,0.00000,0
4254500,1.7000,0.8393,0.8607,0.83934,0.83934,0.00000,0.00000,0
4255000,1.7000,0.8385,0.8615,0.83853,0.83853,0.00000,0.00000,0
4255500,1.7000,0.8393,0.8607,0.83934,0.83934,0.00000,0.00000,0
4256000,1.7000,0.8377,0.8623,0.83773,0.83773,0.00000,0.00000,0
4256500,1.7000,0.8377,0.8623,0.83773,0.83773,0.00000,0.00000,0
4257000,1.7000,0.8377,0.8623,0.83773,0.83773,0.00000,0.00000,0
4257500,1.7000,0.8369,0.8631,0.83692,0.83692,0.00000,0.00000,0
4258000,1.7000,0.8353,0.8647,0.83531,0.83531,0.00000,0.00000,0
4258500,1.7000,0.8361,0.8639,0.83612,0.83612,0.00000,0.00000,0
4259000,1.7000,0.8369,0.8631,0.83692,0.83692,0.00000,0.00000,0
4259500,1.7000,0.8369,0.8631,0.83692,0.83692,0.00000,0.00000,0
4260000,1.7000,0.8377,0.8623,0.83773,0.83773,0.00000,0.00000,0
4260500,1.7000,0.8393,0.8607,0.83934,0.83934,0.00000,0.00000,0
4261000,1.7000,0.8393,0.8607,0.83934,0.83934,0.00000,0.00000,0
4261500,1.7000,0.8393,0.8607,0.83934,0.83934,0.00000,0.00000,0
4262000,1.7000,0.8385,0.8615,0.83853,0.83853,0.00000,0.00000,0
4262500,1.7000,0.8377,0.8623,0.83773,0.83773,0.00000,0.00000,0
4263000,1.7000,0.8401,0.8599,0.84015,0.84015,0.00000,0.00000,0
4263500,1.7000,0.8401,0.8599,0.84015,0.84015,0.00000,0.00000,0
4264000,1.7000,0.8393,0.8607,0.83934,0.83934,0.00000,0.00000,0
4264500,1.7000,0.8385,0.8615,0.83853,0.83853,0.00000,0.00000,0
4265000,1.7000,0.8353,0.8647,0.83531,0.83531,0.00000,0.00000,0
4265500,1.7000,0.8361,0.8639,0.83612,0.83612,0.00000,0.00000,0
4266000,1.7000,0.8345,0.8655,0.83451,0.83451,0.00000,0.00000,0
4266500,1.7000,0.8353,0.8647,0.83531,0.83531,0.00000,0.00000,0
4267000,1.7000,0.8361,0.8639,0.83612,0.83612,0.00000,0.00000,0
4267500,1.7000,0.8361,0.8639,0.83612,0.83612,0.00000,0.00000,0
4268000,1.7000,0.8353,0.8647,0.83531,0.83531,0.00000,0.00000,0
4268500,1.7000,0.8353,0.8647,0.83531,0.83531,0.00000,0.00000,0
4269000,1.7000,0.8361,0.8639,0.83612,0.83612,0.00000,0.00000,0
4269500,1.7000,0.8369,0.8631,0.83692,0.83692,0.00000,0.00000,0
4270000,1.7000,0.8393,0.8607,0.83934,0.83934,0.00000,0.00000,0
4270500,1.7000,0.8377,0.8623,0.83773,0.83773,0.00000,0.00000,0
4271000,1.7000,0.8401,0.8599,0.84015,0.84015,0.00000,0.00000,0
4271500,1.7000,0.8401,0.8599,0.84015,0.84015,0.00000,0.00000,0
4272000,1.7000,0.8410,0.8590,0.84095,0.84095,0.00000,0.00000,0
4272500,1.7000,0.8418,0.8582,0.84176,0.84176,0.00000,0.00000,0
4273000,1.7000,0.8426,0.8574,0.84256,0.84256,0.00000,0.00000,0
4273500,1.7000,0.8418,0.8582,0.84176,0.84176,0.00000,0.00000,0
4274000,1.7000,0.8426,0.8574,0.84256,0.84256,0.00000,0.00000,0
4274500,1.7000,0.8418,0.8582,0.84176,0.84176,0.00000,0.00000,0
4275000,1.7000,0.8410,0.8590,0.84095,0.84095,0.00000,0.00000,0
4275500,1.7000,0.8426,0.8574,0.84256,0.84256,0.00000,0.00000,0
4276000,1.7000,0.8426,0.8574,0.84256,0.84256,0.00000,0.00000,0
4276500,1.7000,0.8434,0.8566,0.84337,0.84337,0.00000,0.00000,0
4277000,1.7000,0.8426,0.8574,0.84256,0.84256,0.00000,0.00000,0
4277500,1.7000,0.8418,0.8582,0.84176,0.84176,0.00000,0.00000,0
4278000,1.7000,0.8410,0.8590,0.84095,0.84095,0.00000,0.00000,0
4278500,1.7000,0.8393,0.8607,0.83934,0.83934,0.00000,0.00000,0
4279000,1.7000,0.8385,0.8615,0.83853,0.83853,0.00000,0.00000,0
4279500,1.7000,0.8401,0.8599,0.84015,0.84015,0.00000,0.00000,0
4280000,1.7000,0.8418,0.8582,0.84176,0.84176,0.00000,0.00000,0
4280500,1.7000,0.8410,0.8590,0.84095,0.84095,0.00000,0.00000,0
4281000,1.7000,0.8401,0.8599,0.84015,0.84015,0.00000,0.00000,0
4281500,1.7000,0.8401,0.8599,0.84015,0.84015,0.00000,0.00000,0
4282000,1.7000,0.8393,0.8607,0.83934,0.83934,0.00000,0.00000,0
4282500,1.7000,0.8385,0.8615,0.83853,0.83853,0.00000,0.00000,0
4283000,1.7000,0.8353,0.8647,0.83531,0.83531,0.00000,0.00000,0
4283500,1.7000,0.8361,0.8639,0.83612,0.83612,0.00000,0.00000,0
4284000,1.7000,0.8369,0.8631,0.83692,0.83692,0.00000,0.00000,0
4284500,1.7000,0.8369,0.8631,0.83692,0.83692,0.00000,0.00000,0
4285000,1.7000,0.8369,0.8631,0.83692,0.83692,0.00000,0.00000,0
4285500,1.7000,0.8353,0.8647,0.83531,0.83531,0.00000,0.00000,0
4286000,1.7000,0.8353,0.8647,0.83531,0.83531,0.00000,0.00000,0
4286500,1.7000,0.8337,0.8663,0.83370,0.83370,0.00000,0.00000,0
4287000,1.7000,0.8337,0.8663,0.83370,0.83370,0.00000,0.00000,0
4287500,1.7000,0.8353,0.8647,0.83531,0.83531,0.00000,0.00000,0
4288000,1.7000,0.8385,0.8615,0.83853,0.83853,0.00000,0.00000,0
4288500,1.7000,0.8393,0.8607,0.83934,0.83934,0.00000,0.00000,0
4289000,1.7000,0.8393,0.8607,0.83934,0.83934,0.00000,0.00000,0
4289500,1.7000,0.8385,0.8615,0.83853,0.83853,0.00000,0.00000,0
4290000,1.7000,0.8377,0.8623,0.83773,0.83773,0.00000,0.00000,0
4290500,1.7000,0.8401,0.8599,0.84015,0.84015,0.00000,0.00000,0
4291000,1.7000,0.8393,0.8607,0.83934,0.83934,0.00000,0.00000,0
4291500,1.7000,0.8393,0.8607,0.83934,0.83934,0.00000,0.00000,0
4292000,1.7000,0.8401,0.8599,0.84015,0.84015,0.00000,0.00000,0
4292500,1.7000,0.8393,0.8607,0.83934,0.83934,0.00000,0.00000,0
4293000,1.7000,0.8385,0.8615,0.83853,0.83853,0.00000,0.00000,0
4293500,1.7000,0.8393,0.8607,0.83934,0.83934,0.00000,0.00000,0
4294000,1.7000,0.8385,0.8615,0.83853,0.83853,0.00000,0.00000,0
4294500,1.7000,0.8377,0.8623,0.83773,0.83773,0.00000,0.00000,0
4295000,1.7000,0.8377,0.8623,0.83773,0.83773,0.00000,0.00000,0
4295500,1.7000,0.8385,0.8615,0.83853,0.83853,0.00000,0.00000,0
4296000,1.7000,0.8385,0.8615,0.83853,0.83853,0.00000,0.00000,0
4296500,1.7000,0.8401,0.8599,0.84015,0.84015,0.00000,0.00000,0
4297000,1.7000,0.8401,0.8599,0.84015,0.84015,0.00000,0.00000,0
4297500,1.7000,0.8401,0.8599,0.84015,0.84015,0.00000,0.00000,0
4298000,1.7000,0.8410,0.8590,0.84095,0.84095,0.00000,0.00000,0
4298500,1.7000,0.8401,0.8599,0.84015,0.84015,0.00000,0.00000,0
4299000,1.7000,0.8385,0.8615,0.83853,0.83853,0.00000,0.00000,0
4299500,1.7000,0.8393,0.8607,0.83934,0.83934,0.00000,0.00000,0
4300000,1.7000,0.8401,0.8599,0.84015,0.84015,0.00000,0.00000,0
4300500,1.7000,0.8410,0.8590,0.84095,0.84095,0.00000,0.00000,0
4301000,1.7000,0.8418,0.8582,0.84176,0.84176,0.00000,0.00000,0
4301500,1.7000,0.8418,0.8582,0.84176,0.84176,0.00000,0.00000,0
4302000,1.7000,0.8418,0.8582,0.84176,0.84176,0.00000,0.00000,0
4302500,1.7000,0.8426,0.8574,0.84256,0.84256,0.00000,0.00000,0
4303000,1.7000,0.8418,0.8582,0.84176,0.84176,0.00000,0.00000,0
4303500,1.7000,0.8410,0.8590,0.84095,0.84095,0.00000,0.00000,0
4304000,1.7000,0.8418,0.8582,0.84176,0.84176,0.00000,0.00000,0
4304500,1.7000,0.8410,0.8590,0.84095,0.84095,0.00000,0.00000,0
4305000,1.7000,0.8401,0.8599,0.84015,0.84015,0.00000,0.00000,0
4305500,1.7000,0.8393,0.8607,0.83934,0.83934,0.00000,0.00000,0
4306000,1.7000,0.8393,0.8607,0.83934,0.83934,0.00000,0.00000,0
4306500,1.7000,0.8385,0.8615,0.83853,0.83853,0.00000,0.00000,0
4307000,1.7000,0.8377,0.8623,0.83773,0.83773,0.00000,0.00000,0
4307500,1.7000,0.8385,0.8615,0.83853,0.83853,0.00000,0.00000,0
4308000,1.7000,0.8385,0.8615,0.83853,0.83853,0.00000,0.00000,0
4308500,1.7000,0.8393,0.8607,0.83934,0.83934,0.00000,0.00000,0
4309000,1.7000,0.8401,0.8599,0.84015,0.84015,0.00000,0.00000,0
4309500,1.7000,0.8393,0.8607,0.83934,0.83934,0.00000,0.00000,0
4310000,1.7000,0.8393,0.8607,0.83934,0.83934,0.00000,0.00000,0
4310500,1.7000,0.8410,0.8590,0.84095,0.84095,0.00000,0.00000,0
4311000,1.7000,0.8426,0.8574,0.84256,0.84256,0.00000,0.00000,0
4311500,1.7000,0.8418,0.8582,0.84176,0.84176,0.00000,0.00000,0
4312000,1.7000,0.8450,0.8550,0.84498,0.84498,0.00000,0.00000,0
4312500,1.7000,0.8434,0.8566,0.84337,0.84337,0.00000,0.00000,0
4313000,1.7000,0.8426,0.8574,0.84256,0.84256,0.00000,0.00000,0
4313500,1.7000,0.8426,0.8574,0.84256,0.84256,0.00000,0.00000,0
4314000,1.7000,0.8410,0.8590,0.84095,0.84095,0.00000,0.00000,0
4314500,1.7000,0.8418,0.8582,0.84176,0.84176,0.00000,0.00000,0
4315000,1.7000,0.8418,0.8582,0.84176,0.84176,0.00000,0.00000,0
4315500,1.7000,0.8418,0.8582,0.84176,0.84176,0.00000,0.00000,0
4316000,1.7000,0.8385,0.8615,0.83853,0.83853,0.00000,0.00000,0
4316500,1.7000,0.8385,0.8615,0.83853,0.83853,0.00000,0.00000,0
4317000,1.7000,0.8377,0.8623,0.83773,0.83773,0.00000,0.00000,0
4317500,1.7000,0.8361,0.8639,0.83612,0.83612,0.00000,0.00000,0
4318000,1.7000,0.8361,0.8639,0.83612,0.83612,0.00000,0.00000,0
4318500,1.7000,0.8361,0.8639,0.83612,0.83612,0.00000,0.00000,0
4319000,1.7000,0.8369,0.8631,0.83692,0.83692,0.00000,0.00000,0
4319500,1.7000,0.8361,0.8639,0.83612,0.83612,0.00000,0.00000,0
4320000,1.7000,0.8369,0.8631,0.83692,0.83692,0.00000,0.00000,0
4320500,1.7000,0.8361,0.8639,0.83612,0.83612,0.00000,0.00000,0
4321000,1.7000,0.8377,0.8623,0.83773,0.83773,0.00000,0.00000,0
4321500,1.7000,0.8369,0.8631,0.83692,0.83692,0.00000,0.00000,0
4322000,1.7000,0.8345,0.8655,0.83451,0.83451,0.00000,0.00000,0
4322500,1.7000,0.8361,0.8639,0.83612,0.83612,0.00000,0.00000,0
4323000,1.7000,0.8377,0.8623,0.83773,0.83773,0.00000,0.00000,0
4323500,1.7000,0.8393,0.8607,0.83934,0.83934,0.00000,0.00000,0
4324000,1.7000,0.8393,0.8607,0.83934,0.83934,0.00000,0.00000,0
4324500,1.7000,0.8369,0.8631,0.83692,0.83692,0.00000,0.00000,0
4325000,1.7000,0.8377,0.8623,0.83773,0.83773,0.00000,0.00000,0
4325500,1.7000,0.8353,0.8647,0.83531,0.83531,0.00000,0.00000,0
4326000,1.7000,0.8345,0.8655,0.83451,0.83451,0.00000,0.00000,0
4326500,1.7000,0.8353,0.8647,0.83531,0.83531,0.00000,0.00000,0
4327000,1.7000,0.8377,0.8623,0.83773,0.83773,0.00000,0.00000,0
4327500,1.7000,0.8385,0.8615,0.83853,0.83853,0.00000,0.00000,0
4328000,1.7000,0.8393,0.8607,0.83934,0.83934,0.00000,0.00000,0
4328500,1.7000,0.8385,0.8615,0.83853,0.83853,0.00000,0.00000,0
4329000,1.7000,0.8385,0.8615,0.83853,0.83853,0.00000,0.00000,0
4329500,1.7000,0.8418,0.8582,0.84176,0.84176,0.00000,0.00000,0
4330000,1.7000,0.8418,0.8582,0.84176,0.84176,0.00000,0.00000,0
4330500,1.7000,0.8434,0.8566,0.84337,0.84337,0.00000,0.00000,0
4331000,1.7000,0.8434,0.8566,0.84337,0.84337,0.00000,0.00000,0
4331500,1.7000,0.8434,0.8566,0.84337,0.84337,0.00000,0.00000,0
4332000,1.7000,0.8410,0.8590,0.84095,0.84095,0.00000,0.00000,0
4332500,1.7000,0.8393,0.8607,0.83934,0.83934,0.00000,0.00000,0
4333000,1.7000,0.8377,0.8623,0.83773,0.83773,0.00000,0.00000,0
4333500,1.7000,0.8385,0.8615,0.83853,0.83853,0.00000,0.00000,0
4334000,1.7000,0.8385,0.8615,0.83853,0.83853,0.00000,0.00000,0
4334500,1.7000,0.8385,0.8615,0.83853,0.83853,0.00000,0.00000,0
4335000,1.7000,0.8377,0.8623,0.83773,0.83773,0.00000,0.00000,0
4335500,1.7000,0.8369,0.8631,0.83692,0.83692,0.00000,0.00000,0
4336000,1.7000,0.8361,0.8639,0.83612,0.83612,0.00000,0.00000,0
4336500,1.7000,0.8361,0.8639,0.83612,0.83612,0.00000,0.00000,0
4337000,1.7000,0.8361,0.8639,0.83612,0.83612,0.00000,0.00000,0
4337500,1.7000,0.8401,0.8599,0.84015,0.84015,0.00000,0.00000,0
4338000,1.7000,0.8401,0.8599,0.84015,0.84015,0.00000,0.00000,0
4338500,1.7000,0.8401,0.8599,0.84015,0.84015,0.00000,0.00000,0
4339000,1.7000,0.8401,0.8599,0.84015,0.84015,0.00000,0.00000,0
4339500,1.7000,0.8401,0.8599,0.84015,0.84015,0.00000,0.00000,0
4340000,1.7000,0.8401,0.8599,0.84015,0.84015,0.00000,0.00000,0
4340500,1.7000,0.8434,0.8566,0.84337,0.84337,0.00000,0.00000,0
4341000,1.7000,0.8434,0.8566,0.84337,0.84337,0.00000,0.00000,0
4341500,1.7000,0.8434,0.8566,0.84337,0.84337,0.00000,0.00000,0
4342000,1.7000,0.8434,0.8566,0.84337,0.84337,0.00000,0.00000,0
4342500,1.7000,0.8401,0.8599,0.84015,0.84015,0.00000,0.00000,0
4343000,1.7000,0.8401,0.8599,0.84015,0.84015,0.00000,0.00000,0
4343500,1.7000,0.8385,0.8615,0.83853,0.83853,0.00000,0.00000,0
4344000,1.7000,0.8385,0.8615,0.83853,0.83853,0.00000,0.00000,0
4344500,1.7000,0.8401,0.8599,0.84015,0.84015,0.00000,0.00000,0
4345000,1.7000,0.8401,0.8599,0.84015,0.84015,0.00000,0.00000,0
4345500,1.7000,0.8385,0.8615,0.83853,0.83853,0.00000,0.00000,0
4346000,1.7000,0.8393,0.8607,0.83934,0.83934,0.00000,0.00000,0
4346500,1.7000,0.8377,0.8623,0.83773,0.83773,0.00000,0.00000,0
4347000,1.7000,0.8393,0.8607,0.83934,0.83934,0.00000,0.00000,0
4347500,1.7000,0.8410,0.8590,0.84095,0.84095,0.00000,0.00000,0
4348000,1.7000,0.8426,0.8574,0.84256,0.84256,0.00000,0.00000,0
4348500,1.7000,0.8426,0.8574,0.84256,0.84256,0.00000,0.00000,0
4349000,1.7000,0.8410,0.8590,0.84095,0.84095,0.00000,0.00000,0
4349500,1.7000,0.8401,0.8599,0.84015,0.84015,0.00000,0.00000,0
4350000,1.7000,0.8401,0.8599,0.84015,0.84015,0.00000,0.00000,0
4350500,1.7000,0.8377,0.8623,0.83773,0.83773,0.00000,0.00000,0
4351000,1.7000,0.8377,0.8623,0.83773,0.83773,0.00000,0.00000,0
4351500,1.7000,0.8393,0.8607,0.83934,0.83934,0.00000,0.00000,0
4352000,1.7000,0.8410,0.8590,0.84095,0.84095,0.00000,0.00000,0
4352500,1.7000,0.8401,0.8599,0.84015,0.84015,0.00000,0.00000,0
4353000,1.7000,0.8401,0.8599,0.84015,0.84015,0.00000,0.00000,0
4353500,1.7000,0.8410,0.8590,0.84095,0.84095,0.00000,0.00000,0
4354000,1.7000,0.8410,0.8590,0.84095,0.84095,0.00000,0.00000,0
4354500,1.7000,0.8426,0.8574,0.84256,0.84256,0.00000,0.00000,0
4355000,1.7000,0.8426,0.8574,0.84256,0.84256,0.00000,0.00000,0
4355500,1.7000,0.8434,0.8566,0.84337,0.84337,0.00000,0.00000,0
4356000,1.7000,0.8434,0.8566,0.84337,0.84337,0.00000,0.00000,0
4356500,1.7000,0.8442,0.8558,0.84418,0.84418,0.00000,0.00000,0
4357000,1.7000,0.8410,0.8590,0.84095,0.84095,0.00000,0.00000,0
4357500,1.7000,0.8401,0.8599,0.84015,0.84015,0.00000,0.00000,0
4358000,1.7000,0.8385,0.8615,0.83853,0.83853,0.00000,0.00000,0
4358500,1.7000,0.8385,0.8615,0.83853,0.83853,0.00000,0.00000,0
4359000,1.7000,0.8393,0.8607,0.83934,0.83934,0.00000,0.00000,0
4359500,1.7000,0.8377,0.8623,0.83773,0.83773,0.00000,0.00000,0
4360000,1.7000,0.8369,0.8631,0.83692,0.83692,0.00000,0.00000,0
4360500,1.7000,0.8361,0.8639,0.83612,0.83612,0.00000,0.00000,0
4361000,1.7000,0.8369,0.8631,0.83692,0.83692,0.00000,0.00000,0
4361500,1.7000,0.8369,0.8631,0.83692,0.83692,0.00000,0.00000,0
4362000,1.7000,0.8377,0.8623,0.83773,0.83773,0.00000,0.00000,0
4362500,1.7000,0.8377,0.8623,0.83773,0.83773,0.00000,0.00000,0
4363000,1.7000,0.8377,0.8623,0.83773,0.83773,0.00000,0.00000,0
4363500,1.7000,0.8377,0.8623,0.83773,0.83773,0.00000,0.00000,0
4364000,1.7000,0.8369,0.8631,0.83692,0.83692,0.00000,0.00000,0
4364500,1.7000,0.8361,0.8639,0.83612,0.83612,0.00000,0.00000,0
4365000,1.7000,0.8377,0.8623,0.83773,0.83773,0.00000,0.00000,0
4365500,1.7000,0.8393,0.8607,0.83934,0.83934,0.00000,0.00000,0
4366000,1.7000,0.8393,0.8607,0.83934,0.83934,0.00000,0.00000,0
4366500,1.7000,0.8393,0.8607,0.83934,0.83934,0.00000,0.00000,0
4367000,1.7000,0.8401,0.8599,0.84015,0.84015,0.00000,0.00000,0
4367500,1.7000,0.8401,0.8599,0.84015,0.84015,0.00000,0.00000,0
4368000,1.7000,0.8393,0.8607,0.83934,0.83934,0.00000,0.00000,0
4368500,1.7000,0.8377,0.8623,0.83773,0.83773,0.00000,0.00000,0
4369000,1.7000,0.8361,0.8639,0.83612,0.83612,0.00000,0.00000,0
4369500,1.7000,0.8377,0.8623,0.83773,0.83773,0.00000,0.00000,0
4370000,1.7000,0.8361,0.8639,0.83612,0.83612,0.00000,0.00000,0
4370500,1.7000,0.8353,0.8647,0.83531,0.83531,0.00000,0.00000,0
4371000,1.7000,0.8361,0.8639,0.83612,0.83612,0.00000,0.00000,0
4371500,1.7000,0.8369,0.8631,0.83692,0.83692,0.00000,0.00000,0
4372000,1.7000,0.8361,0.8639,0.83612,0.83612,0.00000,0.00000,0
4372500,1.7000,0.8353,0.8647,0.83531,0.83531,0.00000,0.00000,0
4373000,1.7000,0.8361,0.8639,0.83612,0.83612,0.00000,0.00000,0
4373500,1.7000,0.8377,0.8623,0.83773,0.83773,0.00000,0.00000,0
4374000,1.7000,0.8401,0.8599,0.84015,0.84015,0.00000,0.00000,0
4374500,1.7000,0.8410,0.8590,0.84095,0.84095,0.00000,0.00000,0
4375000,1.7000,0.8426,0.8574,0.84256,0.84256,0.00000,0.00000,0
4375500,1.7000,0.8426,0.8574,0.84256,0.84256,0.00000,0.00000,0
4376000,1.7000,0.8426,0.8574,0.84256,0.84256,0.00000,0.00000,0
4376500,1.7000,0.8426,0.8574,0.84256,0.84256,0.00000,0.00000,0
4377000,1.7000,0.8426,0.8574,0.84256,0.84256,0.00000,0.00000,0
4377500,1.7000,0.8442,0.8558,0.84418,0.84418,0.00000,0.00000,0
4378000,1.7000,0.8442,0.8558,0.84418,0.84418,0.00000,0.00000,0
4378500,1.7000,0.8434,0.8566,0.84337,0.84337,0.00000,0.00000,0
4379000,1.7000,0.8426,0.8574,0.84256,0.84256,0.00000,0.00000,0
4379500,1.7000,0.8418,0.8582,0.84176,0.84176,0.00000,0.00000,0
4380000,1.7000,0.8410,0.8590,0.84095,0.84095,0.00000,0.00000,0
4380500,1.7000,0.8410,0.8590,0.84095,0.84095,0.00000,0.00000,0
4381000,1.7000,0.8393,0.8607,0.83934,0.83934,0.00000,0.00000,0
4381500,1.7000,0.8369,0.8631,0.83692,0.83692,0.00000,0.00000,0
4382000,1.7000,0.8369,0.8631,0.83692,0.83692,0.00000,0.00000,0
4382500,1.7000,0.8377,0.8623,0.83773,0.83773,0.00000,0.00000,0
4383000,1.7000,0.8385,0.8615,0.83853,0.83853,0.00000,0.00000,0
4383500,1.7000,0.8401,0.8599,0.84015,0.84015,0.00000,0.00000,0
4384000,1.7000,0.8401,0.8599,0.84015,0.84015,0.00000,0.00000,0
4384500,1.7000,0.8393,0.8607,0.83934,0.83934,0.00000,0.00000,0
4385000,1.7000,0.8385,0.8615,0.83853,0.83853,0.00000,0.00000,0
4385500,1.7000,0.8393,0.8607,0.83934,0.83934,0.00000,0.00000,0
4386000,1.7000,0.8393,0.8607,0.83934,0.83934,0.00000,0.00000,0
4386500,1.7000,0.8418,0.8582,0.84176,0.84176,0.00000,0.00000,0
4387000,1.7000,0.8393,0.8607,0.83934,0.83934,0.00000,0.00000,0
4387500,1.7000,0.8393,0.8607,0.83934,0.83934,0.00000,0.00000,0
4388000,1.7000,0.8377,0.8623,0.83773,0.83773,0.00000,0.00000,0
4388500,1.7000,0.8361,0.8639,0.83612,0.83612,0.00000,0.00000,0
4389000,1.7000,0.8361,0.8639,0.83612,0.83612,0.00000,0.00000,0
4389500,1.7000,0.8377,0.8623,0.83773,0.83773,0.00000,0.00000,0
4390000,1.7000,0.8401,0.8599,0.84015,0.84015,0.00000,0.00000,0
4390500,1.7000,0.8401,0.8599,0.84015,0.84015,0.00000,0.00000,0
4391000,1.7000,0.8377,0.8623,0.83773,0.83773,0.00000,0.00000,0
4391500,1.7000,0.8385,0.8615,0.83853,0.83853,0.00000,0.00000,0
4392000,1.7000,0.8393,0.8607,0.83934,0.83934,0.00000,0.00000,0
4392500,1.7000,0.8393,0.8607,0.83934,0.83934,0.00000,0.00000,0
4393000,1.7000,0.8401,0.8599,0.84015,0.84015,0.00000,0.00000,0
4393500,1.7000,0.8418,0.8582,0.84176,0.84176,0.00000,0.00000,0
4394000,1.7000,0.8410,0.8590,0.84095,0.84095,0.00000,0.00000,0
4394500,1.7000,0.8385,0.8615,0.83853,0.83853,0.00000,0.00000,0
4395000,1.7000,0.8361,0.8639,0.83612,0.83612,0.00000,0.00000,0
4395500,1.7000,0.8377,0.8623,0.83773,0.83773,0.00000,0.00000,0
4396000,1.7000,0.8393,0.8607,0.83934,0.83934,0.00000,0.00000,0
4396500,1.7000,0.8385,0.8615,0.83853,0.83853,0.00000,0.00000,0
4397000,1.7000,0.8410,0.8590,0.84095,0.84095,0.00000,0.00000,0
4397500,1.7000,0.8418,0.8582,0.84176,0.84176,0.00000,0.00000,0
4398000,1.7000,0.8426,0.8574,0.84256,0.84256,0.00000,0.00000,0
4398500,1.7000,0.8418,0.8582,0.84176,0.84176,0.00000,0.00000,0
4399000,1.7000,0.8426,0.8574,0.84256,0.84256,0.00000,0.00000,0
4399500,1.7000,0.8442,0.8558,0.84418,0.84418,0.00000,0.00000,0
4400000,1.7000,0.8442,0.8558,0.84418,0.84418,0.00000,0.00000,0
4400500,1.7000,0.8426,0.8574,0.84256,0.84256,0.00000,0.00000,0
4401000,1.7000,0.8426,0.8574,0.84256,0.84256,0.00000,0.00000,0
4401500,1.7000,0.8418,0.8582,0.84176,0.84176,0.00000,0.00000,0
4402000,1.7000,0.8385,0.8615,0.83853,0.83853,0.00000,0.00000,0
4402500,1.7000,0.8377,0.8623,0.83773,0.83773,0.00000,0.00000,0
4403000,1.7000,0.8377,0.8623,0.83773,0.83773,0.00000,0.00000,0
4403500,1.7000,0.8377,0.8623,0.83773,0.83773,0.00000,0.00000,0
4404000,1.7000,0.8369,0.8631,0.83692,0.83692,0.00000,0.00000,0
4404500,1.7000,0.8361,0.8639,0.83612,0.83612,0.00000,0.00000,0
4405000,1.7000,0.8369,0.8631,0.83692,0.83692,0.00000,0.00000,0
4405500,1.7000,0.8369,0.8631,0.83692,0.83692,0.00000,0.00000,0
4406000,1.7000,0.8393,0.8607,0.83934,0.83934,0.00000,0.00000,0
4406500,1.7000,0.8401,0.8599,0.84015,0.84015,0.00000,0.00000,0
4407000,1.7000,0.8434,0.8566,0.84337,0.84337,0.00000,0.00000,0
4407500,1.7000,0.8418,0.8582,0.84176,0.84176,0.00000,0.00000,0
4408000,1.7000,0.8418,0.8582,0.84176,0.84176,0.00000,0.00000,0
4408500,1.7000,0.8434,0.8566,0.84337,0.84337,0.00000,0.00000,0
4409000,1.7000,0.8418,0.8582,0.84176,0.84176,0.00000,0.00000,0
4409500,1.7000,0.8418,0.8582,0.84176,0.84176,0.00000,0.00000,0
4410000,1.7000,0.8410,0.8590,0.84095,0.84095,0.00000,0.00000,0
4410500,1.7000,0.8410,0.8590,0.84095,0.84095,0.00000,0.00000,0
4411000,1.7000,0.8377,0.8623,0.83773,0.83773,0.00000,0.00000,0
4411500,1.7000,0.8353,0.8647,0.83531,0.83531,0.00000,0.00000,0
4412000,1.7000,0.8337,0.8663,0.83370,0.83370,0.00000,0.00000,0
4412500,1.7000,0.8353,0.8647,0.83531,0.83531,0.00000,0.00000,0
4413000,1.7000,0.8353,0.8647,0.83531,0.83531,0.00000,0.00000,0
4413500,1.7000,0.8337,0.8663,0.83370,0.83370,0.00000,0.00000,0
4414000,1.7000,0.8345,0.8655,0.83451,0.83451,0.00000,0.00000,0
4414500,1.7000,0.8345,0.8655,0.83451,0.83451,0.00000,0.00000,0
4415000,1.7000,0.8345,0.8655,0.83451,0.83451,0.00000,0.00000,0
4415500,1.7000,0.8345,0.8655,0.83451,0.83451,0.00000,0.00000,0
4416000,1.7000,0.8345,0.8655,0.83451,0.83451,0.00000,0.00000,0
4416500,1.7000,0.8353,0.8647,0.83531,0.83531,0.00000,0.00000,0
4417000,1.7000,0.8385,0.8615,0.83853,0.83853,0.00000,0.00000,0
4417500,1.7000,0.8385,0.8615,0.83853,0.83853,0.00000,0.00000,0
4418000,1.7000,0.8377,0.8623,0.83773,0.83773,0.00000,0.00000,0
4418500,1.7000,0.8369,0.8631,0.83692,0.83692,0.00000,0.00000,0
4419000,1.7000,0.8369,0.8631,0.83692,0.83692,0.00000,0.00000,0
4419500,1.7000,0.8361,0.8639,0.83612,0.83612,0.00000,0.00000,0
4420000,1.7000,0.8361,0.8639,0.83612,0.83612,0.00000,0.00000,0
4420500,1.7000,0.8353,0.8647,0.83531,0.83531,0.00000,0.00000,0
4421000,1.7000,0.8353,0.8647,0.83531,0.83531,0.00000,0.00000,0
4421500,1.7000,0.8353,0.8647,0.83531,0.83531,0.00000,0.00000,0
4422000,1.7000,0.8337,0.8663,0.83370,0.83370,0.00000,0.00000,0
4422500,1.7000,0.8329,0.8671,0.83289,0.83289,0.00000,0.00000,0
4423000,1.7000,0.8337,0.8663,0.83370,0.83370,0.00000,0.00000,0
4423500,1.7000,0.8313,0.8687,0.83128,0.83128,0.00000,0.00000,0
4424000,1.7000,0.8313,0.8687,0.83128,0.83128,0.00000,0.00000,0
4424500,1.7000,0.8329,0.8671,0.83289,0.83289,0.00000,0.00000,0
4425000,1.7000,0.8345,0.8655,0.83451,0.83451,0.00000,0.00000,0
4425500,1.7000,0.8353,0.8647,0.83531,0.83531,0.00000,0.00000,0
4426000,1.7000,0.8369,0.8631,0.83692,0.83692,0.00000,0.00000,0
4426500,1.7000,0.8361,0.8639,0.83612,0.83612,0.00000,0.00000,0
4427000,1.7000,0.8361,0.8639,0.83612,0.83612,0.00000,0.00000,0
4427500,1.7000,0.8369,0.8631,0.83692,0.83692,0.00000,0.00000,0
4428000,1.7000,0.8385,0.8615,0.83853,0.83853,0.00000,0.00000,0
4428500,1.7000,0.8410,0.8590,0.84095,0.84095,0.00000,0.00000,0
4429000,1.7000,0.8418,0.8582,0.84176,0.84176,0.00000,0.00000,0
4429500,1.7000,0.8426,0.8574,0.84256,0.84256,0.00000,0.00000,0
4430000,1.7000,0.8434,0.8566,0.84337,0.84337,0.00000,0.00000,0
4430500,1.7000,0.8434,0.8566,0.84337,0.84337,0.00000,0.00000,0
4431000,1.7000,0.8434,0.8566,0.84337,0.84337,0.00000,0.00000,0
4431500,1.7000,0.8442,0.8558,0.84418,0.84418,0.00000,0.00000,0
4432000,1.7000,0.8450,0.8550,0.84498,0.84498,0.00000,0.00000,0
4432500,1.7000,0.8442,0.8558,0.84418,0.84418,0.00000,0.00000,0
4433000,1.7000,0.8426,0.8574,0.84256,0.84256,0.00000,0.00000,0
4433500,1.7000,0.8426,0.8574,0.84256,0.84256,0.00000,0.00000,0
4434000,1.7000,0.8434,0.8566,0.84337,0.84337,0.00000,0.00000,0
4434500,1.7000,0.8418,0.8582,0.84176,0.84176,0.00000,0.00000,0
4435000,1.7000,0.8401,0.8599,0.84015,0.84015,0.00000,0.00000,0
4435500,1.7000,0.8385,0.8615,0.83853,0.83853,0.00000,0.00000,0
4436000,1.7000,0.8369,0.8631,0.83692,0.83692,0.00000,0.00000,0
4436500,1.7000,0.8361,0.8639,0.83612,0.83612,0.00000,0.00000,0
4437000,1.7000,0.8345,0.8655,0.83451,0.83451,0.00000,0.00000,0
4437500,1.7000,0.8353,0.8647,0.83531,0.83531,0.00000,0.00000,0
4438000,1.7000,0.8353,0.8647,0.83531,0.83531,0.00000,0.00000,0
4438500,1.7000,0.8353,0.8647,0.83531,0.83531,0.00000,0.00000,0
4439000,1.7000,0.8345,0.8655,0.83451,0.83451,0.00000,0.00000,0
4439500,1.7000,0.8345,0.8655,0.83451,0.83451,0.00000,0.00000,0
4440000,1.7000,0.8337,0.8663,0.83370,0.83370,0.00000,0.00000,0
4440500,1.7000,0.8353,0.8647,0.83531,0.83531,0.00000,0.00000,0
4441000,1.7000,0.8385,0.8615,0.83853,0.83853,0.00000,0.00000,0
4441500,1.7000,0.8401,0.8599,0.84015,0.84015,0.00000,0.00000,0
4442000,1.7000,0.8401,0.8599,0.84015,0.84015,0.00000,0.00000,0
4442500,1.7000,0.8401,0.8599,0.84015,0.84015,0.00000,0.00000,0
4443000,1.7000,0.8410,0.8590,0.84095,0.84095,0.00000,0.00000,0
4443500,1.7000,0.8410,0.8590,0.84095,0.84095,0.00000,0.00000,0
4444000,1.7000,0.8401,0.8599,0.84015,0.84015,0.00000,0.00000,0
4444500,1.7000,0.8401,0.8599,0.84015,0.84015,0.00000,0.00000,0
4445000,1.7000,0.8418,0.8582,0.84176,0.84176,0.00000,0.00000,0
4445500,1.7000,0.8410,0.8590,0.84095,0.84095,0.00000,0.00000,0
4446000,1.7000,0.8401,0.8599,0.84015,0.84015,0.00000,0.00000,0
4446500,1.7000,0.8393,0.8607,0.83934,0.83934,0.00000,0.00000,0
4447000,1.7000,0.8401,0.8599,0.84015,0.84015,0.00000,0.00000,0
4447500,1.7000,0.8385,0.8615,0.83853,0.83853,0.00000,0.00000,0
4448000,1.7000,0.8385,0.8615,0.83853,0.83853,0.00000,0.00000,0
4448500,1.7000,0.8377,0.8623,0.83773,0.83773,0.00000,0.00000,0
4449000,1.7000,0.8385,0.8615,0.83853,0.83853,0.00000,0.00000,0
4449500,1.7000,0.8393,0.8607,0.83934,0.83934,0.00000,0.00000,0
4450000,1.7000,0.8385,0.8615,0.83853,0.83853,0.00000,0.00000,0
4450500,1.7000,0.8385,0.8615,0.83853,0.83853,0.00000,0.00000,0
4451000,1.7000,0.8369,0.8631,0.83692,0.83692,0.00000,0.00000,0
4451500,1.7000,0.8337,0.8663,0.83370,0.83370,0.00000,0.00000,0
4452000,1.7000,0.8329,0.8671,0.83289,0.83289,0.00000,0.00000,0
4452500,1.7000,0.8337,0.8663,0.83370,0.83370,0.00000,0.00000,0
4453000,1.7000,0.8345,0.8655,0.83451,0.83451,0.00000,0.00000,0
4453500,1.7000,0.8345,0.8655,0.83451,0.83451,0.00000,0.00000,0
4454000,1.7000,0.8337,0.8663,0.83370,0.83370,0.00000,0.00000,0
4454500,1.7000,0.8345,0.8655,0.83451,0.83451,0.00000,0.00000,0
4455000,1.7000,0.8369,0.8631,0.83692,0.83692,0.00000,0.00000,0
4455500,1.7000,0.8393,0.8607,0.83934,0.83934,0.00000,0.00000,0
4456000,1.7000,0.8401,0.8599,0.84015,0.84015,0.00000,0.00000,0
4456500,1.7000,0.8442,0.8558,0.84418,0.84418,0.00000,0.00000,0
4457000,1.7000,0.8426,0.8574,0.84256,0.84256,0.00000,0.00000,0
4457500,1.7000,0.8442,0.8558,0.84418,0.84418,0.00000,0.00000,0
4458000,1.7000,0.8434,0.8566,0.84337,0.84337,0.00000,0.00000,0
4458500,1.7000,0.8450,0.8550,0.84498,0.84498,0.00000,0.00000,0
4459000,1.7000,0.8450,0.8550,0.84498,0.84498,0.00000,0.00000,0
4459500,1.7000,0.8426,0.8574,0.84256,0.84256,0.00000,0.00000,0
4460000,1.7000,0.8393,0.8607,0.83934,0.83934,0.00000,0.00000,0
4460500,1.7000,0.8369,0.8631,0.83692,0.83692,0.00000,0.00000,0
4461000,1.7000,0.8377,0.8623,0.83773,0.83773,0.00000,0.00000,0
4461500,1.7000,0.8377,0.8623,0.83773,0.83773,0.00000,0.00000,0
4462000,1.7000,0.8385,0.8615,0.83853,0.83853,0.00000,0.00000,0
4462500,1.7000,0.8369,0.8631,0.83692,0.83692,0.00000,0.00000,0
4463000,1.7000,0.8369,0.8631,0.83692,0.83692,0.00000,0.00000,0
4463500,1.7000,0.8361,0.8639,0.83612,0.83612,0.00000,0.00000,0
4464000,1.7000,0.8369,0.8631,0.83692,0.83692,0.00000,0.00000,0
4464500,1.7000,0.8393,0.8607,0.83934,0.83934,0.00000,0.00000,0
4465000,1.7000,0.8401,0.8599,0.84015,0.84015,0.00000,0.00000,0
4465500,1.7000,0.8410,0.8590,0.84095,0.84095,0.00000,0.00000,0
4466000,1.7000,0.8401,0.8599,0.84015,0.84015,0.00000,0.00000,0
4466500,1.7000,0.8401,0.8599,0.84015,0.84015,0.00000,0.00000,0
4467000,1.7000,0.8401,0.8599,0.84015,0.84015,0.00000,0.00000,0
4467500,1.7000,0.8410,0.8590,0.84095,0.84095,0.00000,0.00000,0
4468000,1.7000,0.8401,0.8599,0.84015,0.84015,0.00000,0.00000,0
4468500,1.7000,0.8401,0.8599,0.84015,0.84015,0.00000,0.00000,0
4469000,1.7000,0.8393,0.8607,0.83934,0.83934,0.00000,0.00000,0
4469500,1.7000,0.8385,0.8615,0.83853,0.83853,0.00000,0.00000,0
4470000,1.7000,0.8377,0.8623,0.83773,0.83773,0.00000,0.00000,0
4470500,1.7000,0.8377,0.8623,0.83773,0.83773,0.00000,0.00000,0
4471000,1.7000,0.8377,0.8623,0.83773,0.83773,0.00000,0.00000,0
4471500,1.7000,0.8385,0.8615,0.83853,0.83853,0.00000,0.00000,0
4472000,1.7000,0.8385,0.8615,0.83853,0.83853,0.00000,0.00000,0
4472500,1.7000,0.8393,0.8607,0.83934,0.83934,0.00000,0.00000,0
4473000,1.7000,0.8393,0.8607,0.83934,0.83934,0.00000,0.00000,0
4473500,1.7000,0.8393,0.8607,0.83934,0.83934,0.00000,0.00000,0
4474000,1.7000,0.8393,0.8607,0.83934,0.83934,0.00000,0.00000,0
4474500,1.7000,0.8385,0.8615,0.83853,0.83853,0.00000,0.00000,0
4475000,1.7000,0.8401,0.8599,0.84015,0.84015,0.00000,0.00000,0
4475500,1.7000,0.8401,0.8599,0.84015,0.84015,0.00000,0.00000,0
4476000,1.7000,0.8410,0.8590,0.84095,0.84095,0.00000,0.00000,0
4476500,1.7000,0.8418,0.8582,0.84176,0.84176,0.00000,0.00000,0
4477000,1.7000,0.8410,0.8590,0.84095,0.84095,0.00000,0.00000,0
4477500,1.7000,0.8410,0.8590,0.84095,0.84095,0.00000,0.00000,0
4478000,1.7000,0.8418,0.8582,0.84176,0.84176,0.00000,0.00000,0
4478500,1.7000,0.8418,0.8582,0.84176,0.84176,0.00000,0.00000,0
4479000,1.7000,0.8410,0.8590,0.84095,0.84095,0.00000,0.00000,0
4479500,1.7000,0.8418,0.8582,0.84176,0.84176,0.00000,0.00000,0
4480000,1.7000,0.8426,0.8574,0.84256,0.84256,0.00000,0.00000,0
4480500,1.7000,0.8418,0.8582,0.84176,0.84176,0.00000,0.00000,0
4481000,1.7000,0.8418,0.8582,0.84176,0.84176,0.00000,0.00000,0
4481500,1.7000,0.8410,0.8590,0.84095,0.84095,0.00000,0.00000,0
4482000,1.7000,0.8410,0.8590,0.84095,0.84095,0.00000,0.00000,0
4482500,1.7000,0.8410,0.8590,0.84095,0.84095,0.00000,0.00000,0
4483000,1.7000,0.8418,0.8582,0.84176,0.84176,0.00000,0.00000,0
4483500,1.7000,0.8426,0.8574,0.84256,0.84256,0.00000,0.00000,0
4484000,1.7000,0.8426,0.8574,0.84256,0.84256,0.00000,0.00000,0
4484500,1.7000,0.8418,0.8582,0.84176,0.84176,0.00000,0.00000,0
4485000,1.7000,0.8410,0.8590,0.84095,0.84095,0.00000,0.00000,0
4485500,1.7000,0.8401,0.8599,0.84015,0.84015,0.00000,0.00000,0
4486000,1.7000,0.8401,0.8599,0.84015,0.84015,0.00000,0.00000,0
4486500,1.7000,0.8401,0.8599,0.84015,0.84015,0.00000,0.00000,0
4487000,1.7000,0.8393,0.8607,0.83934,0.83934,0.00000,0.00000,0
4487500,1.7000,0.8393,0.8607,0.83934,0.83934,0.00000,0.00000,0
4488000,1.7000,0.8385,0.8615,0.83853,0.83853,0.00000,0.00000,0
4488500,1.7000,0.8369,0.8631,0.83692,0.83692,0.00000,0.00000,0
4489000,1.7000,0.8377,0.8623,0.83773,0.83773,0.00000,0.00000,0
4489500,1.7000,0.8369,0.8631,0.83692,0.83692,0.00000,0.00000,0
4490000,1.7000,0.8361,0.8639,0.83612,0.83612,0.00000,0.00000,0
4490500,1.7000,0.8369,0.8631,0.83692,0.83692,0.00000,0.00000,0
4491000,1.7000,0.8361,0.8639,0.83612,0.83612,0.00000,0.00000,0
4491500,1.7000,0.8353,0.8647,0.83531,0.83531,0.00000,0.00000,0
4492000,1.7000,0.8353,0.8647,0.83531,0.83531,0.00000,0.00000,0
4492500,1.7000,0.8361,0.8639,0.83612,0.83612,0.00000,0.00000,0
4493000,1.7000,0.8353,0.8647,0.83531,0.83531,0.00000,0.00000,0
4493500,1.7000,0.8353,0.8647,0.83531,0.83531,0.00000,0.00000,0
4494000,1.7000,0.8345,0.8655,0.83451,0.83451,0.00000,0.00000,0
4494500,1.7000,0.8321,0.8679,0.83209,0.83209,0.00000,0.00000,0
4495000,1.7000,0.8337,0.8663,0.83370,0.83370,0.00000,0.00000,0
4495500,1.7000,0.8321,0.8679,0.83209,0.83209,0.00000,0.00000,0
4496000,1.7000,0.8337,0.8663,0.83370,0.83370,0.00000,0.00000,0
4496500,1.7000,0.8337,0.8663,0.83370,0.83370,0.00000,0.00000,0
4497000,1.7000,0.8337,0.8663,0.83370,0.83370,0.00000,0.00000,0
4497500,1.7000,0.8345,0.8655,0.83451,0.83451,0.00000,0.00000,0
4498000,1.7000,0.8361,0.8639,0.83612,0.83612,0.00000,0.00000,0
4498500,1.7000,0.8361,0.8639,0.83612,0.83612,0.00000,0.00000,0
4499000,1.7000,0.8369,0.8631,0.83692,0.83692,0.00000,0.00000,0
4499500,1.7000,0.8401,0.8599,0.84015,0.84015,0.00000,0.00000,0
4500000,1.7000,0.8410,0.8590,0.84095,0.84095,0.00000,0.00000,0
4500500,1.7000,0.8442,0.8558,0.84418,0.84418,0.00000,0.00000,0
4501000,1.7000,0.8426,0.8574,0.84256,0.84256,0.00000,0.00000,0
4501500,1.7000,0.8426,0.8574,0.84256,0.84256,0.00000,0.00000,0
4502000,1.7000,0.8442,0.8558,0.84418,0.84418,0.00000,0.00000,0
4502500,1.7000,0.8410,0.8590,0.84095,0.84095,0.00000,0.00000,0
4503000,1.7000,0.8418,0.8582,0.84176,0.84176,0.00000,0.00000,0
4503500,1.7000,0.8434,0.8566,0.84337,0.84337,0.00000,0.00000,0
4504000,1.7000,0.8418,0.8582,0.84176,0.84176,0.00000,0.00000,0
4504500,1.7000,0.8426,0.8574,0.84256,0.84256,0.00000,0.00000,0
4505000,1.7000,0.8426,0.8574,0.84256,0.84256,0.00000,0.00000,0
4505500,1.7000,0.8410,0.8590,0.84095,0.84095,0.00000,0.00000,0
4506000,1.7000,0.8410,0.8590,0.84095,0.84095,0.00000,0.00000,0
4506500,1.7000,0.8418,0.8582,0.84176,0.84176,0.00000,0.00000,0
4507000,1.7000,0.8401,0.8599,0.84015,0.84015,0.00000,0.00000,0
4507500,1.7000,0.8401,0.8599,0.84015,0.84015,0.00000,0.00000,0
4508000,1.7000,0.8401,0.8599,0.84015,0.84015,0.00000,0.00000,0
4508500,1.7000,0.8401,0.8599,0.84015,0.84015,0.00000,0.00000,0
4509000,1.7000,0.8401,0.8599,0.84015,0.84015,0.00000,0.00000,0
4509500,1.7000,0.8385,0.8615,0.83853,0.83853,0.00000,0.00000,0
4510000,1.7000,0.8377,0.8623,0.83773,0.83773,0.00000,0.00000,0
4510500,1.7000,0.8401,0.8599,0.84015,0.84015,0.00000,0.00000,0
4511000,1.7000,0.8426,0.8574,0.84256,0.84256,0.00000,0.00000,0
4511500,1.7000,0.8434,0.8566,0.84337,0.84337,0.00000,0.00000,0
4512000,1.7000,0.8442,0.8558,0.84418,0.84418,0.00000,0.00000,0
4512500,1.7000,0.8458,0.8542,0.84579,0.84579,0.00000,0.00000,0
4513000,1.7000,0.8450,0.8550,0.84498,0.84498,0.00000,0.00000,0
4513500,1.7000,0.8434,0.8566,0.84337,0.84337,0.00000,0.00000,0
4514000,1.7000,0.8426,0.8574,0.84256,0.84256,0.00000,0.00000,0
4514500,1.7000,0.8434,0.8566,0.84337,0.84337,0.00000,0.00000,0
4515000,1.7000,0.8434,0.8566,0.84337,0.84337,0.00000,0.00000,0
4515500,1.7000,0.8410,0.8590,0.84095,0.84095,0.00000,0.00000,0
4516000,1.7000,0.8385,0.8615,0.83853,0.83853,0.00000,0.00000,0
4516500,1.7000,0.8361,0.8639,0.83612,0.83612,0.00000,0.00000,0
4517000,1.7000,0.8345,0.8655,0.83451,0.83451,0.00000,0.00000,0
4517500,1.7000,0.8345,0.8655,0.83451,0.83451,0.00000,0.00000,0
4518000,1.7000,0.8337,0.8663,0.83370,0.83370,0.00000,0.00000,0
4518500,1.7000,0.8353,0.8647,0.83531,0.83531,0.00000,0.00000,0
4519000,1.7000,0.8377,0.8623,0.83773,0.83773,0.00000,0.00000,0
4519500,1.7000,0.8385,0.8615,0.83853,0.83853,0.00000,0.00000,0
4520000,1.7000,0.8401,0.8599,0.84015,0.84015,0.00000,0.00000,0
4520500,1.7000,0.8401,0.8599,0.84015,0.84015,0.00000,0.00000,0
4521000,1.7000,0.8401,0.8599,0.84015,0.84015,0.00000,0.00000,0
4521500,1.7000,0.8426,0.8574,0.84256,0.84256,0.00000,0.00000,0
4522000,1.7000,0.8426,0.8574,0.84256,0.84256,0.00000,0.00000,0
4522500,1.7000,0.8426,0.8574,0.84256,0.84256,0.00000,0.00000,0
4523000,1.7000,0.8426,0.8574,0.84256,0.84256,0.00000,0.00000,0
4523500,1.7000,0.8418,0.8582,0.84176,0.84176,0.00000,0.00000,0
4524000,1.7000,0.8393,0.8607,0.83934,0.83934,0.00000,0.00000,0
4524500,1.7000,0.8377,0.8623,0.83773,0.83773,0.00000,0.00000,0
4525000,1.7000,0.8361,0.8639,0.83612,0.83612,0.00000,0.00000,0
4525500,1.7000,0.8361,0.8639,0.83612,0.83612,0.00000,0.00000,0
4526000,1.7000,0.8353,0.8647,0.83531,0.83531,0.00000,0.00000,0
4526500,1.7000,0.8337,0.8663,0.83370,0.83370,0.00000,0.00000,0
4527000,1.7000,0.8329,0.8671,0.83289,0.83289,0.00000,0.00000,0
4527500,1.7000,0.8329,0.8671,0.83289,0.83289,0.00000,0.00000,0
4528000,1.7000,0.8329,0.8671,0.83289,0.83289,0.00000,0.00000,0
4528500,1.7000,0.8329,0.8671,0.83289,0.83289,0.00000,0.00000,0
4529000,1.7000,0.8337,0.8663,0.83370,0.83370,0.00000,0.00000,0
4529500,1.7000,0.8337,0.8663,0.83370,0.83370,0.00000,0.00000,0