timestamp_ms,ref_v,u_v,sensor_v_avg,error,p_term,i_term,d_term,sat
25576,1.7000,0.0078,0.8486,0.85143,-12.90163,12.90939,0.00000,0
26076,1.7000,0.0000,0.8502,0.84982,-12.92613,12.91714,0.00000,1
26576,1.7000,0.0355,0.8478,0.85223,-12.88938,12.92490,0.00000,0
27076,1.7000,0.0555,0.8470,0.85304,-12.87712,12.93267,0.00000,0
27576,1.7000,0.0511,0.8478,0.85223,-12.88938,12.94044,0.00000,0
28076,1.7000,0.1079,0.8445,0.85546,-12.84037,12.94822,0.00000,0
28576,1.7000,0.0911,0.8462,0.85385,-12.86487,12.95601,0.00000,0
29076,1.7000,0.0989,0.8462,0.85385,-12.86487,12.96379,0.00000,0
29576,1.7000,0.1067,0.8462,0.85385,-12.86487,12.97157,0.00000,0
30076,1.7000,0.1267,0.8453,0.85465,-12.85262,12.97936,0.00000,0
30576,1.7000,0.1223,0.8462,0.85385,-12.86487,12.98715,0.00000,0
31076,1.7000,0.1423,0.8453,0.85465,-12.85262,12.99493,0.00000,0
31576,1.7000,0.1256,0.8470,0.85304,-12.87712,13.00271,0.00000,0
32076,1.7000,0.1334,0.8470,0.85304,-12.87712,13.01049,0.00000,0
32576,1.7000,0.1411,0.8470,0.85304,-12.87712,13.01826,0.00000,0
33076,1.7000,0.1244,0.8486,0.85143,-12.90163,13.02603,0.00000,0
33576,1.7000,0.1322,0.8486,0.85143,-12.90163,13.03379,0.00000,0
34076,1.7000,0.1277,0.8494,0.85062,-12.91388,13.04155,0.00000,0
34576,1.7000,0.0987,0.8518,0.84821,-12.95064,13.04929,0.00000,0
35076,1.7000,0.1677,0.8478,0.85223,-12.88938,13.05704,0.00000,0
35576,1.7000,0.1754,0.8478,0.85223,-12.88938,13.06481,0.00000,0
36076,1.7000,0.1832,0.8478,0.85223,-12.88938,13.07257,0.00000,0
36576,1.7000,0.2155,0.8462,0.85385,-12.86487,13.08035,0.00000,0
37076,1.7000,0.2110,0.8470,0.85304,-12.87712,13.08813,0.00000,0
37576,1.7000,0.2188,0.8470,0.85304,-12.87712,13.09590,0.00000,0
38076,1.7000,0.1898,0.8494,0.85062,-12.91388,13.10366,0.00000,0
38576,1.7000,0.2220,0.8478,0.85223,-12.88938,13.11142,0.00000,0
39076,1.7000,0.2298,0.8478,0.85223,-12.88938,13.11919,0.00000,0
39576,1.7000,0.2376,0.8478,0.85223,-12.88938,13.12696,0.00000,0
40076,1.7000,0.1963,0.8510,0.84901,-12.93839,13.13471,0.00000,0
40576,1.7000,0.1918,0.8518,0.84821,-12.95064,13.14245,0.00000,0
41076,1.7000,0.1750,0.8534,0.84659,-12.97514,13.15017,0.00000,0
41576,1.7000,0.1827,0.8534,0.84659,-12.97514,13.15788,0.00000,0
42076,1.7000,0.1905,0.8534,0.84659,-12.97514,13.16560,0.00000,0
42576,1.7000,0.1982,0.8534,0.84659,-12.97514,13.17332,0.00000,0
43076,1.7000,0.2304,0.8518,0.84821,-12.95064,13.18104,0.00000,0
43576,1.7000,0.2136,0.8534,0.84659,-12.97514,13.18876,0.00000,0
44076,1.7000,0.2704,0.8502,0.84982,-12.92613,13.19649,0.00000,0
44576,1.7000,0.2658,0.8510,0.84901,-12.93839,13.20424,0.00000,0
45076,1.7000,0.2858,0.8502,0.84982,-12.92613,13.21198,0.00000,0
45576,1.7000,0.3181,0.8486,0.85143,-12.90163,13.21973,0.00000,0
46076,1.7000,0.3381,0.8478,0.85223,-12.88938,13.22749,0.00000,0
46576,1.7000,0.3091,0.8502,0.84982,-12.92613,13.23525,0.00000,0
47076,1.7000,0.3046,0.8510,0.84901,-12.93839,13.24299,0.00000,0
47576,1.7000,0.2878,0.8526,0.84740,-12.96289,13.25072,0.00000,0
48076,1.7000,0.2710,0.8542,0.84579,-12.98739,13.25844,0.00000,0
48576,1.7000,0.2788,0.8542,0.84579,-12.98739,13.26615,0.00000,0
49076,1.7000,0.2374,0.8574,0.84256,-13.03640,13.27384,0.00000,0
49576,1.7000,0.2574,0.8566,0.84337,-13.02415,13.28152,0.00000,0
50076,1.7000,0.2405,0.8582,0.84176,-13.04866,13.28920,0.00000,0
50576,1.7000,0.2237,0.8599,0.84015,-13.07316,13.29687,0.00000,0
51076,1.7000,0.1946,0.8623,0.83773,-13.10992,13.30451,0.00000,0
51576,1.7000,0.2022,0.8623,0.83773,-13.10992,13.31215,0.00000,0
52076,1.7000,0.1854,0.8639,0.83612,-13.13442,13.31978,0.00000,0
52576,1.7000,0.1930,0.8639,0.83612,-13.13442,13.32740,0.00000,0
53076,1.7000,0.2006,0.8639,0.83612,-13.13442,13.33502,0.00000,0
53576,1.7000,0.2327,0.8623,0.83773,-13.10992,13.34264,0.00000,0
54076,1.7000,0.2404,0.8623,0.83773,-13.10992,13.35028,0.00000,0
54576,1.7000,0.2112,0.8647,0.83531,-13.14667,13.35790,0.00000,0
55076,1.7000,0.2188,0.8647,0.83531,-13.14667,13.36552,0.00000,0
55576,1.7000,0.2142,0.8655,0.83451,-13.15893,13.37313,0.00000,0
56076,1.7000,0.2586,0.8631,0.83692,-13.12217,13.38074,0.00000,0
56576,1.7000,0.2539,0.8639,0.83612,-13.13442,13.38837,0.00000,0
57076,1.7000,0.2738,0.8631,0.83692,-13.12217,13.39599,0.00000,0
57576,1.7000,0.2814,0.8631,0.83692,-13.12217,13.40362,0.00000,0
58076,1.7000,0.2646,0.8647,0.83531,-13.14667,13.41124,0.00000,0
58576,1.7000,0.2722,0.8647,0.83531,-13.14667,13.41885,0.00000,0
59076,1.7000,0.2553,0.8663,0.83370,-13.17118,13.42646,0.00000,0
59576,1.7000,0.2996,0.8639,0.83612,-13.13442,13.43407,0.00000,0
60076,1.7000,0.3073,0.8639,0.83612,-13.13442,13.44169,0.00000,0
60576,1.7000,0.3271,0.8631,0.83692,-13.12217,13.44931,0.00000,0
61076,1.7000,0.3103,0.8647,0.83531,-13.14667,13.45693,0.00000,0
61576,1.7000,0.3301,0.8639,0.83612,-13.13442,13.46455,0.00000,0
62076,1.7000,0.3377,0.8639,0.83612,-13.13442,13.47217,0.00000,0
62576,1.7000,0.3454,0.8639,0.83612,-13.13442,13.47979,0.00000,0
63076,1.7000,0.3652,0.8631,0.83692,-13.12217,13.48741,0.00000,0
63576,1.7000,0.3361,0.8655,0.83451,-13.15893,13.49503,0.00000,0
64076,1.7000,0.3560,0.8647,0.83531,-13.14667,13.50264,0.00000,0
64576,1.7000,0.3513,0.8655,0.83451,-13.15893,13.51025,0.00000,0
65076,1.7000,0.3467,0.8663,0.83370,-13.17118,13.51785,0.00000,0
65576,1.7000,0.3543,0.8663,0.83370,-13.17118,13.52545,0.00000,0
66076,1.7000,0.3251,0.8687,0.83128,-13.20794,13.53304,0.00000,0
66576,1.7000,0.3572,0.8671,0.83289,-13.18343,13.54062,0.00000,0
67076,1.7000,0.3525,0.8679,0.83209,-13.19568,13.54821,0.00000,0
67576,1.7000,0.3846,0.8663,0.83370,-13.17118,13.55580,0.00000,0
68076,1.7000,0.3555,0.8687,0.83128,-13.20794,13.56339,0.00000,0
68576,1.7000,0.3630,0.8687,0.83128,-13.20794,13.57096,0.00000,0
69076,1.7000,0.3951,0.8671,0.83289,-13.18343,13.57855,0.00000,0
69576,1.7000,0.3905,0.8679,0.83209,-13.19568,13.58613,0.00000,0
70076,1.7000,0.4103,0.8671,0.83289,-13.18343,13.59372,0.00000,0
70576,1.7000,0.4056,0.8679,0.83209,-13.19568,13.60131,0.00000,0
71076,1.7000,0.4745,0.8639,0.83612,-13.13442,13.60891,0.00000,0
71576,1.7000,0.4576,0.8655,0.83451,-13.15893,13.61652,0.00000,0
72076,1.7000,0.4529,0.8663,0.83370,-13.17118,13.62413,0.00000,0
72576,1.7000,0.4360,0.8679,0.83209,-13.19568,13.63172,0.00000,0
73076,1.7000,0.4436,0.8679,0.83209,-13.19568,13.63930,0.00000,0
73576,1.7000,0.4757,0.8663,0.83370,-13.17118,13.64689,0.00000,0
74076,1.7000,0.4711,0.8671,0.83289,-13.18343,13.65449,0.00000,0
74576,1.7000,0.4909,0.8663,0.83370,-13.17118,13.66208,0.00000,0
75076,1.7000,0.4862,0.8671,0.83289,-13.18343,13.66968,0.00000,0
75576,1.7000,0.4938,0.8671,0.83289,-13.18343,13.67727,0.00000,0
76076,1.7000,0.4647,0.8695,0.83048,-13.22019,13.68485,0.00000,0
76576,1.7000,0.4722,0.8695,0.83048,-13.22019,13.69242,0.00000,0
77076,1.7000,0.5043,0.8679,0.83209,-13.19568,13.69999,0.00000,0
77576,1.7000,0.4996,0.8687,0.83128,-13.20794,13.70757,0.00000,0
78076,1.7000,0.5562,0.8655,0.83451,-13.15893,13.71516,0.00000,0
78576,1.7000,0.5638,0.8655,0.83451,-13.15893,13.72277,0.00000,0
79076,1.7000,0.5469,0.8671,0.83289,-13.18343,13.73037,0.00000,0
79576,1.7000,0.5300,0.8687,0.83128,-13.20794,13.73795,0.00000,0
80076,1.7000,0.5253,0.8695,0.83048,-13.22019,13.74552,0.00000,0
80576,1.7000,0.5329,0.8695,0.83048,-13.22019,13.75309,0.00000,0
81076,1.7000,0.5405,0.8695,0.83048,-13.22019,13.76066,0.00000,0
81576,1.7000,0.5603,0.8687,0.83128,-13.20794,13.76823,0.00000,0
82076,1.7000,0.5434,0.8703,0.82967,-13.23244,13.77580,0.00000,0
82576,1.7000,0.5754,0.8687,0.83128,-13.20794,13.78337,0.00000,0
83076,1.7000,0.5340,0.8719,0.82806,-13.25694,13.79093,0.00000,0
83576,1.7000,0.5538,0.8711,0.82886,-13.24469,13.79848,0.00000,0
84076,1.7000,0.5613,0.8711,0.82886,-13.24469,13.80604,0.00000,0
84576,1.7000,0.5689,0.8711,0.82886,-13.24469,13.81359,0.00000,0
85076,1.7000,0.5887,0.8703,0.82967,-13.23244,13.82115,0.00000,0
85576,1.7000,0.5963,0.8703,0.82967,-13.23244,13.82871,0.00000,0
86076,1.7000,0.6283,0.8687,0.83128,-13.20794,13.83628,0.00000,0
86576,1.7000,0.6237,0.8695,0.83048,-13.22019,13.84385,0.00000,0
87076,1.7000,0.6312,0.8695,0.83048,-13.22019,13.85142,0.00000,0
87576,1.7000,0.6143,0.8711,0.82886,-13.24469,13.85898,0.00000,0
88076,1.7000,0.6709,0.8679,0.83209,-13.19568,13.86655,0.00000,0
88576,1.7000,0.6049,0.8727,0.82725,-13.26920,13.87412,0.00000,0
89076,1.7000,0.6125,0.8727,0.82725,-13.26920,13.88166,0.00000,0
89576,1.7000,0.6323,0.8719,0.82806,-13.25694,13.88920,0.00000,0
90076,1.7000,0.6153,0.8736,0.82645,-13.28145,13.89674,0.00000,0
90576,1.7000,0.5861,0.8760,0.82403,-13.31821,13.90426,0.00000,0
91076,1.7000,0.5691,0.8776,0.82242,-13.34271,13.91176,0.00000,0
91576,1.7000,0.5275,0.8808,0.81919,-13.39172,13.91924,0.00000,0
92076,1.7000,0.5227,0.8816,0.81839,-13.40397,13.92671,0.00000,0
92576,1.7000,0.5302,0.8816,0.81839,-13.40397,13.93417,0.00000,0
93076,1.7000,0.5131,0.8832,0.81678,-13.42848,13.94162,0.00000,0
93576,1.7000,0.5696,0.8800,0.82000,-13.37947,13.94907,0.00000,0
94076,1.7000,0.5771,0.8800,0.82000,-13.37947,13.95655,0.00000,0
94576,1.7000,0.5600,0.8816,0.81839,-13.40397,13.96402,0.00000,0
95076,1.7000,0.5675,0.8816,0.81839,-13.40397,13.97147,0.00000,0
95576,1.7000,0.5995,0.8800,0.82000,-13.37947,13.97894,0.00000,0
96076,1.7000,0.5579,0.8832,0.81678,-13.42848,13.98640,0.00000,0
96576,1.7000,0.6144,0.8800,0.82000,-13.37947,13.99386,0.00000,0
97076,1.7000,0.6341,0.8792,0.82081,-13.36722,14.00133,0.00000,0
97576,1.7000,0.6416,0.8792,0.82081,-13.36722,14.00881,0.00000,0
98076,1.7000,0.6491,0.8792,0.82081,-13.36722,14.01630,0.00000,0
98576,1.7000,0.6566,0.8792,0.82081,-13.36722,14.02378,0.00000,0
99076,1.7000,0.6886,0.8776,0.82242,-13.34271,14.03126,0.00000,0
99576,1.7000,0.6960,0.8776,0.82242,-13.34271,14.03876,0.00000,0
100076,1.7000,0.7158,0.8768,0.82322,-13.33046,14.04626,0.00000,0
100576,1.7000,0.7356,0.8760,0.82403,-13.31821,14.05377,0.00000,0
101076,1.7000,0.7676,0.8744,0.82564,-13.29370,14.06128,0.00000,0
101576,1.7000,0.7629,0.8752,0.82484,-13.30595,14.06880,0.00000,0
102076,1.7000,0.7826,0.8744,0.82564,-13.29370,14.07633,0.00000,0
102576,1.7000,0.7779,0.8752,0.82484,-13.30595,14.08385,0.00000,0
103076,1.7000,0.7609,0.8768,0.82322,-13.33046,14.09136,0.00000,0
103576,1.7000,0.7561,0.8776,0.82242,-13.34271,14.09886,0.00000,0
104076,1.7000,0.7636,0.8776,0.82242,-13.34271,14.10635,0.00000,0
104576,1.7000,0.7834,0.8768,0.82322,-13.33046,14.11385,0.00000,0
105076,1.7000,0.7909,0.8768,0.82322,-13.33046,14.12135,0.00000,0
105576,1.7000,0.7984,0.8768,0.82322,-13.33046,14.12886,0.00000,0
106076,1.7000,0.8182,0.8760,0.82403,-13.31821,14.13636,0.00000,0
106576,1.7000,0.8257,0.8760,0.82403,-13.31821,14.14387,0.00000,0
107076,1.7000,0.8087,0.8776,0.82242,-13.34271,14.15138,0.00000,0
107576,1.7000,0.8039,0.8784,0.82161,-13.35496,14.15887,0.00000,0
108076,1.7000,0.8114,0.8784,0.82161,-13.35496,14.16636,0.00000,0
108576,1.7000,0.8189,0.8784,0.82161,-13.35496,14.17384,0.00000,0
109076,1.7000,0.8019,0.8800,0.82000,-13.37947,14.18132,0.00000,0
109576,1.7000,0.7848,0.8816,0.81839,-13.40397,14.18879,0.00000,0
110076,1.7000,0.7923,0.8816,0.81839,-13.40397,14.19625,0.00000,0
110576,1.7000,0.8120,0.8808,0.81919,-13.39172,14.20371,0.00000,0
111076,1.7000,0.8195,0.8808,0.81919,-13.39172,14.21118,0.00000,0
111576,1.7000,0.8269,0.8808,0.81919,-13.39172,14.21865,0.00000,0
112076,1.7000,0.8344,0.8808,0.81919,-13.39172,14.22611,0.00000,0
112576,1.7000,0.8664,0.8792,0.82081,-13.36722,14.23359,0.00000,0
113076,1.7000,0.9106,0.8768,0.82322,-13.33046,14.24108,0.00000,0
113576,1.7000,0.9304,0.8760,0.82403,-13.31821,14.24858,0.00000,0
114076,1.7000,0.9501,0.8752,0.82484,-13.30595,14.25610,0.00000,0
114576,1.7000,0.9454,0.8760,0.82403,-13.31821,14.26361,0.00000,0
115076,1.7000,0.9407,0.8768,0.82322,-13.33046,14.27112,0.00000,0
115576,1.7000,0.9237,0.8784,0.82161,-13.35496,14.27861,0.00000,0
116076,1.7000,0.9434,0.8776,0.82242,-13.34271,14.28611,0.00000,0
116576,1.7000,0.9509,0.8776,0.82242,-13.34271,14.29360,0.00000,0
117076,1.7000,0.9461,0.8784,0.82161,-13.35496,14.30109,0.00000,0
117576,1.7000,0.9414,0.8792,0.82081,-13.36722,14.30858,0.00000,0
118076,1.7000,0.9121,0.8816,0.81839,-13.40397,14.31605,0.00000,0
118576,1.7000,0.8828,0.8840,0.81597,-13.44073,14.32350,0.00000,0
119076,1.7000,0.8779,0.8848,0.81516,-13.45298,14.33093,0.00000,0
119576,1.7000,0.8976,0.8840,0.81597,-13.44073,14.33836,0.00000,0
120076,1.7000,0.8928,0.8848,0.81516,-13.45298,14.34580,0.00000,0
120576,1.7000,0.9125,0.8840,0.81597,-13.44073,14.35323,0.00000,0
121076,1.7000,0.8832,0.8864,0.81355,-13.47748,14.36065,0.00000,0
121576,1.7000,0.8783,0.8873,0.81275,-13.48974,14.36806,0.00000,0
122076,1.7000,0.8857,0.8873,0.81275,-13.48974,14.37547,0.00000,0
122576,1.7000,0.8931,0.8873,0.81275,-13.48974,14.38288,0.00000,0
123076,1.7000,0.9251,0.8856,0.81436,-13.46523,14.39029,0.00000,0
123576,1.7000,0.9815,0.8824,0.81758,-13.41622,14.39773,0.00000,0
124076,1.7000,0.9644,0.8840,0.81597,-13.44073,14.40518,0.00000,0
124576,1.7000,0.9841,0.8832,0.81678,-13.42848,14.41262,0.00000,0
125076,1.7000,1.0038,0.8824,0.81758,-13.41622,14.42006,0.00000,0
125576,1.7000,1.0358,0.8808,0.81919,-13.39172,14.42752,0.00000,0
126076,1.7000,1.0800,0.8784,0.82161,-13.35496,14.43500,0.00000,0
126576,1.7000,1.0875,0.8784,0.82161,-13.35496,14.44249,0.00000,0
127076,1.7000,1.0705,0.8800,0.82000,-13.37947,14.44997,0.00000,0
127576,1.7000,1.1025,0.8784,0.82161,-13.35496,14.45745,0.00000,0
128076,1.7000,1.1100,0.8784,0.82161,-13.35496,14.46494,0.00000,0
128576,1.7000,1.0807,0.8808,0.81919,-13.39172,14.47241,0.00000,0
129076,1.7000,1.1249,0.8784,0.82161,-13.35496,14.47989,0.00000,0
129576,1.7000,1.1324,0.8784,0.82161,-13.35496,14.48738,0.00000,0
130076,1.7000,1.1154,0.8800,0.82000,-13.37947,14.49486,0.00000,0
130576,1.7000,1.1106,0.8808,0.81919,-13.39172,14.50233,0.00000,0
131076,1.7000,1.0691,0.8840,0.81597,-13.44073,14.50978,0.00000,0
131576,1.7000,1.0642,0.8848,0.81516,-13.45298,14.51721,0.00000,0
132076,1.7000,1.0594,0.8856,0.81436,-13.46523,14.52464,0.00000,0
132576,1.7000,1.0791,0.8848,0.81516,-13.45298,14.53206,0.00000,0
133076,1.7000,1.0620,0.8864,0.81355,-13.47748,14.53949,0.00000,0
133576,1.7000,1.0694,0.8864,0.81355,-13.47748,14.54690,0.00000,0
134076,1.7000,1.0523,0.8881,0.81194,-13.50199,14.55431,0.00000,0
134576,1.7000,1.0352,0.8897,0.81033,-13.52649,14.56170,0.00000,0
135076,1.7000,1.0671,0.8881,0.81194,-13.50199,14.56909,0.00000,0
135576,1.7000,1.0622,0.8889,0.81114,-13.51424,14.57649,0.00000,0
136076,1.7000,1.1064,0.8864,0.81355,-13.47748,14.58389,0.00000,0
136576,1.7000,1.1138,0.8864,0.81355,-13.47748,14.59131,0.00000,0
137076,1.7000,1.1458,0.8848,0.81516,-13.45298,14.59873,0.00000,0
137576,1.7000,1.1287,0.8864,0.81355,-13.47748,14.60615,0.00000,0
138076,1.7000,1.1361,0.8864,0.81355,-13.47748,14.61357,0.00000,0
138576,1.7000,1.1435,0.8864,0.81355,-13.47748,14.62098,0.00000,0
139076,1.7000,1.1509,0.8864,0.81355,-13.47748,14.62840,0.00000,0
139576,1.7000,1.1461,0.8873,0.81275,-13.48974,14.63581,0.00000,0
140076,1.7000,1.1412,0.8881,0.81194,-13.50199,14.64321,0.00000,0
140576,1.7000,1.1609,0.8873,0.81275,-13.48974,14.65062,0.00000,0
141076,1.7000,1.1805,0.8864,0.81355,-13.47748,14.65803,0.00000,0
141576,1.7000,1.1880,0.8864,0.81355,-13.47748,14.66544,0.00000,0
142076,1.7000,1.2321,0.8840,0.81597,-13.44073,14.67287,0.00000,0
142576,1.7000,1.2396,0.8840,0.81597,-13.44073,14.68030,0.00000,0
143076,1.7000,1.2470,0.8840,0.81597,-13.44073,14.68774,0.00000,0
143576,1.7000,1.2544,0.8840,0.81597,-13.44073,14.69518,0.00000,0
144076,1.7000,1.2496,0.8848,0.81516,-13.45298,14.70261,0.00000,0
144576,1.7000,1.2571,0.8848,0.81516,-13.45298,14.71004,0.00000,0
145076,1.7000,1.2645,0.8848,0.81516,-13.45298,14.71747,0.00000,0
145576,1.7000,1.2719,0.8848,0.81516,-13.45298,14.72490,0.00000,0
146076,1.7000,1.2548,0.8864,0.81355,-13.47748,14.73232,0.00000,0
146576,1.7000,1.2377,0.8881,0.81194,-13.50199,14.73973,0.00000,0
147076,1.7000,1.2206,0.8897,0.81033,-13.52649,14.74712,0.00000,0
147576,1.7000,1.2280,0.8897,0.81033,-13.52649,14.75451,0.00000,0
148076,1.7000,1.2354,0.8897,0.81033,-13.52649,14.76189,0.00000,0
148576,1.7000,1.2550,0.8889,0.81114,-13.51424,14.76928,0.00000,0
149076,1.7000,1.2624,0.8889,0.81114,-13.51424,14.77667,0.00000,0
149576,1.7000,1.2943,0.8873,0.81275,-13.48974,14.78407,0.00000,0
150076,1.7000,1.2772,0.8889,0.81114,-13.51424,14.79147,0.00000,0
150576,1.7000,1.2969,0.8881,0.81194,-13.50199,14.79887,0.00000,0
151076,1.7000,1.3043,0.8881,0.81194,-13.50199,14.80627,0.00000,0
151576,1.7000,1.3484,0.8856,0.81436,-13.46523,14.81368,0.00000,0
152076,1.7000,1.3191,0.8881,0.81194,-13.50199,14.82109,0.00000,0
152576,1.7000,1.3265,0.8881,0.81194,-13.50199,14.82849,0.00000,0
153076,1.7000,1.3339,0.8881,0.81194,-13.50199,14.83589,0.00000,0
153576,1.7000,1.3413,0.8881,0.81194,-13.50199,14.84329,0.00000,0
154076,1.7000,1.3487,0.8881,0.81194,-13.50199,14.85069,0.00000,0
154576,1.7000,1.3438,0.8889,0.81114,-13.51424,14.85809,0.00000,0
155076,1.7000,1.4125,0.8848,0.81516,-13.45298,14.86550,0.00000,0
155576,1.7000,1.3954,0.8864,0.81355,-13.47748,14.87292,0.00000,0
156076,1.7000,1.4151,0.8856,0.81436,-13.46523,14.88034,0.00000,0
156576,1.7000,1.4225,0.8856,0.81436,-13.46523,14.88776,0.00000,0
157076,1.7000,1.4545,0.8840,0.81597,-13.44073,14.89519,0.00000,0
157576,1.7000,1.4619,0.8840,0.81597,-13.44073,14.90263,0.00000,0
158076,1.7000,1.4816,0.8832,0.81678,-13.42848,14.91007,0.00000,0
158576,1.7000,1.4523,0.8856,0.81436,-13.46523,14.91750,0.00000,0
159076,1.7000,1.4597,0.8856,0.81436,-13.46523,14.92492,0.00000,0
159576,1.7000,1.4794,0.8848,0.81516,-13.45298,14.93235,0.00000,0
160076,1.7000,1.4500,0.8873,0.81275,-13.48974,14.93977,0.00000,0
160576,1.7000,1.4329,0.8889,0.81114,-13.51424,14.94717,0.00000,0
161076,1.7000,1.4158,0.8905,0.80952,-13.53875,14.95455,0.00000,0
161576,1.7000,1.3864,0.8929,0.80711,-13.57550,14.96192,0.00000,0
162076,1.7000,1.3938,0.8929,0.80711,-13.57550,14.96927,0.00000,0
162576,1.7000,1.3521,0.8961,0.80388,-13.62451,14.97661,0.00000,0
163076,1.7000,1.3349,0.8977,0.80227,-13.64902,14.98393,0.00000,0
163576,1.7000,1.3545,0.8969,0.80308,-13.63676,14.99125,0.00000,0
164076,1.7000,1.3495,0.8977,0.80227,-13.64902,14.99857,0.00000,0
164576,1.7000,1.3446,0.8985,0.80147,-13.66127,15.00587,0.00000,0
165076,1.7000,1.3274,0.9001,0.79985,-13.68577,15.01317,0.00000,0
165576,1.7000,1.3347,0.9001,0.79985,-13.68577,15.02046,0.00000,0
166076,1.7000,1.3542,0.8993,0.80066,-13.67352,15.02775,0.00000,0
166576,1.7000,1.3493,0.9001,0.79985,-13.68577,15.03505,0.00000,0
167076,1.7000,1.3688,0.8993,0.80066,-13.67352,15.04234,0.00000,0
167576,1.7000,1.4374,0.8953,0.80469,-13.61226,15.04966,0.00000,0
168076,1.7000,1.4570,0.8945,0.80549,-13.60001,15.05700,0.00000,0
168576,1.7000,1.4888,0.8929,0.80711,-13.57550,15.06434,0.00000,0
169076,1.7000,1.5207,0.8913,0.80872,-13.55100,15.07171,0.00000,0
169576,1.7000,1.5281,0.8913,0.80872,-13.55100,15.07908,0.00000,0
170076,1.7000,1.5722,0.8889,0.81114,-13.51424,15.08646,0.00000,0
170576,1.7000,1.5796,0.8889,0.81114,-13.51424,15.09385,0.00000,0
171076,1.7000,1.5747,0.8897,0.81033,-13.52649,15.10124,0.00000,0
171576,1.7000,1.5699,0.8905,0.80952,-13.53875,15.10862,0.00000,0
172076,1.7000,1.5527,0.8921,0.80791,-13.56325,15.11599,0.00000,0
172576,1.7000,1.5601,0.8921,0.80791,-13.56325,15.12336,0.00000,0
173076,1.7000,1.5675,0.8921,0.80791,-13.56325,15.13072,0.00000,0
173576,1.7000,1.5626,0.8929,0.80711,-13.57550,15.13808,0.00000,0
174076,1.7000,1.5332,0.8953,0.80469,-13.61226,15.14543,0.00000,0
174576,1.7000,1.5528,0.8945,0.80549,-13.60001,15.15276,0.00000,0
175076,1.7000,1.5601,0.8945,0.80549,-13.60001,15.16010,0.00000,0
175576,1.7000,1.5307,0.8969,0.80308,-13.63676,15.16743,0.00000,0
176076,1.7000,1.5625,0.8953,0.80469,-13.61226,15.17476,0.00000,0
176576,1.7000,1.5698,0.8953,0.80469,-13.61226,15.18209,0.00000,0
177076,1.7000,1.5772,0.8953,0.80469,-13.61226,15.18943,0.00000,0
177576,1.7000,1.5477,0.8977,0.80227,-13.64902,15.19675,0.00000,0
178076,1.7000,1.5183,0.9001,0.79985,-13.68577,15.20405,0.00000,0
178576,1.7000,1.5011,0.9018,0.79824,-13.71028,15.21134,0.00000,0
179076,1.7000,1.5083,0.9018,0.79824,-13.71028,15.21861,0.00000,0
179576,1.7000,1.5156,0.9018,0.79824,-13.71028,15.22589,0.00000,0
180076,1.7000,1.5106,0.9026,0.79744,-13.72253,15.23316,0.00000,0
180576,1.7000,1.5669,0.8993,0.80066,-13.67352,15.24044,0.00000,0
181076,1.7000,1.5742,0.8993,0.80066,-13.67352,15.24774,0.00000,0
181576,1.7000,1.5693,0.9001,0.79985,-13.68577,15.25503,0.00000,0
182076,1.7000,1.5643,0.9010,0.79905,-13.69803,15.26232,0.00000,0
182576,1.7000,1.5838,0.9001,0.79985,-13.68577,15.26960,0.00000,0
183076,1.7000,1.6401,0.8969,0.80308,-13.63676,15.27691,0.00000,0
183576,1.7000,1.6720,0.8953,0.80469,-13.61226,15.28423,0.00000,0
184076,1.7000,1.6916,0.8945,0.80549,-13.60001,15.29157,0.00000,0
184576,1.7000,1.7112,0.8937,0.80630,-13.58776,15.29892,0.00000,0
185076,1.7000,1.6817,0.8961,0.80388,-13.62451,15.30625,0.00000,0
185576,1.7000,1.6891,0.8961,0.80388,-13.62451,15.31358,0.00000,0
186076,1.7000,1.6841,0.8969,0.80308,-13.63676,15.32090,0.00000,0
186576,1.7000,1.6915,0.8969,0.80308,-13.63676,15.32822,0.00000,0
187076,1.7000,1.6865,0.8977,0.80227,-13.64902,15.33554,0.00000,0
187576,1.7000,1.6938,0.8977,0.80227,-13.64902,15.34285,0.00000,0
188076,1.7000,1.7011,0.8977,0.80227,-13.64902,15.35016,0.00000,0
188576,1.7000,1.7207,0.8969,0.80308,-13.63676,15.35748,0.00000,0
189076,1.7000,1.7403,0.8961,0.80388,-13.62451,15.36480,0.00000,0
189576,1.7000,1.7599,0.8953,0.80469,-13.61226,15.37213,0.00000,0
190076,1.7000,1.7672,0.8953,0.80469,-13.61226,15.37947,0.00000,0
190576,1.7000,1.7868,0.8945,0.80549,-13.60001,15.38680,0.00000,0
191076,1.7000,1.7819,0.8953,0.80469,-13.61226,15.39414,0.00000,0
191576,1.7000,1.7892,0.8953,0.80469,-13.61226,15.40147,0.00000,0
192076,1.7000,1.8088,0.8945,0.80549,-13.60001,15.40881,0.00000,0
192576,1.7000,1.8407,0.8929,0.80711,-13.57550,15.41616,0.00000,0
193076,1.7000,1.8358,0.8937,0.80630,-13.58776,15.42351,0.00000,0
193576,1.7000,1.8309,0.8945,0.80549,-13.60001,15.43086,0.00000,0
194076,1.7000,1.8137,0.8961,0.80388,-13.62451,15.43819,0.00000,0
194576,1.7000,1.8088,0.8969,0.80308,-13.63676,15.44551,0.00000,0
195076,1.7000,1.8651,0.8937,0.80630,-13.58776,15.45285,0.00000,0
195576,1.7000,1.8724,0.8937,0.80630,-13.58776,15.46020,0.00000,0
196076,1.7000,1.9166,0.8913,0.80872,-13.55100,15.46756,0.00000,0
196576,1.7000,1.9117,0.8921,0.80791,-13.56325,15.47492,0.00000,0
197076,1.7000,1.8823,0.8945,0.80549,-13.60001,15.48228,0.00000,0
197576,1.7000,1.8896,0.8945,0.80549,-13.60001,15.48962,0.00000,0
198076,1.7000,1.8602,0.8969,0.80308,-13.63676,15.49695,0.00000,0
198576,1.7000,1.8552,0.8977,0.80227,-13.64902,15.50426,0.00000,0
199076,1.7000,1.8748,0.8969,0.80308,-13.63676,15.51158,0.00000,0
199576,1.7000,1.8699,0.8977,0.80227,-13.64902,15.51889,0.00000,0
200076,1.7000,1.8037,0.9026,0.79744,-13.72253,15.52618,0.00000,0
200576,1.7000,1.8109,0.9026,0.79744,-13.72253,15.53345,0.00000,0
201076,1.7000,1.8059,0.9034,0.79663,-13.73478,15.54072,0.00000,0
201576,1.7000,1.8377,0.9018,0.79824,-13.71028,15.54798,0.00000,0
202076,1.7000,1.8695,0.9001,0.79985,-13.68577,15.55527,0.00000,0
202576,1.7000,1.8523,0.9018,0.79824,-13.71028,15.56255,0.00000,0
203076,1.7000,1.8595,0.9018,0.79824,-13.71028,15.56982,0.00000,0
203576,1.7000,1.8668,0.9018,0.79824,-13.71028,15.57710,0.00000,0
204076,1.7000,1.8618,0.9026,0.79744,-13.72253,15.58437,0.00000,0
204576,1.7000,1.8936,0.9010,0.79905,-13.69803,15.59165,0.00000,0
205076,1.7000,1.8886,0.9018,0.79824,-13.71028,15.59893,0.00000,0
205576,1.7000,1.8592,0.9042,0.79582,-13.74704,15.60619,0.00000,0
206076,1.7000,1.8664,0.9042,0.79582,-13.74704,15.61344,0.00000,0
206576,1.7000,1.8491,0.9058,0.79421,-13.77154,15.62069,0.00000,0
207076,1.7000,1.8319,0.9074,0.79260,-13.79604,15.62792,0.00000,0
207576,1.7000,1.8636,0.9058,0.79421,-13.77154,15.63515,0.00000,0
208076,1.7000,1.8586,0.9066,0.79341,-13.78379,15.64238,0.00000,0
208576,1.7000,1.8781,0.9058,0.79421,-13.77154,15.64962,0.00000,0
209076,1.7000,1.8853,0.9058,0.79421,-13.77154,15.65686,0.00000,0
209576,1.7000,1.8926,0.9058,0.79421,-13.77154,15.66410,0.00000,0
210076,1.7000,1.9121,0.9050,0.79502,-13.75929,15.67134,0.00000,0
210576,1.7000,1.9070,0.9058,0.79421,-13.77154,15.67858,0.00000,0
211076,1.7000,1.9143,0.9058,0.79421,-13.77154,15.68582,0.00000,0
211576,1.7000,1.9215,0.9058,0.79421,-13.77154,15.69306,0.00000,0
212076,1.7000,1.9533,0.9042,0.79582,-13.74704,15.70030,0.00000,0
212576,1.7000,1.9728,0.9034,0.79663,-13.73478,15.70756,0.00000,0
213076,1.7000,2.0168,0.9010,0.79905,-13.69803,15.71483,0.00000,0
213576,1.7000,2.0241,0.9010,0.79905,-13.69803,15.72211,0.00000,0
214076,1.7000,2.0314,0.9010,0.79905,-13.69803,15.72940,0.00000,0
214576,1.7000,2.0387,0.9010,0.79905,-13.69803,15.73668,0.00000,0
215076,1.7000,2.0459,0.9010,0.79905,-13.69803,15.74396,0.00000,0
215576,1.7000,2.0655,0.9001,0.79985,-13.68577,15.75125,0.00000,0
216076,1.7000,2.0605,0.9010,0.79905,-13.69803,15.75853,0.00000,0
216576,1.7000,2.0923,0.8993,0.80066,-13.67352,15.76582,0.00000,0
217076,1.7000,2.0873,0.9001,0.79985,-13.68577,15.77312,0.00000,0
217576,1.7000,2.0824,0.9010,0.79905,-13.69803,15.78040,0.00000,0
218076,1.7000,2.0529,0.9034,0.79663,-13.73478,15.78767,0.00000,0
218576,1.7000,2.0479,0.9042,0.79582,-13.74704,15.79493,0.00000,0
219076,1.7000,2.0551,0.9042,0.79582,-13.74704,15.80218,0.00000,0
219576,1.7000,2.0379,0.9058,0.79421,-13.77154,15.80943,0.00000,0
220076,1.7000,2.0329,0.9066,0.79341,-13.78379,15.81666,0.00000,0
220576,1.7000,2.0401,0.9066,0.79341,-13.78379,15.82389,0.00000,0
221076,1.7000,2.0596,0.9058,0.79421,-13.77154,15.83113,0.00000,0
221576,1.7000,2.0423,0.9074,0.79260,-13.79604,15.83836,0.00000,0
222076,1.7000,2.0495,0.9074,0.79260,-13.79604,15.84558,0.00000,0
222576,1.7000,2.0445,0.9082,0.79179,-13.80830,15.85280,0.00000,0
223076,1.7000,2.0517,0.9082,0.79179,-13.80830,15.86002,0.00000,0
223576,1.7000,2.0712,0.9074,0.79260,-13.79604,15.86724,0.00000,0
224076,1.7000,2.0784,0.9074,0.79260,-13.79604,15.87446,0.00000,0
224576,1.7000,2.0856,0.9074,0.79260,-13.79604,15.88169,0.00000,0
225076,1.7000,2.1051,0.9066,0.79341,-13.78379,15.88892,0.00000,0
225576,1.7000,2.1001,0.9074,0.79260,-13.79604,15.89614,0.00000,0
226076,1.7000,2.1196,0.9066,0.79341,-13.78379,15.90337,0.00000,0
226576,1.7000,2.1146,0.9074,0.79260,-13.79604,15.91060,0.00000,0
227076,1.7000,2.1218,0.9074,0.79260,-13.79604,15.91782,0.00000,0
227576,1.7000,2.1290,0.9074,0.79260,-13.79604,15.92505,0.00000,0
228076,1.7000,2.1240,0.9082,0.79179,-13.80830,15.93227,0.00000,0
228576,1.7000,2.1434,0.9074,0.79260,-13.79604,15.93949,0.00000,0
229076,1.7000,2.1139,0.9098,0.79018,-13.83280,15.94670,0.00000,0
229576,1.7000,2.1088,0.9106,0.78938,-13.84505,15.95390,0.00000,0
230076,1.7000,2.1160,0.9106,0.78938,-13.84505,15.96109,0.00000,0
230576,1.7000,2.1355,0.9098,0.79018,-13.83280,15.96829,0.00000,0
231076,1.7000,2.1427,0.9098,0.79018,-13.83280,15.97550,0.00000,0
231576,1.7000,2.1499,0.9098,0.79018,-13.83280,15.98270,0.00000,0
232076,1.7000,2.1571,0.9098,0.79018,-13.83280,15.98990,0.00000,0
232576,1.7000,2.2133,0.9066,0.79341,-13.78379,15.99712,0.00000,0
233076,1.7000,2.2083,0.9074,0.79260,-13.79604,16.00434,0.00000,0
233576,1.7000,2.2033,0.9082,0.79179,-13.80830,16.01156,0.00000,0
234076,1.7000,2.2350,0.9066,0.79341,-13.78379,16.01879,0.00000,0
234576,1.7000,2.2300,0.9074,0.79260,-13.79604,16.02601,0.00000,0
235076,1.7000,2.2494,0.9066,0.79341,-13.78379,16.03324,0.00000,0
235576,1.7000,2.2077,0.9098,0.79018,-13.83280,16.04045,0.00000,0
236076,1.7000,2.2149,0.9098,0.79018,-13.83280,16.04766,0.00000,0
236576,1.7000,2.2343,0.9090,0.79099,-13.82055,16.05486,0.00000,0
237076,1.7000,2.2538,0.9082,0.79179,-13.80830,16.06208,0.00000,0
237576,1.7000,2.2120,0.9114,0.78857,-13.85731,16.06928,0.00000,0
238076,1.7000,2.2314,0.9106,0.78938,-13.84505,16.07647,0.00000,0
238576,1.7000,2.2018,0.9130,0.78696,-13.88181,16.08365,0.00000,0
239076,1.7000,2.2090,0.9130,0.78696,-13.88181,16.09082,0.00000,0
239576,1.7000,2.2162,0.9130,0.78696,-13.88181,16.09800,0.00000,0
240076,1.7000,2.1988,0.9147,0.78535,-13.90631,16.10516,0.00000,0
240576,1.7000,2.2305,0.9130,0.78696,-13.88181,16.11233,0.00000,0
241076,1.7000,2.2132,0.9147,0.78535,-13.90631,16.11949,0.00000,0
241576,1.7000,2.2081,0.9155,0.78454,-13.91857,16.12665,0.00000,0
242076,1.7000,2.1907,0.9171,0.78293,-13.94307,16.13379,0.00000,0
242576,1.7000,2.1979,0.9171,0.78293,-13.94307,16.14093,0.00000,0
243076,1.7000,2.2050,0.9171,0.78293,-13.94307,16.14806,0.00000,0
243576,1.7000,2.2489,0.9147,0.78535,-13.90631,16.15521,0.00000,0
244076,1.7000,2.2683,0.9138,0.78615,-13.89406,16.16237,0.00000,0
244576,1.7000,2.2632,0.9147,0.78535,-13.90631,16.16953,0.00000,0
245076,1.7000,2.2581,0.9155,0.78454,-13.91857,16.17669,0.00000,0
245576,1.7000,2.2408,0.9171,0.78293,-13.94307,16.18383,0.00000,0
246076,1.7000,2.2111,0.9195,0.78051,-13.97983,16.19095,0.00000,0
246576,1.7000,2.2182,0.9195,0.78051,-13.97983,16.19807,0.00000,0
247076,1.7000,2.2254,0.9195,0.78051,-13.97983,16.20518,0.00000,0
247576,1.7000,2.2325,0.9195,0.78051,-13.97983,16.21230,0.00000,0
248076,1.7000,2.2273,0.9203,0.77971,-13.99208,16.21941,0.00000,0
248576,1.7000,2.1977,0.9227,0.77729,-14.02884,16.22650,0.00000,0
249076,1.7000,2.2415,0.9203,0.77971,-13.99208,16.23360,0.00000,0
249576,1.7000,2.2609,0.9195,0.78051,-13.97983,16.24071,0.00000,0
250076,1.7000,2.2557,0.9203,0.77971,-13.99208,16.24782,0.00000,0
250576,1.7000,2.2996,0.9179,0.78212,-13.95532,16.25494,0.00000,0
251076,1.7000,2.3313,0.9163,0.78374,-13.93082,16.26207,0.00000,0
251576,1.7000,2.3261,0.9171,0.78293,-13.94307,16.26921,0.00000,0
252076,1.7000,2.3333,0.9171,0.78293,-13.94307,16.27635,0.00000,0
252576,1.7000,2.3282,0.9179,0.78212,-13.95532,16.28348,0.00000,0
253076,1.7000,2.3230,0.9187,0.78132,-13.96758,16.29060,0.00000,0
253576,1.7000,2.3547,0.9171,0.78293,-13.94307,16.29773,0.00000,0
254076,1.7000,2.3005,0.9211,0.77890,-14.00433,16.30485,0.00000,0
254576,1.7000,2.3199,0.9203,0.77971,-13.99208,16.31195,0.00000,0
255076,1.7000,2.3025,0.9219,0.77810,-14.01658,16.31905,0.00000,0
255576,1.7000,2.2850,0.9235,0.77648,-14.04109,16.32613,0.00000,0
256076,1.7000,2.2799,0.9243,0.77568,-14.05334,16.33320,0.00000,0
256576,1.7000,2.2502,0.9267,0.77326,-14.09010,16.34026,0.00000,0
257076,1.7000,2.2450,0.9275,0.77245,-14.10235,16.34731,0.00000,0
257576,1.7000,2.2520,0.9275,0.77245,-14.10235,16.35435,0.00000,0
258076,1.7000,2.2100,0.9308,0.76923,-14.15136,16.36137,0.00000,0
258576,1.7000,2.2048,0.9316,0.76842,-14.16361,16.36838,0.00000,0
259076,1.7000,2.2118,0.9316,0.76842,-14.16361,16.37538,0.00000,0
259576,1.7000,2.1820,0.9340,0.76601,-14.20037,16.38238,0.00000,0
260076,1.7000,2.1890,0.9340,0.76601,-14.20037,16.38936,0.00000,0
260576,1.7000,2.2205,0.9324,0.76762,-14.17586,16.39635,0.00000,0
261076,1.7000,2.2152,0.9332,0.76681,-14.18812,16.40334,0.00000,0
261576,1.7000,2.2590,0.9308,0.76923,-14.15136,16.41034,0.00000,0
262076,1.7000,2.2660,0.9308,0.76923,-14.15136,16.41735,0.00000,0
262576,1.7000,2.2853,0.9300,0.77004,-14.13911,16.42436,0.00000,0
263076,1.7000,2.3413,0.9267,0.77326,-14.09010,16.43140,0.00000,0
263576,1.7000,2.3361,0.9275,0.77245,-14.10235,16.43844,0.00000,0
264076,1.7000,2.3309,0.9284,0.77165,-14.11460,16.44548,0.00000,0
264576,1.7000,2.3257,0.9292,0.77084,-14.12685,16.45251,0.00000,0
265076,1.7000,2.3449,0.9284,0.77165,-14.11460,16.45953,0.00000,0
265576,1.7000,2.2907,0.9324,0.76762,-14.17586,16.46655,0.00000,0
266076,1.7000,2.3222,0.9308,0.76923,-14.15136,16.47355,0.00000,0
266576,1.7000,2.3047,0.9324,0.76762,-14.17586,16.48056,0.00000,0
267076,1.7000,2.3239,0.9316,0.76842,-14.16361,16.48756,0.00000,0
267576,1.7000,2.3064,0.9332,0.76681,-14.18812,16.49455,0.00000,0
268076,1.7000,2.3012,0.9340,0.76601,-14.20037,16.50154,0.00000,0
268576,1.7000,2.3082,0.9340,0.76601,-14.20037,16.50852,0.00000,0
269076,1.7000,2.3029,0.9348,0.76520,-14.21262,16.51550,0.00000,0
269576,1.7000,2.3466,0.9324,0.76762,-14.17586,16.52248,0.00000,0
270076,1.7000,2.3659,0.9316,0.76842,-14.16361,16.52948,0.00000,0
270576,1.7000,2.4096,0.9292,0.77084,-14.12685,16.53650,0.00000,0
271076,1.7000,2.3799,0.9316,0.76842,-14.16361,16.54351,0.00000,0
271576,1.7000,2.3869,0.9316,0.76842,-14.16361,16.55051,0.00000,0
272076,1.7000,2.3694,0.9332,0.76681,-14.18812,16.55751,0.00000,0
272576,1.7000,2.3764,0.9332,0.76681,-14.18812,16.56450,0.00000,0
273076,1.7000,2.3956,0.9324,0.76762,-14.17586,16.57149,0.00000,0
273576,1.7000,2.4026,0.9324,0.76762,-14.17586,16.57849,0.00000,0
274076,1.7000,2.4219,0.9316,0.76842,-14.16361,16.58549,0.00000,0
274576,1.7000,2.4289,0.9316,0.76842,-14.16361,16.59249,0.00000,0
275076,1.7000,2.4236,0.9324,0.76762,-14.17586,16.59949,0.00000,0
275576,1.7000,2.4306,0.9324,0.76762,-14.17586,16.60649,0.00000,0
276076,1.7000,2.4254,0.9332,0.76681,-14.18812,16.61348,0.00000,0
276576,1.7000,2.4446,0.9324,0.76762,-14.17586,16.62047,0.00000,0
277076,1.7000,2.4393,0.9332,0.76681,-14.18812,16.62746,0.00000,0
277576,1.7000,2.4341,0.9340,0.76601,-14.20037,16.63445,0.00000,0
278076,1.7000,2.4165,0.9356,0.76440,-14.22487,16.64142,0.00000,0
278576,1.7000,2.4113,0.9364,0.76359,-14.23713,16.64839,0.00000,0
279076,1.7000,2.3937,0.9380,0.76198,-14.26163,16.65534,0.00000,0
279576,1.7000,2.3639,0.9404,0.75956,-14.29839,16.66227,0.00000,0
280076,1.7000,2.3708,0.9404,0.75956,-14.29839,16.66919,0.00000,0
280576,1.7000,2.3655,0.9412,0.75875,-14.31064,16.67611,0.00000,0
281076,1.7000,2.3724,0.9412,0.75875,-14.31064,16.68303,0.00000,0
281576,1.7000,2.3671,0.9421,0.75795,-14.32289,16.68994,0.00000,0
282076,1.7000,2.3617,0.9429,0.75714,-14.33514,16.69685,0.00000,0
282576,1.7000,2.3318,0.9453,0.75473,-14.37190,16.70374,0.00000,0
283076,1.7000,2.3632,0.9437,0.75634,-14.34740,16.71062,0.00000,0
283576,1.7000,2.3456,0.9453,0.75473,-14.37190,16.71751,0.00000,0
284076,1.7000,2.3525,0.9453,0.75473,-14.37190,16.72438,0.00000,0
284576,1.7000,2.3716,0.9445,0.75553,-14.35965,16.73127,0.00000,0
285076,1.7000,2.3908,0.9437,0.75634,-14.34740,16.73816,0.00000,0
285576,1.7000,2.4099,0.9429,0.75714,-14.33514,16.74505,0.00000,0
286076,1.7000,2.4046,0.9437,0.75634,-14.34740,16.75195,0.00000,0
286576,1.7000,2.4114,0.9437,0.75634,-14.34740,16.75884,0.00000,0
287076,1.7000,2.4796,0.9396,0.76037,-14.28613,16.76575,0.00000,0
287576,1.7000,2.4620,0.9412,0.75875,-14.31064,16.77268,0.00000,0
288076,1.7000,2.4322,0.9437,0.75634,-14.34740,16.77958,0.00000,0
288576,1.7000,2.4146,0.9453,0.75473,-14.37190,16.78647,0.00000,0
289076,1.7000,2.4214,0.9453,0.75473,-14.37190,16.79334,0.00000,0
289576,1.7000,2.4161,0.9461,0.75392,-14.38415,16.80022,0.00000,0
290076,1.7000,2.4107,0.9469,0.75311,-14.39640,16.80709,0.00000,0
290576,1.7000,2.3930,0.9485,0.75150,-14.42091,16.81394,0.00000,0
291076,1.7000,2.3754,0.9501,0.74989,-14.44541,16.82079,0.00000,0
291576,1.7000,2.4067,0.9485,0.75150,-14.42091,16.82763,0.00000,0
292076,1.7000,2.3645,0.9517,0.74828,-14.46992,16.83446,0.00000,0
292576,1.7000,2.4081,0.9493,0.75070,-14.43316,16.84129,0.00000,0
293076,1.7000,2.4272,0.9485,0.75150,-14.42091,16.84814,0.00000,0
293576,1.7000,2.4463,0.9477,0.75231,-14.40866,16.85499,0.00000,0
294076,1.7000,2.4532,0.9477,0.75231,-14.40866,16.86185,0.00000,0
294576,1.7000,2.4723,0.9469,0.75311,-14.39640,16.86871,0.00000,0
295076,1.7000,2.4301,0.9501,0.74989,-14.44541,16.87556,0.00000,0
295576,1.7000,2.4247,0.9509,0.74908,-14.45767,16.88239,0.00000,0
296076,1.7000,2.4438,0.9501,0.74989,-14.44541,16.88922,0.00000,0
296576,1.7000,2.4016,0.9533,0.74667,-14.49442,16.89604,0.00000,0
297076,1.7000,2.4084,0.9533,0.74667,-14.49442,16.90284,0.00000,0
297576,1.7000,2.3539,0.9574,0.74264,-14.55568,16.90963,0.00000,0
298076,1.7000,2.3730,0.9566,0.74344,-14.54343,16.91640,0.00000,0
298576,1.7000,2.3675,0.9574,0.74264,-14.55568,16.92318,0.00000,0
299076,1.7000,2.3865,0.9566,0.74344,-14.54343,16.92995,0.00000,0
299576,1.7000,2.3688,0.9582,0.74183,-14.56794,16.93672,0.00000,0
300076,1.7000,2.4246,0.9549,0.74505,-14.51893,16.94349,0.00000,0
300576,1.7000,2.4314,0.9549,0.74505,-14.51893,16.95028,0.00000,0
301076,1.7000,2.4627,0.9533,0.74667,-14.49442,16.95708,0.00000,0
301576,1.7000,2.5185,0.9501,0.74989,-14.44541,16.96390,0.00000,0
302076,1.7000,2.5253,0.9501,0.74989,-14.44541,16.97074,0.00000,0
302576,1.7000,2.5812,0.9469,0.75311,-14.39640,16.97758,0.00000,0
303076,1.7000,2.5145,0.9517,0.74828,-14.46992,16.98443,0.00000,0
303576,1.7000,2.5091,0.9525,0.74747,-14.48217,16.99124,0.00000,0
304076,1.7000,2.4914,0.9541,0.74586,-14.50667,16.99805,0.00000,0
304576,1.7000,2.4737,0.9558,0.74425,-14.53118,17.00484,0.00000,0
305076,1.7000,2.4559,0.9574,0.74264,-14.55568,17.01161,0.00000,0
305576,1.7000,2.4750,0.9566,0.74344,-14.54343,17.01839,0.00000,0
306076,1.7000,2.4450,0.9590,0.74103,-14.58019,17.02515,0.00000,0
306576,1.7000,2.4027,0.9622,0.73780,-14.62920,17.03189,0.00000,0
307076,1.7000,2.4830,0.9574,0.74264,-14.55568,17.03864,0.00000,0
307576,1.7000,2.5020,0.9566,0.74344,-14.54343,17.04541,0.00000,0
308076,1.7000,2.5455,0.9541,0.74586,-14.50667,17.05220,0.00000,0
308576,1.7000,2.5278,0.9558,0.74425,-14.53118,17.05899,0.00000,0
309076,1.7000,2.5346,0.9558,0.74425,-14.53118,17.06577,0.00000,0
309576,1.7000,2.5536,0.9549,0.74505,-14.51893,17.07256,0.00000,0
310076,1.7000,2.5604,0.9549,0.74505,-14.51893,17.07935,0.00000,0
310576,1.7000,2.5182,0.9582,0.74183,-14.56794,17.08612,0.00000,0
311076,1.7000,2.5127,0.9590,0.74103,-14.58019,17.09288,0.00000,0
311576,1.7000,2.5194,0.9590,0.74103,-14.58019,17.09963,0.00000,0
312076,1.7000,2.4159,0.9662,0.73377,-14.69046,17.10635,0.00000,0
312576,1.7000,2.3981,0.9678,0.73216,-14.71496,17.11303,0.00000,0
313076,1.7000,2.4293,0.9662,0.73377,-14.69046,17.11971,0.00000,0
313576,1.7000,2.4359,0.9662,0.73377,-14.69046,17.12640,0.00000,0
314076,1.7000,2.4304,0.9670,0.73297,-14.70271,17.13308,0.00000,0
314576,1.7000,2.4371,0.9670,0.73297,-14.70271,17.13976,0.00000,0
315076,1.7000,2.4315,0.9678,0.73216,-14.71496,17.14644,0.00000,0
315576,1.7000,2.4504,0.9670,0.73297,-14.70271,17.15311,0.00000,0
316076,1.7000,2.4693,0.9662,0.73377,-14.69046,17.15980,0.00000,0
316576,1.7000,2.4638,0.9670,0.73297,-14.70271,17.16648,0.00000,0
317076,1.7000,2.4704,0.9670,0.73297,-14.70271,17.17316,0.00000,0
317576,1.7000,2.4771,0.9670,0.73297,-14.70271,17.17984,0.00000,0
318076,1.7000,2.4593,0.9686,0.73136,-14.72722,17.18651,0.00000,0
318576,1.7000,2.4537,0.9695,0.73055,-14.73947,17.19318,0.00000,0
319076,1.7000,2.4604,0.9695,0.73055,-14.73947,17.19983,0.00000,0
319576,1.7000,2.4670,0.9695,0.73055,-14.73947,17.20649,0.00000,0
320076,1.7000,2.4982,0.9678,0.73216,-14.71496,17.21316,0.00000,0
320576,1.7000,2.4681,0.9703,0.72974,-14.75172,17.21982,0.00000,0
321076,1.7000,2.4748,0.9703,0.72974,-14.75172,17.22647,0.00000,0
321576,1.7000,2.4691,0.9711,0.72894,-14.76397,17.23312,0.00000,0
322076,1.7000,2.4880,0.9703,0.72974,-14.75172,17.23977,0.00000,0
322576,1.7000,2.4824,0.9711,0.72894,-14.76397,17.24641,0.00000,0
323076,1.7000,2.4646,0.9727,0.72733,-14.78848,17.25305,0.00000,0
323576,1.7000,2.4835,0.9719,0.72813,-14.77622,17.25968,0.00000,0
324076,1.7000,2.4778,0.9727,0.72733,-14.78848,17.26631,0.00000,0
324576,1.7000,2.5090,0.9711,0.72894,-14.76397,17.27295,0.00000,0
325076,1.7000,2.4789,0.9735,0.72652,-14.80073,17.27958,0.00000,0
325576,1.7000,2.4855,0.9735,0.72652,-14.80073,17.28620,0.00000,0
326076,1.7000,2.4798,0.9743,0.72571,-14.81298,17.29282,0.00000,0
326576,1.7000,2.4742,0.9751,0.72491,-14.82523,17.29943,0.00000,0
327076,1.7000,2.4685,0.9759,0.72410,-14.83749,17.30604,0.00000,0
327576,1.7000,2.4506,0.9775,0.72249,-14.86199,17.31263,0.00000,0
328076,1.7000,2.4572,0.9775,0.72249,-14.86199,17.31921,0.00000,0
328576,1.7000,2.4270,0.9799,0.72007,-14.89875,17.32579,0.00000,0
329076,1.7000,2.4336,0.9799,0.72007,-14.89875,17.33235,0.00000,0
329576,1.7000,2.4279,0.9807,0.71927,-14.91100,17.33891,0.00000,0
330076,1.7000,2.4345,0.9807,0.71927,-14.91100,17.34546,0.00000,0
330576,1.7000,2.4533,0.9799,0.72007,-14.89875,17.35202,0.00000,0
331076,1.7000,2.5211,0.9759,0.72410,-14.83749,17.35860,0.00000,0
331576,1.7000,2.5032,0.9775,0.72249,-14.86199,17.36520,0.00000,0
332076,1.7000,2.4730,0.9799,0.72007,-14.89875,17.37177,0.00000,0
332576,1.7000,2.4796,0.9799,0.72007,-14.89875,17.37833,0.00000,0
333076,1.7000,2.4984,0.9791,0.72088,-14.88649,17.38490,0.00000,0
333576,1.7000,2.4682,0.9815,0.71846,-14.92325,17.39146,0.00000,0
334076,1.7000,2.4748,0.9815,0.71846,-14.92325,17.39801,0.00000,0
334576,1.7000,2.4568,0.9832,0.71685,-14.94776,17.40455,0.00000,0
335076,1.7000,2.4266,0.9856,0.71443,-14.98451,17.41107,0.00000,0
335576,1.7000,2.4208,0.9864,0.71363,-14.99677,17.41758,0.00000,0
336076,1.7000,2.3293,0.9928,0.70718,-15.09478,17.42406,0.00000,0
336576,1.7000,2.3602,0.9912,0.70879,-15.07028,17.43051,0.00000,0
337076,1.7000,2.3667,0.9912,0.70879,-15.07028,17.43697,0.00000,0
337576,1.7000,2.3609,0.9920,0.70799,-15.08253,17.44342,0.00000,0
338076,1.7000,2.3428,0.9936,0.70637,-15.10704,17.44987,0.00000,0
338576,1.7000,2.3738,0.9920,0.70799,-15.08253,17.45631,0.00000,0
339076,1.7000,2.3557,0.9936,0.70637,-15.10704,17.46276,0.00000,0
339576,1.7000,2.3499,0.9944,0.70557,-15.11929,17.46919,0.00000,0
340076,1.7000,2.3563,0.9944,0.70557,-15.11929,17.47562,0.00000,0
340576,1.7000,2.3505,0.9952,0.70476,-15.13154,17.48205,0.00000,0
341076,1.7000,2.3569,0.9952,0.70476,-15.13154,17.48847,0.00000,0
341576,1.7000,2.3634,0.9952,0.70476,-15.13154,17.49490,0.00000,0
342076,1.7000,2.3575,0.9960,0.70396,-15.14379,17.50132,0.00000,0
342576,1.7000,2.3762,0.9952,0.70476,-15.13154,17.50774,0.00000,0
343076,1.7000,2.3826,0.9952,0.70476,-15.13154,17.51416,0.00000,0
343576,1.7000,2.3645,0.9968,0.70315,-15.15604,17.52058,0.00000,0
344076,1.7000,2.3832,0.9960,0.70396,-15.14379,17.52699,0.00000,0
344576,1.7000,2.3774,0.9968,0.70315,-15.15604,17.53340,0.00000,0
345076,1.7000,2.3838,0.9968,0.70315,-15.15604,17.53981,0.00000,0
345576,1.7000,2.4637,0.9920,0.70799,-15.08253,17.54624,0.00000,0
346076,1.7000,2.4457,0.9936,0.70637,-15.10704,17.55269,0.00000,0
346576,1.7000,2.4521,0.9936,0.70637,-15.10704,17.55912,0.00000,0
347076,1.7000,2.4218,0.9960,0.70396,-15.14379,17.56555,0.00000,0
347576,1.7000,2.4159,0.9968,0.70315,-15.15604,17.57196,0.00000,0
348076,1.7000,2.4223,0.9968,0.70315,-15.15604,17.57837,0.00000,0
348576,1.7000,2.4287,0.9968,0.70315,-15.15604,17.58478,0.00000,0
349076,1.7000,2.3861,1.0001,0.69993,-15.20505,17.59118,0.00000,0
349576,1.7000,2.3925,1.0001,0.69993,-15.20505,17.59756,0.00000,0
350076,1.7000,2.3866,1.0009,0.69912,-15.21731,17.60393,0.00000,0
350576,1.7000,2.2949,1.0073,0.69267,-15.31532,17.61027,0.00000,0
351076,1.7000,2.3135,1.0065,0.69348,-15.30307,17.61659,0.00000,0
351576,1.7000,2.2953,1.0081,0.69187,-15.32758,17.62290,0.00000,0
352076,1.7000,2.2894,1.0089,0.69106,-15.33983,17.62921,0.00000,0
352576,1.7000,2.2834,1.0097,0.69026,-15.35208,17.63550,0.00000,0
353076,1.7000,2.2775,1.0105,0.68945,-15.36433,17.64179,0.00000,0
353576,1.7000,2.2837,1.0105,0.68945,-15.36433,17.64807,0.00000,0
354076,1.7000,2.3023,1.0097,0.69026,-15.35208,17.65436,0.00000,0
354576,1.7000,2.2473,1.0138,0.68623,-15.41334,17.66063,0.00000,0
355076,1.7000,2.2413,1.0146,0.68542,-15.42560,17.66688,0.00000,0
355576,1.7000,2.2475,1.0146,0.68542,-15.42560,17.67313,0.00000,0
356076,1.7000,2.2293,1.0162,0.68381,-15.45010,17.67937,0.00000,0
356576,1.7000,2.2600,1.0146,0.68542,-15.42560,17.68560,0.00000,0
357076,1.7000,2.2785,1.0138,0.68623,-15.41334,17.69185,0.00000,0
357576,1.7000,2.2480,1.0162,0.68381,-15.45010,17.69810,0.00000,0
358076,1.7000,2.2542,1.0162,0.68381,-15.45010,17.70433,0.00000,0
358576,1.7000,2.2237,1.0186,0.68139,-15.48686,17.71055,0.00000,0
359076,1.7000,2.2299,1.0186,0.68139,-15.48686,17.71676,0.00000,0
359576,1.7000,2.2606,1.0170,0.68300,-15.46235,17.72298,0.00000,0
360076,1.7000,2.2546,1.0178,0.68220,-15.47460,17.72920,0.00000,0
360576,1.7000,2.2608,1.0178,0.68220,-15.47460,17.73542,0.00000,0
361076,1.7000,2.2793,1.0170,0.68300,-15.46235,17.74164,0.00000,0
361576,1.7000,2.2978,1.0162,0.68381,-15.45010,17.74787,0.00000,0
362076,1.7000,2.2917,1.0170,0.68300,-15.46235,17.75410,0.00000,0
362576,1.7000,2.2980,1.0170,0.68300,-15.46235,17.76032,0.00000,0
363076,1.7000,2.2674,1.0194,0.68059,-15.49911,17.76654,0.00000,0
363576,1.7000,2.2859,1.0186,0.68139,-15.48686,17.77275,0.00000,0
364076,1.7000,2.3166,1.0170,0.68300,-15.46235,17.77896,0.00000,0
364576,1.7000,2.3106,1.0178,0.68220,-15.47460,17.78518,0.00000,0
365076,1.7000,2.3045,1.0186,0.68139,-15.48686,17.79140,0.00000,0
365576,1.7000,2.3108,1.0186,0.68139,-15.48686,17.79761,0.00000,0
366076,1.7000,2.3170,1.0186,0.68139,-15.48686,17.80382,0.00000,0
366576,1.7000,2.2374,1.0242,0.67575,-15.57262,17.81000,0.00000,0
367076,1.7000,2.2558,1.0234,0.67656,-15.56037,17.81617,0.00000,0
367576,1.7000,2.2620,1.0234,0.67656,-15.56037,17.82233,0.00000,0
368076,1.7000,2.2926,1.0218,0.67817,-15.53586,17.82851,0.00000,0
368576,1.7000,2.2621,1.0242,0.67575,-15.57262,17.83468,0.00000,0
369076,1.7000,2.2314,1.0267,0.67333,-15.60938,17.84082,0.00000,0
369576,1.7000,2.2376,1.0267,0.67333,-15.60938,17.84696,0.00000,0
370076,1.7000,2.2315,1.0275,0.67253,-15.62163,17.85309,0.00000,0
370576,1.7000,2.2131,1.0291,0.67092,-15.64614,17.85922,0.00000,0
371076,1.7000,2.2069,1.0299,0.67011,-15.65839,17.86533,0.00000,0
371576,1.7000,2.2130,1.0299,0.67011,-15.65839,17.87144,0.00000,0
372076,1.7000,2.2192,1.0299,0.67011,-15.65839,17.87754,0.00000,0
372576,1.7000,2.2008,1.0315,0.66850,-15.68289,17.88364,0.00000,0
373076,1.7000,2.1701,1.0339,0.66608,-15.71965,17.88972,0.00000,0
373576,1.7000,2.2129,1.0315,0.66850,-15.68289,17.89581,0.00000,0
374076,1.7000,2.2313,1.0307,0.66930,-15.67064,17.90190,0.00000,0
374576,1.7000,2.2006,1.0331,0.66689,-15.70740,17.90799,0.00000,0
375076,1.7000,2.2067,1.0331,0.66689,-15.70740,17.91407,0.00000,0
375576,1.7000,2.1882,1.0347,0.66527,-15.73190,17.92014,0.00000,0
376076,1.7000,2.1698,1.0363,0.66366,-15.75640,17.92620,0.00000,0
376576,1.7000,2.1023,1.0412,0.65883,-15.82992,17.93222,0.00000,0
377076,1.7000,2.1083,1.0412,0.65883,-15.82992,17.93823,0.00000,0
377576,1.7000,2.1266,1.0404,0.65963,-15.81767,17.94424,0.00000,0
378076,1.7000,2.1203,1.0412,0.65883,-15.82992,17.95024,0.00000,0
378576,1.7000,2.0896,1.0436,0.65641,-15.86667,17.95624,0.00000,0
379076,1.7000,2.0710,1.0452,0.65480,-15.89118,17.96221,0.00000,0
379576,1.7000,2.0770,1.0452,0.65480,-15.89118,17.96818,0.00000,0
380076,1.7000,2.0830,1.0452,0.65480,-15.89118,17.97415,0.00000,0
380576,1.7000,2.1135,1.0436,0.65641,-15.86667,17.98013,0.00000,0
381076,1.7000,2.1562,1.0412,0.65883,-15.82992,17.98612,0.00000,0
381576,1.7000,2.1867,1.0396,0.66044,-15.80541,17.99213,0.00000,0
382076,1.7000,2.1560,1.0420,0.65802,-15.84217,17.99814,0.00000,0
382576,1.7000,2.1497,1.0428,0.65722,-15.85442,18.00413,0.00000,0
383076,1.7000,2.1802,1.0412,0.65883,-15.82992,18.01013,0.00000,0
383576,1.7000,2.2230,1.0388,0.66125,-15.79316,18.01614,0.00000,0
384076,1.7000,2.2413,1.0379,0.66205,-15.78091,18.02217,0.00000,0
384576,1.7000,2.2473,1.0379,0.66205,-15.78091,18.02821,0.00000,0
385076,1.7000,2.2533,1.0379,0.66205,-15.78091,18.03424,0.00000,0
385576,1.7000,2.2471,1.0388,0.66125,-15.79316,18.04028,0.00000,0
386076,1.7000,2.2531,1.0388,0.66125,-15.79316,18.04630,0.00000,0
386576,1.7000,2.2469,1.0396,0.66044,-15.80541,18.05233,0.00000,0
387076,1.7000,2.2652,1.0388,0.66125,-15.79316,18.05835,0.00000,0
387576,1.7000,2.2712,1.0388,0.66125,-15.79316,18.06438,0.00000,0
388076,1.7000,2.2405,1.0412,0.65883,-15.82992,18.07039,0.00000,0
388576,1.7000,2.2097,1.0436,0.65641,-15.86667,18.07639,0.00000,0
389076,1.7000,2.1912,1.0452,0.65480,-15.89118,18.08236,0.00000,0
389576,1.7000,2.1849,1.0460,0.65399,-15.90343,18.08833,0.00000,0
390076,1.7000,2.1663,1.0476,0.65238,-15.92794,18.09428,0.00000,0
390576,1.7000,2.1600,1.0484,0.65158,-15.94019,18.10022,0.00000,0
391076,1.7000,2.1537,1.0492,0.65077,-15.95244,18.10616,0.00000,0
391576,1.7000,2.1596,1.0492,0.65077,-15.95244,18.11209,0.00000,0
392076,1.7000,2.1778,1.0484,0.65158,-15.94019,18.11802,0.00000,0
392576,1.7000,2.1715,1.0492,0.65077,-15.95244,18.12396,0.00000,0
393076,1.7000,2.1774,1.0492,0.65077,-15.95244,18.12989,0.00000,0
393576,1.7000,2.1711,1.0500,0.64996,-15.96469,18.13582,0.00000,0
394076,1.7000,2.1525,1.0516,0.64835,-15.98920,18.14174,0.00000,0
394576,1.7000,2.1217,1.0541,0.64593,-16.02596,18.14763,0.00000,0
395076,1.7000,2.1398,1.0533,0.64674,-16.01370,18.15352,0.00000,0
395576,1.7000,2.1212,1.0549,0.64513,-16.03821,18.15941,0.00000,0
396076,1.7000,2.1148,1.0557,0.64432,-16.05046,18.16529,0.00000,0
396576,1.7000,2.1452,1.0541,0.64593,-16.02596,18.17117,0.00000,0
397076,1.7000,2.2124,1.0500,0.64996,-15.96469,18.17707,0.00000,0
397576,1.7000,2.2060,1.0508,0.64916,-15.97695,18.18299,0.00000,0
398076,1.7000,2.2120,1.0508,0.64916,-15.97695,18.18891,0.00000,0
398576,1.7000,2.2301,1.0500,0.64996,-15.96469,18.19483,0.00000,0
399076,1.7000,2.2606,1.0484,0.65158,-15.94019,18.20076,0.00000,0
399576,1.7000,2.2788,1.0476,0.65238,-15.92794,18.20670,0.00000,0
400076,1.7000,2.2602,1.0492,0.65077,-15.95244,18.21264,0.00000,0
400576,1.7000,2.2539,1.0500,0.64996,-15.96469,18.21857,0.00000,0
401076,1.7000,2.2353,1.0516,0.64835,-15.98920,18.22449,0.00000,0
401576,1.7000,2.2412,1.0516,0.64835,-15.98920,18.23039,0.00000,0
402076,1.7000,2.1858,1.0557,0.64432,-16.05046,18.23628,0.00000,0
402576,1.7000,2.1917,1.0557,0.64432,-16.05046,18.24216,0.00000,0
403076,1.7000,2.1853,1.0565,0.64352,-16.06271,18.24803,0.00000,0
403576,1.7000,2.1667,1.0581,0.64190,-16.08722,18.25388,0.00000,0
404076,1.7000,2.1603,1.0589,0.64110,-16.09947,18.25973,0.00000,0
404576,1.7000,2.1538,1.0597,0.64029,-16.11172,18.26557,0.00000,0
405076,1.7000,2.1719,1.0589,0.64110,-16.09947,18.27141,0.00000,0
405576,1.7000,2.1533,1.0605,0.63949,-16.12397,18.27724,0.00000,0
406076,1.7000,2.1468,1.0613,0.63868,-16.13623,18.28307,0.00000,0
406576,1.7000,2.1527,1.0613,0.63868,-16.13623,18.28889,0.00000,0
407076,1.7000,2.1340,1.0629,0.63707,-16.16073,18.29470,0.00000,0
407576,1.7000,2.1153,1.0645,0.63546,-16.18523,18.30050,0.00000,0
408076,1.7000,2.1088,1.0653,0.63465,-16.19749,18.30629,0.00000,0
408576,1.7000,2.1146,1.0653,0.63465,-16.19749,18.31207,0.00000,0
409076,1.7000,2.1204,1.0653,0.63465,-16.19749,18.31786,0.00000,0
409576,1.7000,2.1384,1.0645,0.63546,-16.18523,18.32365,0.00000,0
410076,1.7000,2.1442,1.0645,0.63546,-16.18523,18.32944,0.00000,0
410576,1.7000,2.1377,1.0653,0.63465,-16.19749,18.33523,0.00000,0
411076,1.7000,2.1435,1.0653,0.63465,-16.19749,18.34101,0.00000,0
411576,1.7000,2.1371,1.0662,0.63385,-16.20974,18.34679,0.00000,0
412076,1.7000,2.1428,1.0662,0.63385,-16.20974,18.35257,0.00000,0
412576,1.7000,2.1486,1.0662,0.63385,-16.20974,18.35835,0.00000,0
413076,1.7000,2.1421,1.0670,0.63304,-16.22199,18.36412,0.00000,0
413576,1.7000,2.1724,1.0653,0.63465,-16.19749,18.36990,0.00000,0
414076,1.7000,2.1414,1.0678,0.63223,-16.23424,18.37567,0.00000,0
414576,1.7000,2.1349,1.0686,0.63143,-16.24650,18.38143,0.00000,0
415076,1.7000,2.1407,1.0686,0.63143,-16.24650,18.38719,0.00000,0
415576,1.7000,2.1587,1.0678,0.63223,-16.23424,18.39294,0.00000,0
416076,1.7000,2.1400,1.0694,0.63062,-16.25875,18.39870,0.00000,0
416576,1.7000,2.1825,1.0670,0.63304,-16.22199,18.40446,0.00000,0
417076,1.7000,2.1760,1.0678,0.63223,-16.23424,18.41022,0.00000,0
417576,1.7000,2.1817,1.0678,0.63223,-16.23424,18.41599,0.00000,0
418076,1.7000,2.1630,1.0694,0.63062,-16.25875,18.42174,0.00000,0
418576,1.7000,2.1442,1.0710,0.62901,-16.28325,18.42748,0.00000,0
419076,1.7000,2.1745,1.0694,0.63062,-16.25875,18.43322,0.00000,0
419576,1.7000,2.1925,1.0686,0.63143,-16.24650,18.43897,0.00000,0
420076,1.7000,2.2105,1.0678,0.63223,-16.23424,18.44473,0.00000,0
420576,1.7000,2.2285,1.0670,0.63304,-16.22199,18.45049,0.00000,0
421076,1.7000,2.2465,1.0662,0.63385,-16.20974,18.45627,0.00000,0
421576,1.7000,2.2033,1.0694,0.63062,-16.25875,18.46203,0.00000,0
422076,1.7000,2.1968,1.0702,0.62982,-16.27100,18.46777,0.00000,0
422576,1.7000,2.2148,1.0694,0.63062,-16.25875,18.47351,0.00000,0
423076,1.7000,2.2328,1.0686,0.63143,-16.24650,18.47927,0.00000,0
423576,1.7000,2.2508,1.0678,0.63223,-16.23424,18.48502,0.00000,0
424076,1.7000,2.2933,1.0653,0.63465,-16.19749,18.49080,0.00000,0
424576,1.7000,2.2746,1.0670,0.63304,-16.22199,18.49657,0.00000,0
425076,1.7000,2.2558,1.0686,0.63143,-16.24650,18.50234,0.00000,0
425576,1.7000,2.2493,1.0694,0.63062,-16.25875,18.50809,0.00000,0
426076,1.7000,2.2428,1.0702,0.62982,-16.27100,18.51383,0.00000,0
426576,1.7000,2.2608,1.0694,0.63062,-16.25875,18.51957,0.00000,0
427076,1.7000,2.2788,1.0686,0.63143,-16.24650,18.52532,0.00000,0
427576,1.7000,2.2723,1.0694,0.63062,-16.25875,18.53107,0.00000,0
428076,1.7000,2.2781,1.0694,0.63062,-16.25875,18.53682,0.00000,0
428576,1.7000,2.2471,1.0718,0.62821,-16.29550,18.54256,0.00000,0
429076,1.7000,2.2283,1.0734,0.62659,-16.32001,18.54828,0.00000,0
429576,1.7000,2.2340,1.0734,0.62659,-16.32001,18.55399,0.00000,0
430076,1.7000,2.2152,1.0750,0.62498,-16.34451,18.55969,0.00000,0
430576,1.7000,2.2086,1.0758,0.62418,-16.35677,18.56538,0.00000,0
431076,1.7000,2.1898,1.0774,0.62256,-16.38127,18.57106,0.00000,0
431576,1.7000,2.1710,1.0790,0.62095,-16.40578,18.57673,0.00000,0
432076,1.7000,2.1766,1.0790,0.62095,-16.40578,18.58239,0.00000,0
432576,1.7000,2.1823,1.0790,0.62095,-16.40578,18.58805,0.00000,0
433076,1.7000,2.1879,1.0790,0.62095,-16.40578,18.59371,0.00000,0
433576,1.7000,2.1936,1.0790,0.62095,-16.40578,18.59937,0.00000,0
434076,1.7000,2.2115,1.0782,0.62176,-16.39352,18.60503,0.00000,0
434576,1.7000,2.2049,1.0790,0.62095,-16.40578,18.61069,0.00000,0
435076,1.7000,2.2106,1.0790,0.62095,-16.40578,18.61635,0.00000,0
435576,1.7000,2.2040,1.0799,0.62015,-16.41803,18.62201,0.00000,0
436076,1.7000,2.1606,1.0831,0.61692,-16.46704,18.62765,0.00000,0
436576,1.7000,2.1540,1.0839,0.61612,-16.47929,18.63326,0.00000,0
437076,1.7000,2.1596,1.0839,0.61612,-16.47929,18.63888,0.00000,0
437576,1.7000,2.1407,1.0855,0.61451,-16.50379,18.64449,0.00000,0
438076,1.7000,2.1340,1.0863,0.61370,-16.51604,18.65008,0.00000,0
438576,1.7000,2.1274,1.0871,0.61289,-16.52830,18.65567,0.00000,0
439076,1.7000,2.0839,1.0903,0.60967,-16.57731,18.66125,0.00000,0
439576,1.7000,2.0772,1.0911,0.60886,-16.58956,18.66680,0.00000,0
440076,1.7000,2.0583,1.0927,0.60725,-16.61406,18.67234,0.00000,0
440576,1.7000,2.0516,1.0936,0.60645,-16.62632,18.67787,0.00000,0
441076,1.7000,2.0816,1.0919,0.60806,-16.60181,18.68341,0.00000,0
441576,1.7000,2.0994,1.0911,0.60886,-16.58956,18.68895,0.00000,0
442076,1.7000,2.0682,1.0936,0.60645,-16.62632,18.69449,0.00000,0
442576,1.7000,2.0614,1.0944,0.60564,-16.63857,18.70001,0.00000,0
443076,1.7000,2.0302,1.0968,0.60322,-16.67533,18.70552,0.00000,0
443576,1.7000,2.0480,1.0960,0.60403,-16.66307,18.71102,0.00000,0
444076,1.7000,2.0412,1.0968,0.60322,-16.67533,18.71652,0.00000,0
444576,1.7000,2.0222,1.0984,0.60161,-16.69983,18.72202,0.00000,0
445076,1.7000,2.0522,1.0968,0.60322,-16.67533,18.72751,0.00000,0
445576,1.7000,2.0699,1.0960,0.60403,-16.66307,18.73301,0.00000,0
446076,1.7000,2.0754,1.0960,0.60403,-16.66307,18.73851,0.00000,0
446576,1.7000,2.0564,1.0976,0.60242,-16.68758,18.74401,0.00000,0
447076,1.7000,2.0374,1.0992,0.60081,-16.71208,18.74949,0.00000,0
447576,1.7000,2.0429,1.0992,0.60081,-16.71208,18.75497,0.00000,0
448076,1.7000,2.0851,1.0968,0.60322,-16.67533,18.76046,0.00000,0
448576,1.7000,2.0661,1.0984,0.60161,-16.69983,18.76595,0.00000,0
449076,1.7000,2.0716,1.0984,0.60161,-16.69983,18.77143,0.00000,0
449576,1.7000,2.0893,1.0976,0.60242,-16.68758,18.77692,0.00000,0
450076,1.7000,2.0826,1.0984,0.60161,-16.69983,18.78241,0.00000,0
450576,1.7000,2.0513,1.1008,0.59919,-16.73659,18.78788,0.00000,0
451076,1.7000,2.0322,1.1024,0.59758,-16.76109,18.79333,0.00000,0
451576,1.7000,2.0499,1.1016,0.59839,-16.74884,18.79878,0.00000,0
452076,1.7000,2.0677,1.1008,0.59919,-16.73659,18.80424,0.00000,0
452576,1.7000,2.0609,1.1016,0.59839,-16.74884,18.80969,0.00000,0
453076,1.7000,2.0295,1.1040,0.59597,-16.78559,18.81514,0.00000,0
453576,1.7000,2.0472,1.1032,0.59678,-16.77334,18.82057,0.00000,0
454076,1.7000,2.0404,1.1040,0.59597,-16.78559,18.82601,0.00000,0
454576,1.7000,2.0336,1.1048,0.59516,-16.79785,18.83144,0.00000,0
455076,1.7000,2.0022,1.1073,0.59275,-16.83460,18.83685,0.00000,0
455576,1.7000,2.0077,1.1073,0.59275,-16.83460,18.84225,0.00000,0
456076,1.7000,2.0253,1.1064,0.59355,-16.82235,18.84766,0.00000,0
456576,1.7000,2.0307,1.1064,0.59355,-16.82235,18.85307,0.00000,0
457076,1.7000,2.0116,1.1081,0.59194,-16.84686,18.85847,0.00000,0
457576,1.7000,2.0293,1.1073,0.59275,-16.83460,18.86387,0.00000,0
458076,1.7000,2.0224,1.1081,0.59194,-16.84686,18.86926,0.00000,0
458576,1.7000,2.0278,1.1081,0.59194,-16.84686,18.87466,0.00000,0
459076,1.7000,2.0455,1.1073,0.59275,-16.83460,18.88006,0.00000,0
459576,1.7000,2.0509,1.1073,0.59275,-16.83460,18.88546,0.00000,0
460076,1.7000,2.0563,1.1073,0.59275,-16.83460,18.89086,0.00000,0
460576,1.7000,2.0739,1.1064,0.59355,-16.82235,18.89627,0.00000,0
461076,1.7000,2.0671,1.1073,0.59275,-16.83460,18.90167,0.00000,0
461576,1.7000,2.0725,1.1073,0.59275,-16.83460,18.90707,0.00000,0
462076,1.7000,2.0779,1.1073,0.59275,-16.83460,18.91248,0.00000,0
462576,1.7000,2.0588,1.1089,0.59114,-16.85911,18.91787,0.00000,0
463076,1.7000,2.0519,1.1097,0.59033,-16.87136,18.92326,0.00000,0
463576,1.7000,2.0328,1.1113,0.58872,-16.89587,18.92863,0.00000,0
464076,1.7000,2.0014,1.1137,0.58630,-16.93262,18.93398,0.00000,0
464576,1.7000,1.9822,1.1153,0.58469,-16.95713,18.93932,0.00000,0
465076,1.7000,1.9875,1.1153,0.58469,-16.95713,18.94465,0.00000,0
465576,1.7000,2.0051,1.1145,0.58549,-16.94487,18.94998,0.00000,0
466076,1.7000,1.9982,1.1153,0.58469,-16.95713,18.95531,0.00000,0
466576,1.7000,1.9913,1.1161,0.58388,-16.96938,18.96064,0.00000,0
467076,1.7000,1.9843,1.1169,0.58308,-16.98163,18.96596,0.00000,0
467576,1.7000,1.9896,1.1169,0.58308,-16.98163,18.97127,0.00000,0
468076,1.7000,2.0072,1.1161,0.58388,-16.96938,18.97659,0.00000,0
468576,1.7000,1.9635,1.1193,0.58066,-17.01839,18.98190,0.00000,0
469076,1.7000,1.9565,1.1201,0.57985,-17.03064,18.98718,0.00000,0
469576,1.7000,1.9741,1.1193,0.58066,-17.01839,18.99247,0.00000,0
470076,1.7000,1.9671,1.1201,0.57985,-17.03064,18.99776,0.00000,0
470576,1.7000,1.9356,1.1226,0.57744,-17.06740,19.00304,0.00000,0
471076,1.7000,1.9041,1.1250,0.57502,-17.10415,19.00829,0.00000,0
471576,1.7000,1.9339,1.1234,0.57663,-17.07965,19.01353,0.00000,0
472076,1.7000,1.9146,1.1250,0.57502,-17.10415,19.01878,0.00000,0
472576,1.7000,1.8708,1.1282,0.57179,-17.15316,19.02401,0.00000,0
473076,1.7000,1.8270,1.1314,0.56857,-17.20217,19.02921,0.00000,0
473576,1.7000,1.8567,1.1298,0.57018,-17.17767,19.03440,0.00000,0
474076,1.7000,1.8497,1.1306,0.56938,-17.18992,19.03959,0.00000,0
474576,1.7000,1.8303,1.1322,0.56777,-17.21442,19.04477,0.00000,0
475076,1.7000,1.8233,1.1330,0.56696,-17.22668,19.04994,0.00000,0
475576,1.7000,1.8039,1.1347,0.56535,-17.25118,19.05510,0.00000,0
476076,1.7000,1.8091,1.1347,0.56535,-17.25118,19.06025,0.00000,0
476576,1.7000,1.7407,1.1395,0.56051,-17.32469,19.06538,0.00000,0
477076,1.7000,1.7581,1.1387,0.56132,-17.31244,19.07050,0.00000,0
477576,1.7000,1.7754,1.1379,0.56212,-17.30019,19.07561,0.00000,0
478076,1.7000,1.7928,1.1371,0.56293,-17.28794,19.08074,0.00000,0
478576,1.7000,1.7979,1.1371,0.56293,-17.28794,19.08587,0.00000,0
479076,1.7000,1.8031,1.1371,0.56293,-17.28794,19.09100,0.00000,0
479576,1.7000,1.8082,1.1371,0.56293,-17.28794,19.09613,0.00000,0
480076,1.7000,1.8256,1.1363,0.56374,-17.27568,19.10127,0.00000,0
480576,1.7000,1.8307,1.1363,0.56374,-17.27568,19.10641,0.00000,0
481076,1.7000,1.8236,1.1371,0.56293,-17.28794,19.11154,0.00000,0
481576,1.7000,1.8655,1.1347,0.56535,-17.25118,19.11668,0.00000,0
482076,1.7000,1.8707,1.1347,0.56535,-17.25118,19.12184,0.00000,0
482576,1.7000,1.9003,1.1330,0.56696,-17.22668,19.12700,0.00000,0
483076,1.7000,1.9055,1.1330,0.56696,-17.22668,19.13216,0.00000,0
483576,1.7000,1.8861,1.1347,0.56535,-17.25118,19.13732,0.00000,0
484076,1.7000,1.9035,1.1338,0.56615,-17.23893,19.14248,0.00000,0
484576,1.7000,1.8965,1.1347,0.56535,-17.25118,19.14763,0.00000,0
485076,1.7000,1.9016,1.1347,0.56535,-17.25118,19.15278,0.00000,0
485576,1.7000,1.8577,1.1379,0.56212,-17.30019,19.15792,0.00000,0
486076,1.7000,1.8629,1.1379,0.56212,-17.30019,19.16305,0.00000,0
486576,1.7000,1.8680,1.1379,0.56212,-17.30019,19.16817,0.00000,0
487076,1.7000,1.8854,1.1371,0.56293,-17.28794,19.17330,0.00000,0
487576,1.7000,1.8537,1.1395,0.56051,-17.32469,19.17842,0.00000,0
488076,1.7000,1.8588,1.1395,0.56051,-17.32469,19.18352,0.00000,0
488576,1.7000,1.8762,1.1387,0.56132,-17.31244,19.18863,0.00000,0
489076,1.7000,1.8691,1.1395,0.56051,-17.32469,19.19375,0.00000,0
489576,1.7000,1.8864,1.1387,0.56132,-17.31244,19.19886,0.00000,0
490076,1.7000,1.8425,1.1419,0.55810,-17.36145,19.20396,0.00000,0
490576,1.7000,1.8844,1.1395,0.56051,-17.32469,19.20906,0.00000,0
491076,1.7000,1.8895,1.1395,0.56051,-17.32469,19.21416,0.00000,0
491576,1.7000,1.8946,1.1395,0.56051,-17.32469,19.21927,0.00000,0
492076,1.7000,1.8629,1.1419,0.55810,-17.36145,19.22437,0.00000,0
492576,1.7000,1.8680,1.1419,0.55810,-17.36145,19.22946,0.00000,0
493076,1.7000,1.8731,1.1419,0.55810,-17.36145,19.23454,0.00000,0
493576,1.7000,1.8904,1.1411,0.55890,-17.34920,19.23964,0.00000,0
494076,1.7000,1.8710,1.1427,0.55729,-17.37370,19.24472,0.00000,0
494576,1.7000,1.8393,1.1451,0.55487,-17.41046,19.24979,0.00000,0
495076,1.7000,1.8566,1.1443,0.55568,-17.39821,19.25485,0.00000,0
495576,1.7000,1.8740,1.1435,0.55648,-17.38596,19.25992,0.00000,0
496076,1.7000,1.8790,1.1435,0.55648,-17.38596,19.26499,0.00000,0
496576,1.7000,1.8718,1.1443,0.55568,-17.39821,19.27006,0.00000,0
497076,1.7000,1.8892,1.1435,0.55648,-17.38596,19.27513,0.00000,0
497576,1.7000,1.9065,1.1427,0.55729,-17.37370,19.28020,0.00000,0
498076,1.7000,1.8993,1.1435,0.55648,-17.38596,19.28528,0.00000,0
498576,1.7000,1.8799,1.1451,0.55487,-17.41046,19.29034,0.00000,0
499076,1.7000,1.8849,1.1451,0.55487,-17.41046,19.29540,0.00000,0
499576,1.7000,1.9268,1.1427,0.55729,-17.37370,19.30046,0.00000,0
500076,1.7000,1.9441,1.1419,0.55810,-17.36145,19.30555,0.00000,0
500576,1.7000,1.9369,1.1427,0.55729,-17.37370,19.31063,0.00000,0
501076,1.7000,1.9175,1.1443,0.55568,-17.39821,19.31570,0.00000,0
501576,1.7000,1.9226,1.1443,0.55568,-17.39821,19.32077,0.00000,0
502076,1.7000,1.9644,1.1419,0.55810,-17.36145,19.32584,0.00000,0
502576,1.7000,1.9450,1.1435,0.55648,-17.38596,19.33092,0.00000,0
503076,1.7000,1.9623,1.1427,0.55729,-17.37370,19.33600,0.00000,0
503576,1.7000,1.9674,1.1427,0.55729,-17.37370,19.34108,0.00000,0
504076,1.7000,1.9602,1.1435,0.55648,-17.38596,19.34615,0.00000,0
504576,1.7000,1.9530,1.1443,0.55568,-17.39821,19.35122,0.00000,0
505076,1.7000,1.9336,1.1459,0.55407,-17.42271,19.35628,0.00000,0
505576,1.7000,1.9386,1.1459,0.55407,-17.42271,19.36133,0.00000,0
506076,1.7000,1.9437,1.1459,0.55407,-17.42271,19.36638,0.00000,0
506576,1.7000,1.9365,1.1467,0.55326,-17.43497,19.37142,0.00000,0
507076,1.7000,1.9047,1.1492,0.55084,-17.47172,19.37646,0.00000,0
507576,1.7000,1.8730,1.1516,0.54842,-17.50848,19.38146,0.00000,0
508076,1.7000,1.8412,1.1540,0.54601,-17.54523,19.38645,0.00000,0
508576,1.7000,1.8217,1.1556,0.54440,-17.56974,19.39142,0.00000,0
509076,1.7000,1.8512,1.1540,0.54601,-17.54523,19.39639,0.00000,0
509576,1.7000,1.8316,1.1556,0.54440,-17.56974,19.40136,0.00000,0
510076,1.7000,1.8243,1.1564,0.54359,-17.58199,19.40631,0.00000,0
510576,1.7000,1.7925,1.1588,0.54117,-17.61875,19.41126,0.00000,0
511076,1.7000,1.7974,1.1588,0.54117,-17.61875,19.41619,0.00000,0
511576,1.7000,1.8024,1.1588,0.54117,-17.61875,19.42112,0.00000,0
512076,1.7000,1.7460,1.1629,0.53714,-17.68001,19.42604,0.00000,0
512576,1.7000,1.7632,1.1621,0.53795,-17.66776,19.43094,0.00000,0
513076,1.7000,1.7558,1.1629,0.53714,-17.68001,19.43584,0.00000,0
513576,1.7000,1.7607,1.1629,0.53714,-17.68001,19.44073,0.00000,0
514076,1.7000,1.7411,1.1645,0.53553,-17.70451,19.44562,0.00000,0
514576,1.7000,1.7460,1.1645,0.53553,-17.70451,19.45050,0.00000,0
515076,1.7000,1.7631,1.1637,0.53634,-17.69226,19.45539,0.00000,0
515576,1.7000,1.7803,1.1629,0.53714,-17.68001,19.46028,0.00000,0
516076,1.7000,1.7729,1.1637,0.53634,-17.69226,19.46517,0.00000,0
516576,1.7000,1.7778,1.1637,0.53634,-17.69226,19.47006,0.00000,0
517076,1.7000,1.8317,1.1604,0.53956,-17.64325,19.47496,0.00000,0
517576,1.7000,1.8611,1.1588,0.54117,-17.61875,19.47989,0.00000,0
518076,1.7000,1.8661,1.1588,0.54117,-17.61875,19.48482,0.00000,0
518576,1.7000,1.8587,1.1596,0.54037,-17.63100,19.48975,0.00000,0
519076,1.7000,1.8759,1.1588,0.54117,-17.61875,19.49468,0.00000,0
519576,1.7000,1.8563,1.1604,0.53956,-17.64325,19.49960,0.00000,0
520076,1.7000,1.8490,1.1612,0.53875,-17.65551,19.50452,0.00000,0
520576,1.7000,1.8417,1.1621,0.53795,-17.66776,19.50942,0.00000,0
521076,1.7000,1.8711,1.1604,0.53956,-17.64325,19.51433,0.00000,0
521576,1.7000,1.8637,1.1612,0.53875,-17.65551,19.51925,0.00000,0
522076,1.7000,1.8441,1.1629,0.53714,-17.68001,19.52415,0.00000,0
522576,1.7000,1.8245,1.1645,0.53553,-17.70451,19.52904,0.00000,0
523076,1.7000,1.8294,1.1645,0.53553,-17.70451,19.53392,0.00000,0
523576,1.7000,1.8465,1.1637,0.53634,-17.69226,19.53880,0.00000,0
524076,1.7000,1.8269,1.1653,0.53473,-17.71677,19.54368,0.00000,0
524576,1.7000,1.8440,1.1645,0.53553,-17.70451,19.54856,0.00000,0
525076,1.7000,1.8244,1.1661,0.53392,-17.72902,19.55343,0.00000,0
525576,1.7000,1.8660,1.1637,0.53634,-17.69226,19.55831,0.00000,0
526076,1.7000,1.8464,1.1653,0.53473,-17.71677,19.56319,0.00000,0
526576,1.7000,1.8513,1.1653,0.53473,-17.71677,19.56807,0.00000,0
527076,1.7000,1.8562,1.1653,0.53473,-17.71677,19.57294,0.00000,0
527576,1.7000,1.8856,1.1637,0.53634,-17.69226,19.57782,0.00000,0
528076,1.7000,1.8782,1.1645,0.53553,-17.70451,19.58270,0.00000,0
528576,1.7000,1.8831,1.1645,0.53553,-17.70451,19.58759,0.00000,0
529076,1.7000,1.8757,1.1653,0.53473,-17.71677,19.59246,0.00000,0
529576,1.7000,1.8806,1.1653,0.53473,-17.71677,19.59734,0.00000,0
530076,1.7000,1.8854,1.1653,0.53473,-17.71677,19.60221,0.00000,0
530576,1.7000,1.8781,1.1661,0.53392,-17.72902,19.60708,0.00000,0
531076,1.7000,1.8584,1.1677,0.53231,-17.75352,19.61194,0.00000,0
531576,1.7000,1.8510,1.1685,0.53150,-17.76578,19.61679,0.00000,0
532076,1.7000,1.8681,1.1677,0.53231,-17.75352,19.62163,0.00000,0
532576,1.7000,1.8730,1.1677,0.53231,-17.75352,19.62649,0.00000,0
533076,1.7000,1.8778,1.1677,0.53231,-17.75352,19.63134,0.00000,0
533576,1.7000,1.8459,1.1701,0.52989,-17.79028,19.63618,0.00000,0
534076,1.7000,1.8507,1.1701,0.52989,-17.79028,19.64101,0.00000,0
534576,1.7000,1.8188,1.1725,0.52747,-17.82704,19.64583,0.00000,0
535076,1.7000,1.7991,1.1741,0.52586,-17.85154,19.65063,0.00000,0
535576,1.7000,1.7671,1.1766,0.52344,-17.88830,19.65541,0.00000,0
536076,1.7000,1.7351,1.1790,0.52103,-17.92505,19.66017,0.00000,0
536576,1.7000,1.7521,1.1782,0.52183,-17.91280,19.66492,0.00000,0
537076,1.7000,1.7569,1.1782,0.52183,-17.91280,19.66968,0.00000,0
537576,1.7000,1.7249,1.1806,0.51941,-17.94956,19.67442,0.00000,0
538076,1.7000,1.7296,1.1806,0.51941,-17.94956,19.67916,0.00000,0
538576,1.7000,1.7466,1.1798,0.52022,-17.93731,19.68389,0.00000,0
539076,1.7000,1.7391,1.1806,0.51941,-17.94956,19.68863,0.00000,0
539576,1.7000,1.7561,1.1798,0.52022,-17.93731,19.69337,0.00000,0
540076,1.7000,1.7976,1.1774,0.52264,-17.90055,19.69812,0.00000,0
540576,1.7000,1.7901,1.1782,0.52183,-17.91280,19.70288,0.00000,0
541076,1.7000,1.8316,1.1758,0.52425,-17.87605,19.70765,0.00000,0
541576,1.7000,1.7996,1.1782,0.52183,-17.91280,19.71241,0.00000,0
542076,1.7000,1.7676,1.1806,0.51941,-17.94956,19.71716,0.00000,0
542576,1.7000,1.7846,1.1798,0.52022,-17.93731,19.72190,0.00000,0
543076,1.7000,1.8384,1.1766,0.52344,-17.88830,19.72665,0.00000,0
543576,1.7000,1.8431,1.1766,0.52344,-17.88830,19.73142,0.00000,0
544076,1.7000,1.8479,1.1766,0.52344,-17.88830,19.73619,0.00000,0
544576,1.7000,1.8772,1.1749,0.52505,-17.86379,19.74097,0.00000,0
545076,1.7000,1.8329,1.1782,0.52183,-17.91280,19.74574,0.00000,0
545576,1.7000,1.8377,1.1782,0.52183,-17.91280,19.75050,0.00000,0
546076,1.7000,1.8179,1.1798,0.52022,-17.93731,19.75525,0.00000,0
546576,1.7000,1.8349,1.1790,0.52103,-17.92505,19.75999,0.00000,0
547076,1.7000,1.8397,1.1790,0.52103,-17.92505,19.76474,0.00000,0
547576,1.7000,1.8199,1.1806,0.51941,-17.94956,19.76948,0.00000,0
548076,1.7000,1.7389,1.1862,0.51377,-18.03532,19.77419,0.00000,0
548576,1.7000,1.7435,1.1862,0.51377,-18.03532,19.77887,0.00000,0
549076,1.7000,1.7482,1.1862,0.51377,-18.03532,19.78355,0.00000,0
549576,1.7000,1.7529,1.1862,0.51377,-18.03532,19.78824,0.00000,0
550076,1.7000,1.7576,1.1862,0.51377,-18.03532,19.79292,0.00000,0
550576,1.7000,1.7500,1.1870,0.51297,-18.04758,19.79760,0.00000,0
551076,1.7000,1.7670,1.1862,0.51377,-18.03532,19.80228,0.00000,0
551576,1.7000,1.7594,1.1870,0.51297,-18.04758,19.80696,0.00000,0
552076,1.7000,1.7641,1.1870,0.51297,-18.04758,19.81163,0.00000,0
552576,1.7000,1.7932,1.1854,0.51458,-18.02307,19.81631,0.00000,0
553076,1.7000,1.8102,1.1846,0.51538,-18.01082,19.82101,0.00000,0
553576,1.7000,1.7904,1.1862,0.51377,-18.03532,19.82570,0.00000,0
554076,1.7000,1.7951,1.1862,0.51377,-18.03532,19.83038,0.00000,0
554576,1.7000,1.7630,1.1886,0.51136,-18.07208,19.83505,0.00000,0
555076,1.7000,1.8167,1.1854,0.51458,-18.02307,19.83973,0.00000,0
555576,1.7000,1.8091,1.1862,0.51377,-18.03532,19.84441,0.00000,0
556076,1.7000,1.7893,1.1878,0.51216,-18.05983,19.84909,0.00000,0
556576,1.7000,1.7817,1.1886,0.51136,-18.07208,19.85375,0.00000,0
557076,1.7000,1.7741,1.1895,0.51055,-18.08433,19.85841,0.00000,0
557576,1.7000,1.7420,1.1919,0.50813,-18.12109,19.86305,0.00000,0
558076,1.7000,1.7466,1.1919,0.50813,-18.12109,19.86768,0.00000,0
558576,1.7000,1.7635,1.1911,0.50894,-18.10884,19.87232,0.00000,0
559076,1.7000,1.7559,1.1919,0.50813,-18.12109,19.87695,0.00000,0
559576,1.7000,1.7605,1.1919,0.50813,-18.12109,19.88158,0.00000,0
560076,1.7000,1.7284,1.1943,0.50571,-18.15785,19.88620,0.00000,0
560576,1.7000,1.7575,1.1927,0.50733,-18.13334,19.89082,0.00000,0
561076,1.7000,1.7744,1.1919,0.50813,-18.12109,19.89544,0.00000,0
561576,1.7000,1.7790,1.1919,0.50813,-18.12109,19.90008,0.00000,0
562076,1.7000,1.8204,1.1895,0.51055,-18.08433,19.90472,0.00000,0
562576,1.7000,1.8495,1.1878,0.51216,-18.05983,19.90938,0.00000,0
563076,1.7000,1.8787,1.1862,0.51377,-18.03532,19.91405,0.00000,0
563576,1.7000,1.8712,1.1870,0.51297,-18.04758,19.91873,0.00000,0
564076,1.7000,1.9003,1.1854,0.51458,-18.02307,19.92341,0.00000,0
564576,1.7000,1.9173,1.1846,0.51538,-18.01082,19.92811,0.00000,0
565076,1.7000,1.8852,1.1870,0.51297,-18.04758,19.93279,0.00000,0
565576,1.7000,1.8776,1.1878,0.51216,-18.05983,19.93747,0.00000,0
566076,1.7000,1.8823,1.1878,0.51216,-18.05983,19.94213,0.00000,0
566576,1.7000,1.9115,1.1862,0.51377,-18.03532,19.94681,0.00000,0
567076,1.7000,1.9039,1.1870,0.51297,-18.04758,19.95149,0.00000,0
567576,1.7000,1.8963,1.1878,0.51216,-18.05983,19.95616,0.00000,0
568076,1.7000,1.8765,1.1895,0.51055,-18.08433,19.96082,0.00000,0
568576,1.7000,1.8934,1.1886,0.51136,-18.07208,19.96548,0.00000,0
569076,1.7000,1.8490,1.1919,0.50813,-18.12109,19.97012,0.00000,0
569576,1.7000,1.8537,1.1919,0.50813,-18.12109,19.97475,0.00000,0
570076,1.7000,1.8828,1.1903,0.50974,-18.09659,19.97939,0.00000,0
570576,1.7000,1.9120,1.1886,0.51136,-18.07208,19.98405,0.00000,0
571076,1.7000,1.9166,1.1886,0.51136,-18.07208,19.98870,0.00000,0
571576,1.7000,1.8968,1.1903,0.50974,-18.09659,19.99336,0.00000,0
572076,1.7000,1.8892,1.1911,0.50894,-18.10884,19.99800,0.00000,0
572576,1.7000,1.8938,1.1911,0.50894,-18.10884,20.00264,0.00000,0
573076,1.7000,1.9107,1.1903,0.50974,-18.09659,20.00728,0.00000,0
573576,1.7000,1.9153,1.1903,0.50974,-18.09659,20.01193,0.00000,0
574076,1.7000,1.9445,1.1886,0.51136,-18.07208,20.01658,0.00000,0
574576,1.7000,1.9492,1.1886,0.51136,-18.07208,20.02124,0.00000,0
575076,1.7000,1.9416,1.1895,0.51055,-18.08433,20.02590,0.00000,0
575576,1.7000,1.9340,1.1903,0.50974,-18.09659,20.03055,0.00000,0
576076,1.7000,1.9264,1.1911,0.50894,-18.10884,20.03519,0.00000,0
576576,1.7000,1.9187,1.1919,0.50813,-18.12109,20.03983,0.00000,0
577076,1.7000,1.9234,1.1919,0.50813,-18.12109,20.04446,0.00000,0
577576,1.7000,1.9280,1.1919,0.50813,-18.12109,20.04909,0.00000,0
578076,1.7000,1.9081,1.1935,0.50652,-18.14560,20.05371,0.00000,0
578576,1.7000,1.9005,1.1943,0.50571,-18.15785,20.05832,0.00000,0
579076,1.7000,1.8928,1.1951,0.50491,-18.17010,20.06293,0.00000,0
579576,1.7000,1.8729,1.1967,0.50330,-18.19460,20.06753,0.00000,0
580076,1.7000,1.9143,1.1943,0.50571,-18.15785,20.07212,0.00000,0
580576,1.7000,1.8944,1.1959,0.50410,-18.18235,20.07673,0.00000,0
581076,1.7000,1.8867,1.1967,0.50330,-18.19460,20.08132,0.00000,0
581576,1.7000,1.8790,1.1975,0.50249,-18.20686,20.08590,0.00000,0
582076,1.7000,1.8959,1.1967,0.50330,-18.19460,20.09048,0.00000,0
582576,1.7000,1.8882,1.1975,0.50249,-18.20686,20.09507,0.00000,0
583076,1.7000,1.9173,1.1959,0.50410,-18.18235,20.09966,0.00000,0
583576,1.7000,1.9096,1.1967,0.50330,-18.19460,20.10425,0.00000,0
584076,1.7000,1.9633,1.1935,0.50652,-18.14560,20.10885,0.00000,0
584576,1.7000,1.9801,1.1927,0.50733,-18.13334,20.11347,0.00000,0
585076,1.7000,1.9602,1.1943,0.50571,-18.15785,20.11808,0.00000,0
585576,1.7000,1.9771,1.1935,0.50652,-18.14560,20.12270,0.00000,0
586076,1.7000,1.9940,1.1927,0.50733,-18.13334,20.12732,0.00000,0
586576,1.7000,2.0109,1.1919,0.50813,-18.12109,20.13194,0.00000,0
587076,1.7000,1.9787,1.1943,0.50571,-18.15785,20.13656,0.00000,0
587576,1.7000,1.9833,1.1943,0.50571,-18.15785,20.14117,0.00000,0
588076,1.7000,1.9634,1.1959,0.50410,-18.18235,20.14577,0.00000,0
588576,1.7000,1.9803,1.1951,0.50491,-18.17010,20.15037,0.00000,0
589076,1.7000,1.9481,1.1975,0.50249,-18.20686,20.15496,0.00000,0
589576,1.7000,1.9282,1.1991,0.50088,-18.23136,20.15953,0.00000,0
590076,1.7000,1.9082,1.2007,0.49927,-18.25587,20.16409,0.00000,0
590576,1.7000,1.9128,1.2007,0.49927,-18.25587,20.16864,0.00000,0
591076,1.7000,1.9051,1.2015,0.49846,-18.26812,20.17319,0.00000,0
591576,1.7000,1.8974,1.2023,0.49766,-18.28037,20.17773,0.00000,0
592076,1.7000,1.9264,1.2007,0.49927,-18.25587,20.18227,0.00000,0
592576,1.7000,1.8697,1.2048,0.49524,-18.31713,20.18681,0.00000,0
593076,1.7000,1.8252,1.2080,0.49201,-18.36614,20.19131,0.00000,0
593576,1.7000,1.7929,1.2104,0.48960,-18.40289,20.19578,0.00000,0
594076,1.7000,1.8464,1.2072,0.49282,-18.35389,20.20025,0.00000,0
594576,1.7000,1.8141,1.2096,0.49040,-18.39064,20.20473,0.00000,0
595076,1.7000,1.8798,1.2056,0.49443,-18.32938,20.20922,0.00000,0
595576,1.7000,1.8721,1.2064,0.49363,-18.34163,20.21373,0.00000,0
596076,1.7000,1.8766,1.2064,0.49363,-18.34163,20.21823,0.00000,0
596576,1.7000,1.8688,1.2072,0.49282,-18.35389,20.22272,0.00000,0
597076,1.7000,1.8488,1.2088,0.49121,-18.37839,20.22721,0.00000,0
597576,1.7000,1.8655,1.2080,0.49201,-18.36614,20.23169,0.00000,0
598076,1.7000,1.9191,1.2048,0.49524,-18.31713,20.23619,0.00000,0
598576,1.7000,1.9358,1.2040,0.49604,-18.30487,20.24070,0.00000,0
599076,1.7000,1.8913,1.2072,0.49282,-18.35389,20.24521,0.00000,0
599576,1.7000,1.9448,1.2040,0.49604,-18.30487,20.24972,0.00000,0
600076,1.7000,1.9126,1.2064,0.49363,-18.34163,20.25423,0.00000,0
600576,1.7000,1.9416,1.2048,0.49524,-18.31713,20.25873,0.00000,0
601076,1.7000,1.9706,1.2032,0.49685,-18.29262,20.26325,0.00000,0
601576,1.7000,1.9752,1.2032,0.49685,-18.29262,20.26778,0.00000,0
602076,1.7000,2.0042,1.2015,0.49846,-18.26812,20.27232,0.00000,0
602576,1.7000,2.0210,1.2007,0.49927,-18.25587,20.27687,0.00000,0
603076,1.7000,2.0378,1.1999,0.50007,-18.24361,20.28142,0.00000,0
603576,1.7000,2.0056,1.2023,0.49766,-18.28037,20.28597,0.00000,0
604076,1.7000,1.9856,1.2040,0.49604,-18.30487,20.29049,0.00000,0
604576,1.7000,1.9901,1.2040,0.49604,-18.30487,20.29502,0.00000,0
605076,1.7000,1.9701,1.2056,0.49443,-18.32938,20.29953,0.00000,0
605576,1.7000,1.9379,1.2080,0.49201,-18.36614,20.30402,0.00000,0
606076,1.7000,1.9301,1.2088,0.49121,-18.37839,20.30850,0.00000,0
606576,1.7000,1.9468,1.2080,0.49201,-18.36614,20.31298,0.00000,0
607076,1.7000,1.9391,1.2088,0.49121,-18.37839,20.31746,0.00000,0
607576,1.7000,1.9436,1.2088,0.49121,-18.37839,20.32194,0.00000,0
608076,1.7000,1.9235,1.2104,0.48960,-18.40289,20.32641,0.00000,0
608576,1.7000,1.9525,1.2088,0.49121,-18.37839,20.33088,0.00000,0
609076,1.7000,1.9447,1.2096,0.49040,-18.39064,20.33535,0.00000,0
609576,1.7000,1.9247,1.2112,0.48879,-18.41515,20.33981,0.00000,0
610076,1.7000,1.9291,1.2112,0.48879,-18.41515,20.34427,0.00000,0
610576,1.7000,1.9458,1.2104,0.48960,-18.40289,20.34873,0.00000,0
611076,1.7000,1.9135,1.2128,0.48718,-18.43965,20.35318,0.00000,0
611576,1.7000,1.8689,1.2160,0.48396,-18.48866,20.35760,0.00000,0
612076,1.7000,1.8734,1.2160,0.48396,-18.48866,20.36202,0.00000,0
612576,1.7000,1.8778,1.2160,0.48396,-18.48866,20.36643,0.00000,0
613076,1.7000,1.8944,1.2152,0.48476,-18.47641,20.37084,0.00000,0
613576,1.7000,1.8743,1.2168,0.48315,-18.50091,20.37525,0.00000,0
614076,1.7000,1.9033,1.2152,0.48476,-18.47641,20.37967,0.00000,0
614576,1.7000,1.9444,1.2128,0.48718,-18.43965,20.38409,0.00000,0
615076,1.7000,1.9489,1.2128,0.48718,-18.43965,20.38853,0.00000,0
615576,1.7000,1.9533,1.2128,0.48718,-18.43965,20.39297,0.00000,0
616076,1.7000,1.9578,1.2128,0.48718,-18.43965,20.39742,0.00000,0
616576,1.7000,2.0112,1.2096,0.49040,-18.39064,20.40187,0.00000,0
617076,1.7000,2.0034,1.2104,0.48960,-18.40289,20.40634,0.00000,0
617576,1.7000,1.9834,1.2120,0.48799,-18.42740,20.41079,0.00000,0
618076,1.7000,1.9756,1.2128,0.48718,-18.43965,20.41524,0.00000,0
618576,1.7000,1.9923,1.2120,0.48799,-18.42740,20.41968,0.00000,0
619076,1.7000,1.9967,1.2120,0.48799,-18.42740,20.42413,0.00000,0
619576,1.7000,1.9767,1.2136,0.48637,-18.45190,20.42857,0.00000,0
620076,1.7000,2.0056,1.2120,0.48799,-18.42740,20.43301,0.00000,0
620576,1.7000,1.9733,1.2144,0.48557,-18.46415,20.43744,0.00000,0
621076,1.7000,2.0022,1.2128,0.48718,-18.43965,20.44188,0.00000,0
621576,1.7000,1.9822,1.2144,0.48557,-18.46415,20.44631,0.00000,0
622076,1.7000,1.9866,1.2144,0.48557,-18.46415,20.45074,0.00000,0
622576,1.7000,2.0033,1.2136,0.48637,-18.45190,20.45516,0.00000,0
623076,1.7000,2.0077,1.2136,0.48637,-18.45190,20.45960,0.00000,0
623576,1.7000,1.9999,1.2144,0.48557,-18.46415,20.46403,0.00000,0
624076,1.7000,1.9798,1.2160,0.48396,-18.48866,20.46844,0.00000,0
624576,1.7000,1.9352,1.2193,0.48073,-18.53767,20.47284,0.00000,0
625076,1.7000,1.8783,1.2233,0.47670,-18.59893,20.47720,0.00000,0
625576,1.7000,1.8826,1.2233,0.47670,-18.59893,20.48155,0.00000,0
626076,1.7000,1.8624,1.2249,0.47509,-18.62343,20.48588,0.00000,0
626576,1.7000,1.8545,1.2257,0.47429,-18.63569,20.49021,0.00000,0
627076,1.7000,1.8588,1.2257,0.47429,-18.63569,20.49453,0.00000,0
627576,1.7000,1.8509,1.2265,0.47348,-18.64794,20.49885,0.00000,0
628076,1.7000,1.8552,1.2265,0.47348,-18.64794,20.50316,0.00000,0
628576,1.7000,1.8841,1.2249,0.47509,-18.62343,20.50749,0.00000,0
629076,1.7000,1.8761,1.2257,0.47429,-18.63569,20.51181,0.00000,0
629576,1.7000,1.8927,1.2249,0.47509,-18.62343,20.51614,0.00000,0
630076,1.7000,1.9338,1.2225,0.47751,-18.58668,20.52048,0.00000,0
630576,1.7000,1.9504,1.2217,0.47832,-18.57442,20.52484,0.00000,0
631076,1.7000,1.9303,1.2233,0.47670,-18.59893,20.52919,0.00000,0
631576,1.7000,1.9469,1.2225,0.47751,-18.58668,20.53354,0.00000,0
632076,1.7000,1.9390,1.2233,0.47670,-18.59893,20.53789,0.00000,0
632576,1.7000,1.9310,1.2241,0.47590,-18.61118,20.54223,0.00000,0
633076,1.7000,1.9354,1.2241,0.47590,-18.61118,20.54656,0.00000,0
633576,1.7000,1.9030,1.2265,0.47348,-18.64794,20.55089,0.00000,0
634076,1.7000,1.9195,1.2257,0.47429,-18.63569,20.55521,0.00000,0
634576,1.7000,1.9238,1.2257,0.47429,-18.63569,20.55953,0.00000,0
635076,1.7000,1.9527,1.2241,0.47590,-18.61118,20.56386,0.00000,0
635576,1.7000,1.9570,1.2241,0.47590,-18.61118,20.56820,0.00000,0
636076,1.7000,1.9491,1.2249,0.47509,-18.62343,20.57253,0.00000,0
636576,1.7000,1.9534,1.2249,0.47509,-18.62343,20.57686,0.00000,0
637076,1.7000,1.9700,1.2241,0.47590,-18.61118,20.58119,0.00000,0
637576,1.7000,1.9743,1.2241,0.47590,-18.61118,20.58553,0.00000,0
638076,1.7000,1.9787,1.2241,0.47590,-18.61118,20.58987,0.00000,0
638576,1.7000,2.0198,1.2217,0.47832,-18.57442,20.59422,0.00000,0
639076,1.7000,2.0364,1.2209,0.47912,-18.56217,20.59858,0.00000,0
639576,1.7000,2.0408,1.2209,0.47912,-18.56217,20.60295,0.00000,0
640076,1.7000,2.0206,1.2225,0.47751,-18.58668,20.60731,0.00000,0
640576,1.7000,2.0250,1.2225,0.47751,-18.58668,20.61166,0.00000,0
641076,1.7000,2.0416,1.2217,0.47832,-18.57442,20.61601,0.00000,0
641576,1.7000,2.0337,1.2225,0.47751,-18.58668,20.62037,0.00000,0
642076,1.7000,2.0013,1.2249,0.47509,-18.62343,20.62471,0.00000,0
642576,1.7000,2.0056,1.2249,0.47509,-18.62343,20.62904,0.00000,0
643076,1.7000,1.9854,1.2265,0.47348,-18.64794,20.63336,0.00000,0
643576,1.7000,1.9652,1.2281,0.47187,-18.67244,20.63767,0.00000,0
644076,1.7000,1.9573,1.2289,0.47106,-18.68469,20.64197,0.00000,0
644576,1.7000,1.9493,1.2297,0.47026,-18.69695,20.64626,0.00000,0
645076,1.7000,1.9291,1.2314,0.46864,-18.72145,20.65054,0.00000,0
645576,1.7000,1.9088,1.2330,0.46703,-18.74596,20.65480,0.00000,0
646076,1.7000,1.9008,1.2338,0.46623,-18.75821,20.65906,0.00000,0
646576,1.7000,1.9051,1.2338,0.46623,-18.75821,20.66331,0.00000,0
647076,1.7000,1.9216,1.2330,0.46703,-18.74596,20.66756,0.00000,0
647576,1.7000,1.9259,1.2330,0.46703,-18.74596,20.67182,0.00000,0
648076,1.7000,1.9424,1.2322,0.46784,-18.73370,20.67608,0.00000,0
648576,1.7000,1.9589,1.2314,0.46864,-18.72145,20.68034,0.00000,0
649076,1.7000,1.9509,1.2322,0.46784,-18.73370,20.68461,0.00000,0
649576,1.7000,1.9429,1.2330,0.46703,-18.74596,20.68887,0.00000,0
650076,1.7000,1.9594,1.2322,0.46784,-18.73370,20.69313,0.00000,0
650576,1.7000,1.9759,1.2314,0.46864,-18.72145,20.69740,0.00000,0
651076,1.7000,1.9925,1.2305,0.46945,-18.70920,20.70167,0.00000,0
651576,1.7000,2.0090,1.2297,0.47026,-18.69695,20.70596,0.00000,0
652076,1.7000,2.0133,1.2297,0.47026,-18.69695,20.71024,0.00000,0
652576,1.7000,2.0298,1.2289,0.47106,-18.68469,20.71453,0.00000,0
653076,1.7000,1.9851,1.2322,0.46784,-18.73370,20.71881,0.00000,0
653576,1.7000,1.9403,1.2354,0.46462,-18.78271,20.72306,0.00000,0
654076,1.7000,1.9446,1.2354,0.46462,-18.78271,20.72729,0.00000,0
654576,1.7000,1.9120,1.2378,0.46220,-18.81947,20.73152,0.00000,0
655076,1.7000,1.9285,1.2370,0.46300,-18.80722,20.73573,0.00000,0
655576,1.7000,1.9205,1.2378,0.46220,-18.81947,20.73995,0.00000,0
656076,1.7000,1.9124,1.2386,0.46139,-18.83172,20.74416,0.00000,0
656576,1.7000,1.9044,1.2394,0.46059,-18.84398,20.74836,0.00000,0
657076,1.7000,1.8963,1.2402,0.45978,-18.85623,20.75255,0.00000,0
657576,1.7000,1.8760,1.2418,0.45817,-18.88073,20.75673,0.00000,0
658076,1.7000,1.9292,1.2386,0.46139,-18.83172,20.76093,0.00000,0
658576,1.7000,1.9702,1.2362,0.46381,-18.79496,20.76514,0.00000,0
659076,1.7000,1.9867,1.2354,0.46462,-18.78271,20.76937,0.00000,0
659576,1.7000,1.9909,1.2354,0.46462,-18.78271,20.77361,0.00000,0
660076,1.7000,2.0074,1.2346,0.46542,-18.77046,20.77784,0.00000,0
660576,1.7000,1.9994,1.2354,0.46462,-18.78271,20.78208,0.00000,0
661076,1.7000,2.0036,1.2354,0.46462,-18.78271,20.78632,0.00000,0
661576,1.7000,2.0078,1.2354,0.46462,-18.78271,20.79055,0.00000,0
662076,1.7000,1.9998,1.2362,0.46381,-18.79496,20.79478,0.00000,0
662576,1.7000,2.0040,1.2362,0.46381,-18.79496,20.79901,0.00000,0
663076,1.7000,2.0083,1.2362,0.46381,-18.79496,20.80323,0.00000,0
663576,1.7000,2.0002,1.2370,0.46300,-18.80722,20.80746,0.00000,0
664076,1.7000,1.9922,1.2378,0.46220,-18.81947,20.81167,0.00000,0
664576,1.7000,2.0209,1.2362,0.46381,-18.79496,20.81589,0.00000,0
665076,1.7000,2.0129,1.2370,0.46300,-18.80722,20.82011,0.00000,0
665576,1.7000,2.0294,1.2362,0.46381,-18.79496,20.82434,0.00000,0
666076,1.7000,2.0336,1.2362,0.46381,-18.79496,20.82856,0.00000,0
666576,1.7000,2.0011,1.2386,0.46139,-18.83172,20.83278,0.00000,0
667076,1.7000,2.0053,1.2386,0.46139,-18.83172,20.83698,0.00000,0
667576,1.7000,1.9482,1.2426,0.45736,-18.89298,20.84117,0.00000,0
668076,1.7000,1.9278,1.2442,0.45575,-18.91749,20.84533,0.00000,0
668576,1.7000,1.9320,1.2442,0.45575,-18.91749,20.84949,0.00000,0
669076,1.7000,1.9362,1.2442,0.45575,-18.91749,20.85364,0.00000,0
669576,1.7000,1.9403,1.2442,0.45575,-18.91749,20.85780,0.00000,0
670076,1.7000,1.9445,1.2442,0.45575,-18.91749,20.86195,0.00000,0
670576,1.7000,1.9118,1.2467,0.45333,-18.95424,20.86609,0.00000,0
671076,1.7000,1.9160,1.2467,0.45333,-18.95424,20.87022,0.00000,0
671576,1.7000,1.9201,1.2467,0.45333,-18.95424,20.87436,0.00000,0
672076,1.7000,1.9242,1.2467,0.45333,-18.95424,20.87849,0.00000,0
672576,1.7000,1.9897,1.2426,0.45736,-18.89298,20.88264,0.00000,0
673076,1.7000,2.0306,1.2402,0.45978,-18.85623,20.88682,0.00000,0
673576,1.7000,2.0103,1.2418,0.45817,-18.88073,20.89100,0.00000,0
674076,1.7000,2.0144,1.2418,0.45817,-18.88073,20.89517,0.00000,0
674576,1.7000,1.9819,1.2442,0.45575,-18.91749,20.89934,0.00000,0
675076,1.7000,1.9860,1.2442,0.45575,-18.91749,20.90349,0.00000,0
675576,1.7000,1.9656,1.2459,0.45414,-18.94199,20.90764,0.00000,0
676076,1.7000,1.9698,1.2459,0.45414,-18.94199,20.91178,0.00000,0
676576,1.7000,1.9739,1.2459,0.45414,-18.94199,20.91592,0.00000,0
677076,1.7000,1.9781,1.2459,0.45414,-18.94199,20.92006,0.00000,0
677576,1.7000,1.9577,1.2475,0.45253,-18.96650,20.92419,0.00000,0
678076,1.7000,1.9496,1.2483,0.45172,-18.97875,20.92831,0.00000,0
678576,1.7000,1.9782,1.2467,0.45333,-18.95424,20.93243,0.00000,0
679076,1.7000,1.9456,1.2491,0.45092,-18.99100,20.93655,0.00000,0
679576,1.7000,1.9497,1.2491,0.45092,-18.99100,20.94066,0.00000,0
680076,1.7000,1.9170,1.2515,0.44850,-19.02776,20.94476,0.00000,0
680576,1.7000,1.9456,1.2499,0.45011,-19.00325,20.94886,0.00000,0
681076,1.7000,1.9252,1.2515,0.44850,-19.02776,20.95295,0.00000,0
681576,1.7000,1.9538,1.2499,0.45011,-19.00325,20.95705,0.00000,0
682076,1.7000,1.9579,1.2499,0.45011,-19.00325,20.96115,0.00000,0
682576,1.7000,1.9375,1.2515,0.44850,-19.02776,20.96524,0.00000,0
683076,1.7000,1.8680,1.2563,0.44366,-19.10127,20.96931,0.00000,0
683576,1.7000,1.8721,1.2563,0.44366,-19.10127,20.97335,0.00000,0
684076,1.7000,1.9129,1.2539,0.44608,-19.06451,20.97741,0.00000,0
684576,1.7000,1.9537,1.2515,0.44850,-19.02776,20.98149,0.00000,0
685076,1.7000,1.9578,1.2515,0.44850,-19.02776,20.98557,0.00000,0
685576,1.7000,1.9742,1.2507,0.44930,-19.01550,20.98966,0.00000,0
686076,1.7000,1.9537,1.2523,0.44769,-19.04001,20.99375,0.00000,0
686576,1.7000,1.9578,1.2523,0.44769,-19.04001,20.99783,0.00000,0
687076,1.7000,1.9619,1.2523,0.44769,-19.04001,21.00191,0.00000,0
687576,1.7000,1.9905,1.2507,0.44930,-19.01550,21.00600,0.00000,0
688076,1.7000,2.0191,1.2491,0.45092,-18.99100,21.01010,0.00000,0
688576,1.7000,1.9864,1.2515,0.44850,-19.02776,21.01420,0.00000,0
689076,1.7000,1.9905,1.2515,0.44850,-19.02776,21.01829,0.00000,0
689576,1.7000,1.9946,1.2515,0.44850,-19.02776,21.02238,0.00000,0
690076,1.7000,1.9742,1.2531,0.44689,-19.05226,21.02645,0.00000,0
690576,1.7000,1.9538,1.2547,0.44527,-19.07677,21.03052,0.00000,0
691076,1.7000,1.9946,1.2523,0.44769,-19.04001,21.03459,0.00000,0
691576,1.7000,1.9619,1.2547,0.44527,-19.07677,21.03866,0.00000,0
692076,1.7000,1.9659,1.2547,0.44527,-19.07677,21.04272,0.00000,0
692576,1.7000,1.9945,1.2531,0.44689,-19.05226,21.04678,0.00000,0
693076,1.7000,1.9986,1.2531,0.44689,-19.05226,21.05086,0.00000,0
693576,1.7000,1.9904,1.2539,0.44608,-19.06451,21.05492,0.00000,0
694076,1.7000,1.9454,1.2571,0.44286,-19.11353,21.05898,0.00000,0
694576,1.7000,1.9005,1.2604,0.43963,-19.16253,21.06300,0.00000,0
695076,1.7000,1.9167,1.2596,0.44044,-19.15028,21.06701,0.00000,0
695576,1.7000,1.9330,1.2588,0.44125,-19.13803,21.07103,0.00000,0
696076,1.7000,1.8635,1.2636,0.43641,-19.21154,21.07503,0.00000,0
696576,1.7000,1.8552,1.2644,0.43560,-19.22379,21.07900,0.00000,0
697076,1.7000,1.8224,1.2668,0.43319,-19.26055,21.08296,0.00000,0
697576,1.7000,1.7896,1.2692,0.43077,-19.29731,21.08689,0.00000,0
698076,1.7000,1.8058,1.2684,0.43158,-19.28506,21.09082,0.00000,0
698576,1.7000,1.8220,1.2676,0.43238,-19.27280,21.09476,0.00000,0
699076,1.7000,1.8136,1.2684,0.43158,-19.28506,21.09870,0.00000,0
699576,1.7000,1.8298,1.2676,0.43238,-19.27280,21.10263,0.00000,0
700076,1.7000,1.8338,1.2676,0.43238,-19.27280,21.10658,0.00000,0
700576,1.7000,1.8867,1.2644,0.43560,-19.22379,21.11053,0.00000,0
701076,1.7000,1.9275,1.2620,0.43802,-19.18704,21.11451,0.00000,0
701576,1.7000,1.9315,1.2620,0.43802,-19.18704,21.11850,0.00000,0
702076,1.7000,1.9232,1.2628,0.43722,-19.19929,21.12249,0.00000,0
702576,1.7000,1.9272,1.2628,0.43722,-19.19929,21.12648,0.00000,0
703076,1.7000,1.9434,1.2620,0.43802,-19.18704,21.13046,0.00000,0
703576,1.7000,1.9107,1.2644,0.43560,-19.22379,21.13445,0.00000,0
704076,1.7000,1.9514,1.2620,0.43802,-19.18704,21.13843,0.00000,0
704576,1.7000,1.9554,1.2620,0.43802,-19.18704,21.14242,0.00000,0
705076,1.7000,1.9349,1.2636,0.43641,-19.21154,21.14640,0.00000,0
705576,1.7000,1.8898,1.2668,0.43319,-19.26055,21.15037,0.00000,0
706076,1.7000,1.8938,1.2668,0.43319,-19.26055,21.15431,0.00000,0
706576,1.7000,1.9222,1.2652,0.43480,-19.23605,21.15827,0.00000,0
707076,1.7000,1.9262,1.2652,0.43480,-19.23605,21.16223,0.00000,0
707576,1.7000,1.8934,1.2676,0.43238,-19.27280,21.16619,0.00000,0
708076,1.7000,1.8606,1.2700,0.42996,-19.30956,21.17011,0.00000,0
708576,1.7000,1.8645,1.2700,0.42996,-19.30956,21.17403,0.00000,0
709076,1.7000,1.8561,1.2708,0.42916,-19.32181,21.17795,0.00000,0
709576,1.7000,1.8355,1.2725,0.42755,-19.34632,21.18185,0.00000,0
710076,1.7000,1.8394,1.2725,0.42755,-19.34632,21.18575,0.00000,0
710576,1.7000,1.8433,1.2725,0.42755,-19.34632,21.18965,0.00000,0
711076,1.7000,1.8350,1.2733,0.42674,-19.35857,21.19354,0.00000,0
711576,1.7000,1.7898,1.2765,0.42352,-19.40758,21.19741,0.00000,0
712076,1.7000,1.7814,1.2773,0.42271,-19.41983,21.20127,0.00000,0
712576,1.7000,1.7976,1.2765,0.42352,-19.40758,21.20513,0.00000,0
713076,1.7000,1.8014,1.2765,0.42352,-19.40758,21.20899,0.00000,0
713576,1.7000,1.8053,1.2765,0.42352,-19.40758,21.21285,0.00000,0
714076,1.7000,1.7846,1.2781,0.42190,-19.43208,21.21670,0.00000,0
714576,1.7000,1.7885,1.2781,0.42190,-19.43208,21.22055,0.00000,0
715076,1.7000,1.8046,1.2773,0.42271,-19.41983,21.22440,0.00000,0
715576,1.7000,1.7962,1.2781,0.42190,-19.43208,21.22824,0.00000,0
716076,1.7000,1.8123,1.2773,0.42271,-19.41983,21.23209,0.00000,0
716576,1.7000,1.8406,1.2757,0.42432,-19.39533,21.23595,0.00000,0
717076,1.7000,1.8200,1.2773,0.42271,-19.41983,21.23981,0.00000,0
717576,1.7000,1.8361,1.2765,0.42352,-19.40758,21.24367,0.00000,0
718076,1.7000,1.8645,1.2749,0.42513,-19.38307,21.24754,0.00000,0
718576,1.7000,1.8806,1.2741,0.42593,-19.37082,21.25142,0.00000,0
719076,1.7000,1.9090,1.2725,0.42755,-19.34632,21.25531,0.00000,0
719576,1.7000,1.9129,1.2725,0.42755,-19.34632,21.25920,0.00000,0
720076,1.7000,1.8923,1.2741,0.42593,-19.37082,21.26309,0.00000,0
720576,1.7000,1.8839,1.2749,0.42513,-19.38307,21.26697,0.00000,0
721076,1.7000,1.8878,1.2749,0.42513,-19.38307,21.27084,0.00000,0
721576,1.7000,1.8671,1.2765,0.42352,-19.40758,21.27471,0.00000,0
722076,1.7000,1.8587,1.2773,0.42271,-19.41983,21.27857,0.00000,0
722576,1.7000,1.8626,1.2773,0.42271,-19.41983,21.28242,0.00000,0
723076,1.7000,1.8419,1.2789,0.42110,-19.44433,21.28627,0.00000,0
723576,1.7000,1.8335,1.2797,0.42029,-19.45659,21.29010,0.00000,0
724076,1.7000,1.8128,1.2813,0.41868,-19.48109,21.29392,0.00000,0
724576,1.7000,1.8044,1.2821,0.41788,-19.49334,21.29774,0.00000,0
725076,1.7000,1.8327,1.2805,0.41949,-19.46884,21.30155,0.00000,0
725576,1.7000,1.8243,1.2813,0.41868,-19.48109,21.30537,0.00000,0
726076,1.7000,1.7913,1.2837,0.41626,-19.51785,21.30918,0.00000,0
726576,1.7000,1.8196,1.2821,0.41788,-19.49334,21.31298,0.00000,0
727076,1.7000,1.8234,1.2821,0.41788,-19.49334,21.31679,0.00000,0
727576,1.7000,1.8150,1.2829,0.41707,-19.50560,21.32059,0.00000,0
728076,1.7000,1.8311,1.2821,0.41788,-19.49334,21.32440,0.00000,0
728576,1.7000,1.8226,1.2829,0.41707,-19.50560,21.32820,0.00000,0
729076,1.7000,1.8264,1.2829,0.41707,-19.50560,21.33200,0.00000,0
729576,1.7000,1.9037,1.2781,0.42190,-19.43208,21.33583,0.00000,0
730076,1.7000,1.9076,1.2781,0.42190,-19.43208,21.33967,0.00000,0
730576,1.7000,1.8869,1.2797,0.42029,-19.45659,21.34351,0.00000,0
731076,1.7000,1.9275,1.2773,0.42271,-19.41983,21.34735,0.00000,0
731576,1.7000,1.9191,1.2781,0.42190,-19.43208,21.35120,0.00000,0
732076,1.7000,1.9352,1.2773,0.42271,-19.41983,21.35505,0.00000,0
732576,1.7000,1.9391,1.2773,0.42271,-19.41983,21.35890,0.00000,0
733076,1.7000,1.9429,1.2773,0.42271,-19.41983,21.36275,0.00000,0
733576,1.7000,1.9468,1.2773,0.42271,-19.41983,21.36661,0.00000,0
734076,1.7000,1.9261,1.2789,0.42110,-19.44433,21.37045,0.00000,0
734576,1.7000,1.8564,1.2837,0.41626,-19.51785,21.37427,0.00000,0
735076,1.7000,1.8480,1.2845,0.41546,-19.53010,21.37806,0.00000,0
735576,1.7000,1.8885,1.2821,0.41788,-19.49334,21.38186,0.00000,0
736076,1.7000,1.8801,1.2829,0.41707,-19.50560,21.38566,0.00000,0
736576,1.7000,1.8961,1.2821,0.41788,-19.49334,21.38947,0.00000,0
737076,1.7000,1.8877,1.2829,0.41707,-19.50560,21.39327,0.00000,0
737576,1.7000,1.8792,1.2837,0.41626,-19.51785,21.39707,0.00000,0
738076,1.7000,1.8585,1.2853,0.41465,-19.54235,21.40086,0.00000,0
738576,1.7000,1.8623,1.2853,0.41465,-19.54235,21.40463,0.00000,0
739076,1.7000,1.8661,1.2853,0.41465,-19.54235,21.40841,0.00000,0
739576,1.7000,1.8576,1.2862,0.41385,-19.55460,21.41219,0.00000,0
740076,1.7000,1.8491,1.2870,0.41304,-19.56686,21.41596,0.00000,0
740576,1.7000,1.8284,1.2886,0.41143,-19.59136,21.41971,0.00000,0
741076,1.7000,1.8198,1.2894,0.41062,-19.60361,21.42346,0.00000,0
741576,1.7000,1.8113,1.2902,0.40982,-19.61587,21.42720,0.00000,0
742076,1.7000,1.8151,1.2902,0.40982,-19.61587,21.43093,0.00000,0
742576,1.7000,1.8311,1.2894,0.41062,-19.60361,21.43467,0.00000,0
743076,1.7000,1.8716,1.2870,0.41304,-19.56686,21.43843,0.00000,0
743576,1.7000,1.8876,1.2862,0.41385,-19.55460,21.44219,0.00000,0
744076,1.7000,1.8546,1.2886,0.41143,-19.59136,21.44596,0.00000,0
744576,1.7000,1.8706,1.2878,0.41223,-19.57911,21.44971,0.00000,0
745076,1.7000,1.8621,1.2886,0.41143,-19.59136,21.45346,0.00000,0
745576,1.7000,1.8536,1.2894,0.41062,-19.60361,21.45721,0.00000,0
746076,1.7000,1.8451,1.2902,0.40982,-19.61587,21.46095,0.00000,0
746576,1.7000,1.8488,1.2902,0.40982,-19.61587,21.46468,0.00000,0
747076,1.7000,1.8525,1.2902,0.40982,-19.61587,21.46842,0.00000,0
747576,1.7000,1.8808,1.2886,0.41143,-19.59136,21.47216,0.00000,0
748076,1.7000,1.8600,1.2902,0.40982,-19.61587,21.47590,0.00000,0
748576,1.7000,1.8638,1.2902,0.40982,-19.61587,21.47964,0.00000,0
749076,1.7000,1.9165,1.2870,0.41304,-19.56686,21.48339,0.00000,0
749576,1.7000,1.9080,1.2878,0.41223,-19.57911,21.48715,0.00000,0
750076,1.7000,1.8995,1.2886,0.41143,-19.59136,21.49090,0.00000,0
750576,1.7000,1.9401,1.2862,0.41385,-19.55460,21.49466,0.00000,0
751076,1.7000,1.9561,1.2853,0.41465,-19.54235,21.49844,0.00000,0
751576,1.7000,1.9599,1.2853,0.41465,-19.54235,21.50221,0.00000,0
752076,1.7000,1.9391,1.2870,0.41304,-19.56686,21.50599,0.00000,0
752576,1.7000,1.9061,1.2894,0.41062,-19.60361,21.50974,0.00000,0
753076,1.7000,1.9099,1.2894,0.41062,-19.60361,21.51348,0.00000,0
753576,1.7000,1.9136,1.2894,0.41062,-19.60361,21.51723,0.00000,0
754076,1.7000,1.8806,1.2918,0.40821,-19.64037,21.52096,0.00000,0
754576,1.7000,1.8720,1.2926,0.40740,-19.65262,21.52467,0.00000,0
755076,1.7000,1.8880,1.2918,0.40821,-19.64037,21.52839,0.00000,0
755576,1.7000,1.8917,1.2918,0.40821,-19.64037,21.53211,0.00000,0
756076,1.7000,1.8955,1.2918,0.40821,-19.64037,21.53583,0.00000,0
756576,1.7000,1.8992,1.2918,0.40821,-19.64037,21.53955,0.00000,0
757076,1.7000,1.9274,1.2902,0.40982,-19.61587,21.54328,0.00000,0
757576,1.7000,1.9189,1.2910,0.40901,-19.62812,21.54701,0.00000,0
758076,1.7000,1.9226,1.2910,0.40901,-19.62812,21.55074,0.00000,0
758576,1.7000,1.9141,1.2918,0.40821,-19.64037,21.55446,0.00000,0
759076,1.7000,1.9301,1.2910,0.40901,-19.62812,21.55819,0.00000,0
759576,1.7000,1.9460,1.2902,0.40982,-19.61587,21.56192,0.00000,0
760076,1.7000,1.9375,1.2910,0.40901,-19.62812,21.56565,0.00000,0
760576,1.7000,1.9413,1.2910,0.40901,-19.62812,21.56937,0.00000,0
761076,1.7000,1.9572,1.2902,0.40982,-19.61587,21.57310,0.00000,0
761576,1.7000,1.9365,1.2918,0.40821,-19.64037,21.57683,0.00000,0
762076,1.7000,1.9157,1.2934,0.40659,-19.66488,21.58055,0.00000,0
762576,1.7000,1.9071,1.2942,0.40579,-19.67713,21.58425,0.00000,0
763076,1.7000,1.8986,1.2950,0.40498,-19.68938,21.58794,0.00000,0
763576,1.7000,1.9268,1.2934,0.40659,-19.66488,21.59164,0.00000,0
764076,1.7000,1.9305,1.2934,0.40659,-19.66488,21.59535,0.00000,0
764576,1.7000,1.9342,1.2934,0.40659,-19.66488,21.59905,0.00000,0
765076,1.7000,1.9379,1.2934,0.40659,-19.66488,21.60276,0.00000,0
765576,1.7000,1.9293,1.2942,0.40579,-19.67713,21.60646,0.00000,0
766076,1.7000,1.9085,1.2958,0.40418,-19.70163,21.61015,0.00000,0
766576,1.7000,1.8999,1.2966,0.40337,-19.71388,21.61383,0.00000,0
767076,1.7000,1.9036,1.2966,0.40337,-19.71388,21.61751,0.00000,0
767576,1.7000,1.9318,1.2950,0.40498,-19.68938,21.62119,0.00000,0
768076,1.7000,1.9723,1.2926,0.40740,-19.65262,21.62489,0.00000,0
768576,1.7000,1.9392,1.2950,0.40498,-19.68938,21.62859,0.00000,0
769076,1.7000,1.9306,1.2958,0.40418,-19.70163,21.63228,0.00000,0
769576,1.7000,1.9221,1.2966,0.40337,-19.71388,21.63596,0.00000,0
770076,1.7000,1.9135,1.2974,0.40256,-19.72614,21.63963,0.00000,0
770576,1.7000,1.9172,1.2974,0.40256,-19.72614,21.64330,0.00000,0
771076,1.7000,1.9331,1.2966,0.40337,-19.71388,21.64698,0.00000,0
771576,1.7000,1.9368,1.2966,0.40337,-19.71388,21.65065,0.00000,0
772076,1.7000,1.9282,1.2974,0.40256,-19.72614,21.65433,0.00000,0
772576,1.7000,1.9319,1.2974,0.40256,-19.72614,21.65800,0.00000,0
773076,1.7000,1.8988,1.2999,0.40015,-19.76289,21.66165,0.00000,0
773576,1.7000,1.9024,1.2999,0.40015,-19.76289,21.66530,0.00000,0
774076,1.7000,1.9183,1.2990,0.40095,-19.75064,21.66895,0.00000,0
774576,1.7000,1.8975,1.3007,0.39934,-19.77514,21.67260,0.00000,0
775076,1.7000,1.9133,1.2999,0.40015,-19.76289,21.67624,0.00000,0
775576,1.7000,1.9170,1.2999,0.40015,-19.76289,21.67989,0.00000,0
776076,1.7000,1.9206,1.2999,0.40015,-19.76289,21.68353,0.00000,0
776576,1.7000,1.9611,1.2974,0.40256,-19.72614,21.68719,0.00000,0
777076,1.7000,1.9770,1.2966,0.40337,-19.71388,21.69087,0.00000,0
777576,1.7000,1.9316,1.2999,0.40015,-19.76289,21.69453,0.00000,0
778076,1.7000,1.9475,1.2990,0.40095,-19.75064,21.69818,0.00000,0
778576,1.7000,1.9634,1.2982,0.40176,-19.73839,21.70184,0.00000,0
779076,1.7000,1.9549,1.2990,0.40095,-19.75064,21.70550,0.00000,0
779576,1.7000,2.0075,1.2958,0.40418,-19.70163,21.70917,0.00000,0
780076,1.7000,1.9990,1.2966,0.40337,-19.71388,21.71284,0.00000,0
780576,1.7000,1.9904,1.2974,0.40256,-19.72614,21.71652,0.00000,0
781076,1.7000,1.9695,1.2990,0.40095,-19.75064,21.72018,0.00000,0
781576,1.7000,1.9364,1.3015,0.39853,-19.78740,21.72382,0.00000,0
782076,1.7000,1.9155,1.3031,0.39692,-19.81190,21.72745,0.00000,0
782576,1.7000,1.9559,1.3007,0.39934,-19.77514,21.73108,0.00000,0
783076,1.7000,1.8860,1.3055,0.39451,-19.84866,21.73469,0.00000,0
783576,1.7000,1.8896,1.3055,0.39451,-19.84866,21.73829,0.00000,0
784076,1.7000,1.9177,1.3039,0.39612,-19.82416,21.74189,0.00000,0
784576,1.7000,1.8723,1.3071,0.39289,-19.87317,21.74549,0.00000,0
785076,1.7000,1.9004,1.3055,0.39451,-19.84866,21.74907,0.00000,0
785576,1.7000,1.9040,1.3055,0.39451,-19.84866,21.75267,0.00000,0
786076,1.7000,1.9199,1.3047,0.39531,-19.83641,21.75627,0.00000,0
786576,1.7000,1.9235,1.3047,0.39531,-19.83641,21.75987,0.00000,0
787076,1.7000,1.9271,1.3047,0.39531,-19.83641,21.76348,0.00000,0
787576,1.7000,1.9552,1.3031,0.39692,-19.81190,21.76709,0.00000,0
788076,1.7000,2.0078,1.2999,0.40015,-19.76289,21.77072,0.00000,0
788576,1.7000,1.9870,1.3015,0.39853,-19.78740,21.77436,0.00000,0
789076,1.7000,1.9538,1.3039,0.39612,-19.82416,21.77798,0.00000,0
789576,1.7000,1.9574,1.3039,0.39612,-19.82416,21.78159,0.00000,0
790076,1.7000,1.9610,1.3039,0.39612,-19.82416,21.78520,0.00000,0
790576,1.7000,1.9524,1.3047,0.39531,-19.83641,21.78881,0.00000,0
791076,1.7000,1.9560,1.3047,0.39531,-19.83641,21.79241,0.00000,0
791576,1.7000,1.9841,1.3031,0.39692,-19.81190,21.79602,0.00000,0
792076,1.7000,1.9755,1.3039,0.39612,-19.82416,21.79963,0.00000,0
792576,1.7000,1.9546,1.3055,0.39451,-19.84866,21.80324,0.00000,0
793076,1.7000,1.9582,1.3055,0.39451,-19.84866,21.80683,0.00000,0
793576,1.7000,1.9618,1.3055,0.39451,-19.84866,21.81043,0.00000,0
794076,1.7000,1.9899,1.3039,0.39612,-19.82416,21.81403,0.00000,0
794576,1.7000,1.9690,1.3055,0.39451,-19.84866,21.81763,0.00000,0
795076,1.7000,1.9481,1.3071,0.39289,-19.87317,21.82122,0.00000,0
795576,1.7000,1.9762,1.3055,0.39451,-19.84866,21.82481,0.00000,0
796076,1.7000,1.9797,1.3055,0.39451,-19.84866,21.82841,0.00000,0
796576,1.7000,1.9711,1.3063,0.39370,-19.86091,21.83200,0.00000,0
797076,1.7000,1.9869,1.3055,0.39451,-19.84866,21.83559,0.00000,0
797576,1.7000,1.9292,1.3095,0.39048,-19.90992,21.83916,0.00000,0
798076,1.7000,1.9083,1.3111,0.38886,-19.93443,21.84272,0.00000,0
798576,1.7000,1.9363,1.3095,0.39048,-19.90992,21.84627,0.00000,0
799076,1.7000,1.9154,1.3111,0.38886,-19.93443,21.84982,0.00000,0
799576,1.7000,1.9312,1.3103,0.38967,-19.92217,21.85337,0.00000,0
800076,1.7000,1.9102,1.3119,0.38806,-19.94668,21.85691,0.00000,0
800576,1.7000,1.8647,1.3152,0.38484,-19.99569,21.86043,0.00000,0
801076,1.7000,1.8437,1.3168,0.38322,-20.02019,21.86393,0.00000,0
801576,1.7000,1.8717,1.3152,0.38484,-19.99569,21.86743,0.00000,0
802076,1.7000,1.8630,1.3160,0.38403,-20.00794,21.87094,0.00000,0
802576,1.7000,1.9155,1.3127,0.38725,-19.95893,21.87445,0.00000,0
803076,1.7000,1.9558,1.3103,0.38967,-19.92217,21.87799,0.00000,0
803576,1.7000,1.9349,1.3119,0.38806,-19.94668,21.88154,0.00000,0
804076,1.7000,1.9384,1.3119,0.38806,-19.94668,21.88507,0.00000,0
804576,1.7000,1.9297,1.3127,0.38725,-19.95893,21.88861,0.00000,0
805076,1.7000,1.9455,1.3119,0.38806,-19.94668,21.89214,0.00000,0
805576,1.7000,1.9735,1.3103,0.38967,-19.92217,21.89568,0.00000,0
806076,1.7000,2.0261,1.3071,0.39289,-19.87317,21.89925,0.00000,0
806576,1.7000,2.0052,1.3087,0.39128,-19.89767,21.90282,0.00000,0
807076,1.7000,2.0087,1.3087,0.39128,-19.89767,21.90639,0.00000,0
807576,1.7000,1.9878,1.3103,0.38967,-19.92217,21.90995,0.00000,0
808076,1.7000,1.9668,1.3119,0.38806,-19.94668,21.91349,0.00000,0
808576,1.7000,1.9704,1.3119,0.38806,-19.94668,21.91703,0.00000,0
809076,1.7000,1.9494,1.3136,0.38645,-19.97118,21.92056,0.00000,0
809576,1.7000,1.9774,1.3119,0.38806,-19.94668,21.92409,0.00000,0
810076,1.7000,1.9932,1.3111,0.38886,-19.93443,21.92763,0.00000,0
810576,1.7000,1.9967,1.3111,0.38886,-19.93443,21.93117,0.00000,0
811076,1.7000,1.9390,1.3152,0.38484,-19.99569,21.93470,0.00000,0
811576,1.7000,1.9548,1.3144,0.38564,-19.98343,21.93821,0.00000,0
812076,1.7000,1.9705,1.3136,0.38645,-19.97118,21.94173,0.00000,0
812576,1.7000,1.9618,1.3144,0.38564,-19.98343,21.94525,0.00000,0
813076,1.7000,1.9776,1.3136,0.38645,-19.97118,21.94876,0.00000,0
813576,1.7000,1.9934,1.3127,0.38725,-19.95893,21.95229,0.00000,0
814076,1.7000,1.9969,1.3127,0.38725,-19.95893,21.95582,0.00000,0
814576,1.7000,1.9882,1.3136,0.38645,-19.97118,21.95935,0.00000,0
815076,1.7000,1.9794,1.3144,0.38564,-19.98343,21.96287,0.00000,0
815576,1.7000,1.9829,1.3144,0.38564,-19.98343,21.96638,0.00000,0
816076,1.7000,1.9987,1.3136,0.38645,-19.97118,21.96990,0.00000,0
816576,1.7000,1.9532,1.3168,0.38322,-20.02019,21.97341,0.00000,0
817076,1.7000,1.9690,1.3160,0.38403,-20.00794,21.97690,0.00000,0
817576,1.7000,1.9970,1.3144,0.38564,-19.98343,21.98041,0.00000,0
818076,1.7000,2.0250,1.3127,0.38725,-19.95893,21.98393,0.00000,0
818576,1.7000,2.0530,1.3111,0.38886,-19.93443,21.98747,0.00000,0
819076,1.7000,2.0443,1.3119,0.38806,-19.94668,21.99101,0.00000,0
819576,1.7000,2.0601,1.3111,0.38886,-19.93443,21.99455,0.00000,0
820076,1.7000,2.0514,1.3119,0.38806,-19.94668,21.99809,0.00000,0
820576,1.7000,2.0427,1.3127,0.38725,-19.95893,22.00162,0.00000,0
821076,1.7000,2.0340,1.3136,0.38645,-19.97118,22.00515,0.00000,0
821576,1.7000,2.0497,1.3127,0.38725,-19.95893,22.00868,0.00000,0
822076,1.7000,2.0288,1.3144,0.38564,-19.98343,22.01220,0.00000,0
822576,1.7000,2.0200,1.3152,0.38484,-19.99569,22.01571,0.00000,0
823076,1.7000,2.0113,1.3160,0.38403,-20.00794,22.01921,0.00000,0
823576,1.7000,1.9535,1.3200,0.38000,-20.06920,22.02270,0.00000,0
824076,1.7000,1.9815,1.3184,0.38161,-20.04469,22.02617,0.00000,0
824576,1.7000,1.9972,1.3176,0.38242,-20.03244,22.02965,0.00000,0
825076,1.7000,2.0007,1.3176,0.38242,-20.03244,22.03313,0.00000,0
825576,1.7000,2.0164,1.3168,0.38322,-20.02019,22.03662,0.00000,0
826076,1.7000,2.0567,1.3144,0.38564,-19.98343,22.04012,0.00000,0
826576,1.7000,2.0602,1.3144,0.38564,-19.98343,22.04364,0.00000,0
827076,1.7000,2.0637,1.3144,0.38564,-19.98343,22.04716,0.00000,0
827576,1.7000,2.0795,1.3136,0.38645,-19.97118,22.05067,0.00000,0
828076,1.7000,2.0585,1.3152,0.38484,-19.99569,22.05419,0.00000,0
828576,1.7000,2.0620,1.3152,0.38484,-19.99569,22.05770,0.00000,0
829076,1.7000,2.0900,1.3136,0.38645,-19.97118,22.06121,0.00000,0
829576,1.7000,2.0813,1.3144,0.38564,-19.98343,22.06473,0.00000,0
830076,1.7000,2.0603,1.3160,0.38403,-20.00794,22.06824,0.00000,0
830576,1.7000,2.0393,1.3176,0.38242,-20.03244,22.07173,0.00000,0
831076,1.7000,2.0183,1.3192,0.38081,-20.05695,22.07521,0.00000,0
831576,1.7000,2.0340,1.3184,0.38161,-20.04469,22.07868,0.00000,0
832076,1.7000,2.0375,1.3184,0.38161,-20.04469,22.08216,0.00000,0
832576,1.7000,2.0164,1.3200,0.38000,-20.06920,22.08563,0.00000,0
833076,1.7000,2.0199,1.3200,0.38000,-20.06920,22.08910,0.00000,0
833576,1.7000,2.0356,1.3192,0.38081,-20.05695,22.09256,0.00000,0
834076,1.7000,2.0636,1.3176,0.38242,-20.03244,22.09604,0.00000,0
834576,1.7000,2.0671,1.3176,0.38242,-20.03244,22.09953,0.00000,0
835076,1.7000,2.0706,1.3176,0.38242,-20.03244,22.10301,0.00000,0
835576,1.7000,2.0741,1.3176,0.38242,-20.03244,22.10649,0.00000,0
836076,1.7000,2.0898,1.3168,0.38322,-20.02019,22.10998,0.00000,0
836576,1.7000,2.1055,1.3160,0.38403,-20.00794,22.11348,0.00000,0
837076,1.7000,2.1090,1.3160,0.38403,-20.00794,22.11698,0.00000,0
837576,1.7000,2.1125,1.3160,0.38403,-20.00794,22.12048,0.00000,0
838076,1.7000,2.0915,1.3176,0.38242,-20.03244,22.12397,0.00000,0
838576,1.7000,2.0828,1.3184,0.38161,-20.04469,22.12745,0.00000,0
839076,1.7000,2.0495,1.3208,0.37919,-20.08145,22.13092,0.00000,0
839576,1.7000,2.0407,1.3216,0.37839,-20.09371,22.13437,0.00000,0
840076,1.7000,2.0441,1.3216,0.37839,-20.09371,22.13782,0.00000,0
840576,1.7000,2.0476,1.3216,0.37839,-20.09371,22.14127,0.00000,0
841076,1.7000,2.0142,1.3240,0.37597,-20.13046,22.14471,0.00000,0
841576,1.7000,1.9932,1.3256,0.37436,-20.15497,22.14813,0.00000,0
842076,1.7000,2.0211,1.3240,0.37597,-20.13046,22.15155,0.00000,0
842576,1.7000,2.0245,1.3240,0.37597,-20.13046,22.15497,0.00000,0
843076,1.7000,2.0279,1.3240,0.37597,-20.13046,22.15840,0.00000,0
843576,1.7000,2.0314,1.3240,0.37597,-20.13046,22.16183,0.00000,0
844076,1.7000,2.0225,1.3248,0.37516,-20.14271,22.16525,0.00000,0
844576,1.7000,2.0260,1.3248,0.37516,-20.14271,22.16867,0.00000,0
845076,1.7000,2.0049,1.3264,0.37355,-20.16722,22.17208,0.00000,0
845576,1.7000,2.0083,1.3264,0.37355,-20.16722,22.17549,0.00000,0
846076,1.7000,2.0362,1.3248,0.37516,-20.14271,22.17890,0.00000,0
846576,1.7000,2.0028,1.3273,0.37275,-20.17947,22.18231,0.00000,0
847076,1.7000,1.9450,1.3313,0.36872,-20.24073,22.18569,0.00000,0
847576,1.7000,1.9728,1.3297,0.37033,-20.21623,22.18906,0.00000,0
848076,1.7000,1.9762,1.3297,0.37033,-20.21623,22.19243,0.00000,0
848576,1.7000,1.9796,1.3297,0.37033,-20.21623,22.19581,0.00000,0
849076,1.7000,1.9707,1.3305,0.36952,-20.22848,22.19918,0.00000,0
849576,1.7000,1.9741,1.3305,0.36952,-20.22848,22.20255,0.00000,0
850076,1.7000,2.0020,1.3289,0.37114,-20.20397,22.20592,0.00000,0
850576,1.7000,1.9931,1.3297,0.37033,-20.21623,22.20930,0.00000,0
851076,1.7000,1.9719,1.3313,0.36872,-20.24073,22.21267,0.00000,0
851576,1.7000,1.9998,1.3297,0.37033,-20.21623,22.21604,0.00000,0
852076,1.7000,2.0277,1.3281,0.37194,-20.19172,22.21942,0.00000,0
852576,1.7000,2.0556,1.3264,0.37355,-20.16722,22.22282,0.00000,0
853076,1.7000,2.0467,1.3273,0.37275,-20.17947,22.22622,0.00000,0
853576,1.7000,2.0501,1.3273,0.37275,-20.17947,22.22962,0.00000,0
854076,1.7000,2.0535,1.3273,0.37275,-20.17947,22.23301,0.00000,0
854576,1.7000,2.0324,1.3289,0.37114,-20.20397,22.23640,0.00000,0
855076,1.7000,2.0236,1.3297,0.37033,-20.21623,22.23978,0.00000,0
855576,1.7000,2.0392,1.3289,0.37114,-20.20397,22.24316,0.00000,0
856076,1.7000,2.0548,1.3281,0.37194,-20.19172,22.24654,0.00000,0
856576,1.7000,2.0460,1.3289,0.37114,-20.20397,22.24993,0.00000,0
857076,1.7000,2.0493,1.3289,0.37114,-20.20397,22.25331,0.00000,0
857576,1.7000,2.0037,1.3321,0.36791,-20.25298,22.25668,0.00000,0
858076,1.7000,2.0070,1.3321,0.36791,-20.25298,22.26003,0.00000,0
858576,1.7000,1.9981,1.3329,0.36711,-20.26524,22.26338,0.00000,0
859076,1.7000,2.0015,1.3329,0.36711,-20.26524,22.26673,0.00000,0
859576,1.7000,2.0539,1.3297,0.37033,-20.21623,22.27009,0.00000,0
860076,1.7000,2.0572,1.3297,0.37033,-20.21623,22.27346,0.00000,0
860576,1.7000,2.0484,1.3305,0.36952,-20.22848,22.27684,0.00000,0
861076,1.7000,2.0395,1.3313,0.36872,-20.24073,22.28020,0.00000,0
861576,1.7000,2.0306,1.3321,0.36791,-20.25298,22.28356,0.00000,0
862076,1.7000,2.0339,1.3321,0.36791,-20.25298,22.28691,0.00000,0
862576,1.7000,2.0618,1.3305,0.36952,-20.22848,22.29027,0.00000,0
863076,1.7000,2.0406,1.3321,0.36791,-20.25298,22.29363,0.00000,0
863576,1.7000,2.0195,1.3337,0.36630,-20.27749,22.29698,0.00000,0
864076,1.7000,1.9983,1.3353,0.36469,-20.30199,22.30031,0.00000,0
864576,1.7000,1.9649,1.3377,0.36227,-20.33875,22.30362,0.00000,0
865076,1.7000,1.9804,1.3369,0.36308,-20.32650,22.30693,0.00000,0
865576,1.7000,1.9837,1.3369,0.36308,-20.32650,22.31024,0.00000,0
866076,1.7000,1.9993,1.3361,0.36388,-20.31425,22.31355,0.00000,0
866576,1.7000,2.0271,1.3345,0.36549,-20.28974,22.31687,0.00000,0
867076,1.7000,2.0060,1.3361,0.36388,-20.31425,22.32020,0.00000,0
867576,1.7000,1.9970,1.3369,0.36308,-20.32650,22.32351,0.00000,0
868076,1.7000,2.0248,1.3353,0.36469,-20.30199,22.32683,0.00000,0
868576,1.7000,2.0649,1.3329,0.36711,-20.26524,22.33016,0.00000,0
869076,1.7000,2.1050,1.3305,0.36952,-20.22848,22.33352,0.00000,0
869576,1.7000,2.1329,1.3289,0.37114,-20.20397,22.33689,0.00000,0
870076,1.7000,2.1118,1.3305,0.36952,-20.22848,22.34027,0.00000,0
870576,1.7000,2.0784,1.3329,0.36711,-20.26524,22.34363,0.00000,0
871076,1.7000,2.0572,1.3345,0.36549,-20.28974,22.34697,0.00000,0
871576,1.7000,2.0728,1.3337,0.36630,-20.27749,22.35030,0.00000,0
872076,1.7000,2.1252,1.3305,0.36952,-20.22848,22.35365,0.00000,0
872576,1.7000,2.1163,1.3313,0.36872,-20.24073,22.35702,0.00000,0
873076,1.7000,2.1074,1.3321,0.36791,-20.25298,22.36037,0.00000,0
873576,1.7000,2.0985,1.3329,0.36711,-20.26524,22.36372,0.00000,0
874076,1.7000,2.0896,1.3337,0.36630,-20.27749,22.36707,0.00000,0
874576,1.7000,2.1052,1.3329,0.36711,-20.26524,22.37041,0.00000,0
875076,1.7000,2.1085,1.3329,0.36711,-20.26524,22.37375,0.00000,0
875576,1.7000,2.1486,1.3305,0.36952,-20.22848,22.37711,0.00000,0
876076,1.7000,2.1765,1.3289,0.37114,-20.20397,22.38049,0.00000,0
876576,1.7000,2.1431,1.3313,0.36872,-20.24073,22.38386,0.00000,0
877076,1.7000,2.1342,1.3321,0.36791,-20.25298,22.38721,0.00000,0
877576,1.7000,2.1253,1.3329,0.36711,-20.26524,22.39056,0.00000,0
878076,1.7000,2.1532,1.3313,0.36872,-20.24073,22.39392,0.00000,0
878576,1.7000,2.1443,1.3321,0.36791,-20.25298,22.39727,0.00000,0
879076,1.7000,2.1231,1.3337,0.36630,-20.27749,22.40062,0.00000,0
879576,1.7000,2.0774,1.3369,0.36308,-20.32650,22.40394,0.00000,0
880076,1.7000,2.0685,1.3377,0.36227,-20.33875,22.40725,0.00000,0
880576,1.7000,2.0595,1.3385,0.36147,-20.35100,22.41055,0.00000,0
881076,1.7000,2.0383,1.3401,0.35985,-20.37551,22.41383,0.00000,0
881576,1.7000,2.0539,1.3393,0.36066,-20.36325,22.41712,0.00000,0
882076,1.7000,2.0326,1.3410,0.35905,-20.38776,22.42040,0.00000,0
882576,1.7000,2.0482,1.3401,0.35985,-20.37551,22.42367,0.00000,0
883076,1.7000,2.0392,1.3410,0.35905,-20.38776,22.42695,0.00000,0
883576,1.7000,2.0425,1.3410,0.35905,-20.38776,22.43022,0.00000,0
884076,1.7000,2.0457,1.3410,0.35905,-20.38776,22.43350,0.00000,0
884576,1.7000,2.0490,1.3410,0.35905,-20.38776,22.43677,0.00000,0
885076,1.7000,2.0278,1.3426,0.35744,-20.41226,22.44003,0.00000,0
885576,1.7000,2.0433,1.3418,0.35824,-20.40001,22.44330,0.00000,0
886076,1.7000,2.0588,1.3410,0.35905,-20.38776,22.44657,0.00000,0
886576,1.7000,2.0253,1.3434,0.35663,-20.42451,22.44983,0.00000,0
887076,1.7000,2.0286,1.3434,0.35663,-20.42451,22.45308,0.00000,0
887576,1.7000,2.0073,1.3450,0.35502,-20.44902,22.45632,0.00000,0
888076,1.7000,1.9615,1.3482,0.35179,-20.49803,22.45954,0.00000,0
888576,1.7000,1.9525,1.3490,0.35099,-20.51028,22.46274,0.00000,0
889076,1.7000,1.9557,1.3490,0.35099,-20.51028,22.46594,0.00000,0
889576,1.7000,1.9834,1.3474,0.35260,-20.48578,22.46915,0.00000,0
890076,1.7000,1.9743,1.3482,0.35179,-20.49803,22.47236,0.00000,0
890576,1.7000,1.9530,1.3498,0.35018,-20.52253,22.47556,0.00000,0
891076,1.7000,1.9317,1.3514,0.34857,-20.54704,22.47874,0.00000,0
891576,1.7000,1.9349,1.3514,0.34857,-20.54704,22.48192,0.00000,0
892076,1.7000,1.9381,1.3514,0.34857,-20.54704,22.48510,0.00000,0
892576,1.7000,1.9903,1.3482,0.35179,-20.49803,22.48829,0.00000,0
893076,1.7000,2.0302,1.3458,0.35421,-20.46127,22.49150,0.00000,0
893576,1.7000,2.0457,1.3450,0.35502,-20.44902,22.49474,0.00000,0
894076,1.7000,2.0367,1.3458,0.35421,-20.46127,22.49797,0.00000,0
894576,1.7000,2.0399,1.3458,0.35421,-20.46127,22.50120,0.00000,0
895076,1.7000,2.0677,1.3442,0.35582,-20.43677,22.50443,0.00000,0
895576,1.7000,2.0586,1.3450,0.35502,-20.44902,22.50767,0.00000,0
896076,1.7000,2.0864,1.3434,0.35663,-20.42451,22.51091,0.00000,0
896576,1.7000,2.1019,1.3426,0.35744,-20.41226,22.51417,0.00000,0
897076,1.7000,2.1174,1.3418,0.35824,-20.40001,22.51743,0.00000,0
897576,1.7000,2.0594,1.3458,0.35421,-20.46127,22.52067,0.00000,0
898076,1.7000,2.0504,1.3466,0.35341,-20.47352,22.52390,0.00000,0
898576,1.7000,2.0291,1.3482,0.35179,-20.49803,22.52711,0.00000,0
899076,1.7000,2.0323,1.3482,0.35179,-20.49803,22.53032,0.00000,0
899576,1.7000,2.0355,1.3482,0.35179,-20.49803,22.53353,0.00000,0
900076,1.7000,2.0264,1.3490,0.35099,-20.51028,22.53673,0.00000,0
900576,1.7000,2.0787,1.3458,0.35421,-20.46127,22.53994,0.00000,0
901076,1.7000,2.0819,1.3458,0.35421,-20.46127,22.54317,0.00000,0
901576,1.7000,2.0729,1.3466,0.35341,-20.47352,22.54640,0.00000,0
902076,1.7000,2.0884,1.3458,0.35421,-20.46127,22.54962,0.00000,0
902576,1.7000,2.1038,1.3450,0.35502,-20.44902,22.55285,0.00000,0
903076,1.7000,2.1193,1.3442,0.35582,-20.43677,22.55609,0.00000,0
903576,1.7000,2.1103,1.3450,0.35502,-20.44902,22.55933,0.00000,0
904076,1.7000,2.1013,1.3458,0.35421,-20.46127,22.56256,0.00000,0
904576,1.7000,2.1168,1.3450,0.35502,-20.44902,22.56579,0.00000,0
905076,1.7000,2.1323,1.3442,0.35582,-20.43677,22.56903,0.00000,0
905576,1.7000,2.1232,1.3450,0.35502,-20.44902,22.57227,0.00000,0
906076,1.7000,2.1020,1.3466,0.35341,-20.47352,22.57550,0.00000,0
906576,1.7000,2.0929,1.3474,0.35260,-20.48578,22.57872,0.00000,0
907076,1.7000,2.0839,1.3482,0.35179,-20.49803,22.58193,0.00000,0
907576,1.7000,2.0871,1.3482,0.35179,-20.49803,22.58513,0.00000,0
908076,1.7000,2.0903,1.3482,0.35179,-20.49803,22.58834,0.00000,0
908576,1.7000,2.0935,1.3482,0.35179,-20.49803,22.59155,0.00000,0
909076,1.7000,2.0967,1.3482,0.35179,-20.49803,22.59475,0.00000,0
909576,1.7000,2.0754,1.3498,0.35018,-20.52253,22.59795,0.00000,0
910076,1.7000,2.0541,1.3514,0.34857,-20.54704,22.60113,0.00000,0
910576,1.7000,2.0082,1.3547,0.34535,-20.59605,22.60430,0.00000,0
911076,1.7000,2.0237,1.3538,0.34615,-20.58380,22.60745,0.00000,0
911576,1.7000,2.0023,1.3555,0.34454,-20.60830,22.61059,0.00000,0
912076,1.7000,1.9932,1.3563,0.34374,-20.62055,22.61373,0.00000,0
912576,1.7000,1.9595,1.3587,0.34132,-20.65731,22.61685,0.00000,0
913076,1.7000,1.9627,1.3587,0.34132,-20.65731,22.61996,0.00000,0
913576,1.7000,1.9780,1.3579,0.34212,-20.64506,22.62308,0.00000,0
914076,1.7000,1.9566,1.3595,0.34051,-20.66956,22.62619,0.00000,0
914576,1.7000,1.9475,1.3603,0.33971,-20.68181,22.62929,0.00000,0
915076,1.7000,1.9138,1.3627,0.33729,-20.71857,22.63237,0.00000,0
915576,1.7000,1.9414,1.3611,0.33890,-20.69407,22.63545,0.00000,0
916076,1.7000,1.8955,1.3643,0.33568,-20.74307,22.63853,0.00000,0
916576,1.7000,1.9230,1.3627,0.33729,-20.71857,22.64160,0.00000,0
917076,1.7000,1.9138,1.3635,0.33648,-20.73082,22.64467,0.00000,0
917576,1.7000,1.9659,1.3603,0.33971,-20.68181,22.64775,0.00000,0
918076,1.7000,1.9323,1.3627,0.33729,-20.71857,22.65083,0.00000,0
918576,1.7000,1.9599,1.3611,0.33890,-20.69407,22.65392,0.00000,0
919076,1.7000,1.9997,1.3587,0.34132,-20.65731,22.65701,0.00000,0
919576,1.7000,1.9906,1.3595,0.34051,-20.66956,22.66012,0.00000,0
920076,1.7000,2.0427,1.3563,0.34374,-20.62055,22.66324,0.00000,0
920576,1.7000,2.0336,1.3571,0.34293,-20.63280,22.66637,0.00000,0
921076,1.7000,2.0735,1.3547,0.34535,-20.59605,22.66951,0.00000,0
921576,1.7000,2.0889,1.3538,0.34615,-20.58380,22.67266,0.00000,0
922076,1.7000,2.0920,1.3538,0.34615,-20.58380,22.67581,0.00000,0
922576,1.7000,2.0461,1.3571,0.34293,-20.63280,22.67895,0.00000,0
923076,1.7000,2.0615,1.3563,0.34374,-20.62055,22.68208,0.00000,0
923576,1.7000,2.0402,1.3579,0.34212,-20.64506,22.68521,0.00000,0
924076,1.7000,2.0065,1.3603,0.33971,-20.68181,22.68831,0.00000,0
924576,1.7000,2.0096,1.3603,0.33971,-20.68181,22.69141,0.00000,0
925076,1.7000,2.0004,1.3611,0.33890,-20.69407,22.69450,0.00000,0
925576,1.7000,1.9790,1.3627,0.33729,-20.71857,22.69758,0.00000,0
926076,1.7000,1.9821,1.3627,0.33729,-20.71857,22.70066,0.00000,0
926576,1.7000,1.9729,1.3635,0.33648,-20.73082,22.70373,0.00000,0
927076,1.7000,1.9637,1.3643,0.33568,-20.74307,22.70679,0.00000,0
927576,1.7000,1.9545,1.3651,0.33487,-20.75533,22.70985,0.00000,0
928076,1.7000,1.9453,1.3659,0.33407,-20.76758,22.71290,0.00000,0
928576,1.7000,1.9361,1.3667,0.33326,-20.77983,22.71594,0.00000,0
929076,1.7000,1.9637,1.3651,0.33487,-20.75533,22.71898,0.00000,0
929576,1.7000,1.9790,1.3643,0.33568,-20.74307,22.72204,0.00000,0
930076,1.7000,1.9820,1.3643,0.33568,-20.74307,22.72510,0.00000,0
930576,1.7000,1.9728,1.3651,0.33487,-20.75533,22.72815,0.00000,0
931076,1.7000,1.9759,1.3651,0.33487,-20.75533,22.73120,0.00000,0
931576,1.7000,1.9667,1.3659,0.33407,-20.76758,22.73425,0.00000,0
932076,1.7000,1.9697,1.3659,0.33407,-20.76758,22.73730,0.00000,0
932576,1.7000,1.9973,1.3643,0.33568,-20.74307,22.74035,0.00000,0
933076,1.7000,1.9758,1.3659,0.33407,-20.76758,22.74340,0.00000,0
933576,1.7000,1.9544,1.3675,0.33245,-20.79208,22.74644,0.00000,0
934076,1.7000,1.9329,1.3692,0.33084,-20.81659,22.74946,0.00000,0
934576,1.7000,1.9236,1.3700,0.33004,-20.82884,22.75247,0.00000,0
935076,1.7000,1.9266,1.3700,0.33004,-20.82884,22.75548,0.00000,0
935576,1.7000,1.9174,1.3708,0.32923,-20.84109,22.75848,0.00000,0
936076,1.7000,1.9081,1.3716,0.32842,-20.85335,22.76148,0.00000,0
936576,1.7000,1.9356,1.3700,0.33004,-20.82884,22.76448,0.00000,0
937076,1.7000,1.9019,1.3724,0.32762,-20.86560,22.76748,0.00000,0
937576,1.7000,1.8681,1.3748,0.32520,-20.90235,22.77045,0.00000,0
938076,1.7000,1.8956,1.3732,0.32681,-20.87785,22.77342,0.00000,0
938576,1.7000,1.9108,1.3724,0.32762,-20.86560,22.77641,0.00000,0
939076,1.7000,1.9138,1.3724,0.32762,-20.86560,22.77939,0.00000,0
939576,1.7000,1.9781,1.3684,0.33165,-20.80434,22.78239,0.00000,0
940076,1.7000,1.9566,1.3700,0.33004,-20.82884,22.78541,0.00000,0
940576,1.7000,1.9718,1.3692,0.33084,-20.81659,22.78842,0.00000,0
941076,1.7000,1.9503,1.3708,0.32923,-20.84109,22.79143,0.00000,0
941576,1.7000,1.9043,1.3740,0.32601,-20.89010,22.79441,0.00000,0
942076,1.7000,1.9195,1.3732,0.32681,-20.87785,22.79739,0.00000,0
942576,1.7000,1.9470,1.3716,0.32842,-20.85335,22.80037,0.00000,0
943076,1.7000,1.9378,1.3724,0.32762,-20.86560,22.80336,0.00000,0
943576,1.7000,1.9162,1.3740,0.32601,-20.89010,22.80634,0.00000,0
944076,1.7000,1.9192,1.3740,0.32601,-20.89010,22.80931,0.00000,0
944576,1.7000,1.8609,1.3780,0.32198,-20.95136,22.81227,0.00000,0
945076,1.7000,1.8638,1.3780,0.32198,-20.95136,22.81520,0.00000,0
945576,1.7000,1.8545,1.3788,0.32117,-20.96362,22.81813,0.00000,0
946076,1.7000,1.8697,1.3780,0.32198,-20.95136,22.82107,0.00000,0
946576,1.7000,1.8849,1.3772,0.32278,-20.93911,22.82400,0.00000,0
947076,1.7000,1.9001,1.3764,0.32359,-20.92686,22.82695,0.00000,0
947576,1.7000,1.8663,1.3788,0.32117,-20.96362,22.82989,0.00000,0
948076,1.7000,1.8447,1.3804,0.31956,-20.98812,22.83281,0.00000,0
948576,1.7000,1.8966,1.3772,0.32278,-20.93911,22.83573,0.00000,0
949076,1.7000,1.9118,1.3764,0.32359,-20.92686,22.83868,0.00000,0
949576,1.7000,1.9515,1.3740,0.32601,-20.89010,22.84164,0.00000,0
950076,1.7000,1.9790,1.3724,0.32762,-20.86560,22.84462,0.00000,0
950576,1.7000,2.0188,1.3700,0.33004,-20.82884,22.84761,0.00000,0
951076,1.7000,1.9850,1.3724,0.32762,-20.86560,22.85061,0.00000,0
951576,1.7000,1.9757,1.3732,0.32681,-20.87785,22.85359,0.00000,0
952076,1.7000,1.9787,1.3732,0.32681,-20.87785,22.85657,0.00000,0
952576,1.7000,1.9940,1.3724,0.32762,-20.86560,22.85956,0.00000,0
953076,1.7000,2.0950,1.3659,0.33407,-20.76758,22.86257,0.00000,0
953576,1.7000,2.0000,1.3724,0.32762,-20.86560,22.86559,0.00000,0
954076,1.7000,1.9785,1.3740,0.32601,-20.89010,22.86857,0.00000,0
954576,1.7000,1.9569,1.3756,0.32440,-20.91461,22.87153,0.00000,0
955076,1.7000,1.9231,1.3780,0.32198,-20.95136,22.87448,0.00000,0
955576,1.7000,1.8893,1.3804,0.31956,-20.98812,22.87740,0.00000,0
956076,1.7000,1.9044,1.3796,0.32037,-20.97587,22.88032,0.00000,0
956576,1.7000,1.9074,1.3796,0.32037,-20.97587,22.88324,0.00000,0
957076,1.7000,1.9103,1.3796,0.32037,-20.97587,22.88616,0.00000,0
957576,1.7000,1.9377,1.3780,0.32198,-20.95136,22.88908,0.00000,0
958076,1.7000,1.8549,1.3837,0.31634,-21.03713,22.89199,0.00000,0
958576,1.7000,1.9313,1.3788,0.32117,-20.96362,22.89490,0.00000,0
959076,1.7000,1.9465,1.3780,0.32198,-20.95136,22.89783,0.00000,0
959576,1.7000,1.9617,1.3772,0.32278,-20.93911,22.90077,0.00000,0
960076,1.7000,1.9646,1.3772,0.32278,-20.93911,22.90371,0.00000,0
960576,1.7000,1.9675,1.3772,0.32278,-20.93911,22.90665,0.00000,0
961076,1.7000,1.9950,1.3756,0.32440,-20.91461,22.90960,0.00000,0
961576,1.7000,1.9979,1.3756,0.32440,-20.91461,22.91255,0.00000,0
962076,1.7000,2.0132,1.3748,0.32520,-20.90235,22.91551,0.00000,0
962576,1.7000,2.0161,1.3748,0.32520,-20.90235,22.91848,0.00000,0
963076,1.7000,2.0191,1.3748,0.32520,-20.90235,22.92144,0.00000,0
963576,1.7000,2.0098,1.3756,0.32440,-20.91461,22.92440,0.00000,0
964076,1.7000,1.9760,1.3780,0.32198,-20.95136,22.92735,0.00000,0
964576,1.7000,1.9667,1.3788,0.32117,-20.96362,22.93028,0.00000,0
965076,1.7000,1.9941,1.3772,0.32278,-20.93911,22.93321,0.00000,0
965576,1.7000,1.9970,1.3772,0.32278,-20.93911,22.93616,0.00000,0
966076,1.7000,1.9755,1.3788,0.32117,-20.96362,22.93909,0.00000,0
966576,1.7000,1.9907,1.3780,0.32198,-20.95136,22.94202,0.00000,0
967076,1.7000,2.0058,1.3772,0.32278,-20.93911,22.94496,0.00000,0
967576,1.7000,1.9965,1.3780,0.32198,-20.95136,22.94790,0.00000,0
968076,1.7000,2.0117,1.3772,0.32278,-20.93911,22.95083,0.00000,0
968576,1.7000,2.0269,1.3764,0.32359,-20.92686,22.95378,0.00000,0
969076,1.7000,2.0544,1.3748,0.32520,-20.90235,22.95674,0.00000,0
969576,1.7000,2.0819,1.3732,0.32681,-20.87785,22.95971,0.00000,0
970076,1.7000,2.0848,1.3732,0.32681,-20.87785,22.96269,0.00000,0
970576,1.7000,2.0756,1.3740,0.32601,-20.89010,22.96566,0.00000,0
971076,1.7000,2.0540,1.3756,0.32440,-20.91461,22.96863,0.00000,0
971576,1.7000,2.0447,1.3764,0.32359,-20.92686,22.97158,0.00000,0
972076,1.7000,2.0109,1.3788,0.32117,-20.96362,22.97452,0.00000,0
972576,1.7000,2.0138,1.3788,0.32117,-20.96362,22.97744,0.00000,0
973076,1.7000,2.0045,1.3796,0.32037,-20.97587,22.98037,0.00000,0
973576,1.7000,1.9707,1.3821,0.31795,-21.01262,22.98328,0.00000,0
974076,1.7000,1.9613,1.3829,0.31714,-21.02488,22.98617,0.00000,0
974576,1.7000,1.9397,1.3845,0.31553,-21.04938,22.98905,0.00000,0
975076,1.7000,1.9425,1.3845,0.31553,-21.04938,22.99193,0.00000,0
975576,1.7000,1.9454,1.3845,0.31553,-21.04938,22.99481,0.00000,0
976076,1.7000,1.9728,1.3829,0.31714,-21.02488,22.99769,0.00000,0
976576,1.7000,1.9757,1.3829,0.31714,-21.02488,23.00058,0.00000,0
977076,1.7000,1.9786,1.3829,0.31714,-21.02488,23.00347,0.00000,0
977576,1.7000,1.9937,1.3821,0.31795,-21.01262,23.00636,0.00000,0
978076,1.7000,2.0211,1.3804,0.31956,-20.98812,23.00927,0.00000,0
978576,1.7000,2.0608,1.3780,0.32198,-20.95136,23.01219,0.00000,0
979076,1.7000,2.0393,1.3796,0.32037,-20.97587,23.01512,0.00000,0
979576,1.7000,2.0054,1.3821,0.31795,-21.01262,23.01803,0.00000,0
980076,1.7000,1.9960,1.3829,0.31714,-21.02488,23.02092,0.00000,0
980576,1.7000,1.9867,1.3837,0.31634,-21.03713,23.02381,0.00000,0
981076,1.7000,1.9528,1.3861,0.31392,-21.07388,23.02668,0.00000,0
981576,1.7000,1.9434,1.3869,0.31311,-21.08614,23.02954,0.00000,0
982076,1.7000,1.9340,1.3877,0.31231,-21.09839,23.03239,0.00000,0
982576,1.7000,1.9123,1.3893,0.31070,-21.12289,23.03522,0.00000,0
983076,1.7000,1.8784,1.3917,0.30828,-21.15965,23.03805,0.00000,0
983576,1.7000,1.8689,1.3925,0.30747,-21.17190,23.04085,0.00000,0
984076,1.7000,1.8717,1.3925,0.30747,-21.17190,23.04365,0.00000,0
984576,1.7000,1.9236,1.3893,0.31070,-21.12289,23.04647,0.00000,0
985076,1.7000,1.9142,1.3901,0.30989,-21.13515,23.04930,0.00000,0
985576,1.7000,1.9292,1.3893,0.31070,-21.12289,23.05213,0.00000,0
986076,1.7000,1.9566,1.3877,0.31231,-21.09839,23.05497,0.00000,0
986576,1.7000,1.9962,1.3853,0.31473,-21.06163,23.05782,0.00000,0
987076,1.7000,2.0113,1.3845,0.31553,-21.04938,23.06070,0.00000,0
987576,1.7000,2.0019,1.3853,0.31473,-21.06163,23.06357,0.00000,0
988076,1.7000,2.0048,1.3853,0.31473,-21.06163,23.06644,0.00000,0
988576,1.7000,1.9954,1.3861,0.31392,-21.07388,23.06930,0.00000,0
989076,1.7000,1.9983,1.3861,0.31392,-21.07388,23.07216,0.00000,0
989576,1.7000,1.9889,1.3869,0.31311,-21.08614,23.07502,0.00000,0
990076,1.7000,2.0162,1.3853,0.31473,-21.06163,23.07788,0.00000,0
990576,1.7000,2.0191,1.3853,0.31473,-21.06163,23.08075,0.00000,0
991076,1.7000,2.0220,1.3853,0.31473,-21.06163,23.08362,0.00000,0
991576,1.7000,1.9881,1.3877,0.31231,-21.09839,23.08648,0.00000,0
992076,1.7000,1.9909,1.3877,0.31231,-21.09839,23.08932,0.00000,0
992576,1.7000,1.9938,1.3877,0.31231,-21.09839,23.09217,0.00000,0
993076,1.7000,1.9599,1.3901,0.30989,-21.13515,23.09500,0.00000,0
993576,1.7000,1.9872,1.3885,0.31150,-21.11064,23.09784,0.00000,0
994076,1.7000,2.0023,1.3877,0.31231,-21.09839,23.10068,0.00000,0
994576,1.7000,1.9929,1.3885,0.31150,-21.11064,23.10352,0.00000,0
995076,1.7000,1.9835,1.3893,0.31070,-21.12289,23.10636,0.00000,0
995576,1.7000,1.9740,1.3901,0.30989,-21.13515,23.10918,0.00000,0
996076,1.7000,1.9891,1.3893,0.31070,-21.12289,23.11201,0.00000,0
996576,1.7000,1.9920,1.3893,0.31070,-21.12289,23.11485,0.00000,0
997076,1.7000,1.9948,1.3893,0.31070,-21.12289,23.11768,0.00000,0
997576,1.7000,2.0221,1.3877,0.31231,-21.09839,23.12052,0.00000,0
998076,1.7000,2.0495,1.3861,0.31392,-21.07388,23.12337,0.00000,0
998576,1.7000,2.0278,1.3877,0.31231,-21.09839,23.12622,0.00000,0
999076,1.7000,2.0429,1.3869,0.31311,-21.08614,23.12907,0.00000,0
999576,1.7000,2.0213,1.3885,0.31150,-21.11064,23.13192,0.00000,0
1000076,1.7000,2.0119,1.3893,0.31070,-21.12289,23.13475,0.00000,0
1000576,1.7000,2.0147,1.3893,0.31070,-21.12289,23.13759,0.00000,0
1001076,1.7000,1.9685,1.3925,0.30747,-21.17190,23.14040,0.00000,0
1001576,1.7000,1.9590,1.3933,0.30667,-21.18415,23.14320,0.00000,0
1002076,1.7000,1.9251,1.3958,0.30425,-21.22091,23.14599,0.00000,0
1002576,1.7000,1.9156,1.3966,0.30344,-21.23316,23.14876,0.00000,0
1003076,1.7000,1.9061,1.3974,0.30264,-21.24542,23.15152,0.00000,0
1003576,1.7000,1.9089,1.3974,0.30264,-21.24542,23.15428,0.00000,0
1004076,1.7000,1.8994,1.3982,0.30183,-21.25767,23.15703,0.00000,0
1004576,1.7000,1.9144,1.3974,0.30264,-21.24542,23.15978,0.00000,0
1005076,1.7000,1.9416,1.3958,0.30425,-21.22091,23.16255,0.00000,0
1005576,1.7000,1.8831,1.3998,0.30022,-21.28218,23.16530,0.00000,0
1006076,1.7000,1.9104,1.3982,0.30183,-21.25767,23.16805,0.00000,0
1006576,1.7000,1.9254,1.3974,0.30264,-21.24542,23.17080,0.00000,0
1007076,1.7000,1.8914,1.3998,0.30022,-21.28218,23.17355,0.00000,0
1007576,1.7000,1.8941,1.3998,0.30022,-21.28218,23.17628,0.00000,0
1008076,1.7000,1.8846,1.4006,0.29941,-21.29443,23.17902,0.00000,0
1008576,1.7000,1.8628,1.4022,0.29780,-21.31893,23.18174,0.00000,0
1009076,1.7000,1.9023,1.3998,0.30022,-21.28218,23.18447,0.00000,0
1009576,1.7000,1.9050,1.3998,0.30022,-21.28218,23.18720,0.00000,0
1010076,1.7000,1.8833,1.4014,0.29861,-21.30668,23.18993,0.00000,0
1010576,1.7000,1.9227,1.3990,0.30103,-21.26992,23.19267,0.00000,0
1011076,1.7000,1.9377,1.3982,0.30183,-21.25767,23.19541,0.00000,0
1011576,1.7000,1.9282,1.3990,0.30103,-21.26992,23.19816,0.00000,0
1012076,1.7000,1.9677,1.3966,0.30344,-21.23316,23.20091,0.00000,0
1012576,1.7000,1.9460,1.3982,0.30183,-21.25767,23.20367,0.00000,0
1013076,1.7000,1.9610,1.3974,0.30264,-21.24542,23.20642,0.00000,0
1013576,1.7000,1.9760,1.3966,0.30344,-21.23316,23.20919,0.00000,0
1014076,1.7000,1.9543,1.3982,0.30183,-21.25767,23.21194,0.00000,0
1014576,1.7000,1.9325,1.3998,0.30022,-21.28218,23.21469,0.00000,0
1015076,1.7000,1.9230,1.4006,0.29941,-21.29443,23.21742,0.00000,0
1015576,1.7000,1.9380,1.3998,0.30022,-21.28218,23.22015,0.00000,0
1016076,1.7000,1.9162,1.4014,0.29861,-21.30668,23.22288,0.00000,0
1016576,1.7000,1.9067,1.4022,0.29780,-21.31893,23.22560,0.00000,0
1017076,1.7000,1.9094,1.4022,0.29780,-21.31893,23.22832,0.00000,0
1017576,1.7000,1.9121,1.4022,0.29780,-21.31893,23.23103,0.00000,0
1018076,1.7000,1.8903,1.4038,0.29619,-21.34344,23.23374,0.00000,0
1018576,1.7000,1.8807,1.4046,0.29538,-21.35569,23.23643,0.00000,0
1019076,1.7000,1.8834,1.4046,0.29538,-21.35569,23.23912,0.00000,0
1019576,1.7000,1.9106,1.4030,0.29700,-21.33118,23.24182,0.00000,0
1020076,1.7000,1.9256,1.4022,0.29780,-21.31893,23.24453,0.00000,0
1020576,1.7000,1.9161,1.4030,0.29700,-21.33118,23.24724,0.00000,0
1021076,1.7000,1.9065,1.4038,0.29619,-21.34344,23.24994,0.00000,0
1021576,1.7000,1.8970,1.4046,0.29538,-21.35569,23.25264,0.00000,0
1022076,1.7000,1.8874,1.4054,0.29458,-21.36794,23.25533,0.00000,0
1022576,1.7000,1.9023,1.4046,0.29538,-21.35569,23.25802,0.00000,0
1023076,1.7000,1.9295,1.4030,0.29700,-21.33118,23.26072,0.00000,0
1023576,1.7000,1.8955,1.4054,0.29458,-21.36794,23.26341,0.00000,0
1024076,1.7000,1.8859,1.4062,0.29377,-21.38019,23.26609,0.00000,0
1024576,1.7000,1.8641,1.4078,0.29216,-21.40470,23.26876,0.00000,0
1025076,1.7000,1.8790,1.4070,0.29297,-21.39244,23.27143,0.00000,0
1025576,1.7000,1.8817,1.4070,0.29297,-21.39244,23.27410,0.00000,0
1026076,1.7000,1.8966,1.4062,0.29377,-21.38019,23.27678,0.00000,0
1026576,1.7000,1.9238,1.4046,0.29538,-21.35569,23.27946,0.00000,0
1027076,1.7000,1.9265,1.4046,0.29538,-21.35569,23.28215,0.00000,0
1027576,1.7000,1.9414,1.4038,0.29619,-21.34344,23.28485,0.00000,0
1028076,1.7000,1.9441,1.4038,0.29619,-21.34344,23.28755,0.00000,0
1028576,1.7000,1.9591,1.4030,0.29700,-21.33118,23.29025,0.00000,0
1029076,1.7000,1.9618,1.4030,0.29700,-21.33118,23.29296,0.00000,0
1029576,1.7000,1.9767,1.4022,0.29780,-21.31893,23.29567,0.00000,0
1030076,1.7000,1.9672,1.4030,0.29700,-21.33118,23.29838,0.00000,0
1030576,1.7000,1.9822,1.4022,0.29780,-21.31893,23.30109,0.00000,0
1031076,1.7000,1.9971,1.4014,0.29861,-21.30668,23.30380,0.00000,0
1031576,1.7000,1.9753,1.4030,0.29700,-21.33118,23.30652,0.00000,0
1032076,1.7000,1.9903,1.4022,0.29780,-21.31893,23.30923,0.00000,0
1032576,1.7000,1.9930,1.4022,0.29780,-21.31893,23.31194,0.00000,0
1033076,1.7000,2.0080,1.4014,0.29861,-21.30668,23.31466,0.00000,0
1033576,1.7000,2.0107,1.4014,0.29861,-21.30668,23.31738,0.00000,0
1034076,1.7000,2.0012,1.4022,0.29780,-21.31893,23.32010,0.00000,0
1034576,1.7000,1.9916,1.4030,0.29700,-21.33118,23.32281,0.00000,0
1035076,1.7000,1.9698,1.4046,0.29538,-21.35569,23.32551,0.00000,0
1035576,1.7000,1.9603,1.4054,0.29458,-21.36794,23.32820,0.00000,0
1036076,1.7000,1.9507,1.4062,0.29377,-21.38019,23.33088,0.00000,0
1036576,1.7000,1.9656,1.4054,0.29458,-21.36794,23.33356,0.00000,0
1037076,1.7000,1.9438,1.4070,0.29297,-21.39244,23.33624,0.00000,0
1037576,1.7000,1.9465,1.4070,0.29297,-21.39244,23.33891,0.00000,0
1038076,1.7000,1.9246,1.4086,0.29136,-21.41695,23.34157,0.00000,0
1038576,1.7000,1.9518,1.4070,0.29297,-21.39244,23.34424,0.00000,0
1039076,1.7000,1.9667,1.4062,0.29377,-21.38019,23.34691,0.00000,0
1039576,1.7000,1.9817,1.4054,0.29458,-21.36794,23.34959,0.00000,0
1040076,1.7000,1.9966,1.4046,0.29538,-21.35569,23.35228,0.00000,0
1040576,1.7000,1.9993,1.4046,0.29538,-21.35569,23.35497,0.00000,0
1041076,1.7000,1.9897,1.4054,0.29458,-21.36794,23.35766,0.00000,0
1041576,1.7000,1.9802,1.4062,0.29377,-21.38019,23.36034,0.00000,0
1042076,1.7000,1.9706,1.4070,0.29297,-21.39244,23.36302,0.00000,0
1042576,1.7000,1.9732,1.4070,0.29297,-21.39244,23.36569,0.00000,0
1043076,1.7000,1.9759,1.4070,0.29297,-21.39244,23.36836,0.00000,0
1043576,1.7000,1.9418,1.4095,0.29055,-21.42920,23.37102,0.00000,0
1044076,1.7000,1.9567,1.4086,0.29136,-21.41695,23.37367,0.00000,0
1044576,1.7000,1.9349,1.4103,0.28974,-21.44145,23.37632,0.00000,0
1045076,1.7000,1.9498,1.4095,0.29055,-21.42920,23.37896,0.00000,0
1045576,1.7000,1.9524,1.4095,0.29055,-21.42920,23.38161,0.00000,0
1046076,1.7000,1.9551,1.4095,0.29055,-21.42920,23.38425,0.00000,0
1046576,1.7000,1.9577,1.4095,0.29055,-21.42920,23.38690,0.00000,0
1047076,1.7000,1.9726,1.4086,0.29136,-21.41695,23.38955,0.00000,0
1047576,1.7000,1.9875,1.4078,0.29216,-21.40470,23.39221,0.00000,0
1048076,1.7000,1.9289,1.4119,0.28813,-21.46596,23.39486,0.00000,0
1048576,1.7000,1.9438,1.4111,0.28894,-21.45370,23.39749,0.00000,0
1049076,1.7000,1.9219,1.4127,0.28733,-21.47821,23.40011,0.00000,0
1049576,1.7000,1.9368,1.4119,0.28813,-21.46596,23.40273,0.00000,0
1050076,1.7000,1.9026,1.4143,0.28571,-21.50271,23.40535,0.00000,0
1050576,1.7000,1.8807,1.4159,0.28410,-21.52722,23.40795,0.00000,0
1051076,1.7000,1.8833,1.4159,0.28410,-21.52722,23.41054,0.00000,0
1051576,1.7000,1.8614,1.4175,0.28249,-21.55172,23.41312,0.00000,0
1052076,1.7000,1.8517,1.4183,0.28168,-21.56398,23.41569,0.00000,0
1052576,1.7000,1.9156,1.4143,0.28571,-21.50271,23.41828,0.00000,0
1053076,1.7000,1.9672,1.4111,0.28894,-21.45370,23.42089,0.00000,0
1053576,1.7000,1.9331,1.4135,0.28652,-21.49046,23.42352,0.00000,0
1054076,1.7000,1.9357,1.4135,0.28652,-21.49046,23.42613,0.00000,0
1054576,1.7000,1.9138,1.4151,0.28491,-21.51497,23.42873,0.00000,0
1055076,1.7000,1.9286,1.4143,0.28571,-21.50271,23.43133,0.00000,0
1055576,1.7000,1.9435,1.4135,0.28652,-21.49046,23.43394,0.00000,0
1056076,1.7000,1.9216,1.4151,0.28491,-21.51497,23.43654,0.00000,0
1056576,1.7000,1.9242,1.4151,0.28491,-21.51497,23.43914,0.00000,0
1057076,1.7000,1.9390,1.4143,0.28571,-21.50271,23.44174,0.00000,0
1057576,1.7000,1.8803,1.4183,0.28168,-21.56398,23.44432,0.00000,0
1058076,1.7000,1.8829,1.4183,0.28168,-21.56398,23.44689,0.00000,0
1058576,1.7000,1.8977,1.4175,0.28249,-21.55172,23.44946,0.00000,0
1059076,1.7000,1.9126,1.4167,0.28330,-21.53947,23.45204,0.00000,0
1059576,1.7000,1.9152,1.4167,0.28330,-21.53947,23.45462,0.00000,0
1060076,1.7000,1.9177,1.4167,0.28330,-21.53947,23.45721,0.00000,0
1060576,1.7000,1.9571,1.4143,0.28571,-21.50271,23.45980,0.00000,0
1061076,1.7000,1.9597,1.4143,0.28571,-21.50271,23.46240,0.00000,0
1061576,1.7000,1.9378,1.4159,0.28410,-21.52722,23.46500,0.00000,0
1062076,1.7000,1.9404,1.4159,0.28410,-21.52722,23.46759,0.00000,0
1062576,1.7000,1.9307,1.4167,0.28330,-21.53947,23.47017,0.00000,0
1063076,1.7000,1.9455,1.4159,0.28410,-21.52722,23.47276,0.00000,0
1063576,1.7000,1.9604,1.4151,0.28491,-21.51497,23.47535,0.00000,0
1064076,1.7000,1.9507,1.4159,0.28410,-21.52722,23.47795,0.00000,0
1064576,1.7000,1.9411,1.4167,0.28330,-21.53947,23.48053,0.00000,0
1065076,1.7000,1.9436,1.4167,0.28330,-21.53947,23.48311,0.00000,0
1065576,1.7000,1.9217,1.4183,0.28168,-21.56398,23.48569,0.00000,0
1066076,1.7000,1.9365,1.4175,0.28249,-21.55172,23.48826,0.00000,0
1066576,1.7000,1.9636,1.4159,0.28410,-21.52722,23.49084,0.00000,0
1067076,1.7000,1.9049,1.4199,0.28007,-21.58848,23.49341,0.00000,0
1067576,1.7000,1.9197,1.4191,0.28088,-21.57623,23.49597,0.00000,0
1068076,1.7000,1.8978,1.4207,0.27927,-21.60073,23.49852,0.00000,0
1068576,1.7000,1.9248,1.4191,0.28088,-21.57623,23.50107,0.00000,0
1069076,1.7000,1.9274,1.4191,0.28088,-21.57623,23.50363,0.00000,0
1069576,1.7000,1.9422,1.4183,0.28168,-21.56398,23.50620,0.00000,0
1070076,1.7000,1.9203,1.4199,0.28007,-21.58848,23.50876,0.00000,0
1070576,1.7000,1.8738,1.4232,0.27685,-21.63749,23.51130,0.00000,0
1071076,1.7000,1.8641,1.4240,0.27604,-21.64974,23.51381,0.00000,0
1071576,1.7000,1.8666,1.4240,0.27604,-21.64974,23.51633,0.00000,0
1072076,1.7000,1.8936,1.4223,0.27766,-21.62524,23.51885,0.00000,0
1072576,1.7000,1.9329,1.4199,0.28007,-21.58848,23.52140,0.00000,0
1073076,1.7000,1.9232,1.4207,0.27927,-21.60073,23.52394,0.00000,0
1073576,1.7000,1.8890,1.4232,0.27685,-21.63749,23.52648,0.00000,0
1074076,1.7000,1.8915,1.4232,0.27685,-21.63749,23.52900,0.00000,0
1074576,1.7000,1.8818,1.4240,0.27604,-21.64974,23.53152,0.00000,0
1075076,1.7000,1.8843,1.4240,0.27604,-21.64974,23.53404,0.00000,0
1075576,1.7000,1.9236,1.4215,0.27846,-21.61299,23.53657,0.00000,0
1076076,1.7000,1.9261,1.4215,0.27846,-21.61299,23.53910,0.00000,0
1076576,1.7000,1.9287,1.4215,0.27846,-21.61299,23.54164,0.00000,0
1077076,1.7000,1.9435,1.4207,0.27927,-21.60073,23.54419,0.00000,0
1077576,1.7000,1.8847,1.4248,0.27524,-21.66199,23.54671,0.00000,0
1078076,1.7000,1.8872,1.4248,0.27524,-21.66199,23.54922,0.00000,0
1078576,1.7000,1.8897,1.4248,0.27524,-21.66199,23.55173,0.00000,0
1079076,1.7000,1.8800,1.4256,0.27443,-21.67425,23.55423,0.00000,0
1079576,1.7000,1.8702,1.4264,0.27363,-21.68650,23.55673,0.00000,0
1080076,1.7000,1.8850,1.4256,0.27443,-21.67425,23.55923,0.00000,0
1080576,1.7000,1.9120,1.4240,0.27604,-21.64974,23.56174,0.00000,0
1081076,1.7000,1.9268,1.4232,0.27685,-21.63749,23.56425,0.00000,0
1081576,1.7000,1.9293,1.4232,0.27685,-21.63749,23.56678,0.00000,0
1082076,1.7000,1.8950,1.4256,0.27443,-21.67425,23.56929,0.00000,0
1082576,1.7000,1.9221,1.4240,0.27604,-21.64974,23.57180,0.00000,0
1083076,1.7000,1.9246,1.4240,0.27604,-21.64974,23.57431,0.00000,0
1083576,1.7000,1.9026,1.4256,0.27443,-21.67425,23.57682,0.00000,0
1084076,1.7000,1.9296,1.4240,0.27604,-21.64974,23.57933,0.00000,0
1084576,1.7000,1.9321,1.4240,0.27604,-21.64974,23.58185,0.00000,0
1085076,1.7000,1.9224,1.4248,0.27524,-21.66199,23.58436,0.00000,0
1085576,1.7000,1.9126,1.4256,0.27443,-21.67425,23.58686,0.00000,0
1086076,1.7000,1.9029,1.4264,0.27363,-21.68650,23.58936,0.00000,0
1086576,1.7000,1.8931,1.4272,0.27282,-21.69875,23.59185,0.00000,0
1087076,1.7000,1.8833,1.4280,0.27201,-21.71100,23.59433,0.00000,0
1087576,1.7000,1.8858,1.4280,0.27201,-21.71100,23.59681,0.00000,0
1088076,1.7000,1.8883,1.4280,0.27201,-21.71100,23.59929,0.00000,0
1088576,1.7000,1.9275,1.4256,0.27443,-21.67425,23.60178,0.00000,0
1089076,1.7000,1.9423,1.4248,0.27524,-21.66199,23.60429,0.00000,0
1089576,1.7000,1.9448,1.4248,0.27524,-21.66199,23.60680,0.00000,0
1090076,1.7000,1.9596,1.4240,0.27604,-21.64974,23.60931,0.00000,0
1090576,1.7000,1.9621,1.4240,0.27604,-21.64974,23.61182,0.00000,0
1091076,1.7000,1.9401,1.4256,0.27443,-21.67425,23.61433,0.00000,0
1091576,1.7000,1.9303,1.4264,0.27363,-21.68650,23.61683,0.00000,0
1092076,1.7000,1.9696,1.4240,0.27604,-21.64974,23.61933,0.00000,0
1092576,1.7000,1.9721,1.4240,0.27604,-21.64974,23.62185,0.00000,0
1093076,1.7000,1.9501,1.4256,0.27443,-21.67425,23.62436,0.00000,0
1093576,1.7000,1.9526,1.4256,0.27443,-21.67425,23.62686,0.00000,0
1094076,1.7000,1.9061,1.4288,0.27121,-21.72326,23.62934,0.00000,0
1094576,1.7000,1.9453,1.4264,0.27363,-21.68650,23.63183,0.00000,0
1095076,1.7000,1.9356,1.4272,0.27282,-21.69875,23.63432,0.00000,0
1095576,1.7000,1.9748,1.4248,0.27524,-21.66199,23.63682,0.00000,0
1096076,1.7000,2.0018,1.4232,0.27685,-21.63749,23.63933,0.00000,0
1096576,1.7000,1.9799,1.4248,0.27524,-21.66199,23.64185,0.00000,0
1097076,1.7000,1.9946,1.4240,0.27604,-21.64974,23.64436,0.00000,0
1097576,1.7000,1.9726,1.4256,0.27443,-21.67425,23.64687,0.00000,0
1098076,1.7000,1.9996,1.4240,0.27604,-21.64974,23.64938,0.00000,0
1098576,1.7000,1.9776,1.4256,0.27443,-21.67425,23.65188,0.00000,0
1099076,1.7000,1.9801,1.4256,0.27443,-21.67425,23.65438,0.00000,0
1099576,1.7000,1.9336,1.4288,0.27121,-21.72326,23.65687,0.00000,0
1100076,1.7000,1.9238,1.4296,0.27040,-21.73551,23.65934,0.00000,0
1100576,1.7000,1.8895,1.4320,0.26799,-21.77226,23.66179,0.00000,0
1101076,1.7000,1.8797,1.4328,0.26718,-21.78452,23.66423,0.00000,0
1101576,1.7000,1.9189,1.4304,0.26960,-21.74776,23.66668,0.00000,0
1102076,1.7000,1.8969,1.4320,0.26799,-21.77226,23.66913,0.00000,0
1102576,1.7000,1.8870,1.4328,0.26718,-21.78452,23.67157,0.00000,0
1103076,1.7000,1.8895,1.4328,0.26718,-21.78452,23.67400,0.00000,0
1103576,1.7000,1.8674,1.4344,0.26557,-21.80902,23.67643,0.00000,0
1104076,1.7000,1.8821,1.4336,0.26637,-21.79677,23.67885,0.00000,0
1104576,1.7000,1.8845,1.4336,0.26637,-21.79677,23.68128,0.00000,0
1105076,1.7000,1.8992,1.4328,0.26718,-21.78452,23.68371,0.00000,0
1105576,1.7000,1.8894,1.4336,0.26637,-21.79677,23.68615,0.00000,0
1106076,1.7000,1.9041,1.4328,0.26718,-21.78452,23.68858,0.00000,0
1106576,1.7000,1.9065,1.4328,0.26718,-21.78452,23.69101,0.00000,0
1107076,1.7000,1.9334,1.4312,0.26879,-21.76001,23.69346,0.00000,0
1107576,1.7000,1.9482,1.4304,0.26960,-21.74776,23.69591,0.00000,0
1108076,1.7000,1.9261,1.4320,0.26799,-21.77226,23.69836,0.00000,0
1108576,1.7000,1.9530,1.4304,0.26960,-21.74776,23.70081,0.00000,0
1109076,1.7000,1.9678,1.4296,0.27040,-21.73551,23.70327,0.00000,0
1109576,1.7000,1.9702,1.4296,0.27040,-21.73551,23.70573,0.00000,0
1110076,1.7000,1.9727,1.4296,0.27040,-21.73551,23.70820,0.00000,0
1110576,1.7000,1.9874,1.4288,0.27121,-21.72326,23.71066,0.00000,0
1111076,1.7000,1.9531,1.4312,0.26879,-21.76001,23.71313,0.00000,0
1111576,1.7000,1.9311,1.4328,0.26718,-21.78452,23.71557,0.00000,0
1112076,1.7000,1.9212,1.4336,0.26637,-21.79677,23.71800,0.00000,0
1112576,1.7000,1.9359,1.4328,0.26718,-21.78452,23.72043,0.00000,0
1113076,1.7000,1.9506,1.4320,0.26799,-21.77226,23.72287,0.00000,0
1113576,1.7000,1.9531,1.4320,0.26799,-21.77226,23.72532,0.00000,0
1114076,1.7000,1.9432,1.4328,0.26718,-21.78452,23.72775,0.00000,0
1114576,1.7000,1.9579,1.4320,0.26799,-21.77226,23.73019,0.00000,0
1115076,1.7000,1.9971,1.4296,0.27040,-21.73551,23.73265,0.00000,0
1115576,1.7000,1.9873,1.4304,0.26960,-21.74776,23.73511,0.00000,0
1116076,1.7000,2.0388,1.4272,0.27282,-21.69875,23.73758,0.00000,0
1116576,1.7000,2.0536,1.4264,0.27363,-21.68650,23.74007,0.00000,0
1117076,1.7000,2.0806,1.4248,0.27524,-21.66199,23.74257,0.00000,0
1117576,1.7000,2.0708,1.4256,0.27443,-21.67425,23.74508,0.00000,0
1118076,1.7000,2.0611,1.4264,0.27363,-21.68650,23.74757,0.00000,0
1118576,1.7000,2.0391,1.4280,0.27201,-21.71100,23.75006,0.00000,0
1119076,1.7000,2.0660,1.4264,0.27363,-21.68650,23.75255,0.00000,0
1119576,1.7000,2.0563,1.4272,0.27282,-21.69875,23.75504,0.00000,0
1120076,1.7000,2.0098,1.4304,0.26960,-21.74776,23.75751,0.00000,0
1120576,1.7000,2.0367,1.4288,0.27121,-21.72326,23.75997,0.00000,0
1121076,1.7000,2.0024,1.4312,0.26879,-21.76001,23.76243,0.00000,0
1121576,1.7000,1.9804,1.4328,0.26718,-21.78452,23.76488,0.00000,0
1122076,1.7000,1.9460,1.4352,0.26476,-21.82127,23.76730,0.00000,0
1122576,1.7000,1.9239,1.4368,0.26315,-21.84578,23.76971,0.00000,0
1123076,1.7000,1.9263,1.4368,0.26315,-21.84578,23.77210,0.00000,0
1123576,1.7000,1.9410,1.4360,0.26396,-21.83353,23.77451,0.00000,0
1124076,1.7000,1.9311,1.4368,0.26315,-21.84578,23.77691,0.00000,0
1124576,1.7000,1.9213,1.4377,0.26234,-21.85803,23.77930,0.00000,0
1125076,1.7000,1.9237,1.4377,0.26234,-21.85803,23.78169,0.00000,0
1125576,1.7000,1.9015,1.4393,0.26073,-21.88253,23.78408,0.00000,0
1126076,1.7000,1.8794,1.4409,0.25912,-21.90704,23.78645,0.00000,0
1126576,1.7000,1.9185,1.4385,0.26154,-21.87028,23.78882,0.00000,0
1127076,1.7000,1.9454,1.4368,0.26315,-21.84578,23.79121,0.00000,0
1127576,1.7000,1.9478,1.4368,0.26315,-21.84578,23.79361,0.00000,0
1128076,1.7000,1.9625,1.4360,0.26396,-21.83353,23.79601,0.00000,0
1128576,1.7000,1.9771,1.4352,0.26476,-21.82127,23.79842,0.00000,0
1129076,1.7000,1.9918,1.4344,0.26557,-21.80902,23.80084,0.00000,0
1129576,1.7000,1.9942,1.4344,0.26557,-21.80902,23.80326,0.00000,0
1130076,1.7000,2.0212,1.4328,0.26718,-21.78452,23.80569,0.00000,0
1130576,1.7000,2.0236,1.4328,0.26718,-21.78452,23.80812,0.00000,0
1131076,1.7000,2.0383,1.4320,0.26799,-21.77226,23.81056,0.00000,0
1131576,1.7000,2.0162,1.4336,0.26637,-21.79677,23.81300,0.00000,0
1132076,1.7000,2.0187,1.4336,0.26637,-21.79677,23.81542,0.00000,0
1132576,1.7000,2.0088,1.4344,0.26557,-21.80902,23.81785,0.00000,0
1133076,1.7000,1.9867,1.4360,0.26396,-21.83353,23.82026,0.00000,0
1133576,1.7000,1.9769,1.4368,0.26315,-21.84578,23.82266,0.00000,0
1134076,1.7000,1.9670,1.4377,0.26234,-21.85803,23.82506,0.00000,0
1134576,1.7000,1.9817,1.4368,0.26315,-21.84578,23.82745,0.00000,0
1135076,1.7000,1.9473,1.4393,0.26073,-21.88253,23.82984,0.00000,0
1135576,1.7000,1.9252,1.4409,0.25912,-21.90704,23.83221,0.00000,0
1136076,1.7000,1.8908,1.4433,0.25670,-21.94379,23.83456,0.00000,0
1136576,1.7000,1.9299,1.4409,0.25912,-21.90704,23.83691,0.00000,0
1137076,1.7000,1.9200,1.4417,0.25832,-21.91929,23.83927,0.00000,0
1137576,1.7000,1.8978,1.4433,0.25670,-21.94379,23.84161,0.00000,0
1138076,1.7000,1.9124,1.4425,0.25751,-21.93154,23.84396,0.00000,0
1138576,1.7000,1.9025,1.4433,0.25670,-21.94379,23.84630,0.00000,0
1139076,1.7000,1.8681,1.4457,0.25429,-21.98055,23.84863,0.00000,0
1139576,1.7000,1.8459,1.4473,0.25267,-22.00506,23.85094,0.00000,0
1140076,1.7000,1.8727,1.4457,0.25429,-21.98055,23.85325,0.00000,0
1140576,1.7000,1.8995,1.4441,0.25590,-21.95605,23.85558,0.00000,0
1141076,1.7000,1.9141,1.4433,0.25670,-21.94379,23.85791,0.00000,0
1141576,1.7000,1.8797,1.4457,0.25429,-21.98055,23.86024,0.00000,0
1142076,1.7000,1.8943,1.4449,0.25509,-21.96830,23.86256,0.00000,0
1142576,1.7000,1.8966,1.4449,0.25509,-21.96830,23.86489,0.00000,0
1143076,1.7000,1.8867,1.4457,0.25429,-21.98055,23.86721,0.00000,0
1143576,1.7000,1.8890,1.4457,0.25429,-21.98055,23.86953,0.00000,0
1144076,1.7000,1.9158,1.4441,0.25590,-21.95605,23.87185,0.00000,0
1144576,1.7000,1.9426,1.4425,0.25751,-21.93154,23.87419,0.00000,0
1145076,1.7000,1.9450,1.4425,0.25751,-21.93154,23.87654,0.00000,0
1145576,1.7000,1.9473,1.4425,0.25751,-21.93154,23.87888,0.00000,0
1146076,1.7000,1.9374,1.4433,0.25670,-21.94379,23.88123,0.00000,0
1146576,1.7000,1.9275,1.4441,0.25590,-21.95605,23.88356,0.00000,0
1147076,1.7000,1.9176,1.4449,0.25509,-21.96830,23.88589,0.00000,0
1147576,1.7000,1.9444,1.4433,0.25670,-21.94379,23.88823,0.00000,0
1148076,1.7000,1.9590,1.4425,0.25751,-21.93154,23.89057,0.00000,0
1148576,1.7000,1.9614,1.4425,0.25751,-21.93154,23.89292,0.00000,0
1149076,1.7000,1.9515,1.4433,0.25670,-21.94379,23.89526,0.00000,0
1149576,1.7000,1.9415,1.4441,0.25590,-21.95605,23.89760,0.00000,0
1150076,1.7000,1.9439,1.4441,0.25590,-21.95605,23.89993,0.00000,0
1150576,1.7000,1.8972,1.4473,0.25267,-22.00506,23.90225,0.00000,0
1151076,1.7000,1.9363,1.4449,0.25509,-21.96830,23.90456,0.00000,0
1151576,1.7000,1.9508,1.4441,0.25590,-21.95605,23.90689,0.00000,0
1152076,1.7000,1.9164,1.4465,0.25348,-21.99280,23.90921,0.00000,0
1152576,1.7000,1.9187,1.4465,0.25348,-21.99280,23.91152,0.00000,0
1153076,1.7000,1.9333,1.4457,0.25429,-21.98055,23.91383,0.00000,0
1153576,1.7000,1.9356,1.4457,0.25429,-21.98055,23.91615,0.00000,0
1154076,1.7000,1.9624,1.4441,0.25590,-21.95605,23.91848,0.00000,0
1154576,1.7000,1.9770,1.4433,0.25670,-21.94379,23.92081,0.00000,0
1155076,1.7000,1.9794,1.4433,0.25670,-21.94379,23.92315,0.00000,0
1155576,1.7000,1.9940,1.4425,0.25751,-21.93154,23.92550,0.00000,0
1156076,1.7000,1.9840,1.4433,0.25670,-21.94379,23.92784,0.00000,0
1156576,1.7000,1.9619,1.4449,0.25509,-21.96830,23.93017,0.00000,0
1157076,1.7000,2.0132,1.4417,0.25832,-21.91929,23.93251,0.00000,0
1157576,1.7000,2.0156,1.4417,0.25832,-21.91929,23.93487,0.00000,0
1158076,1.7000,1.9812,1.4441,0.25590,-21.95605,23.93721,0.00000,0
1158576,1.7000,1.9712,1.4449,0.25509,-21.96830,23.93954,0.00000,0
1159076,1.7000,1.9368,1.4473,0.25267,-22.00506,23.94185,0.00000,0
1159576,1.7000,1.9268,1.4481,0.25187,-22.01731,23.94415,0.00000,0
1160076,1.7000,1.9169,1.4489,0.25106,-22.02956,23.94645,0.00000,0
1160576,1.7000,1.9069,1.4497,0.25026,-22.04181,23.94873,0.00000,0
1161076,1.7000,1.9092,1.4497,0.25026,-22.04181,23.95101,0.00000,0
1161576,1.7000,1.9360,1.4481,0.25187,-22.01731,23.95330,0.00000,0
1162076,1.7000,1.8893,1.4514,0.24864,-22.06632,23.95558,0.00000,0
1162576,1.7000,1.8915,1.4514,0.24864,-22.06632,23.95785,0.00000,0
1163076,1.7000,1.8938,1.4514,0.24864,-22.06632,23.96011,0.00000,0
1163576,1.7000,1.8838,1.4522,0.24784,-22.07857,23.96238,0.00000,0
1164076,1.7000,1.8983,1.4514,0.24864,-22.06632,23.96464,0.00000,0
1164576,1.7000,1.9006,1.4514,0.24864,-22.06632,23.96690,0.00000,0
1165076,1.7000,1.9029,1.4514,0.24864,-22.06632,23.96917,0.00000,0
1165576,1.7000,1.9051,1.4514,0.24864,-22.06632,23.97144,0.00000,0
1166076,1.7000,1.9564,1.4481,0.25187,-22.01731,23.97372,0.00000,0
1166576,1.7000,1.9464,1.4489,0.25106,-22.02956,23.97601,0.00000,0
1167076,1.7000,1.9242,1.4505,0.24945,-22.05407,23.97829,0.00000,0
1167576,1.7000,1.9388,1.4497,0.25026,-22.04181,23.98057,0.00000,0
1168076,1.7000,1.9533,1.4489,0.25106,-22.02956,23.98285,0.00000,0
1168576,1.7000,1.9311,1.4505,0.24945,-22.05407,23.98513,0.00000,0
1169076,1.7000,1.9211,1.4514,0.24864,-22.06632,23.98740,0.00000,0
1169576,1.7000,1.9111,1.4522,0.24784,-22.07857,23.98967,0.00000,0
1170076,1.7000,1.9256,1.4514,0.24864,-22.06632,23.99193,0.00000,0
1170576,1.7000,1.9034,1.4530,0.24703,-22.09082,23.99419,0.00000,0
1171076,1.7000,1.8566,1.4562,0.24381,-22.13983,23.99642,0.00000,0
1171576,1.7000,1.8466,1.4570,0.24300,-22.15208,23.99864,0.00000,0
1172076,1.7000,1.8733,1.4554,0.24462,-22.12758,24.00086,0.00000,0
1172576,1.7000,1.8755,1.4554,0.24462,-22.12758,24.00309,0.00000,0
1173076,1.7000,1.8655,1.4562,0.24381,-22.13983,24.00532,0.00000,0
1173576,1.7000,1.8800,1.4554,0.24462,-22.12758,24.00755,0.00000,0
1174076,1.7000,1.8945,1.4546,0.24542,-22.11533,24.00978,0.00000,0
1174576,1.7000,1.9089,1.4538,0.24623,-22.10308,24.01202,0.00000,0
1175076,1.7000,1.8989,1.4546,0.24542,-22.11533,24.01426,0.00000,0
1175576,1.7000,1.9257,1.4530,0.24703,-22.09082,24.01651,0.00000,0
1176076,1.7000,1.9157,1.4538,0.24623,-22.10308,24.01875,0.00000,0
1176576,1.7000,1.9302,1.4530,0.24703,-22.09082,24.02100,0.00000,0
1177076,1.7000,1.9202,1.4538,0.24623,-22.10308,24.02325,0.00000,0
1177576,1.7000,1.9102,1.4546,0.24542,-22.11533,24.02549,0.00000,0
1178076,1.7000,1.9001,1.4554,0.24462,-22.12758,24.02772,0.00000,0
1178576,1.7000,1.9024,1.4554,0.24462,-22.12758,24.02995,0.00000,0
1179076,1.7000,1.9046,1.4554,0.24462,-22.12758,24.03218,0.00000,0
1179576,1.7000,1.8823,1.4570,0.24300,-22.15208,24.03440,0.00000,0
1180076,1.7000,1.8845,1.4570,0.24300,-22.15208,24.03662,0.00000,0
1180576,1.7000,1.8867,1.4570,0.24300,-22.15208,24.03883,0.00000,0
1181076,1.7000,1.9012,1.4562,0.24381,-22.13983,24.04105,0.00000,0
1181576,1.7000,1.9034,1.4562,0.24381,-22.13983,24.04327,0.00000,0
1182076,1.7000,1.9302,1.4546,0.24542,-22.11533,24.04550,0.00000,0
1182576,1.7000,1.9569,1.4530,0.24703,-22.09082,24.04775,0.00000,0
1183076,1.7000,1.9714,1.4522,0.24784,-22.07857,24.05000,0.00000,0
1183576,1.7000,1.9982,1.4505,0.24945,-22.05407,24.05227,0.00000,0
1184076,1.7000,1.9760,1.4522,0.24784,-22.07857,24.05453,0.00000,0
1184576,1.7000,1.9905,1.4514,0.24864,-22.06632,24.05680,0.00000,0
1185076,1.7000,2.0173,1.4497,0.25026,-22.04181,24.05907,0.00000,0
1185576,1.7000,2.0073,1.4505,0.24945,-22.05407,24.06135,0.00000,0
1186076,1.7000,2.0096,1.4505,0.24945,-22.05407,24.06362,0.00000,0
1186576,1.7000,2.0241,1.4497,0.25026,-22.04181,24.06590,0.00000,0
1187076,1.7000,2.0141,1.4505,0.24945,-22.05407,24.06817,0.00000,0
1187576,1.7000,1.9674,1.4538,0.24623,-22.10308,24.07043,0.00000,0
1188076,1.7000,1.9819,1.4530,0.24703,-22.09082,24.07268,0.00000,0
1188576,1.7000,1.9719,1.4538,0.24623,-22.10308,24.07493,0.00000,0
1189076,1.7000,1.9986,1.4522,0.24784,-22.07857,24.07718,0.00000,0
1189576,1.7000,1.9886,1.4530,0.24703,-22.09082,24.07943,0.00000,0
1190076,1.7000,1.9663,1.4546,0.24542,-22.11533,24.08168,0.00000,0
1190576,1.7000,1.9318,1.4570,0.24300,-22.15208,24.08390,0.00000,0
1191076,1.7000,1.9340,1.4570,0.24300,-22.15208,24.08612,0.00000,0
1191576,1.7000,1.9117,1.4586,0.24139,-22.17659,24.08832,0.00000,0
1192076,1.7000,1.8894,1.4602,0.23978,-22.20109,24.09052,0.00000,0
1192576,1.7000,1.9284,1.4578,0.24220,-22.16434,24.09271,0.00000,0
1193076,1.7000,1.9061,1.4594,0.24059,-22.18884,24.09491,0.00000,0
1193576,1.7000,1.9941,1.4538,0.24623,-22.10308,24.09713,0.00000,0
1194076,1.7000,1.9963,1.4538,0.24623,-22.10308,24.09938,0.00000,0
1194576,1.7000,1.9863,1.4546,0.24542,-22.11533,24.10162,0.00000,0
1195076,1.7000,1.9763,1.4554,0.24462,-22.12758,24.10385,0.00000,0
1195576,1.7000,2.0275,1.4522,0.24784,-22.07857,24.10610,0.00000,0
1196076,1.7000,2.0298,1.4522,0.24784,-22.07857,24.10835,0.00000,0
1196576,1.7000,2.0443,1.4514,0.24864,-22.06632,24.11062,0.00000,0
1197076,1.7000,2.0343,1.4522,0.24784,-22.07857,24.11288,0.00000,0
1197576,1.7000,2.0366,1.4522,0.24784,-22.07857,24.11514,0.00000,0
1198076,1.7000,2.0388,1.4522,0.24784,-22.07857,24.11740,0.00000,0
1198576,1.7000,1.9675,1.4570,0.24300,-22.15208,24.11963,0.00000,0
1199076,1.7000,1.9820,1.4562,0.24381,-22.13983,24.12185,0.00000,0
1199576,1.7000,2.0088,1.4546,0.24542,-22.11533,24.12408,0.00000,0
1200076,1.7000,2.0232,1.4538,0.24623,-22.10308,24.12632,0.00000,0
1200576,1.7000,2.0010,1.4554,0.24462,-22.12758,24.12856,0.00000,0
1201076,1.7000,1.9910,1.4562,0.24381,-22.13983,24.13078,0.00000,0
1201576,1.7000,1.9932,1.4562,0.24381,-22.13983,24.13301,0.00000,0
1202076,1.7000,2.0199,1.4546,0.24542,-22.11533,24.13524,0.00000,0
1202576,1.7000,2.0099,1.4554,0.24462,-22.12758,24.13747,0.00000,0
1203076,1.7000,2.0121,1.4554,0.24462,-22.12758,24.13970,0.00000,0
1203576,1.7000,1.9898,1.4570,0.24300,-22.15208,24.14192,0.00000,0
1204076,1.7000,1.9675,1.4586,0.24139,-22.17659,24.14413,0.00000,0
1204576,1.7000,1.9575,1.4594,0.24059,-22.18884,24.14633,0.00000,0
1205076,1.7000,1.9964,1.4570,0.24300,-22.15208,24.14853,0.00000,0
1205576,1.7000,1.9987,1.4570,0.24300,-22.15208,24.15074,0.00000,0
1206076,1.7000,1.9764,1.4586,0.24139,-22.17659,24.15295,0.00000,0
1206576,1.7000,1.9541,1.4602,0.23978,-22.20109,24.15514,0.00000,0
1207076,1.7000,1.9562,1.4602,0.23978,-22.20109,24.15733,0.00000,0
1207576,1.7000,1.9584,1.4602,0.23978,-22.20109,24.15952,0.00000,0
1208076,1.7000,1.9484,1.4610,0.23897,-22.21334,24.16170,0.00000,0
1208576,1.7000,1.9628,1.4602,0.23978,-22.20109,24.16388,0.00000,0
1209076,1.7000,1.9527,1.4610,0.23897,-22.21334,24.16606,0.00000,0
1209576,1.7000,1.9549,1.4610,0.23897,-22.21334,24.16824,0.00000,0
1210076,1.7000,1.9080,1.4642,0.23575,-22.26235,24.17040,0.00000,0
1210576,1.7000,1.8979,1.4651,0.23495,-22.27461,24.17255,0.00000,0
1211076,1.7000,1.9369,1.4626,0.23736,-22.23785,24.17470,0.00000,0
1211576,1.7000,1.9635,1.4610,0.23897,-22.21334,24.17687,0.00000,0
1212076,1.7000,1.8677,1.4675,0.23253,-22.31136,24.17902,0.00000,0
1212576,1.7000,1.8575,1.4683,0.23172,-22.32362,24.18114,0.00000,0
1213076,1.7000,1.8351,1.4699,0.23011,-22.34812,24.18324,0.00000,0
1213576,1.7000,1.8372,1.4699,0.23011,-22.34812,24.18534,0.00000,0
1214076,1.7000,1.8393,1.4699,0.23011,-22.34812,24.18744,0.00000,0
1214576,1.7000,1.8537,1.4691,0.23092,-22.33587,24.18954,0.00000,0
1215076,1.7000,1.8313,1.4707,0.22930,-22.36037,24.19163,0.00000,0
1215576,1.7000,1.8456,1.4699,0.23011,-22.34812,24.19373,0.00000,0
1216076,1.7000,1.8722,1.4683,0.23172,-22.32362,24.19583,0.00000,0
1216576,1.7000,1.8621,1.4691,0.23092,-22.33587,24.19794,0.00000,0
1217076,1.7000,1.9500,1.4634,0.23656,-22.25010,24.20007,0.00000,0
1217576,1.7000,1.9521,1.4634,0.23656,-22.25010,24.20222,0.00000,0
1218076,1.7000,1.9788,1.4618,0.23817,-22.22560,24.20439,0.00000,0
1218576,1.7000,1.9687,1.4626,0.23736,-22.23785,24.20655,0.00000,0
1219076,1.7000,1.9709,1.4626,0.23736,-22.23785,24.20872,0.00000,0
1219576,1.7000,1.9730,1.4626,0.23736,-22.23785,24.21088,0.00000,0
1220076,1.7000,2.0120,1.4602,0.23978,-22.20109,24.21305,0.00000,0
1220576,1.7000,2.0141,1.4602,0.23978,-22.20109,24.21524,0.00000,0
1221076,1.7000,2.0041,1.4610,0.23897,-22.21334,24.21742,0.00000,0
1221576,1.7000,2.0063,1.4610,0.23897,-22.21334,24.21960,0.00000,0
1222076,1.7000,1.9839,1.4626,0.23736,-22.23785,24.22177,0.00000,0
1222576,1.7000,1.9616,1.4642,0.23575,-22.26235,24.22393,0.00000,0
1223076,1.7000,2.0250,1.4602,0.23978,-22.20109,24.22609,0.00000,0
1223576,1.7000,2.0394,1.4594,0.24059,-22.18884,24.22828,0.00000,0
1224076,1.7000,2.0416,1.4594,0.24059,-22.18884,24.23048,0.00000,0
1224576,1.7000,2.0438,1.4594,0.24059,-22.18884,24.23267,0.00000,0
1225076,1.7000,2.0460,1.4594,0.24059,-22.18884,24.23486,0.00000,0
1225576,1.7000,2.0360,1.4602,0.23978,-22.20109,24.23705,0.00000,0
1226076,1.7000,2.0014,1.4626,0.23736,-22.23785,24.23923,0.00000,0
1226576,1.7000,1.9913,1.4634,0.23656,-22.25010,24.24139,0.00000,0
1227076,1.7000,2.0057,1.4626,0.23736,-22.23785,24.24355,0.00000,0
1227576,1.7000,2.0201,1.4618,0.23817,-22.22560,24.24571,0.00000,0
1228076,1.7000,1.9855,1.4642,0.23575,-22.26235,24.24787,0.00000,0
1228576,1.7000,1.9999,1.4634,0.23656,-22.25010,24.25002,0.00000,0
1229076,1.7000,1.9898,1.4642,0.23575,-22.26235,24.25217,0.00000,0
1229576,1.7000,1.9797,1.4651,0.23495,-22.27461,24.25432,0.00000,0
1230076,1.7000,1.9573,1.4667,0.23333,-22.29911,24.25645,0.00000,0
1230576,1.7000,1.9595,1.4667,0.23333,-22.29911,24.25858,0.00000,0
1231076,1.7000,1.9493,1.4675,0.23253,-22.31136,24.26070,0.00000,0
1231576,1.7000,1.9515,1.4675,0.23253,-22.31136,24.26282,0.00000,0
1232076,1.7000,1.9658,1.4667,0.23333,-22.29911,24.26495,0.00000,0
1232576,1.7000,1.9557,1.4675,0.23253,-22.31136,24.26707,0.00000,0
1233076,1.7000,1.9456,1.4683,0.23172,-22.32362,24.26918,0.00000,0
1233576,1.7000,1.9354,1.4691,0.23092,-22.33587,24.27129,0.00000,0
1234076,1.7000,1.9498,1.4683,0.23172,-22.32362,24.27340,0.00000,0
1234576,1.7000,1.9396,1.4691,0.23092,-22.33587,24.27551,0.00000,0
1235076,1.7000,1.9663,1.4675,0.23253,-22.31136,24.27762,0.00000,0
1235576,1.7000,1.9684,1.4675,0.23253,-22.31136,24.27974,0.00000,0
1236076,1.7000,1.9705,1.4675,0.23253,-22.31136,24.28186,0.00000,0
1236576,1.7000,1.9726,1.4675,0.23253,-22.31136,24.28398,0.00000,0
1237076,1.7000,1.9625,1.4683,0.23172,-22.32362,24.28609,0.00000,0
1237576,1.7000,1.9646,1.4683,0.23172,-22.32362,24.28820,0.00000,0
1238076,1.7000,1.9667,1.4683,0.23172,-22.32362,24.29031,0.00000,0
1238576,1.7000,1.9688,1.4683,0.23172,-22.32362,24.29243,0.00000,0
1239076,1.7000,1.9587,1.4691,0.23092,-22.33587,24.29453,0.00000,0
1239576,1.7000,1.9485,1.4699,0.23011,-22.34812,24.29663,0.00000,0
1240076,1.7000,1.9506,1.4699,0.23011,-22.34812,24.29873,0.00000,0
1240576,1.7000,1.9405,1.4707,0.22930,-22.36037,24.30083,0.00000,0
1241076,1.7000,1.9425,1.4707,0.22930,-22.36037,24.30292,0.00000,0
1241576,1.7000,1.9201,1.4723,0.22769,-22.38488,24.30500,0.00000,0
1242076,1.7000,1.9345,1.4715,0.22850,-22.37263,24.30708,0.00000,0
1242576,1.7000,1.9243,1.4723,0.22769,-22.38488,24.30916,0.00000,0
1243076,1.7000,1.9141,1.4731,0.22689,-22.39713,24.31123,0.00000,0
1243576,1.7000,1.9039,1.4739,0.22608,-22.40938,24.31329,0.00000,0
1244076,1.7000,1.9060,1.4739,0.22608,-22.40938,24.31535,0.00000,0
1244576,1.7000,1.9325,1.4723,0.22769,-22.38488,24.31742,0.00000,0
1245076,1.7000,1.8979,1.4747,0.22527,-22.42163,24.31948,0.00000,0
1245576,1.7000,1.9122,1.4739,0.22608,-22.40938,24.32154,0.00000,0
1246076,1.7000,1.9632,1.4707,0.22930,-22.36037,24.32361,0.00000,0
1246576,1.7000,1.9163,1.4739,0.22608,-22.40938,24.32569,0.00000,0
1247076,1.7000,1.9184,1.4739,0.22608,-22.40938,24.32775,0.00000,0
1247576,1.7000,1.9449,1.4723,0.22769,-22.38488,24.32982,0.00000,0
1248076,1.7000,1.9225,1.4739,0.22608,-22.40938,24.33188,0.00000,0
1248576,1.7000,1.9246,1.4739,0.22608,-22.40938,24.33394,0.00000,0
1249076,1.7000,1.9266,1.4739,0.22608,-22.40938,24.33600,0.00000,0
1249576,1.7000,1.8919,1.4763,0.22366,-22.44614,24.33805,0.00000,0
1250076,1.7000,1.8817,1.4771,0.22286,-22.45839,24.34009,0.00000,0
1250576,1.7000,1.8715,1.4779,0.22205,-22.47064,24.34212,0.00000,0
1251076,1.7000,1.8245,1.4812,0.21883,-22.51965,24.34413,0.00000,0
1251576,1.7000,1.8877,1.4771,0.22286,-22.45839,24.34614,0.00000,0
1252076,1.7000,1.8530,1.4796,0.22044,-22.49515,24.34816,0.00000,0
1252576,1.7000,1.8428,1.4804,0.21963,-22.50740,24.35016,0.00000,0
1253076,1.7000,1.8570,1.4796,0.22044,-22.49515,24.35217,0.00000,0
1253576,1.7000,1.8468,1.4804,0.21963,-22.50740,24.35417,0.00000,0
1254076,1.7000,1.8488,1.4804,0.21963,-22.50740,24.35617,0.00000,0
1254576,1.7000,1.8753,1.4788,0.22125,-22.48289,24.35818,0.00000,0
1255076,1.7000,1.9018,1.4771,0.22286,-22.45839,24.36020,0.00000,0
1255576,1.7000,1.8916,1.4779,0.22205,-22.47064,24.36223,0.00000,0
1256076,1.7000,1.9181,1.4763,0.22366,-22.44614,24.36426,0.00000,0
1256576,1.7000,1.9324,1.4755,0.22447,-22.43389,24.36631,0.00000,0
1257076,1.7000,1.9957,1.4715,0.22850,-22.37263,24.36837,0.00000,0
1257576,1.7000,1.9856,1.4723,0.22769,-22.38488,24.37045,0.00000,0
1258076,1.7000,2.0122,1.4707,0.22930,-22.36037,24.37253,0.00000,0
1258576,1.7000,2.0142,1.4707,0.22930,-22.36037,24.37462,0.00000,0
1259076,1.7000,2.0041,1.4715,0.22850,-22.37263,24.37671,0.00000,0
1259576,1.7000,2.0184,1.4707,0.22930,-22.36037,24.37880,0.00000,0
1260076,1.7000,1.9960,1.4723,0.22769,-22.38488,24.38088,0.00000,0
1260576,1.7000,1.9858,1.4731,0.22689,-22.39713,24.38295,0.00000,0
1261076,1.7000,1.9511,1.4755,0.22447,-22.43389,24.38501,0.00000,0
1261576,1.7000,1.9409,1.4763,0.22366,-22.44614,24.38705,0.00000,0
1262076,1.7000,1.8939,1.4796,0.22044,-22.49515,24.38907,0.00000,0
1262576,1.7000,1.8959,1.4796,0.22044,-22.49515,24.39108,0.00000,0
1263076,1.7000,1.8979,1.4796,0.22044,-22.49515,24.39309,0.00000,0
1263576,1.7000,1.9000,1.4796,0.22044,-22.49515,24.39510,0.00000,0
1264076,1.7000,1.9020,1.4796,0.22044,-22.49515,24.39711,0.00000,0
1264576,1.7000,1.8917,1.4804,0.21963,-22.50740,24.39911,0.00000,0
1265076,1.7000,1.8937,1.4804,0.21963,-22.50740,24.40111,0.00000,0
1265576,1.7000,1.8835,1.4812,0.21883,-22.51965,24.40311,0.00000,0
1266076,1.7000,1.8364,1.4844,0.21560,-22.56866,24.40509,0.00000,0
1266576,1.7000,1.8384,1.4844,0.21560,-22.56866,24.40705,0.00000,0
1267076,1.7000,1.8158,1.4860,0.21399,-22.59317,24.40901,0.00000,0
1267576,1.7000,1.8178,1.4860,0.21399,-22.59317,24.41096,0.00000,0
1268076,1.7000,1.8075,1.4868,0.21319,-22.60542,24.41291,0.00000,0
1268576,1.7000,1.8585,1.4836,0.21641,-22.55641,24.41487,0.00000,0
1269076,1.7000,1.8482,1.4844,0.21560,-22.56866,24.41684,0.00000,0
1269576,1.7000,1.8134,1.4868,0.21319,-22.60542,24.41879,0.00000,0
1270076,1.7000,1.8276,1.4860,0.21399,-22.59317,24.42074,0.00000,0
1270576,1.7000,1.8785,1.4828,0.21722,-22.54416,24.42270,0.00000,0
1271076,1.7000,1.9418,1.4788,0.22125,-22.48289,24.42470,0.00000,0
1271576,1.7000,1.9316,1.4796,0.22044,-22.49515,24.42671,0.00000,0
1272076,1.7000,1.9336,1.4796,0.22044,-22.49515,24.42872,0.00000,0
1272576,1.7000,1.9356,1.4796,0.22044,-22.49515,24.43073,0.00000,0
1273076,1.7000,1.9498,1.4788,0.22125,-22.48289,24.43274,0.00000,0
1273576,1.7000,1.9028,1.4820,0.21802,-22.53190,24.43474,0.00000,0
1274076,1.7000,1.9293,1.4804,0.21963,-22.50740,24.43674,0.00000,0
1274576,1.7000,1.9559,1.4788,0.22125,-22.48289,24.43875,0.00000,0
1275076,1.7000,1.9579,1.4788,0.22125,-22.48289,24.44076,0.00000,0
1275576,1.7000,1.9354,1.4804,0.21963,-22.50740,24.44277,0.00000,0
1276076,1.7000,1.9251,1.4812,0.21883,-22.51965,24.44477,0.00000,0
1276576,1.7000,1.9271,1.4812,0.21883,-22.51965,24.44676,0.00000,0
1277076,1.7000,1.9414,1.4804,0.21963,-22.50740,24.44876,0.00000,0
1277576,1.7000,1.9434,1.4804,0.21963,-22.50740,24.45076,0.00000,0
1278076,1.7000,1.9331,1.4812,0.21883,-22.51965,24.45276,0.00000,0
1278576,1.7000,1.9596,1.4796,0.22044,-22.49515,24.45476,0.00000,0
1279076,1.7000,1.9494,1.4804,0.21963,-22.50740,24.45677,0.00000,0
1279576,1.7000,1.9514,1.4804,0.21963,-22.50740,24.45877,0.00000,0
1280076,1.7000,1.9411,1.4812,0.21883,-22.51965,24.46077,0.00000,0
1280576,1.7000,1.9676,1.4796,0.22044,-22.49515,24.46277,0.00000,0
1281076,1.7000,1.9696,1.4796,0.22044,-22.49515,24.46478,0.00000,0
1281576,1.7000,1.9716,1.4796,0.22044,-22.49515,24.46679,0.00000,0
1282076,1.7000,1.9859,1.4788,0.22125,-22.48289,24.46880,0.00000,0
1282576,1.7000,1.9879,1.4788,0.22125,-22.48289,24.47081,0.00000,0
1283076,1.7000,1.9654,1.4804,0.21963,-22.50740,24.47282,0.00000,0
1283576,1.7000,1.9429,1.4820,0.21802,-22.53190,24.47482,0.00000,0
1284076,1.7000,1.9449,1.4820,0.21802,-22.53190,24.47680,0.00000,0
1284576,1.7000,1.9591,1.4812,0.21883,-22.51965,24.47880,0.00000,0
1285076,1.7000,1.9366,1.4828,0.21722,-22.54416,24.48078,0.00000,0
1285576,1.7000,1.8896,1.4860,0.21399,-22.59317,24.48275,0.00000,0
1286076,1.7000,1.8793,1.4868,0.21319,-22.60542,24.48470,0.00000,0
1286576,1.7000,1.8690,1.4876,0.21238,-22.61767,24.48664,0.00000,0
1287076,1.7000,1.8709,1.4876,0.21238,-22.61767,24.48857,0.00000,0
1287576,1.7000,1.9096,1.4852,0.21480,-22.58091,24.49052,0.00000,0
1288076,1.7000,1.9361,1.4836,0.21641,-22.55641,24.49248,0.00000,0
1288576,1.7000,1.9258,1.4844,0.21560,-22.56866,24.49445,0.00000,0
1289076,1.7000,1.9032,1.4860,0.21399,-22.59317,24.49641,0.00000,0
1289576,1.7000,1.8562,1.4892,0.21077,-22.64217,24.49834,0.00000,0
1290076,1.7000,1.8826,1.4876,0.21238,-22.61767,24.50027,0.00000,0
1290576,1.7000,1.9213,1.4852,0.21480,-22.58091,24.50222,0.00000,0
1291076,1.7000,1.9110,1.4860,0.21399,-22.59317,24.50417,0.00000,0
1291576,1.7000,1.9007,1.4868,0.21319,-22.60542,24.50612,0.00000,0
1292076,1.7000,1.9026,1.4868,0.21319,-22.60542,24.50806,0.00000,0
1292576,1.7000,1.8801,1.4884,0.21158,-22.62992,24.51000,0.00000,0
1293076,1.7000,1.8820,1.4884,0.21158,-22.62992,24.51193,0.00000,0
1293576,1.7000,1.8962,1.4876,0.21238,-22.61767,24.51386,0.00000,0
1294076,1.7000,1.8981,1.4876,0.21238,-22.61767,24.51580,0.00000,0
1294576,1.7000,1.9491,1.4844,0.21560,-22.56866,24.51775,0.00000,0
1295076,1.7000,1.9388,1.4852,0.21480,-22.58091,24.51971,0.00000,0
1295576,1.7000,1.9162,1.4868,0.21319,-22.60542,24.52166,0.00000,0
1296076,1.7000,1.9304,1.4860,0.21399,-22.59317,24.52361,0.00000,0
1296576,1.7000,1.9446,1.4852,0.21480,-22.58091,24.52556,0.00000,0
1297076,1.7000,1.9711,1.4836,0.21641,-22.55641,24.52752,0.00000,0
1297576,1.7000,1.9608,1.4844,0.21560,-22.56866,24.52949,0.00000,0
1298076,1.7000,1.9260,1.4868,0.21319,-22.60542,24.53145,0.00000,0
1298576,1.7000,1.9280,1.4868,0.21319,-22.60542,24.53339,0.00000,0
1299076,1.7000,1.9299,1.4868,0.21319,-22.60542,24.53533,0.00000,0
1299576,1.7000,1.9196,1.4876,0.21238,-22.61767,24.53727,0.00000,0
1300076,1.7000,1.9093,1.4884,0.21158,-22.62992,24.53921,0.00000,0
1300576,1.7000,1.8867,1.4900,0.20996,-22.65443,24.54113,0.00000,0
1301076,1.7000,1.9009,1.4892,0.21077,-22.64217,24.54304,0.00000,0
1301576,1.7000,1.9150,1.4884,0.21158,-22.62992,24.54497,0.00000,0
1302076,1.7000,1.8925,1.4900,0.20996,-22.65443,24.54689,0.00000,0
1302576,1.7000,1.8699,1.4916,0.20835,-22.67893,24.54879,0.00000,0
1303076,1.7000,1.9085,1.4892,0.21077,-22.64217,24.55070,0.00000,0
1303576,1.7000,1.8737,1.4916,0.20835,-22.67893,24.55261,0.00000,0
1304076,1.7000,1.8878,1.4908,0.20916,-22.66668,24.55452,0.00000,0
1304576,1.7000,1.8897,1.4908,0.20916,-22.66668,24.55642,0.00000,0
1305076,1.7000,1.8916,1.4908,0.20916,-22.66668,24.55833,0.00000,0
1305576,1.7000,1.8936,1.4908,0.20916,-22.66668,24.56023,0.00000,0
1306076,1.7000,1.8587,1.4933,0.20674,-22.70344,24.56213,0.00000,0
1306576,1.7000,1.8483,1.4941,0.20593,-22.71569,24.56401,0.00000,0
1307076,1.7000,1.8502,1.4941,0.20593,-22.71569,24.56589,0.00000,0
1307576,1.7000,1.8643,1.4933,0.20674,-22.70344,24.56777,0.00000,0
1308076,1.7000,1.8417,1.4949,0.20513,-22.72794,24.56964,0.00000,0
1308576,1.7000,1.8803,1.4925,0.20755,-22.69118,24.57152,0.00000,0
1309076,1.7000,1.8945,1.4916,0.20835,-22.67893,24.57342,0.00000,0
1309576,1.7000,1.8841,1.4925,0.20755,-22.69118,24.57532,0.00000,0
1310076,1.7000,1.8983,1.4916,0.20835,-22.67893,24.57721,0.00000,0
1310576,1.7000,1.9124,1.4908,0.20916,-22.66668,24.57911,0.00000,0
1311076,1.7000,1.9266,1.4900,0.20996,-22.65443,24.58102,0.00000,0
1311576,1.7000,1.9040,1.4916,0.20835,-22.67893,24.58293,0.00000,0
1312076,1.7000,1.9059,1.4916,0.20835,-22.67893,24.58483,0.00000,0
1312576,1.7000,1.8710,1.4941,0.20593,-22.71569,24.58672,0.00000,0
1313076,1.7000,1.8852,1.4933,0.20674,-22.70344,24.58860,0.00000,0
1313576,1.7000,1.8748,1.4941,0.20593,-22.71569,24.59048,0.00000,0
1314076,1.7000,1.8644,1.4949,0.20513,-22.72794,24.59235,0.00000,0
1314576,1.7000,1.8173,1.4981,0.20190,-22.77695,24.59421,0.00000,0
1315076,1.7000,1.8191,1.4981,0.20190,-22.77695,24.59605,0.00000,0
1315576,1.7000,1.8209,1.4981,0.20190,-22.77695,24.59789,0.00000,0
1316076,1.7000,1.8963,1.4933,0.20674,-22.70344,24.59975,0.00000,0
1316576,1.7000,1.8859,1.4941,0.20593,-22.71569,24.60163,0.00000,0
1317076,1.7000,1.8756,1.4949,0.20513,-22.72794,24.60350,0.00000,0
1317576,1.7000,1.9019,1.4933,0.20674,-22.70344,24.60538,0.00000,0
1318076,1.7000,1.9038,1.4933,0.20674,-22.70344,24.60726,0.00000,0
1318576,1.7000,1.8199,1.4989,0.20110,-22.78920,24.60912,0.00000,0
1319076,1.7000,1.8340,1.4981,0.20190,-22.77695,24.61096,0.00000,0
1319576,1.7000,1.8849,1.4949,0.20513,-22.72794,24.61281,0.00000,0
1320076,1.7000,1.8745,1.4957,0.20432,-22.74019,24.61468,0.00000,0
1320576,1.7000,1.8396,1.4981,0.20190,-22.77695,24.61653,0.00000,0
1321076,1.7000,1.7679,1.5029,0.19707,-22.85046,24.61835,0.00000,0
1321576,1.7000,1.8064,1.5005,0.19949,-22.81371,24.62015,0.00000,0
1322076,1.7000,1.8205,1.4997,0.20029,-22.80145,24.62197,0.00000,0
1322576,1.7000,1.8223,1.4997,0.20029,-22.80145,24.62380,0.00000,0
1323076,1.7000,1.8242,1.4997,0.20029,-22.80145,24.62563,0.00000,0
1323576,1.7000,1.8995,1.4949,0.20513,-22.72794,24.62747,0.00000,0
1324076,1.7000,1.8769,1.4965,0.20352,-22.75244,24.62934,0.00000,0
1324576,1.7000,1.8787,1.4965,0.20352,-22.75244,24.63119,0.00000,0
1325076,1.7000,1.8683,1.4973,0.20271,-22.76470,24.63304,0.00000,0
1325576,1.7000,1.9192,1.4941,0.20593,-22.71569,24.63490,0.00000,0
1326076,1.7000,1.9211,1.4941,0.20593,-22.71569,24.63678,0.00000,0
1326576,1.7000,1.9230,1.4941,0.20593,-22.71569,24.63866,0.00000,0
1327076,1.7000,1.9248,1.4941,0.20593,-22.71569,24.64053,0.00000,0
1327576,1.7000,1.9390,1.4933,0.20674,-22.70344,24.64241,0.00000,0
1328076,1.7000,1.9409,1.4933,0.20674,-22.70344,24.64430,0.00000,0
1328576,1.7000,1.9182,1.4949,0.20513,-22.72794,24.64618,0.00000,0
1329076,1.7000,1.9201,1.4949,0.20513,-22.72794,24.64804,0.00000,0
1329576,1.7000,1.8975,1.4965,0.20352,-22.75244,24.64991,0.00000,0
1330076,1.7000,1.9116,1.4957,0.20432,-22.74019,24.65176,0.00000,0
1330576,1.7000,1.9012,1.4965,0.20352,-22.75244,24.65362,0.00000,0
1331076,1.7000,1.8785,1.4981,0.20190,-22.77695,24.65547,0.00000,0
1331576,1.7000,1.8681,1.4989,0.20110,-22.78920,24.65731,0.00000,0
1332076,1.7000,1.8454,1.5005,0.19949,-22.81371,24.65913,0.00000,0
1332576,1.7000,1.7982,1.5037,0.19626,-22.86271,24.66094,0.00000,0
1333076,1.7000,1.7878,1.5045,0.19546,-22.87497,24.66272,0.00000,0
1333576,1.7000,1.7773,1.5053,0.19465,-22.88722,24.66450,0.00000,0
1334076,1.7000,1.7791,1.5053,0.19465,-22.88722,24.66627,0.00000,0
1334576,1.7000,1.7931,1.5045,0.19546,-22.87497,24.66805,0.00000,0
1335076,1.7000,1.7826,1.5053,0.19465,-22.88722,24.66983,0.00000,0
1335576,1.7000,1.8089,1.5037,0.19626,-22.86271,24.67161,0.00000,0
1336076,1.7000,1.8229,1.5029,0.19707,-22.85046,24.67340,0.00000,0
1336576,1.7000,1.8247,1.5029,0.19707,-22.85046,24.67520,0.00000,0
1337076,1.7000,1.8265,1.5029,0.19707,-22.85046,24.67700,0.00000,0
1337576,1.7000,1.9019,1.4981,0.20190,-22.77695,24.67881,0.00000,0
1338076,1.7000,1.9160,1.4973,0.20271,-22.76470,24.68066,0.00000,0
1338576,1.7000,1.9423,1.4957,0.20432,-22.74019,24.68251,0.00000,0
1339076,1.7000,1.9319,1.4965,0.20352,-22.75244,24.68437,0.00000,0
1339576,1.7000,1.9338,1.4965,0.20352,-22.75244,24.68622,0.00000,0
1340076,1.7000,1.9234,1.4973,0.20271,-22.76470,24.68808,0.00000,0
1340576,1.7000,1.8885,1.4997,0.20029,-22.80145,24.68991,0.00000,0
1341076,1.7000,1.8780,1.5005,0.19949,-22.81371,24.69173,0.00000,0
1341576,1.7000,1.8798,1.5005,0.19949,-22.81371,24.69355,0.00000,0
1342076,1.7000,1.8817,1.5005,0.19949,-22.81371,24.69537,0.00000,0
1342576,1.7000,1.8467,1.5029,0.19707,-22.85046,24.69718,0.00000,0
1343076,1.7000,1.8363,1.5037,0.19626,-22.86271,24.69897,0.00000,0
1343576,1.7000,1.8626,1.5021,0.19788,-22.83821,24.70077,0.00000,0
1344076,1.7000,1.8521,1.5029,0.19707,-22.85046,24.70257,0.00000,0
1344576,1.7000,1.8416,1.5037,0.19626,-22.86271,24.70436,0.00000,0
1345076,1.7000,1.8557,1.5029,0.19707,-22.85046,24.70615,0.00000,0
1345576,1.7000,1.8575,1.5029,0.19707,-22.85046,24.70795,0.00000,0
1346076,1.7000,1.8838,1.5013,0.19868,-22.82596,24.70975,0.00000,0
1346576,1.7000,1.9346,1.4981,0.20190,-22.77695,24.71158,0.00000,0
1347076,1.7000,1.9120,1.4997,0.20029,-22.80145,24.71341,0.00000,0
1347576,1.7000,1.9260,1.4989,0.20110,-22.78920,24.71524,0.00000,0
1348076,1.7000,1.9401,1.4981,0.20190,-22.77695,24.71708,0.00000,0
1348576,1.7000,1.9542,1.4973,0.20271,-22.76470,24.71892,0.00000,0
1349076,1.7000,1.9438,1.4981,0.20190,-22.77695,24.72077,0.00000,0
1349576,1.7000,1.9211,1.4997,0.20029,-22.80145,24.72260,0.00000,0
1350076,1.7000,1.9352,1.4989,0.20110,-22.78920,24.72443,0.00000,0
1350576,1.7000,1.9371,1.4989,0.20110,-22.78920,24.72626,0.00000,0
1351076,1.7000,1.9389,1.4989,0.20110,-22.78920,24.72809,0.00000,0
1351576,1.7000,1.9040,1.5013,0.19868,-22.82596,24.72992,0.00000,0
1352076,1.7000,1.8567,1.5045,0.19546,-22.87497,24.73171,0.00000,0
1352576,1.7000,1.8340,1.5062,0.19385,-22.89947,24.73349,0.00000,0
1353076,1.7000,1.8480,1.5053,0.19465,-22.88722,24.73526,0.00000,0
1353576,1.7000,1.8253,1.5070,0.19304,-22.91172,24.73702,0.00000,0
1354076,1.7000,1.8271,1.5070,0.19304,-22.91172,24.73878,0.00000,0
1354576,1.7000,1.8533,1.5053,0.19465,-22.88722,24.74055,0.00000,0
1355076,1.7000,1.8428,1.5062,0.19385,-22.89947,24.74232,0.00000,0
1355576,1.7000,1.8446,1.5062,0.19385,-22.89947,24.74408,0.00000,0
1356076,1.7000,1.8341,1.5070,0.19304,-22.91172,24.74585,0.00000,0
1356576,1.7000,1.8236,1.5078,0.19223,-22.92397,24.74760,0.00000,0
1357076,1.7000,1.8499,1.5062,0.19385,-22.89947,24.74936,0.00000,0
1357576,1.7000,1.8639,1.5053,0.19465,-22.88722,24.75113,0.00000,0
1358076,1.7000,1.8657,1.5053,0.19465,-22.88722,24.75290,0.00000,0
1358576,1.7000,1.8429,1.5070,0.19304,-22.91172,24.75467,0.00000,0
1359076,1.7000,1.8447,1.5070,0.19304,-22.91172,24.75643,0.00000,0
1359576,1.7000,1.8342,1.5078,0.19223,-22.92397,24.75818,0.00000,0
1360076,1.7000,1.8114,1.5094,0.19062,-22.94848,24.75993,0.00000,0
1360576,1.7000,1.8377,1.5078,0.19223,-22.92397,24.76167,0.00000,0
1361076,1.7000,1.8272,1.5086,0.19143,-22.93623,24.76342,0.00000,0
1361576,1.7000,1.8044,1.5102,0.18982,-22.96073,24.76516,0.00000,0
1362076,1.7000,1.7694,1.5126,0.18740,-22.99749,24.76688,0.00000,0
1362576,1.7000,1.7588,1.5134,0.18659,-23.00974,24.76858,0.00000,0
1363076,1.7000,1.7360,1.5150,0.18498,-23.03425,24.77028,0.00000,0
1363576,1.7000,1.7500,1.5142,0.18579,-23.02200,24.77197,0.00000,0
1364076,1.7000,1.7762,1.5126,0.18740,-22.99749,24.77367,0.00000,0
1364576,1.7000,1.7901,1.5118,0.18821,-22.98524,24.77538,0.00000,0
1365076,1.7000,1.8164,1.5102,0.18982,-22.96073,24.77710,0.00000,0
1365576,1.7000,1.8181,1.5102,0.18982,-22.96073,24.77883,0.00000,0
1366076,1.7000,1.8689,1.5070,0.19304,-22.91172,24.78058,0.00000,0
1366576,1.7000,1.8951,1.5053,0.19465,-22.88722,24.78234,0.00000,0
1367076,1.7000,1.9337,1.5029,0.19707,-22.85046,24.78413,0.00000,0
1367576,1.7000,1.9355,1.5029,0.19707,-22.85046,24.78592,0.00000,0
1368076,1.7000,1.9863,1.4997,0.20029,-22.80145,24.78773,0.00000,0
1368576,1.7000,1.9881,1.4997,0.20029,-22.80145,24.78956,0.00000,0
1369076,1.7000,1.9532,1.5021,0.19788,-22.83821,24.79137,0.00000,0
1369576,1.7000,1.9305,1.5037,0.19626,-22.86271,24.79317,0.00000,0
1370076,1.7000,1.8955,1.5062,0.19385,-22.89947,24.79495,0.00000,0
1370576,1.7000,1.8972,1.5062,0.19385,-22.89947,24.79671,0.00000,0
1371076,1.7000,1.8622,1.5086,0.19143,-22.93623,24.79847,0.00000,0
1371576,1.7000,1.8027,1.5126,0.18740,-22.99749,24.80020,0.00000,0
1372076,1.7000,1.8167,1.5118,0.18821,-22.98524,24.80191,0.00000,0
1372576,1.7000,1.7939,1.5134,0.18659,-23.00974,24.80361,0.00000,0
1373076,1.7000,1.7833,1.5142,0.18579,-23.02200,24.80531,0.00000,0
1373576,1.7000,1.7850,1.5142,0.18579,-23.02200,24.80700,0.00000,0
1374076,1.7000,1.8235,1.5118,0.18821,-22.98524,24.80871,0.00000,0
1374576,1.7000,1.8129,1.5126,0.18740,-22.99749,24.81042,0.00000,0
1375076,1.7000,1.8392,1.5110,0.18901,-22.97298,24.81214,0.00000,0
1375576,1.7000,1.8164,1.5126,0.18740,-22.99749,24.81385,0.00000,0
1376076,1.7000,1.8303,1.5118,0.18821,-22.98524,24.81556,0.00000,0
1376576,1.7000,1.8933,1.5078,0.19223,-22.92397,24.81730,0.00000,0
1377076,1.7000,1.8828,1.5086,0.19143,-22.93623,24.81904,0.00000,0
1377576,1.7000,1.9091,1.5070,0.19304,-22.91172,24.82080,0.00000,0
1378076,1.7000,1.8986,1.5078,0.19223,-22.92397,24.82255,0.00000,0
1378576,1.7000,1.9003,1.5078,0.19223,-22.92397,24.82430,0.00000,0
1379076,1.7000,1.9021,1.5078,0.19223,-22.92397,24.82606,0.00000,0
1379576,1.7000,1.9038,1.5078,0.19223,-22.92397,24.82781,0.00000,0
1380076,1.7000,1.9178,1.5070,0.19304,-22.91172,24.82957,0.00000,0
1380576,1.7000,1.9319,1.5062,0.19385,-22.89947,24.83133,0.00000,0
1381076,1.7000,1.8969,1.5086,0.19143,-22.93623,24.83308,0.00000,0
1381576,1.7000,1.8741,1.5102,0.18982,-22.96073,24.83482,0.00000,0
1382076,1.7000,1.8758,1.5102,0.18982,-22.96073,24.83655,0.00000,0
1382576,1.7000,1.8898,1.5094,0.19062,-22.94848,24.83828,0.00000,0
1383076,1.7000,1.8915,1.5094,0.19062,-22.94848,24.84002,0.00000,0
1383576,1.7000,1.8933,1.5094,0.19062,-22.94848,24.84176,0.00000,0
1384076,1.7000,1.8950,1.5094,0.19062,-22.94848,24.84350,0.00000,0
1384576,1.7000,1.9213,1.5078,0.19223,-22.92397,24.84524,0.00000,0
1385076,1.7000,1.8863,1.5102,0.18982,-22.96073,24.84698,0.00000,0
1385576,1.7000,1.8757,1.5110,0.18901,-22.97298,24.84871,0.00000,0
1386076,1.7000,1.8897,1.5102,0.18982,-22.96073,24.85044,0.00000,0
1386576,1.7000,1.9037,1.5094,0.19062,-22.94848,24.85217,0.00000,0
1387076,1.7000,1.9054,1.5094,0.19062,-22.94848,24.85391,0.00000,0
1387576,1.7000,1.8827,1.5110,0.18901,-22.97298,24.85564,0.00000,0
1388076,1.7000,1.8844,1.5110,0.18901,-22.97298,24.85736,0.00000,0
1388576,1.7000,1.8861,1.5110,0.18901,-22.97298,24.85908,0.00000,0
1389076,1.7000,1.8633,1.5126,0.18740,-22.99749,24.86080,0.00000,0
1389576,1.7000,1.8528,1.5134,0.18659,-23.00974,24.86250,0.00000,0
1390076,1.7000,1.8790,1.5118,0.18821,-22.98524,24.86421,0.00000,0
1390576,1.7000,1.8929,1.5110,0.18901,-22.97298,24.86593,0.00000,0
1391076,1.7000,1.8947,1.5110,0.18901,-22.97298,24.86765,0.00000,0
1391576,1.7000,1.8719,1.5126,0.18740,-22.99749,24.86936,0.00000,0
1392076,1.7000,1.8736,1.5126,0.18740,-22.99749,24.87107,0.00000,0
1392576,1.7000,1.8875,1.5118,0.18821,-22.98524,24.87278,0.00000,0
1393076,1.7000,1.9015,1.5110,0.18901,-22.97298,24.87450,0.00000,0
1393576,1.7000,1.9032,1.5110,0.18901,-22.97298,24.87622,0.00000,0
1394076,1.7000,1.8682,1.5134,0.18659,-23.00974,24.87793,0.00000,0
1394576,1.7000,1.8699,1.5134,0.18659,-23.00974,24.87963,0.00000,0
1395076,1.7000,1.8716,1.5134,0.18659,-23.00974,24.88134,0.00000,0
1395576,1.7000,1.8610,1.5142,0.18579,-23.02200,24.88303,0.00000,0
1396076,1.7000,1.8750,1.5134,0.18659,-23.00974,24.88473,0.00000,0
1396576,1.7000,1.8889,1.5126,0.18740,-22.99749,24.88644,0.00000,0
1397076,1.7000,1.8907,1.5126,0.18740,-22.99749,24.88814,0.00000,0
1397576,1.7000,1.8924,1.5126,0.18740,-22.99749,24.88985,0.00000,0
1398076,1.7000,1.8941,1.5126,0.18740,-22.99749,24.89156,0.00000,0
1398576,1.7000,1.8958,1.5126,0.18740,-22.99749,24.89326,0.00000,0
1399076,1.7000,1.9343,1.5102,0.18982,-22.96073,24.89498,0.00000,0
1399576,1.7000,1.9360,1.5102,0.18982,-22.96073,24.89671,0.00000,0
1400076,1.7000,1.9132,1.5118,0.18821,-22.98524,24.89844,0.00000,0
1400576,1.7000,1.9762,1.5078,0.19223,-22.92397,24.90017,0.00000,0
1401076,1.7000,1.9779,1.5078,0.19223,-22.92397,24.90192,0.00000,0
1401576,1.7000,1.9920,1.5070,0.19304,-22.91172,24.90368,0.00000,0
1402076,1.7000,1.9815,1.5078,0.19223,-22.92397,24.90543,0.00000,0
1402576,1.7000,1.9464,1.5102,0.18982,-22.96073,24.90717,0.00000,0
1403076,1.7000,1.9237,1.5118,0.18821,-22.98524,24.90890,0.00000,0
1403576,1.7000,1.9131,1.5126,0.18740,-22.99749,24.91061,0.00000,0
1404076,1.7000,1.8781,1.5150,0.18498,-23.03425,24.91230,0.00000,0
1404576,1.7000,1.8430,1.5174,0.18256,-23.07100,24.91398,0.00000,0
1405076,1.7000,1.8569,1.5166,0.18337,-23.05875,24.91565,0.00000,0
1405576,1.7000,1.7850,1.5215,0.17853,-23.13227,24.91730,0.00000,0
1406076,1.7000,1.7989,1.5207,0.17934,-23.12001,24.91893,0.00000,0
1406576,1.7000,1.7883,1.5215,0.17853,-23.13227,24.92056,0.00000,0
1407076,1.7000,1.7899,1.5215,0.17853,-23.13227,24.92218,0.00000,0
1407576,1.7000,1.8161,1.5199,0.18015,-23.10776,24.92382,0.00000,0
1408076,1.7000,1.7932,1.5215,0.17853,-23.13227,24.92545,0.00000,0
1408576,1.7000,1.7826,1.5223,0.17773,-23.14452,24.92708,0.00000,0
1409076,1.7000,1.8332,1.5190,0.18095,-23.09551,24.92871,0.00000,0
1409576,1.7000,1.8471,1.5182,0.18176,-23.08326,24.93036,0.00000,0
1410076,1.7000,1.8610,1.5174,0.18256,-23.07100,24.93202,0.00000,0
1410576,1.7000,1.8872,1.5158,0.18418,-23.04650,24.93369,0.00000,0
1411076,1.7000,1.8889,1.5158,0.18418,-23.04650,24.93537,0.00000,0
1411576,1.7000,1.8906,1.5158,0.18418,-23.04650,24.93705,0.00000,0
1412076,1.7000,1.9290,1.5134,0.18659,-23.00974,24.93874,0.00000,0
1412576,1.7000,1.9184,1.5142,0.18579,-23.02200,24.94044,0.00000,0
1413076,1.7000,1.9447,1.5126,0.18740,-22.99749,24.94214,0.00000,0
1413576,1.7000,1.9709,1.5110,0.18901,-22.97298,24.94386,0.00000,0
1414076,1.7000,1.9481,1.5126,0.18740,-22.99749,24.94557,0.00000,0
1414576,1.7000,1.9743,1.5110,0.18901,-22.97298,24.94728,0.00000,0
1415076,1.7000,1.9515,1.5126,0.18740,-22.99749,24.94900,0.00000,0
1415576,1.7000,1.9287,1.5142,0.18579,-23.02200,24.95070,0.00000,0
1416076,1.7000,1.9059,1.5158,0.18418,-23.04650,24.95239,0.00000,0
1416576,1.7000,1.9076,1.5158,0.18418,-23.04650,24.95407,0.00000,0
1417076,1.7000,1.8357,1.5207,0.17934,-23.12001,24.95572,0.00000,0
1417576,1.7000,1.8128,1.5223,0.17773,-23.14452,24.95735,0.00000,0
1418076,1.7000,1.8390,1.5207,0.17934,-23.12001,24.95898,0.00000,0
1418576,1.7000,1.8283,1.5215,0.17853,-23.13227,24.96061,0.00000,0
1419076,1.7000,1.8300,1.5215,0.17853,-23.13227,24.96223,0.00000,0
1419576,1.7000,1.8316,1.5215,0.17853,-23.13227,24.96386,0.00000,0
1420076,1.7000,1.8455,1.5207,0.17934,-23.12001,24.96549,0.00000,0
1420576,1.7000,1.8594,1.5199,0.18015,-23.10776,24.96713,0.00000,0
1421076,1.7000,1.8610,1.5199,0.18015,-23.10776,24.96877,0.00000,0
1421576,1.7000,1.8627,1.5199,0.18015,-23.10776,24.97042,0.00000,0
1422076,1.7000,1.8520,1.5207,0.17934,-23.12001,24.97205,0.00000,0
1422576,1.7000,1.9150,1.5166,0.18337,-23.05875,24.97371,0.00000,0
1423076,1.7000,1.9044,1.5174,0.18256,-23.07100,24.97537,0.00000,0
1423576,1.7000,1.9060,1.5174,0.18256,-23.07100,24.97704,0.00000,0
1424076,1.7000,1.9077,1.5174,0.18256,-23.07100,24.97870,0.00000,0
1424576,1.7000,1.9094,1.5174,0.18256,-23.07100,24.98036,0.00000,0
1425076,1.7000,1.9233,1.5166,0.18337,-23.05875,24.98203,0.00000,0
1425576,1.7000,1.9004,1.5182,0.18176,-23.08326,24.98369,0.00000,0
1426076,1.7000,1.9021,1.5182,0.18176,-23.08326,24.98535,0.00000,0
1426576,1.7000,1.8792,1.5199,0.18015,-23.10776,24.98700,0.00000,0
1427076,1.7000,1.9177,1.5174,0.18256,-23.07100,24.98866,0.00000,0
1427576,1.7000,1.8825,1.5199,0.18015,-23.10776,24.99031,0.00000,0
1428076,1.7000,1.8719,1.5207,0.17934,-23.12001,24.99195,0.00000,0
1428576,1.7000,1.8613,1.5215,0.17853,-23.13227,24.99358,0.00000,0
1429076,1.7000,1.8629,1.5215,0.17853,-23.13227,24.99520,0.00000,0
1429576,1.7000,1.8646,1.5215,0.17853,-23.13227,24.99683,0.00000,0
1430076,1.7000,1.8172,1.5247,0.17531,-23.18127,24.99844,0.00000,0
1430576,1.7000,1.8310,1.5239,0.17612,-23.16902,25.00005,0.00000,0
1431076,1.7000,1.8571,1.5223,0.17773,-23.14452,25.00166,0.00000,0
1431576,1.7000,1.8710,1.5215,0.17853,-23.13227,25.00328,0.00000,0
1432076,1.7000,1.8849,1.5207,0.17934,-23.12001,25.00491,0.00000,0
1432576,1.7000,1.8988,1.5199,0.18015,-23.10776,25.00655,0.00000,0
1433076,1.7000,1.8882,1.5207,0.17934,-23.12001,25.00819,0.00000,0
1433576,1.7000,1.9143,1.5190,0.18095,-23.09551,25.00983,0.00000,0
1434076,1.7000,1.9037,1.5199,0.18015,-23.10776,25.01148,0.00000,0
1434576,1.7000,1.8808,1.5215,0.17853,-23.13227,25.01311,0.00000,0
1435076,1.7000,1.8947,1.5207,0.17934,-23.12001,25.01474,0.00000,0
1435576,1.7000,1.9086,1.5199,0.18015,-23.10776,25.01638,0.00000,0
1436076,1.7000,1.8735,1.5223,0.17773,-23.14452,25.01801,0.00000,0
1436576,1.7000,1.8874,1.5215,0.17853,-23.13227,25.01963,0.00000,0
1437076,1.7000,1.8277,1.5255,0.17451,-23.19353,25.02124,0.00000,0
1437576,1.7000,1.8293,1.5255,0.17451,-23.19353,25.02283,0.00000,0
1438076,1.7000,1.8186,1.5263,0.17370,-23.20578,25.02442,0.00000,0
1438576,1.7000,1.8202,1.5263,0.17370,-23.20578,25.02600,0.00000,0
1439076,1.7000,1.8341,1.5255,0.17451,-23.19353,25.02759,0.00000,0
1439576,1.7000,1.8111,1.5271,0.17289,-23.21803,25.02917,0.00000,0
1440076,1.7000,1.8127,1.5271,0.17289,-23.21803,25.03075,0.00000,0
1440576,1.7000,1.7775,1.5295,0.17048,-23.25479,25.03231,0.00000,0
1441076,1.7000,1.8036,1.5279,0.17209,-23.23028,25.03387,0.00000,0
1441576,1.7000,1.7684,1.5303,0.16967,-23.26704,25.03543,0.00000,0
1442076,1.7000,1.8190,1.5271,0.17289,-23.21803,25.03699,0.00000,0
1442576,1.7000,1.8328,1.5263,0.17370,-23.20578,25.03857,0.00000,0
1443076,1.7000,1.8466,1.5255,0.17451,-23.19353,25.04016,0.00000,0
1443576,1.7000,1.8972,1.5223,0.17773,-23.14452,25.04176,0.00000,0
1444076,1.7000,1.9111,1.5215,0.17853,-23.13227,25.04339,0.00000,0
1444576,1.7000,1.9250,1.5207,0.17934,-23.12001,25.04502,0.00000,0
1445076,1.7000,1.9389,1.5199,0.18015,-23.10776,25.04666,0.00000,0
1445576,1.7000,1.9405,1.5199,0.18015,-23.10776,25.04830,0.00000,0
1446076,1.7000,1.9422,1.5199,0.18015,-23.10776,25.04994,0.00000,0
1446576,1.7000,1.9316,1.5207,0.17934,-23.12001,25.05158,0.00000,0
1447076,1.7000,1.9209,1.5215,0.17853,-23.13227,25.05321,0.00000,0
1447576,1.7000,1.8858,1.5239,0.17612,-23.16902,25.05482,0.00000,0
1448076,1.7000,1.8506,1.5263,0.17370,-23.20578,25.05642,0.00000,0
1448576,1.7000,1.7664,1.5319,0.16806,-23.29154,25.05798,0.00000,0
1449076,1.7000,1.7680,1.5319,0.16806,-23.29154,25.05951,0.00000,0
1449576,1.7000,1.7572,1.5327,0.16725,-23.30380,25.06104,0.00000,0
1450076,1.7000,1.7343,1.5344,0.16564,-23.32830,25.06255,0.00000,0
1450576,1.7000,1.7480,1.5336,0.16645,-23.31605,25.06407,0.00000,0
1451076,1.7000,1.7495,1.5336,0.16645,-23.31605,25.06558,0.00000,0
1451576,1.7000,1.7633,1.5327,0.16725,-23.30380,25.06710,0.00000,0
1452076,1.7000,1.7771,1.5319,0.16806,-23.29154,25.06863,0.00000,0
1452576,1.7000,1.7909,1.5311,0.16886,-23.27929,25.07017,0.00000,0
1453076,1.7000,1.8414,1.5279,0.17209,-23.23028,25.07172,0.00000,0
1453576,1.7000,1.9043,1.5239,0.17612,-23.16902,25.07331,0.00000,0
1454076,1.7000,1.8814,1.5255,0.17451,-23.19353,25.07491,0.00000,0
1454576,1.7000,1.8707,1.5263,0.17370,-23.20578,25.07649,0.00000,0
1455076,1.7000,1.8968,1.5247,0.17531,-23.18127,25.07808,0.00000,0
1455576,1.7000,1.8862,1.5255,0.17451,-23.19353,25.07968,0.00000,0
1456076,1.7000,1.8877,1.5255,0.17451,-23.19353,25.08127,0.00000,0
1456576,1.7000,1.9016,1.5247,0.17531,-23.18127,25.08286,0.00000,0
1457076,1.7000,1.8787,1.5263,0.17370,-23.20578,25.08445,0.00000,0
1457576,1.7000,1.8803,1.5263,0.17370,-23.20578,25.08604,0.00000,0
1458076,1.7000,1.8573,1.5279,0.17209,-23.23028,25.08761,0.00000,0
1458576,1.7000,1.7976,1.5319,0.16806,-23.29154,25.08916,0.00000,0
1459076,1.7000,1.8359,1.5295,0.17048,-23.25479,25.09071,0.00000,0
1459576,1.7000,1.8742,1.5271,0.17289,-23.21803,25.09227,0.00000,0
1460076,1.7000,1.8636,1.5279,0.17209,-23.23028,25.09384,0.00000,0
1460576,1.7000,1.8651,1.5279,0.17209,-23.23028,25.09541,0.00000,0
1461076,1.7000,1.8544,1.5287,0.17128,-23.24253,25.09697,0.00000,0
1461576,1.7000,1.8437,1.5295,0.17048,-23.25479,25.09853,0.00000,0
1462076,1.7000,1.8576,1.5287,0.17128,-23.24253,25.10009,0.00000,0
1462576,1.7000,1.8591,1.5287,0.17128,-23.24253,25.10165,0.00000,0
1463076,1.7000,1.8607,1.5287,0.17128,-23.24253,25.10321,0.00000,0
1463576,1.7000,1.8867,1.5271,0.17289,-23.21803,25.10478,0.00000,0
1464076,1.7000,1.8638,1.5287,0.17128,-23.24253,25.10635,0.00000,0
1464576,1.7000,1.8531,1.5295,0.17048,-23.25479,25.10790,0.00000,0
1465076,1.7000,1.8547,1.5295,0.17048,-23.25479,25.10946,0.00000,0
1465576,1.7000,1.8195,1.5319,0.16806,-23.29154,25.11100,0.00000,0
1466076,1.7000,1.8578,1.5295,0.17048,-23.25479,25.11255,0.00000,0
1466576,1.7000,1.8716,1.5287,0.17128,-23.24253,25.11410,0.00000,0
1467076,1.7000,1.8731,1.5287,0.17128,-23.24253,25.11566,0.00000,0
1467576,1.7000,1.8624,1.5295,0.17048,-23.25479,25.11722,0.00000,0
1468076,1.7000,1.8762,1.5287,0.17128,-23.24253,25.11878,0.00000,0
1468576,1.7000,1.8656,1.5295,0.17048,-23.25479,25.12034,0.00000,0
1469076,1.7000,1.8671,1.5295,0.17048,-23.25479,25.12189,0.00000,0
1469576,1.7000,1.8687,1.5295,0.17048,-23.25479,25.12345,0.00000,0
1470076,1.7000,1.8825,1.5287,0.17128,-23.24253,25.12501,0.00000,0
1470576,1.7000,1.9085,1.5271,0.17289,-23.21803,25.12657,0.00000,0
1471076,1.7000,1.8979,1.5279,0.17209,-23.23028,25.12815,0.00000,0
1471576,1.7000,1.8627,1.5303,0.16967,-23.26704,25.12970,0.00000,0
1472076,1.7000,1.8520,1.5311,0.16886,-23.27929,25.13125,0.00000,0
1472576,1.7000,1.8657,1.5303,0.16967,-23.26704,25.13279,0.00000,0
1473076,1.7000,1.8305,1.5327,0.16725,-23.30380,25.13433,0.00000,0
1473576,1.7000,1.8443,1.5319,0.16806,-23.29154,25.13585,0.00000,0
1474076,1.7000,1.8581,1.5311,0.16886,-23.27929,25.13739,0.00000,0
1474576,1.7000,1.8719,1.5303,0.16967,-23.26704,25.13893,0.00000,0
1475076,1.7000,1.8244,1.5336,0.16645,-23.31605,25.14046,0.00000,0
1475576,1.7000,1.8014,1.5352,0.16484,-23.34055,25.14197,0.00000,0
1476076,1.7000,1.8029,1.5352,0.16484,-23.34055,25.14347,0.00000,0
1476576,1.7000,1.8167,1.5344,0.16564,-23.32830,25.14498,0.00000,0
1477076,1.7000,1.8304,1.5336,0.16645,-23.31605,25.14649,0.00000,0
1477576,1.7000,1.8197,1.5344,0.16564,-23.32830,25.14801,0.00000,0
1478076,1.7000,1.8212,1.5344,0.16564,-23.32830,25.14952,0.00000,0
1478576,1.7000,1.8105,1.5352,0.16484,-23.34055,25.15102,0.00000,0
1479076,1.7000,1.7997,1.5360,0.16403,-23.35281,25.15252,0.00000,0
1479576,1.7000,1.7767,1.5376,0.16242,-23.37731,25.15401,0.00000,0
1480076,1.7000,1.8027,1.5360,0.16403,-23.35281,25.15550,0.00000,0
1480576,1.7000,1.8410,1.5336,0.16645,-23.31605,25.15700,0.00000,0
1481076,1.7000,1.8302,1.5344,0.16564,-23.32830,25.15852,0.00000,0
1481576,1.7000,1.8440,1.5336,0.16645,-23.31605,25.16003,0.00000,0
1482076,1.7000,1.8087,1.5360,0.16403,-23.35281,25.16154,0.00000,0
1482576,1.7000,1.8102,1.5360,0.16403,-23.35281,25.16303,0.00000,0
1483076,1.7000,1.8240,1.5352,0.16484,-23.34055,25.16453,0.00000,0
1483576,1.7000,1.8255,1.5352,0.16484,-23.34055,25.16603,0.00000,0
1484076,1.7000,1.8270,1.5352,0.16484,-23.34055,25.16754,0.00000,0
1484576,1.7000,1.8040,1.5368,0.16322,-23.36506,25.16903,0.00000,0
1485076,1.7000,1.8300,1.5352,0.16484,-23.34055,25.17053,0.00000,0
1485576,1.7000,1.8315,1.5352,0.16484,-23.34055,25.17203,0.00000,0
1486076,1.7000,1.8330,1.5352,0.16484,-23.34055,25.17353,0.00000,0
1486576,1.7000,1.8222,1.5360,0.16403,-23.35281,25.17503,0.00000,0
1487076,1.7000,1.8973,1.5311,0.16886,-23.27929,25.17655,0.00000,0
1487576,1.7000,1.8865,1.5319,0.16806,-23.29154,25.17808,0.00000,0
1488076,1.7000,1.8513,1.5344,0.16564,-23.32830,25.17960,0.00000,0
1488576,1.7000,1.8773,1.5327,0.16725,-23.30380,25.18112,0.00000,0
1489076,1.7000,1.8788,1.5327,0.16725,-23.30380,25.18264,0.00000,0
1489576,1.7000,1.9049,1.5311,0.16886,-23.27929,25.18418,0.00000,0
1490076,1.7000,1.9064,1.5311,0.16886,-23.27929,25.18571,0.00000,0
1490576,1.7000,1.9080,1.5311,0.16886,-23.27929,25.18725,0.00000,0
1491076,1.7000,1.9585,1.5279,0.17209,-23.23028,25.18881,0.00000,0
1491576,1.7000,1.9724,1.5271,0.17289,-23.21803,25.19038,0.00000,0
1492076,1.7000,1.9494,1.5287,0.17128,-23.24253,25.19195,0.00000,0
1492576,1.7000,1.9510,1.5287,0.17128,-23.24253,25.19351,0.00000,0
1493076,1.7000,2.0016,1.5255,0.17451,-23.19353,25.19508,0.00000,0
1493576,1.7000,1.9664,1.5279,0.17209,-23.23028,25.19666,0.00000,0
1494076,1.7000,1.9557,1.5287,0.17128,-23.24253,25.19823,0.00000,0
1494576,1.7000,1.9573,1.5287,0.17128,-23.24253,25.19979,0.00000,0
1495076,1.7000,1.9466,1.5295,0.17048,-23.25479,25.20135,0.00000,0
1495576,1.7000,1.9236,1.5311,0.16886,-23.27929,25.20289,0.00000,0
1496076,1.7000,1.8761,1.5344,0.16564,-23.32830,25.20442,0.00000,0
1496576,1.7000,1.8776,1.5344,0.16564,-23.32830,25.20592,0.00000,0
1497076,1.7000,1.8669,1.5352,0.16484,-23.34055,25.20743,0.00000,0
1497576,1.7000,1.8684,1.5352,0.16484,-23.34055,25.20893,0.00000,0
1498076,1.7000,1.8454,1.5368,0.16322,-23.36506,25.21043,0.00000,0
1498576,1.7000,1.8591,1.5360,0.16403,-23.35281,25.21192,0.00000,0
1499076,1.7000,1.9096,1.5327,0.16725,-23.30380,25.21343,0.00000,0
1499576,1.7000,1.9112,1.5327,0.16725,-23.30380,25.21495,0.00000,0
1500076,1.7000,1.9127,1.5327,0.16725,-23.30380,25.21648,0.00000,0
1500576,1.7000,1.9265,1.5319,0.16806,-23.29154,25.21801,0.00000,0
1501076,1.7000,1.9402,1.5311,0.16886,-23.27929,25.21954,0.00000,0
1501576,1.7000,1.9295,1.5319,0.16806,-23.29154,25.22108,0.00000,0
1502076,1.7000,1.9188,1.5327,0.16725,-23.30380,25.22260,0.00000,0
1502576,1.7000,1.9081,1.5336,0.16645,-23.31605,25.22412,0.00000,0
1503076,1.7000,1.9218,1.5327,0.16725,-23.30380,25.22565,0.00000,0
1503576,1.7000,1.9234,1.5327,0.16725,-23.30380,25.22717,0.00000,0
1504076,1.7000,1.8881,1.5352,0.16484,-23.34055,25.22868,0.00000,0
1504576,1.7000,1.8774,1.5360,0.16403,-23.35281,25.23018,0.00000,0
1505076,1.7000,1.8666,1.5368,0.16322,-23.36506,25.23167,0.00000,0
1505576,1.7000,1.8681,1.5368,0.16322,-23.36506,25.23316,0.00000,0
1506076,1.7000,1.8573,1.5376,0.16242,-23.37731,25.23464,0.00000,0
1506576,1.7000,1.8588,1.5376,0.16242,-23.37731,25.23612,0.00000,0
1507076,1.7000,1.8726,1.5368,0.16322,-23.36506,25.23761,0.00000,0
1507576,1.7000,1.8863,1.5360,0.16403,-23.35281,25.23910,0.00000,0
1508076,1.7000,1.8878,1.5360,0.16403,-23.35281,25.24059,0.00000,0
1508576,1.7000,1.8770,1.5368,0.16322,-23.36506,25.24209,0.00000,0
1509076,1.7000,1.8785,1.5368,0.16322,-23.36506,25.24357,0.00000,0
1509576,1.7000,1.9168,1.5344,0.16564,-23.32830,25.24507,0.00000,0
1510076,1.7000,1.9060,1.5352,0.16484,-23.34055,25.24658,0.00000,0
1510576,1.7000,1.9198,1.5344,0.16564,-23.32830,25.24809,0.00000,0
1511076,1.7000,1.9458,1.5327,0.16725,-23.30380,25.24960,0.00000,0
1511576,1.7000,1.9351,1.5336,0.16645,-23.31605,25.25112,0.00000,0
1512076,1.7000,1.9611,1.5319,0.16806,-23.29154,25.25265,0.00000,0
1512576,1.7000,1.9626,1.5319,0.16806,-23.29154,25.25418,0.00000,0
1513076,1.7000,1.9764,1.5311,0.16886,-23.27929,25.25571,0.00000,0
1513576,1.7000,1.9780,1.5311,0.16886,-23.27929,25.25725,0.00000,0
1514076,1.7000,1.9795,1.5311,0.16886,-23.27929,25.25879,0.00000,0
1514576,1.7000,1.9565,1.5327,0.16725,-23.30380,25.26032,0.00000,0
1515076,1.7000,1.9826,1.5311,0.16886,-23.27929,25.26186,0.00000,0
1515576,1.7000,1.9596,1.5327,0.16725,-23.30380,25.26339,0.00000,0
1516076,1.7000,1.9366,1.5344,0.16564,-23.32830,25.26490,0.00000,0
1516576,1.7000,1.9504,1.5336,0.16645,-23.31605,25.26642,0.00000,0
1517076,1.7000,1.9029,1.5368,0.16322,-23.36506,25.26792,0.00000,0
1517576,1.7000,1.8921,1.5376,0.16242,-23.37731,25.26940,0.00000,0
1518076,1.7000,1.8691,1.5392,0.16081,-23.40181,25.27088,0.00000,0
1518576,1.7000,1.8460,1.5408,0.15919,-23.42632,25.27234,0.00000,0
1519076,1.7000,1.8475,1.5408,0.15919,-23.42632,25.27379,0.00000,0
1519576,1.7000,1.8489,1.5408,0.15919,-23.42632,25.27524,0.00000,0
1520076,1.7000,1.8749,1.5392,0.16081,-23.40181,25.27670,0.00000,0
1520576,1.7000,1.8641,1.5400,0.16000,-23.41407,25.27816,0.00000,0
1521076,1.7000,1.8656,1.5400,0.16000,-23.41407,25.27962,0.00000,0
1521576,1.7000,1.8548,1.5408,0.15919,-23.42632,25.28107,0.00000,0
1522076,1.7000,1.8562,1.5408,0.15919,-23.42632,25.28252,0.00000,0
1522576,1.7000,1.8822,1.5392,0.16081,-23.40181,25.28398,0.00000,0
1523076,1.7000,1.8959,1.5384,0.16161,-23.38956,25.28545,0.00000,0
1523576,1.7000,1.8974,1.5384,0.16161,-23.38956,25.28692,0.00000,0
1524076,1.7000,1.8988,1.5384,0.16161,-23.38956,25.28840,0.00000,0
1524576,1.7000,1.9126,1.5376,0.16242,-23.37731,25.28987,0.00000,0
1525076,1.7000,1.8895,1.5392,0.16081,-23.40181,25.29135,0.00000,0
1525576,1.7000,1.8787,1.5400,0.16000,-23.41407,25.29281,0.00000,0
1526076,1.7000,1.8925,1.5392,0.16081,-23.40181,25.29427,0.00000,0
1526576,1.7000,1.9184,1.5376,0.16242,-23.37731,25.29574,0.00000,0
1527076,1.7000,1.9199,1.5376,0.16242,-23.37731,25.29722,0.00000,0
1527576,1.7000,1.9582,1.5352,0.16484,-23.34055,25.29871,0.00000,0
1528076,1.7000,1.9474,1.5360,0.16403,-23.35281,25.30021,0.00000,0
1528576,1.7000,1.9489,1.5360,0.16403,-23.35281,25.30171,0.00000,0
1529076,1.7000,1.9627,1.5352,0.16484,-23.34055,25.30321,0.00000,0
1529576,1.7000,1.9887,1.5336,0.16645,-23.31605,25.30471,0.00000,0
1530076,1.7000,1.9657,1.5352,0.16484,-23.34055,25.30622,0.00000,0
1530576,1.7000,1.9917,1.5336,0.16645,-23.31605,25.30773,0.00000,0
1531076,1.7000,1.9932,1.5336,0.16645,-23.31605,25.30925,0.00000,0
1531576,1.7000,1.9825,1.5344,0.16564,-23.32830,25.31076,0.00000,0
1532076,1.7000,1.9717,1.5352,0.16484,-23.34055,25.31227,0.00000,0
1532576,1.7000,1.9242,1.5384,0.16161,-23.38956,25.31376,0.00000,0
1533076,1.7000,1.9379,1.5376,0.16242,-23.37731,25.31523,0.00000,0
1533576,1.7000,1.9639,1.5360,0.16403,-23.35281,25.31672,0.00000,0
1534076,1.7000,1.9532,1.5368,0.16322,-23.36506,25.31821,0.00000,0
1534576,1.7000,1.9056,1.5400,0.16000,-23.41407,25.31968,0.00000,0
1535076,1.7000,1.9193,1.5392,0.16081,-23.40181,25.32114,0.00000,0
1535576,1.7000,1.8963,1.5408,0.15919,-23.42632,25.32260,0.00000,0
1536076,1.7000,1.8977,1.5408,0.15919,-23.42632,25.32405,0.00000,0
1536576,1.7000,1.9114,1.5400,0.16000,-23.41407,25.32551,0.00000,0
1537076,1.7000,1.9497,1.5376,0.16242,-23.37731,25.32698,0.00000,0
1537576,1.7000,1.9266,1.5392,0.16081,-23.40181,25.32845,0.00000,0
1538076,1.7000,1.9158,1.5400,0.16000,-23.41407,25.32991,0.00000,0
1538576,1.7000,1.9173,1.5400,0.16000,-23.41407,25.33137,0.00000,0
1539076,1.7000,1.9065,1.5408,0.15919,-23.42632,25.33283,0.00000,0
1539576,1.7000,1.9080,1.5408,0.15919,-23.42632,25.33428,0.00000,0
1540076,1.7000,1.9217,1.5400,0.16000,-23.41407,25.33573,0.00000,0
1540576,1.7000,1.9476,1.5384,0.16161,-23.38956,25.33720,0.00000,0
1541076,1.7000,1.9369,1.5392,0.16081,-23.40181,25.33867,0.00000,0
1541576,1.7000,1.9383,1.5392,0.16081,-23.40181,25.34013,0.00000,0
1542076,1.7000,1.9153,1.5408,0.15919,-23.42632,25.34159,0.00000,0
1542576,1.7000,1.9167,1.5408,0.15919,-23.42632,25.34304,0.00000,0
1543076,1.7000,1.9182,1.5408,0.15919,-23.42632,25.34449,0.00000,0
1543576,1.7000,1.9074,1.5416,0.15839,-23.43857,25.34594,0.00000,0
1544076,1.7000,1.8966,1.5424,0.15758,-23.45082,25.34738,0.00000,0
1544576,1.7000,1.9225,1.5408,0.15919,-23.42632,25.34883,0.00000,0
1545076,1.7000,1.9117,1.5416,0.15839,-23.43857,25.35027,0.00000,0
1545576,1.7000,1.9009,1.5424,0.15758,-23.45082,25.35171,0.00000,0
1546076,1.7000,1.9146,1.5416,0.15839,-23.43857,25.35315,0.00000,0
1546576,1.7000,1.9038,1.5424,0.15758,-23.45082,25.35459,0.00000,0
1547076,1.7000,1.8930,1.5432,0.15678,-23.46308,25.35603,0.00000,0
1547576,1.7000,1.9066,1.5424,0.15758,-23.45082,25.35746,0.00000,0
1548076,1.7000,1.9203,1.5416,0.15839,-23.43857,25.35890,0.00000,0
1548576,1.7000,1.9340,1.5408,0.15919,-23.42632,25.36035,0.00000,0
1549076,1.7000,1.9477,1.5400,0.16000,-23.41407,25.36180,0.00000,0
1549576,1.7000,1.9247,1.5416,0.15839,-23.43857,25.36325,0.00000,0
1550076,1.7000,1.9139,1.5424,0.15758,-23.45082,25.36469,0.00000,0
1550576,1.7000,1.9030,1.5432,0.15678,-23.46308,25.36613,0.00000,0
1551076,1.7000,1.8922,1.5440,0.15597,-23.47533,25.36755,0.00000,0
1551576,1.7000,1.9182,1.5424,0.15758,-23.45082,25.36898,0.00000,0
1552076,1.7000,1.9318,1.5416,0.15839,-23.43857,25.37042,0.00000,0
1552576,1.7000,1.9210,1.5424,0.15758,-23.45082,25.37186,0.00000,0
1553076,1.7000,1.9102,1.5432,0.15678,-23.46308,25.37329,0.00000,0
1553576,1.7000,1.9116,1.5432,0.15678,-23.46308,25.37472,0.00000,0
1554076,1.7000,1.9008,1.5440,0.15597,-23.47533,25.37614,0.00000,0
1554576,1.7000,1.9022,1.5440,0.15597,-23.47533,25.37757,0.00000,0
1555076,1.7000,1.9404,1.5416,0.15839,-23.43857,25.37900,0.00000,0
1555576,1.7000,1.9541,1.5408,0.15919,-23.42632,25.38045,0.00000,0
1556076,1.7000,1.9433,1.5416,0.15839,-23.43857,25.38189,0.00000,0
1556576,1.7000,1.9080,1.5440,0.15597,-23.47533,25.38333,0.00000,0
1557076,1.7000,1.9094,1.5440,0.15597,-23.47533,25.38475,0.00000,0
1557576,1.7000,1.8986,1.5448,0.15516,-23.48758,25.38616,0.00000,0
1558076,1.7000,1.9123,1.5440,0.15597,-23.47533,25.38758,0.00000,0
1558576,1.7000,1.8892,1.5456,0.15436,-23.49983,25.38899,0.00000,0
1559076,1.7000,1.9028,1.5448,0.15516,-23.48758,25.39041,0.00000,0
1559576,1.7000,1.8797,1.5464,0.15355,-23.51208,25.39181,0.00000,0
1560076,1.7000,1.8689,1.5473,0.15275,-23.52434,25.39321,0.00000,0
1560576,1.7000,1.8458,1.5489,0.15114,-23.54884,25.39459,0.00000,0
1561076,1.7000,1.8594,1.5481,0.15194,-23.53659,25.39598,0.00000,0
1561576,1.7000,1.8853,1.5464,0.15355,-23.51208,25.39737,0.00000,0
1562076,1.7000,1.8622,1.5481,0.15194,-23.53659,25.39876,0.00000,0
1562576,1.7000,1.8636,1.5481,0.15194,-23.53659,25.40014,0.00000,0
1563076,1.7000,1.8404,1.5497,0.15033,-23.56109,25.40152,0.00000,0
1563576,1.7000,1.8663,1.5481,0.15194,-23.53659,25.40290,0.00000,0
1564076,1.7000,1.8554,1.5489,0.15114,-23.54884,25.40428,0.00000,0
1564576,1.7000,1.8568,1.5489,0.15114,-23.54884,25.40566,0.00000,0
1565076,1.7000,1.8582,1.5489,0.15114,-23.54884,25.40703,0.00000,0
1565576,1.7000,1.8841,1.5473,0.15275,-23.52434,25.40842,0.00000,0
1566076,1.7000,1.8487,1.5497,0.15033,-23.56109,25.40980,0.00000,0
1566576,1.7000,1.8501,1.5497,0.15033,-23.56109,25.41117,0.00000,0
1567076,1.7000,1.8760,1.5481,0.15194,-23.53659,25.41255,0.00000,0
1567576,1.7000,1.8896,1.5473,0.15275,-23.52434,25.41393,0.00000,0
1568076,1.7000,1.9032,1.5464,0.15355,-23.51208,25.41533,0.00000,0
1568576,1.7000,1.9046,1.5464,0.15355,-23.51208,25.41673,0.00000,0
1569076,1.7000,1.8815,1.5481,0.15194,-23.53659,25.41812,0.00000,0
1569576,1.7000,1.8952,1.5473,0.15275,-23.52434,25.41951,0.00000,0
1570076,1.7000,1.8843,1.5481,0.15194,-23.53659,25.42090,0.00000,0
1570576,1.7000,1.8612,1.5497,0.15033,-23.56109,25.42228,0.00000,0
1571076,1.7000,1.8626,1.5497,0.15033,-23.56109,25.42365,0.00000,0
1571576,1.7000,1.8394,1.5513,0.14872,-23.58560,25.42501,0.00000,0
1572076,1.7000,1.8285,1.5521,0.14791,-23.59785,25.42636,0.00000,0
1572576,1.7000,1.8299,1.5521,0.14791,-23.59785,25.42771,0.00000,0
1573076,1.7000,1.8435,1.5513,0.14872,-23.58560,25.42906,0.00000,0
1573576,1.7000,1.8203,1.5529,0.14711,-23.61010,25.43041,0.00000,0
1574076,1.7000,1.8462,1.5513,0.14872,-23.58560,25.43176,0.00000,0
1574576,1.7000,1.8230,1.5529,0.14711,-23.61010,25.43311,0.00000,0
1575076,1.7000,1.8856,1.5489,0.15114,-23.54884,25.43447,0.00000,0
1575576,1.7000,1.8502,1.5513,0.14872,-23.58560,25.43583,0.00000,0
1576076,1.7000,1.8516,1.5513,0.14872,-23.58560,25.43719,0.00000,0
1576576,1.7000,1.8652,1.5505,0.14952,-23.57335,25.43855,0.00000,0
1577076,1.7000,1.8666,1.5505,0.14952,-23.57335,25.43991,0.00000,0
1577576,1.7000,1.8679,1.5505,0.14952,-23.57335,25.44127,0.00000,0
1578076,1.7000,1.8693,1.5505,0.14952,-23.57335,25.44263,0.00000,0
1578576,1.7000,1.8829,1.5497,0.15033,-23.56109,25.44400,0.00000,0
1579076,1.7000,1.8720,1.5505,0.14952,-23.57335,25.44537,0.00000,0
1579576,1.7000,1.8856,1.5497,0.15033,-23.56109,25.44673,0.00000,0
1580076,1.7000,1.8380,1.5529,0.14711,-23.61010,25.44809,0.00000,0
1580576,1.7000,1.8761,1.5505,0.14952,-23.57335,25.44944,0.00000,0
1581076,1.7000,1.8897,1.5497,0.15033,-23.56109,25.45081,0.00000,0
1581576,1.7000,1.9033,1.5489,0.15114,-23.54884,25.45218,0.00000,0
1582076,1.7000,1.9415,1.5464,0.15355,-23.51208,25.45357,0.00000,0
1582576,1.7000,1.9429,1.5464,0.15355,-23.51208,25.45497,0.00000,0
1583076,1.7000,1.9565,1.5456,0.15436,-23.49983,25.45637,0.00000,0
1583576,1.7000,1.9457,1.5464,0.15355,-23.51208,25.45778,0.00000,0
1584076,1.7000,1.9471,1.5464,0.15355,-23.51208,25.45918,0.00000,0
1584576,1.7000,1.9607,1.5456,0.15436,-23.49983,25.46058,0.00000,0
1585076,1.7000,1.9744,1.5448,0.15516,-23.48758,25.46199,0.00000,0
1585576,1.7000,1.9636,1.5456,0.15436,-23.49983,25.46340,0.00000,0
1586076,1.7000,1.9282,1.5481,0.15194,-23.53659,25.46480,0.00000,0
1586576,1.7000,1.9173,1.5489,0.15114,-23.54884,25.46618,0.00000,0
1587076,1.7000,1.8819,1.5513,0.14872,-23.58560,25.46754,0.00000,0
1587576,1.7000,1.8710,1.5521,0.14791,-23.59785,25.46890,0.00000,0
1588076,1.7000,1.8479,1.5537,0.14630,-23.62235,25.47024,0.00000,0
1588576,1.7000,1.8860,1.5513,0.14872,-23.58560,25.47158,0.00000,0
1589076,1.7000,1.9118,1.5497,0.15033,-23.56109,25.47294,0.00000,0
1589576,1.7000,1.9132,1.5497,0.15033,-23.56109,25.47431,0.00000,0
1590076,1.7000,1.8901,1.5513,0.14872,-23.58560,25.47568,0.00000,0
1590576,1.7000,1.8914,1.5513,0.14872,-23.58560,25.47703,0.00000,0
1591076,1.7000,1.9296,1.5489,0.15114,-23.54884,25.47840,0.00000,0
1591576,1.7000,1.9309,1.5489,0.15114,-23.54884,25.47977,0.00000,0
1592076,1.7000,1.9201,1.5497,0.15033,-23.56109,25.48115,0.00000,0
1592576,1.7000,1.9214,1.5497,0.15033,-23.56109,25.48252,0.00000,0
1593076,1.7000,1.9228,1.5497,0.15033,-23.56109,25.48389,0.00000,0
1593576,1.7000,1.8874,1.5521,0.14791,-23.59785,25.48525,0.00000,0
1594076,1.7000,1.8397,1.5553,0.14469,-23.64686,25.48658,0.00000,0
1594576,1.7000,1.8288,1.5561,0.14388,-23.65911,25.48789,0.00000,0
1595076,1.7000,1.8424,1.5553,0.14469,-23.64686,25.48921,0.00000,0
1595576,1.7000,1.8192,1.5569,0.14308,-23.67136,25.49052,0.00000,0
1596076,1.7000,1.8082,1.5577,0.14227,-23.68361,25.49182,0.00000,0
1596576,1.7000,1.7850,1.5593,0.14066,-23.70812,25.49311,0.00000,0
1597076,1.7000,1.8108,1.5577,0.14227,-23.68361,25.49440,0.00000,0
1597576,1.7000,1.7998,1.5585,0.14147,-23.69587,25.49569,0.00000,0
1598076,1.7000,1.8134,1.5577,0.14227,-23.68361,25.49699,0.00000,0
1598576,1.7000,1.8147,1.5577,0.14227,-23.68361,25.49828,0.00000,0
1599076,1.7000,1.8160,1.5577,0.14227,-23.68361,25.49958,0.00000,0
1599576,1.7000,1.8050,1.5585,0.14147,-23.69587,25.50087,0.00000,0
1600076,1.7000,1.8186,1.5577,0.14227,-23.68361,25.50217,0.00000,0
1600576,1.7000,1.8198,1.5577,0.14227,-23.68361,25.50346,0.00000,0
1601076,1.7000,1.8211,1.5577,0.14227,-23.68361,25.50476,0.00000,0
1601576,1.7000,1.8347,1.5569,0.14308,-23.67136,25.50606,0.00000,0
1602076,1.7000,1.7992,1.5593,0.14066,-23.70812,25.50735,0.00000,0
1602576,1.7000,1.8005,1.5593,0.14066,-23.70812,25.50864,0.00000,0
1603076,1.7000,1.7773,1.5610,0.13905,-23.73262,25.50991,0.00000,0
1603576,1.7000,1.7908,1.5601,0.13985,-23.72037,25.51118,0.00000,0
1604076,1.7000,1.7921,1.5601,0.13985,-23.72037,25.51245,0.00000,0
1604576,1.7000,1.8179,1.5585,0.14147,-23.69587,25.51374,0.00000,0
1605076,1.7000,1.8069,1.5593,0.14066,-23.70812,25.51502,0.00000,0
1605576,1.7000,1.8082,1.5593,0.14066,-23.70812,25.51630,0.00000,0
1606076,1.7000,1.8217,1.5585,0.14147,-23.69587,25.51759,0.00000,0
1606576,1.7000,1.8108,1.5593,0.14066,-23.70812,25.51888,0.00000,0
1607076,1.7000,1.8243,1.5585,0.14147,-23.69587,25.52016,0.00000,0
1607576,1.7000,1.8133,1.5593,0.14066,-23.70812,25.52145,0.00000,0
1608076,1.7000,1.8759,1.5553,0.14469,-23.64686,25.52275,0.00000,0
1608576,1.7000,1.8772,1.5553,0.14469,-23.64686,25.52407,0.00000,0
1609076,1.7000,1.8540,1.5569,0.14308,-23.67136,25.52538,0.00000,0
1609576,1.7000,1.8553,1.5569,0.14308,-23.67136,25.52668,0.00000,0
1610076,1.7000,1.8444,1.5577,0.14227,-23.68361,25.52798,0.00000,0
1610576,1.7000,1.8579,1.5569,0.14308,-23.67136,25.52928,0.00000,0
1611076,1.7000,1.8347,1.5585,0.14147,-23.69587,25.53058,0.00000,0
1611576,1.7000,1.8237,1.5593,0.14066,-23.70812,25.53187,0.00000,0
1612076,1.7000,1.8250,1.5593,0.14066,-23.70812,25.53315,0.00000,0
1612576,1.7000,1.8263,1.5593,0.14066,-23.70812,25.53443,0.00000,0
1613076,1.7000,1.7908,1.5618,0.13824,-23.74488,25.53570,0.00000,0
1613576,1.7000,1.7921,1.5618,0.13824,-23.74488,25.53696,0.00000,0
1614076,1.7000,1.8056,1.5610,0.13905,-23.73262,25.53822,0.00000,0
1614576,1.7000,1.7946,1.5618,0.13824,-23.74488,25.53949,0.00000,0
1615076,1.7000,1.7959,1.5618,0.13824,-23.74488,25.54075,0.00000,0
1615576,1.7000,1.8094,1.5610,0.13905,-23.73262,25.54201,0.00000,0
1616076,1.7000,1.8352,1.5593,0.14066,-23.70812,25.54328,0.00000,0
1616576,1.7000,1.8242,1.5601,0.13985,-23.72037,25.54456,0.00000,0
1617076,1.7000,1.8132,1.5610,0.13905,-23.73262,25.54583,0.00000,0
1617576,1.7000,1.8267,1.5601,0.13985,-23.72037,25.54710,0.00000,0
1618076,1.7000,1.8525,1.5585,0.14147,-23.69587,25.54838,0.00000,0
1618576,1.7000,1.8538,1.5585,0.14147,-23.69587,25.54967,0.00000,0
1619076,1.7000,1.8796,1.5569,0.14308,-23.67136,25.55097,0.00000,0
1619576,1.7000,1.8441,1.5593,0.14066,-23.70812,25.55226,0.00000,0
1620076,1.7000,1.8577,1.5585,0.14147,-23.69587,25.55355,0.00000,0
1620576,1.7000,1.8712,1.5577,0.14227,-23.68361,25.55484,0.00000,0
1621076,1.7000,1.8725,1.5577,0.14227,-23.68361,25.55614,0.00000,0
1621576,1.7000,1.8983,1.5561,0.14388,-23.65911,25.55744,0.00000,0
1622076,1.7000,1.8996,1.5561,0.14388,-23.65911,25.55876,0.00000,0
1622576,1.7000,1.8642,1.5585,0.14147,-23.69587,25.56006,0.00000,0
1623076,1.7000,1.8165,1.5618,0.13824,-23.74488,25.56133,0.00000,0
1623576,1.7000,1.8055,1.5626,0.13744,-23.75713,25.56259,0.00000,0
1624076,1.7000,1.7699,1.5650,0.13502,-23.79389,25.56383,0.00000,0
1624576,1.7000,1.8079,1.5626,0.13744,-23.75713,25.56507,0.00000,0
1625076,1.7000,1.7847,1.5642,0.13582,-23.78164,25.56632,0.00000,0
1625576,1.7000,1.7492,1.5666,0.13341,-23.81839,25.56754,0.00000,0
1626076,1.7000,1.7626,1.5658,0.13421,-23.80614,25.56876,0.00000,0
1626576,1.7000,1.7638,1.5658,0.13421,-23.80614,25.56998,0.00000,0
1627076,1.7000,1.7406,1.5674,0.13260,-23.83064,25.57120,0.00000,0
1627576,1.7000,1.7663,1.5658,0.13421,-23.80614,25.57241,0.00000,0
1628076,1.7000,1.8043,1.5634,0.13663,-23.76938,25.57365,0.00000,0
1628576,1.7000,1.8055,1.5634,0.13663,-23.76938,25.57489,0.00000,0
1629076,1.7000,1.8190,1.5626,0.13744,-23.75713,25.57614,0.00000,0
1629576,1.7000,1.8080,1.5634,0.13663,-23.76938,25.57739,0.00000,0
1630076,1.7000,1.8093,1.5634,0.13663,-23.76938,25.57864,0.00000,0
1630576,1.7000,1.7982,1.5642,0.13582,-23.78164,25.57988,0.00000,0
1631076,1.7000,1.7750,1.5658,0.13421,-23.80614,25.58111,0.00000,0
1631576,1.7000,1.7885,1.5650,0.13502,-23.79389,25.58234,0.00000,0
1632076,1.7000,1.8142,1.5634,0.13663,-23.76938,25.58357,0.00000,0
1632576,1.7000,1.8522,1.5610,0.13905,-23.73262,25.58483,0.00000,0
1633076,1.7000,1.8290,1.5626,0.13744,-23.75713,25.58609,0.00000,0
1633576,1.7000,1.8302,1.5626,0.13744,-23.75713,25.58735,0.00000,0
1634076,1.7000,1.8437,1.5618,0.13824,-23.74488,25.58860,0.00000,0
1634576,1.7000,1.8450,1.5618,0.13824,-23.74488,25.58986,0.00000,0
1635076,1.7000,1.8340,1.5626,0.13744,-23.75713,25.59112,0.00000,0
1635576,1.7000,1.8475,1.5618,0.13824,-23.74488,25.59238,0.00000,0
1636076,1.7000,1.8242,1.5634,0.13663,-23.76938,25.59363,0.00000,0
1636576,1.7000,1.8255,1.5634,0.13663,-23.76938,25.59488,0.00000,0
1637076,1.7000,1.8390,1.5626,0.13744,-23.75713,25.59612,0.00000,0
1637576,1.7000,1.8035,1.5650,0.13502,-23.79389,25.59737,0.00000,0
1638076,1.7000,1.8170,1.5642,0.13582,-23.78164,25.59860,0.00000,0
1638576,1.7000,1.8059,1.5650,0.13502,-23.79389,25.59983,0.00000,0
1639076,1.7000,1.7827,1.5666,0.13341,-23.81839,25.60106,0.00000,0
1639576,1.7000,1.7839,1.5666,0.13341,-23.81839,25.60227,0.00000,0
1640076,1.7000,1.8219,1.5642,0.13582,-23.78164,25.60350,0.00000,0
1640576,1.7000,1.8476,1.5626,0.13744,-23.75713,25.60474,0.00000,0
1641076,1.7000,1.8734,1.5610,0.13905,-23.73262,25.60600,0.00000,0
1641576,1.7000,1.8501,1.5626,0.13744,-23.75713,25.60727,0.00000,0
1642076,1.7000,1.8514,1.5626,0.13744,-23.75713,25.60852,0.00000,0
1642576,1.7000,1.8526,1.5626,0.13744,-23.75713,25.60977,0.00000,0
1643076,1.7000,1.8416,1.5634,0.13663,-23.76938,25.61102,0.00000,0
1643576,1.7000,1.8306,1.5642,0.13582,-23.78164,25.61226,0.00000,0
1644076,1.7000,1.8564,1.5626,0.13744,-23.75713,25.61351,0.00000,0
1644576,1.7000,1.8454,1.5634,0.13663,-23.76938,25.61476,0.00000,0
1645076,1.7000,1.8099,1.5658,0.13421,-23.80614,25.61599,0.00000,0
1645576,1.7000,1.7498,1.5698,0.13018,-23.86740,25.61720,0.00000,0
1646076,1.7000,1.7387,1.5706,0.12938,-23.87965,25.61838,0.00000,0
1646576,1.7000,1.7522,1.5698,0.13018,-23.86740,25.61956,0.00000,0
1647076,1.7000,1.7656,1.5690,0.13099,-23.85515,25.62075,0.00000,0
1647576,1.7000,1.7791,1.5682,0.13179,-23.84290,25.62195,0.00000,0
1648076,1.7000,1.7680,1.5690,0.13099,-23.85515,25.62315,0.00000,0
1648576,1.7000,1.7815,1.5682,0.13179,-23.84290,25.62435,0.00000,0
1649076,1.7000,1.7581,1.5698,0.13018,-23.86740,25.62554,0.00000,0
1649576,1.7000,1.7716,1.5690,0.13099,-23.85515,25.62673,0.00000,0
1650076,1.7000,1.7728,1.5690,0.13099,-23.85515,25.62792,0.00000,0
1650576,1.7000,1.8107,1.5666,0.13341,-23.81839,25.62913,0.00000,0
1651076,1.7000,1.8120,1.5666,0.13341,-23.81839,25.63034,0.00000,0
1651576,1.7000,1.7887,1.5682,0.13179,-23.84290,25.63155,0.00000,0
1652076,1.7000,1.7531,1.5706,0.12938,-23.87965,25.63274,0.00000,0
1652576,1.7000,1.7543,1.5706,0.12938,-23.87965,25.63392,0.00000,0
1653076,1.7000,1.7677,1.5698,0.13018,-23.86740,25.63511,0.00000,0
1653576,1.7000,1.7689,1.5698,0.13018,-23.86740,25.63629,0.00000,0
1654076,1.7000,1.7946,1.5682,0.13179,-23.84290,25.63749,0.00000,0
1654576,1.7000,1.7835,1.5690,0.13099,-23.85515,25.63868,0.00000,0
1655076,1.7000,1.7725,1.5698,0.13018,-23.86740,25.63987,0.00000,0
1655576,1.7000,1.7246,1.5730,0.12696,-23.91641,25.64104,0.00000,0
1656076,1.7000,1.7503,1.5714,0.12857,-23.89190,25.64221,0.00000,0
1656576,1.7000,1.7270,1.5730,0.12696,-23.91641,25.64338,0.00000,0
1657076,1.7000,1.7404,1.5722,0.12777,-23.90416,25.64454,0.00000,0
1657576,1.7000,1.7048,1.5747,0.12535,-23.94091,25.64569,0.00000,0
1658076,1.7000,1.7059,1.5747,0.12535,-23.94091,25.64683,0.00000,0
1658576,1.7000,1.7193,1.5738,0.12615,-23.92866,25.64798,0.00000,0
1659076,1.7000,1.7082,1.5747,0.12535,-23.94091,25.64913,0.00000,0
1659576,1.7000,1.7216,1.5738,0.12615,-23.92866,25.65027,0.00000,0
1660076,1.7000,1.7473,1.5722,0.12777,-23.90416,25.65143,0.00000,0
1660576,1.7000,1.7729,1.5706,0.12938,-23.87965,25.65260,0.00000,0
1661076,1.7000,1.7619,1.5714,0.12857,-23.89190,25.65378,0.00000,0
1661576,1.7000,1.7998,1.5690,0.13099,-23.85515,25.65496,0.00000,0
1662076,1.7000,1.8010,1.5690,0.13099,-23.85515,25.65615,0.00000,0
1662576,1.7000,1.8390,1.5666,0.13341,-23.81839,25.65736,0.00000,0
1663076,1.7000,1.8402,1.5666,0.13341,-23.81839,25.65857,0.00000,0
1663576,1.7000,1.8414,1.5666,0.13341,-23.81839,25.65979,0.00000,0
1664076,1.7000,1.8426,1.5666,0.13341,-23.81839,25.66100,0.00000,0
1664576,1.7000,1.8316,1.5674,0.13260,-23.83064,25.66222,0.00000,0
1665076,1.7000,1.8328,1.5674,0.13260,-23.83064,25.66343,0.00000,0
1665576,1.7000,1.8095,1.5690,0.13099,-23.85515,25.66463,0.00000,0
1666076,1.7000,1.7862,1.5706,0.12938,-23.87965,25.66581,0.00000,0
1666576,1.7000,1.7996,1.5698,0.13018,-23.86740,25.66700,0.00000,0
1667076,1.7000,1.7640,1.5722,0.12777,-23.90416,25.66817,0.00000,0
1667576,1.7000,1.7407,1.5738,0.12615,-23.92866,25.66933,0.00000,0
1668076,1.7000,1.7418,1.5738,0.12615,-23.92866,25.67048,0.00000,0
1668576,1.7000,1.7552,1.5730,0.12696,-23.91641,25.67163,0.00000,0
1669076,1.7000,1.7564,1.5730,0.12696,-23.91641,25.67279,0.00000,0
1669576,1.7000,1.7453,1.5738,0.12615,-23.92866,25.67394,0.00000,0
1670076,1.7000,1.7464,1.5738,0.12615,-23.92866,25.67509,0.00000,0
1670576,1.7000,1.7721,1.5722,0.12777,-23.90416,25.67625,0.00000,0
1671076,1.7000,1.7610,1.5730,0.12696,-23.91641,25.67741,0.00000,0
1671576,1.7000,1.7499,1.5738,0.12615,-23.92866,25.67857,0.00000,0
1672076,1.7000,1.7878,1.5714,0.12857,-23.89190,25.67973,0.00000,0
1672576,1.7000,1.8013,1.5706,0.12938,-23.87965,25.68090,0.00000,0
1673076,1.7000,1.7779,1.5722,0.12777,-23.90416,25.68208,0.00000,0
1673576,1.7000,1.7668,1.5730,0.12696,-23.91641,25.68324,0.00000,0
1674076,1.7000,1.7557,1.5738,0.12615,-23.92866,25.68439,0.00000,0
1674576,1.7000,1.7936,1.5714,0.12857,-23.89190,25.68555,0.00000,0
1675076,1.7000,1.7826,1.5722,0.12777,-23.90416,25.68672,0.00000,0
1675576,1.7000,1.7960,1.5714,0.12857,-23.89190,25.68789,0.00000,0
1676076,1.7000,1.8094,1.5706,0.12938,-23.87965,25.68906,0.00000,0
1676576,1.7000,1.8351,1.5690,0.13099,-23.85515,25.69025,0.00000,0
1677076,1.7000,1.8240,1.5698,0.13018,-23.86740,25.69144,0.00000,0
1677576,1.7000,1.8130,1.5706,0.12938,-23.87965,25.69262,0.00000,0
1678076,1.7000,1.8264,1.5698,0.13018,-23.86740,25.69380,0.00000,0
1678576,1.7000,1.8153,1.5706,0.12938,-23.87965,25.69499,0.00000,0
1679076,1.7000,1.8165,1.5706,0.12938,-23.87965,25.69617,0.00000,0
1679576,1.7000,1.8177,1.5706,0.12938,-23.87965,25.69734,0.00000,0
1680076,1.7000,1.8066,1.5714,0.12857,-23.89190,25.69852,0.00000,0
1680576,1.7000,1.8078,1.5714,0.12857,-23.89190,25.69969,0.00000,0
1681076,1.7000,1.8090,1.5714,0.12857,-23.89190,25.70086,0.00000,0
1681576,1.7000,1.7979,1.5722,0.12777,-23.90416,25.70203,0.00000,0
1682076,1.7000,1.8113,1.5714,0.12857,-23.89190,25.70320,0.00000,0
1682576,1.7000,1.8002,1.5722,0.12777,-23.90416,25.70436,0.00000,0
1683076,1.7000,1.8136,1.5714,0.12857,-23.89190,25.70553,0.00000,0
1683576,1.7000,1.8271,1.5706,0.12938,-23.87965,25.70671,0.00000,0
1684076,1.7000,1.8160,1.5714,0.12857,-23.89190,25.70788,0.00000,0
1684576,1.7000,1.8294,1.5706,0.12938,-23.87965,25.70905,0.00000,0
1685076,1.7000,1.8306,1.5706,0.12938,-23.87965,25.71023,0.00000,0
1685576,1.7000,1.8318,1.5706,0.12938,-23.87965,25.71141,0.00000,0
1686076,1.7000,1.8329,1.5706,0.12938,-23.87965,25.71259,0.00000,0
1686576,1.7000,1.8586,1.5690,0.13099,-23.85515,25.71378,0.00000,0
1687076,1.7000,1.8231,1.5714,0.12857,-23.89190,25.71496,0.00000,0
1687576,1.7000,1.8242,1.5714,0.12857,-23.89190,25.71613,0.00000,0
1688076,1.7000,1.8254,1.5714,0.12857,-23.89190,25.71730,0.00000,0
1688576,1.7000,1.8266,1.5714,0.12857,-23.89190,25.71847,0.00000,0
1689076,1.7000,1.8155,1.5722,0.12777,-23.90416,25.71964,0.00000,0
1689576,1.7000,1.8167,1.5722,0.12777,-23.90416,25.72081,0.00000,0
1690076,1.7000,1.8301,1.5714,0.12857,-23.89190,25.72197,0.00000,0
1690576,1.7000,1.8190,1.5722,0.12777,-23.90416,25.72314,0.00000,0
1691076,1.7000,1.8324,1.5714,0.12857,-23.89190,25.72431,0.00000,0
1691576,1.7000,1.7968,1.5738,0.12615,-23.92866,25.72547,0.00000,0
1692076,1.7000,1.7980,1.5738,0.12615,-23.92866,25.72662,0.00000,0
1692576,1.7000,1.8114,1.5730,0.12696,-23.91641,25.72777,0.00000,0
1693076,1.7000,1.7880,1.5747,0.12535,-23.94091,25.72892,0.00000,0
1693576,1.7000,1.8382,1.5714,0.12857,-23.89190,25.73008,0.00000,0
1694076,1.7000,1.8148,1.5730,0.12696,-23.91641,25.73125,0.00000,0
1694576,1.7000,1.7915,1.5747,0.12535,-23.94091,25.73240,0.00000,0
1695076,1.7000,1.8049,1.5738,0.12615,-23.92866,25.73354,0.00000,0
1695576,1.7000,1.7938,1.5747,0.12535,-23.94091,25.73469,0.00000,0
1696076,1.7000,1.7827,1.5755,0.12454,-23.95317,25.73583,0.00000,0
1696576,1.7000,1.7961,1.5747,0.12535,-23.94091,25.73697,0.00000,0
1697076,1.7000,1.7849,1.5755,0.12454,-23.95317,25.73811,0.00000,0
1697576,1.7000,1.7983,1.5747,0.12535,-23.94091,25.73924,0.00000,0
1698076,1.7000,1.7627,1.5771,0.12293,-23.97767,25.74038,0.00000,0
1698576,1.7000,1.7025,1.5811,0.11890,-24.03893,25.74148,0.00000,0
1699076,1.7000,1.7159,1.5803,0.11971,-24.02668,25.74257,0.00000,0
1699576,1.7000,1.7047,1.5811,0.11890,-24.03893,25.74365,0.00000,0
1700076,1.7000,1.7058,1.5811,0.11890,-24.03893,25.74474,0.00000,0
1700576,1.7000,1.6824,1.5827,0.11729,-24.06344,25.74581,0.00000,0
1701076,1.7000,1.6957,1.5819,0.11810,-24.05118,25.74688,0.00000,0
1701576,1.7000,1.7335,1.5795,0.12051,-24.01443,25.74797,0.00000,0
1702076,1.7000,1.7592,1.5779,0.12212,-23.98992,25.74908,0.00000,0
1702576,1.7000,1.7480,1.5787,0.12132,-24.00218,25.75019,0.00000,0
1703076,1.7000,1.7981,1.5755,0.12454,-23.95317,25.75131,0.00000,0
1703576,1.7000,1.8115,1.5747,0.12535,-23.94091,25.75245,0.00000,0
1704076,1.7000,1.8494,1.5722,0.12777,-23.90416,25.75360,0.00000,0
1704576,1.7000,1.8384,1.5730,0.12696,-23.91641,25.75476,0.00000,0
1705076,1.7000,1.8150,1.5747,0.12535,-23.94091,25.75591,0.00000,0
1705576,1.7000,1.8284,1.5738,0.12615,-23.92866,25.75706,0.00000,0
1706076,1.7000,1.8295,1.5738,0.12615,-23.92866,25.75821,0.00000,0
1706576,1.7000,1.8062,1.5755,0.12454,-23.95317,25.75935,0.00000,0
1707076,1.7000,1.8073,1.5755,0.12454,-23.95317,25.76048,0.00000,0
1707576,1.7000,1.7962,1.5763,0.12374,-23.96542,25.76162,0.00000,0
1708076,1.7000,1.8096,1.5755,0.12454,-23.95317,25.76275,0.00000,0
1708576,1.7000,1.7862,1.5771,0.12293,-23.97767,25.76387,0.00000,0
1709076,1.7000,1.7628,1.5787,0.12132,-24.00218,25.76499,0.00000,0
1709576,1.7000,1.7884,1.5771,0.12293,-23.97767,25.76610,0.00000,0
1710076,1.7000,1.7896,1.5771,0.12293,-23.97767,25.76722,0.00000,0
1710576,1.7000,1.7784,1.5779,0.12212,-23.98992,25.76834,0.00000,0
1711076,1.7000,1.7673,1.5787,0.12132,-24.00218,25.76945,0.00000,0
1711576,1.7000,1.7561,1.5795,0.12051,-24.01443,25.77055,0.00000,0
1712076,1.7000,1.7572,1.5795,0.12051,-24.01443,25.77165,0.00000,0
1712576,1.7000,1.7583,1.5795,0.12051,-24.01443,25.77275,0.00000,0
1713076,1.7000,1.7594,1.5795,0.12051,-24.01443,25.77385,0.00000,0
1713576,1.7000,1.7850,1.5779,0.12212,-23.98992,25.77495,0.00000,0
1714076,1.7000,1.7984,1.5771,0.12293,-23.97767,25.77607,0.00000,0
1714576,1.7000,1.7995,1.5771,0.12293,-23.97767,25.77719,0.00000,0
1715076,1.7000,1.8129,1.5763,0.12374,-23.96542,25.77831,0.00000,0
1715576,1.7000,1.8508,1.5738,0.12615,-23.92866,25.77945,0.00000,0
1716076,1.7000,1.8642,1.5730,0.12696,-23.91641,25.78060,0.00000,0
1716576,1.7000,1.8899,1.5714,0.12857,-23.89190,25.78177,0.00000,0
1717076,1.7000,1.8788,1.5722,0.12777,-23.90416,25.78294,0.00000,0
1717576,1.7000,1.8799,1.5722,0.12777,-23.90416,25.78410,0.00000,0
1718076,1.7000,1.8689,1.5730,0.12696,-23.91641,25.78526,0.00000,0
1718576,1.7000,1.8332,1.5755,0.12454,-23.95317,25.78641,0.00000,0
1719076,1.7000,1.8466,1.5747,0.12535,-23.94091,25.78755,0.00000,0
1719576,1.7000,1.8355,1.5755,0.12454,-23.95317,25.78869,0.00000,0
1720076,1.7000,1.8489,1.5747,0.12535,-23.94091,25.78983,0.00000,0
1720576,1.7000,1.8501,1.5747,0.12535,-23.94091,25.79097,0.00000,0
1721076,1.7000,1.8267,1.5763,0.12374,-23.96542,25.79210,0.00000,0
1721576,1.7000,1.8156,1.5771,0.12293,-23.97767,25.79323,0.00000,0
1722076,1.7000,1.8412,1.5755,0.12454,-23.95317,25.79435,0.00000,0
1722576,1.7000,1.8423,1.5755,0.12454,-23.95317,25.79549,0.00000,0
1723076,1.7000,1.8435,1.5755,0.12454,-23.95317,25.79662,0.00000,0
1723576,1.7000,1.8568,1.5747,0.12535,-23.94091,25.79776,0.00000,0
1724076,1.7000,1.8212,1.5771,0.12293,-23.97767,25.79889,0.00000,0
1724576,1.7000,1.8101,1.5779,0.12212,-23.98992,25.80001,0.00000,0
1725076,1.7000,1.8112,1.5779,0.12212,-23.98992,25.80112,0.00000,0
1725576,1.7000,1.8001,1.5787,0.12132,-24.00218,25.80223,0.00000,0
1726076,1.7000,1.7889,1.5795,0.12051,-24.01443,25.80334,0.00000,0
1726576,1.7000,1.7900,1.5795,0.12051,-24.01443,25.80443,0.00000,0
1727076,1.7000,1.7911,1.5795,0.12051,-24.01443,25.80553,0.00000,0
1727576,1.7000,1.7677,1.5811,0.11890,-24.03893,25.80662,0.00000,0
1728076,1.7000,1.7810,1.5803,0.11971,-24.02668,25.80771,0.00000,0
1728576,1.7000,1.8557,1.5755,0.12454,-23.95317,25.80882,0.00000,0
1729076,1.7000,1.8445,1.5763,0.12374,-23.96542,25.80996,0.00000,0
1729576,1.7000,1.8457,1.5763,0.12374,-23.96542,25.81108,0.00000,0
1730076,1.7000,1.8590,1.5755,0.12454,-23.95317,25.81221,0.00000,0
1730576,1.7000,1.8357,1.5771,0.12293,-23.97767,25.81334,0.00000,0
1731076,1.7000,1.8368,1.5771,0.12293,-23.97767,25.81446,0.00000,0
1731576,1.7000,1.8134,1.5787,0.12132,-24.00218,25.81557,0.00000,0
1732076,1.7000,1.8022,1.5795,0.12051,-24.01443,25.81668,0.00000,0
1732576,1.7000,1.7911,1.5803,0.11971,-24.02668,25.81777,0.00000,0
1733076,1.7000,1.7677,1.5819,0.11810,-24.05118,25.81886,0.00000,0
1733576,1.7000,1.7075,1.5859,0.11407,-24.11245,25.81991,0.00000,0
1734076,1.7000,1.7208,1.5851,0.11487,-24.10019,25.82096,0.00000,0
1734576,1.7000,1.6973,1.5867,0.11326,-24.12470,25.82200,0.00000,0
1735076,1.7000,1.7228,1.5851,0.11487,-24.10019,25.82304,0.00000,0
1735576,1.7000,1.7239,1.5851,0.11487,-24.10019,25.82408,0.00000,0
1736076,1.7000,1.7127,1.5859,0.11407,-24.11245,25.82513,0.00000,0
1736576,1.7000,1.7137,1.5859,0.11407,-24.11245,25.82617,0.00000,0
1737076,1.7000,1.6902,1.5875,0.11245,-24.13695,25.82720,0.00000,0
1737576,1.7000,1.6913,1.5875,0.11245,-24.13695,25.82822,0.00000,0
1738076,1.7000,1.7046,1.5867,0.11326,-24.12470,25.82925,0.00000,0
1738576,1.7000,1.7056,1.5867,0.11326,-24.12470,25.83028,0.00000,0
1739076,1.7000,1.6944,1.5875,0.11245,-24.13695,25.83131,0.00000,0
1739576,1.7000,1.7199,1.5859,0.11407,-24.11245,25.83234,0.00000,0
1740076,1.7000,1.7209,1.5859,0.11407,-24.11245,25.83338,0.00000,0
1740576,1.7000,1.7465,1.5843,0.11568,-24.08794,25.83443,0.00000,0
1741076,1.7000,1.7598,1.5835,0.11648,-24.07569,25.83549,0.00000,0
1741576,1.7000,1.7976,1.5811,0.11890,-24.03893,25.83656,0.00000,0
1742076,1.7000,1.7742,1.5827,0.11729,-24.06344,25.83764,0.00000,0
1742576,1.7000,1.8120,1.5803,0.11971,-24.02668,25.83871,0.00000,0
1743076,1.7000,1.8131,1.5803,0.11971,-24.02668,25.83981,0.00000,0
1743576,1.7000,1.8265,1.5795,0.12051,-24.01443,25.84090,0.00000,0
1744076,1.7000,1.8153,1.5803,0.11971,-24.02668,25.84200,0.00000,0
1744576,1.7000,1.8409,1.5787,0.12132,-24.00218,25.84309,0.00000,0
1745076,1.7000,1.8298,1.5795,0.12051,-24.01443,25.84420,0.00000,0
1745576,1.7000,1.8186,1.5803,0.11971,-24.02668,25.84529,0.00000,0
1746076,1.7000,1.8197,1.5803,0.11971,-24.02668,25.84638,0.00000,0
1746576,1.7000,1.7963,1.5819,0.11810,-24.05118,25.84747,0.00000,0
1747076,1.7000,1.8341,1.5795,0.12051,-24.01443,25.84855,0.00000,0
1747576,1.7000,1.8230,1.5803,0.11971,-24.02668,25.84965,0.00000,0
1748076,1.7000,1.8241,1.5803,0.11971,-24.02668,25.85074,0.00000,0
1748576,1.7000,1.8129,1.5811,0.11890,-24.03893,25.85183,0.00000,0
1749076,1.7000,1.8385,1.5795,0.12051,-24.01443,25.85292,0.00000,0
1749576,1.7000,1.8151,1.5811,0.11890,-24.03893,25.85401,0.00000,0
1750076,1.7000,1.8162,1.5811,0.11890,-24.03893,25.85509,0.00000,0
1750576,1.7000,1.8172,1.5811,0.11890,-24.03893,25.85617,0.00000,0
1751076,1.7000,1.8306,1.5803,0.11971,-24.02668,25.85726,0.00000,0
1751576,1.7000,1.8194,1.5811,0.11890,-24.03893,25.85835,0.00000,0
1752076,1.7000,1.8205,1.5811,0.11890,-24.03893,25.85943,0.00000,0
1752576,1.7000,1.8216,1.5811,0.11890,-24.03893,25.86052,0.00000,0
1753076,1.7000,1.8349,1.5803,0.11971,-24.02668,25.86160,0.00000,0
1753576,1.7000,1.8483,1.5795,0.12051,-24.01443,25.86270,0.00000,0
1754076,1.7000,1.8616,1.5787,0.12132,-24.00218,25.86380,0.00000,0
1754576,1.7000,1.8382,1.5803,0.11971,-24.02668,25.86490,0.00000,0
1755076,1.7000,1.8638,1.5787,0.12132,-24.00218,25.86600,0.00000,0
1755576,1.7000,1.8527,1.5795,0.12051,-24.01443,25.86710,0.00000,0
1756076,1.7000,1.8538,1.5795,0.12051,-24.01443,25.86820,0.00000,0
1756576,1.7000,1.8426,1.5803,0.11971,-24.02668,25.86929,0.00000,0
1757076,1.7000,1.8437,1.5803,0.11971,-24.02668,25.87038,0.00000,0
1757576,1.7000,1.8325,1.5811,0.11890,-24.03893,25.87147,0.00000,0
1758076,1.7000,1.8091,1.5827,0.11729,-24.06344,25.87255,0.00000,0
1758576,1.7000,1.7979,1.5835,0.11648,-24.07569,25.87361,0.00000,0
1759076,1.7000,1.7867,1.5843,0.11568,-24.08794,25.87467,0.00000,0
1759576,1.7000,1.7878,1.5843,0.11568,-24.08794,25.87573,0.00000,0
1760076,1.7000,1.7766,1.5851,0.11487,-24.10019,25.87678,0.00000,0
1760576,1.7000,1.7654,1.5859,0.11407,-24.11245,25.87782,0.00000,0
1761076,1.7000,1.7664,1.5859,0.11407,-24.11245,25.87886,0.00000,0
1761576,1.7000,1.7675,1.5859,0.11407,-24.11245,25.87990,0.00000,0
1762076,1.7000,1.7685,1.5859,0.11407,-24.11245,25.88094,0.00000,0
1762576,1.7000,1.7695,1.5859,0.11407,-24.11245,25.88198,0.00000,0
1763076,1.7000,1.7828,1.5851,0.11487,-24.10019,25.88302,0.00000,0
1763576,1.7000,1.7961,1.5843,0.11568,-24.08794,25.88407,0.00000,0
1764076,1.7000,1.8094,1.5835,0.11648,-24.07569,25.88513,0.00000,0
1764576,1.7000,1.7983,1.5843,0.11568,-24.08794,25.88619,0.00000,0
1765076,1.7000,1.8238,1.5827,0.11729,-24.06344,25.88725,0.00000,0
1765576,1.7000,1.8126,1.5835,0.11648,-24.07569,25.88832,0.00000,0
1766076,1.7000,1.7892,1.5851,0.11487,-24.10019,25.88937,0.00000,0
1766576,1.7000,1.8025,1.5843,0.11568,-24.08794,25.89042,0.00000,0
1767076,1.7000,1.7913,1.5851,0.11487,-24.10019,25.89148,0.00000,0
1767576,1.7000,1.8046,1.5843,0.11568,-24.08794,25.89253,0.00000,0
1768076,1.7000,1.8179,1.5835,0.11648,-24.07569,25.89359,0.00000,0
1768576,1.7000,1.8067,1.5843,0.11568,-24.08794,25.89464,0.00000,0
1769076,1.7000,1.7955,1.5851,0.11487,-24.10019,25.89569,0.00000,0
1769576,1.7000,1.7598,1.5875,0.11245,-24.13695,25.89673,0.00000,0
1770076,1.7000,1.7240,1.5900,0.11004,-24.17371,25.89775,0.00000,0
1770576,1.7000,1.7373,1.5892,0.11084,-24.16145,25.89875,0.00000,0
1771076,1.7000,1.7751,1.5867,0.11326,-24.12470,25.89977,0.00000,0
1771576,1.7000,1.7761,1.5867,0.11326,-24.12470,25.90080,0.00000,0
1772076,1.7000,1.7771,1.5867,0.11326,-24.12470,25.90184,0.00000,0
1772576,1.7000,1.7659,1.5875,0.11245,-24.13695,25.90286,0.00000,0
1773076,1.7000,1.7669,1.5875,0.11245,-24.13695,25.90389,0.00000,0
1773576,1.7000,1.7557,1.5884,0.11165,-24.14920,25.90491,0.00000,0
1774076,1.7000,1.7322,1.5900,0.11004,-24.17371,25.90592,0.00000,0
1774576,1.7000,1.8190,1.5843,0.11568,-24.08794,25.90695,0.00000,0
1775076,1.7000,1.8201,1.5843,0.11568,-24.08794,25.90800,0.00000,0
1775576,1.7000,1.8334,1.5835,0.11648,-24.07569,25.90906,0.00000,0
1776076,1.7000,1.8099,1.5851,0.11487,-24.10019,25.91012,0.00000,0
1776576,1.7000,1.8110,1.5851,0.11487,-24.10019,25.91116,0.00000,0
1777076,1.7000,1.7998,1.5859,0.11407,-24.11245,25.91221,0.00000,0
1777576,1.7000,1.8008,1.5859,0.11407,-24.11245,25.91325,0.00000,0
1778076,1.7000,1.8018,1.5859,0.11407,-24.11245,25.91429,0.00000,0
1778576,1.7000,1.7906,1.5867,0.11326,-24.12470,25.91532,0.00000,0
1779076,1.7000,1.7917,1.5867,0.11326,-24.12470,25.91635,0.00000,0
1779576,1.7000,1.7437,1.5900,0.11004,-24.17371,25.91737,0.00000,0
1780076,1.7000,1.7569,1.5892,0.11084,-24.16145,25.91838,0.00000,0
1780576,1.7000,1.7457,1.5900,0.11004,-24.17371,25.91938,0.00000,0
1781076,1.7000,1.8080,1.5859,0.11407,-24.11245,25.92040,0.00000,0
1781576,1.7000,1.7967,1.5867,0.11326,-24.12470,25.92144,0.00000,0
1782076,1.7000,1.8100,1.5859,0.11407,-24.11245,25.92248,0.00000,0
1782576,1.7000,1.8111,1.5859,0.11407,-24.11245,25.92352,0.00000,0
1783076,1.7000,1.7999,1.5867,0.11326,-24.12470,25.92455,0.00000,0
1783576,1.7000,1.8131,1.5859,0.11407,-24.11245,25.92559,0.00000,0
1784076,1.7000,1.8264,1.5851,0.11487,-24.10019,25.92663,0.00000,0
1784576,1.7000,1.8397,1.5843,0.11568,-24.08794,25.92768,0.00000,0
1785076,1.7000,1.8163,1.5859,0.11407,-24.11245,25.92873,0.00000,0
1785576,1.7000,1.8173,1.5859,0.11407,-24.11245,25.92977,0.00000,0
1786076,1.7000,1.8061,1.5867,0.11326,-24.12470,25.93080,0.00000,0
1786576,1.7000,1.7704,1.5892,0.11084,-24.16145,25.93182,0.00000,0
1787076,1.7000,1.7714,1.5892,0.11084,-24.16145,25.93283,0.00000,0
1787576,1.7000,1.7846,1.5884,0.11165,-24.14920,25.93385,0.00000,0
1788076,1.7000,1.7857,1.5884,0.11165,-24.14920,25.93487,0.00000,0
1788576,1.7000,1.7989,1.5875,0.11245,-24.13695,25.93589,0.00000,0
1789076,1.7000,1.7754,1.5892,0.11084,-24.16145,25.93690,0.00000,0
1789576,1.7000,1.7397,1.5916,0.10843,-24.19821,25.93790,0.00000,0
1790076,1.7000,1.7652,1.5900,0.11004,-24.17371,25.93890,0.00000,0
1790576,1.7000,1.7539,1.5908,0.10923,-24.18596,25.93990,0.00000,0
1791076,1.7000,1.7304,1.5924,0.10762,-24.21046,25.94089,0.00000,0
1791576,1.7000,1.7559,1.5908,0.10923,-24.18596,25.94187,0.00000,0
1792076,1.7000,1.7447,1.5916,0.10843,-24.19821,25.94287,0.00000,0
1792576,1.7000,1.7579,1.5908,0.10923,-24.18596,25.94386,0.00000,0
1793076,1.7000,1.7466,1.5916,0.10843,-24.19821,25.94485,0.00000,0
1793576,1.7000,1.7109,1.5940,0.10601,-24.23497,25.94583,0.00000,0
1794076,1.7000,1.7486,1.5916,0.10843,-24.19821,25.94680,0.00000,0
1794576,1.7000,1.8109,1.5875,0.11245,-24.13695,25.94781,0.00000,0
1795076,1.7000,1.8119,1.5875,0.11245,-24.13695,25.94883,0.00000,0
1795576,1.7000,1.8129,1.5875,0.11245,-24.13695,25.94986,0.00000,0
1796076,1.7000,1.8017,1.5884,0.11165,-24.14920,25.95088,0.00000,0
1796576,1.7000,1.8149,1.5875,0.11245,-24.13695,25.95190,0.00000,0
1797076,1.7000,1.8160,1.5875,0.11245,-24.13695,25.95292,0.00000,0
1797576,1.7000,1.8047,1.5884,0.11165,-24.14920,25.95394,0.00000,0
1798076,1.7000,1.7935,1.5892,0.11084,-24.16145,25.95496,0.00000,0
1798576,1.7000,1.8435,1.5859,0.11407,-24.11245,25.95598,0.00000,0
1799076,1.7000,1.8568,1.5851,0.11487,-24.10019,25.95703,0.00000,0
1799576,1.7000,1.8334,1.5867,0.11326,-24.12470,25.95807,0.00000,0
1800076,1.7000,1.8589,1.5851,0.11487,-24.10019,25.95910,0.00000,0
1800576,1.7000,1.8600,1.5851,0.11487,-24.10019,25.96015,0.00000,0
1801076,1.7000,1.8855,1.5835,0.11648,-24.07569,25.96121,0.00000,0
1801576,1.7000,1.9111,1.5819,0.11810,-24.05118,25.96227,0.00000,0
1802076,1.7000,1.9244,1.5811,0.11890,-24.03893,25.96335,0.00000,0
1802576,1.7000,1.9255,1.5811,0.11890,-24.03893,25.96444,0.00000,0
1803076,1.7000,1.9388,1.5803,0.11971,-24.02668,25.96552,0.00000,0
1803576,1.7000,1.9399,1.5803,0.11971,-24.02668,25.96662,0.00000,0
1804076,1.7000,1.9165,1.5819,0.11810,-24.05118,25.96770,0.00000,0
1804576,1.7000,1.8931,1.5835,0.11648,-24.07569,25.96877,0.00000,0
1805076,1.7000,1.8941,1.5835,0.11648,-24.07569,25.96983,0.00000,0
1805576,1.7000,1.8707,1.5851,0.11487,-24.10019,25.97088,0.00000,0
1806076,1.7000,1.8595,1.5859,0.11407,-24.11245,25.97193,0.00000,0
1806576,1.7000,1.8360,1.5875,0.11245,-24.13695,25.97296,0.00000,0
1807076,1.7000,1.8003,1.5900,0.11004,-24.17371,25.97397,0.00000,0
1807576,1.7000,1.8135,1.5892,0.11084,-24.16145,25.97498,0.00000,0
1808076,1.7000,1.8023,1.5900,0.11004,-24.17371,25.97599,0.00000,0
1808576,1.7000,1.7910,1.5908,0.10923,-24.18596,25.97699,0.00000,0
1809076,1.7000,1.7920,1.5908,0.10923,-24.18596,25.97798,0.00000,0
1809576,1.7000,1.7808,1.5916,0.10843,-24.19821,25.97898,0.00000,0
1810076,1.7000,1.7695,1.5924,0.10762,-24.21046,25.97996,0.00000,0
1810576,1.7000,1.7950,1.5908,0.10923,-24.18596,25.98095,0.00000,0
1811076,1.7000,1.7960,1.5908,0.10923,-24.18596,25.98194,0.00000,0
1811576,1.7000,1.7602,1.5932,0.10681,-24.22272,25.98293,0.00000,0
1812076,1.7000,1.7734,1.5924,0.10762,-24.21046,25.98390,0.00000,0
1812576,1.7000,1.7867,1.5916,0.10843,-24.19821,25.98489,0.00000,0
1813076,1.7000,1.7999,1.5908,0.10923,-24.18596,25.98588,0.00000,0
1813576,1.7000,1.8377,1.5884,0.11165,-24.14920,25.98689,0.00000,0
1814076,1.7000,1.8142,1.5900,0.11004,-24.17371,25.98790,0.00000,0
1814576,1.7000,1.8275,1.5892,0.11084,-24.16145,25.98890,0.00000,0
1815076,1.7000,1.8162,1.5900,0.11004,-24.17371,25.98991,0.00000,0
1815576,1.7000,1.8050,1.5908,0.10923,-24.18596,25.99091,0.00000,0
1816076,1.7000,1.8305,1.5892,0.11084,-24.16145,25.99191,0.00000,0
1816576,1.7000,1.8560,1.5875,0.11245,-24.13695,25.99293,0.00000,0
1817076,1.7000,1.8693,1.5867,0.11326,-24.12470,25.99396,0.00000,0
1817576,1.7000,1.8580,1.5875,0.11245,-24.13695,25.99499,0.00000,0
1818076,1.7000,1.8346,1.5892,0.11084,-24.16145,25.99600,0.00000,0
1818576,1.7000,1.8110,1.5908,0.10923,-24.18596,25.99701,0.00000,0
1819076,1.7000,1.8120,1.5908,0.10923,-24.18596,25.99800,0.00000,0
1819576,1.7000,1.8253,1.5900,0.11004,-24.17371,25.99900,0.00000,0
1820076,1.7000,1.8140,1.5908,0.10923,-24.18596,26.00000,0.00000,0
1820576,1.7000,1.8028,1.5916,0.10843,-24.19821,26.00099,0.00000,0
1821076,1.7000,1.7915,1.5924,0.10762,-24.21046,26.00198,0.00000,0
1821576,1.7000,1.7435,1.5956,0.10440,-24.25947,26.00294,0.00000,0
1822076,1.7000,1.7444,1.5956,0.10440,-24.25947,26.00390,0.00000,0
1822576,1.7000,1.7454,1.5956,0.10440,-24.25947,26.00485,0.00000,0
1823076,1.7000,1.7341,1.5964,0.10359,-24.27172,26.00580,0.00000,0
1823576,1.7000,1.7350,1.5964,0.10359,-24.27172,26.00674,0.00000,0
1824076,1.7000,1.7360,1.5964,0.10359,-24.27172,26.00768,0.00000,0
1824576,1.7000,1.7614,1.5948,0.10520,-24.24722,26.00864,0.00000,0
1825076,1.7000,1.7624,1.5948,0.10520,-24.24722,26.00960,0.00000,0
1825576,1.7000,1.7878,1.5932,0.10681,-24.22272,26.01056,0.00000,0
1826076,1.7000,1.8011,1.5924,0.10762,-24.21046,26.01154,0.00000,0
1826576,1.7000,1.8511,1.5892,0.11084,-24.16145,26.01254,0.00000,0
1827076,1.7000,1.8766,1.5875,0.11245,-24.13695,26.01355,0.00000,0
1827576,1.7000,1.8531,1.5892,0.11084,-24.16145,26.01457,0.00000,0
1828076,1.7000,1.8786,1.5875,0.11245,-24.13695,26.01558,0.00000,0
1828576,1.7000,1.8674,1.5884,0.11165,-24.14920,26.01661,0.00000,0
1829076,1.7000,1.8439,1.5900,0.11004,-24.17371,26.01762,0.00000,0
1829576,1.7000,1.8449,1.5900,0.11004,-24.17371,26.01862,0.00000,0
1830076,1.7000,1.8337,1.5908,0.10923,-24.18596,26.01962,0.00000,0
1830576,1.7000,1.8224,1.5916,0.10843,-24.19821,26.02061,0.00000,0
1831076,1.7000,1.8234,1.5916,0.10843,-24.19821,26.02160,0.00000,0
1831576,1.7000,1.8121,1.5924,0.10762,-24.21046,26.02258,0.00000,0
1832076,1.7000,1.8008,1.5932,0.10681,-24.22272,26.02356,0.00000,0
1832576,1.7000,1.8263,1.5916,0.10843,-24.19821,26.02454,0.00000,0
1833076,1.7000,1.7905,1.5940,0.10601,-24.23497,26.02552,0.00000,0
1833576,1.7000,1.7915,1.5940,0.10601,-24.23497,26.02648,0.00000,0
1834076,1.7000,1.8170,1.5924,0.10762,-24.21046,26.02746,0.00000,0
1834576,1.7000,1.8057,1.5932,0.10681,-24.22272,26.02843,0.00000,0
1835076,1.7000,1.8435,1.5908,0.10923,-24.18596,26.02942,0.00000,0
1835576,1.7000,1.8445,1.5908,0.10923,-24.18596,26.03041,0.00000,0
1836076,1.7000,1.8577,1.5900,0.11004,-24.17371,26.03141,0.00000,0
1836576,1.7000,1.8587,1.5900,0.11004,-24.17371,26.03242,0.00000,0
1837076,1.7000,1.8597,1.5900,0.11004,-24.17371,26.03342,0.00000,0
1837576,1.7000,1.8362,1.5916,0.10843,-24.19821,26.03441,0.00000,0
1838076,1.7000,1.8617,1.5900,0.11004,-24.17371,26.03541,0.00000,0
1838576,1.7000,1.8627,1.5900,0.11004,-24.17371,26.03641,0.00000,0
1839076,1.7000,1.8637,1.5900,0.11004,-24.17371,26.03742,0.00000,0
1839576,1.7000,1.8525,1.5908,0.10923,-24.18596,26.03842,0.00000,0
1840076,1.7000,1.8412,1.5916,0.10843,-24.19821,26.03941,0.00000,0
1840576,1.7000,1.8667,1.5900,0.11004,-24.17371,26.04040,0.00000,0
1841076,1.7000,1.8677,1.5900,0.11004,-24.17371,26.04141,0.00000,0
1841576,1.7000,1.8564,1.5908,0.10923,-24.18596,26.04241,0.00000,0
1842076,1.7000,1.8452,1.5916,0.10843,-24.19821,26.04340,0.00000,0
1842576,1.7000,1.8584,1.5908,0.10923,-24.18596,26.04439,0.00000,0
1843076,1.7000,1.8349,1.5924,0.10762,-24.21046,26.04538,0.00000,0
1843576,1.7000,1.8236,1.5932,0.10681,-24.22272,26.04635,0.00000,0
1844076,1.7000,1.8246,1.5932,0.10681,-24.22272,26.04733,0.00000,0
1844576,1.7000,1.8624,1.5908,0.10923,-24.18596,26.04831,0.00000,0
1845076,1.7000,1.8388,1.5924,0.10762,-24.21046,26.04930,0.00000,0
1845576,1.7000,1.8030,1.5948,0.10520,-24.24722,26.05027,0.00000,0
1846076,1.7000,1.7795,1.5964,0.10359,-24.27172,26.05122,0.00000,0
1846576,1.7000,1.7927,1.5956,0.10440,-24.25947,26.05217,0.00000,0
1847076,1.7000,1.7814,1.5964,0.10359,-24.27172,26.05312,0.00000,0
1847576,1.7000,1.7946,1.5956,0.10440,-24.25947,26.05406,0.00000,0
1848076,1.7000,1.8078,1.5948,0.10520,-24.24722,26.05502,0.00000,0
1848576,1.7000,1.8578,1.5916,0.10843,-24.19821,26.05599,0.00000,0
1849076,1.7000,1.8343,1.5932,0.10681,-24.22272,26.05697,0.00000,0
1849576,1.7000,1.8107,1.5948,0.10520,-24.24722,26.05794,0.00000,0
1850076,1.7000,1.8239,1.5940,0.10601,-24.23497,26.05890,0.00000,0
1850576,1.7000,1.8249,1.5940,0.10601,-24.23497,26.05987,0.00000,0
1851076,1.7000,1.8381,1.5932,0.10681,-24.22272,26.06084,0.00000,0
1851576,1.7000,1.8636,1.5916,0.10843,-24.19821,26.06182,0.00000,0
1852076,1.7000,1.8646,1.5916,0.10843,-24.19821,26.06281,0.00000,0
1852576,1.7000,1.8533,1.5924,0.10762,-24.21046,26.06379,0.00000,0
1853076,1.7000,1.8666,1.5916,0.10843,-24.19821,26.06478,0.00000,0
1853576,1.7000,1.8308,1.5940,0.10601,-24.23497,26.06575,0.00000,0
1854076,1.7000,1.8440,1.5932,0.10681,-24.22272,26.06672,0.00000,0
1854576,1.7000,1.8450,1.5932,0.10681,-24.22272,26.06769,0.00000,0
1855076,1.7000,1.8337,1.5940,0.10601,-24.23497,26.06866,0.00000,0
1855576,1.7000,1.8347,1.5940,0.10601,-24.23497,26.06963,0.00000,0
1856076,1.7000,1.8479,1.5932,0.10681,-24.22272,26.07060,0.00000,0
1856576,1.7000,1.8243,1.5948,0.10520,-24.24722,26.07157,0.00000,0
1857076,1.7000,1.8376,1.5940,0.10601,-24.23497,26.07253,0.00000,0
1857576,1.7000,1.8508,1.5932,0.10681,-24.22272,26.07350,0.00000,0
1858076,1.7000,1.8272,1.5948,0.10520,-24.24722,26.07446,0.00000,0
1858576,1.7000,1.8527,1.5932,0.10681,-24.22272,26.07543,0.00000,0
1859076,1.7000,1.8659,1.5924,0.10762,-24.21046,26.07641,0.00000,0
1859576,1.7000,1.8914,1.5908,0.10923,-24.18596,26.07740,0.00000,0
1860076,1.7000,1.8557,1.5932,0.10681,-24.22272,26.07838,0.00000,0
1860576,1.7000,1.8689,1.5924,0.10762,-24.21046,26.07936,0.00000,0
1861076,1.7000,1.8576,1.5932,0.10681,-24.22272,26.08033,0.00000,0
1861576,1.7000,1.8708,1.5924,0.10762,-24.21046,26.08131,0.00000,0
1862076,1.7000,1.8473,1.5940,0.10601,-24.23497,26.08228,0.00000,0
1862576,1.7000,1.8360,1.5948,0.10520,-24.24722,26.08325,0.00000,0
1863076,1.7000,1.8738,1.5924,0.10762,-24.21046,26.08422,0.00000,0
1863576,1.7000,1.8502,1.5940,0.10601,-24.23497,26.08519,0.00000,0
1864076,1.7000,1.8267,1.5956,0.10440,-24.25947,26.08615,0.00000,0
1864576,1.7000,1.8154,1.5964,0.10359,-24.27172,26.08710,0.00000,0
1865076,1.7000,1.8531,1.5940,0.10601,-24.23497,26.08805,0.00000,0
1865576,1.7000,1.8418,1.5948,0.10520,-24.24722,26.08901,0.00000,0
1866076,1.7000,1.8550,1.5940,0.10601,-24.23497,26.08998,0.00000,0
1866576,1.7000,1.8315,1.5956,0.10440,-24.25947,26.09094,0.00000,0
1867076,1.7000,1.8692,1.5932,0.10681,-24.22272,26.09190,0.00000,0
1867576,1.7000,1.8702,1.5932,0.10681,-24.22272,26.09287,0.00000,0
1868076,1.7000,1.8466,1.5948,0.10520,-24.24722,26.09384,0.00000,0
1868576,1.7000,1.8598,1.5940,0.10601,-24.23497,26.09480,0.00000,0
1869076,1.7000,1.8608,1.5940,0.10601,-24.23497,26.09577,0.00000,0
1869576,1.7000,1.8740,1.5932,0.10681,-24.22272,26.09674,0.00000,0
1870076,1.7000,1.8627,1.5940,0.10601,-24.23497,26.09771,0.00000,0
1870576,1.7000,1.8392,1.5956,0.10440,-24.25947,26.09867,0.00000,0
1871076,1.7000,1.8401,1.5956,0.10440,-24.25947,26.09962,0.00000,0
1871576,1.7000,1.8411,1.5956,0.10440,-24.25947,26.10057,0.00000,0
1872076,1.7000,1.8175,1.5972,0.10278,-24.28398,26.10151,0.00000,0
1872576,1.7000,1.8185,1.5972,0.10278,-24.28398,26.10245,0.00000,0
1873076,1.7000,1.8317,1.5964,0.10359,-24.27172,26.10339,0.00000,0
1873576,1.7000,1.8326,1.5964,0.10359,-24.27172,26.10434,0.00000,0
1874076,1.7000,1.8336,1.5964,0.10359,-24.27172,26.10528,0.00000,0
1874576,1.7000,1.8345,1.5964,0.10359,-24.27172,26.10622,0.00000,0
1875076,1.7000,1.8232,1.5972,0.10278,-24.28398,26.10716,0.00000,0
1875576,1.7000,1.8609,1.5948,0.10520,-24.24722,26.10811,0.00000,0
1876076,1.7000,1.8373,1.5964,0.10359,-24.27172,26.10906,0.00000,0
1876576,1.7000,1.8505,1.5956,0.10440,-24.25947,26.11001,0.00000,0
1877076,1.7000,1.8760,1.5940,0.10601,-24.23497,26.11097,0.00000,0
1877576,1.7000,1.8647,1.5948,0.10520,-24.24722,26.11193,0.00000,0
1878076,1.7000,1.8779,1.5940,0.10601,-24.23497,26.11290,0.00000,0
1878576,1.7000,1.8544,1.5956,0.10440,-24.25947,26.11386,0.00000,0
1879076,1.7000,1.8431,1.5964,0.10359,-24.27172,26.11481,0.00000,0
1879576,1.7000,1.8318,1.5972,0.10278,-24.28398,26.11575,0.00000,0
1880076,1.7000,1.8327,1.5972,0.10278,-24.28398,26.11668,0.00000,0
1880576,1.7000,1.8336,1.5972,0.10278,-24.28398,26.11762,0.00000,0
1881076,1.7000,1.8346,1.5972,0.10278,-24.28398,26.11856,0.00000,0
1881576,1.7000,1.8233,1.5980,0.10198,-24.29623,26.11949,0.00000,0
1882076,1.7000,1.8242,1.5980,0.10198,-24.29623,26.12042,0.00000,0
1882576,1.7000,1.8374,1.5972,0.10278,-24.28398,26.12135,0.00000,0
1883076,1.7000,1.8383,1.5972,0.10278,-24.28398,26.12229,0.00000,0
1883576,1.7000,1.8392,1.5972,0.10278,-24.28398,26.12322,0.00000,0
1884076,1.7000,1.8647,1.5956,0.10440,-24.25947,26.12417,0.00000,0
1884576,1.7000,1.8534,1.5964,0.10359,-24.27172,26.12511,0.00000,0
1885076,1.7000,1.8421,1.5972,0.10278,-24.28398,26.12605,0.00000,0
1885576,1.7000,1.8553,1.5964,0.10359,-24.27172,26.12700,0.00000,0
1886076,1.7000,1.8807,1.5948,0.10520,-24.24722,26.12795,0.00000,0
1886576,1.7000,1.8939,1.5940,0.10601,-24.23497,26.12891,0.00000,0
1887076,1.7000,1.8949,1.5940,0.10601,-24.23497,26.12988,0.00000,0
1887576,1.7000,1.8591,1.5964,0.10359,-24.27172,26.13083,0.00000,0
1888076,1.7000,1.8478,1.5972,0.10278,-24.28398,26.13177,0.00000,0
1888576,1.7000,1.8610,1.5964,0.10359,-24.27172,26.13271,0.00000,0
1889076,1.7000,1.8129,1.5996,0.10037,-24.32073,26.13364,0.00000,0
1889576,1.7000,1.8138,1.5996,0.10037,-24.32073,26.13456,0.00000,0
1890076,1.7000,1.8025,1.6004,0.09956,-24.33299,26.13547,0.00000,0
1890576,1.7000,1.8156,1.5996,0.10037,-24.32073,26.13638,0.00000,0
1891076,1.7000,1.8166,1.5996,0.10037,-24.32073,26.13730,0.00000,0
1891576,1.7000,1.8297,1.5988,0.10117,-24.30848,26.13822,0.00000,0
1892076,1.7000,1.8061,1.6004,0.09956,-24.33299,26.13913,0.00000,0
1892576,1.7000,1.8316,1.5988,0.10117,-24.30848,26.14005,0.00000,0
1893076,1.7000,1.8447,1.5980,0.10198,-24.29623,26.14097,0.00000,0
1893576,1.7000,1.8334,1.5988,0.10117,-24.30848,26.14190,0.00000,0
1894076,1.7000,1.8834,1.5956,0.10440,-24.25947,26.14283,0.00000,0
1894576,1.7000,1.8721,1.5964,0.10359,-24.27172,26.14378,0.00000,0
1895076,1.7000,1.8730,1.5964,0.10359,-24.27172,26.14473,0.00000,0
1895576,1.7000,1.8494,1.5980,0.10198,-24.29623,26.14566,0.00000,0
1896076,1.7000,1.8504,1.5980,0.10198,-24.29623,26.14659,0.00000,0
1896576,1.7000,1.8268,1.5996,0.10037,-24.32073,26.14751,0.00000,0
1897076,1.7000,1.8277,1.5996,0.10037,-24.32073,26.14843,0.00000,0
1897576,1.7000,1.8041,1.6012,0.09875,-24.34524,26.14934,0.00000,0
1898076,1.7000,1.8050,1.6012,0.09875,-24.34524,26.15024,0.00000,0
1898576,1.7000,1.7936,1.6021,0.09795,-24.35749,26.15113,0.00000,0
1899076,1.7000,1.8068,1.6012,0.09875,-24.34524,26.15203,0.00000,0
1899576,1.7000,1.8445,1.5988,0.10117,-24.30848,26.15294,0.00000,0
1900076,1.7000,1.8821,1.5964,0.10359,-24.27172,26.15387,0.00000,0
1900576,1.7000,1.8831,1.5964,0.10359,-24.27172,26.15482,0.00000,0
1901076,1.7000,1.8595,1.5980,0.10198,-24.29623,26.15575,0.00000,0
1901576,1.7000,1.8850,1.5964,0.10359,-24.27172,26.15669,0.00000,0
1902076,1.7000,1.8859,1.5964,0.10359,-24.27172,26.15763,0.00000,0
1902576,1.7000,1.9114,1.5948,0.10520,-24.24722,26.15859,0.00000,0
1903076,1.7000,1.8878,1.5964,0.10359,-24.27172,26.15954,0.00000,0
1903576,1.7000,1.9010,1.5956,0.10440,-24.25947,26.16049,0.00000,0
1904076,1.7000,1.8775,1.5972,0.10278,-24.28398,26.16143,0.00000,0
1904576,1.7000,1.8906,1.5964,0.10359,-24.27172,26.16237,0.00000,0
1905076,1.7000,1.8548,1.5988,0.10117,-24.30848,26.16330,0.00000,0
1905576,1.7000,1.8312,1.6004,0.09956,-24.33299,26.16422,0.00000,0
1906076,1.7000,1.8199,1.6012,0.09875,-24.34524,26.16512,0.00000,0
1906576,1.7000,1.8085,1.6021,0.09795,-24.35749,26.16602,0.00000,0
1907076,1.7000,1.7972,1.6029,0.09714,-24.36974,26.16691,0.00000,0
1907576,1.7000,1.7980,1.6029,0.09714,-24.36974,26.16779,0.00000,0
1908076,1.7000,1.7622,1.6053,0.09473,-24.40650,26.16867,0.00000,0
1908576,1.7000,1.7753,1.6045,0.09553,-24.39425,26.16953,0.00000,0
1909076,1.7000,1.8007,1.6029,0.09714,-24.36974,26.17041,0.00000,0
1909576,1.7000,1.7648,1.6053,0.09473,-24.40650,26.17129,0.00000,0
1910076,1.7000,1.7411,1.6069,0.09311,-24.43100,26.17214,0.00000,0
1910576,1.7000,1.7665,1.6053,0.09473,-24.40650,26.17300,0.00000,0
1911076,1.7000,1.7796,1.6045,0.09553,-24.39425,26.17387,0.00000,0
1911576,1.7000,1.7682,1.6053,0.09473,-24.40650,26.17473,0.00000,0
1912076,1.7000,1.7814,1.6045,0.09553,-24.39425,26.17560,0.00000,0
1912576,1.7000,1.7577,1.6061,0.09392,-24.41875,26.17647,0.00000,0
1913076,1.7000,1.8198,1.6021,0.09795,-24.35749,26.17734,0.00000,0
1913576,1.7000,1.7717,1.6053,0.09473,-24.40650,26.17822,0.00000,0
1914076,1.7000,1.7603,1.6061,0.09392,-24.41875,26.17908,0.00000,0
1914576,1.7000,1.7734,1.6053,0.09473,-24.40650,26.17994,0.00000,0
1915076,1.7000,1.7988,1.6037,0.09634,-24.38199,26.18081,0.00000,0
1915576,1.7000,1.7997,1.6037,0.09634,-24.38199,26.18168,0.00000,0
1916076,1.7000,1.7883,1.6045,0.09553,-24.39425,26.18256,0.00000,0
1916576,1.7000,1.7769,1.6053,0.09473,-24.40650,26.18343,0.00000,0
1917076,1.7000,1.8023,1.6037,0.09634,-24.38199,26.18430,0.00000,0
1917576,1.7000,1.8154,1.6029,0.09714,-24.36974,26.18518,0.00000,0
1918076,1.7000,1.8041,1.6037,0.09634,-24.38199,26.18606,0.00000,0
1918576,1.7000,1.8540,1.6004,0.09956,-24.33299,26.18695,0.00000,0
1919076,1.7000,1.8549,1.6004,0.09956,-24.33299,26.18786,0.00000,0
1919576,1.7000,1.8435,1.6012,0.09875,-24.34524,26.18876,0.00000,0
1920076,1.7000,1.8567,1.6004,0.09956,-24.33299,26.18967,0.00000,0
1920576,1.7000,1.8576,1.6004,0.09956,-24.33299,26.19057,0.00000,0
1921076,1.7000,1.8708,1.5996,0.10037,-24.32073,26.19149,0.00000,0
1921576,1.7000,1.8717,1.5996,0.10037,-24.32073,26.19240,0.00000,0
1922076,1.7000,1.8726,1.5996,0.10037,-24.32073,26.19332,0.00000,0
1922576,1.7000,1.8612,1.6004,0.09956,-24.33299,26.19423,0.00000,0
1923076,1.7000,1.8254,1.6029,0.09714,-24.36974,26.19513,0.00000,0
1923576,1.7000,1.8140,1.6037,0.09634,-24.38199,26.19601,0.00000,0
1924076,1.7000,1.8026,1.6045,0.09553,-24.39425,26.19688,0.00000,0
1924576,1.7000,1.7667,1.6069,0.09311,-24.43100,26.19774,0.00000,0
1925076,1.7000,1.7921,1.6053,0.09473,-24.40650,26.19860,0.00000,0
1925576,1.7000,1.8052,1.6045,0.09553,-24.39425,26.19946,0.00000,0
1926076,1.7000,1.8429,1.6021,0.09795,-24.35749,26.20035,0.00000,0
1926576,1.7000,1.8437,1.6021,0.09795,-24.35749,26.20124,0.00000,0
1927076,1.7000,1.8324,1.6029,0.09714,-24.36974,26.20213,0.00000,0
1927576,1.7000,1.8333,1.6029,0.09714,-24.36974,26.20301,0.00000,0
1928076,1.7000,1.8709,1.6004,0.09956,-24.33299,26.20391,0.00000,0
1928576,1.7000,1.8473,1.6021,0.09795,-24.35749,26.20481,0.00000,0
1929076,1.7000,1.8605,1.6012,0.09875,-24.34524,26.20571,0.00000,0
1929576,1.7000,1.8859,1.5996,0.10037,-24.32073,26.20661,0.00000,0
1930076,1.7000,1.8745,1.6004,0.09956,-24.33299,26.20753,0.00000,0
1930576,1.7000,1.8387,1.6029,0.09714,-24.36974,26.20842,0.00000,0
1931076,1.7000,1.8028,1.6053,0.09473,-24.40650,26.20930,0.00000,0
1931576,1.7000,1.7791,1.6069,0.09311,-24.43100,26.21015,0.00000,0
1932076,1.7000,1.7800,1.6069,0.09311,-24.43100,26.21100,0.00000,0
1932576,1.7000,1.7931,1.6061,0.09392,-24.41875,26.21185,0.00000,0
1933076,1.7000,1.7694,1.6077,0.09231,-24.44326,26.21270,0.00000,0
1933576,1.7000,1.7703,1.6077,0.09231,-24.44326,26.21354,0.00000,0
1934076,1.7000,1.7466,1.6093,0.09070,-24.46776,26.21438,0.00000,0
1934576,1.7000,1.6984,1.6125,0.08747,-24.51677,26.21519,0.00000,0
1935076,1.7000,1.6747,1.6141,0.08586,-24.54128,26.21598,0.00000,0
1935576,1.7000,1.7000,1.6125,0.08747,-24.51677,26.21677,0.00000,0
1936076,1.7000,1.7008,1.6125,0.08747,-24.51677,26.21757,0.00000,0
1936576,1.7000,1.7138,1.6117,0.08828,-24.50452,26.21837,0.00000,0
1937076,1.7000,1.7024,1.6125,0.08747,-24.51677,26.21917,0.00000,0
1937576,1.7000,1.7155,1.6117,0.08828,-24.50452,26.21997,0.00000,0
1938076,1.7000,1.7163,1.6117,0.08828,-24.50452,26.22077,0.00000,0
1938576,1.7000,1.7048,1.6125,0.08747,-24.51677,26.22157,0.00000,0
1939076,1.7000,1.7301,1.6109,0.08908,-24.49227,26.22238,0.00000,0
1939576,1.7000,1.7432,1.6101,0.08989,-24.48001,26.22320,0.00000,0
1940076,1.7000,1.7563,1.6093,0.09070,-24.46776,26.22402,0.00000,0
1940576,1.7000,1.7448,1.6101,0.08989,-24.48001,26.22484,0.00000,0
1941076,1.7000,1.7334,1.6109,0.08908,-24.49227,26.22566,0.00000,0
1941576,1.7000,1.7219,1.6117,0.08828,-24.50452,26.22647,0.00000,0
1942076,1.7000,1.7350,1.6109,0.08908,-24.49227,26.22727,0.00000,0
1942576,1.7000,1.7358,1.6109,0.08908,-24.49227,26.22809,0.00000,0
1943076,1.7000,1.7366,1.6109,0.08908,-24.49227,26.22890,0.00000,0
1943576,1.7000,1.7497,1.6101,0.08989,-24.48001,26.22972,0.00000,0
1944076,1.7000,1.7505,1.6101,0.08989,-24.48001,26.23054,0.00000,0
1944576,1.7000,1.7513,1.6101,0.08989,-24.48001,26.23136,0.00000,0
1945076,1.7000,1.7644,1.6093,0.09070,-24.46776,26.23218,0.00000,0
1945576,1.7000,1.7530,1.6101,0.08989,-24.48001,26.23300,0.00000,0
1946076,1.7000,1.7538,1.6101,0.08989,-24.48001,26.23382,0.00000,0
1946576,1.7000,1.7791,1.6085,0.09150,-24.45551,26.23465,0.00000,0
1947076,1.7000,1.7677,1.6093,0.09070,-24.46776,26.23548,0.00000,0
1947576,1.7000,1.7685,1.6093,0.09070,-24.46776,26.23630,0.00000,0
1948076,1.7000,1.7694,1.6093,0.09070,-24.46776,26.23713,0.00000,0
1948576,1.7000,1.7334,1.6117,0.08828,-24.50452,26.23794,0.00000,0
1949076,1.7000,1.7465,1.6109,0.08908,-24.49227,26.23875,0.00000,0
1949576,1.7000,1.7473,1.6109,0.08908,-24.49227,26.23956,0.00000,0
1950076,1.7000,1.7236,1.6125,0.08747,-24.51677,26.24037,0.00000,0
1950576,1.7000,1.7244,1.6125,0.08747,-24.51677,26.24117,0.00000,0
1951076,1.7000,1.7252,1.6125,0.08747,-24.51677,26.24196,0.00000,0
1951576,1.7000,1.7260,1.6125,0.08747,-24.51677,26.24276,0.00000,0
1952076,1.7000,1.7268,1.6125,0.08747,-24.51677,26.24356,0.00000,0
1952576,1.7000,1.7398,1.6117,0.08828,-24.50452,26.24436,0.00000,0
1953076,1.7000,1.7406,1.6117,0.08828,-24.50452,26.24516,0.00000,0
1953576,1.7000,1.7782,1.6093,0.09070,-24.46776,26.24598,0.00000,0
1954076,1.7000,1.7668,1.6101,0.08989,-24.48001,26.24680,0.00000,0
1954576,1.7000,1.7554,1.6109,0.08908,-24.49227,26.24762,0.00000,0
1955076,1.7000,1.7807,1.6093,0.09070,-24.46776,26.24844,0.00000,0
1955576,1.7000,1.7938,1.6085,0.09150,-24.45551,26.24927,0.00000,0
1956076,1.7000,1.8069,1.6077,0.09231,-24.44326,26.25011,0.00000,0
1956576,1.7000,1.8322,1.6061,0.09392,-24.41875,26.25096,0.00000,0
1957076,1.7000,1.8208,1.6069,0.09311,-24.43100,26.25181,0.00000,0
1957576,1.7000,1.8217,1.6069,0.09311,-24.43100,26.25266,0.00000,0
1958076,1.7000,1.8225,1.6069,0.09311,-24.43100,26.25351,0.00000,0
1958576,1.7000,1.8234,1.6069,0.09311,-24.43100,26.25435,0.00000,0
1959076,1.7000,1.7997,1.6085,0.09150,-24.45551,26.25520,0.00000,0
1959576,1.7000,1.7760,1.6101,0.08989,-24.48001,26.25602,0.00000,0
1960076,1.7000,1.8013,1.6085,0.09150,-24.45551,26.25685,0.00000,0
1960576,1.7000,1.7899,1.6093,0.09070,-24.46776,26.25768,0.00000,0
1961076,1.7000,1.7907,1.6093,0.09070,-24.46776,26.25850,0.00000,0
1961576,1.7000,1.7793,1.6101,0.08989,-24.48001,26.25933,0.00000,0
1962076,1.7000,1.7924,1.6093,0.09070,-24.46776,26.26015,0.00000,0
1962576,1.7000,1.7932,1.6093,0.09070,-24.46776,26.26097,0.00000,0
1963076,1.7000,1.7940,1.6093,0.09070,-24.46776,26.26180,0.00000,0
1963576,1.7000,1.8071,1.6085,0.09150,-24.45551,26.26263,0.00000,0
1964076,1.7000,1.8447,1.6061,0.09392,-24.41875,26.26347,0.00000,0
1964576,1.7000,1.8578,1.6053,0.09473,-24.40650,26.26433,0.00000,0
1965076,1.7000,1.8464,1.6061,0.09392,-24.41875,26.26519,0.00000,0
1965576,1.7000,1.8473,1.6061,0.09392,-24.41875,26.26605,0.00000,0
1966076,1.7000,1.8114,1.6085,0.09150,-24.45551,26.26690,0.00000,0
1966576,1.7000,1.8000,1.6093,0.09070,-24.46776,26.26772,0.00000,0
1967076,1.7000,1.7763,1.6109,0.08908,-24.49227,26.26855,0.00000,0
1967576,1.7000,1.8016,1.6093,0.09070,-24.46776,26.26937,0.00000,0
1968076,1.7000,1.7779,1.6109,0.08908,-24.49227,26.27019,0.00000,0
1968576,1.7000,1.7542,1.6125,0.08747,-24.51677,26.27099,0.00000,0
1969076,1.7000,1.7428,1.6133,0.08667,-24.52902,26.27178,0.00000,0
1969576,1.7000,1.7436,1.6133,0.08667,-24.52902,26.27257,0.00000,0
1970076,1.7000,1.7443,1.6133,0.08667,-24.52902,26.27336,0.00000,0
1970576,1.7000,1.7451,1.6133,0.08667,-24.52902,26.27415,0.00000,0
1971076,1.7000,1.7704,1.6117,0.08828,-24.50452,26.27495,0.00000,0
1971576,1.7000,1.7712,1.6117,0.08828,-24.50452,26.27575,0.00000,0
1972076,1.7000,1.7966,1.6101,0.08989,-24.48001,26.27657,0.00000,0
1972576,1.7000,1.7729,1.6117,0.08828,-24.50452,26.27738,0.00000,0
1973076,1.7000,1.7737,1.6117,0.08828,-24.50452,26.27818,0.00000,0
1973576,1.7000,1.7745,1.6117,0.08828,-24.50452,26.27899,0.00000,0
1974076,1.7000,1.7753,1.6117,0.08828,-24.50452,26.27979,0.00000,0
1974576,1.7000,1.7761,1.6117,0.08828,-24.50452,26.28060,0.00000,0
1975076,1.7000,1.7769,1.6117,0.08828,-24.50452,26.28140,0.00000,0
1975576,1.7000,1.7777,1.6117,0.08828,-24.50452,26.28221,0.00000,0
1976076,1.7000,1.7908,1.6109,0.08908,-24.49227,26.28302,0.00000,0
1976576,1.7000,1.7548,1.6133,0.08667,-24.52902,26.28382,0.00000,0
1977076,1.7000,1.7433,1.6141,0.08586,-24.54128,26.28461,0.00000,0
1977576,1.7000,1.7441,1.6141,0.08586,-24.54128,26.28539,0.00000,0
1978076,1.7000,1.7572,1.6133,0.08667,-24.52902,26.28617,0.00000,0
1978576,1.7000,1.7334,1.6149,0.08505,-24.55353,26.28695,0.00000,0
1979076,1.7000,1.7587,1.6133,0.08667,-24.52902,26.28774,0.00000,0
1979576,1.7000,1.7472,1.6141,0.08586,-24.54128,26.28852,0.00000,0
1980076,1.7000,1.7358,1.6149,0.08505,-24.55353,26.28930,0.00000,0
1980576,1.7000,1.7488,1.6141,0.08586,-24.54128,26.29008,0.00000,0
1981076,1.7000,1.7373,1.6149,0.08505,-24.55353,26.29086,0.00000,0
1981576,1.7000,1.7626,1.6133,0.08667,-24.52902,26.29164,0.00000,0
1982076,1.7000,1.7512,1.6141,0.08586,-24.54128,26.29243,0.00000,0
1982576,1.7000,1.7152,1.6166,0.08344,-24.57803,26.29320,0.00000,0
1983076,1.7000,1.7282,1.6158,0.08425,-24.56578,26.29396,0.00000,0
1983576,1.7000,1.7412,1.6149,0.08505,-24.55353,26.29473,0.00000,0
1984076,1.7000,1.7420,1.6149,0.08505,-24.55353,26.29551,0.00000,0
1984576,1.7000,1.7550,1.6141,0.08586,-24.54128,26.29628,0.00000,0
1985076,1.7000,1.7680,1.6133,0.08667,-24.52902,26.29707,0.00000,0
1985576,1.7000,1.7811,1.6125,0.08747,-24.51677,26.29786,0.00000,0
1986076,1.7000,1.8309,1.6093,0.09070,-24.46776,26.29868,0.00000,0
1986576,1.7000,1.8440,1.6085,0.09150,-24.45551,26.29951,0.00000,0
1987076,1.7000,1.8448,1.6085,0.09150,-24.45551,26.30034,0.00000,0
1987576,1.7000,1.8702,1.6069,0.09311,-24.43100,26.30118,0.00000,0
1988076,1.7000,1.8588,1.6077,0.09231,-24.44326,26.30202,0.00000,0
1988576,1.7000,1.8596,1.6077,0.09231,-24.44326,26.30287,0.00000,0
1989076,1.7000,1.8482,1.6085,0.09150,-24.45551,26.30370,0.00000,0
1989576,1.7000,1.8613,1.6077,0.09231,-24.44326,26.30454,0.00000,0
1990076,1.7000,1.8499,1.6085,0.09150,-24.45551,26.30538,0.00000,0
1990576,1.7000,1.8139,1.6109,0.08908,-24.49227,26.30620,0.00000,0
1991076,1.7000,1.7780,1.6133,0.08667,-24.52902,26.30700,0.00000,0
1991576,1.7000,1.7665,1.6141,0.08586,-24.54128,26.30779,0.00000,0
1992076,1.7000,1.7918,1.6125,0.08747,-24.51677,26.30858,0.00000,0
1992576,1.7000,1.7926,1.6125,0.08747,-24.51677,26.30937,0.00000,0
1993076,1.7000,1.7934,1.6125,0.08747,-24.51677,26.31017,0.00000,0
1993576,1.7000,1.8065,1.6117,0.08828,-24.50452,26.31097,0.00000,0
1994076,1.7000,1.8073,1.6117,0.08828,-24.50452,26.31178,0.00000,0
1994576,1.7000,1.7836,1.6133,0.08667,-24.52902,26.31257,0.00000,0
1995076,1.7000,1.8089,1.6117,0.08828,-24.50452,26.31337,0.00000,0
1995576,1.7000,1.8342,1.6101,0.08989,-24.48001,26.31418,0.00000,0
1996076,1.7000,1.8350,1.6101,0.08989,-24.48001,26.31500,0.00000,0
1996576,1.7000,1.8603,1.6085,0.09150,-24.45551,26.31583,0.00000,0
1997076,1.7000,1.8489,1.6093,0.09070,-24.46776,26.31666,0.00000,0
1997576,1.7000,1.8988,1.6061,0.09392,-24.41875,26.31750,0.00000,0
1998076,1.7000,1.8996,1.6061,0.09392,-24.41875,26.31836,0.00000,0
1998576,1.7000,1.8882,1.6069,0.09311,-24.43100,26.31921,0.00000,0
1999076,1.7000,1.8768,1.6077,0.09231,-24.44326,26.32006,0.00000,0
1999576,1.7000,1.8899,1.6069,0.09311,-24.43100,26.32090,0.00000,0
2000076,1.7000,1.8662,1.6085,0.09150,-24.45551,26.32174,0.00000,0
2000576,1.7000,1.8671,1.6085,0.09150,-24.45551,26.32257,0.00000,0
2001076,1.7000,1.8679,1.6085,0.09150,-24.45551,26.32341,0.00000,0
2001576,1.7000,1.8810,1.6077,0.09231,-24.44326,26.32425,0.00000,0
2002076,1.7000,1.8696,1.6085,0.09150,-24.45551,26.32508,0.00000,0
2002576,1.7000,1.8459,1.6101,0.08989,-24.48001,26.32591,0.00000,0
2003076,1.7000,1.8467,1.6101,0.08989,-24.48001,26.32673,0.00000,0
2003576,1.7000,1.8475,1.6101,0.08989,-24.48001,26.32755,0.00000,0
2004076,1.7000,1.8361,1.6109,0.08908,-24.49227,26.32837,0.00000,0
2004576,1.7000,1.8369,1.6109,0.08908,-24.49227,26.32918,0.00000,0
2005076,1.7000,1.8255,1.6117,0.08828,-24.50452,26.32999,0.00000,0
2005576,1.7000,1.8508,1.6101,0.08989,-24.48001,26.33080,0.00000,0
2006076,1.7000,1.8271,1.6117,0.08828,-24.50452,26.33161,0.00000,0
2006576,1.7000,1.8034,1.6133,0.08667,-24.52902,26.33241,0.00000,0
2007076,1.7000,1.8164,1.6125,0.08747,-24.51677,26.33320,0.00000,0
2007576,1.7000,1.8417,1.6109,0.08908,-24.49227,26.33401,0.00000,0
2008076,1.7000,1.8180,1.6125,0.08747,-24.51677,26.33481,0.00000,0
2008576,1.7000,1.8188,1.6125,0.08747,-24.51677,26.33561,0.00000,0
2009076,1.7000,1.8441,1.6109,0.08908,-24.49227,26.33641,0.00000,0
2009576,1.7000,1.8572,1.6101,0.08989,-24.48001,26.33723,0.00000,0
2010076,1.7000,1.8580,1.6101,0.08989,-24.48001,26.33805,0.00000,0
2010576,1.7000,1.8098,1.6133,0.08667,-24.52902,26.33886,0.00000,0
2011076,1.7000,1.8106,1.6133,0.08667,-24.52902,26.33965,0.00000,0
2011576,1.7000,1.8114,1.6133,0.08667,-24.52902,26.34044,0.00000,0
2012076,1.7000,1.8122,1.6133,0.08667,-24.52902,26.34122,0.00000,0
2012576,1.7000,1.7762,1.6158,0.08425,-24.56578,26.34200,0.00000,0
2013076,1.7000,1.7770,1.6158,0.08425,-24.56578,26.34277,0.00000,0
2013576,1.7000,1.7900,1.6149,0.08505,-24.55353,26.34354,0.00000,0
2014076,1.7000,1.7908,1.6149,0.08505,-24.55353,26.34432,0.00000,0
2014576,1.7000,1.7548,1.6174,0.08264,-24.59028,26.34508,0.00000,0
2015076,1.7000,1.7556,1.6174,0.08264,-24.59028,26.34583,0.00000,0
2015576,1.7000,1.7686,1.6166,0.08344,-24.57803,26.34659,0.00000,0
2016076,1.7000,1.7693,1.6166,0.08344,-24.57803,26.34735,0.00000,0
2016576,1.7000,1.7578,1.6174,0.08264,-24.59028,26.34811,0.00000,0
2017076,1.7000,1.7586,1.6174,0.08264,-24.59028,26.34886,0.00000,0
2017576,1.7000,1.7593,1.6174,0.08264,-24.59028,26.34962,0.00000,0
2018076,1.7000,1.7601,1.6174,0.08264,-24.59028,26.35037,0.00000,0
2018576,1.7000,1.7854,1.6158,0.08425,-24.56578,26.35113,0.00000,0
2019076,1.7000,1.7616,1.6174,0.08264,-24.59028,26.35189,0.00000,0
2019576,1.7000,1.7746,1.6166,0.08344,-24.57803,26.35265,0.00000,0
2020076,1.7000,1.7509,1.6182,0.08183,-24.60254,26.35340,0.00000,0
2020576,1.7000,1.7639,1.6174,0.08264,-24.59028,26.35415,0.00000,0
2021076,1.7000,1.7646,1.6174,0.08264,-24.59028,26.35491,0.00000,0
2021576,1.7000,1.7899,1.6158,0.08425,-24.56578,26.35567,0.00000,0
2022076,1.7000,1.8152,1.6141,0.08586,-24.54128,26.35644,0.00000,0
2022576,1.7000,1.8159,1.6141,0.08586,-24.54128,26.35722,0.00000,0
2023076,1.7000,1.8290,1.6133,0.08667,-24.52902,26.35801,0.00000,0
2023576,1.7000,1.8053,1.6149,0.08505,-24.55353,26.35879,0.00000,0
2024076,1.7000,1.8551,1.6117,0.08828,-24.50452,26.35958,0.00000,0
2024576,1.7000,1.8681,1.6109,0.08908,-24.49227,26.36039,0.00000,0
2025076,1.7000,1.8934,1.6093,0.09070,-24.46776,26.36121,0.00000,0
2025576,1.7000,1.8943,1.6093,0.09070,-24.46776,26.36204,0.00000,0
2026076,1.7000,1.9074,1.6085,0.09150,-24.45551,26.36287,0.00000,0
2026576,1.7000,1.8959,1.6093,0.09070,-24.46776,26.36370,0.00000,0
2027076,1.7000,1.8722,1.6109,0.08908,-24.49227,26.36452,0.00000,0
2027576,1.7000,1.8608,1.6117,0.08828,-24.50452,26.36532,0.00000,0
2028076,1.7000,1.8371,1.6133,0.08667,-24.52902,26.36612,0.00000,0
2028576,1.7000,1.8379,1.6133,0.08667,-24.52902,26.36691,0.00000,0
2029076,1.7000,1.8142,1.6149,0.08505,-24.55353,26.36769,0.00000,0
2029576,1.7000,1.8149,1.6149,0.08505,-24.55353,26.36847,0.00000,0
2030076,1.7000,1.8157,1.6149,0.08505,-24.55353,26.36924,0.00000,0
2030576,1.7000,1.8287,1.6141,0.08586,-24.54128,26.37002,0.00000,0
2031076,1.7000,1.8173,1.6149,0.08505,-24.55353,26.37080,0.00000,0
2031576,1.7000,1.8180,1.6149,0.08505,-24.55353,26.37157,0.00000,0
2032076,1.7000,1.7943,1.6166,0.08344,-24.57803,26.37234,0.00000,0
2032576,1.7000,1.7951,1.6166,0.08344,-24.57803,26.37310,0.00000,0
2033076,1.7000,1.8081,1.6158,0.08425,-24.56578,26.37387,0.00000,0
2033576,1.7000,1.7966,1.6166,0.08344,-24.57803,26.37463,0.00000,0
2034076,1.7000,1.7851,1.6174,0.08264,-24.59028,26.37539,0.00000,0
2034576,1.7000,1.7981,1.6166,0.08344,-24.57803,26.37615,0.00000,0
2035076,1.7000,1.7989,1.6166,0.08344,-24.57803,26.37691,0.00000,0
2035576,1.7000,1.7629,1.6190,0.08103,-24.61479,26.37766,0.00000,0
2036076,1.7000,1.7636,1.6190,0.08103,-24.61479,26.37840,0.00000,0
2036576,1.7000,1.7643,1.6190,0.08103,-24.61479,26.37913,0.00000,0
2037076,1.7000,1.7896,1.6174,0.08264,-24.59028,26.37988,0.00000,0
2037576,1.7000,1.7536,1.6198,0.08022,-24.62704,26.38062,0.00000,0
2038076,1.7000,1.7543,1.6198,0.08022,-24.62704,26.38135,0.00000,0
2038576,1.7000,1.7550,1.6198,0.08022,-24.62704,26.38208,0.00000,0
2039076,1.7000,1.7558,1.6198,0.08022,-24.62704,26.38281,0.00000,0
2039576,1.7000,1.7320,1.6214,0.07861,-24.65154,26.38354,0.00000,0
2040076,1.7000,1.7327,1.6214,0.07861,-24.65154,26.38425,0.00000,0
2040576,1.7000,1.7947,1.6174,0.08264,-24.59028,26.38499,0.00000,0
2041076,1.7000,1.7955,1.6174,0.08264,-24.59028,26.38574,0.00000,0
2041576,1.7000,1.8085,1.6166,0.08344,-24.57803,26.38650,0.00000,0
2042076,1.7000,1.8215,1.6158,0.08425,-24.56578,26.38726,0.00000,0
2042576,1.7000,1.8590,1.6133,0.08667,-24.52902,26.38804,0.00000,0
2043076,1.7000,1.8843,1.6117,0.08828,-24.50452,26.38884,0.00000,0
2043576,1.7000,1.9219,1.6093,0.09070,-24.46776,26.38965,0.00000,0
2044076,1.7000,1.8982,1.6109,0.08908,-24.49227,26.39047,0.00000,0
2044576,1.7000,1.8990,1.6109,0.08908,-24.49227,26.39129,0.00000,0
2045076,1.7000,1.8998,1.6109,0.08908,-24.49227,26.39210,0.00000,0
2045576,1.7000,1.8149,1.6166,0.08344,-24.57803,26.39289,0.00000,0
2046076,1.7000,1.8034,1.6174,0.08264,-24.59028,26.39364,0.00000,0
2046576,1.7000,1.7796,1.6190,0.08103,-24.61479,26.39439,0.00000,0
2047076,1.7000,1.7558,1.6206,0.07941,-24.63929,26.39512,0.00000,0
2047576,1.7000,1.7565,1.6206,0.07941,-24.63929,26.39584,0.00000,0
2048076,1.7000,1.8186,1.6166,0.08344,-24.57803,26.39658,0.00000,0
2048576,1.7000,1.7703,1.6198,0.08022,-24.62704,26.39733,0.00000,0
2049076,1.7000,1.8200,1.6166,0.08344,-24.57803,26.39808,0.00000,0
2049576,1.7000,1.8208,1.6166,0.08344,-24.57803,26.39884,0.00000,0
2050076,1.7000,1.8706,1.6133,0.08667,-24.52902,26.39961,0.00000,0
2050576,1.7000,1.9081,1.6109,0.08908,-24.49227,26.40041,0.00000,0
2051076,1.7000,1.8967,1.6117,0.08828,-24.50452,26.40122,0.00000,0
2051576,1.7000,1.8975,1.6117,0.08828,-24.50452,26.40203,0.00000,0
2052076,1.7000,1.8861,1.6125,0.08747,-24.51677,26.40283,0.00000,0
2052576,1.7000,1.8869,1.6125,0.08747,-24.51677,26.40362,0.00000,0
2053076,1.7000,1.8264,1.6166,0.08344,-24.57803,26.40440,0.00000,0
2053576,1.7000,1.8271,1.6166,0.08344,-24.57803,26.40516,0.00000,0
2054076,1.7000,1.7911,1.6190,0.08103,-24.61479,26.40591,0.00000,0
2054576,1.7000,1.7919,1.6190,0.08103,-24.61479,26.40665,0.00000,0
2055076,1.7000,1.7436,1.6222,0.07780,-24.66380,26.40737,0.00000,0
2055576,1.7000,1.7565,1.6214,0.07861,-24.65154,26.40809,0.00000,0
2056076,1.7000,1.7818,1.6198,0.08022,-24.62704,26.40881,0.00000,0
2056576,1.7000,1.7825,1.6198,0.08022,-24.62704,26.40954,0.00000,0
2057076,1.7000,1.7955,1.6190,0.08103,-24.61479,26.41027,0.00000,0
2057576,1.7000,1.8085,1.6182,0.08183,-24.60254,26.41102,0.00000,0
2058076,1.7000,1.7847,1.6198,0.08022,-24.62704,26.41175,0.00000,0
2058576,1.7000,1.8100,1.6182,0.08183,-24.60254,26.41249,0.00000,0
2059076,1.7000,1.8107,1.6182,0.08183,-24.60254,26.41324,0.00000,0
2059576,1.7000,1.8237,1.6174,0.08264,-24.59028,26.41399,0.00000,0
2060076,1.7000,1.8367,1.6166,0.08344,-24.57803,26.41475,0.00000,0
2060576,1.7000,1.8252,1.6174,0.08264,-24.59028,26.41550,0.00000,0
2061076,1.7000,1.8382,1.6166,0.08344,-24.57803,26.41626,0.00000,0
2061576,1.7000,1.8512,1.6158,0.08425,-24.56578,26.41702,0.00000,0
2062076,1.7000,1.8643,1.6149,0.08505,-24.55353,26.41780,0.00000,0
2062576,1.7000,1.8528,1.6158,0.08425,-24.56578,26.41857,0.00000,0
2063076,1.7000,1.8536,1.6158,0.08425,-24.56578,26.41933,0.00000,0
2063576,1.7000,1.8543,1.6158,0.08425,-24.56578,26.42010,0.00000,0
2064076,1.7000,1.8796,1.6141,0.08586,-24.54128,26.42088,0.00000,0
2064576,1.7000,1.8559,1.6158,0.08425,-24.56578,26.42165,0.00000,0
2065076,1.7000,1.8444,1.6166,0.08344,-24.57803,26.42242,0.00000,0
2065576,1.7000,1.8451,1.6166,0.08344,-24.57803,26.42318,0.00000,0
2066076,1.7000,1.8214,1.6182,0.08183,-24.60254,26.42393,0.00000,0
2066576,1.7000,1.7854,1.6206,0.07941,-24.63929,26.42467,0.00000,0
2067076,1.7000,1.7861,1.6206,0.07941,-24.63929,26.42539,0.00000,0
2067576,1.7000,1.7868,1.6206,0.07941,-24.63929,26.42611,0.00000,0
2068076,1.7000,1.7875,1.6206,0.07941,-24.63929,26.42683,0.00000,0
2068576,1.7000,1.7638,1.6222,0.07780,-24.66380,26.42755,0.00000,0
2069076,1.7000,1.7645,1.6222,0.07780,-24.66380,26.42826,0.00000,0
2069576,1.7000,1.8265,1.6182,0.08183,-24.60254,26.42899,0.00000,0
2070076,1.7000,1.8149,1.6190,0.08103,-24.61479,26.42973,0.00000,0
2070576,1.7000,1.8034,1.6198,0.08022,-24.62704,26.43046,0.00000,0
2071076,1.7000,1.8164,1.6190,0.08103,-24.61479,26.43120,0.00000,0
2071576,1.7000,1.8539,1.6166,0.08344,-24.57803,26.43195,0.00000,0
2072076,1.7000,1.8424,1.6174,0.08264,-24.59028,26.43270,0.00000,0
2072576,1.7000,1.8554,1.6166,0.08344,-24.57803,26.43346,0.00000,0
2073076,1.7000,1.8684,1.6158,0.08425,-24.56578,26.43423,0.00000,0
2073576,1.7000,1.8570,1.6166,0.08344,-24.57803,26.43499,0.00000,0
2074076,1.7000,1.8822,1.6149,0.08505,-24.55353,26.43576,0.00000,0
2074576,1.7000,1.8585,1.6166,0.08344,-24.57803,26.43653,0.00000,0
2075076,1.7000,1.8593,1.6166,0.08344,-24.57803,26.43729,0.00000,0
2075576,1.7000,1.8723,1.6158,0.08425,-24.56578,26.43806,0.00000,0
2076076,1.7000,1.8853,1.6149,0.08505,-24.55353,26.43883,0.00000,0
2076576,1.7000,1.8493,1.6174,0.08264,-24.59028,26.43959,0.00000,0
2077076,1.7000,1.8623,1.6166,0.08344,-24.57803,26.44035,0.00000,0
2077576,1.7000,1.8508,1.6174,0.08264,-24.59028,26.44110,0.00000,0
2078076,1.7000,1.8393,1.6182,0.08183,-24.60254,26.44185,0.00000,0
2078576,1.7000,1.8768,1.6158,0.08425,-24.56578,26.44261,0.00000,0
2079076,1.7000,1.8041,1.6206,0.07941,-24.63929,26.44336,0.00000,0
2079576,1.7000,1.7803,1.6222,0.07780,-24.66380,26.44407,0.00000,0
2080076,1.7000,1.7810,1.6222,0.07780,-24.66380,26.44478,0.00000,0
2080576,1.7000,1.7817,1.6222,0.07780,-24.66380,26.44549,0.00000,0
2081076,1.7000,1.7702,1.6230,0.07700,-24.67605,26.44620,0.00000,0
2081576,1.7000,1.7586,1.6238,0.07619,-24.68830,26.44690,0.00000,0
2082076,1.7000,1.7593,1.6238,0.07619,-24.68830,26.44759,0.00000,0
2082576,1.7000,1.7722,1.6230,0.07700,-24.67605,26.44829,0.00000,0
2083076,1.7000,1.7607,1.6238,0.07619,-24.68830,26.44899,0.00000,0
2083576,1.7000,1.7491,1.6246,0.07538,-24.70055,26.44968,0.00000,0
2084076,1.7000,1.7866,1.6222,0.07780,-24.66380,26.45038,0.00000,0
2084576,1.7000,1.8118,1.6206,0.07941,-24.63929,26.45109,0.00000,0
2085076,1.7000,1.8125,1.6206,0.07941,-24.63929,26.45182,0.00000,0
2085576,1.7000,1.7887,1.6222,0.07780,-24.66380,26.45253,0.00000,0
2086076,1.7000,1.7894,1.6222,0.07780,-24.66380,26.45324,0.00000,0
2086576,1.7000,1.8024,1.6214,0.07861,-24.65154,26.45396,0.00000,0
2087076,1.7000,1.7909,1.6222,0.07780,-24.66380,26.45467,0.00000,0
2087576,1.7000,1.7793,1.6230,0.07700,-24.67605,26.45538,0.00000,0
2088076,1.7000,1.7800,1.6230,0.07700,-24.67605,26.45608,0.00000,0
2088576,1.7000,1.7930,1.6222,0.07780,-24.66380,26.45678,0.00000,0
2089076,1.7000,1.7569,1.6246,0.07538,-24.70055,26.45748,0.00000,0
2089576,1.7000,1.7454,1.6254,0.07458,-24.71280,26.45816,0.00000,0
2090076,1.7000,1.7460,1.6254,0.07458,-24.71280,26.45884,0.00000,0
2090576,1.7000,1.7712,1.6238,0.07619,-24.68830,26.45953,0.00000,0
2091076,1.7000,1.7842,1.6230,0.07700,-24.67605,26.46023,0.00000,0
2091576,1.7000,1.8216,1.6206,0.07941,-24.63929,26.46094,0.00000,0
2092076,1.7000,1.8224,1.6206,0.07941,-24.63929,26.46166,0.00000,0
2092576,1.7000,1.8231,1.6206,0.07941,-24.63929,26.46239,0.00000,0
2093076,1.7000,1.8361,1.6198,0.08022,-24.62704,26.46311,0.00000,0
2093576,1.7000,1.8245,1.6206,0.07941,-24.63929,26.46384,0.00000,0
2094076,1.7000,1.8130,1.6214,0.07861,-24.65154,26.46456,0.00000,0
2094576,1.7000,1.8015,1.6222,0.07780,-24.66380,26.46527,0.00000,0
2095076,1.7000,1.8144,1.6214,0.07861,-24.65154,26.46599,0.00000,0
2095576,1.7000,1.8029,1.6222,0.07780,-24.66380,26.46670,0.00000,0
2096076,1.7000,1.7668,1.6246,0.07538,-24.70055,26.46740,0.00000,0
2096576,1.7000,1.7308,1.6270,0.07297,-24.73731,26.46807,0.00000,0
2097076,1.7000,1.7314,1.6270,0.07297,-24.73731,26.46874,0.00000,0
2097576,1.7000,1.7321,1.6270,0.07297,-24.73731,26.46941,0.00000,0
2098076,1.7000,1.7328,1.6270,0.07297,-24.73731,26.47007,0.00000,0
2098576,1.7000,1.7334,1.6270,0.07297,-24.73731,26.47074,0.00000,0
2099076,1.7000,1.7709,1.6246,0.07538,-24.70055,26.47141,0.00000,0
2099576,1.7000,1.7838,1.6238,0.07619,-24.68830,26.47210,0.00000,0
2100076,1.7000,1.7722,1.6246,0.07538,-24.70055,26.47279,0.00000,0
2100576,1.7000,1.7729,1.6246,0.07538,-24.70055,26.47348,0.00000,0
2101076,1.7000,1.7859,1.6238,0.07619,-24.68830,26.47417,0.00000,0
2101576,1.7000,1.7621,1.6254,0.07458,-24.71280,26.47486,0.00000,0
2102076,1.7000,1.7627,1.6254,0.07458,-24.71280,26.47554,0.00000,0
2102576,1.7000,1.7634,1.6254,0.07458,-24.71280,26.47622,0.00000,0
2103076,1.7000,1.7641,1.6254,0.07458,-24.71280,26.47689,0.00000,0
2103576,1.7000,1.7525,1.6262,0.07377,-24.72506,26.47757,0.00000,0
2104076,1.7000,1.7042,1.6295,0.07055,-24.77407,26.47823,0.00000,0
2104576,1.7000,1.7293,1.6278,0.07216,-24.74956,26.47888,0.00000,0
2105076,1.7000,1.7300,1.6278,0.07216,-24.74956,26.47954,0.00000,0
2105576,1.7000,1.7551,1.6262,0.07377,-24.72506,26.48020,0.00000,0
2106076,1.7000,1.7803,1.6246,0.07538,-24.70055,26.48088,0.00000,0
2106576,1.7000,1.7933,1.6238,0.07619,-24.68830,26.48157,0.00000,0
2107076,1.7000,1.7940,1.6238,0.07619,-24.68830,26.48227,0.00000,0
2107576,1.7000,1.7947,1.6238,0.07619,-24.68830,26.48296,0.00000,0
2108076,1.7000,1.7954,1.6238,0.07619,-24.68830,26.48365,0.00000,0
2108576,1.7000,1.8206,1.6222,0.07780,-24.66380,26.48436,0.00000,0
2109076,1.7000,1.8335,1.6214,0.07861,-24.65154,26.48507,0.00000,0
2109576,1.7000,1.8220,1.6222,0.07780,-24.66380,26.48578,0.00000,0
2110076,1.7000,1.7859,1.6246,0.07538,-24.70055,26.48648,0.00000,0
2110576,1.7000,1.7498,1.6270,0.07297,-24.73731,26.48716,0.00000,0
2111076,1.7000,1.7505,1.6270,0.07297,-24.73731,26.48782,0.00000,0
2111576,1.7000,1.7512,1.6270,0.07297,-24.73731,26.48849,0.00000,0
2112076,1.7000,1.7273,1.6286,0.07136,-24.76182,26.48915,0.00000,0
2112576,1.7000,1.7280,1.6286,0.07136,-24.76182,26.48980,0.00000,0
2113076,1.7000,1.7531,1.6270,0.07297,-24.73731,26.49045,0.00000,0
2113576,1.7000,1.7538,1.6270,0.07297,-24.73731,26.49112,0.00000,0
2114076,1.7000,1.7422,1.6278,0.07216,-24.74956,26.49178,0.00000,0
2114576,1.7000,1.7184,1.6295,0.07055,-24.77407,26.49243,0.00000,0
2115076,1.7000,1.7435,1.6278,0.07216,-24.74956,26.49308,0.00000,0
2115576,1.7000,1.7564,1.6270,0.07297,-24.73731,26.49374,0.00000,0
2116076,1.7000,1.7571,1.6270,0.07297,-24.73731,26.49441,0.00000,0
2116576,1.7000,1.7210,1.6295,0.07055,-24.77407,26.49506,0.00000,0
2117076,1.7000,1.7339,1.6286,0.07136,-24.76182,26.49571,0.00000,0
2117576,1.7000,1.7223,1.6295,0.07055,-24.77407,26.49636,0.00000,0
2118076,1.7000,1.6984,1.6311,0.06894,-24.79857,26.49699,0.00000,0
2118576,1.7000,1.6745,1.6327,0.06733,-24.82308,26.49761,0.00000,0
2119076,1.7000,1.7119,1.6303,0.06974,-24.78632,26.49824,0.00000,0
2119576,1.7000,1.7371,1.6286,0.07136,-24.76182,26.49888,0.00000,0
2120076,1.7000,1.7377,1.6286,0.07136,-24.76182,26.49953,0.00000,0
2120576,1.7000,1.7506,1.6278,0.07216,-24.74956,26.50019,0.00000,0
2121076,1.7000,1.7390,1.6286,0.07136,-24.76182,26.50084,0.00000,0
2121576,1.7000,1.7764,1.6262,0.07377,-24.72506,26.50150,0.00000,0
2122076,1.7000,1.8016,1.6246,0.07538,-24.70055,26.50218,0.00000,0
2122576,1.7000,1.8023,1.6246,0.07538,-24.70055,26.50287,0.00000,0
2123076,1.7000,1.7907,1.6254,0.07458,-24.71280,26.50355,0.00000,0
2123576,1.7000,1.8037,1.6246,0.07538,-24.70055,26.50423,0.00000,0
2124076,1.7000,1.7676,1.6270,0.07297,-24.73731,26.50491,0.00000,0
2124576,1.7000,1.7560,1.6278,0.07216,-24.74956,26.50557,0.00000,0
2125076,1.7000,1.7322,1.6295,0.07055,-24.77407,26.50622,0.00000,0
2125576,1.7000,1.7328,1.6295,0.07055,-24.77407,26.50686,0.00000,0
2126076,1.7000,1.7212,1.6303,0.06974,-24.78632,26.50750,0.00000,0
2126576,1.7000,1.7218,1.6303,0.06974,-24.78632,26.50814,0.00000,0
2127076,1.7000,1.6979,1.6319,0.06813,-24.81082,26.50876,0.00000,0
2127576,1.7000,1.6986,1.6319,0.06813,-24.81082,26.50939,0.00000,0
2128076,1.7000,1.6992,1.6319,0.06813,-24.81082,26.51001,0.00000,0
2128576,1.7000,1.7121,1.6311,0.06894,-24.79857,26.51063,0.00000,0
2129076,1.7000,1.7249,1.6303,0.06974,-24.78632,26.51126,0.00000,0
2129576,1.7000,1.7378,1.6295,0.07055,-24.77407,26.51190,0.00000,0
2130076,1.7000,1.7507,1.6286,0.07136,-24.76182,26.51255,0.00000,0
2130576,1.7000,1.7391,1.6295,0.07055,-24.77407,26.51320,0.00000,0
2131076,1.7000,1.7520,1.6286,0.07136,-24.76182,26.51384,0.00000,0
2131576,1.7000,1.7649,1.6278,0.07216,-24.74956,26.51450,0.00000,0
2132076,1.7000,1.7778,1.6270,0.07297,-24.73731,26.51516,0.00000,0
2132576,1.7000,1.7908,1.6262,0.07377,-24.72506,26.51583,0.00000,0
2133076,1.7000,1.7669,1.6278,0.07216,-24.74956,26.51649,0.00000,0
2133576,1.7000,1.7676,1.6278,0.07216,-24.74956,26.51715,0.00000,0
2134076,1.7000,1.7928,1.6262,0.07377,-24.72506,26.51782,0.00000,0
2134576,1.7000,1.7812,1.6270,0.07297,-24.73731,26.51849,0.00000,0
2135076,1.7000,1.7941,1.6262,0.07377,-24.72506,26.51916,0.00000,0
2135576,1.7000,1.8315,1.6238,0.07619,-24.68830,26.51984,0.00000,0
2136076,1.7000,1.8200,1.6246,0.07538,-24.70055,26.52053,0.00000,0
2136576,1.7000,1.8452,1.6230,0.07700,-24.67605,26.52122,0.00000,0
2137076,1.7000,1.8214,1.6246,0.07538,-24.70055,26.52192,0.00000,0
2137576,1.7000,1.8221,1.6246,0.07538,-24.70055,26.52260,0.00000,0
2138076,1.7000,1.8595,1.6222,0.07780,-24.66380,26.52330,0.00000,0
2138576,1.7000,1.8602,1.6222,0.07780,-24.66380,26.52401,0.00000,0
2139076,1.7000,1.8364,1.6238,0.07619,-24.68830,26.52471,0.00000,0
2139576,1.7000,1.8739,1.6214,0.07861,-24.65154,26.52542,0.00000,0
2140076,1.7000,1.8378,1.6238,0.07619,-24.68830,26.52612,0.00000,0
2140576,1.7000,1.7772,1.6278,0.07216,-24.74956,26.52680,0.00000,0
2141076,1.7000,1.7779,1.6278,0.07216,-24.74956,26.52746,0.00000,0
2141576,1.7000,1.7786,1.6278,0.07216,-24.74956,26.52812,0.00000,0
2142076,1.7000,1.7915,1.6270,0.07297,-24.73731,26.52878,0.00000,0
2142576,1.7000,1.7921,1.6270,0.07297,-24.73731,26.52944,0.00000,0
2143076,1.7000,1.7805,1.6278,0.07216,-24.74956,26.53011,0.00000,0
2143576,1.7000,1.7689,1.6286,0.07136,-24.76182,26.53076,0.00000,0
2144076,1.7000,1.7573,1.6295,0.07055,-24.77407,26.53141,0.00000,0
2144576,1.7000,1.7457,1.6303,0.06974,-24.78632,26.53205,0.00000,0
2145076,1.7000,1.7709,1.6286,0.07136,-24.76182,26.53269,0.00000,0
2145576,1.7000,1.7960,1.6270,0.07297,-24.73731,26.53335,0.00000,0
2146076,1.7000,1.8335,1.6246,0.07538,-24.70055,26.53402,0.00000,0
2146576,1.7000,1.8219,1.6254,0.07458,-24.71280,26.53470,0.00000,0
2147076,1.7000,1.8348,1.6246,0.07538,-24.70055,26.53539,0.00000,0
2147576,1.7000,1.8600,1.6230,0.07700,-24.67605,26.53608,0.00000,0
2148076,1.7000,1.8730,1.6222,0.07780,-24.66380,26.53679,0.00000,0
2148576,1.7000,1.8737,1.6222,0.07780,-24.66380,26.53750,0.00000,0
2149076,1.7000,1.8376,1.6246,0.07538,-24.70055,26.53819,0.00000,0
2149576,1.7000,1.8383,1.6246,0.07538,-24.70055,26.53888,0.00000,0
2150076,1.7000,1.8390,1.6246,0.07538,-24.70055,26.53957,0.00000,0
2150576,1.7000,1.7662,1.6295,0.07055,-24.77407,26.54023,0.00000,0
2151076,1.7000,1.7668,1.6295,0.07055,-24.77407,26.54088,0.00000,0
2151576,1.7000,1.7797,1.6286,0.07136,-24.76182,26.54152,0.00000,0
2152076,1.7000,1.7558,1.6303,0.06974,-24.78632,26.54217,0.00000,0
2152576,1.7000,1.7320,1.6319,0.06813,-24.81082,26.54279,0.00000,0
2153076,1.7000,1.7081,1.6335,0.06652,-24.83533,26.54341,0.00000,0
2153576,1.7000,1.7209,1.6327,0.06733,-24.82308,26.54402,0.00000,0
2154076,1.7000,1.7583,1.6303,0.06974,-24.78632,26.54464,0.00000,0
2154576,1.7000,1.7590,1.6303,0.06974,-24.78632,26.54528,0.00000,0
2155076,1.7000,1.7596,1.6303,0.06974,-24.78632,26.54591,0.00000,0
2155576,1.7000,1.8338,1.6254,0.07458,-24.71280,26.54657,0.00000,0
2156076,1.7000,1.8099,1.6270,0.07297,-24.73731,26.54724,0.00000,0
2156576,1.7000,1.7861,1.6286,0.07136,-24.76182,26.54790,0.00000,0
2157076,1.7000,1.7745,1.6295,0.07055,-24.77407,26.54855,0.00000,0
2157576,1.7000,1.7629,1.6303,0.06974,-24.78632,26.54919,0.00000,0
2158076,1.7000,1.7758,1.6295,0.07055,-24.77407,26.54983,0.00000,0
2158576,1.7000,1.7274,1.6327,0.06733,-24.82308,26.55045,0.00000,0
2159076,1.7000,1.7157,1.6335,0.06652,-24.83533,26.55106,0.00000,0
2159576,1.7000,1.7041,1.6343,0.06571,-24.84758,26.55167,0.00000,0
2160076,1.7000,1.6924,1.6351,0.06491,-24.85983,26.55226,0.00000,0
2160576,1.7000,1.6808,1.6359,0.06410,-24.87209,26.55285,0.00000,0
2161076,1.7000,1.6813,1.6359,0.06410,-24.87209,26.55343,0.00000,0
2161576,1.7000,1.6819,1.6359,0.06410,-24.87209,26.55402,0.00000,0
2162076,1.7000,1.6948,1.6351,0.06491,-24.85983,26.55460,0.00000,0
2162576,1.7000,1.7199,1.6335,0.06652,-24.83533,26.55520,0.00000,0
2163076,1.7000,1.7327,1.6327,0.06733,-24.82308,26.55581,0.00000,0
2163576,1.7000,1.7701,1.6303,0.06974,-24.78632,26.55644,0.00000,0
2164076,1.7000,1.7708,1.6303,0.06974,-24.78632,26.55707,0.00000,0
2164576,1.7000,1.7714,1.6303,0.06974,-24.78632,26.55771,0.00000,0
2165076,1.7000,1.7598,1.6311,0.06894,-24.79857,26.55834,0.00000,0
2165576,1.7000,1.7604,1.6311,0.06894,-24.79857,26.55897,0.00000,0
2166076,1.7000,1.7365,1.6327,0.06733,-24.82308,26.55959,0.00000,0
2166576,1.7000,1.7371,1.6327,0.06733,-24.82308,26.56020,0.00000,0
2167076,1.7000,1.7377,1.6327,0.06733,-24.82308,26.56082,0.00000,0
2167576,1.7000,1.7629,1.6311,0.06894,-24.79857,26.56144,0.00000,0
2168076,1.7000,1.7512,1.6319,0.06813,-24.81082,26.56206,0.00000,0
2168576,1.7000,1.7641,1.6311,0.06894,-24.79857,26.56269,0.00000,0
2169076,1.7000,1.7647,1.6311,0.06894,-24.79857,26.56331,0.00000,0
2169576,1.7000,1.8266,1.6270,0.07297,-24.73731,26.56396,0.00000,0
2170076,1.7000,1.8396,1.6262,0.07377,-24.72506,26.56463,0.00000,0
2170576,1.7000,1.8402,1.6262,0.07377,-24.72506,26.56530,0.00000,0
2171076,1.7000,1.8654,1.6246,0.07538,-24.70055,26.56598,0.00000,0
2171576,1.7000,1.8784,1.6238,0.07619,-24.68830,26.56667,0.00000,0
2172076,1.7000,1.8791,1.6238,0.07619,-24.68830,26.56737,0.00000,0
2172576,1.7000,1.8430,1.6262,0.07377,-24.72506,26.56805,0.00000,0
2173076,1.7000,1.8559,1.6254,0.07458,-24.71280,26.56872,0.00000,0
2173576,1.7000,1.8443,1.6262,0.07377,-24.72506,26.56940,0.00000,0
2174076,1.7000,1.8328,1.6270,0.07297,-24.73731,26.57007,0.00000,0
2174576,1.7000,1.7844,1.6303,0.06974,-24.78632,26.57072,0.00000,0
2175076,1.7000,1.7605,1.6319,0.06813,-24.81082,26.57135,0.00000,0
2175576,1.7000,1.7611,1.6319,0.06813,-24.81082,26.57197,0.00000,0
2176076,1.7000,1.7495,1.6327,0.06733,-24.82308,26.57259,0.00000,0
2176576,1.7000,1.7379,1.6335,0.06652,-24.83533,26.57320,0.00000,0
2177076,1.7000,1.7017,1.6359,0.06410,-24.87209,26.57379,0.00000,0
2177576,1.7000,1.7145,1.6351,0.06491,-24.85983,26.57438,0.00000,0
2178076,1.7000,1.6906,1.6367,0.06330,-24.88434,26.57496,0.00000,0
2178576,1.7000,1.6912,1.6367,0.06330,-24.88434,26.57554,0.00000,0
2179076,1.7000,1.7163,1.6351,0.06491,-24.85983,26.57612,0.00000,0
2179576,1.7000,1.7169,1.6351,0.06491,-24.85983,26.57671,0.00000,0
2180076,1.7000,1.7052,1.6359,0.06410,-24.87209,26.57730,0.00000,0
2180576,1.7000,1.7303,1.6343,0.06571,-24.84758,26.57789,0.00000,0
2181076,1.7000,1.7187,1.6351,0.06491,-24.85983,26.57849,0.00000,0
2181576,1.7000,1.7315,1.6343,0.06571,-24.84758,26.57908,0.00000,0
2182076,1.7000,1.7689,1.6319,0.06813,-24.81082,26.57969,0.00000,0
2182576,1.7000,1.7450,1.6335,0.06652,-24.83533,26.58031,0.00000,0
2183076,1.7000,1.7824,1.6311,0.06894,-24.79857,26.58092,0.00000,0
2183576,1.7000,1.7707,1.6319,0.06813,-24.81082,26.58155,0.00000,0
2184076,1.7000,1.7836,1.6311,0.06894,-24.79857,26.58217,0.00000,0
2184576,1.7000,1.7842,1.6311,0.06894,-24.79857,26.58280,0.00000,0
2185076,1.7000,1.8216,1.6286,0.07136,-24.76182,26.58344,0.00000,0
2185576,1.7000,1.8100,1.6295,0.07055,-24.77407,26.58409,0.00000,0
2186076,1.7000,1.8229,1.6286,0.07136,-24.76182,26.58473,0.00000,0
2186576,1.7000,1.8113,1.6295,0.07055,-24.77407,26.58538,0.00000,0
2187076,1.7000,1.8120,1.6295,0.07055,-24.77407,26.58602,0.00000,0
2187576,1.7000,1.8126,1.6295,0.07055,-24.77407,26.58666,0.00000,0
2188076,1.7000,1.7887,1.6311,0.06894,-24.79857,26.58730,0.00000,0
2188576,1.7000,1.7894,1.6311,0.06894,-24.79857,26.58793,0.00000,0
2189076,1.7000,1.7532,1.6335,0.06652,-24.83533,26.58854,0.00000,0
2189576,1.7000,1.7416,1.6343,0.06571,-24.84758,26.58915,0.00000,0
2190076,1.7000,1.7177,1.6359,0.06410,-24.87209,26.58974,0.00000,0
2190576,1.7000,1.7060,1.6367,0.06330,-24.88434,26.59032,0.00000,0
2191076,1.7000,1.6330,1.6415,0.05846,-24.95785,26.59087,0.00000,0
2191576,1.7000,1.6581,1.6399,0.06007,-24.93335,26.59141,0.00000,0
2192076,1.7000,1.6586,1.6399,0.06007,-24.93335,26.59196,0.00000,0
2192576,1.7000,1.6714,1.6391,0.06088,-24.92109,26.59251,0.00000,0
2193076,1.7000,1.6720,1.6391,0.06088,-24.92109,26.59307,0.00000,0
2193576,1.7000,1.6848,1.6383,0.06169,-24.90884,26.59363,0.00000,0
2194076,1.7000,1.7221,1.6359,0.06410,-24.87209,26.59420,0.00000,0
2194576,1.7000,1.7104,1.6367,0.06330,-24.88434,26.59478,0.00000,0
2195076,1.7000,1.6620,1.6399,0.06007,-24.93335,26.59534,0.00000,0
2195576,1.7000,1.6625,1.6399,0.06007,-24.93335,26.59589,0.00000,0
2196076,1.7000,1.7244,1.6359,0.06410,-24.87209,26.59646,0.00000,0
2196576,1.7000,1.7250,1.6359,0.06410,-24.87209,26.59704,0.00000,0
2197076,1.7000,1.7501,1.6343,0.06571,-24.84758,26.59763,0.00000,0
2197576,1.7000,1.7261,1.6359,0.06410,-24.87209,26.59822,0.00000,0
2198076,1.7000,1.7267,1.6359,0.06410,-24.87209,26.59881,0.00000,0
2198576,1.7000,1.7028,1.6375,0.06249,-24.89659,26.59938,0.00000,0
2199076,1.7000,1.7156,1.6367,0.06330,-24.88434,26.59996,0.00000,0
2199576,1.7000,1.7039,1.6375,0.06249,-24.89659,26.60053,0.00000,0
2200076,1.7000,1.7535,1.6343,0.06571,-24.84758,26.60111,0.00000,0
2200576,1.7000,1.7541,1.6343,0.06571,-24.84758,26.60171,0.00000,0
2201076,1.7000,1.7670,1.6335,0.06652,-24.83533,26.60232,0.00000,0
2201576,1.7000,1.7308,1.6359,0.06410,-24.87209,26.60291,0.00000,0
2202076,1.7000,1.7069,1.6375,0.06249,-24.89659,26.60349,0.00000,0
2202576,1.7000,1.7320,1.6359,0.06410,-24.87209,26.60406,0.00000,0
2203076,1.7000,1.7326,1.6359,0.06410,-24.87209,26.60465,0.00000,0
2203576,1.7000,1.7454,1.6351,0.06491,-24.85983,26.60523,0.00000,0
2204076,1.7000,1.6602,1.6407,0.05927,-24.94560,26.60580,0.00000,0
2204576,1.7000,1.6853,1.6391,0.06088,-24.92109,26.60635,0.00000,0
2205076,1.7000,1.6858,1.6391,0.06088,-24.92109,26.60690,0.00000,0
2205576,1.7000,1.7109,1.6375,0.06249,-24.89659,26.60747,0.00000,0
2206076,1.7000,1.6992,1.6383,0.06169,-24.90884,26.60803,0.00000,0
2206576,1.7000,1.6998,1.6383,0.06169,-24.90884,26.60859,0.00000,0
2207076,1.7000,1.7126,1.6375,0.06249,-24.89659,26.60916,0.00000,0
2207576,1.7000,1.7499,1.6351,0.06491,-24.85983,26.60974,0.00000,0
2208076,1.7000,1.7750,1.6335,0.06652,-24.83533,26.61034,0.00000,0
2208576,1.7000,1.8001,1.6319,0.06813,-24.81082,26.61095,0.00000,0
2209076,1.7000,1.8498,1.6286,0.07136,-24.76182,26.61159,0.00000,0
2209576,1.7000,1.8259,1.6303,0.06974,-24.78632,26.61223,0.00000,0
2210076,1.7000,1.8020,1.6319,0.06813,-24.81082,26.61286,0.00000,0
2210576,1.7000,1.7904,1.6327,0.06733,-24.82308,26.61348,0.00000,0
2211076,1.7000,1.8033,1.6319,0.06813,-24.81082,26.61410,0.00000,0
2211576,1.7000,1.8284,1.6303,0.06974,-24.78632,26.61472,0.00000,0
2212076,1.7000,1.8413,1.6295,0.07055,-24.77407,26.61536,0.00000,0
2212576,1.7000,1.7561,1.6351,0.06491,-24.85983,26.61598,0.00000,0
2213076,1.7000,1.7445,1.6359,0.06410,-24.87209,26.61657,0.00000,0
2213576,1.7000,1.7083,1.6383,0.06169,-24.90884,26.61714,0.00000,0
2214076,1.7000,1.7211,1.6375,0.06249,-24.89659,26.61771,0.00000,0
2214576,1.7000,1.7339,1.6367,0.06330,-24.88434,26.61828,0.00000,0
2215076,1.7000,1.7345,1.6367,0.06330,-24.88434,26.61886,0.00000,0
2215576,1.7000,1.7474,1.6359,0.06410,-24.87209,26.61944,0.00000,0
2216076,1.7000,1.7479,1.6359,0.06410,-24.87209,26.62002,0.00000,0
2216576,1.7000,1.7363,1.6367,0.06330,-24.88434,26.62060,0.00000,0
2217076,1.7000,1.7123,1.6383,0.06169,-24.90884,26.62117,0.00000,0
2217576,1.7000,1.7374,1.6367,0.06330,-24.88434,26.62174,0.00000,0
2218076,1.7000,1.7502,1.6359,0.06410,-24.87209,26.62232,0.00000,0
2218576,1.7000,1.7876,1.6335,0.06652,-24.83533,26.62292,0.00000,0
2219076,1.7000,1.8127,1.6319,0.06813,-24.81082,26.62353,0.00000,0
2219576,1.7000,1.8133,1.6319,0.06813,-24.81082,26.62415,0.00000,0
2220076,1.7000,1.8507,1.6295,0.07055,-24.77407,26.62478,0.00000,0
2220576,1.7000,1.8268,1.6311,0.06894,-24.79857,26.62542,0.00000,0
2221076,1.7000,1.8030,1.6327,0.06733,-24.82308,26.62604,0.00000,0
2221576,1.7000,1.8036,1.6327,0.06733,-24.82308,26.62666,0.00000,0
2222076,1.7000,1.7797,1.6343,0.06571,-24.84758,26.62726,0.00000,0
2222576,1.7000,1.7803,1.6343,0.06571,-24.84758,26.62786,0.00000,0
2223076,1.7000,1.7931,1.6335,0.06652,-24.83533,26.62846,0.00000,0
2223576,1.7000,1.7570,1.6359,0.06410,-24.87209,26.62906,0.00000,0
2224076,1.7000,1.7085,1.6391,0.06088,-24.92109,26.62963,0.00000,0
2224576,1.7000,1.7091,1.6391,0.06088,-24.92109,26.63018,0.00000,0
2225076,1.7000,1.6974,1.6399,0.06007,-24.93335,26.63074,0.00000,0
2225576,1.7000,1.7102,1.6391,0.06088,-24.92109,26.63129,0.00000,0
2226076,1.7000,1.7230,1.6383,0.06169,-24.90884,26.63185,0.00000,0
2226576,1.7000,1.6745,1.6415,0.05846,-24.95785,26.63239,0.00000,0
2227076,1.7000,1.6996,1.6399,0.06007,-24.93335,26.63293,0.00000,0
2227576,1.7000,1.7001,1.6399,0.06007,-24.93335,26.63348,0.00000,0
2228076,1.7000,1.6762,1.6415,0.05846,-24.95785,26.63402,0.00000,0
2228576,1.7000,1.6644,1.6423,0.05766,-24.97010,26.63455,0.00000,0
2229076,1.7000,1.6650,1.6423,0.05766,-24.97010,26.63507,0.00000,0
2229576,1.7000,1.6655,1.6423,0.05766,-24.97010,26.63560,0.00000,0
2230076,1.7000,1.6293,1.6448,0.05524,-25.00686,26.63611,0.00000,0
2230576,1.7000,1.6175,1.6456,0.05443,-25.01911,26.63661,0.00000,0
2231076,1.7000,1.6303,1.6448,0.05524,-25.00686,26.63711,0.00000,0
2231576,1.7000,1.6553,1.6432,0.05685,-24.98236,26.63762,0.00000,0
2232076,1.7000,1.6558,1.6432,0.05685,-24.98236,26.63814,0.00000,0
2232576,1.7000,1.6440,1.6440,0.05604,-24.99461,26.63866,0.00000,0
2233076,1.7000,1.6568,1.6432,0.05685,-24.98236,26.63917,0.00000,0
2233576,1.7000,1.6696,1.6423,0.05766,-24.97010,26.63969,0.00000,0
2234076,1.7000,1.6701,1.6423,0.05766,-24.97010,26.64022,0.00000,0
2234576,1.7000,1.6706,1.6423,0.05766,-24.97010,26.64074,0.00000,0
2235076,1.7000,1.7202,1.6391,0.06088,-24.92109,26.64128,0.00000,0
2235576,1.7000,1.7453,1.6375,0.06249,-24.89659,26.64185,0.00000,0
2236076,1.7000,1.7213,1.6391,0.06088,-24.92109,26.64241,0.00000,0
2236576,1.7000,1.7464,1.6375,0.06249,-24.89659,26.64297,0.00000,0
2237076,1.7000,1.7470,1.6375,0.06249,-24.89659,26.64354,0.00000,0
2237576,1.7000,1.7598,1.6367,0.06330,-24.88434,26.64412,0.00000,0
2238076,1.7000,1.7604,1.6367,0.06330,-24.88434,26.64469,0.00000,0
2238576,1.7000,1.7609,1.6367,0.06330,-24.88434,26.64527,0.00000,0
2239076,1.7000,1.7615,1.6367,0.06330,-24.88434,26.64584,0.00000,0
2239576,1.7000,1.7621,1.6367,0.06330,-24.88434,26.64642,0.00000,0
2240076,1.7000,1.7627,1.6367,0.06330,-24.88434,26.64700,0.00000,0
2240576,1.7000,1.7387,1.6383,0.06169,-24.90884,26.64757,0.00000,0
2241076,1.7000,1.7638,1.6367,0.06330,-24.88434,26.64814,0.00000,0
2241576,1.7000,1.7644,1.6367,0.06330,-24.88434,26.64871,0.00000,0
2242076,1.7000,1.7650,1.6367,0.06330,-24.88434,26.64929,0.00000,0
2242576,1.7000,1.7655,1.6367,0.06330,-24.88434,26.64986,0.00000,0
2243076,1.7000,1.7906,1.6351,0.06491,-24.85983,26.65045,0.00000,0
2243576,1.7000,1.7912,1.6351,0.06491,-24.85983,26.65104,0.00000,0
2244076,1.7000,1.8041,1.6343,0.06571,-24.84758,26.65163,0.00000,0
2244576,1.7000,1.8414,1.6319,0.06813,-24.81082,26.65224,0.00000,0
2245076,1.7000,1.8298,1.6327,0.06733,-24.82308,26.65286,0.00000,0
2245576,1.7000,1.8549,1.6311,0.06894,-24.79857,26.65348,0.00000,0
2246076,1.7000,1.8310,1.6327,0.06733,-24.82308,26.65411,0.00000,0
2246576,1.7000,1.8194,1.6335,0.06652,-24.83533,26.65472,0.00000,0
2247076,1.7000,1.8200,1.6335,0.06652,-24.83533,26.65532,0.00000,0
2247576,1.7000,1.8206,1.6335,0.06652,-24.83533,26.65593,0.00000,0
2248076,1.7000,1.7967,1.6351,0.06491,-24.85983,26.65653,0.00000,0
2248576,1.7000,1.7973,1.6351,0.06491,-24.85983,26.65712,0.00000,0
2249076,1.7000,1.8101,1.6343,0.06571,-24.84758,26.65771,0.00000,0
2249576,1.7000,1.8720,1.6303,0.06974,-24.78632,26.65833,0.00000,0
2250076,1.7000,1.8604,1.6311,0.06894,-24.79857,26.65896,0.00000,0
2250576,1.7000,1.8365,1.6327,0.06733,-24.82308,26.65959,0.00000,0
2251076,1.7000,1.8126,1.6343,0.06571,-24.84758,26.66019,0.00000,0
2251576,1.7000,1.8010,1.6351,0.06491,-24.85983,26.66079,0.00000,0
2252076,1.7000,1.8138,1.6343,0.06571,-24.84758,26.66138,0.00000,0
2252576,1.7000,1.8144,1.6343,0.06571,-24.84758,26.66198,0.00000,0
2253076,1.7000,1.8273,1.6335,0.06652,-24.83533,26.66258,0.00000,0
2253576,1.7000,1.8279,1.6335,0.06652,-24.83533,26.66319,0.00000,0
2254076,1.7000,1.8040,1.6351,0.06491,-24.85983,26.66379,0.00000,0
2254576,1.7000,1.7188,1.6407,0.05927,-24.94560,26.66436,0.00000,0
2255076,1.7000,1.7070,1.6415,0.05846,-24.95785,26.66489,0.00000,0
2255576,1.7000,1.7198,1.6407,0.05927,-24.94560,26.66543,0.00000,0
2256076,1.7000,1.7694,1.6375,0.06249,-24.89659,26.66598,0.00000,0
2256576,1.7000,1.7822,1.6367,0.06330,-24.88434,26.66656,0.00000,0
2257076,1.7000,1.7460,1.6391,0.06088,-24.92109,26.66712,0.00000,0
2257576,1.7000,1.7466,1.6391,0.06088,-24.92109,26.66768,0.00000,0
2258076,1.7000,1.7471,1.6391,0.06088,-24.92109,26.66823,0.00000,0
2258576,1.7000,1.7477,1.6391,0.06088,-24.92109,26.66879,0.00000,0
2259076,1.7000,1.7483,1.6391,0.06088,-24.92109,26.66934,0.00000,0
2259576,1.7000,1.7243,1.6407,0.05927,-24.94560,26.66989,0.00000,0
2260076,1.7000,1.7371,1.6399,0.06007,-24.93335,26.67043,0.00000,0
2260576,1.7000,1.6886,1.6432,0.05685,-24.98236,26.67097,0.00000,0
2261076,1.7000,1.6769,1.6440,0.05604,-24.99461,26.67148,0.00000,0
2261576,1.7000,1.6896,1.6432,0.05685,-24.98236,26.67200,0.00000,0
2262076,1.7000,1.6902,1.6432,0.05685,-24.98236,26.67252,0.00000,0
2262576,1.7000,1.6907,1.6432,0.05685,-24.98236,26.67303,0.00000,0
2263076,1.7000,1.7280,1.6407,0.05927,-24.94560,26.67356,0.00000,0
2263576,1.7000,1.7040,1.6423,0.05766,-24.97010,26.67410,0.00000,0
2264076,1.7000,1.7045,1.6423,0.05766,-24.97010,26.67462,0.00000,0
2264576,1.7000,1.7296,1.6407,0.05927,-24.94560,26.67515,0.00000,0
2265076,1.7000,1.7546,1.6391,0.06088,-24.92109,26.67570,0.00000,0
2265576,1.7000,1.7919,1.6367,0.06330,-24.88434,26.67627,0.00000,0
2266076,1.7000,1.7925,1.6367,0.06330,-24.88434,26.67684,0.00000,0
2266576,1.7000,1.7931,1.6367,0.06330,-24.88434,26.67742,0.00000,0
2267076,1.7000,1.7937,1.6367,0.06330,-24.88434,26.67799,0.00000,0
2267576,1.7000,1.7575,1.6391,0.06088,-24.92109,26.67856,0.00000,0
2268076,1.7000,1.7703,1.6383,0.06169,-24.90884,26.67912,0.00000,0
2268576,1.7000,1.7831,1.6375,0.06249,-24.89659,26.67969,0.00000,0
2269076,1.7000,1.7837,1.6375,0.06249,-24.89659,26.68026,0.00000,0
2269576,1.7000,1.7842,1.6375,0.06249,-24.89659,26.68083,0.00000,0
2270076,1.7000,1.7848,1.6375,0.06249,-24.89659,26.68140,0.00000,0
2270576,1.7000,1.7609,1.6391,0.06088,-24.92109,26.68196,0.00000,0
2271076,1.7000,1.7737,1.6383,0.06169,-24.90884,26.68252,0.00000,0
2271576,1.7000,1.7620,1.6391,0.06088,-24.92109,26.68308,0.00000,0
2272076,1.7000,1.7258,1.6415,0.05846,-24.95785,26.68362,0.00000,0
2272576,1.7000,1.7753,1.6383,0.06169,-24.90884,26.68417,0.00000,0
2273076,1.7000,1.7269,1.6415,0.05846,-24.95785,26.68472,0.00000,0
2273576,1.7000,1.7397,1.6407,0.05927,-24.94560,26.68525,0.00000,0
2274076,1.7000,1.7524,1.6399,0.06007,-24.93335,26.68579,0.00000,0
2274576,1.7000,1.7653,1.6391,0.06088,-24.92109,26.68635,0.00000,0
2275076,1.7000,1.7413,1.6407,0.05927,-24.94560,26.68689,0.00000,0
2275576,1.7000,1.7663,1.6391,0.06088,-24.92109,26.68744,0.00000,0
2276076,1.7000,1.7424,1.6407,0.05927,-24.94560,26.68799,0.00000,0
2276576,1.7000,1.7307,1.6415,0.05846,-24.95785,26.68852,0.00000,0
2277076,1.7000,1.7557,1.6399,0.06007,-24.93335,26.68906,0.00000,0
2277576,1.7000,1.7440,1.6407,0.05927,-24.94560,26.68961,0.00000,0
2278076,1.7000,1.7568,1.6399,0.06007,-24.93335,26.69015,0.00000,0
2278576,1.7000,1.7451,1.6407,0.05927,-24.94560,26.69069,0.00000,0
2279076,1.7000,1.7211,1.6423,0.05766,-24.97010,26.69123,0.00000,0
2279576,1.7000,1.7094,1.6432,0.05685,-24.98236,26.69175,0.00000,0
2280076,1.7000,1.7099,1.6432,0.05685,-24.98236,26.69227,0.00000,0
2280576,1.7000,1.6859,1.6448,0.05524,-25.00686,26.69278,0.00000,0
2281076,1.7000,1.6987,1.6440,0.05604,-24.99461,26.69329,0.00000,0
2281576,1.7000,1.6992,1.6440,0.05604,-24.99461,26.69380,0.00000,0
2282076,1.7000,1.6874,1.6448,0.05524,-25.00686,26.69431,0.00000,0
2282576,1.7000,1.6757,1.6456,0.05443,-25.01911,26.69481,0.00000,0
2283076,1.7000,1.6394,1.6480,0.05201,-25.05587,26.69529,0.00000,0
2283576,1.7000,1.6399,1.6480,0.05201,-25.05587,26.69576,0.00000,0
2284076,1.7000,1.6404,1.6480,0.05201,-25.05587,26.69624,0.00000,0
2284576,1.7000,1.6408,1.6480,0.05201,-25.05587,26.69671,0.00000,0
2285076,1.7000,1.6413,1.6480,0.05201,-25.05587,26.69719,0.00000,0
2285576,1.7000,1.6786,1.6456,0.05443,-25.01911,26.69767,0.00000,0
2286076,1.7000,1.6668,1.6464,0.05363,-25.03136,26.69817,0.00000,0
2286576,1.7000,1.6795,1.6456,0.05443,-25.01911,26.69866,0.00000,0
2287076,1.7000,1.6800,1.6456,0.05443,-25.01911,26.69915,0.00000,0
2287576,1.7000,1.6683,1.6464,0.05363,-25.03136,26.69965,0.00000,0
2288076,1.7000,1.6933,1.6448,0.05524,-25.00686,26.70014,0.00000,0
2288576,1.7000,1.6815,1.6456,0.05443,-25.01911,26.70064,0.00000,0
2289076,1.7000,1.6943,1.6448,0.05524,-25.00686,26.70114,0.00000,0
2289576,1.7000,1.6948,1.6448,0.05524,-25.00686,26.70164,0.00000,0
2290076,1.7000,1.7075,1.6440,0.05604,-24.99461,26.70215,0.00000,0
2290576,1.7000,1.7081,1.6440,0.05604,-24.99461,26.70266,0.00000,0
2291076,1.7000,1.7331,1.6423,0.05766,-24.97010,26.70318,0.00000,0
2291576,1.7000,1.7336,1.6423,0.05766,-24.97010,26.70371,0.00000,0
2292076,1.7000,1.7464,1.6415,0.05846,-24.95785,26.70424,0.00000,0
2292576,1.7000,1.7592,1.6407,0.05927,-24.94560,26.70477,0.00000,0
2293076,1.7000,1.7720,1.6399,0.06007,-24.93335,26.70531,0.00000,0
2293576,1.7000,1.8093,1.6375,0.06249,-24.89659,26.70587,0.00000,0
2294076,1.7000,1.7853,1.6391,0.06088,-24.92109,26.70644,0.00000,0
2294576,1.7000,1.7859,1.6391,0.06088,-24.92109,26.70699,0.00000,0
2295076,1.7000,1.7987,1.6383,0.06169,-24.90884,26.70755,0.00000,0
2295576,1.7000,1.7993,1.6383,0.06169,-24.90884,26.70811,0.00000,0
2296076,1.7000,1.7753,1.6399,0.06007,-24.93335,26.70867,0.00000,0
2296576,1.7000,1.7759,1.6399,0.06007,-24.93335,26.70922,0.00000,0
2297076,1.7000,1.7764,1.6399,0.06007,-24.93335,26.70976,0.00000,0
2297576,1.7000,1.8015,1.6383,0.06169,-24.90884,26.71032,0.00000,0
2298076,1.7000,1.7898,1.6391,0.06088,-24.92109,26.71088,0.00000,0
2298576,1.7000,1.7903,1.6391,0.06088,-24.92109,26.71143,0.00000,0
2299076,1.7000,1.7909,1.6391,0.06088,-24.92109,26.71199,0.00000,0
2299576,1.7000,1.7669,1.6407,0.05927,-24.94560,26.71253,0.00000,0
2300076,1.7000,1.7675,1.6407,0.05927,-24.94560,26.71307,0.00000,0
2300576,1.7000,1.7680,1.6407,0.05927,-24.94560,26.71361,0.00000,0
2301076,1.7000,1.7808,1.6399,0.06007,-24.93335,26.71416,0.00000,0
2301576,1.7000,1.7568,1.6415,0.05846,-24.95785,26.71470,0.00000,0
2302076,1.7000,1.7696,1.6407,0.05927,-24.94560,26.71523,0.00000,0
2302576,1.7000,1.7457,1.6423,0.05766,-24.97010,26.71576,0.00000,0
2303076,1.7000,1.7462,1.6423,0.05766,-24.97010,26.71629,0.00000,0
2303576,1.7000,1.7712,1.6407,0.05927,-24.94560,26.71682,0.00000,0
2304076,1.7000,1.7350,1.6432,0.05685,-24.98236,26.71735,0.00000,0
2304576,1.7000,1.7355,1.6432,0.05685,-24.98236,26.71787,0.00000,0
2305076,1.7000,1.7360,1.6432,0.05685,-24.98236,26.71839,0.00000,0
2305576,1.7000,1.7365,1.6432,0.05685,-24.98236,26.71891,0.00000,0
2306076,1.7000,1.7371,1.6432,0.05685,-24.98236,26.71943,0.00000,0
2306576,1.7000,1.7621,1.6415,0.05846,-24.95785,26.71995,0.00000,0
2307076,1.7000,1.7381,1.6432,0.05685,-24.98236,26.72047,0.00000,0
2307576,1.7000,1.7386,1.6432,0.05685,-24.98236,26.72099,0.00000,0
2308076,1.7000,1.7514,1.6423,0.05766,-24.97010,26.72152,0.00000,0
2308576,1.7000,1.7519,1.6423,0.05766,-24.97010,26.72204,0.00000,0
2309076,1.7000,1.7770,1.6407,0.05927,-24.94560,26.72257,0.00000,0
2309576,1.7000,1.7775,1.6407,0.05927,-24.94560,26.72311,0.00000,0
2310076,1.7000,1.7781,1.6407,0.05927,-24.94560,26.72365,0.00000,0
2310576,1.7000,1.7541,1.6423,0.05766,-24.97010,26.72418,0.00000,0
2311076,1.7000,1.7669,1.6415,0.05846,-24.95785,26.72471,0.00000,0
2311576,1.7000,1.7551,1.6423,0.05766,-24.97010,26.72524,0.00000,0
2312076,1.7000,1.7679,1.6415,0.05846,-24.95785,26.72577,0.00000,0
2312576,1.7000,1.7807,1.6407,0.05927,-24.94560,26.72631,0.00000,0
2313076,1.7000,1.7812,1.6407,0.05927,-24.94560,26.72684,0.00000,0
2313576,1.7000,1.7695,1.6415,0.05846,-24.95785,26.72738,0.00000,0
2314076,1.7000,1.7701,1.6415,0.05846,-24.95785,26.72791,0.00000,0
2314576,1.7000,1.7706,1.6415,0.05846,-24.95785,26.72845,0.00000,0
2315076,1.7000,1.7834,1.6407,0.05927,-24.94560,26.72898,0.00000,0
2315576,1.7000,1.8207,1.6383,0.06169,-24.90884,26.72953,0.00000,0
2316076,1.7000,1.7845,1.6407,0.05927,-24.94560,26.73008,0.00000,0
2316576,1.7000,1.7483,1.6432,0.05685,-24.98236,26.73061,0.00000,0
2317076,1.7000,1.7488,1.6432,0.05685,-24.98236,26.73113,0.00000,0
2317576,1.7000,1.7493,1.6432,0.05685,-24.98236,26.73165,0.00000,0
2318076,1.7000,1.6885,1.6472,0.05282,-25.04362,26.73215,0.00000,0
2318576,1.7000,1.7258,1.6448,0.05524,-25.00686,26.73264,0.00000,0
2319076,1.7000,1.7385,1.6440,0.05604,-24.99461,26.73315,0.00000,0
2319576,1.7000,1.7513,1.6432,0.05685,-24.98236,26.73366,0.00000,0
2320076,1.7000,1.7273,1.6448,0.05524,-25.00686,26.73417,0.00000,0
2320576,1.7000,1.7278,1.6448,0.05524,-25.00686,26.73468,0.00000,0
2321076,1.7000,1.7651,1.6423,0.05766,-24.97010,26.73519,0.00000,0
2321576,1.7000,1.8024,1.6399,0.06007,-24.93335,26.73573,0.00000,0
2322076,1.7000,1.8029,1.6399,0.06007,-24.93335,26.73628,0.00000,0
2322576,1.7000,1.8035,1.6399,0.06007,-24.93335,26.73682,0.00000,0
2323076,1.7000,1.8531,1.6367,0.06330,-24.88434,26.73739,0.00000,0
2323576,1.7000,1.8169,1.6391,0.06088,-24.92109,26.73795,0.00000,0
2324076,1.7000,1.8297,1.6383,0.06169,-24.90884,26.73851,0.00000,0
2324576,1.7000,1.8302,1.6383,0.06169,-24.90884,26.73907,0.00000,0
2325076,1.7000,1.8308,1.6383,0.06169,-24.90884,26.73964,0.00000,0
2325576,1.7000,1.7946,1.6407,0.05927,-24.94560,26.74019,0.00000,0
2326076,1.7000,1.7584,1.6432,0.05685,-24.98236,26.74072,0.00000,0
2326576,1.7000,1.7711,1.6423,0.05766,-24.97010,26.74124,0.00000,0
2327076,1.7000,1.7349,1.6448,0.05524,-25.00686,26.74175,0.00000,0
2327576,1.7000,1.7231,1.6456,0.05443,-25.01911,26.74225,0.00000,0
2328076,1.7000,1.6869,1.6480,0.05201,-25.05587,26.74274,0.00000,0
2328576,1.7000,1.6628,1.6496,0.05040,-25.08037,26.74321,0.00000,0
2329076,1.7000,1.5898,1.6544,0.04557,-25.15389,26.74364,0.00000,0
2329576,1.7000,1.5779,1.6552,0.04476,-25.16614,26.74405,0.00000,0
2330076,1.7000,1.5661,1.6560,0.04396,-25.17839,26.74446,0.00000,0
2330576,1.7000,1.5910,1.6544,0.04557,-25.15389,26.74487,0.00000,0
2331076,1.7000,1.6282,1.6520,0.04799,-25.11713,26.74529,0.00000,0
2331576,1.7000,1.5796,1.6552,0.04476,-25.16614,26.74572,0.00000,0
2332076,1.7000,1.6045,1.6536,0.04637,-25.14164,26.74613,0.00000,0
2332576,1.7000,1.6172,1.6528,0.04718,-25.12938,26.74656,0.00000,0
2333076,1.7000,1.6666,1.6496,0.05040,-25.08037,26.74701,0.00000,0
2333576,1.7000,1.6793,1.6488,0.05121,-25.06812,26.74747,0.00000,0
2334076,1.7000,1.7533,1.6440,0.05604,-24.99461,26.74796,0.00000,0
2334576,1.7000,1.7661,1.6432,0.05685,-24.98236,26.74847,0.00000,0
2335076,1.7000,1.7789,1.6423,0.05766,-24.97010,26.74899,0.00000,0
2335576,1.7000,1.7426,1.6448,0.05524,-25.00686,26.74951,0.00000,0
2336076,1.7000,1.7186,1.6464,0.05363,-25.03136,26.75001,0.00000,0
2336576,1.7000,1.7559,1.6440,0.05604,-24.99461,26.75051,0.00000,0
2337076,1.7000,1.7564,1.6440,0.05604,-24.99461,26.75102,0.00000,0
2337576,1.7000,1.7692,1.6432,0.05685,-24.98236,26.75153,0.00000,0
2338076,1.7000,1.7574,1.6440,0.05604,-24.99461,26.75205,0.00000,0
2338576,1.7000,1.7212,1.6464,0.05363,-25.03136,26.75255,0.00000,0
2339076,1.7000,1.6849,1.6488,0.05121,-25.06812,26.75302,0.00000,0
2339576,1.7000,1.6731,1.6496,0.05040,-25.08037,26.75349,0.00000,0
2340076,1.7000,1.6858,1.6488,0.05121,-25.06812,26.75395,0.00000,0
2340576,1.7000,1.7108,1.6472,0.05282,-25.04362,26.75443,0.00000,0
2341076,1.7000,1.7481,1.6448,0.05524,-25.00686,26.75492,0.00000,0
2341576,1.7000,1.6995,1.6480,0.05201,-25.05587,26.75541,0.00000,0
2342076,1.7000,1.7000,1.6480,0.05201,-25.05587,26.75588,0.00000,0
2342576,1.7000,1.6882,1.6488,0.05121,-25.06812,26.75635,0.00000,0
2343076,1.7000,1.6887,1.6488,0.05121,-25.06812,26.75682,0.00000,0
2343576,1.7000,1.7137,1.6472,0.05282,-25.04362,26.75729,0.00000,0
2344076,1.7000,1.7142,1.6472,0.05282,-25.04362,26.75777,0.00000,0
2344576,1.7000,1.7269,1.6464,0.05363,-25.03136,26.75826,0.00000,0
2345076,1.7000,1.7274,1.6464,0.05363,-25.03136,26.75875,0.00000,0
2345576,1.7000,1.7401,1.6456,0.05443,-25.01911,26.75924,0.00000,0
2346076,1.7000,1.7529,1.6448,0.05524,-25.00686,26.75974,0.00000,0
2346576,1.7000,1.7779,1.6432,0.05685,-24.98236,26.76025,0.00000,0
2347076,1.7000,1.7784,1.6432,0.05685,-24.98236,26.76077,0.00000,0
2347576,1.7000,1.7544,1.6448,0.05524,-25.00686,26.76128,0.00000,0
2348076,1.7000,1.7427,1.6456,0.05443,-25.01911,26.76178,0.00000,0
2348576,1.7000,1.7799,1.6432,0.05685,-24.98236,26.76229,0.00000,0
2349076,1.7000,1.7437,1.6456,0.05443,-25.01911,26.76279,0.00000,0
2349576,1.7000,1.7442,1.6456,0.05443,-25.01911,26.76329,0.00000,0
2350076,1.7000,1.7447,1.6456,0.05443,-25.01911,26.76379,0.00000,0
2350576,1.7000,1.7084,1.6480,0.05201,-25.05587,26.76427,0.00000,0
2351076,1.7000,1.6966,1.6488,0.05121,-25.06812,26.76474,0.00000,0
2351576,1.7000,1.6971,1.6488,0.05121,-25.06812,26.76521,0.00000,0
2352076,1.7000,1.6608,1.6512,0.04879,-25.10488,26.76567,0.00000,0
2352576,1.7000,1.7225,1.6472,0.05282,-25.04362,26.76613,0.00000,0
2353076,1.7000,1.7352,1.6464,0.05363,-25.03136,26.76661,0.00000,0
2353576,1.7000,1.7602,1.6448,0.05524,-25.00686,26.76711,0.00000,0
2354076,1.7000,1.7730,1.6440,0.05604,-24.99461,26.76762,0.00000,0
2354576,1.7000,1.7613,1.6448,0.05524,-25.00686,26.76812,0.00000,0
2355076,1.7000,1.7373,1.6464,0.05363,-25.03136,26.76862,0.00000,0
2355576,1.7000,1.7623,1.6448,0.05524,-25.00686,26.76912,0.00000,0
2356076,1.7000,1.7628,1.6448,0.05524,-25.00686,26.76962,0.00000,0
2356576,1.7000,1.7878,1.6432,0.05685,-24.98236,26.77013,0.00000,0
2357076,1.7000,1.8005,1.6423,0.05766,-24.97010,26.77065,0.00000,0
2357576,1.7000,1.7643,1.6448,0.05524,-25.00686,26.77117,0.00000,0
2358076,1.7000,1.7648,1.6448,0.05524,-25.00686,26.77167,0.00000,0
2358576,1.7000,1.7408,1.6464,0.05363,-25.03136,26.77217,0.00000,0
2359076,1.7000,1.7658,1.6448,0.05524,-25.00686,26.77266,0.00000,0
2359576,1.7000,1.7786,1.6440,0.05604,-24.99461,26.77317,0.00000,0
2360076,1.7000,1.8158,1.6415,0.05846,-24.95785,26.77369,0.00000,0
2360576,1.7000,1.8164,1.6415,0.05846,-24.95785,26.77423,0.00000,0
2361076,1.7000,1.8169,1.6415,0.05846,-24.95785,26.77476,0.00000,0
2361576,1.7000,1.8174,1.6415,0.05846,-24.95785,26.77529,0.00000,0
2362076,1.7000,1.8915,1.6367,0.06330,-24.88434,26.77584,0.00000,0
2362576,1.7000,1.8921,1.6367,0.06330,-24.88434,26.77642,0.00000,0
2363076,1.7000,1.8436,1.6399,0.06007,-24.93335,26.77698,0.00000,0
2363576,1.7000,1.8564,1.6391,0.06088,-24.92109,26.77753,0.00000,0
2364076,1.7000,1.8325,1.6407,0.05927,-24.94560,26.77808,0.00000,0
2364576,1.7000,1.7963,1.6432,0.05685,-24.98236,26.77861,0.00000,0
2365076,1.7000,1.7968,1.6432,0.05685,-24.98236,26.77913,0.00000,0
2365576,1.7000,1.7850,1.6440,0.05604,-24.99461,26.77964,0.00000,0
2366076,1.7000,1.7855,1.6440,0.05604,-24.99461,26.78016,0.00000,0
2366576,1.7000,1.7983,1.6432,0.05685,-24.98236,26.78067,0.00000,0
2367076,1.7000,1.7376,1.6472,0.05282,-25.04362,26.78117,0.00000,0
2367576,1.7000,1.7258,1.6480,0.05201,-25.05587,26.78165,0.00000,0
2368076,1.7000,1.7630,1.6456,0.05443,-25.01911,26.78213,0.00000,0
2368576,1.7000,1.7513,1.6464,0.05363,-25.03136,26.78262,0.00000,0
2369076,1.7000,1.7763,1.6448,0.05524,-25.00686,26.78312,0.00000,0
2369576,1.7000,1.7890,1.6440,0.05604,-24.99461,26.78363,0.00000,0
2370076,1.7000,1.7282,1.6480,0.05201,-25.05587,26.78412,0.00000,0
2370576,1.7000,1.7287,1.6480,0.05201,-25.05587,26.78459,0.00000,0
2371076,1.7000,1.7169,1.6488,0.05121,-25.06812,26.78506,0.00000,0
2371576,1.7000,1.7052,1.6496,0.05040,-25.08037,26.78553,0.00000,0
2372076,1.7000,1.7179,1.6488,0.05121,-25.06812,26.78599,0.00000,0
2372576,1.7000,1.7306,1.6480,0.05201,-25.05587,26.78646,0.00000,0
2373076,1.7000,1.7556,1.6464,0.05363,-25.03136,26.78694,0.00000,0
2373576,1.7000,1.7683,1.6456,0.05443,-25.01911,26.78744,0.00000,0
2374076,1.7000,1.7688,1.6456,0.05443,-25.01911,26.78793,0.00000,0
2374576,1.7000,1.7693,1.6456,0.05443,-25.01911,26.78843,0.00000,0
2375076,1.7000,1.8311,1.6415,0.05846,-24.95785,26.78894,0.00000,0
2375576,1.7000,1.8439,1.6407,0.05927,-24.94560,26.78948,0.00000,0
2376076,1.7000,1.8812,1.6383,0.06169,-24.90884,26.79003,0.00000,0
2376576,1.7000,1.8818,1.6383,0.06169,-24.90884,26.79059,0.00000,0
2377076,1.7000,1.8455,1.6407,0.05927,-24.94560,26.79114,0.00000,0
2377576,1.7000,1.8461,1.6407,0.05927,-24.94560,26.79168,0.00000,0
2378076,1.7000,1.8466,1.6407,0.05927,-24.94560,26.79222,0.00000,0
2378576,1.7000,1.7981,1.6440,0.05604,-24.99461,26.79275,0.00000,0
2379076,1.7000,1.8354,1.6415,0.05846,-24.95785,26.79327,0.00000,0
2379576,1.7000,1.8727,1.6391,0.06088,-24.92109,26.79381,0.00000,0
2380076,1.7000,1.8733,1.6391,0.06088,-24.92109,26.79437,0.00000,0
2380576,1.7000,1.8371,1.6415,0.05846,-24.95785,26.79491,0.00000,0
2381076,1.7000,1.8008,1.6440,0.05604,-24.99461,26.79543,0.00000,0
2381576,1.7000,1.8013,1.6440,0.05604,-24.99461,26.79595,0.00000,0
2382076,1.7000,1.8264,1.6423,0.05766,-24.97010,26.79646,0.00000,0
2382576,1.7000,1.8024,1.6440,0.05604,-24.99461,26.79698,0.00000,0
2383076,1.7000,1.8029,1.6440,0.05604,-24.99461,26.79749,0.00000,0
2383576,1.7000,1.8034,1.6440,0.05604,-24.99461,26.79801,0.00000,0
2384076,1.7000,1.7426,1.6480,0.05201,-25.05587,26.79850,0.00000,0
2384576,1.7000,1.7186,1.6496,0.05040,-25.08037,26.79897,0.00000,0
2385076,1.7000,1.6700,1.6528,0.04718,-25.12938,26.79941,0.00000,0
2385576,1.7000,1.6705,1.6528,0.04718,-25.12938,26.79984,0.00000,0
2386076,1.7000,1.6464,1.6544,0.04557,-25.15389,26.80026,0.00000,0
2386576,1.7000,1.6223,1.6560,0.04396,-25.17839,26.80067,0.00000,0
2387076,1.7000,1.6104,1.6568,0.04315,-25.19065,26.80107,0.00000,0
2387576,1.7000,1.6231,1.6560,0.04396,-25.17839,26.80146,0.00000,0
2388076,1.7000,1.5990,1.6577,0.04234,-25.20290,26.80186,0.00000,0
2388576,1.7000,1.6239,1.6560,0.04396,-25.17839,26.80225,0.00000,0
2389076,1.7000,1.6365,1.6552,0.04476,-25.16614,26.80265,0.00000,0
2389576,1.7000,1.6737,1.6528,0.04718,-25.12938,26.80307,0.00000,0
2390076,1.7000,1.7109,1.6504,0.04960,-25.09263,26.80351,0.00000,0
2390576,1.7000,1.7236,1.6496,0.05040,-25.08037,26.80397,0.00000,0
2391076,1.7000,1.7976,1.6448,0.05524,-25.00686,26.80445,0.00000,0
2391576,1.7000,1.7736,1.6464,0.05363,-25.03136,26.80495,0.00000,0
2392076,1.7000,1.7863,1.6456,0.05443,-25.01911,26.80544,0.00000,0
2392576,1.7000,1.7623,1.6472,0.05282,-25.04362,26.80593,0.00000,0
2393076,1.7000,1.7628,1.6472,0.05282,-25.04362,26.80641,0.00000,0
2393576,1.7000,1.7388,1.6488,0.05121,-25.06812,26.80688,0.00000,0
2394076,1.7000,1.7392,1.6488,0.05121,-25.06812,26.80735,0.00000,0
2394576,1.7000,1.6907,1.6520,0.04799,-25.11713,26.80780,0.00000,0
2395076,1.7000,1.6911,1.6520,0.04799,-25.11713,26.80824,0.00000,0
2395576,1.7000,1.6793,1.6528,0.04718,-25.12938,26.80867,0.00000,0
2396076,1.7000,1.6675,1.6536,0.04637,-25.14164,26.80910,0.00000,0
2396576,1.7000,1.7047,1.6512,0.04879,-25.10488,26.80953,0.00000,0
2397076,1.7000,1.6928,1.6520,0.04799,-25.11713,26.80997,0.00000,0
2397576,1.7000,1.7055,1.6512,0.04879,-25.10488,26.81041,0.00000,0
2398076,1.7000,1.7182,1.6504,0.04960,-25.09263,26.81086,0.00000,0
2398576,1.7000,1.7555,1.6480,0.05201,-25.05587,26.81133,0.00000,0
2399076,1.7000,1.7437,1.6488,0.05121,-25.06812,26.81180,0.00000,0
2399576,1.7000,1.7687,1.6472,0.05282,-25.04362,26.81227,0.00000,0
2400076,1.7000,1.7691,1.6472,0.05282,-25.04362,26.81275,0.00000,0
2400576,1.7000,1.7819,1.6464,0.05363,-25.03136,26.81324,0.00000,0
2401076,1.7000,1.8314,1.6432,0.05685,-24.98236,26.81374,0.00000,0
2401576,1.7000,1.8442,1.6423,0.05766,-24.97010,26.81426,0.00000,0
2402076,1.7000,1.8569,1.6415,0.05846,-24.95785,26.81479,0.00000,0
2402576,1.7000,1.8697,1.6407,0.05927,-24.94560,26.81533,0.00000,0
2403076,1.7000,1.8458,1.6423,0.05766,-24.97010,26.81586,0.00000,0
2403576,1.7000,1.8218,1.6440,0.05604,-24.99461,26.81638,0.00000,0
2404076,1.7000,1.8100,1.6448,0.05524,-25.00686,26.81688,0.00000,0
2404576,1.7000,1.8105,1.6448,0.05524,-25.00686,26.81739,0.00000,0
2405076,1.7000,1.7865,1.6464,0.05363,-25.03136,26.81788,0.00000,0
2405576,1.7000,1.7380,1.6496,0.05040,-25.08037,26.81836,0.00000,0
2406076,1.7000,1.6894,1.6528,0.04718,-25.12938,26.81880,0.00000,0
2406576,1.7000,1.6531,1.6552,0.04476,-25.16614,26.81922,0.00000,0
2407076,1.7000,1.6657,1.6544,0.04557,-25.15389,26.81964,0.00000,0
2407576,1.7000,1.6662,1.6544,0.04557,-25.15389,26.82005,0.00000,0
2408076,1.7000,1.6911,1.6528,0.04718,-25.12938,26.82047,0.00000,0
2408576,1.7000,1.6793,1.6536,0.04637,-25.14164,26.82090,0.00000,0
2409076,1.7000,1.7042,1.6520,0.04799,-25.11713,26.82133,0.00000,0
2409576,1.7000,1.6801,1.6536,0.04637,-25.14164,26.82176,0.00000,0
2410076,1.7000,1.7173,1.6512,0.04879,-25.10488,26.82219,0.00000,0
2410576,1.7000,1.7300,1.6504,0.04960,-25.09263,26.82264,0.00000,0
2411076,1.7000,1.7060,1.6520,0.04799,-25.11713,26.82309,0.00000,0
2411576,1.7000,1.7064,1.6520,0.04799,-25.11713,26.82352,0.00000,0
2412076,1.7000,1.6823,1.6536,0.04637,-25.14164,26.82395,0.00000,0
2412576,1.7000,1.6705,1.6544,0.04557,-25.15389,26.82437,0.00000,0
2413076,1.7000,1.6954,1.6528,0.04718,-25.12938,26.82479,0.00000,0
2413576,1.7000,1.7326,1.6504,0.04960,-25.09263,26.82524,0.00000,0
2414076,1.7000,1.7331,1.6504,0.04960,-25.09263,26.82569,0.00000,0
2414576,1.7000,1.7580,1.6488,0.05121,-25.06812,26.82615,0.00000,0
2415076,1.7000,1.7217,1.6512,0.04879,-25.10488,26.82660,0.00000,0
2415576,1.7000,1.7222,1.6512,0.04879,-25.10488,26.82705,0.00000,0
2416076,1.7000,1.7594,1.6488,0.05121,-25.06812,26.82750,0.00000,0
2416576,1.7000,1.7844,1.6472,0.05282,-25.04362,26.82798,0.00000,0
2417076,1.7000,1.8094,1.6456,0.05443,-25.01911,26.82847,0.00000,0
2417576,1.7000,1.8344,1.6440,0.05604,-24.99461,26.82897,0.00000,0
2418076,1.7000,1.7981,1.6464,0.05363,-25.03136,26.82947,0.00000,0
2418576,1.7000,1.7986,1.6464,0.05363,-25.03136,26.82996,0.00000,0
2419076,1.7000,1.7746,1.6480,0.05201,-25.05587,26.83044,0.00000,0
2419576,1.7000,1.7873,1.6472,0.05282,-25.04362,26.83092,0.00000,0
2420076,1.7000,1.8368,1.6440,0.05604,-24.99461,26.83141,0.00000,0
2420576,1.7000,1.8005,1.6464,0.05363,-25.03136,26.83191,0.00000,0
2421076,1.7000,1.8010,1.6464,0.05363,-25.03136,26.83240,0.00000,0
2421576,1.7000,1.8015,1.6464,0.05363,-25.03136,26.83289,0.00000,0
2422076,1.7000,1.8020,1.6464,0.05363,-25.03136,26.83338,0.00000,0
2422576,1.7000,1.7902,1.6472,0.05282,-25.04362,26.83386,0.00000,0
2423076,1.7000,1.7907,1.6472,0.05282,-25.04362,26.83434,0.00000,0
2423576,1.7000,1.7912,1.6472,0.05282,-25.04362,26.83482,0.00000,0
2424076,1.7000,1.8039,1.6464,0.05363,-25.03136,26.83531,0.00000,0
2424576,1.7000,1.7677,1.6488,0.05121,-25.06812,26.83578,0.00000,0
2425076,1.7000,1.8049,1.6464,0.05363,-25.03136,26.83626,0.00000,0
2425576,1.7000,1.8422,1.6440,0.05604,-24.99461,26.83676,0.00000,0
2426076,1.7000,1.8427,1.6440,0.05604,-24.99461,26.83727,0.00000,0
2426576,1.7000,1.8187,1.6456,0.05443,-25.01911,26.83777,0.00000,0
2427076,1.7000,1.8069,1.6464,0.05363,-25.03136,26.83827,0.00000,0
2427576,1.7000,1.8442,1.6440,0.05604,-24.99461,26.83877,0.00000,0
2428076,1.7000,1.8692,1.6423,0.05766,-24.97010,26.83928,0.00000,0
2428576,1.7000,1.8207,1.6456,0.05443,-25.01911,26.83980,0.00000,0
2429076,1.7000,1.7722,1.6488,0.05121,-25.06812,26.84028,0.00000,0
2429576,1.7000,1.7849,1.6480,0.05201,-25.05587,26.84075,0.00000,0
2430076,1.7000,1.7118,1.6528,0.04718,-25.12938,26.84120,0.00000,0
2430576,1.7000,1.7122,1.6528,0.04718,-25.12938,26.84163,0.00000,0
2431076,1.7000,1.7249,1.6520,0.04799,-25.11713,26.84206,0.00000,0
2431576,1.7000,1.7499,1.6504,0.04960,-25.09263,26.84251,0.00000,0
2432076,1.7000,1.7503,1.6504,0.04960,-25.09263,26.84296,0.00000,0
2432576,1.7000,1.7630,1.6496,0.05040,-25.08037,26.84341,0.00000,0
2433076,1.7000,1.7512,1.6504,0.04960,-25.09263,26.84387,0.00000,0
2433576,1.7000,1.7762,1.6488,0.05121,-25.06812,26.84433,0.00000,0
2434076,1.7000,1.8502,1.6440,0.05604,-24.99461,26.84482,0.00000,0
2434576,1.7000,1.8752,1.6423,0.05766,-24.97010,26.84534,0.00000,0
2435076,1.7000,1.8758,1.6423,0.05766,-24.97010,26.84586,0.00000,0
2435576,1.7000,1.8395,1.6448,0.05524,-25.00686,26.84638,0.00000,0
2436076,1.7000,1.7910,1.6480,0.05201,-25.05587,26.84686,0.00000,0
2436576,1.7000,1.7792,1.6488,0.05121,-25.06812,26.84734,0.00000,0
2437076,1.7000,1.7674,1.6496,0.05040,-25.08037,26.84780,0.00000,0
2437576,1.7000,1.7556,1.6504,0.04960,-25.09263,26.84826,0.00000,0
2438076,1.7000,1.7438,1.6512,0.04879,-25.10488,26.84870,0.00000,0
2438576,1.7000,1.7198,1.6528,0.04718,-25.12938,26.84914,0.00000,0
2439076,1.7000,1.7202,1.6528,0.04718,-25.12938,26.84957,0.00000,0
2439576,1.7000,1.6961,1.6544,0.04557,-25.15389,26.84999,0.00000,0
2440076,1.7000,1.7210,1.6528,0.04718,-25.12938,26.85042,0.00000,0
2440576,1.7000,1.7460,1.6512,0.04879,-25.10488,26.85085,0.00000,0
2441076,1.7000,1.7709,1.6496,0.05040,-25.08037,26.85131,0.00000,0
2441576,1.7000,1.7836,1.6488,0.05121,-25.06812,26.85177,0.00000,0
2442076,1.7000,1.7473,1.6512,0.04879,-25.10488,26.85222,0.00000,0
2442576,1.7000,1.7355,1.6520,0.04799,-25.11713,26.85266,0.00000,0
2443076,1.7000,1.7482,1.6512,0.04879,-25.10488,26.85311,0.00000,0
2443576,1.7000,1.7609,1.6504,0.04960,-25.09263,26.85355,0.00000,0
2444076,1.7000,1.7369,1.6520,0.04799,-25.11713,26.85400,0.00000,0
2444576,1.7000,1.7863,1.6488,0.05121,-25.06812,26.85445,0.00000,0
2445076,1.7000,1.7868,1.6488,0.05121,-25.06812,26.85492,0.00000,0
2445576,1.7000,1.7873,1.6488,0.05121,-25.06812,26.85538,0.00000,0
2446076,1.7000,1.8000,1.6480,0.05201,-25.05587,26.85586,0.00000,0
2446576,1.7000,1.7882,1.6488,0.05121,-25.06812,26.85633,0.00000,0
2447076,1.7000,1.8132,1.6472,0.05282,-25.04362,26.85680,0.00000,0
2447576,1.7000,1.8137,1.6472,0.05282,-25.04362,26.85728,0.00000,0
2448076,1.7000,1.8141,1.6472,0.05282,-25.04362,26.85776,0.00000,0
2448576,1.7000,1.8024,1.6480,0.05201,-25.05587,26.85824,0.00000,0
2449076,1.7000,1.8274,1.6464,0.05363,-25.03136,26.85872,0.00000,0
2449576,1.7000,1.7666,1.6504,0.04960,-25.09263,26.85919,0.00000,0
2450076,1.7000,1.7548,1.6512,0.04879,-25.10488,26.85964,0.00000,0
2450576,1.7000,1.7429,1.6520,0.04799,-25.11713,26.86008,0.00000,0
2451076,1.7000,1.7434,1.6520,0.04799,-25.11713,26.86052,0.00000,0
2451576,1.7000,1.7561,1.6512,0.04879,-25.10488,26.86096,0.00000,0
2452076,1.7000,1.7443,1.6520,0.04799,-25.11713,26.86140,0.00000,0
2452576,1.7000,1.7447,1.6520,0.04799,-25.11713,26.86184,0.00000,0
2453076,1.7000,1.7697,1.6504,0.04960,-25.09263,26.86228,0.00000,0
2453576,1.7000,1.7456,1.6520,0.04799,-25.11713,26.86272,0.00000,0
2454076,1.7000,1.7583,1.6512,0.04879,-25.10488,26.86316,0.00000,0
2454576,1.7000,1.7832,1.6496,0.05040,-25.08037,26.86362,0.00000,0
2455076,1.7000,1.7714,1.6504,0.04960,-25.09263,26.86407,0.00000,0
2455576,1.7000,1.7719,1.6504,0.04960,-25.09263,26.86452,0.00000,0
2456076,1.7000,1.7601,1.6512,0.04879,-25.10488,26.86497,0.00000,0
2456576,1.7000,1.7605,1.6512,0.04879,-25.10488,26.86542,0.00000,0
2457076,1.7000,1.7855,1.6496,0.05040,-25.08037,26.86587,0.00000,0
2457576,1.7000,1.7492,1.6520,0.04799,-25.11713,26.86632,0.00000,0
2458076,1.7000,1.7374,1.6528,0.04718,-25.12938,26.86675,0.00000,0
2458576,1.7000,1.7623,1.6512,0.04879,-25.10488,26.86719,0.00000,0
2459076,1.7000,1.7260,1.6536,0.04637,-25.14164,26.86762,0.00000,0
2459576,1.7000,1.7142,1.6544,0.04557,-25.15389,26.86804,0.00000,0
2460076,1.7000,1.7268,1.6536,0.04637,-25.14164,26.86846,0.00000,0
2460576,1.7000,1.7150,1.6544,0.04557,-25.15389,26.86888,0.00000,0
2461076,1.7000,1.7154,1.6544,0.04557,-25.15389,26.86930,0.00000,0
2461576,1.7000,1.6791,1.6568,0.04315,-25.19065,26.86970,0.00000,0
2462076,1.7000,1.6917,1.6560,0.04396,-25.17839,26.87010,0.00000,0
2462576,1.7000,1.7411,1.6528,0.04718,-25.12938,26.87051,0.00000,0
2463076,1.7000,1.7293,1.6536,0.04637,-25.14164,26.87094,0.00000,0
2463576,1.7000,1.7542,1.6520,0.04799,-25.11713,26.87137,0.00000,0
2464076,1.7000,1.7669,1.6512,0.04879,-25.10488,26.87181,0.00000,0
2464576,1.7000,1.7919,1.6496,0.05040,-25.08037,26.87226,0.00000,0
2465076,1.7000,1.7801,1.6504,0.04960,-25.09263,26.87272,0.00000,0
2465576,1.7000,1.8051,1.6488,0.05121,-25.06812,26.87318,0.00000,0
2466076,1.7000,1.8423,1.6464,0.05363,-25.03136,26.87365,0.00000,0
2466576,1.7000,1.8550,1.6456,0.05443,-25.01911,26.87415,0.00000,0
2467076,1.7000,1.8188,1.6480,0.05201,-25.05587,26.87463,0.00000,0
2467576,1.7000,1.7580,1.6520,0.04799,-25.11713,26.87509,0.00000,0
2468076,1.7000,1.7584,1.6520,0.04799,-25.11713,26.87552,0.00000,0
2468576,1.7000,1.7466,1.6528,0.04718,-25.12938,26.87596,0.00000,0
2469076,1.7000,1.7102,1.6552,0.04476,-25.16614,26.87638,0.00000,0
2469576,1.7000,1.7106,1.6552,0.04476,-25.16614,26.87678,0.00000,0
2470076,1.7000,1.7478,1.6528,0.04718,-25.12938,26.87720,0.00000,0
2470576,1.7000,1.7360,1.6536,0.04637,-25.14164,26.87763,0.00000,0
2471076,1.7000,1.7242,1.6544,0.04557,-25.15389,26.87805,0.00000,0
2471576,1.7000,1.7368,1.6536,0.04637,-25.14164,26.87847,0.00000,0
2472076,1.7000,1.7373,1.6536,0.04637,-25.14164,26.87889,0.00000,0
2472576,1.7000,1.7622,1.6520,0.04799,-25.11713,26.87932,0.00000,0
2473076,1.7000,1.7504,1.6528,0.04718,-25.12938,26.87976,0.00000,0
2473576,1.7000,1.7631,1.6520,0.04799,-25.11713,26.88019,0.00000,0
2474076,1.7000,1.7757,1.6512,0.04879,-25.10488,26.88063,0.00000,0
2474576,1.7000,1.7762,1.6512,0.04879,-25.10488,26.88107,0.00000,0
2475076,1.7000,1.7399,1.6536,0.04637,-25.14164,26.88151,0.00000,0
2475576,1.7000,1.7648,1.6520,0.04799,-25.11713,26.88194,0.00000,0
2476076,1.7000,1.7407,1.6536,0.04637,-25.14164,26.88236,0.00000,0
2476576,1.7000,1.7289,1.6544,0.04557,-25.15389,26.88278,0.00000,0
2477076,1.7000,1.7293,1.6544,0.04557,-25.15389,26.88320,0.00000,0
2477576,1.7000,1.7420,1.6536,0.04637,-25.14164,26.88362,0.00000,0
2478076,1.7000,1.7424,1.6536,0.04637,-25.14164,26.88404,0.00000,0
2478576,1.7000,1.6693,1.6585,0.04154,-25.21515,26.88444,0.00000,0
2479076,1.7000,1.6819,1.6577,0.04234,-25.20290,26.88482,0.00000,0
2479576,1.7000,1.6578,1.6593,0.04073,-25.22740,26.88520,0.00000,0
2480076,1.7000,1.6582,1.6593,0.04073,-25.22740,26.88557,0.00000,0
2480576,1.7000,1.6218,1.6617,0.03831,-25.26416,26.88593,0.00000,0
2481076,1.7000,1.6221,1.6617,0.03831,-25.26416,26.88628,0.00000,0
2481576,1.7000,1.6225,1.6617,0.03831,-25.26416,26.88663,0.00000,0
2482076,1.7000,1.6473,1.6601,0.03993,-25.23965,26.88699,0.00000,0
2482576,1.7000,1.6354,1.6609,0.03912,-25.25191,26.88735,0.00000,0
2483076,1.7000,1.6235,1.6617,0.03831,-25.26416,26.88770,0.00000,0
2483576,1.7000,1.6607,1.6593,0.04073,-25.22740,26.88806,0.00000,0
2484076,1.7000,1.6365,1.6609,0.03912,-25.25191,26.88843,0.00000,0
2484576,1.7000,1.6369,1.6609,0.03912,-25.25191,26.88878,0.00000,0
2485076,1.7000,1.6372,1.6609,0.03912,-25.25191,26.88914,0.00000,0
2485576,1.7000,1.6498,1.6601,0.03993,-25.23965,26.88950,0.00000,0
2486076,1.7000,1.6502,1.6601,0.03993,-25.23965,26.88987,0.00000,0
2486576,1.7000,1.6383,1.6609,0.03912,-25.25191,26.89023,0.00000,0
2487076,1.7000,1.6264,1.6617,0.03831,-25.26416,26.89058,0.00000,0
2487576,1.7000,1.6390,1.6609,0.03912,-25.25191,26.89093,0.00000,0
2488076,1.7000,1.6639,1.6593,0.04073,-25.22740,26.89130,0.00000,0
2488576,1.7000,1.6765,1.6585,0.04154,-25.21515,26.89167,0.00000,0
2489076,1.7000,1.6892,1.6577,0.04234,-25.20290,26.89205,0.00000,0
2489576,1.7000,1.7631,1.6528,0.04718,-25.12938,26.89246,0.00000,0
2490076,1.7000,1.7635,1.6528,0.04718,-25.12938,26.89289,0.00000,0
2490576,1.7000,1.7639,1.6528,0.04718,-25.12938,26.89332,0.00000,0
2491076,1.7000,1.7644,1.6528,0.04718,-25.12938,26.89375,0.00000,0
2491576,1.7000,1.7771,1.6520,0.04799,-25.11713,26.89418,0.00000,0
2492076,1.7000,1.7897,1.6512,0.04879,-25.10488,26.89462,0.00000,0
2492576,1.7000,1.7657,1.6528,0.04718,-25.12938,26.89506,0.00000,0
2493076,1.7000,1.7539,1.6536,0.04637,-25.14164,26.89549,0.00000,0
2493576,1.7000,1.7665,1.6528,0.04718,-25.12938,26.89591,0.00000,0
2494076,1.7000,1.7547,1.6536,0.04637,-25.14164,26.89634,0.00000,0
2494576,1.7000,1.6938,1.6577,0.04234,-25.20290,26.89675,0.00000,0
2495076,1.7000,1.6942,1.6577,0.04234,-25.20290,26.89713,0.00000,0
2495576,1.7000,1.6824,1.6585,0.04154,-25.21515,26.89751,0.00000,0
2496076,1.7000,1.6705,1.6593,0.04073,-25.22740,26.89789,0.00000,0
2496576,1.7000,1.6586,1.6601,0.03993,-25.23965,26.89826,0.00000,0
2497076,1.7000,1.6467,1.6609,0.03912,-25.25191,26.89862,0.00000,0
2497576,1.7000,1.6471,1.6609,0.03912,-25.25191,26.89897,0.00000,0
2498076,1.7000,1.6719,1.6593,0.04073,-25.22740,26.89934,0.00000,0
2498576,1.7000,1.6478,1.6609,0.03912,-25.25191,26.89970,0.00000,0
2499076,1.7000,1.6482,1.6609,0.03912,-25.25191,26.90006,0.00000,0
2499576,1.7000,1.6240,1.6625,0.03751,-25.27641,26.90041,0.00000,0
2500076,1.7000,1.6121,1.6633,0.03670,-25.28866,26.90075,0.00000,0
2500576,1.7000,1.6247,1.6625,0.03751,-25.27641,26.90108,0.00000,0
2501076,1.7000,1.6495,1.6609,0.03912,-25.25191,26.90143,0.00000,0
2501576,1.7000,1.6499,1.6609,0.03912,-25.25191,26.90179,0.00000,0
2502076,1.7000,1.6502,1.6609,0.03912,-25.25191,26.90215,0.00000,0
2502576,1.7000,1.6874,1.6585,0.04154,-25.21515,26.90251,0.00000,0
2503076,1.7000,1.6755,1.6593,0.04073,-25.22740,26.90289,0.00000,0
2503576,1.7000,1.6881,1.6585,0.04154,-25.21515,26.90326,0.00000,0
2504076,1.7000,1.7007,1.6577,0.04234,-25.20290,26.90365,0.00000,0
2504576,1.7000,1.7379,1.6552,0.04476,-25.16614,26.90404,0.00000,0
2505076,1.7000,1.7628,1.6536,0.04637,-25.14164,26.90446,0.00000,0
2505576,1.7000,1.7632,1.6536,0.04637,-25.14164,26.90488,0.00000,0
2506076,1.7000,1.8004,1.6512,0.04879,-25.10488,26.90532,0.00000,0
2506576,1.7000,1.8131,1.6504,0.04960,-25.09263,26.90576,0.00000,0
2507076,1.7000,1.8136,1.6504,0.04960,-25.09263,26.90622,0.00000,0
2507576,1.7000,1.7895,1.6520,0.04799,-25.11713,26.90666,0.00000,0
2508076,1.7000,1.7655,1.6536,0.04637,-25.14164,26.90709,0.00000,0
2508576,1.7000,1.7781,1.6528,0.04718,-25.12938,26.90752,0.00000,0
2509076,1.7000,1.7786,1.6528,0.04718,-25.12938,26.90795,0.00000,0
2509576,1.7000,1.7790,1.6528,0.04718,-25.12938,26.90837,0.00000,0
2510076,1.7000,1.7549,1.6544,0.04557,-25.15389,26.90880,0.00000,0
2510576,1.7000,1.7921,1.6520,0.04799,-25.11713,26.90923,0.00000,0
2511076,1.7000,1.7680,1.6536,0.04637,-25.14164,26.90965,0.00000,0
2511576,1.7000,1.7562,1.6544,0.04557,-25.15389,26.91007,0.00000,0
2512076,1.7000,1.7934,1.6520,0.04799,-25.11713,26.91050,0.00000,0
2512576,1.7000,1.8061,1.6512,0.04879,-25.10488,26.91094,0.00000,0
2513076,1.7000,1.8310,1.6496,0.05040,-25.08037,26.91139,0.00000,0
2513576,1.7000,1.8437,1.6488,0.05121,-25.06812,26.91186,0.00000,0
2514076,1.7000,1.8565,1.6480,0.05201,-25.05587,26.91233,0.00000,0
2514576,1.7000,1.8447,1.6488,0.05121,-25.06812,26.91280,0.00000,0
2515076,1.7000,1.8451,1.6488,0.05121,-25.06812,26.91327,0.00000,0
2515576,1.7000,1.8334,1.6496,0.05040,-25.08037,26.91373,0.00000,0
2516076,1.7000,1.8093,1.6512,0.04879,-25.10488,26.91418,0.00000,0
2516576,1.7000,1.7975,1.6520,0.04799,-25.11713,26.91462,0.00000,0
2517076,1.7000,1.7612,1.6544,0.04557,-25.15389,26.91505,0.00000,0
2517576,1.7000,1.7493,1.6552,0.04476,-25.16614,26.91546,0.00000,0
2518076,1.7000,1.7375,1.6560,0.04396,-25.17839,26.91587,0.00000,0
2518576,1.7000,1.7256,1.6568,0.04315,-25.19065,26.91626,0.00000,0
2519076,1.7000,1.7015,1.6585,0.04154,-25.21515,26.91665,0.00000,0
2519576,1.7000,1.7019,1.6585,0.04154,-25.21515,26.91703,0.00000,0
2520076,1.7000,1.7023,1.6585,0.04154,-25.21515,26.91740,0.00000,0
2520576,1.7000,1.6781,1.6601,0.03993,-25.23965,26.91778,0.00000,0
2521076,1.7000,1.6417,1.6625,0.03751,-25.27641,26.91813,0.00000,0
2521576,1.7000,1.6298,1.6633,0.03670,-25.28866,26.91847,0.00000,0
2522076,1.7000,1.6424,1.6625,0.03751,-25.27641,26.91880,0.00000,0
2522576,1.7000,1.6672,1.6609,0.03912,-25.25191,26.91915,0.00000,0
2523076,1.7000,1.6676,1.6609,0.03912,-25.25191,26.91951,0.00000,0
2523576,1.7000,1.6312,1.6633,0.03670,-25.28866,26.91986,0.00000,0
2524076,1.7000,1.6438,1.6625,0.03751,-25.27641,26.92019,0.00000,0
2524576,1.7000,1.6686,1.6609,0.03912,-25.25191,26.92054,0.00000,0
2525076,1.7000,1.6567,1.6617,0.03831,-25.26416,26.92089,0.00000,0
2525576,1.7000,1.6448,1.6625,0.03751,-25.27641,26.92124,0.00000,0
2526076,1.7000,1.6819,1.6601,0.03993,-25.23965,26.92159,0.00000,0
2526576,1.7000,1.7313,1.6568,0.04315,-25.19065,26.92197,0.00000,0
2527076,1.7000,1.6950,1.6593,0.04073,-25.22740,26.92235,0.00000,0
2527576,1.7000,1.6463,1.6625,0.03751,-25.27641,26.92271,0.00000,0
2528076,1.7000,1.6466,1.6625,0.03751,-25.27641,26.92305,0.00000,0
2528576,1.7000,1.6592,1.6617,0.03831,-25.26416,26.92340,0.00000,0
2529076,1.7000,1.6351,1.6633,0.03670,-25.28866,26.92374,0.00000,0
2529576,1.7000,1.6477,1.6625,0.03751,-25.27641,26.92407,0.00000,0
2530076,1.7000,1.6480,1.6625,0.03751,-25.27641,26.92442,0.00000,0
2530576,1.7000,1.6606,1.6617,0.03831,-25.26416,26.92476,0.00000,0
2531076,1.7000,1.6609,1.6617,0.03831,-25.26416,26.92511,0.00000,0
2531576,1.7000,1.6245,1.6641,0.03590,-25.30092,26.92545,0.00000,0
2532076,1.7000,1.6494,1.6625,0.03751,-25.27641,26.92578,0.00000,0
2532576,1.7000,1.6987,1.6593,0.04073,-25.22740,26.92614,0.00000,0
2533076,1.7000,1.7236,1.6577,0.04234,-25.20290,26.92652,0.00000,0
2533576,1.7000,1.7485,1.6560,0.04396,-25.17839,26.92691,0.00000,0
2534076,1.7000,1.7489,1.6560,0.04396,-25.17839,26.92731,0.00000,0
2534576,1.7000,1.7248,1.6577,0.04234,-25.20290,26.92770,0.00000,0
2535076,1.7000,1.7620,1.6552,0.04476,-25.16614,26.92810,0.00000,0
2535576,1.7000,1.7869,1.6536,0.04637,-25.14164,26.92851,0.00000,0
2536076,1.7000,1.7873,1.6536,0.04637,-25.14164,26.92894,0.00000,0
2536576,1.7000,1.7755,1.6544,0.04557,-25.15389,26.92936,0.00000,0
2537076,1.7000,1.7759,1.6544,0.04557,-25.15389,26.92977,0.00000,0
2537576,1.7000,1.7763,1.6544,0.04557,-25.15389,26.93019,0.00000,0
2538076,1.7000,1.7399,1.6568,0.04315,-25.19065,26.93059,0.00000,0
2538576,1.7000,1.7526,1.6560,0.04396,-25.17839,26.93099,0.00000,0
2539076,1.7000,1.7530,1.6560,0.04396,-25.17839,26.93139,0.00000,0
2539576,1.7000,1.7534,1.6560,0.04396,-25.17839,26.93179,0.00000,0
2540076,1.7000,1.7538,1.6560,0.04396,-25.17839,26.93219,0.00000,0
2540576,1.7000,1.7419,1.6568,0.04315,-25.19065,26.93259,0.00000,0
2541076,1.7000,1.7423,1.6568,0.04315,-25.19065,26.93298,0.00000,0
2541576,1.7000,1.7427,1.6568,0.04315,-25.19065,26.93337,0.00000,0
2542076,1.7000,1.7799,1.6544,0.04557,-25.15389,26.93378,0.00000,0
2542576,1.7000,1.7803,1.6544,0.04557,-25.15389,26.93419,0.00000,0
2543076,1.7000,1.7930,1.6536,0.04637,-25.14164,26.93461,0.00000,0
2543576,1.7000,1.7811,1.6544,0.04557,-25.15389,26.93503,0.00000,0
2544076,1.7000,1.7570,1.6560,0.04396,-25.17839,26.93544,0.00000,0
2544576,1.7000,1.7452,1.6568,0.04315,-25.19065,26.93584,0.00000,0
2545076,1.7000,1.7578,1.6560,0.04396,-25.17839,26.93624,0.00000,0
2545576,1.7000,1.7460,1.6568,0.04315,-25.19065,26.93663,0.00000,0
2546076,1.7000,1.7464,1.6568,0.04315,-25.19065,26.93703,0.00000,0
2546576,1.7000,1.7468,1.6568,0.04315,-25.19065,26.93742,0.00000,0
2547076,1.7000,1.7227,1.6585,0.04154,-25.21515,26.93780,0.00000,0
2547576,1.7000,1.7230,1.6585,0.04154,-25.21515,26.93818,0.00000,0
2548076,1.7000,1.7234,1.6585,0.04154,-25.21515,26.93856,0.00000,0
2548576,1.7000,1.7115,1.6593,0.04073,-25.22740,26.93893,0.00000,0
2549076,1.7000,1.7487,1.6568,0.04315,-25.19065,26.93932,0.00000,0
2549576,1.7000,1.7368,1.6577,0.04234,-25.20290,26.93970,0.00000,0
2550076,1.7000,1.7127,1.6593,0.04073,-25.22740,26.94008,0.00000,0
2550576,1.7000,1.6885,1.6609,0.03912,-25.25191,26.94045,0.00000,0
2551076,1.7000,1.6276,1.6649,0.03509,-25.31317,26.94078,0.00000,0
2551576,1.7000,1.6402,1.6641,0.03590,-25.30092,26.94111,0.00000,0
2552076,1.7000,1.6773,1.6617,0.03831,-25.26416,26.94145,0.00000,0
2552576,1.7000,1.6531,1.6633,0.03670,-25.28866,26.94179,0.00000,0
2553076,1.7000,1.6412,1.6641,0.03590,-25.30092,26.94212,0.00000,0
2553576,1.7000,1.6538,1.6633,0.03670,-25.28866,26.94245,0.00000,0
2554076,1.7000,1.6419,1.6641,0.03590,-25.30092,26.94278,0.00000,0
2554576,1.7000,1.6422,1.6641,0.03590,-25.30092,26.94311,0.00000,0
2555076,1.7000,1.6548,1.6633,0.03670,-25.28866,26.94344,0.00000,0
2555576,1.7000,1.6796,1.6617,0.03831,-25.26416,26.94378,0.00000,0
2556076,1.7000,1.7535,1.6568,0.04315,-25.19065,26.94415,0.00000,0
2556576,1.7000,1.7416,1.6577,0.04234,-25.20290,26.94454,0.00000,0
2557076,1.7000,1.6930,1.6609,0.03912,-25.25191,26.94491,0.00000,0
2557576,1.7000,1.7301,1.6585,0.04154,-25.21515,26.94528,0.00000,0
2558076,1.7000,1.7305,1.6585,0.04154,-25.21515,26.94566,0.00000,0
2558576,1.7000,1.7309,1.6585,0.04154,-25.21515,26.94603,0.00000,0
2559076,1.7000,1.7435,1.6577,0.04234,-25.20290,26.94641,0.00000,0
2559576,1.7000,1.7316,1.6585,0.04154,-25.21515,26.94680,0.00000,0
2560076,1.7000,1.7075,1.6601,0.03993,-25.23965,26.94717,0.00000,0
2560576,1.7000,1.7079,1.6601,0.03993,-25.23965,26.94753,0.00000,0
2561076,1.7000,1.7450,1.6577,0.04234,-25.20290,26.94791,0.00000,0
2561576,1.7000,1.7577,1.6568,0.04315,-25.19065,26.94830,0.00000,0
2562076,1.7000,1.7213,1.6593,0.04073,-25.22740,26.94868,0.00000,0
2562576,1.7000,1.6971,1.6609,0.03912,-25.25191,26.94904,0.00000,0
2563076,1.7000,1.7220,1.6593,0.04073,-25.22740,26.94941,0.00000,0
2563576,1.7000,1.7346,1.6585,0.04154,-25.21515,26.94978,0.00000,0
2564076,1.7000,1.7105,1.6601,0.03993,-25.23965,26.95016,0.00000,0
2564576,1.7000,1.7109,1.6601,0.03993,-25.23965,26.95052,0.00000,0
2565076,1.7000,1.6867,1.6617,0.03831,-25.26416,26.95088,0.00000,0
2565576,1.7000,1.6993,1.6609,0.03912,-25.25191,26.95123,0.00000,0
2566076,1.7000,1.6997,1.6609,0.03912,-25.25191,26.95159,0.00000,0
2566576,1.7000,1.7123,1.6601,0.03993,-25.23965,26.95195,0.00000,0
2567076,1.7000,1.7494,1.6577,0.04234,-25.20290,26.95232,0.00000,0
2567576,1.7000,1.7866,1.6552,0.04476,-25.16614,26.95272,0.00000,0
2568076,1.7000,1.7502,1.6577,0.04234,-25.20290,26.95312,0.00000,0
2568576,1.7000,1.7261,1.6593,0.04073,-25.22740,26.95349,0.00000,0
2569076,1.7000,1.7510,1.6577,0.04234,-25.20290,26.95387,0.00000,0
2569576,1.7000,1.7636,1.6568,0.04315,-25.19065,26.95426,0.00000,0
2570076,1.7000,1.8008,1.6544,0.04557,-25.15389,26.95466,0.00000,0
2570576,1.7000,1.7644,1.6568,0.04315,-25.19065,26.95507,0.00000,0
2571076,1.7000,1.7280,1.6593,0.04073,-25.22740,26.95545,0.00000,0
2571576,1.7000,1.7162,1.6601,0.03993,-25.23965,26.95582,0.00000,0
2572076,1.7000,1.7410,1.6585,0.04154,-25.21515,26.95619,0.00000,0
2572576,1.7000,1.7047,1.6609,0.03912,-25.25191,26.95656,0.00000,0
2573076,1.7000,1.7050,1.6609,0.03912,-25.25191,26.95691,0.00000,0
2573576,1.7000,1.6931,1.6617,0.03831,-25.26416,26.95727,0.00000,0
2574076,1.7000,1.6935,1.6617,0.03831,-25.26416,26.95762,0.00000,0
2574576,1.7000,1.7183,1.6601,0.03993,-25.23965,26.95797,0.00000,0
2575076,1.7000,1.7309,1.6593,0.04073,-25.22740,26.95834,0.00000,0
2575576,1.7000,1.7068,1.6609,0.03912,-25.25191,26.95871,0.00000,0
2576076,1.7000,1.7072,1.6609,0.03912,-25.25191,26.95906,0.00000,0
2576576,1.7000,1.7075,1.6609,0.03912,-25.25191,26.95942,0.00000,0
2577076,1.7000,1.6711,1.6633,0.03670,-25.28866,26.95976,0.00000,0
2577576,1.7000,1.6714,1.6633,0.03670,-25.28866,26.96010,0.00000,0
2578076,1.7000,1.6840,1.6625,0.03751,-25.27641,26.96044,0.00000,0
2578576,1.7000,1.6721,1.6633,0.03670,-25.28866,26.96077,0.00000,0
2579076,1.7000,1.6847,1.6625,0.03751,-25.27641,26.96111,0.00000,0
2579576,1.7000,1.6605,1.6641,0.03590,-25.30092,26.96144,0.00000,0
2580076,1.7000,1.6363,1.6657,0.03429,-25.32542,26.96177,0.00000,0
2580576,1.7000,1.6734,1.6633,0.03670,-25.28866,26.96209,0.00000,0
2581076,1.7000,1.6370,1.6657,0.03429,-25.32542,26.96241,0.00000,0
2581576,1.7000,1.6496,1.6649,0.03509,-25.31317,26.96273,0.00000,0
2582076,1.7000,1.6376,1.6657,0.03429,-25.32542,26.96305,0.00000,0
2582576,1.7000,1.6379,1.6657,0.03429,-25.32542,26.96336,0.00000,0
2583076,1.7000,1.6628,1.6641,0.03590,-25.30092,26.96368,0.00000,0
2583576,1.7000,1.6631,1.6641,0.03590,-25.30092,26.96401,0.00000,0
2584076,1.7000,1.6512,1.6649,0.03509,-25.31317,26.96433,0.00000,0
2584576,1.7000,1.6270,1.6665,0.03348,-25.33767,26.96465,0.00000,0
2585076,1.7000,1.6395,1.6657,0.03429,-25.32542,26.96495,0.00000,0
2585576,1.7000,1.5786,1.6697,0.03026,-25.38668,26.96525,0.00000,0
2586076,1.7000,1.6401,1.6657,0.03429,-25.32542,26.96554,0.00000,0
2586576,1.7000,1.6404,1.6657,0.03429,-25.32542,26.96585,0.00000,0
2587076,1.7000,1.6530,1.6649,0.03509,-25.31317,26.96617,0.00000,0
2587576,1.7000,1.6533,1.6649,0.03509,-25.31317,26.96649,0.00000,0
2588076,1.7000,1.6414,1.6657,0.03429,-25.32542,26.96681,0.00000,0
2588576,1.7000,1.6540,1.6649,0.03509,-25.31317,26.96712,0.00000,0
2589076,1.7000,1.6053,1.6681,0.03187,-25.36218,26.96743,0.00000,0
2589576,1.7000,1.6546,1.6649,0.03509,-25.31317,26.96774,0.00000,0
2590076,1.7000,1.6426,1.6657,0.03429,-25.32542,26.96805,0.00000,0
2590576,1.7000,1.7042,1.6617,0.03831,-25.26416,26.96838,0.00000,0
2591076,1.7000,1.6678,1.6641,0.03590,-25.30092,26.96872,0.00000,0
2591576,1.7000,1.6804,1.6633,0.03670,-25.28866,26.96905,0.00000,0
2592076,1.7000,1.6685,1.6641,0.03590,-25.30092,26.96938,0.00000,0
2592576,1.7000,1.6688,1.6641,0.03590,-25.30092,26.96971,0.00000,0
2593076,1.7000,1.6691,1.6641,0.03590,-25.30092,26.97004,0.00000,0
2593576,1.7000,1.6940,1.6625,0.03751,-25.27641,26.97037,0.00000,0
2594076,1.7000,1.7311,1.6601,0.03993,-25.23965,26.97072,0.00000,0
2594576,1.7000,1.7437,1.6593,0.04073,-25.22740,26.97109,0.00000,0
2595076,1.7000,1.7441,1.6593,0.04073,-25.22740,26.97146,0.00000,0
2595576,1.7000,1.7199,1.6609,0.03912,-25.25191,26.97183,0.00000,0
2596076,1.7000,1.6958,1.6625,0.03751,-25.27641,26.97218,0.00000,0
2596576,1.7000,1.6716,1.6641,0.03590,-25.30092,26.97251,0.00000,0
2597076,1.7000,1.6597,1.6649,0.03509,-25.31317,26.97283,0.00000,0
2597576,1.7000,1.6722,1.6641,0.03590,-25.30092,26.97316,0.00000,0
2598076,1.7000,1.6726,1.6641,0.03590,-25.30092,26.97349,0.00000,0
2598576,1.7000,1.6606,1.6649,0.03509,-25.31317,26.97381,0.00000,0
2599076,1.7000,1.6610,1.6649,0.03509,-25.31317,26.97413,0.00000,0
2599576,1.7000,1.6368,1.6665,0.03348,-25.33767,26.97444,0.00000,0
2600076,1.7000,1.6003,1.6689,0.03106,-25.37443,26.97474,0.00000,0
2600576,1.7000,1.6128,1.6681,0.03187,-25.36218,26.97502,0.00000,0
2601076,1.7000,1.6254,1.6673,0.03267,-25.34992,26.97532,0.00000,0
2601576,1.7000,1.6870,1.6633,0.03670,-25.28866,26.97563,0.00000,0
2602076,1.7000,1.6996,1.6625,0.03751,-25.27641,26.97597,0.00000,0
2602576,1.7000,1.6876,1.6633,0.03670,-25.28866,26.97631,0.00000,0
2603076,1.7000,1.7125,1.6617,0.03831,-25.26416,26.97665,0.00000,0
2603576,1.7000,1.7128,1.6617,0.03831,-25.26416,26.97700,0.00000,0
2604076,1.7000,1.7622,1.6585,0.04154,-25.21515,26.97736,0.00000,0
2604576,1.7000,1.7871,1.6568,0.04315,-25.19065,26.97775,0.00000,0
2605076,1.7000,1.7875,1.6568,0.04315,-25.19065,26.97814,0.00000,0
2605576,1.7000,1.8001,1.6560,0.04396,-25.17839,26.97854,0.00000,0
2606076,1.7000,1.8005,1.6560,0.04396,-25.17839,26.97894,0.00000,0
2606576,1.7000,1.7519,1.6593,0.04073,-25.22740,26.97932,0.00000,0
2607076,1.7000,1.7400,1.6601,0.03993,-25.23965,26.97969,0.00000,0
2607576,1.7000,1.7404,1.6601,0.03993,-25.23965,26.98006,0.00000,0
2608076,1.7000,1.6917,1.6633,0.03670,-25.28866,26.98041,0.00000,0
2608576,1.7000,1.6798,1.6641,0.03590,-25.30092,26.98074,0.00000,0
2609076,1.7000,1.6679,1.6649,0.03509,-25.31317,26.98106,0.00000,0
2609576,1.7000,1.6437,1.6665,0.03348,-25.33767,26.98137,0.00000,0
2610076,1.7000,1.6685,1.6649,0.03509,-25.31317,26.98169,0.00000,0
2610576,1.7000,1.6566,1.6657,0.03429,-25.32542,26.98200,0.00000,0
2611076,1.7000,1.7059,1.6625,0.03751,-25.27641,26.98233,0.00000,0
2611576,1.7000,1.7430,1.6601,0.03993,-25.23965,26.98268,0.00000,0
2612076,1.7000,1.7679,1.6585,0.04154,-25.21515,26.98306,0.00000,0
2612576,1.7000,1.7805,1.6577,0.04234,-25.20290,26.98344,0.00000,0
2613076,1.7000,1.8054,1.6560,0.04396,-25.17839,26.98383,0.00000,0
2613576,1.7000,1.8303,1.6544,0.04557,-25.15389,26.98424,0.00000,0
2614076,1.7000,1.8185,1.6552,0.04476,-25.16614,26.98465,0.00000,0
2614576,1.7000,1.8189,1.6552,0.04476,-25.16614,26.98506,0.00000,0
2615076,1.7000,1.8316,1.6544,0.04557,-25.15389,26.98547,0.00000,0
2615576,1.7000,1.8320,1.6544,0.04557,-25.15389,26.98589,0.00000,0
2616076,1.7000,1.7956,1.6568,0.04315,-25.19065,26.98629,0.00000,0
2616576,1.7000,1.7593,1.6593,0.04073,-25.22740,26.98667,0.00000,0
2617076,1.7000,1.7474,1.6601,0.03993,-25.23965,26.98704,0.00000,0
2617576,1.7000,1.7723,1.6585,0.04154,-25.21515,26.98741,0.00000,0
2618076,1.7000,1.7481,1.6601,0.03993,-25.23965,26.98778,0.00000,0
2618576,1.7000,1.7240,1.6617,0.03831,-25.26416,26.98814,0.00000,0
2619076,1.7000,1.7121,1.6625,0.03751,-25.27641,26.98849,0.00000,0
2619576,1.7000,1.7124,1.6625,0.03751,-25.27641,26.98883,0.00000,0
2620076,1.7000,1.7128,1.6625,0.03751,-25.27641,26.98917,0.00000,0
2620576,1.7000,1.7008,1.6633,0.03670,-25.28866,26.98951,0.00000,0
2621076,1.7000,1.6889,1.6641,0.03590,-25.30092,26.98984,0.00000,0
2621576,1.7000,1.6892,1.6641,0.03590,-25.30092,26.99016,0.00000,0
2622076,1.7000,1.7018,1.6633,0.03670,-25.28866,26.99049,0.00000,0
2622576,1.7000,1.6899,1.6641,0.03590,-25.30092,26.99082,0.00000,0
2623076,1.7000,1.6902,1.6641,0.03590,-25.30092,26.99115,0.00000,0
2623576,1.7000,1.7518,1.6601,0.03993,-25.23965,26.99150,0.00000,0
2624076,1.7000,1.7400,1.6609,0.03912,-25.25191,26.99186,0.00000,0
2624576,1.7000,1.7403,1.6609,0.03912,-25.25191,26.99221,0.00000,0
2625076,1.7000,1.7407,1.6609,0.03912,-25.25191,26.99257,0.00000,0
2625576,1.7000,1.7655,1.6593,0.04073,-25.22740,26.99294,0.00000,0
2626076,1.7000,1.7782,1.6585,0.04154,-25.21515,26.99331,0.00000,0
2626576,1.7000,1.7785,1.6585,0.04154,-25.21515,26.99369,0.00000,0
2627076,1.7000,1.7299,1.6617,0.03831,-25.26416,26.99405,0.00000,0
2627576,1.7000,1.7302,1.6617,0.03831,-25.26416,26.99440,0.00000,0
2628076,1.7000,1.7061,1.6633,0.03670,-25.28866,26.99474,0.00000,0
2628576,1.7000,1.6696,1.6657,0.03429,-25.32542,26.99507,0.00000,0
2629076,1.7000,1.7067,1.6633,0.03670,-25.28866,26.99539,0.00000,0
2629576,1.7000,1.7193,1.6625,0.03751,-25.27641,26.99573,0.00000,0
2630076,1.7000,1.6951,1.6641,0.03590,-25.30092,26.99606,0.00000,0
2630576,1.7000,1.6710,1.6657,0.03429,-25.32542,26.99638,0.00000,0
2631076,1.7000,1.6590,1.6665,0.03348,-25.33767,26.99669,0.00000,0
2631576,1.7000,1.6471,1.6673,0.03267,-25.34992,26.99699,0.00000,0
2632076,1.7000,1.6719,1.6657,0.03429,-25.32542,26.99730,0.00000,0
2632576,1.7000,1.6844,1.6649,0.03509,-25.31317,26.99762,0.00000,0
2633076,1.7000,1.6970,1.6641,0.03590,-25.30092,26.99794,0.00000,0
2633576,1.7000,1.6974,1.6641,0.03590,-25.30092,26.99827,0.00000,0
2634076,1.7000,1.6487,1.6673,0.03267,-25.34992,26.99858,0.00000,0
2634576,1.7000,1.6490,1.6673,0.03267,-25.34992,26.99888,0.00000,0
2635076,1.7000,1.6738,1.6657,0.03429,-25.32542,26.99918,0.00000,0
2635576,1.7000,1.6741,1.6657,0.03429,-25.32542,26.99950,0.00000,0
2636076,1.7000,1.6499,1.6673,0.03267,-25.34992,26.99980,0.00000,0
2636576,1.7000,1.6869,1.6649,0.03509,-25.31317,27.00011,0.00000,0
2637076,1.7000,1.6873,1.6649,0.03509,-25.31317,27.00043,0.00000,0
2637576,1.7000,1.6876,1.6649,0.03509,-25.31317,27.00075,0.00000,0
2638076,1.7000,1.7002,1.6641,0.03590,-25.30092,27.00108,0.00000,0
2638576,1.7000,1.7127,1.6633,0.03670,-25.28866,27.00141,0.00000,0
2639076,1.7000,1.7866,1.6585,0.04154,-25.21515,27.00176,0.00000,0
2639576,1.7000,1.7625,1.6601,0.03993,-25.23965,27.00213,0.00000,0
2640076,1.7000,1.7261,1.6625,0.03751,-25.27641,27.00249,0.00000,0
2640576,1.7000,1.7632,1.6601,0.03993,-25.23965,27.00284,0.00000,0
2641076,1.7000,1.7881,1.6585,0.04154,-25.21515,27.00321,0.00000,0
2641576,1.7000,1.8007,1.6577,0.04234,-25.20290,27.00359,0.00000,0
2642076,1.7000,1.8011,1.6577,0.04234,-25.20290,27.00398,0.00000,0
2642576,1.7000,1.8015,1.6577,0.04234,-25.20290,27.00436,0.00000,0
2643076,1.7000,1.7896,1.6585,0.04154,-25.21515,27.00475,0.00000,0
2643576,1.7000,1.7777,1.6593,0.04073,-25.22740,27.00512,0.00000,0
2644076,1.7000,1.6800,1.6657,0.03429,-25.32542,27.00546,0.00000,0
2644576,1.7000,1.6926,1.6649,0.03509,-25.31317,27.00578,0.00000,0
2645076,1.7000,1.7297,1.6625,0.03751,-25.27641,27.00611,0.00000,0
2645576,1.7000,1.7178,1.6633,0.03670,-25.28866,27.00645,0.00000,0
2646076,1.7000,1.7181,1.6633,0.03670,-25.28866,27.00678,0.00000,0
2646576,1.7000,1.6817,1.6657,0.03429,-25.32542,27.00710,0.00000,0
2647076,1.7000,1.6575,1.6673,0.03267,-25.34992,27.00741,0.00000,0
2647576,1.7000,1.6455,1.6681,0.03187,-25.36218,27.00770,0.00000,0
2648076,1.7000,1.6458,1.6681,0.03187,-25.36218,27.00799,0.00000,0
2648576,1.7000,1.6339,1.6689,0.03106,-25.37443,27.00828,0.00000,0
2649076,1.7000,1.6709,1.6665,0.03348,-25.33767,27.00857,0.00000,0
2649576,1.7000,1.6590,1.6673,0.03267,-25.34992,27.00887,0.00000,0
2650076,1.7000,1.6592,1.6673,0.03267,-25.34992,27.00917,0.00000,0
2650576,1.7000,1.6595,1.6673,0.03267,-25.34992,27.00947,0.00000,0
2651076,1.7000,1.6598,1.6673,0.03267,-25.34992,27.00977,0.00000,0
2651576,1.7000,1.6601,1.6673,0.03267,-25.34992,27.01007,0.00000,0
2652076,1.7000,1.6849,1.6657,0.03429,-25.32542,27.01037,0.00000,0
2652576,1.7000,1.6975,1.6649,0.03509,-25.31317,27.01069,0.00000,0
2653076,1.7000,1.6611,1.6673,0.03267,-25.34992,27.01100,0.00000,0
2653576,1.7000,1.6736,1.6665,0.03348,-25.33767,27.01130,0.00000,0
2654076,1.7000,1.6739,1.6665,0.03348,-25.33767,27.01160,0.00000,0
2654576,1.7000,1.6865,1.6657,0.03429,-25.32542,27.01191,0.00000,0
2655076,1.7000,1.6868,1.6657,0.03429,-25.32542,27.01222,0.00000,0
2655576,1.7000,1.6871,1.6657,0.03429,-25.32542,27.01254,0.00000,0
2656076,1.7000,1.6874,1.6657,0.03429,-25.32542,27.01285,0.00000,0
2656576,1.7000,1.6755,1.6665,0.03348,-25.33767,27.01316,0.00000,0
2657076,1.7000,1.6635,1.6673,0.03267,-25.34992,27.01346,0.00000,0
2657576,1.7000,1.6638,1.6673,0.03267,-25.34992,27.01376,0.00000,0
2658076,1.7000,1.7254,1.6633,0.03670,-25.28866,27.01407,0.00000,0
2658576,1.7000,1.7012,1.6649,0.03509,-25.31317,27.01440,0.00000,0
2659076,1.7000,1.7138,1.6641,0.03590,-25.30092,27.01473,0.00000,0
2659576,1.7000,1.6896,1.6657,0.03429,-25.32542,27.01505,0.00000,0
2660076,1.7000,1.7022,1.6649,0.03509,-25.31317,27.01536,0.00000,0
2660576,1.7000,1.6903,1.6657,0.03429,-25.32542,27.01568,0.00000,0
2661076,1.7000,1.7028,1.6649,0.03509,-25.31317,27.01600,0.00000,0
2661576,1.7000,1.7277,1.6633,0.03670,-25.28866,27.01632,0.00000,0
2662076,1.7000,1.7157,1.6641,0.03590,-25.30092,27.01665,0.00000,0
2662576,1.7000,1.7528,1.6617,0.03831,-25.26416,27.01699,0.00000,0
2663076,1.7000,1.7287,1.6633,0.03670,-25.28866,27.01733,0.00000,0
2663576,1.7000,1.7903,1.6593,0.04073,-25.22740,27.01769,0.00000,0
2664076,1.7000,1.7907,1.6593,0.04073,-25.22740,27.01806,0.00000,0
2664576,1.7000,1.8033,1.6585,0.04154,-25.21515,27.01843,0.00000,0
2665076,1.7000,1.7914,1.6593,0.04073,-25.22740,27.01881,0.00000,0
2665576,1.7000,1.7795,1.6601,0.03993,-25.23965,27.01918,0.00000,0
2666076,1.7000,1.7799,1.6601,0.03993,-25.23965,27.01954,0.00000,0
2666576,1.7000,1.7557,1.6617,0.03831,-25.26416,27.01990,0.00000,0
2667076,1.7000,1.7929,1.6593,0.04073,-25.22740,27.02026,0.00000,0
2667576,1.7000,1.7565,1.6617,0.03831,-25.26416,27.02062,0.00000,0
2668076,1.7000,1.7446,1.6625,0.03751,-25.27641,27.02097,0.00000,0
2668576,1.7000,1.7204,1.6641,0.03590,-25.30092,27.02130,0.00000,0
2669076,1.7000,1.6962,1.6657,0.03429,-25.32542,27.02162,0.00000,0
2669576,1.7000,1.6965,1.6657,0.03429,-25.32542,27.02193,0.00000,0
2670076,1.7000,1.6968,1.6657,0.03429,-25.32542,27.02225,0.00000,0
2670576,1.7000,1.7216,1.6641,0.03590,-25.30092,27.02257,0.00000,0
2671076,1.7000,1.6975,1.6657,0.03429,-25.32542,27.02289,0.00000,0
2671576,1.7000,1.7223,1.6641,0.03590,-25.30092,27.02321,0.00000,0
2672076,1.7000,1.7226,1.6641,0.03590,-25.30092,27.02353,0.00000,0
2672576,1.7000,1.7229,1.6641,0.03590,-25.30092,27.02386,0.00000,0
2673076,1.7000,1.7110,1.6649,0.03509,-25.31317,27.02419,0.00000,0
2673576,1.7000,1.6991,1.6657,0.03429,-25.32542,27.02450,0.00000,0
2674076,1.7000,1.7239,1.6641,0.03590,-25.30092,27.02482,0.00000,0
2674576,1.7000,1.7365,1.6633,0.03670,-25.28866,27.02515,0.00000,0
2675076,1.7000,1.7368,1.6633,0.03670,-25.28866,27.02549,0.00000,0
2675576,1.7000,1.7372,1.6633,0.03670,-25.28866,27.02582,0.00000,0
2676076,1.7000,1.7497,1.6625,0.03751,-25.27641,27.02616,0.00000,0
2676576,1.7000,1.7623,1.6617,0.03831,-25.26416,27.02650,0.00000,0
2677076,1.7000,1.7750,1.6609,0.03912,-25.25191,27.02686,0.00000,0
2677576,1.7000,1.7753,1.6609,0.03912,-25.25191,27.02721,0.00000,0
2678076,1.7000,1.7757,1.6609,0.03912,-25.25191,27.02757,0.00000,0
2678576,1.7000,1.7760,1.6609,0.03912,-25.25191,27.02793,0.00000,0
2679076,1.7000,1.7886,1.6601,0.03993,-25.23965,27.02829,0.00000,0
2679576,1.7000,1.8013,1.6593,0.04073,-25.22740,27.02866,0.00000,0
2680076,1.7000,1.8016,1.6593,0.04073,-25.22740,27.02903,0.00000,0
2680576,1.7000,1.7897,1.6601,0.03993,-25.23965,27.02940,0.00000,0
2681076,1.7000,1.8146,1.6585,0.04154,-25.21515,27.02977,0.00000,0
2681576,1.7000,1.7537,1.6625,0.03751,-25.27641,27.03013,0.00000,0
2682076,1.7000,1.7541,1.6625,0.03751,-25.27641,27.03047,0.00000,0
2682576,1.7000,1.7544,1.6625,0.03751,-25.27641,27.03081,0.00000,0
2683076,1.7000,1.7793,1.6609,0.03912,-25.25191,27.03116,0.00000,0
2683576,1.7000,1.7919,1.6601,0.03993,-25.23965,27.03152,0.00000,0
2684076,1.7000,1.7677,1.6617,0.03831,-25.26416,27.03188,0.00000,0
2684576,1.7000,1.7803,1.6609,0.03912,-25.25191,27.03223,0.00000,0
2685076,1.7000,1.7684,1.6617,0.03831,-25.26416,27.03258,0.00000,0
2685576,1.7000,1.7565,1.6625,0.03751,-25.27641,27.03293,0.00000,0
2686076,1.7000,1.7569,1.6625,0.03751,-25.27641,27.03327,0.00000,0
2686576,1.7000,1.7449,1.6633,0.03670,-25.28866,27.03361,0.00000,0
2687076,1.7000,1.7208,1.6649,0.03509,-25.31317,27.03394,0.00000,0
2687576,1.7000,1.7333,1.6641,0.03590,-25.30092,27.03426,0.00000,0
2688076,1.7000,1.6846,1.6673,0.03267,-25.34992,27.03457,0.00000,0
2688576,1.7000,1.6849,1.6673,0.03267,-25.34992,27.03487,0.00000,0
2689076,1.7000,1.6852,1.6673,0.03267,-25.34992,27.03517,0.00000,0
2689576,1.7000,1.6855,1.6673,0.03267,-25.34992,27.03547,0.00000,0
2690076,1.7000,1.7104,1.6657,0.03429,-25.32542,27.03577,0.00000,0
2690576,1.7000,1.7107,1.6657,0.03429,-25.32542,27.03608,0.00000,0
2691076,1.7000,1.7110,1.6657,0.03429,-25.32542,27.03640,0.00000,0
2691576,1.7000,1.7113,1.6657,0.03429,-25.32542,27.03671,0.00000,0
2692076,1.7000,1.7116,1.6657,0.03429,-25.32542,27.03702,0.00000,0
2692576,1.7000,1.6997,1.6665,0.03348,-25.33767,27.03733,0.00000,0
2693076,1.7000,1.7367,1.6641,0.03590,-25.30092,27.03765,0.00000,0
2693576,1.7000,1.7371,1.6641,0.03590,-25.30092,27.03798,0.00000,0
2694076,1.7000,1.7251,1.6649,0.03509,-25.31317,27.03830,0.00000,0
2694576,1.7000,1.7377,1.6641,0.03590,-25.30092,27.03862,0.00000,0
2695076,1.7000,1.7258,1.6649,0.03509,-25.31317,27.03895,0.00000,0
2695576,1.7000,1.7261,1.6649,0.03509,-25.31317,27.03927,0.00000,0
2696076,1.7000,1.7142,1.6657,0.03429,-25.32542,27.03959,0.00000,0
2696576,1.7000,1.7267,1.6649,0.03509,-25.31317,27.03990,0.00000,0
2697076,1.7000,1.7516,1.6633,0.03670,-25.28866,27.04023,0.00000,0
2697576,1.7000,1.7642,1.6625,0.03751,-25.27641,27.04057,0.00000,0
2698076,1.7000,1.7522,1.6633,0.03670,-25.28866,27.04090,0.00000,0
2698576,1.7000,1.7403,1.6641,0.03590,-25.30092,27.04123,0.00000,0
2699076,1.7000,1.7529,1.6633,0.03670,-25.28866,27.04156,0.00000,0
2699576,1.7000,1.7532,1.6633,0.03670,-25.28866,27.04190,0.00000,0
2700076,1.7000,1.7413,1.6641,0.03590,-25.30092,27.04223,0.00000,0
2700576,1.7000,1.7294,1.6649,0.03509,-25.31317,27.04255,0.00000,0
2701076,1.7000,1.7297,1.6649,0.03509,-25.31317,27.04287,0.00000,0
2701576,1.7000,1.7300,1.6649,0.03509,-25.31317,27.04319,0.00000,0
2702076,1.7000,1.6936,1.6673,0.03267,-25.34992,27.04350,0.00000,0
2702576,1.7000,1.6816,1.6681,0.03187,-25.36218,27.04380,0.00000,0
2703076,1.7000,1.6451,1.6705,0.02945,-25.39893,27.04408,0.00000,0
2703576,1.7000,1.6699,1.6689,0.03106,-25.37443,27.04435,0.00000,0
2704076,1.7000,1.6702,1.6689,0.03106,-25.37443,27.04464,0.00000,0
2704576,1.7000,1.6950,1.6673,0.03267,-25.34992,27.04493,0.00000,0
2705076,1.7000,1.6585,1.6697,0.03026,-25.38668,27.04521,0.00000,0
2705576,1.7000,1.6466,1.6705,0.02945,-25.39893,27.04548,0.00000,0
2706076,1.7000,1.6346,1.6714,0.02864,-25.41119,27.04575,0.00000,0
2706576,1.7000,1.6471,1.6705,0.02945,-25.39893,27.04601,0.00000,0
2707076,1.7000,1.6841,1.6681,0.03187,-25.36218,27.04630,0.00000,0
2707576,1.7000,1.6967,1.6673,0.03267,-25.34992,27.04659,0.00000,0
2708076,1.7000,1.7460,1.6641,0.03590,-25.30092,27.04690,0.00000,0
2708576,1.7000,1.7218,1.6657,0.03429,-25.32542,27.04722,0.00000,0
2709076,1.7000,1.7221,1.6657,0.03429,-25.32542,27.04753,0.00000,0
2709576,1.7000,1.7347,1.6649,0.03509,-25.31317,27.04785,0.00000,0
2710076,1.7000,1.7595,1.6633,0.03670,-25.28866,27.04818,0.00000,0
2710576,1.7000,1.8334,1.6585,0.04154,-25.21515,27.04854,0.00000,0
2711076,1.7000,1.7970,1.6609,0.03912,-25.25191,27.04890,0.00000,0
2711576,1.7000,1.8341,1.6585,0.04154,-25.21515,27.04927,0.00000,0
2712076,1.7000,1.8345,1.6585,0.04154,-25.21515,27.04965,0.00000,0
2712576,1.7000,1.8349,1.6585,0.04154,-25.21515,27.05003,0.00000,0
2713076,1.7000,1.8598,1.6568,0.04315,-25.19065,27.05041,0.00000,0
2713576,1.7000,1.8724,1.6560,0.04396,-25.17839,27.05081,0.00000,0
2714076,1.7000,1.8851,1.6552,0.04476,-25.16614,27.05121,0.00000,0
2714576,1.7000,1.8365,1.6585,0.04154,-25.21515,27.05161,0.00000,0
2715076,1.7000,1.8491,1.6577,0.04234,-25.20290,27.05199,0.00000,0
2715576,1.7000,1.7882,1.6617,0.03831,-25.26416,27.05236,0.00000,0
2716076,1.7000,1.8253,1.6593,0.04073,-25.22740,27.05272,0.00000,0
2716576,1.7000,1.7521,1.6641,0.03590,-25.30092,27.05307,0.00000,0
2717076,1.7000,1.7280,1.6657,0.03429,-25.32542,27.05339,0.00000,0
2717576,1.7000,1.7283,1.6657,0.03429,-25.32542,27.05370,0.00000,0
2718076,1.7000,1.6918,1.6681,0.03187,-25.36218,27.05400,0.00000,0
2718576,1.7000,1.6799,1.6689,0.03106,-25.37443,27.05429,0.00000,0
2719076,1.7000,1.6556,1.6705,0.02945,-25.39893,27.05456,0.00000,0
2719576,1.7000,1.6436,1.6714,0.02864,-25.41119,27.05483,0.00000,0
2720076,1.7000,1.6194,1.6730,0.02703,-25.43569,27.05508,0.00000,0
2720576,1.7000,1.6319,1.6722,0.02784,-25.42344,27.05533,0.00000,0
2721076,1.7000,1.6321,1.6722,0.02784,-25.42344,27.05559,0.00000,0
2721576,1.7000,1.6814,1.6689,0.03106,-25.37443,27.05585,0.00000,0
2722076,1.7000,1.7185,1.6665,0.03348,-25.33767,27.05615,0.00000,0
2722576,1.7000,1.7188,1.6665,0.03348,-25.33767,27.05645,0.00000,0
2723076,1.7000,1.7191,1.6665,0.03348,-25.33767,27.05676,0.00000,0
2723576,1.7000,1.7071,1.6673,0.03267,-25.34992,27.05706,0.00000,0
2724076,1.7000,1.7074,1.6673,0.03267,-25.34992,27.05736,0.00000,0
2724576,1.7000,1.7690,1.6633,0.03670,-25.28866,27.05767,0.00000,0
2725076,1.7000,1.7939,1.6617,0.03831,-25.26416,27.05802,0.00000,0
2725576,1.7000,1.7942,1.6617,0.03831,-25.26416,27.05836,0.00000,0
2726076,1.7000,1.8313,1.6593,0.04073,-25.22740,27.05873,0.00000,0
2726576,1.7000,1.8072,1.6609,0.03912,-25.25191,27.05909,0.00000,0
2727076,1.7000,1.7830,1.6625,0.03751,-25.27641,27.05944,0.00000,0
2727576,1.7000,1.7956,1.6617,0.03831,-25.26416,27.05978,0.00000,0
2728076,1.7000,1.7960,1.6617,0.03831,-25.26416,27.06013,0.00000,0
2728576,1.7000,1.7841,1.6625,0.03751,-25.27641,27.06048,0.00000,0
2729076,1.7000,1.7967,1.6617,0.03831,-25.26416,27.06082,0.00000,0
2729576,1.7000,1.7480,1.6649,0.03509,-25.31317,27.06116,0.00000,0
2730076,1.7000,1.7483,1.6649,0.03509,-25.31317,27.06148,0.00000,0
2730576,1.7000,1.7486,1.6649,0.03509,-25.31317,27.06180,0.00000,0
2731076,1.7000,1.6999,1.6681,0.03187,-25.36218,27.06210,0.00000,0
2731576,1.7000,1.6512,1.6714,0.02864,-25.41119,27.06238,0.00000,0
2732076,1.7000,1.6515,1.6714,0.02864,-25.41119,27.06264,0.00000,0
2732576,1.7000,1.6395,1.6722,0.02784,-25.42344,27.06290,0.00000,0
2733076,1.7000,1.6520,1.6714,0.02864,-25.41119,27.06316,0.00000,0
2733576,1.7000,1.6767,1.6697,0.03026,-25.38668,27.06343,0.00000,0
2734076,1.7000,1.6648,1.6705,0.02945,-25.39893,27.06370,0.00000,0
2734576,1.7000,1.6773,1.6697,0.03026,-25.38668,27.06397,0.00000,0
2735076,1.7000,1.6776,1.6697,0.03026,-25.38668,27.06425,0.00000,0
2735576,1.7000,1.6901,1.6689,0.03106,-25.37443,27.06453,0.00000,0
2736076,1.7000,1.6904,1.6689,0.03106,-25.37443,27.06481,0.00000,0
2736576,1.7000,1.7152,1.6673,0.03267,-25.34992,27.06510,0.00000,0
2737076,1.7000,1.7277,1.6665,0.03348,-25.33767,27.06540,0.00000,0
2737576,1.7000,1.7280,1.6665,0.03348,-25.33767,27.06571,0.00000,0
2738076,1.7000,1.6916,1.6689,0.03106,-25.37443,27.06600,0.00000,0
2738576,1.7000,1.7164,1.6673,0.03267,-25.34992,27.06629,0.00000,0
2739076,1.7000,1.7289,1.6665,0.03348,-25.33767,27.06659,0.00000,0
2739576,1.7000,1.7047,1.6681,0.03187,-25.36218,27.06689,0.00000,0
2740076,1.7000,1.7173,1.6673,0.03267,-25.34992,27.06718,0.00000,0
2740576,1.7000,1.7176,1.6673,0.03267,-25.34992,27.06748,0.00000,0
2741076,1.7000,1.6933,1.6689,0.03106,-25.37443,27.06777,0.00000,0
2741576,1.7000,1.6814,1.6697,0.03026,-25.38668,27.06805,0.00000,0
2742076,1.7000,1.6816,1.6697,0.03026,-25.38668,27.06833,0.00000,0
2742576,1.7000,1.6819,1.6697,0.03026,-25.38668,27.06860,0.00000,0
2743076,1.7000,1.7067,1.6681,0.03187,-25.36218,27.06889,0.00000,0
2743576,1.7000,1.6825,1.6697,0.03026,-25.38668,27.06917,0.00000,0
2744076,1.7000,1.6705,1.6705,0.02945,-25.39893,27.06944,0.00000,0
2744576,1.7000,1.7075,1.6681,0.03187,-25.36218,27.06972,0.00000,0
2745076,1.7000,1.6833,1.6697,0.03026,-25.38668,27.07000,0.00000,0
2745576,1.7000,1.6836,1.6697,0.03026,-25.38668,27.07028,0.00000,0
2746076,1.7000,1.7084,1.6681,0.03187,-25.36218,27.07056,0.00000,0
2746576,1.7000,1.7087,1.6681,0.03187,-25.36218,27.07085,0.00000,0
2747076,1.7000,1.6967,1.6689,0.03106,-25.37443,27.07114,0.00000,0
2747576,1.7000,1.6970,1.6689,0.03106,-25.37443,27.07142,0.00000,0
2748076,1.7000,1.6973,1.6689,0.03106,-25.37443,27.07170,0.00000,0
2748576,1.7000,1.7098,1.6681,0.03187,-25.36218,27.07199,0.00000,0
2749076,1.7000,1.7101,1.6681,0.03187,-25.36218,27.07228,0.00000,0
2749576,1.7000,1.6981,1.6689,0.03106,-25.37443,27.07257,0.00000,0
2750076,1.7000,1.6739,1.6705,0.02945,-25.39893,27.07284,0.00000,0
2750576,1.7000,1.6497,1.6722,0.02784,-25.42344,27.07310,0.00000,0
2751076,1.7000,1.6867,1.6697,0.03026,-25.38668,27.07337,0.00000,0
2751576,1.7000,1.7115,1.6681,0.03187,-25.36218,27.07365,0.00000,0
2752076,1.7000,1.7118,1.6681,0.03187,-25.36218,27.07394,0.00000,0
2752576,1.7000,1.7243,1.6673,0.03267,-25.34992,27.07423,0.00000,0
2753076,1.7000,1.7124,1.6681,0.03187,-25.36218,27.07453,0.00000,0
2753576,1.7000,1.6881,1.6697,0.03026,-25.38668,27.07481,0.00000,0
2754076,1.7000,1.6884,1.6697,0.03026,-25.38668,27.07509,0.00000,0
2754576,1.7000,1.6764,1.6705,0.02945,-25.39893,27.07536,0.00000,0
2755076,1.7000,1.7012,1.6689,0.03106,-25.37443,27.07564,0.00000,0
2755576,1.7000,1.7137,1.6681,0.03187,-25.36218,27.07592,0.00000,0
2756076,1.7000,1.7018,1.6689,0.03106,-25.37443,27.07621,0.00000,0
2756576,1.7000,1.6776,1.6705,0.02945,-25.39893,27.07648,0.00000,0
2757076,1.7000,1.6778,1.6705,0.02945,-25.39893,27.07675,0.00000,0
2757576,1.7000,1.6658,1.6714,0.02864,-25.41119,27.07702,0.00000,0
2758076,1.7000,1.6416,1.6730,0.02703,-25.43569,27.07727,0.00000,0
2758576,1.7000,1.6909,1.6697,0.03026,-25.38668,27.07753,0.00000,0
2759076,1.7000,1.7156,1.6681,0.03187,-25.36218,27.07782,0.00000,0
2759576,1.7000,1.7282,1.6673,0.03267,-25.34992,27.07811,0.00000,0
2760076,1.7000,1.7285,1.6673,0.03267,-25.34992,27.07841,0.00000,0
2760576,1.7000,1.7043,1.6689,0.03106,-25.37443,27.07870,0.00000,0
2761076,1.7000,1.7045,1.6689,0.03106,-25.37443,27.07898,0.00000,0
2761576,1.7000,1.7293,1.6673,0.03267,-25.34992,27.07927,0.00000,0
2762076,1.7000,1.7296,1.6673,0.03267,-25.34992,27.07957,0.00000,0
2762576,1.7000,1.7422,1.6665,0.03348,-25.33767,27.07987,0.00000,0
2763076,1.7000,1.7793,1.6641,0.03590,-25.30092,27.08018,0.00000,0
2763576,1.7000,1.7428,1.6665,0.03348,-25.33767,27.08050,0.00000,0
2764076,1.7000,1.7064,1.6689,0.03106,-25.37443,27.08080,0.00000,0
2764576,1.7000,1.7066,1.6689,0.03106,-25.37443,27.08108,0.00000,0
2765076,1.7000,1.6947,1.6697,0.03026,-25.38668,27.08136,0.00000,0
2765576,1.7000,1.7317,1.6673,0.03267,-25.34992,27.08164,0.00000,0
2766076,1.7000,1.7443,1.6665,0.03348,-25.33767,27.08195,0.00000,0
2766576,1.7000,1.7201,1.6681,0.03187,-25.36218,27.08224,0.00000,0
2767076,1.7000,1.7204,1.6681,0.03187,-25.36218,27.08253,0.00000,0
2767576,1.7000,1.7084,1.6689,0.03106,-25.37443,27.08282,0.00000,0
2768076,1.7000,1.7454,1.6665,0.03348,-25.33767,27.08311,0.00000,0
2768576,1.7000,1.7825,1.6641,0.03590,-25.30092,27.08343,0.00000,0
2769076,1.7000,1.7706,1.6649,0.03509,-25.31317,27.08375,0.00000,0
2769576,1.7000,1.7709,1.6649,0.03509,-25.31317,27.08407,0.00000,0
2770076,1.7000,1.7835,1.6641,0.03590,-25.30092,27.08440,0.00000,0
2770576,1.7000,1.7470,1.6665,0.03348,-25.33767,27.08471,0.00000,0
2771076,1.7000,1.7473,1.6665,0.03348,-25.33767,27.08502,0.00000,0
2771576,1.7000,1.7477,1.6665,0.03348,-25.33767,27.08533,0.00000,0
2772076,1.7000,1.7234,1.6681,0.03187,-25.36218,27.08562,0.00000,0
2772576,1.7000,1.6992,1.6697,0.03026,-25.38668,27.08591,0.00000,0
2773076,1.7000,1.6382,1.6738,0.02623,-25.44794,27.08616,0.00000,0
2773576,1.7000,1.6017,1.6762,0.02381,-25.48470,27.08639,0.00000,0
2774076,1.7000,1.6264,1.6746,0.02542,-25.46019,27.08662,0.00000,0
2774576,1.7000,1.6144,1.6754,0.02462,-25.47245,27.08685,0.00000,0
2775076,1.7000,1.6146,1.6754,0.02462,-25.47245,27.08707,0.00000,0
2775576,1.7000,1.6516,1.6730,0.02703,-25.43569,27.08731,0.00000,0
2776076,1.7000,1.6396,1.6738,0.02623,-25.44794,27.08755,0.00000,0
2776576,1.7000,1.6644,1.6722,0.02784,-25.42344,27.08779,0.00000,0
2777076,1.7000,1.6646,1.6722,0.02784,-25.42344,27.08805,0.00000,0
2777576,1.7000,1.6894,1.6705,0.02945,-25.39893,27.08831,0.00000,0
2778076,1.7000,1.6774,1.6714,0.02864,-25.41119,27.08857,0.00000,0
2778576,1.7000,1.6899,1.6705,0.02945,-25.39893,27.08884,0.00000,0
2779076,1.7000,1.6902,1.6705,0.02945,-25.39893,27.08911,0.00000,0
2779576,1.7000,1.6904,1.6705,0.02945,-25.39893,27.08938,0.00000,0
2780076,1.7000,1.7030,1.6697,0.03026,-25.38668,27.08965,0.00000,0
2780576,1.7000,1.6910,1.6705,0.02945,-25.39893,27.08992,0.00000,0
2781076,1.7000,1.6790,1.6714,0.02864,-25.41119,27.09019,0.00000,0
2781576,1.7000,1.6793,1.6714,0.02864,-25.41119,27.09045,0.00000,0
2782076,1.7000,1.6918,1.6705,0.02945,-25.39893,27.09071,0.00000,0
2782576,1.7000,1.6920,1.6705,0.02945,-25.39893,27.09098,0.00000,0
2783076,1.7000,1.7046,1.6697,0.03026,-25.38668,27.09126,0.00000,0
2783576,1.7000,1.6926,1.6705,0.02945,-25.39893,27.09153,0.00000,0
2784076,1.7000,1.6929,1.6705,0.02945,-25.39893,27.09180,0.00000,0
2784576,1.7000,1.7054,1.6697,0.03026,-25.38668,27.09207,0.00000,0
2785076,1.7000,1.6934,1.6705,0.02945,-25.39893,27.09234,0.00000,0
2785576,1.7000,1.6937,1.6705,0.02945,-25.39893,27.09261,0.00000,0
2786076,1.7000,1.7062,1.6697,0.03026,-25.38668,27.09288,0.00000,0
2786576,1.7000,1.6820,1.6714,0.02864,-25.41119,27.09315,0.00000,0
2787076,1.7000,1.6822,1.6714,0.02864,-25.41119,27.09341,0.00000,0
2787576,1.7000,1.6580,1.6730,0.02703,-25.43569,27.09367,0.00000,0
2788076,1.7000,1.6827,1.6714,0.02864,-25.41119,27.09392,0.00000,0
2788576,1.7000,1.6830,1.6714,0.02864,-25.41119,27.09418,0.00000,0
2789076,1.7000,1.6955,1.6705,0.02945,-25.39893,27.09445,0.00000,0
2789576,1.7000,1.6590,1.6730,0.02703,-25.43569,27.09471,0.00000,0
2790076,1.7000,1.6593,1.6730,0.02703,-25.43569,27.09495,0.00000,0
2790576,1.7000,1.6595,1.6730,0.02703,-25.43569,27.09520,0.00000,0
2791076,1.7000,1.6475,1.6738,0.02623,-25.44794,27.09544,0.00000,0
2791576,1.7000,1.6600,1.6730,0.02703,-25.43569,27.09568,0.00000,0
2792076,1.7000,1.6480,1.6738,0.02623,-25.44794,27.09592,0.00000,0
2792576,1.7000,1.6850,1.6714,0.02864,-25.41119,27.09617,0.00000,0
2793076,1.7000,1.6362,1.6746,0.02542,-25.46019,27.09642,0.00000,0
2793576,1.7000,1.6610,1.6730,0.02703,-25.43569,27.09666,0.00000,0
2794076,1.7000,1.6367,1.6746,0.02542,-25.46019,27.09690,0.00000,0
2794576,1.7000,1.6614,1.6730,0.02703,-25.43569,27.09714,0.00000,0
2795076,1.7000,1.6739,1.6722,0.02784,-25.42344,27.09739,0.00000,0
2795576,1.7000,1.6742,1.6722,0.02784,-25.42344,27.09764,0.00000,0
2796076,1.7000,1.6867,1.6714,0.02864,-25.41119,27.09790,0.00000,0
2796576,1.7000,1.6870,1.6714,0.02864,-25.41119,27.09816,0.00000,0
2797076,1.7000,1.6995,1.6705,0.02945,-25.39893,27.09842,0.00000,0
2797576,1.7000,1.6998,1.6705,0.02945,-25.39893,27.09869,0.00000,0
2798076,1.7000,1.7736,1.6657,0.03429,-25.32542,27.09898,0.00000,0
2798576,1.7000,1.7248,1.6689,0.03106,-25.37443,27.09928,0.00000,0
2799076,1.7000,1.7374,1.6681,0.03187,-25.36218,27.09957,0.00000,0
2799576,1.7000,1.7132,1.6697,0.03026,-25.38668,27.09985,0.00000,0
2800076,1.7000,1.7134,1.6697,0.03026,-25.38668,27.10012,0.00000,0
2800576,1.7000,1.7137,1.6697,0.03026,-25.38668,27.10040,0.00000,0
2801076,1.7000,1.6772,1.6722,0.02784,-25.42344,27.10067,0.00000,0
2801576,1.7000,1.6775,1.6722,0.02784,-25.42344,27.10092,0.00000,0
2802076,1.7000,1.6655,1.6730,0.02703,-25.43569,27.10117,0.00000,0
2802576,1.7000,1.6780,1.6722,0.02784,-25.42344,27.10142,0.00000,0
2803076,1.7000,1.6170,1.6762,0.02381,-25.48470,27.10165,0.00000,0
2803576,1.7000,1.6539,1.6738,0.02623,-25.44794,27.10188,0.00000,0
2804076,1.7000,1.6542,1.6738,0.02623,-25.44794,27.10212,0.00000,0
2804576,1.7000,1.6667,1.6730,0.02703,-25.43569,27.10236,0.00000,0
2805076,1.7000,1.6669,1.6730,0.02703,-25.43569,27.10261,0.00000,0
2805576,1.7000,1.6794,1.6722,0.02784,-25.42344,27.10286,0.00000,0
2806076,1.7000,1.7164,1.6697,0.03026,-25.38668,27.10312,0.00000,0
2806576,1.7000,1.7167,1.6697,0.03026,-25.38668,27.10340,0.00000,0
2807076,1.7000,1.7293,1.6689,0.03106,-25.37443,27.10368,0.00000,0
2807576,1.7000,1.7050,1.6705,0.02945,-25.39893,27.10396,0.00000,0
2808076,1.7000,1.7176,1.6697,0.03026,-25.38668,27.10423,0.00000,0
2808576,1.7000,1.7056,1.6705,0.02945,-25.39893,27.10450,0.00000,0
2809076,1.7000,1.7058,1.6705,0.02945,-25.39893,27.10477,0.00000,0
2809576,1.7000,1.7184,1.6697,0.03026,-25.38668,27.10505,0.00000,0
2810076,1.7000,1.7064,1.6705,0.02945,-25.39893,27.10532,0.00000,0
2810576,1.7000,1.6821,1.6722,0.02784,-25.42344,27.10558,0.00000,0
2811076,1.7000,1.6824,1.6722,0.02784,-25.42344,27.10583,0.00000,0
2811576,1.7000,1.7072,1.6705,0.02945,-25.39893,27.10609,0.00000,0
2812076,1.7000,1.7074,1.6705,0.02945,-25.39893,27.10636,0.00000,0
2812576,1.7000,1.7200,1.6697,0.03026,-25.38668,27.10664,0.00000,0
2813076,1.7000,1.7202,1.6697,0.03026,-25.38668,27.10691,0.00000,0
2813576,1.7000,1.7083,1.6705,0.02945,-25.39893,27.10719,0.00000,0
2814076,1.7000,1.6963,1.6714,0.02864,-25.41119,27.10745,0.00000,0
2814576,1.7000,1.6843,1.6722,0.02784,-25.42344,27.10771,0.00000,0
2815076,1.7000,1.6845,1.6722,0.02784,-25.42344,27.10796,0.00000,0
2815576,1.7000,1.6970,1.6714,0.02864,-25.41119,27.10822,0.00000,0
2816076,1.7000,1.6973,1.6714,0.02864,-25.41119,27.10848,0.00000,0
2816576,1.7000,1.6608,1.6738,0.02623,-25.44794,27.10873,0.00000,0
2817076,1.7000,1.6610,1.6738,0.02623,-25.44794,27.10897,0.00000,0
2817576,1.7000,1.6858,1.6722,0.02784,-25.42344,27.10921,0.00000,0
2818076,1.7000,1.6983,1.6714,0.02864,-25.41119,27.10947,0.00000,0
2818576,1.7000,1.6740,1.6730,0.02703,-25.43569,27.10973,0.00000,0
2819076,1.7000,1.6865,1.6722,0.02784,-25.42344,27.10998,0.00000,0
2819576,1.7000,1.7113,1.6705,0.02945,-25.39893,27.11024,0.00000,0
2820076,1.7000,1.6871,1.6722,0.02784,-25.42344,27.11050,0.00000,0
2820576,1.7000,1.6751,1.6730,0.02703,-25.43569,27.11075,0.00000,0
2821076,1.7000,1.6630,1.6738,0.02623,-25.44794,27.11099,0.00000,0
2821576,1.7000,1.7001,1.6714,0.02864,-25.41119,27.11124,0.00000,0
2822076,1.7000,1.7126,1.6705,0.02945,-25.39893,27.11151,0.00000,0
2822576,1.7000,1.6883,1.6722,0.02784,-25.42344,27.11177,0.00000,0
2823076,1.7000,1.6886,1.6722,0.02784,-25.42344,27.11202,0.00000,0
2823576,1.7000,1.7011,1.6714,0.02864,-25.41119,27.11228,0.00000,0
2824076,1.7000,1.6646,1.6738,0.02623,-25.44794,27.11253,0.00000,0
2824576,1.7000,1.6648,1.6738,0.02623,-25.44794,27.11277,0.00000,0
2825076,1.7000,1.6896,1.6722,0.02784,-25.42344,27.11301,0.00000,0
2825576,1.7000,1.6776,1.6730,0.02703,-25.43569,27.11326,0.00000,0
2826076,1.7000,1.6656,1.6738,0.02623,-25.44794,27.11350,0.00000,0
2826576,1.7000,1.6658,1.6738,0.02623,-25.44794,27.11374,0.00000,0
2827076,1.7000,1.6293,1.6762,0.02381,-25.48470,27.11397,0.00000,0
2827576,1.7000,1.6295,1.6762,0.02381,-25.48470,27.11419,0.00000,0
2828076,1.7000,1.6175,1.6770,0.02300,-25.49695,27.11440,0.00000,0
2828576,1.7000,1.6422,1.6754,0.02462,-25.47245,27.11462,0.00000,0
2829076,1.7000,1.6424,1.6754,0.02462,-25.47245,27.11485,0.00000,0
2829576,1.7000,1.6549,1.6746,0.02542,-25.46019,27.11507,0.00000,0
2830076,1.7000,1.6551,1.6746,0.02542,-25.46019,27.11530,0.00000,0
2830576,1.7000,1.6553,1.6746,0.02542,-25.46019,27.11554,0.00000,0
2831076,1.7000,1.6923,1.6722,0.02784,-25.42344,27.11578,0.00000,0
2831576,1.7000,1.6681,1.6738,0.02623,-25.44794,27.11602,0.00000,0
2832076,1.7000,1.7051,1.6714,0.02864,-25.41119,27.11627,0.00000,0
2832576,1.7000,1.7053,1.6714,0.02864,-25.41119,27.11654,0.00000,0
2833076,1.7000,1.7179,1.6705,0.02945,-25.39893,27.11680,0.00000,0
2833576,1.7000,1.7059,1.6714,0.02864,-25.41119,27.11707,0.00000,0
2834076,1.7000,1.7184,1.6705,0.02945,-25.39893,27.11733,0.00000,0
2834576,1.7000,1.7309,1.6697,0.03026,-25.38668,27.11760,0.00000,0
2835076,1.7000,1.7312,1.6697,0.03026,-25.38668,27.11788,0.00000,0
2835576,1.7000,1.7070,1.6714,0.02864,-25.41119,27.11815,0.00000,0
2836076,1.7000,1.6827,1.6730,0.02703,-25.43569,27.11840,0.00000,0
2836576,1.7000,1.7075,1.6714,0.02864,-25.41119,27.11866,0.00000,0
2837076,1.7000,1.7200,1.6705,0.02945,-25.39893,27.11892,0.00000,0
2837576,1.7000,1.7203,1.6705,0.02945,-25.39893,27.11919,0.00000,0
2838076,1.7000,1.7083,1.6714,0.02864,-25.41119,27.11946,0.00000,0
2838576,1.7000,1.7208,1.6705,0.02945,-25.39893,27.11972,0.00000,0
2839076,1.7000,1.7333,1.6697,0.03026,-25.38668,27.11999,0.00000,0
2839576,1.7000,1.7091,1.6714,0.02864,-25.41119,27.12026,0.00000,0
2840076,1.7000,1.7093,1.6714,0.02864,-25.41119,27.12052,0.00000,0
2840576,1.7000,1.7464,1.6689,0.03106,-25.37443,27.12080,0.00000,0
2841076,1.7000,1.7344,1.6697,0.03026,-25.38668,27.12108,0.00000,0
2841576,1.7000,1.7102,1.6714,0.02864,-25.41119,27.12135,0.00000,0
2842076,1.7000,1.6982,1.6722,0.02784,-25.42344,27.12160,0.00000,0
2842576,1.7000,1.6862,1.6730,0.02703,-25.43569,27.12185,0.00000,0
2843076,1.7000,1.6864,1.6730,0.02703,-25.43569,27.12210,0.00000,0
2843576,1.7000,1.6989,1.6722,0.02784,-25.42344,27.12235,0.00000,0
2844076,1.7000,1.6869,1.6730,0.02703,-25.43569,27.12260,0.00000,0
2844576,1.7000,1.6994,1.6722,0.02784,-25.42344,27.12285,0.00000,0
2845076,1.7000,1.6997,1.6722,0.02784,-25.42344,27.12310,0.00000,0
2845576,1.7000,1.6877,1.6730,0.02703,-25.43569,27.12335,0.00000,0
2846076,1.7000,1.7002,1.6722,0.02784,-25.42344,27.12360,0.00000,0
2846576,1.7000,1.7127,1.6714,0.02864,-25.41119,27.12386,0.00000,0
2847076,1.7000,1.7497,1.6689,0.03106,-25.37443,27.12413,0.00000,0
2847576,1.7000,1.7377,1.6697,0.03026,-25.38668,27.12441,0.00000,0
2848076,1.7000,1.7380,1.6697,0.03026,-25.38668,27.12469,0.00000,0
2848576,1.7000,1.7505,1.6689,0.03106,-25.37443,27.12497,0.00000,0
2849076,1.7000,1.7508,1.6689,0.03106,-25.37443,27.12525,0.00000,0
2849576,1.7000,1.7634,1.6681,0.03187,-25.36218,27.12554,0.00000,0
2850076,1.7000,1.7759,1.6673,0.03267,-25.34992,27.12583,0.00000,0
2850576,1.7000,1.7639,1.6681,0.03187,-25.36218,27.12613,0.00000,0
2851076,1.7000,1.7765,1.6673,0.03267,-25.34992,27.12642,0.00000,0
2851576,1.7000,1.7523,1.6689,0.03106,-25.37443,27.12671,0.00000,0
2852076,1.7000,1.7035,1.6722,0.02784,-25.42344,27.12698,0.00000,0
2852576,1.7000,1.7160,1.6714,0.02864,-25.41119,27.12724,0.00000,0
2853076,1.7000,1.7041,1.6722,0.02784,-25.42344,27.12749,0.00000,0
2853576,1.7000,1.6921,1.6730,0.02703,-25.43569,27.12774,0.00000,0
2854076,1.7000,1.6800,1.6738,0.02623,-25.44794,27.12799,0.00000,0
2854576,1.7000,1.6558,1.6754,0.02462,-25.47245,27.12822,0.00000,0
2855076,1.7000,1.6192,1.6778,0.02220,-25.50920,27.12843,0.00000,0
2855576,1.7000,1.6072,1.6786,0.02139,-25.52146,27.12863,0.00000,0
2856076,1.7000,1.6319,1.6770,0.02300,-25.49695,27.12883,0.00000,0
2856576,1.7000,1.6321,1.6770,0.02300,-25.49695,27.12904,0.00000,0
2857076,1.7000,1.6323,1.6770,0.02300,-25.49695,27.12925,0.00000,0
2857576,1.7000,1.5957,1.6794,0.02059,-25.53371,27.12945,0.00000,0
2858076,1.7000,1.5959,1.6794,0.02059,-25.53371,27.12963,0.00000,0
2858576,1.7000,1.6084,1.6786,0.02139,-25.52146,27.12983,0.00000,0
2859076,1.7000,1.5963,1.6794,0.02059,-25.53371,27.13002,0.00000,0
2859576,1.7000,1.5965,1.6794,0.02059,-25.53371,27.13020,0.00000,0
2860076,1.7000,1.6457,1.6762,0.02381,-25.48470,27.13041,0.00000,0
2860576,1.7000,1.6459,1.6762,0.02381,-25.48470,27.13062,0.00000,0
2861076,1.7000,1.6216,1.6778,0.02220,-25.50920,27.13083,0.00000,0
2861576,1.7000,1.6341,1.6770,0.02300,-25.49695,27.13104,0.00000,0
2862076,1.7000,1.6466,1.6762,0.02381,-25.48470,27.13125,0.00000,0
2862576,1.7000,1.6590,1.6754,0.02462,-25.47245,27.13147,0.00000,0
2863076,1.7000,1.6470,1.6762,0.02381,-25.48470,27.13169,0.00000,0
2863576,1.7000,1.6350,1.6770,0.02300,-25.49695,27.13191,0.00000,0
2864076,1.7000,1.6964,1.6730,0.02703,-25.43569,27.13214,0.00000,0
2864576,1.7000,1.6844,1.6738,0.02623,-25.44794,27.13238,0.00000,0
2865076,1.7000,1.6847,1.6738,0.02623,-25.44794,27.13262,0.00000,0
2865576,1.7000,1.6849,1.6738,0.02623,-25.44794,27.13286,0.00000,0
2866076,1.7000,1.6974,1.6730,0.02703,-25.43569,27.13310,0.00000,0
2866576,1.7000,1.7099,1.6722,0.02784,-25.42344,27.13335,0.00000,0
2867076,1.7000,1.7224,1.6714,0.02864,-25.41119,27.13361,0.00000,0
2867576,1.7000,1.7227,1.6714,0.02864,-25.41119,27.13387,0.00000,0
2868076,1.7000,1.7842,1.6673,0.03267,-25.34992,27.13415,0.00000,0
2868576,1.7000,1.7845,1.6673,0.03267,-25.34992,27.13445,0.00000,0
2869076,1.7000,1.7481,1.6697,0.03026,-25.38668,27.13473,0.00000,0
2869576,1.7000,1.7851,1.6673,0.03267,-25.34992,27.13502,0.00000,0
2870076,1.7000,1.7731,1.6681,0.03187,-25.36218,27.13531,0.00000,0
2870576,1.7000,1.7979,1.6665,0.03348,-25.33767,27.13561,0.00000,0
2871076,1.7000,1.7370,1.6705,0.02945,-25.39893,27.13589,0.00000,0
2871576,1.7000,1.7372,1.6705,0.02945,-25.39893,27.13616,0.00000,0
2872076,1.7000,1.7498,1.6697,0.03026,-25.38668,27.13644,0.00000,0
2872576,1.7000,1.7745,1.6681,0.03187,-25.36218,27.13672,0.00000,0
2873076,1.7000,1.7381,1.6705,0.02945,-25.39893,27.13700,0.00000,0
2873576,1.7000,1.7261,1.6714,0.02864,-25.41119,27.13726,0.00000,0
2874076,1.7000,1.7141,1.6722,0.02784,-25.42344,27.13752,0.00000,0
2874576,1.7000,1.7021,1.6730,0.02703,-25.43569,27.13777,0.00000,0
2875076,1.7000,1.6778,1.6746,0.02542,-25.46019,27.13801,0.00000,0
2875576,1.7000,1.6535,1.6762,0.02381,-25.48470,27.13824,0.00000,0
2876076,1.7000,1.6905,1.6738,0.02623,-25.44794,27.13846,0.00000,0
2876576,1.7000,1.6785,1.6746,0.02542,-25.46019,27.13870,0.00000,0
2877076,1.7000,1.6665,1.6754,0.02462,-25.47245,27.13893,0.00000,0
2877576,1.7000,1.6422,1.6770,0.02300,-25.49695,27.13914,0.00000,0
2878076,1.7000,1.6301,1.6778,0.02220,-25.50920,27.13935,0.00000,0
2878576,1.7000,1.6181,1.6786,0.02139,-25.52146,27.13955,0.00000,0
2879076,1.7000,1.6183,1.6786,0.02139,-25.52146,27.13974,0.00000,0
2879576,1.7000,1.6062,1.6794,0.02059,-25.53371,27.13993,0.00000,0
2880076,1.7000,1.5942,1.6802,0.01978,-25.54596,27.14012,0.00000,0
2880576,1.7000,1.6066,1.6794,0.02059,-25.53371,27.14030,0.00000,0
2881076,1.7000,1.5823,1.6810,0.01897,-25.55821,27.14048,0.00000,0
2881576,1.7000,1.5947,1.6802,0.01978,-25.54596,27.14066,0.00000,0
2882076,1.7000,1.5704,1.6818,0.01817,-25.57047,27.14083,0.00000,0
2882576,1.7000,1.5460,1.6834,0.01656,-25.59497,27.14099,0.00000,0
2883076,1.7000,1.5584,1.6826,0.01736,-25.58272,27.14115,0.00000,0
2883576,1.7000,1.5708,1.6818,0.01817,-25.57047,27.14131,0.00000,0
2884076,1.7000,1.6078,1.6794,0.02059,-25.53371,27.14149,0.00000,0
2884576,1.7000,1.6325,1.6778,0.02220,-25.50920,27.14168,0.00000,0
2885076,1.7000,1.6572,1.6762,0.02381,-25.48470,27.14189,0.00000,0
2885576,1.7000,1.6452,1.6770,0.02300,-25.49695,27.14210,0.00000,0
2886076,1.7000,1.6454,1.6770,0.02300,-25.49695,27.14231,0.00000,0
2886576,1.7000,1.6701,1.6754,0.02462,-25.47245,27.14253,0.00000,0
2887076,1.7000,1.6948,1.6738,0.02623,-25.44794,27.14276,0.00000,0
2887576,1.7000,1.6951,1.6738,0.02623,-25.44794,27.14300,0.00000,0
2888076,1.7000,1.6708,1.6754,0.02462,-25.47245,27.14323,0.00000,0
2888576,1.7000,1.6955,1.6738,0.02623,-25.44794,27.14346,0.00000,0
2889076,1.7000,1.6712,1.6754,0.02462,-25.47245,27.14369,0.00000,0
2889576,1.7000,1.6592,1.6762,0.02381,-25.48470,27.14391,0.00000,0
2890076,1.7000,1.6594,1.6762,0.02381,-25.48470,27.14413,0.00000,0
2890576,1.7000,1.6596,1.6762,0.02381,-25.48470,27.14435,0.00000,0
2891076,1.7000,1.6721,1.6754,0.02462,-25.47245,27.14457,0.00000,0
2891576,1.7000,1.6478,1.6770,0.02300,-25.49695,27.14479,0.00000,0
2892076,1.7000,1.6480,1.6770,0.02300,-25.49695,27.14500,0.00000,0
2892576,1.7000,1.6483,1.6770,0.02300,-25.49695,27.14521,0.00000,0
2893076,1.7000,1.6852,1.6746,0.02542,-25.46019,27.14543,0.00000,0
2893576,1.7000,1.6242,1.6786,0.02139,-25.52146,27.14564,0.00000,0
2894076,1.7000,1.5508,1.6834,0.01656,-25.59497,27.14581,0.00000,0
2894576,1.7000,1.5633,1.6826,0.01736,-25.58272,27.14597,0.00000,0
2895076,1.7000,1.5389,1.6842,0.01575,-25.60722,27.14612,0.00000,0
2895576,1.7000,1.6126,1.6794,0.02059,-25.53371,27.14629,0.00000,0
2896076,1.7000,1.6005,1.6802,0.01978,-25.54596,27.14647,0.00000,0
2896576,1.7000,1.6007,1.6802,0.01978,-25.54596,27.14665,0.00000,0
2897076,1.7000,1.6009,1.6802,0.01978,-25.54596,27.14683,0.00000,0
2897576,1.7000,1.6011,1.6802,0.01978,-25.54596,27.14701,0.00000,0
2898076,1.7000,1.5890,1.6810,0.01897,-25.55821,27.14719,0.00000,0
2898576,1.7000,1.6382,1.6778,0.02220,-25.50920,27.14738,0.00000,0
2899076,1.7000,1.7119,1.6730,0.02703,-25.43569,27.14760,0.00000,0
2899576,1.7000,1.6999,1.6738,0.02623,-25.44794,27.14784,0.00000,0
2900076,1.7000,1.7369,1.6714,0.02864,-25.41119,27.14809,0.00000,0
2900576,1.7000,1.6636,1.6762,0.02381,-25.48470,27.14833,0.00000,0
2901076,1.7000,1.6761,1.6754,0.02462,-25.47245,27.14855,0.00000,0
2901576,1.7000,1.7008,1.6738,0.02623,-25.44794,27.14878,0.00000,0
2902076,1.7000,1.7501,1.6705,0.02945,-25.39893,27.14904,0.00000,0
2902576,1.7000,1.7504,1.6705,0.02945,-25.39893,27.14931,0.00000,0
2903076,1.7000,1.7506,1.6705,0.02945,-25.39893,27.14958,0.00000,0
2903576,1.7000,1.7754,1.6689,0.03106,-25.37443,27.14985,0.00000,0
2904076,1.7000,1.7635,1.6697,0.03026,-25.38668,27.15013,0.00000,0
2904576,1.7000,1.7760,1.6689,0.03106,-25.37443,27.15041,0.00000,0
2905076,1.7000,1.7640,1.6697,0.03026,-25.38668,27.15069,0.00000,0
2905576,1.7000,1.7765,1.6689,0.03106,-25.37443,27.15097,0.00000,0
2906076,1.7000,1.7768,1.6689,0.03106,-25.37443,27.15126,0.00000,0
2906576,1.7000,1.7526,1.6705,0.02945,-25.39893,27.15153,0.00000,0
2907076,1.7000,1.7038,1.6738,0.02623,-25.44794,27.15179,0.00000,0
2907576,1.7000,1.7163,1.6730,0.02703,-25.43569,27.15203,0.00000,0
2908076,1.7000,1.7043,1.6738,0.02623,-25.44794,27.15227,0.00000,0
2908576,1.7000,1.7046,1.6738,0.02623,-25.44794,27.15251,0.00000,0
2909076,1.7000,1.7048,1.6738,0.02623,-25.44794,27.15275,0.00000,0
2909576,1.7000,1.6928,1.6746,0.02542,-25.46019,27.15298,0.00000,0
2910076,1.7000,1.7175,1.6730,0.02703,-25.43569,27.15322,0.00000,0
2910576,1.7000,1.7300,1.6722,0.02784,-25.42344,27.15347,0.00000,0
2911076,1.7000,1.7180,1.6730,0.02703,-25.43569,27.15372,0.00000,0
2911576,1.7000,1.7796,1.6689,0.03106,-25.37443,27.15399,0.00000,0
2912076,1.7000,1.7676,1.6697,0.03026,-25.38668,27.15427,0.00000,0
2912576,1.7000,1.7311,1.6722,0.02784,-25.42344,27.15453,0.00000,0
2913076,1.7000,1.7313,1.6722,0.02784,-25.42344,27.15479,0.00000,0
2913576,1.7000,1.7316,1.6722,0.02784,-25.42344,27.15504,0.00000,0
2914076,1.7000,1.7441,1.6714,0.02864,-25.41119,27.15530,0.00000,0
2914576,1.7000,1.7444,1.6714,0.02864,-25.41119,27.15556,0.00000,0
2915076,1.7000,1.7691,1.6697,0.03026,-25.38668,27.15583,0.00000,0
2915576,1.7000,1.7572,1.6705,0.02945,-25.39893,27.15610,0.00000,0
2916076,1.7000,1.7697,1.6697,0.03026,-25.38668,27.15637,0.00000,0
2916576,1.7000,1.7332,1.6722,0.02784,-25.42344,27.15664,0.00000,0
2917076,1.7000,1.7457,1.6714,0.02864,-25.41119,27.15689,0.00000,0
2917576,1.7000,1.7705,1.6697,0.03026,-25.38668,27.15716,0.00000,0
2918076,1.7000,1.7830,1.6689,0.03106,-25.37443,27.15744,0.00000,0
2918576,1.7000,1.7710,1.6697,0.03026,-25.38668,27.15772,0.00000,0
2919076,1.7000,1.7591,1.6705,0.02945,-25.39893,27.15800,0.00000,0
2919576,1.7000,1.7226,1.6730,0.02703,-25.43569,27.15825,0.00000,0
2920076,1.7000,1.6983,1.6746,0.02542,-25.46019,27.15849,0.00000,0
2920576,1.7000,1.6985,1.6746,0.02542,-25.46019,27.15872,0.00000,0
2921076,1.7000,1.6988,1.6746,0.02542,-25.46019,27.15895,0.00000,0
2921576,1.7000,1.6745,1.6762,0.02381,-25.48470,27.15918,0.00000,0
2922076,1.7000,1.6747,1.6762,0.02381,-25.48470,27.15940,0.00000,0
2922576,1.7000,1.6872,1.6754,0.02462,-25.47245,27.15962,0.00000,0
2923076,1.7000,1.6874,1.6754,0.02462,-25.47245,27.15984,0.00000,0
2923576,1.7000,1.6999,1.6746,0.02542,-25.46019,27.16007,0.00000,0
2924076,1.7000,1.6879,1.6754,0.02462,-25.47245,27.16030,0.00000,0
2924576,1.7000,1.7371,1.6722,0.02784,-25.42344,27.16054,0.00000,0
2925076,1.7000,1.6883,1.6754,0.02462,-25.47245,27.16078,0.00000,0
2925576,1.7000,1.6763,1.6762,0.02381,-25.48470,27.16100,0.00000,0
2926076,1.7000,1.6397,1.6786,0.02139,-25.52146,27.16121,0.00000,0
2926576,1.7000,1.6154,1.6802,0.01978,-25.54596,27.16139,0.00000,0
2927076,1.7000,1.6279,1.6794,0.02059,-25.53371,27.16158,0.00000,0
2927576,1.7000,1.6158,1.6802,0.01978,-25.54596,27.16176,0.00000,0
2928076,1.7000,1.6282,1.6794,0.02059,-25.53371,27.16194,0.00000,0
2928576,1.7000,1.6284,1.6794,0.02059,-25.53371,27.16213,0.00000,0
2929076,1.7000,1.6286,1.6794,0.02059,-25.53371,27.16232,0.00000,0
2929576,1.7000,1.5920,1.6818,0.01817,-25.57047,27.16249,0.00000,0
2930076,1.7000,1.6290,1.6794,0.02059,-25.53371,27.16267,0.00000,0
2930576,1.7000,1.6414,1.6786,0.02139,-25.52146,27.16286,0.00000,0
2931076,1.7000,1.6661,1.6770,0.02300,-25.49695,27.16306,0.00000,0
2931576,1.7000,1.6786,1.6762,0.02381,-25.48470,27.16328,0.00000,0
2932076,1.7000,1.6420,1.6786,0.02139,-25.52146,27.16348,0.00000,0
2932576,1.7000,1.6177,1.6802,0.01978,-25.54596,27.16367,0.00000,0
2933076,1.7000,1.5689,1.6834,0.01656,-25.59497,27.16384,0.00000,0
2933576,1.7000,1.5445,1.6851,0.01495,-25.61947,27.16398,0.00000,0
2934076,1.7000,1.5569,1.6842,0.01575,-25.60722,27.16412,0.00000,0
2934576,1.7000,1.5570,1.6842,0.01575,-25.60722,27.16426,0.00000,0
2935076,1.7000,1.5940,1.6818,0.01817,-25.57047,27.16442,0.00000,0
2935576,1.7000,1.5941,1.6818,0.01817,-25.57047,27.16458,0.00000,0
2936076,1.7000,1.6188,1.6802,0.01978,-25.54596,27.16475,0.00000,0
2936576,1.7000,1.6312,1.6794,0.02059,-25.53371,27.16494,0.00000,0
2937076,1.7000,1.6559,1.6778,0.02220,-25.50920,27.16513,0.00000,0
2937576,1.7000,1.6806,1.6762,0.02381,-25.48470,27.16534,0.00000,0
2938076,1.7000,1.6809,1.6762,0.02381,-25.48470,27.16556,0.00000,0
2938576,1.7000,1.6811,1.6762,0.02381,-25.48470,27.16578,0.00000,0
2939076,1.7000,1.6445,1.6786,0.02139,-25.52146,27.16598,0.00000,0
2939576,1.7000,1.6570,1.6778,0.02220,-25.50920,27.16618,0.00000,0
2940076,1.7000,1.6082,1.6810,0.01897,-25.55821,27.16637,0.00000,0
2940576,1.7000,1.6083,1.6810,0.01897,-25.55821,27.16654,0.00000,0
2941076,1.7000,1.5962,1.6818,0.01817,-25.57047,27.16671,0.00000,0
2941576,1.7000,1.5964,1.6818,0.01817,-25.57047,27.16688,0.00000,0
2942076,1.7000,1.6211,1.6802,0.01978,-25.54596,27.16705,0.00000,0
2942576,1.7000,1.5968,1.6818,0.01817,-25.57047,27.16722,0.00000,0
2943076,1.7000,1.5969,1.6818,0.01817,-25.57047,27.16739,0.00000,0
2943576,1.7000,1.6093,1.6810,0.01897,-25.55821,27.16756,0.00000,0
2944076,1.7000,1.6218,1.6802,0.01978,-25.54596,27.16774,0.00000,0
2944576,1.7000,1.6097,1.6810,0.01897,-25.55821,27.16792,0.00000,0
2945076,1.7000,1.5976,1.6818,0.01817,-25.57047,27.16809,0.00000,0
2945576,1.7000,1.5978,1.6818,0.01817,-25.57047,27.16825,0.00000,0
2946076,1.7000,1.5857,1.6826,0.01736,-25.58272,27.16841,0.00000,0
2946576,1.7000,1.5981,1.6818,0.01817,-25.57047,27.16858,0.00000,0
2947076,1.7000,1.5738,1.6834,0.01656,-25.59497,27.16873,0.00000,0
2947576,1.7000,1.5617,1.6842,0.01575,-25.60722,27.16888,0.00000,0
2948076,1.7000,1.5618,1.6842,0.01575,-25.60722,27.16902,0.00000,0
2948576,1.7000,1.5865,1.6826,0.01736,-25.58272,27.16917,0.00000,0
2949076,1.7000,1.5866,1.6826,0.01736,-25.58272,27.16933,0.00000,0
2949576,1.7000,1.5868,1.6826,0.01736,-25.58272,27.16949,0.00000,0
2950076,1.7000,1.5992,1.6818,0.01817,-25.57047,27.16965,0.00000,0
2950576,1.7000,1.5748,1.6834,0.01656,-25.59497,27.16981,0.00000,0
2951076,1.7000,1.5995,1.6818,0.01817,-25.57047,27.16997,0.00000,0
2951576,1.7000,1.5629,1.6842,0.01575,-25.60722,27.17012,0.00000,0
2952076,1.7000,1.5385,1.6859,0.01414,-25.63173,27.17026,0.00000,0
2952576,1.7000,1.5632,1.6842,0.01575,-25.60722,27.17039,0.00000,0
2953076,1.7000,1.5878,1.6826,0.01736,-25.58272,27.17055,0.00000,0
2953576,1.7000,1.5757,1.6834,0.01656,-25.59497,27.17070,0.00000,0
2954076,1.7000,1.5759,1.6834,0.01656,-25.59497,27.17085,0.00000,0
2954576,1.7000,1.6128,1.6810,0.01897,-25.55821,27.17101,0.00000,0
2955076,1.7000,1.6497,1.6786,0.02139,-25.52146,27.17120,0.00000,0
2955576,1.7000,1.6744,1.6770,0.02300,-25.49695,27.17140,0.00000,0
2956076,1.7000,1.6869,1.6762,0.02381,-25.48470,27.17161,0.00000,0
2956576,1.7000,1.7239,1.6738,0.02623,-25.44794,27.17184,0.00000,0
2957076,1.7000,1.7486,1.6722,0.02784,-25.42344,27.17209,0.00000,0
2957576,1.7000,1.7734,1.6705,0.02945,-25.39893,27.17235,0.00000,0
2958076,1.7000,1.7737,1.6705,0.02945,-25.39893,27.17262,0.00000,0
2958576,1.7000,1.7985,1.6689,0.03106,-25.37443,27.17289,0.00000,0
2959076,1.7000,1.7865,1.6697,0.03026,-25.38668,27.17317,0.00000,0
2959576,1.7000,1.8235,1.6673,0.03267,-25.34992,27.17346,0.00000,0
2960076,1.7000,1.7993,1.6689,0.03106,-25.37443,27.17375,0.00000,0
2960576,1.7000,1.7751,1.6705,0.02945,-25.39893,27.17403,0.00000,0
2961076,1.7000,1.7386,1.6730,0.02703,-25.43569,27.17428,0.00000,0
2961576,1.7000,1.7388,1.6730,0.02703,-25.43569,27.17453,0.00000,0
2962076,1.7000,1.7391,1.6730,0.02703,-25.43569,27.17478,0.00000,0
2962576,1.7000,1.7516,1.6722,0.02784,-25.42344,27.17503,0.00000,0
2963076,1.7000,1.7396,1.6730,0.02703,-25.43569,27.17528,0.00000,0
2963576,1.7000,1.7276,1.6738,0.02623,-25.44794,27.17552,0.00000,0
2964076,1.7000,1.7401,1.6730,0.02703,-25.43569,27.17576,0.00000,0
2964576,1.7000,1.6668,1.6778,0.02220,-25.50920,27.17599,0.00000,0
2965076,1.7000,1.7038,1.6754,0.02462,-25.47245,27.17620,0.00000,0
2965576,1.7000,1.6917,1.6762,0.02381,-25.48470,27.17642,0.00000,0
2966076,1.7000,1.7410,1.6730,0.02703,-25.43569,27.17665,0.00000,0
2966576,1.7000,1.7167,1.6746,0.02542,-25.46019,27.17689,0.00000,0
2967076,1.7000,1.7414,1.6730,0.02703,-25.43569,27.17713,0.00000,0
2967576,1.7000,1.7294,1.6738,0.02623,-25.44794,27.17737,0.00000,0
2968076,1.7000,1.7542,1.6722,0.02784,-25.42344,27.17762,0.00000,0
2968576,1.7000,1.7422,1.6730,0.02703,-25.43569,27.17787,0.00000,0
2969076,1.7000,1.7424,1.6730,0.02703,-25.43569,27.17811,0.00000,0
2969576,1.7000,1.7549,1.6722,0.02784,-25.42344,27.17836,0.00000,0
2970076,1.7000,1.7184,1.6746,0.02542,-25.46019,27.17860,0.00000,0
2970576,1.7000,1.7432,1.6730,0.02703,-25.43569,27.17884,0.00000,0
2971076,1.7000,1.7189,1.6746,0.02542,-25.46019,27.17908,0.00000,0
2971576,1.7000,1.7314,1.6738,0.02623,-25.44794,27.17932,0.00000,0
2972076,1.7000,1.7071,1.6754,0.02462,-25.47245,27.17955,0.00000,0
2972576,1.7000,1.6951,1.6762,0.02381,-25.48470,27.17977,0.00000,0
2973076,1.7000,1.6585,1.6786,0.02139,-25.52146,27.17997,0.00000,0
2973576,1.7000,1.6710,1.6778,0.02220,-25.50920,27.18017,0.00000,0
2974076,1.7000,1.6834,1.6770,0.02300,-25.49695,27.18038,0.00000,0
2974576,1.7000,1.6836,1.6770,0.02300,-25.49695,27.18059,0.00000,0
2975076,1.7000,1.6593,1.6786,0.02139,-25.52146,27.18079,0.00000,0
2975576,1.7000,1.6473,1.6794,0.02059,-25.53371,27.18098,0.00000,0
2976076,1.7000,1.6720,1.6778,0.02220,-25.50920,27.18118,0.00000,0
2976576,1.7000,1.6722,1.6778,0.02220,-25.50920,27.18138,0.00000,0
2977076,1.7000,1.6846,1.6770,0.02300,-25.49695,27.18158,0.00000,0
2977576,1.7000,1.6481,1.6794,0.02059,-25.53371,27.18178,0.00000,0
2978076,1.7000,1.6605,1.6786,0.02139,-25.52146,27.18197,0.00000,0
2978576,1.7000,1.6607,1.6786,0.02139,-25.52146,27.18217,0.00000,0
2979076,1.7000,1.6486,1.6794,0.02059,-25.53371,27.18236,0.00000,0
2979576,1.7000,1.6243,1.6810,0.01897,-25.55821,27.18254,0.00000,0
2980076,1.7000,1.6613,1.6786,0.02139,-25.52146,27.18272,0.00000,0
2980576,1.7000,1.6492,1.6794,0.02059,-25.53371,27.18291,0.00000,0
2981076,1.7000,1.6126,1.6818,0.01817,-25.57047,27.18309,0.00000,0
2981576,1.7000,1.5883,1.6834,0.01656,-25.59497,27.18325,0.00000,0
2982076,1.7000,1.5762,1.6842,0.01575,-25.60722,27.18340,0.00000,0
2982576,1.7000,1.6253,1.6810,0.01897,-25.55821,27.18355,0.00000,0
2983076,1.7000,1.6378,1.6802,0.01978,-25.54596,27.18373,0.00000,0
2983576,1.7000,1.6380,1.6802,0.01978,-25.54596,27.18391,0.00000,0
2984076,1.7000,1.6381,1.6802,0.01978,-25.54596,27.18409,0.00000,0
2984576,1.7000,1.6751,1.6778,0.02220,-25.50920,27.18428,0.00000,0
2985076,1.7000,1.6753,1.6778,0.02220,-25.50920,27.18449,0.00000,0
2985576,1.7000,1.7000,1.6762,0.02381,-25.48470,27.18470,0.00000,0
2986076,1.7000,1.7125,1.6754,0.02462,-25.47245,27.18492,0.00000,0
2986576,1.7000,1.7250,1.6746,0.02542,-25.46019,27.18515,0.00000,0
2987076,1.7000,1.7252,1.6746,0.02542,-25.46019,27.18538,0.00000,0
2987576,1.7000,1.7009,1.6762,0.02381,-25.48470,27.18560,0.00000,0
2988076,1.7000,1.7011,1.6762,0.02381,-25.48470,27.18582,0.00000,0
2988576,1.7000,1.6891,1.6770,0.02300,-25.49695,27.18603,0.00000,0
2989076,1.7000,1.7015,1.6762,0.02381,-25.48470,27.18625,0.00000,0
2989576,1.7000,1.6773,1.6778,0.02220,-25.50920,27.18646,0.00000,0
2990076,1.7000,1.6652,1.6786,0.02139,-25.52146,27.18666,0.00000,0
2990576,1.7000,1.6776,1.6778,0.02220,-25.50920,27.18685,0.00000,0
2991076,1.7000,1.6779,1.6778,0.02220,-25.50920,27.18706,0.00000,0
2991576,1.7000,1.6903,1.6770,0.02300,-25.49695,27.18726,0.00000,0
2992076,1.7000,1.7273,1.6746,0.02542,-25.46019,27.18748,0.00000,0
2992576,1.7000,1.7275,1.6746,0.02542,-25.46019,27.18771,0.00000,0
2993076,1.7000,1.7155,1.6754,0.02462,-25.47245,27.18794,0.00000,0
2993576,1.7000,1.7035,1.6762,0.02381,-25.48470,27.18816,0.00000,0
2994076,1.7000,1.7037,1.6762,0.02381,-25.48470,27.18838,0.00000,0
2994576,1.7000,1.7284,1.6746,0.02542,-25.46019,27.18861,0.00000,0
2995076,1.7000,1.7164,1.6754,0.02462,-25.47245,27.18884,0.00000,0
2995576,1.7000,1.6798,1.6778,0.02220,-25.50920,27.18905,0.00000,0
2996076,1.7000,1.7536,1.6730,0.02703,-25.43569,27.18927,0.00000,0
2996576,1.7000,1.7538,1.6730,0.02703,-25.43569,27.18952,0.00000,0
2997076,1.7000,1.7418,1.6738,0.02623,-25.44794,27.18976,0.00000,0
2997576,1.7000,1.7298,1.6746,0.02542,-25.46019,27.19000,0.00000,0
2998076,1.7000,1.7178,1.6754,0.02462,-25.47245,27.19023,0.00000,0
2998576,1.7000,1.7303,1.6746,0.02542,-25.46019,27.19045,0.00000,0
2999076,1.7000,1.7182,1.6754,0.02462,-25.47245,27.19068,0.00000,0
2999576,1.7000,1.6940,1.6770,0.02300,-25.49695,27.19090,0.00000,0
3000076,1.7000,1.6942,1.6770,0.02300,-25.49695,27.19111,0.00000,0
3000576,1.7000,1.7189,1.6754,0.02462,-25.47245,27.19133,0.00000,0
3001076,1.7000,1.6456,1.6802,0.01978,-25.54596,27.19153,0.00000,0
3001576,1.7000,1.6335,1.6810,0.01897,-25.55821,27.19171,0.00000,0
3002076,1.7000,1.6214,1.6818,0.01817,-25.57047,27.19188,0.00000,0
3002576,1.7000,1.6338,1.6810,0.01897,-25.55821,27.19205,0.00000,0
3003076,1.7000,1.6218,1.6818,0.01817,-25.57047,27.19222,0.00000,0
3003576,1.7000,1.6342,1.6810,0.01897,-25.55821,27.19239,0.00000,0
3004076,1.7000,1.6343,1.6810,0.01897,-25.55821,27.19256,0.00000,0
3004576,1.7000,1.6590,1.6794,0.02059,-25.53371,27.19274,0.00000,0
3005076,1.7000,1.6715,1.6786,0.02139,-25.52146,27.19293,0.00000,0
3005576,1.7000,1.6226,1.6818,0.01817,-25.57047,27.19311,0.00000,0
3006076,1.7000,1.6228,1.6818,0.01817,-25.57047,27.19328,0.00000,0
3006576,1.7000,1.5985,1.6834,0.01656,-25.59497,27.19344,0.00000,0
3007076,1.7000,1.5864,1.6842,0.01575,-25.60722,27.19358,0.00000,0
3007576,1.7000,1.5988,1.6834,0.01656,-25.59497,27.19373,0.00000,0
3008076,1.7000,1.6234,1.6818,0.01817,-25.57047,27.19389,0.00000,0
3008576,1.7000,1.6113,1.6826,0.01736,-25.58272,27.19405,0.00000,0
3009076,1.7000,1.5992,1.6834,0.01656,-25.59497,27.19421,0.00000,0
3009576,1.7000,1.5871,1.6842,0.01575,-25.60722,27.19435,0.00000,0
3010076,1.7000,1.5995,1.6834,0.01656,-25.59497,27.19450,0.00000,0
3010576,1.7000,1.6364,1.6810,0.01897,-25.55821,27.19466,0.00000,0
3011076,1.7000,1.6244,1.6818,0.01817,-25.57047,27.19483,0.00000,0
3011576,1.7000,1.6490,1.6802,0.01978,-25.54596,27.19501,0.00000,0
3012076,1.7000,1.6615,1.6794,0.02059,-25.53371,27.19519,0.00000,0
3012576,1.7000,1.6739,1.6786,0.02139,-25.52146,27.19538,0.00000,0
3013076,1.7000,1.6496,1.6802,0.01978,-25.54596,27.19557,0.00000,0
3013576,1.7000,1.6498,1.6802,0.01978,-25.54596,27.19575,0.00000,0
3014076,1.7000,1.6867,1.6778,0.02220,-25.50920,27.19594,0.00000,0
3014576,1.7000,1.7237,1.6754,0.02462,-25.47245,27.19615,0.00000,0
3015076,1.7000,1.7117,1.6762,0.02381,-25.48470,27.19637,0.00000,0
3015576,1.7000,1.6874,1.6778,0.02220,-25.50920,27.19658,0.00000,0
3016076,1.7000,1.7243,1.6754,0.02462,-25.47245,27.19680,0.00000,0
3016576,1.7000,1.7246,1.6754,0.02462,-25.47245,27.19702,0.00000,0
3017076,1.7000,1.7125,1.6762,0.02381,-25.48470,27.19724,0.00000,0
3017576,1.7000,1.7128,1.6762,0.02381,-25.48470,27.19746,0.00000,0
3018076,1.7000,1.7252,1.6754,0.02462,-25.47245,27.19768,0.00000,0
3018576,1.7000,1.7255,1.6754,0.02462,-25.47245,27.19791,0.00000,0
3019076,1.7000,1.7134,1.6762,0.02381,-25.48470,27.19813,0.00000,0
3019576,1.7000,1.6891,1.6778,0.02220,-25.50920,27.19834,0.00000,0
3020076,1.7000,1.7016,1.6770,0.02300,-25.49695,27.19854,0.00000,0
3020576,1.7000,1.6773,1.6786,0.02139,-25.52146,27.19875,0.00000,0
3021076,1.7000,1.6530,1.6802,0.01978,-25.54596,27.19893,0.00000,0
3021576,1.7000,1.6654,1.6794,0.02059,-25.53371,27.19912,0.00000,0
3022076,1.7000,1.6778,1.6786,0.02139,-25.52146,27.19931,0.00000,0
3022576,1.7000,1.6535,1.6802,0.01978,-25.54596,27.19949,0.00000,0
3023076,1.7000,1.6537,1.6802,0.01978,-25.54596,27.19967,0.00000,0
3023576,1.7000,1.6784,1.6786,0.02139,-25.52146,27.19986,0.00000,0
3024076,1.7000,1.6786,1.6786,0.02139,-25.52146,27.20006,0.00000,0
3024576,1.7000,1.6788,1.6786,0.02139,-25.52146,27.20025,0.00000,0
3025076,1.7000,1.6790,1.6786,0.02139,-25.52146,27.20045,0.00000,0
3025576,1.7000,1.7160,1.6762,0.02381,-25.48470,27.20065,0.00000,0
3026076,1.7000,1.7284,1.6754,0.02462,-25.47245,27.20087,0.00000,0
3026576,1.7000,1.7164,1.6762,0.02381,-25.48470,27.20109,0.00000,0
3027076,1.7000,1.7044,1.6770,0.02300,-25.49695,27.20131,0.00000,0
3027576,1.7000,1.7168,1.6762,0.02381,-25.48470,27.20152,0.00000,0
3028076,1.7000,1.7170,1.6762,0.02381,-25.48470,27.20174,0.00000,0
3028576,1.7000,1.6927,1.6778,0.02220,-25.50920,27.20195,0.00000,0
3029076,1.7000,1.6807,1.6786,0.02139,-25.52146,27.20215,0.00000,0
3029576,1.7000,1.6809,1.6786,0.02139,-25.52146,27.20234,0.00000,0
3030076,1.7000,1.6688,1.6794,0.02059,-25.53371,27.20253,0.00000,0
3030576,1.7000,1.6568,1.6802,0.01978,-25.54596,27.20271,0.00000,0
3031076,1.7000,1.6569,1.6802,0.01978,-25.54596,27.20290,0.00000,0
3031576,1.7000,1.6816,1.6786,0.02139,-25.52146,27.20308,0.00000,0
3032076,1.7000,1.7308,1.6754,0.02462,-25.47245,27.20329,0.00000,0
3032576,1.7000,1.7311,1.6754,0.02462,-25.47245,27.20352,0.00000,0
3033076,1.7000,1.7436,1.6746,0.02542,-25.46019,27.20375,0.00000,0
3033576,1.7000,1.7438,1.6746,0.02542,-25.46019,27.20398,0.00000,0
3034076,1.7000,1.7685,1.6730,0.02703,-25.43569,27.20422,0.00000,0
3034576,1.7000,1.7565,1.6738,0.02623,-25.44794,27.20446,0.00000,0
3035076,1.7000,1.7813,1.6722,0.02784,-25.42344,27.20470,0.00000,0
3035576,1.7000,1.7938,1.6714,0.02864,-25.41119,27.20496,0.00000,0
3036076,1.7000,1.7695,1.6730,0.02703,-25.43569,27.20522,0.00000,0
3036576,1.7000,1.7698,1.6730,0.02703,-25.43569,27.20546,0.00000,0
3037076,1.7000,1.7455,1.6746,0.02542,-25.46019,27.20570,0.00000,0
3037576,1.7000,1.7335,1.6754,0.02462,-25.47245,27.20593,0.00000,0
3038076,1.7000,1.6969,1.6778,0.02220,-25.50920,27.20614,0.00000,0
3038576,1.7000,1.7094,1.6770,0.02300,-25.49695,27.20635,0.00000,0
3039076,1.7000,1.6973,1.6778,0.02220,-25.50920,27.20655,0.00000,0
3039576,1.7000,1.7098,1.6770,0.02300,-25.49695,27.20676,0.00000,0
3040076,1.7000,1.6855,1.6786,0.02139,-25.52146,27.20696,0.00000,0
3040576,1.7000,1.6734,1.6794,0.02059,-25.53371,27.20715,0.00000,0
3041076,1.7000,1.6736,1.6794,0.02059,-25.53371,27.20734,0.00000,0
3041576,1.7000,1.6738,1.6794,0.02059,-25.53371,27.20753,0.00000,0
3042076,1.7000,1.6617,1.6802,0.01978,-25.54596,27.20771,0.00000,0
3042576,1.7000,1.7232,1.6762,0.02381,-25.48470,27.20791,0.00000,0
3043076,1.7000,1.7602,1.6738,0.02623,-25.44794,27.20814,0.00000,0
3043576,1.7000,1.7604,1.6738,0.02623,-25.44794,27.20838,0.00000,0
3044076,1.7000,1.7852,1.6722,0.02784,-25.42344,27.20862,0.00000,0
3044576,1.7000,1.7732,1.6730,0.02703,-25.43569,27.20887,0.00000,0
3045076,1.7000,1.8102,1.6705,0.02945,-25.39893,27.20913,0.00000,0
3045576,1.7000,1.7860,1.6722,0.02784,-25.42344,27.20939,0.00000,0
3046076,1.7000,1.7617,1.6738,0.02623,-25.44794,27.20964,0.00000,0
3046576,1.7000,1.7497,1.6746,0.02542,-25.46019,27.20987,0.00000,0
3047076,1.7000,1.7499,1.6746,0.02542,-25.46019,27.21010,0.00000,0
3047576,1.7000,1.7256,1.6762,0.02381,-25.48470,27.21033,0.00000,0
3048076,1.7000,1.7013,1.6778,0.02220,-25.50920,27.21054,0.00000,0
3048576,1.7000,1.7015,1.6778,0.02220,-25.50920,27.21074,0.00000,0
3049076,1.7000,1.6650,1.6802,0.01978,-25.54596,27.21093,0.00000,0
3049576,1.7000,1.6529,1.6810,0.01897,-25.55821,27.21111,0.00000,0
3050076,1.7000,1.6408,1.6818,0.01817,-25.57047,27.21128,0.00000,0
3050576,1.7000,1.6655,1.6802,0.01978,-25.54596,27.21145,0.00000,0
3051076,1.7000,1.6902,1.6786,0.02139,-25.52146,27.21164,0.00000,0
3051576,1.7000,1.6904,1.6786,0.02139,-25.52146,27.21183,0.00000,0
3052076,1.7000,1.7028,1.6778,0.02220,-25.50920,27.21203,0.00000,0
3052576,1.7000,1.7030,1.6778,0.02220,-25.50920,27.21223,0.00000,0
3053076,1.7000,1.7155,1.6770,0.02300,-25.49695,27.21244,0.00000,0
3053576,1.7000,1.6912,1.6786,0.02139,-25.52146,27.21264,0.00000,0
3054076,1.7000,1.6914,1.6786,0.02139,-25.52146,27.21284,0.00000,0
3054576,1.7000,1.7161,1.6770,0.02300,-25.49695,27.21304,0.00000,0
3055076,1.7000,1.6918,1.6786,0.02139,-25.52146,27.21324,0.00000,0
3055576,1.7000,1.7165,1.6770,0.02300,-25.49695,27.21344,0.00000,0
3056076,1.7000,1.7290,1.6762,0.02381,-25.48470,27.21366,0.00000,0
3056576,1.7000,1.6924,1.6786,0.02139,-25.52146,27.21386,0.00000,0
3057076,1.7000,1.6681,1.6802,0.01978,-25.54596,27.21405,0.00000,0
3057576,1.7000,1.6192,1.6834,0.01656,-25.59497,27.21421,0.00000,0
3058076,1.7000,1.5949,1.6851,0.01495,-25.61947,27.21436,0.00000,0
3058576,1.7000,1.5950,1.6851,0.01495,-25.61947,27.21449,0.00000,0
3059076,1.7000,1.5952,1.6851,0.01495,-25.61947,27.21463,0.00000,0
3059576,1.7000,1.6075,1.6842,0.01575,-25.60722,27.21477,0.00000,0
3060076,1.7000,1.6199,1.6834,0.01656,-25.59497,27.21491,0.00000,0
3060576,1.7000,1.6078,1.6842,0.01575,-25.60722,27.21506,0.00000,0
3061076,1.7000,1.6080,1.6842,0.01575,-25.60722,27.21520,0.00000,0
3061576,1.7000,1.6204,1.6834,0.01656,-25.59497,27.21535,0.00000,0
3062076,1.7000,1.6328,1.6826,0.01736,-25.58272,27.21551,0.00000,0
3062576,1.7000,1.6820,1.6794,0.02059,-25.53371,27.21568,0.00000,0
3063076,1.7000,1.7067,1.6778,0.02220,-25.50920,27.21587,0.00000,0
3063576,1.7000,1.7191,1.6770,0.02300,-25.49695,27.21608,0.00000,0
3064076,1.7000,1.7071,1.6778,0.02220,-25.50920,27.21629,0.00000,0
3064576,1.7000,1.6705,1.6802,0.01978,-25.54596,27.21648,0.00000,0
3065076,1.7000,1.6462,1.6818,0.01817,-25.57047,27.21665,0.00000,0
3065576,1.7000,1.6464,1.6818,0.01817,-25.57047,27.21682,0.00000,0
3066076,1.7000,1.6097,1.6842,0.01575,-25.60722,27.21697,0.00000,0
3066576,1.7000,1.6099,1.6842,0.01575,-25.60722,27.21711,0.00000,0
3067076,1.7000,1.5978,1.6851,0.01495,-25.61947,27.21725,0.00000,0
3067576,1.7000,1.5857,1.6859,0.01414,-25.63173,27.21738,0.00000,0
3068076,1.7000,1.5490,1.6883,0.01172,-25.66848,27.21750,0.00000,0
3068576,1.7000,1.5736,1.6867,0.01333,-25.64398,27.21762,0.00000,0
3069076,1.7000,1.5738,1.6867,0.01333,-25.64398,27.21774,0.00000,0
3069576,1.7000,1.5984,1.6851,0.01495,-25.61947,27.21787,0.00000,0
3070076,1.7000,1.6353,1.6826,0.01736,-25.58272,27.21802,0.00000,0
3070576,1.7000,1.6232,1.6834,0.01656,-25.59497,27.21817,0.00000,0
3071076,1.7000,1.6601,1.6810,0.01897,-25.55821,27.21833,0.00000,0
3071576,1.7000,1.6603,1.6810,0.01897,-25.55821,27.21851,0.00000,0
3072076,1.7000,1.6727,1.6802,0.01978,-25.54596,27.21868,0.00000,0
3072576,1.7000,1.6852,1.6794,0.02059,-25.53371,27.21887,0.00000,0
3073076,1.7000,1.7221,1.6770,0.02300,-25.49695,27.21906,0.00000,0
3073576,1.7000,1.6978,1.6786,0.02139,-25.52146,27.21927,0.00000,0
3074076,1.7000,1.7103,1.6778,0.02220,-25.50920,27.21947,0.00000,0
3074576,1.7000,1.6860,1.6794,0.02059,-25.53371,27.21966,0.00000,0
3075076,1.7000,1.6616,1.6810,0.01897,-25.55821,27.21984,0.00000,0
3075576,1.7000,1.6741,1.6802,0.01978,-25.54596,27.22002,0.00000,0
3076076,1.7000,1.6620,1.6810,0.01897,-25.55821,27.22020,0.00000,0
3076576,1.7000,1.6622,1.6810,0.01897,-25.55821,27.22037,0.00000,0
3077076,1.7000,1.6746,1.6802,0.01978,-25.54596,27.22055,0.00000,0
3077576,1.7000,1.6870,1.6794,0.02059,-25.53371,27.22073,0.00000,0
3078076,1.7000,1.6627,1.6810,0.01897,-25.55821,27.22091,0.00000,0
3078576,1.7000,1.6506,1.6818,0.01817,-25.57047,27.22108,0.00000,0
3079076,1.7000,1.6753,1.6802,0.01978,-25.54596,27.22125,0.00000,0
3079576,1.7000,1.6755,1.6802,0.01978,-25.54596,27.22144,0.00000,0
3080076,1.7000,1.7002,1.6786,0.02139,-25.52146,27.22162,0.00000,0
3080576,1.7000,1.7004,1.6786,0.02139,-25.52146,27.22182,0.00000,0
3081076,1.7000,1.7128,1.6778,0.02220,-25.50920,27.22202,0.00000,0
3081576,1.7000,1.7498,1.6754,0.02462,-25.47245,27.22223,0.00000,0
3082076,1.7000,1.7500,1.6754,0.02462,-25.47245,27.22245,0.00000,0
3082576,1.7000,1.7257,1.6770,0.02300,-25.49695,27.22267,0.00000,0
3083076,1.7000,1.7382,1.6762,0.02381,-25.48470,27.22289,0.00000,0
3083576,1.7000,1.7384,1.6762,0.02381,-25.48470,27.22310,0.00000,0
3084076,1.7000,1.7386,1.6762,0.02381,-25.48470,27.22332,0.00000,0
3084576,1.7000,1.7511,1.6754,0.02462,-25.47245,27.22354,0.00000,0
3085076,1.7000,1.7636,1.6746,0.02542,-25.46019,27.22377,0.00000,0
3085576,1.7000,1.7761,1.6738,0.02623,-25.44794,27.22400,0.00000,0
3086076,1.7000,1.7518,1.6754,0.02462,-25.47245,27.22424,0.00000,0
3086576,1.7000,1.7152,1.6778,0.02220,-25.50920,27.22445,0.00000,0
3087076,1.7000,1.6664,1.6810,0.01897,-25.55821,27.22464,0.00000,0
3087576,1.7000,1.6666,1.6810,0.01897,-25.55821,27.22481,0.00000,0
3088076,1.7000,1.6668,1.6810,0.01897,-25.55821,27.22498,0.00000,0
3088576,1.7000,1.7037,1.6786,0.02139,-25.52146,27.22517,0.00000,0
3089076,1.7000,1.6916,1.6794,0.02059,-25.53371,27.22536,0.00000,0
3089576,1.7000,1.6918,1.6794,0.02059,-25.53371,27.22554,0.00000,0
3090076,1.7000,1.6798,1.6802,0.01978,-25.54596,27.22573,0.00000,0
3090576,1.7000,1.6554,1.6818,0.01817,-25.57047,27.22590,0.00000,0
3091076,1.7000,1.6801,1.6802,0.01978,-25.54596,27.22607,0.00000,0
3091576,1.7000,1.7048,1.6786,0.02139,-25.52146,27.22626,0.00000,0
3092076,1.7000,1.6927,1.6794,0.02059,-25.53371,27.22645,0.00000,0
3092576,1.7000,1.6929,1.6794,0.02059,-25.53371,27.22664,0.00000,0
3093076,1.7000,1.6686,1.6810,0.01897,-25.55821,27.22682,0.00000,0
3093576,1.7000,1.6443,1.6826,0.01736,-25.58272,27.22699,0.00000,0
3094076,1.7000,1.6567,1.6818,0.01817,-25.57047,27.22715,0.00000,0
3094576,1.7000,1.6446,1.6826,0.01736,-25.58272,27.22731,0.00000,0
3095076,1.7000,1.5957,1.6859,0.01414,-25.63173,27.22745,0.00000,0
3095576,1.7000,1.5713,1.6875,0.01253,-25.65623,27.22758,0.00000,0
3096076,1.7000,1.5592,1.6883,0.01172,-25.66848,27.22769,0.00000,0
3096576,1.7000,1.5471,1.6891,0.01092,-25.68073,27.22779,0.00000,0
3097076,1.7000,1.5839,1.6867,0.01333,-25.64398,27.22790,0.00000,0
3097576,1.7000,1.5840,1.6867,0.01333,-25.64398,27.22802,0.00000,0
3098076,1.7000,1.5964,1.6859,0.01414,-25.63173,27.22815,0.00000,0
3098576,1.7000,1.5843,1.6867,0.01333,-25.64398,27.22827,0.00000,0
3099076,1.7000,1.5967,1.6859,0.01414,-25.63173,27.22840,0.00000,0
3099576,1.7000,1.6091,1.6851,0.01495,-25.61947,27.22853,0.00000,0
3100076,1.7000,1.6337,1.6834,0.01656,-25.59497,27.22867,0.00000,0
3100576,1.7000,1.6706,1.6810,0.01897,-25.55821,27.22884,0.00000,0
3101076,1.7000,1.6708,1.6810,0.01897,-25.55821,27.22901,0.00000,0
3101576,1.7000,1.6955,1.6794,0.02059,-25.53371,27.22919,0.00000,0
3102076,1.7000,1.7570,1.6754,0.02462,-25.47245,27.22940,0.00000,0
3102576,1.7000,1.7694,1.6746,0.02542,-25.46019,27.22963,0.00000,0
3103076,1.7000,1.7697,1.6746,0.02542,-25.46019,27.22986,0.00000,0
3103576,1.7000,1.7944,1.6730,0.02703,-25.43569,27.23009,0.00000,0
3104076,1.7000,1.7824,1.6738,0.02623,-25.44794,27.23034,0.00000,0
3104576,1.7000,1.7826,1.6738,0.02623,-25.44794,27.23058,0.00000,0
3105076,1.7000,1.8074,1.6722,0.02784,-25.42344,27.23082,0.00000,0
3105576,1.7000,1.8199,1.6714,0.02864,-25.41119,27.23108,0.00000,0
3106076,1.7000,1.8079,1.6722,0.02784,-25.42344,27.23134,0.00000,0
3106576,1.7000,1.8082,1.6722,0.02784,-25.42344,27.23159,0.00000,0
3107076,1.7000,1.7594,1.6754,0.02462,-25.47245,27.23183,0.00000,0
3107576,1.7000,1.7474,1.6762,0.02381,-25.48470,27.23205,0.00000,0
3108076,1.7000,1.7353,1.6770,0.02300,-25.49695,27.23226,0.00000,0
3108576,1.7000,1.6988,1.6794,0.02059,-25.53371,27.23246,0.00000,0
3109076,1.7000,1.6867,1.6802,0.01978,-25.54596,27.23265,0.00000,0
3109576,1.7000,1.6869,1.6802,0.01978,-25.54596,27.23283,0.00000,0
3110076,1.7000,1.6870,1.6802,0.01978,-25.54596,27.23301,0.00000,0
3110576,1.7000,1.6627,1.6818,0.01817,-25.57047,27.23318,0.00000,0
3111076,1.7000,1.6751,1.6810,0.01897,-25.55821,27.23335,0.00000,0
3111576,1.7000,1.6631,1.6818,0.01817,-25.57047,27.23352,0.00000,0
3112076,1.7000,1.6142,1.6851,0.01495,-25.61947,27.23367,0.00000,0
3112576,1.7000,1.6021,1.6859,0.01414,-25.63173,27.23380,0.00000,0
3113076,1.7000,1.6022,1.6859,0.01414,-25.63173,27.23393,0.00000,0
3113576,1.7000,1.6514,1.6826,0.01736,-25.58272,27.23408,0.00000,0
3114076,1.7000,1.6270,1.6842,0.01575,-25.60722,27.23423,0.00000,0
3114576,1.7000,1.6394,1.6834,0.01656,-25.59497,27.23437,0.00000,0
3115076,1.7000,1.6396,1.6834,0.01656,-25.59497,27.23452,0.00000,0
3115576,1.7000,1.6397,1.6834,0.01656,-25.59497,27.23467,0.00000,0
3116076,1.7000,1.6399,1.6834,0.01656,-25.59497,27.23483,0.00000,0
3116576,1.7000,1.6400,1.6834,0.01656,-25.59497,27.23498,0.00000,0
3117076,1.7000,1.6892,1.6802,0.01978,-25.54596,27.23514,0.00000,0
3117576,1.7000,1.7139,1.6786,0.02139,-25.52146,27.23533,0.00000,0
3118076,1.7000,1.7263,1.6778,0.02220,-25.50920,27.23553,0.00000,0
3118576,1.7000,1.7020,1.6794,0.02059,-25.53371,27.23572,0.00000,0
3119076,1.7000,1.7267,1.6778,0.02220,-25.50920,27.23592,0.00000,0
3119576,1.7000,1.7269,1.6778,0.02220,-25.50920,27.23612,0.00000,0
3120076,1.7000,1.7149,1.6786,0.02139,-25.52146,27.23632,0.00000,0
3120576,1.7000,1.7028,1.6794,0.02059,-25.53371,27.23651,0.00000,0
3121076,1.7000,1.7030,1.6794,0.02059,-25.53371,27.23669,0.00000,0
3121576,1.7000,1.7032,1.6794,0.02059,-25.53371,27.23688,0.00000,0
3122076,1.7000,1.6788,1.6810,0.01897,-25.55821,27.23706,0.00000,0
3122576,1.7000,1.6545,1.6826,0.01736,-25.58272,27.23723,0.00000,0
3123076,1.7000,1.6547,1.6826,0.01736,-25.58272,27.23739,0.00000,0
3123576,1.7000,1.6671,1.6818,0.01817,-25.57047,27.23755,0.00000,0
3124076,1.7000,1.6672,1.6818,0.01817,-25.57047,27.23771,0.00000,0
3124576,1.7000,1.6306,1.6842,0.01575,-25.60722,27.23787,0.00000,0
3125076,1.7000,1.6553,1.6826,0.01736,-25.58272,27.23802,0.00000,0
3125576,1.7000,1.6555,1.6826,0.01736,-25.58272,27.23818,0.00000,0
3126076,1.7000,1.6311,1.6842,0.01575,-25.60722,27.23833,0.00000,0
3126576,1.7000,1.6190,1.6851,0.01495,-25.61947,27.23847,0.00000,0
3127076,1.7000,1.6191,1.6851,0.01495,-25.61947,27.23860,0.00000,0
3127576,1.7000,1.6438,1.6834,0.01656,-25.59497,27.23875,0.00000,0
3128076,1.7000,1.6439,1.6834,0.01656,-25.59497,27.23890,0.00000,0
3128576,1.7000,1.6318,1.6842,0.01575,-25.60722,27.23904,0.00000,0
3129076,1.7000,1.7055,1.6794,0.02059,-25.53371,27.23921,0.00000,0
3129576,1.7000,1.7302,1.6778,0.02220,-25.50920,27.23940,0.00000,0
3130076,1.7000,1.7059,1.6794,0.02059,-25.53371,27.23960,0.00000,0
3130576,1.7000,1.7306,1.6778,0.02220,-25.50920,27.23979,0.00000,0
3131076,1.7000,1.7430,1.6770,0.02300,-25.49695,27.24000,0.00000,0
3131576,1.7000,1.7433,1.6770,0.02300,-25.49695,27.24021,0.00000,0
3132076,1.7000,1.7802,1.6746,0.02542,-25.46019,27.24043,0.00000,0
3132576,1.7000,1.7805,1.6746,0.02542,-25.46019,27.24066,0.00000,0
3133076,1.7000,1.7807,1.6746,0.02542,-25.46019,27.24089,0.00000,0
3133576,1.7000,1.7564,1.6762,0.02381,-25.48470,27.24112,0.00000,0
3134076,1.7000,1.6708,1.6818,0.01817,-25.57047,27.24131,0.00000,0
3134576,1.7000,1.6833,1.6810,0.01897,-25.55821,27.24148,0.00000,0
3135076,1.7000,1.6834,1.6810,0.01897,-25.55821,27.24165,0.00000,0
3135576,1.7000,1.6836,1.6810,0.01897,-25.55821,27.24183,0.00000,0
3136076,1.7000,1.6838,1.6810,0.01897,-25.55821,27.24200,0.00000,0
3136576,1.7000,1.6472,1.6834,0.01656,-25.59497,27.24216,0.00000,0
3137076,1.7000,1.6228,1.6851,0.01495,-25.61947,27.24230,0.00000,0
3137576,1.7000,1.6475,1.6834,0.01656,-25.59497,27.24245,0.00000,0
3138076,1.7000,1.6476,1.6834,0.01656,-25.59497,27.24260,0.00000,0
3138576,1.7000,1.6968,1.6802,0.01978,-25.54596,27.24276,0.00000,0
3139076,1.7000,1.7337,1.6778,0.02220,-25.50920,27.24295,0.00000,0
3139576,1.7000,1.7462,1.6770,0.02300,-25.49695,27.24316,0.00000,0
3140076,1.7000,1.7709,1.6754,0.02462,-25.47245,27.24338,0.00000,0
3140576,1.7000,1.7712,1.6754,0.02462,-25.47245,27.24360,0.00000,0
3141076,1.7000,1.7714,1.6754,0.02462,-25.47245,27.24383,0.00000,0
3141576,1.7000,1.7348,1.6778,0.02220,-25.50920,27.24404,0.00000,0
3142076,1.7000,1.7473,1.6770,0.02300,-25.49695,27.24425,0.00000,0
3142576,1.7000,1.7230,1.6786,0.02139,-25.52146,27.24445,0.00000,0
3143076,1.7000,1.7109,1.6794,0.02059,-25.53371,27.24464,0.00000,0
3143576,1.7000,1.7111,1.6794,0.02059,-25.53371,27.24483,0.00000,0
3144076,1.7000,1.6745,1.6818,0.01817,-25.57047,27.24500,0.00000,0
3144576,1.7000,1.6624,1.6826,0.01736,-25.58272,27.24517,0.00000,0
3145076,1.7000,1.6136,1.6859,0.01414,-25.63173,27.24531,0.00000,0
3145576,1.7000,1.6260,1.6851,0.01495,-25.61947,27.24544,0.00000,0
3146076,1.7000,1.5281,1.6915,0.00850,-25.71749,27.24555,0.00000,0
3146576,1.7000,1.5894,1.6875,0.01253,-25.65623,27.24564,0.00000,0
3147076,1.7000,1.6018,1.6867,0.01333,-25.64398,27.24576,0.00000,0
3147576,1.7000,1.5896,1.6875,0.01253,-25.65623,27.24588,0.00000,0
3148076,1.7000,1.5653,1.6891,0.01092,-25.68073,27.24599,0.00000,0
3148576,1.7000,1.5163,1.6923,0.00769,-25.72974,27.24607,0.00000,0
3149076,1.7000,1.5409,1.6907,0.00930,-25.70524,27.24615,0.00000,0
3149576,1.7000,1.5287,1.6915,0.00850,-25.71749,27.24623,0.00000,0
3150076,1.7000,1.5533,1.6899,0.01011,-25.69299,27.24632,0.00000,0
3150576,1.7000,1.5534,1.6899,0.01011,-25.69299,27.24641,0.00000,0
3151076,1.7000,1.6516,1.6834,0.01656,-25.59497,27.24653,0.00000,0
3151576,1.7000,1.6517,1.6834,0.01656,-25.59497,27.24668,0.00000,0
3152076,1.7000,1.6151,1.6859,0.01414,-25.63173,27.24682,0.00000,0
3152576,1.7000,1.6397,1.6842,0.01575,-25.60722,27.24695,0.00000,0
3153076,1.7000,1.6644,1.6826,0.01736,-25.58272,27.24710,0.00000,0
3153576,1.7000,1.7013,1.6802,0.01978,-25.54596,27.24727,0.00000,0
3154076,1.7000,1.6770,1.6818,0.01817,-25.57047,27.24745,0.00000,0
3154576,1.7000,1.6894,1.6810,0.01897,-25.55821,27.24762,0.00000,0
3155076,1.7000,1.7141,1.6794,0.02059,-25.53371,27.24780,0.00000,0
3155576,1.7000,1.7143,1.6794,0.02059,-25.53371,27.24799,0.00000,0
3156076,1.7000,1.6900,1.6810,0.01897,-25.55821,27.24817,0.00000,0
3156576,1.7000,1.6901,1.6810,0.01897,-25.55821,27.24834,0.00000,0
3157076,1.7000,1.7026,1.6802,0.01978,-25.54596,27.24852,0.00000,0
3157576,1.7000,1.6537,1.6834,0.01656,-25.59497,27.24868,0.00000,0
3158076,1.7000,1.6416,1.6842,0.01575,-25.60722,27.24883,0.00000,0
3158576,1.7000,1.6295,1.6851,0.01495,-25.61947,27.24897,0.00000,0
3159076,1.7000,1.6419,1.6842,0.01575,-25.60722,27.24911,0.00000,0
3159576,1.7000,1.6175,1.6859,0.01414,-25.63173,27.24924,0.00000,0
3160076,1.7000,1.5931,1.6875,0.01253,-25.65623,27.24937,0.00000,0
3160576,1.7000,1.5810,1.6883,0.01172,-25.66848,27.24948,0.00000,0
3161076,1.7000,1.6056,1.6867,0.01333,-25.64398,27.24959,0.00000,0
3161576,1.7000,1.5935,1.6875,0.01253,-25.65623,27.24971,0.00000,0
3162076,1.7000,1.5936,1.6875,0.01253,-25.65623,27.24982,0.00000,0
3162576,1.7000,1.6305,1.6851,0.01495,-25.61947,27.24995,0.00000,0
3163076,1.7000,1.6429,1.6842,0.01575,-25.60722,27.25009,0.00000,0
3163576,1.7000,1.7165,1.6794,0.02059,-25.53371,27.25026,0.00000,0
3164076,1.7000,1.6800,1.6818,0.01817,-25.57047,27.25043,0.00000,0
3164576,1.7000,1.7292,1.6786,0.02139,-25.52146,27.25061,0.00000,0
3165076,1.7000,1.7416,1.6778,0.02220,-25.50920,27.25081,0.00000,0
3165576,1.7000,1.7296,1.6786,0.02139,-25.52146,27.25101,0.00000,0
3166076,1.7000,1.7052,1.6802,0.01978,-25.54596,27.25120,0.00000,0
3166576,1.7000,1.7177,1.6794,0.02059,-25.53371,27.25138,0.00000,0
3167076,1.7000,1.7056,1.6802,0.01978,-25.54596,27.25156,0.00000,0
3167576,1.7000,1.7058,1.6802,0.01978,-25.54596,27.25175,0.00000,0
3168076,1.7000,1.6937,1.6810,0.01897,-25.55821,27.25192,0.00000,0
3168576,1.7000,1.6571,1.6834,0.01656,-25.59497,27.25208,0.00000,0
3169076,1.7000,1.6940,1.6810,0.01897,-25.55821,27.25225,0.00000,0
3169576,1.7000,1.6697,1.6826,0.01736,-25.58272,27.25241,0.00000,0
3170076,1.7000,1.6576,1.6834,0.01656,-25.59497,27.25257,0.00000,0
3170576,1.7000,1.6700,1.6826,0.01736,-25.58272,27.25272,0.00000,0
3171076,1.7000,1.6702,1.6826,0.01736,-25.58272,27.25288,0.00000,0
3171576,1.7000,1.6703,1.6826,0.01736,-25.58272,27.25304,0.00000,0
3172076,1.7000,1.6827,1.6818,0.01817,-25.57047,27.25320,0.00000,0
3172576,1.7000,1.6706,1.6826,0.01736,-25.58272,27.25336,0.00000,0
3173076,1.7000,1.6831,1.6818,0.01817,-25.57047,27.25352,0.00000,0
3173576,1.7000,1.6710,1.6826,0.01736,-25.58272,27.25369,0.00000,0
3174076,1.7000,1.6466,1.6842,0.01575,-25.60722,27.25384,0.00000,0
3174576,1.7000,1.6468,1.6842,0.01575,-25.60722,27.25398,0.00000,0
3175076,1.7000,1.6469,1.6842,0.01575,-25.60722,27.25412,0.00000,0
3175576,1.7000,1.6470,1.6842,0.01575,-25.60722,27.25427,0.00000,0
3176076,1.7000,1.6594,1.6834,0.01656,-25.59497,27.25441,0.00000,0
3176576,1.7000,1.6841,1.6818,0.01817,-25.57047,27.25457,0.00000,0
3177076,1.7000,1.6720,1.6826,0.01736,-25.58272,27.25473,0.00000,0
3177576,1.7000,1.6722,1.6826,0.01736,-25.58272,27.25489,0.00000,0
3178076,1.7000,1.6846,1.6818,0.01817,-25.57047,27.25505,0.00000,0
3178576,1.7000,1.6480,1.6842,0.01575,-25.60722,27.25521,0.00000,0
3179076,1.7000,1.6604,1.6834,0.01656,-25.59497,27.25536,0.00000,0
3179576,1.7000,1.6605,1.6834,0.01656,-25.59497,27.25551,0.00000,0
3180076,1.7000,1.6852,1.6818,0.01817,-25.57047,27.25566,0.00000,0
3180576,1.7000,1.6854,1.6818,0.01817,-25.57047,27.25583,0.00000,0
3181076,1.7000,1.6855,1.6818,0.01817,-25.57047,27.25600,0.00000,0
3181576,1.7000,1.6734,1.6826,0.01736,-25.58272,27.25616,0.00000,0
3182076,1.7000,1.6981,1.6810,0.01897,-25.55821,27.25632,0.00000,0
3182576,1.7000,1.7105,1.6802,0.01978,-25.54596,27.25650,0.00000,0
3183076,1.7000,1.6985,1.6810,0.01897,-25.55821,27.25668,0.00000,0
3183576,1.7000,1.7354,1.6786,0.02139,-25.52146,27.25686,0.00000,0
3184076,1.7000,1.7479,1.6778,0.02220,-25.50920,27.25706,0.00000,0
3184576,1.7000,1.7481,1.6778,0.02220,-25.50920,27.25726,0.00000,0
3185076,1.7000,1.7483,1.6778,0.02220,-25.50920,27.25747,0.00000,0
3185576,1.7000,1.7730,1.6762,0.02381,-25.48470,27.25768,0.00000,0
3186076,1.7000,1.7609,1.6770,0.02300,-25.49695,27.25789,0.00000,0
3186576,1.7000,1.7611,1.6770,0.02300,-25.49695,27.25810,0.00000,0
3187076,1.7000,1.7246,1.6794,0.02059,-25.53371,27.25830,0.00000,0
3187576,1.7000,1.7125,1.6802,0.01978,-25.54596,27.25848,0.00000,0
3188076,1.7000,1.7127,1.6802,0.01978,-25.54596,27.25866,0.00000,0
3188576,1.7000,1.7251,1.6794,0.02059,-25.53371,27.25884,0.00000,0
3189076,1.7000,1.7253,1.6794,0.02059,-25.53371,27.25903,0.00000,0
3189576,1.7000,1.7255,1.6794,0.02059,-25.53371,27.25922,0.00000,0
3190076,1.7000,1.7012,1.6810,0.01897,-25.55821,27.25940,0.00000,0
3190576,1.7000,1.6768,1.6826,0.01736,-25.58272,27.25957,0.00000,0
3191076,1.7000,1.6647,1.6834,0.01656,-25.59497,27.25972,0.00000,0
3191576,1.7000,1.6772,1.6826,0.01736,-25.58272,27.25987,0.00000,0
3192076,1.7000,1.7018,1.6810,0.01897,-25.55821,27.26004,0.00000,0
3192576,1.7000,1.7143,1.6802,0.01978,-25.54596,27.26022,0.00000,0
3193076,1.7000,1.6899,1.6818,0.01817,-25.57047,27.26039,0.00000,0
3193576,1.7000,1.6656,1.6834,0.01656,-25.59497,27.26055,0.00000,0
3194076,1.7000,1.6412,1.6851,0.01495,-25.61947,27.26069,0.00000,0
3194576,1.7000,1.6536,1.6842,0.01575,-25.60722,27.26083,0.00000,0
3195076,1.7000,1.6660,1.6834,0.01656,-25.59497,27.26098,0.00000,0
3195576,1.7000,1.6662,1.6834,0.01656,-25.59497,27.26113,0.00000,0
3196076,1.7000,1.6908,1.6818,0.01817,-25.57047,27.26129,0.00000,0
3196576,1.7000,1.7032,1.6810,0.01897,-25.55821,27.26146,0.00000,0
3197076,1.7000,1.6789,1.6826,0.01736,-25.58272,27.26162,0.00000,0
3197576,1.7000,1.6913,1.6818,0.01817,-25.57047,27.26179,0.00000,0
3198076,1.7000,1.7160,1.6802,0.01978,-25.54596,27.26196,0.00000,0
3198576,1.7000,1.7162,1.6802,0.01978,-25.54596,27.26214,0.00000,0
3199076,1.7000,1.7286,1.6794,0.02059,-25.53371,27.26232,0.00000,0
3199576,1.7000,1.7288,1.6794,0.02059,-25.53371,27.26251,0.00000,0
3200076,1.7000,1.7412,1.6786,0.02139,-25.52146,27.26270,0.00000,0
3200576,1.7000,1.7414,1.6786,0.02139,-25.52146,27.26290,0.00000,0
3201076,1.7000,1.7294,1.6794,0.02059,-25.53371,27.26309,0.00000,0
3201576,1.7000,1.7051,1.6810,0.01897,-25.55821,27.26327,0.00000,0
3202076,1.7000,1.6930,1.6818,0.01817,-25.57047,27.26344,0.00000,0
3202576,1.7000,1.6809,1.6826,0.01736,-25.58272,27.26360,0.00000,0
3203076,1.7000,1.6810,1.6826,0.01736,-25.58272,27.26376,0.00000,0
3203576,1.7000,1.6689,1.6834,0.01656,-25.59497,27.26391,0.00000,0
3204076,1.7000,1.6936,1.6818,0.01817,-25.57047,27.26407,0.00000,0
3204576,1.7000,1.6570,1.6842,0.01575,-25.60722,27.26423,0.00000,0
3205076,1.7000,1.6571,1.6842,0.01575,-25.60722,27.26437,0.00000,0
3205576,1.7000,1.6573,1.6842,0.01575,-25.60722,27.26451,0.00000,0
3206076,1.7000,1.6329,1.6859,0.01414,-25.63173,27.26465,0.00000,0
3206576,1.7000,1.6821,1.6826,0.01736,-25.58272,27.26479,0.00000,0
3207076,1.7000,1.6700,1.6834,0.01656,-25.59497,27.26494,0.00000,0
3207576,1.7000,1.6824,1.6826,0.01736,-25.58272,27.26510,0.00000,0
3208076,1.7000,1.6948,1.6818,0.01817,-25.57047,27.26526,0.00000,0
3208576,1.7000,1.7072,1.6810,0.01897,-25.55821,27.26543,0.00000,0
3209076,1.7000,1.6951,1.6818,0.01817,-25.57047,27.26560,0.00000,0
3209576,1.7000,1.6708,1.6834,0.01656,-25.59497,27.26576,0.00000,0
3210076,1.7000,1.6587,1.6842,0.01575,-25.60722,27.26591,0.00000,0
3210576,1.7000,1.6466,1.6851,0.01495,-25.61947,27.26604,0.00000,0
3211076,1.7000,1.6344,1.6859,0.01414,-25.63173,27.26618,0.00000,0
3211576,1.7000,1.6223,1.6867,0.01333,-25.64398,27.26630,0.00000,0
3212076,1.7000,1.6470,1.6851,0.01495,-25.61947,27.26643,0.00000,0
3212576,1.7000,1.6471,1.6851,0.01495,-25.61947,27.26657,0.00000,0
3213076,1.7000,1.6472,1.6851,0.01495,-25.61947,27.26670,0.00000,0
3213576,1.7000,1.6351,1.6859,0.01414,-25.63173,27.26683,0.00000,0
3214076,1.7000,1.6475,1.6851,0.01495,-25.61947,27.26697,0.00000,0
3214576,1.7000,1.6721,1.6834,0.01656,-25.59497,27.26711,0.00000,0
3215076,1.7000,1.6723,1.6834,0.01656,-25.59497,27.26726,0.00000,0
3215576,1.7000,1.7092,1.6810,0.01897,-25.55821,27.26742,0.00000,0
3216076,1.7000,1.7339,1.6794,0.02059,-25.53371,27.26760,0.00000,0
3216576,1.7000,1.7463,1.6786,0.02139,-25.52146,27.26779,0.00000,0
3217076,1.7000,1.7465,1.6786,0.02139,-25.52146,27.26799,0.00000,0
3217576,1.7000,1.7345,1.6794,0.02059,-25.53371,27.26818,0.00000,0
3218076,1.7000,1.6979,1.6818,0.01817,-25.57047,27.26836,0.00000,0
3218576,1.7000,1.6981,1.6818,0.01817,-25.57047,27.26852,0.00000,0
3219076,1.7000,1.6737,1.6834,0.01656,-25.59497,27.26868,0.00000,0
3219576,1.7000,1.6739,1.6834,0.01656,-25.59497,27.26883,0.00000,0
3220076,1.7000,1.6740,1.6834,0.01656,-25.59497,27.26898,0.00000,0
3220576,1.7000,1.6374,1.6859,0.01414,-25.63173,27.26912,0.00000,0
3221076,1.7000,1.6253,1.6867,0.01333,-25.64398,27.26925,0.00000,0
3221576,1.7000,1.6009,1.6883,0.01172,-25.66848,27.26936,0.00000,0
3222076,1.7000,1.5765,1.6899,0.01011,-25.69299,27.26946,0.00000,0
3222576,1.7000,1.5766,1.6899,0.01011,-25.69299,27.26955,0.00000,0
3223076,1.7000,1.6379,1.6859,0.01414,-25.63173,27.26966,0.00000,0
3223576,1.7000,1.6258,1.6867,0.01333,-25.64398,27.26979,0.00000,0
3224076,1.7000,1.7117,1.6810,0.01897,-25.55821,27.26994,0.00000,0
3224576,1.7000,1.7242,1.6802,0.01978,-25.54596,27.27011,0.00000,0
3225076,1.7000,1.6998,1.6818,0.01817,-25.57047,27.27029,0.00000,0
3225576,1.7000,1.7000,1.6818,0.01817,-25.57047,27.27045,0.00000,0
3226076,1.7000,1.7247,1.6802,0.01978,-25.54596,27.27063,0.00000,0
3226576,1.7000,1.7003,1.6818,0.01817,-25.57047,27.27080,0.00000,0
3227076,1.7000,1.7373,1.6794,0.02059,-25.53371,27.27098,0.00000,0
3227576,1.7000,1.7129,1.6810,0.01897,-25.55821,27.27116,0.00000,0
3228076,1.7000,1.6886,1.6826,0.01736,-25.58272,27.27132,0.00000,0
3228576,1.7000,1.6888,1.6826,0.01736,-25.58272,27.27148,0.00000,0
3229076,1.7000,1.6276,1.6867,0.01333,-25.64398,27.27162,0.00000,0
3229576,1.7000,1.6278,1.6867,0.01333,-25.64398,27.27174,0.00000,0
3230076,1.7000,1.6647,1.6842,0.01575,-25.60722,27.27188,0.00000,0
3230576,1.7000,1.6771,1.6834,0.01656,-25.59497,27.27202,0.00000,0
3231076,1.7000,1.6404,1.6859,0.01414,-25.63173,27.27216,0.00000,0
3231576,1.7000,1.6896,1.6826,0.01736,-25.58272,27.27230,0.00000,0
3232076,1.7000,1.7020,1.6818,0.01817,-25.57047,27.27247,0.00000,0
3232576,1.7000,1.6777,1.6834,0.01656,-25.59497,27.27262,0.00000,0
3233076,1.7000,1.6778,1.6834,0.01656,-25.59497,27.27278,0.00000,0
3233576,1.7000,1.7270,1.6802,0.01978,-25.54596,27.27294,0.00000,0
3234076,1.7000,1.7149,1.6810,0.01897,-25.55821,27.27312,0.00000,0
3234576,1.7000,1.7028,1.6818,0.01817,-25.57047,27.27329,0.00000,0
3235076,1.7000,1.7152,1.6810,0.01897,-25.55821,27.27346,0.00000,0
3235576,1.7000,1.6786,1.6834,0.01656,-25.59497,27.27362,0.00000,0
3236076,1.7000,1.7278,1.6802,0.01978,-25.54596,27.27379,0.00000,0
3236576,1.7000,1.7157,1.6810,0.01897,-25.55821,27.27396,0.00000,0
3237076,1.7000,1.6914,1.6826,0.01736,-25.58272,27.27413,0.00000,0
3237576,1.7000,1.7406,1.6794,0.02059,-25.53371,27.27430,0.00000,0
3238076,1.7000,1.7285,1.6802,0.01978,-25.54596,27.27449,0.00000,0
3238576,1.7000,1.7042,1.6818,0.01817,-25.57047,27.27466,0.00000,0
3239076,1.7000,1.7289,1.6802,0.01978,-25.54596,27.27483,0.00000,0
3239576,1.7000,1.7168,1.6810,0.01897,-25.55821,27.27501,0.00000,0
3240076,1.7000,1.6925,1.6826,0.01736,-25.58272,27.27518,0.00000,0
3240576,1.7000,1.7416,1.6794,0.02059,-25.53371,27.27535,0.00000,0
3241076,1.7000,1.7296,1.6802,0.01978,-25.54596,27.27553,0.00000,0
3241576,1.7000,1.7543,1.6786,0.02139,-25.52146,27.27572,0.00000,0
3242076,1.7000,1.7299,1.6802,0.01978,-25.54596,27.27591,0.00000,0
3242576,1.7000,1.7301,1.6802,0.01978,-25.54596,27.27609,0.00000,0
3243076,1.7000,1.7426,1.6794,0.02059,-25.53371,27.27627,0.00000,0
3243576,1.7000,1.7428,1.6794,0.02059,-25.53371,27.27646,0.00000,0
3244076,1.7000,1.7552,1.6786,0.02139,-25.52146,27.27665,0.00000,0
3244576,1.7000,1.7554,1.6786,0.02139,-25.52146,27.27684,0.00000,0
3245076,1.7000,1.7678,1.6778,0.02220,-25.50920,27.27704,0.00000,0
3245576,1.7000,1.7680,1.6778,0.02220,-25.50920,27.27724,0.00000,0
3246076,1.7000,1.7928,1.6762,0.02381,-25.48470,27.27745,0.00000,0
3246576,1.7000,1.7930,1.6762,0.02381,-25.48470,27.27767,0.00000,0
3247076,1.7000,1.8177,1.6746,0.02542,-25.46019,27.27790,0.00000,0
3247576,1.7000,1.8179,1.6746,0.02542,-25.46019,27.27813,0.00000,0
3248076,1.7000,1.8304,1.6738,0.02623,-25.44794,27.27836,0.00000,0
3248576,1.7000,1.8184,1.6746,0.02542,-25.46019,27.27860,0.00000,0
3249076,1.7000,1.8064,1.6754,0.02462,-25.47245,27.27883,0.00000,0
3249576,1.7000,1.8189,1.6746,0.02542,-25.46019,27.27905,0.00000,0
3250076,1.7000,1.8068,1.6754,0.02462,-25.47245,27.27928,0.00000,0
3250576,1.7000,1.7703,1.6778,0.02220,-25.50920,27.27950,0.00000,0
3251076,1.7000,1.8073,1.6754,0.02462,-25.47245,27.27971,0.00000,0
3251576,1.7000,1.8075,1.6754,0.02462,-25.47245,27.27994,0.00000,0
3252076,1.7000,1.7955,1.6762,0.02381,-25.48470,27.28016,0.00000,0
3252576,1.7000,1.8202,1.6746,0.02542,-25.46019,27.28038,0.00000,0
3253076,1.7000,1.8204,1.6746,0.02542,-25.46019,27.28061,0.00000,0
3253576,1.7000,1.8452,1.6730,0.02703,-25.43569,27.28085,0.00000,0
3254076,1.7000,1.8454,1.6730,0.02703,-25.43569,27.28110,0.00000,0
3254576,1.7000,1.8702,1.6714,0.02864,-25.41119,27.28135,0.00000,0
3255076,1.7000,1.8827,1.6705,0.02945,-25.39893,27.28162,0.00000,0
3255576,1.7000,1.8830,1.6705,0.02945,-25.39893,27.28189,0.00000,0
3256076,1.7000,1.8465,1.6730,0.02703,-25.43569,27.28214,0.00000,0
3256576,1.7000,1.8344,1.6738,0.02623,-25.44794,27.28238,0.00000,0
3257076,1.7000,1.8102,1.6754,0.02462,-25.47245,27.28262,0.00000,0
3257576,1.7000,1.7981,1.6762,0.02381,-25.48470,27.28284,0.00000,0
3258076,1.7000,1.7616,1.6786,0.02139,-25.52146,27.28304,0.00000,0
3258576,1.7000,1.7250,1.6810,0.01897,-25.55821,27.28323,0.00000,0
3259076,1.7000,1.7497,1.6794,0.02059,-25.53371,27.28341,0.00000,0
3259576,1.7000,1.7254,1.6810,0.01897,-25.55821,27.28359,0.00000,0
3260076,1.7000,1.7133,1.6818,0.01817,-25.57047,27.28376,0.00000,0
3260576,1.7000,1.6889,1.6834,0.01656,-25.59497,27.28392,0.00000,0
3261076,1.7000,1.6768,1.6842,0.01575,-25.60722,27.28406,0.00000,0
3261576,1.7000,1.7015,1.6826,0.01736,-25.58272,27.28421,0.00000,0
3262076,1.7000,1.7262,1.6810,0.01897,-25.55821,27.28438,0.00000,0
3262576,1.7000,1.7141,1.6818,0.01817,-25.57047,27.28455,0.00000,0
3263076,1.7000,1.7265,1.6810,0.01897,-25.55821,27.28472,0.00000,0
3263576,1.7000,1.7267,1.6810,0.01897,-25.55821,27.28489,0.00000,0
3264076,1.7000,1.7146,1.6818,0.01817,-25.57047,27.28506,0.00000,0
3264576,1.7000,1.7025,1.6826,0.01736,-25.58272,27.28522,0.00000,0
3265076,1.7000,1.7272,1.6810,0.01897,-25.55821,27.28539,0.00000,0
3265576,1.7000,1.7641,1.6786,0.02139,-25.52146,27.28557,0.00000,0
3266076,1.7000,1.7521,1.6794,0.02059,-25.53371,27.28576,0.00000,0
3266576,1.7000,1.7277,1.6810,0.01897,-25.55821,27.28595,0.00000,0
3267076,1.7000,1.7279,1.6810,0.01897,-25.55821,27.28612,0.00000,0
3267576,1.7000,1.7526,1.6794,0.02059,-25.53371,27.28630,0.00000,0
3268076,1.7000,1.7405,1.6802,0.01978,-25.54596,27.28648,0.00000,0
3268576,1.7000,1.7407,1.6802,0.01978,-25.54596,27.28666,0.00000,0
3269076,1.7000,1.7286,1.6810,0.01897,-25.55821,27.28684,0.00000,0
3269576,1.7000,1.7411,1.6802,0.01978,-25.54596,27.28702,0.00000,0
3270076,1.7000,1.7290,1.6810,0.01897,-25.55821,27.28720,0.00000,0
3270576,1.7000,1.7414,1.6802,0.01978,-25.54596,27.28737,0.00000,0
3271076,1.7000,1.7416,1.6802,0.01978,-25.54596,27.28756,0.00000,0
3271576,1.7000,1.7418,1.6802,0.01978,-25.54596,27.28774,0.00000,0
3272076,1.7000,1.7297,1.6810,0.01897,-25.55821,27.28791,0.00000,0
3272576,1.7000,1.6931,1.6834,0.01656,-25.59497,27.28808,0.00000,0
3273076,1.7000,1.7178,1.6818,0.01817,-25.57047,27.28823,0.00000,0
3273576,1.7000,1.7179,1.6818,0.01817,-25.57047,27.28840,0.00000,0
3274076,1.7000,1.7304,1.6810,0.01897,-25.55821,27.28857,0.00000,0
3274576,1.7000,1.7305,1.6810,0.01897,-25.55821,27.28874,0.00000,0
3275076,1.7000,1.7307,1.6810,0.01897,-25.55821,27.28892,0.00000,0
3275576,1.7000,1.7064,1.6826,0.01736,-25.58272,27.28908,0.00000,0
3276076,1.7000,1.6943,1.6834,0.01656,-25.59497,27.28924,0.00000,0
3276576,1.7000,1.7067,1.6826,0.01736,-25.58272,27.28939,0.00000,0
3277076,1.7000,1.7191,1.6818,0.01817,-25.57047,27.28955,0.00000,0
3277576,1.7000,1.7560,1.6794,0.02059,-25.53371,27.28973,0.00000,0
3278076,1.7000,1.7930,1.6770,0.02300,-25.49695,27.28993,0.00000,0
3278576,1.7000,1.8177,1.6754,0.02462,-25.47245,27.29015,0.00000,0
3279076,1.7000,1.7934,1.6770,0.02300,-25.49695,27.29037,0.00000,0
3279576,1.7000,1.7691,1.6786,0.02139,-25.52146,27.29057,0.00000,0
3280076,1.7000,1.7693,1.6786,0.02139,-25.52146,27.29076,0.00000,0
3280576,1.7000,1.7818,1.6778,0.02220,-25.50920,27.29096,0.00000,0
3281076,1.7000,1.7820,1.6778,0.02220,-25.50920,27.29116,0.00000,0
3281576,1.7000,1.7699,1.6786,0.02139,-25.52146,27.29136,0.00000,0
3282076,1.7000,1.7578,1.6794,0.02059,-25.53371,27.29155,0.00000,0
3282576,1.7000,1.7090,1.6826,0.01736,-25.58272,27.29173,0.00000,0
3283076,1.7000,1.6601,1.6859,0.01414,-25.63173,27.29187,0.00000,0
3283576,1.7000,1.6603,1.6859,0.01414,-25.63173,27.29200,0.00000,0
3284076,1.7000,1.6359,1.6875,0.01253,-25.65623,27.29212,0.00000,0
3284576,1.7000,1.6483,1.6867,0.01333,-25.64398,27.29224,0.00000,0
3285076,1.7000,1.6484,1.6867,0.01333,-25.64398,27.29236,0.00000,0
3285576,1.7000,1.6485,1.6867,0.01333,-25.64398,27.29248,0.00000,0
3286076,1.7000,1.6241,1.6883,0.01172,-25.66848,27.29260,0.00000,0
3286576,1.7000,1.6365,1.6875,0.01253,-25.65623,27.29271,0.00000,0
3287076,1.7000,1.6121,1.6891,0.01092,-25.68073,27.29281,0.00000,0
3287576,1.7000,1.5877,1.6907,0.00930,-25.70524,27.29291,0.00000,0
3288076,1.7000,1.6000,1.6899,0.01011,-25.69299,27.29299,0.00000,0
3288576,1.7000,1.6001,1.6899,0.01011,-25.69299,27.29309,0.00000,0
3289076,1.7000,1.6247,1.6883,0.01172,-25.66848,27.29318,0.00000,0
3289576,1.7000,1.6126,1.6891,0.01092,-25.68073,27.29329,0.00000,0
3290076,1.7000,1.6127,1.6891,0.01092,-25.68073,27.29339,0.00000,0
3290576,1.7000,1.6250,1.6883,0.01172,-25.66848,27.29349,0.00000,0
3291076,1.7000,1.6374,1.6875,0.01253,-25.65623,27.29360,0.00000,0
3291576,1.7000,1.6497,1.6867,0.01333,-25.64398,27.29372,0.00000,0
3292076,1.7000,1.6866,1.6842,0.01575,-25.60722,27.29385,0.00000,0
3292576,1.7000,1.6990,1.6834,0.01656,-25.59497,27.29400,0.00000,0
3293076,1.7000,1.7237,1.6818,0.01817,-25.57047,27.29416,0.00000,0
3293576,1.7000,1.7239,1.6818,0.01817,-25.57047,27.29432,0.00000,0
3294076,1.7000,1.6995,1.6834,0.01656,-25.59497,27.29448,0.00000,0
3294576,1.7000,1.7119,1.6826,0.01736,-25.58272,27.29463,0.00000,0
3295076,1.7000,1.7366,1.6810,0.01897,-25.55821,27.29480,0.00000,0
3295576,1.7000,1.7122,1.6826,0.01736,-25.58272,27.29497,0.00000,0
3296076,1.7000,1.7247,1.6818,0.01817,-25.57047,27.29513,0.00000,0
3296576,1.7000,1.7493,1.6802,0.01978,-25.54596,27.29530,0.00000,0
3297076,1.7000,1.7250,1.6818,0.01817,-25.57047,27.29548,0.00000,0
3297576,1.7000,1.7497,1.6802,0.01978,-25.54596,27.29565,0.00000,0
3298076,1.7000,1.7254,1.6818,0.01817,-25.57047,27.29582,0.00000,0
3298576,1.7000,1.7133,1.6826,0.01736,-25.58272,27.29598,0.00000,0
3299076,1.7000,1.7257,1.6818,0.01817,-25.57047,27.29615,0.00000,0
3299576,1.7000,1.7258,1.6818,0.01817,-25.57047,27.29631,0.00000,0
3300076,1.7000,1.7015,1.6834,0.01656,-25.59497,27.29647,0.00000,0
3300576,1.7000,1.7384,1.6810,0.01897,-25.55821,27.29663,0.00000,0
3301076,1.7000,1.7263,1.6818,0.01817,-25.57047,27.29680,0.00000,0
3301576,1.7000,1.7142,1.6826,0.01736,-25.58272,27.29696,0.00000,0
3302076,1.7000,1.6899,1.6842,0.01575,-25.60722,27.29712,0.00000,0
3302576,1.7000,1.6778,1.6851,0.01495,-25.61947,27.29725,0.00000,0
3303076,1.7000,1.6657,1.6859,0.01414,-25.63173,27.29739,0.00000,0
3303576,1.7000,1.6903,1.6842,0.01575,-25.60722,27.29752,0.00000,0
3304076,1.7000,1.7150,1.6826,0.01736,-25.58272,27.29767,0.00000,0
3304576,1.7000,1.7274,1.6818,0.01817,-25.57047,27.29783,0.00000,0
3305076,1.7000,1.7030,1.6834,0.01656,-25.59497,27.29799,0.00000,0
3305576,1.7000,1.6909,1.6842,0.01575,-25.60722,27.29814,0.00000,0
3306076,1.7000,1.6911,1.6842,0.01575,-25.60722,27.29828,0.00000,0
3306576,1.7000,1.6544,1.6867,0.01333,-25.64398,27.29841,0.00000,0
3307076,1.7000,1.6791,1.6851,0.01495,-25.61947,27.29854,0.00000,0
3307576,1.7000,1.6302,1.6883,0.01172,-25.66848,27.29867,0.00000,0
3308076,1.7000,1.6303,1.6883,0.01172,-25.66848,27.29877,0.00000,0
3308576,1.7000,1.6304,1.6883,0.01172,-25.66848,27.29888,0.00000,0
3309076,1.7000,1.6182,1.6891,0.01092,-25.68073,27.29898,0.00000,0
3309576,1.7000,1.6061,1.6899,0.01011,-25.69299,27.29908,0.00000,0
3310076,1.7000,1.6184,1.6891,0.01092,-25.68073,27.29917,0.00000,0
3310576,1.7000,1.6185,1.6891,0.01092,-25.68073,27.29927,0.00000,0
3311076,1.7000,1.6064,1.6899,0.01011,-25.69299,27.29937,0.00000,0
3311576,1.7000,1.6310,1.6883,0.01172,-25.66848,27.29947,0.00000,0
3312076,1.7000,1.6066,1.6899,0.01011,-25.69299,27.29957,0.00000,0
3312576,1.7000,1.6557,1.6867,0.01333,-25.64398,27.29967,0.00000,0
3313076,1.7000,1.6803,1.6851,0.01495,-25.61947,27.29980,0.00000,0
3313576,1.7000,1.6682,1.6859,0.01414,-25.63173,27.29993,0.00000,0
3314076,1.7000,1.7419,1.6810,0.01897,-25.55821,27.30009,0.00000,0
3314576,1.7000,1.8033,1.6770,0.02300,-25.49695,27.30028,0.00000,0
3315076,1.7000,1.8280,1.6754,0.02462,-25.47245,27.30049,0.00000,0
3315576,1.7000,1.7792,1.6786,0.02139,-25.52146,27.30070,0.00000,0
3316076,1.7000,1.7917,1.6778,0.02220,-25.50920,27.30090,0.00000,0
3316576,1.7000,1.7796,1.6786,0.02139,-25.52146,27.30110,0.00000,0
3317076,1.7000,1.8044,1.6770,0.02300,-25.49695,27.30130,0.00000,0
3317576,1.7000,1.7800,1.6786,0.02139,-25.52146,27.30150,0.00000,0
3318076,1.7000,1.7557,1.6802,0.01978,-25.54596,27.30169,0.00000,0
3318576,1.7000,1.7804,1.6786,0.02139,-25.52146,27.30188,0.00000,0
3319076,1.7000,1.7071,1.6834,0.01656,-25.59497,27.30205,0.00000,0
3319576,1.7000,1.6460,1.6875,0.01253,-25.65623,27.30218,0.00000,0
3320076,1.7000,1.6338,1.6883,0.01172,-25.66848,27.30229,0.00000,0
3320576,1.7000,1.6584,1.6867,0.01333,-25.64398,27.30241,0.00000,0
3321076,1.7000,1.6586,1.6867,0.01333,-25.64398,27.30253,0.00000,0
3321576,1.7000,1.6832,1.6851,0.01495,-25.61947,27.30266,0.00000,0
3322076,1.7000,1.6711,1.6859,0.01414,-25.63173,27.30279,0.00000,0
3322576,1.7000,1.7202,1.6826,0.01736,-25.58272,27.30293,0.00000,0
3323076,1.7000,1.7081,1.6834,0.01656,-25.59497,27.30309,0.00000,0
3323576,1.7000,1.6715,1.6859,0.01414,-25.63173,27.30323,0.00000,0
3324076,1.7000,1.6716,1.6859,0.01414,-25.63173,27.30336,0.00000,0
3324576,1.7000,1.6472,1.6875,0.01253,-25.65623,27.30348,0.00000,0
3325076,1.7000,1.6351,1.6883,0.01172,-25.66848,27.30359,0.00000,0
3325576,1.7000,1.6352,1.6883,0.01172,-25.66848,27.30370,0.00000,0
3326076,1.7000,1.6598,1.6867,0.01333,-25.64398,27.30381,0.00000,0
3326576,1.7000,1.6477,1.6875,0.01253,-25.65623,27.30393,0.00000,0
3327076,1.7000,1.6356,1.6883,0.01172,-25.66848,27.30404,0.00000,0
3327576,1.7000,1.5989,1.6907,0.00930,-25.70524,27.30414,0.00000,0
3328076,1.7000,1.5990,1.6907,0.00930,-25.70524,27.30422,0.00000,0
3328576,1.7000,1.5746,1.6923,0.00769,-25.72974,27.30430,0.00000,0
3329076,1.7000,1.5991,1.6907,0.00930,-25.70524,27.30438,0.00000,0
3329576,1.7000,1.6237,1.6891,0.01092,-25.68073,27.30447,0.00000,0
3330076,1.7000,1.6483,1.6875,0.01253,-25.65623,27.30457,0.00000,0
3330576,1.7000,1.6362,1.6883,0.01172,-25.66848,27.30469,0.00000,0
3331076,1.7000,1.6241,1.6891,0.01092,-25.68073,27.30479,0.00000,0
3331576,1.7000,1.6854,1.6851,0.01495,-25.61947,27.30491,0.00000,0
3332076,1.7000,1.6978,1.6842,0.01575,-25.60722,27.30505,0.00000,0
3332576,1.7000,1.6980,1.6842,0.01575,-25.60722,27.30519,0.00000,0
3333076,1.7000,1.6981,1.6842,0.01575,-25.60722,27.30533,0.00000,0
3333576,1.7000,1.7473,1.6810,0.01897,-25.55821,27.30549,0.00000,0
3334076,1.7000,1.7229,1.6826,0.01736,-25.58272,27.30566,0.00000,0
3334576,1.7000,1.7231,1.6826,0.01736,-25.58272,27.30581,0.00000,0
3335076,1.7000,1.7110,1.6834,0.01656,-25.59497,27.30597,0.00000,0
3335576,1.7000,1.7479,1.6810,0.01897,-25.55821,27.30613,0.00000,0
3336076,1.7000,1.6991,1.6842,0.01575,-25.60722,27.30629,0.00000,0
3336576,1.7000,1.6379,1.6883,0.01172,-25.66848,27.30642,0.00000,0
3337076,1.7000,1.6503,1.6875,0.01253,-25.65623,27.30653,0.00000,0
3337576,1.7000,1.6504,1.6875,0.01253,-25.65623,27.30664,0.00000,0
3338076,1.7000,1.6750,1.6859,0.01414,-25.63173,27.30676,0.00000,0
3338576,1.7000,1.6629,1.6867,0.01333,-25.64398,27.30689,0.00000,0
3339076,1.7000,1.6630,1.6867,0.01333,-25.64398,27.30701,0.00000,0
3339576,1.7000,1.6999,1.6842,0.01575,-25.60722,27.30714,0.00000,0
3340076,1.7000,1.7123,1.6834,0.01656,-25.59497,27.30729,0.00000,0
3340576,1.7000,1.6757,1.6859,0.01414,-25.63173,27.30743,0.00000,0
3341076,1.7000,1.7371,1.6818,0.01817,-25.57047,27.30758,0.00000,0
3341576,1.7000,1.7250,1.6826,0.01736,-25.58272,27.30774,0.00000,0
3342076,1.7000,1.7497,1.6810,0.01897,-25.55821,27.30790,0.00000,0
3342576,1.7000,1.7744,1.6794,0.02059,-25.53371,27.30808,0.00000,0
3343076,1.7000,1.7501,1.6810,0.01897,-25.55821,27.30827,0.00000,0
3343576,1.7000,1.7502,1.6810,0.01897,-25.55821,27.30844,0.00000,0
3344076,1.7000,1.7627,1.6802,0.01978,-25.54596,27.30862,0.00000,0
3344576,1.7000,1.7261,1.6826,0.01736,-25.58272,27.30879,0.00000,0
3345076,1.7000,1.7017,1.6842,0.01575,-25.60722,27.30894,0.00000,0
3345576,1.7000,1.6406,1.6883,0.01172,-25.66848,27.30906,0.00000,0
3346076,1.7000,1.6529,1.6875,0.01253,-25.65623,27.30917,0.00000,0
3346576,1.7000,1.6531,1.6875,0.01253,-25.65623,27.30929,0.00000,0
3347076,1.7000,1.6532,1.6875,0.01253,-25.65623,27.30940,0.00000,0
3347576,1.7000,1.6288,1.6891,0.01092,-25.68073,27.30951,0.00000,0
3348076,1.7000,1.6411,1.6883,0.01172,-25.66848,27.30961,0.00000,0
3348576,1.7000,1.6535,1.6875,0.01253,-25.65623,27.30972,0.00000,0
3349076,1.7000,1.6536,1.6875,0.01253,-25.65623,27.30984,0.00000,0
3349576,1.7000,1.6660,1.6867,0.01333,-25.64398,27.30996,0.00000,0
3350076,1.7000,1.6661,1.6867,0.01333,-25.64398,27.31008,0.00000,0
3350576,1.7000,1.7275,1.6826,0.01736,-25.58272,27.31022,0.00000,0
3351076,1.7000,1.7031,1.6842,0.01575,-25.60722,27.31037,0.00000,0
3351576,1.7000,1.7033,1.6842,0.01575,-25.60722,27.31051,0.00000,0
3352076,1.7000,1.6912,1.6851,0.01495,-25.61947,27.31065,0.00000,0
3352576,1.7000,1.7036,1.6842,0.01575,-25.60722,27.31079,0.00000,0
3353076,1.7000,1.7037,1.6842,0.01575,-25.60722,27.31093,0.00000,0
3353576,1.7000,1.7039,1.6842,0.01575,-25.60722,27.31108,0.00000,0
3354076,1.7000,1.6917,1.6851,0.01495,-25.61947,27.31121,0.00000,0
3354576,1.7000,1.7164,1.6834,0.01656,-25.59497,27.31136,0.00000,0
3355076,1.7000,1.7411,1.6818,0.01817,-25.57047,27.31152,0.00000,0
3355576,1.7000,1.7412,1.6818,0.01817,-25.57047,27.31168,0.00000,0
3356076,1.7000,1.7659,1.6802,0.01978,-25.54596,27.31186,0.00000,0
3356576,1.7000,1.7661,1.6802,0.01978,-25.54596,27.31204,0.00000,0
3357076,1.7000,1.7540,1.6810,0.01897,-25.55821,27.31221,0.00000,0
3357576,1.7000,1.7174,1.6834,0.01656,-25.59497,27.31238,0.00000,0
3358076,1.7000,1.7176,1.6834,0.01656,-25.59497,27.31253,0.00000,0
3358576,1.7000,1.7055,1.6842,0.01575,-25.60722,27.31267,0.00000,0
3359076,1.7000,1.6933,1.6851,0.01495,-25.61947,27.31281,0.00000,0
3359576,1.7000,1.6567,1.6875,0.01253,-25.65623,27.31294,0.00000,0
3360076,1.7000,1.6691,1.6867,0.01333,-25.64398,27.31306,0.00000,0
3360576,1.7000,1.6815,1.6859,0.01414,-25.63173,27.31318,0.00000,0
3361076,1.7000,1.6693,1.6867,0.01333,-25.64398,27.31331,0.00000,0
3361576,1.7000,1.6695,1.6867,0.01333,-25.64398,27.31343,0.00000,0
3362076,1.7000,1.6696,1.6867,0.01333,-25.64398,27.31355,0.00000,0
3362576,1.7000,1.6820,1.6859,0.01414,-25.63173,27.31368,0.00000,0
3363076,1.7000,1.6821,1.6859,0.01414,-25.63173,27.31381,0.00000,0
3363576,1.7000,1.6822,1.6859,0.01414,-25.63173,27.31394,0.00000,0
3364076,1.7000,1.6946,1.6851,0.01495,-25.61947,27.31407,0.00000,0
3364576,1.7000,1.6702,1.6867,0.01333,-25.64398,27.31420,0.00000,0
3365076,1.7000,1.5723,1.6931,0.00689,-25.74200,27.31429,0.00000,0
3365576,1.7000,1.5846,1.6923,0.00769,-25.72974,27.31436,0.00000,0
3366076,1.7000,1.5969,1.6915,0.00850,-25.71749,27.31443,0.00000,0
3366576,1.7000,1.6093,1.6907,0.00930,-25.70524,27.31451,0.00000,0
3367076,1.7000,1.5848,1.6923,0.00769,-25.72974,27.31459,0.00000,0
3367576,1.7000,1.6094,1.6907,0.00930,-25.70524,27.31467,0.00000,0
3368076,1.7000,1.6095,1.6907,0.00930,-25.70524,27.31475,0.00000,0
3368576,1.7000,1.6341,1.6891,0.01092,-25.68073,27.31485,0.00000,0
3369076,1.7000,1.6587,1.6875,0.01253,-25.65623,27.31495,0.00000,0
3369576,1.7000,1.6466,1.6883,0.01172,-25.66848,27.31506,0.00000,0
3370076,1.7000,1.7080,1.6842,0.01575,-25.60722,27.31519,0.00000,0
3370576,1.7000,1.6959,1.6851,0.01495,-25.61947,27.31533,0.00000,0
3371076,1.7000,1.6837,1.6859,0.01414,-25.63173,27.31546,0.00000,0
3371576,1.7000,1.6961,1.6851,0.01495,-25.61947,27.31559,0.00000,0
3372076,1.7000,1.7330,1.6826,0.01736,-25.58272,27.31574,0.00000,0
3372576,1.7000,1.7209,1.6834,0.01656,-25.59497,27.31589,0.00000,0
3373076,1.7000,1.7211,1.6834,0.01656,-25.59497,27.31604,0.00000,0
3373576,1.7000,1.7090,1.6842,0.01575,-25.60722,27.31619,0.00000,0
3374076,1.7000,1.6969,1.6851,0.01495,-25.61947,27.31633,0.00000,0
3374576,1.7000,1.7338,1.6826,0.01736,-25.58272,27.31648,0.00000,0
3375076,1.7000,1.7462,1.6818,0.01817,-25.57047,27.31664,0.00000,0
3375576,1.7000,1.7463,1.6818,0.01817,-25.57047,27.31680,0.00000,0
3376076,1.7000,1.7465,1.6818,0.01817,-25.57047,27.31697,0.00000,0
3376576,1.7000,1.7222,1.6834,0.01656,-25.59497,27.31713,0.00000,0
3377076,1.7000,1.7346,1.6826,0.01736,-25.58272,27.31728,0.00000,0
3377576,1.7000,1.7470,1.6818,0.01817,-25.57047,27.31745,0.00000,0
3378076,1.7000,1.8207,1.6770,0.02300,-25.49695,27.31763,0.00000,0
3378576,1.7000,1.8331,1.6762,0.02381,-25.48470,27.31785,0.00000,0
3379076,1.7000,1.8089,1.6778,0.02220,-25.50920,27.31806,0.00000,0
3379576,1.7000,1.7968,1.6786,0.02139,-25.52146,27.31825,0.00000,0
3380076,1.7000,1.7847,1.6794,0.02059,-25.53371,27.31845,0.00000,0
3380576,1.7000,1.7849,1.6794,0.02059,-25.53371,27.31863,0.00000,0
3381076,1.7000,1.7361,1.6826,0.01736,-25.58272,27.31881,0.00000,0
3381576,1.7000,1.7362,1.6826,0.01736,-25.58272,27.31896,0.00000,0
3382076,1.7000,1.7119,1.6842,0.01575,-25.60722,27.31911,0.00000,0
3382576,1.7000,1.6998,1.6851,0.01495,-25.61947,27.31925,0.00000,0
3383076,1.7000,1.6386,1.6891,0.01092,-25.68073,27.31937,0.00000,0
3383576,1.7000,1.6142,1.6907,0.00930,-25.70524,27.31946,0.00000,0
3384076,1.7000,1.6266,1.6899,0.01011,-25.69299,27.31955,0.00000,0
3384576,1.7000,1.6144,1.6907,0.00930,-25.70524,27.31964,0.00000,0
3385076,1.7000,1.5655,1.6939,0.00608,-25.75425,27.31971,0.00000,0
3385576,1.7000,1.5778,1.6931,0.00689,-25.74200,27.31977,0.00000,0
3386076,1.7000,1.5901,1.6923,0.00769,-25.72974,27.31984,0.00000,0
3386576,1.7000,1.6024,1.6915,0.00850,-25.71749,27.31991,0.00000,0
3387076,1.7000,1.6025,1.6915,0.00850,-25.71749,27.31999,0.00000,0
3387576,1.7000,1.6026,1.6915,0.00850,-25.71749,27.32007,0.00000,0
3388076,1.7000,1.6394,1.6891,0.01092,-25.68073,27.32015,0.00000,0
3388576,1.7000,1.6273,1.6899,0.01011,-25.69299,27.32025,0.00000,0
3389076,1.7000,1.6274,1.6899,0.01011,-25.69299,27.32034,0.00000,0
3389576,1.7000,1.6397,1.6891,0.01092,-25.68073,27.32044,0.00000,0
3390076,1.7000,1.7011,1.6851,0.01495,-25.61947,27.32055,0.00000,0
3390576,1.7000,1.6890,1.6859,0.01414,-25.63173,27.32069,0.00000,0
3391076,1.7000,1.7259,1.6834,0.01656,-25.59497,27.32083,0.00000,0
3391576,1.7000,1.7383,1.6826,0.01736,-25.58272,27.32098,0.00000,0
3392076,1.7000,1.7752,1.6802,0.01978,-25.54596,27.32115,0.00000,0
3392576,1.7000,1.7754,1.6802,0.01978,-25.54596,27.32133,0.00000,0
3393076,1.7000,1.7510,1.6818,0.01817,-25.57047,27.32150,0.00000,0
3393576,1.7000,1.7880,1.6794,0.02059,-25.53371,27.32168,0.00000,0
3394076,1.7000,1.8004,1.6786,0.02139,-25.52146,27.32187,0.00000,0
3394576,1.7000,1.8129,1.6778,0.02220,-25.50920,27.32207,0.00000,0
3395076,1.7000,1.8008,1.6786,0.02139,-25.52146,27.32227,0.00000,0
3395576,1.7000,1.8133,1.6778,0.02220,-25.50920,27.32247,0.00000,0
3396076,1.7000,1.7767,1.6802,0.01978,-25.54596,27.32266,0.00000,0
3396576,1.7000,1.7401,1.6826,0.01736,-25.58272,27.32283,0.00000,0
3397076,1.7000,1.7158,1.6842,0.01575,-25.60722,27.32298,0.00000,0
3397576,1.7000,1.7159,1.6842,0.01575,-25.60722,27.32312,0.00000,0
3398076,1.7000,1.7160,1.6842,0.01575,-25.60722,27.32327,0.00000,0
3398576,1.7000,1.7162,1.6842,0.01575,-25.60722,27.32341,0.00000,0
3399076,1.7000,1.7531,1.6818,0.01817,-25.57047,27.32356,0.00000,0
3399576,1.7000,1.7533,1.6818,0.01817,-25.57047,27.32373,0.00000,0
3400076,1.7000,1.7289,1.6834,0.01656,-25.59497,27.32389,0.00000,0
3400576,1.7000,1.7536,1.6818,0.01817,-25.57047,27.32405,0.00000,0
3401076,1.7000,1.7905,1.6794,0.02059,-25.53371,27.32422,0.00000,0
3401576,1.7000,1.7907,1.6794,0.02059,-25.53371,27.32441,0.00000,0
3402076,1.7000,1.7909,1.6794,0.02059,-25.53371,27.32460,0.00000,0
3402576,1.7000,1.8156,1.6778,0.02220,-25.50920,27.32479,0.00000,0
3403076,1.7000,1.8280,1.6770,0.02300,-25.49695,27.32500,0.00000,0
3403576,1.7000,1.8283,1.6770,0.02300,-25.49695,27.32521,0.00000,0
3404076,1.7000,1.8040,1.6786,0.02139,-25.52146,27.32541,0.00000,0
3404576,1.7000,1.7674,1.6810,0.01897,-25.55821,27.32559,0.00000,0
3405076,1.7000,1.7676,1.6810,0.01897,-25.55821,27.32577,0.00000,0
3405576,1.7000,1.7187,1.6842,0.01575,-25.60722,27.32592,0.00000,0
3406076,1.7000,1.6943,1.6859,0.01414,-25.63173,27.32606,0.00000,0
3406576,1.7000,1.7067,1.6851,0.01495,-25.61947,27.32619,0.00000,0
3407076,1.7000,1.7314,1.6834,0.01656,-25.59497,27.32633,0.00000,0
3407576,1.7000,1.7315,1.6834,0.01656,-25.59497,27.32648,0.00000,0
3408076,1.7000,1.6949,1.6859,0.01414,-25.63173,27.32662,0.00000,0
3408576,1.7000,1.6705,1.6875,0.01253,-25.65623,27.32675,0.00000,0
3409076,1.7000,1.6461,1.6891,0.01092,-25.68073,27.32685,0.00000,0
3409576,1.7000,1.6462,1.6891,0.01092,-25.68073,27.32695,0.00000,0
3410076,1.7000,1.6341,1.6899,0.01011,-25.69299,27.32705,0.00000,0
3410576,1.7000,1.6709,1.6875,0.01253,-25.65623,27.32715,0.00000,0
3411076,1.7000,1.7078,1.6851,0.01495,-25.61947,27.32728,0.00000,0
3411576,1.7000,1.7079,1.6851,0.01495,-25.61947,27.32741,0.00000,0
3412076,1.7000,1.6836,1.6867,0.01333,-25.64398,27.32754,0.00000,0
3412576,1.7000,1.6837,1.6867,0.01333,-25.64398,27.32766,0.00000,0
3413076,1.7000,1.6961,1.6859,0.01414,-25.63173,27.32779,0.00000,0
3413576,1.7000,1.6962,1.6859,0.01414,-25.63173,27.32792,0.00000,0
3414076,1.7000,1.7208,1.6842,0.01575,-25.60722,27.32805,0.00000,0
3414576,1.7000,1.7455,1.6826,0.01736,-25.58272,27.32821,0.00000,0
3415076,1.7000,1.7456,1.6826,0.01736,-25.58272,27.32836,0.00000,0
3415576,1.7000,1.7335,1.6834,0.01656,-25.59497,27.32852,0.00000,0
3416076,1.7000,1.7337,1.6834,0.01656,-25.59497,27.32867,0.00000,0
3416576,1.7000,1.7093,1.6851,0.01495,-25.61947,27.32881,0.00000,0
3417076,1.7000,1.7095,1.6851,0.01495,-25.61947,27.32895,0.00000,0
3417576,1.7000,1.7096,1.6851,0.01495,-25.61947,27.32908,0.00000,0
3418076,1.7000,1.7343,1.6834,0.01656,-25.59497,27.32923,0.00000,0
3418576,1.7000,1.7222,1.6842,0.01575,-25.60722,27.32937,0.00000,0
3419076,1.7000,1.7223,1.6842,0.01575,-25.60722,27.32952,0.00000,0
3419576,1.7000,1.6979,1.6859,0.01414,-25.63173,27.32965,0.00000,0
3420076,1.7000,1.7103,1.6851,0.01495,-25.61947,27.32978,0.00000,0
3420576,1.7000,1.6982,1.6859,0.01414,-25.63173,27.32991,0.00000,0
3421076,1.7000,1.6738,1.6875,0.01253,-25.65623,27.33004,0.00000,0
3421576,1.7000,1.6617,1.6883,0.01172,-25.66848,27.33015,0.00000,0
3422076,1.7000,1.6495,1.6891,0.01092,-25.68073,27.33025,0.00000,0
3422576,1.7000,1.6128,1.6915,0.00850,-25.71749,27.33034,0.00000,0
3423076,1.7000,1.5639,1.6947,0.00527,-25.76650,27.33040,0.00000,0
3423576,1.7000,1.5885,1.6931,0.00689,-25.74200,27.33046,0.00000,0
3424076,1.7000,1.5885,1.6931,0.00689,-25.74200,27.33052,0.00000,0
3424576,1.7000,1.5763,1.6939,0.00608,-25.75425,27.33058,0.00000,0
3425076,1.7000,1.5641,1.6947,0.00527,-25.76650,27.33063,0.00000,0
3425576,1.7000,1.6132,1.6915,0.00850,-25.71749,27.33069,0.00000,0
3426076,1.7000,1.6255,1.6907,0.00930,-25.70524,27.33077,0.00000,0
3426576,1.7000,1.6624,1.6883,0.01172,-25.66848,27.33087,0.00000,0
3427076,1.7000,1.6625,1.6883,0.01172,-25.66848,27.33098,0.00000,0
3427576,1.7000,1.6626,1.6883,0.01172,-25.66848,27.33108,0.00000,0
3428076,1.7000,1.7240,1.6842,0.01575,-25.60722,27.33121,0.00000,0
3428576,1.7000,1.7119,1.6851,0.01495,-25.61947,27.33135,0.00000,0
3429076,1.7000,1.7243,1.6842,0.01575,-25.60722,27.33149,0.00000,0
3429576,1.7000,1.6999,1.6859,0.01414,-25.63173,27.33162,0.00000,0
3430076,1.7000,1.7000,1.6859,0.01414,-25.63173,27.33175,0.00000,0
3430576,1.7000,1.6879,1.6867,0.01333,-25.64398,27.33188,0.00000,0
3431076,1.7000,1.6635,1.6883,0.01172,-25.66848,27.33199,0.00000,0
3431576,1.7000,1.6759,1.6875,0.01253,-25.65623,27.33210,0.00000,0
3432076,1.7000,1.6882,1.6867,0.01333,-25.64398,27.33222,0.00000,0
3432576,1.7000,1.6884,1.6867,0.01333,-25.64398,27.33234,0.00000,0
3433076,1.7000,1.6640,1.6883,0.01172,-25.66848,27.33246,0.00000,0
3433576,1.7000,1.6518,1.6891,0.01092,-25.68073,27.33256,0.00000,0
3434076,1.7000,1.6764,1.6875,0.01253,-25.65623,27.33267,0.00000,0
3434576,1.7000,1.7011,1.6859,0.01414,-25.63173,27.33279,0.00000,0
3435076,1.7000,1.7134,1.6851,0.01495,-25.61947,27.33292,0.00000,0
3435576,1.7000,1.6891,1.6867,0.01333,-25.64398,27.33305,0.00000,0
3436076,1.7000,1.7137,1.6851,0.01495,-25.61947,27.33318,0.00000,0
3436576,1.7000,1.6771,1.6875,0.01253,-25.65623,27.33331,0.00000,0
3437076,1.7000,1.6527,1.6891,0.01092,-25.68073,27.33341,0.00000,0
3437576,1.7000,1.6650,1.6883,0.01172,-25.66848,27.33352,0.00000,0
3438076,1.7000,1.6897,1.6867,0.01333,-25.64398,27.33363,0.00000,0
3438576,1.7000,1.6408,1.6899,0.01011,-25.69299,27.33374,0.00000,0
3439076,1.7000,1.6163,1.6915,0.00850,-25.71749,27.33382,0.00000,0
3439576,1.7000,1.6042,1.6923,0.00769,-25.72974,27.33390,0.00000,0
3440076,1.7000,1.5920,1.6931,0.00689,-25.74200,27.33396,0.00000,0
3440576,1.7000,1.5920,1.6931,0.00689,-25.74200,27.33403,0.00000,0
3441076,1.7000,1.5676,1.6947,0.00527,-25.76650,27.33408,0.00000,0
3441576,1.7000,1.5921,1.6931,0.00689,-25.74200,27.33414,0.00000,0
3442076,1.7000,1.5799,1.6939,0.00608,-25.75425,27.33420,0.00000,0
3442576,1.7000,1.5923,1.6931,0.00689,-25.74200,27.33426,0.00000,0
3443076,1.7000,1.5433,1.6963,0.00366,-25.79101,27.33430,0.00000,0
3443576,1.7000,1.5801,1.6939,0.00608,-25.75425,27.33435,0.00000,0
3444076,1.7000,1.5802,1.6939,0.00608,-25.75425,27.33440,0.00000,0
3444576,1.7000,1.6047,1.6923,0.00769,-25.72974,27.33447,0.00000,0
3445076,1.7000,1.6048,1.6923,0.00769,-25.72974,27.33454,0.00000,0
3445576,1.7000,1.6294,1.6907,0.00930,-25.70524,27.33461,0.00000,0
3446076,1.7000,1.6417,1.6899,0.01011,-25.69299,27.33470,0.00000,0
3446576,1.7000,1.6418,1.6899,0.01011,-25.69299,27.33479,0.00000,0
3447076,1.7000,1.6664,1.6883,0.01172,-25.66848,27.33489,0.00000,0
3447576,1.7000,1.6543,1.6891,0.01092,-25.68073,27.33500,0.00000,0
3448076,1.7000,1.6789,1.6875,0.01253,-25.65623,27.33510,0.00000,0
3448576,1.7000,1.6912,1.6867,0.01333,-25.64398,27.33522,0.00000,0
3449076,1.7000,1.6914,1.6867,0.01333,-25.64398,27.33534,0.00000,0
3449576,1.7000,1.6915,1.6867,0.01333,-25.64398,27.33546,0.00000,0
3450076,1.7000,1.7039,1.6859,0.01414,-25.63173,27.33559,0.00000,0
3450576,1.7000,1.6550,1.6891,0.01092,-25.68073,27.33570,0.00000,0
3451076,1.7000,1.6551,1.6891,0.01092,-25.68073,27.33580,0.00000,0
3451576,1.7000,1.6674,1.6883,0.01172,-25.66848,27.33591,0.00000,0
3452076,1.7000,1.6798,1.6875,0.01253,-25.65623,27.33602,0.00000,0
3452576,1.7000,1.6799,1.6875,0.01253,-25.65623,27.33613,0.00000,0
3453076,1.7000,1.7045,1.6859,0.01414,-25.63173,27.33625,0.00000,0
3453576,1.7000,1.7169,1.6851,0.01495,-25.61947,27.33639,0.00000,0
3454076,1.7000,1.7170,1.6851,0.01495,-25.61947,27.33652,0.00000,0
3454576,1.7000,1.7417,1.6834,0.01656,-25.59497,27.33666,0.00000,0
3455076,1.7000,1.7173,1.6851,0.01495,-25.61947,27.33681,0.00000,0
3455576,1.7000,1.7542,1.6826,0.01736,-25.58272,27.33695,0.00000,0
3456076,1.7000,1.7544,1.6826,0.01736,-25.58272,27.33711,0.00000,0
3456576,1.7000,1.7423,1.6834,0.01656,-25.59497,27.33727,0.00000,0
3457076,1.7000,1.7179,1.6851,0.01495,-25.61947,27.33741,0.00000,0
3457576,1.7000,1.7426,1.6834,0.01656,-25.59497,27.33755,0.00000,0
3458076,1.7000,1.7182,1.6851,0.01495,-25.61947,27.33770,0.00000,0
3458576,1.7000,1.7061,1.6859,0.01414,-25.63173,27.33783,0.00000,0
3459076,1.7000,1.7185,1.6851,0.01495,-25.61947,27.33796,0.00000,0
3459576,1.7000,1.7064,1.6859,0.01414,-25.63173,27.33809,0.00000,0
3460076,1.7000,1.6942,1.6867,0.01333,-25.64398,27.33822,0.00000,0
3460576,1.7000,1.7066,1.6859,0.01414,-25.63173,27.33834,0.00000,0
3461076,1.7000,1.7067,1.6859,0.01414,-25.63173,27.33847,0.00000,0
3461576,1.7000,1.7191,1.6851,0.01495,-25.61947,27.33860,0.00000,0
3462076,1.7000,1.7315,1.6842,0.01575,-25.60722,27.33874,0.00000,0
3462576,1.7000,1.7317,1.6842,0.01575,-25.60722,27.33889,0.00000,0
3463076,1.7000,1.7563,1.6826,0.01736,-25.58272,27.33904,0.00000,0
3463576,1.7000,1.7565,1.6826,0.01736,-25.58272,27.33920,0.00000,0
3464076,1.7000,1.7689,1.6818,0.01817,-25.57047,27.33936,0.00000,0
3464576,1.7000,1.7568,1.6826,0.01736,-25.58272,27.33952,0.00000,0
3465076,1.7000,1.7692,1.6818,0.01817,-25.57047,27.33968,0.00000,0
3465576,1.7000,1.7449,1.6834,0.01656,-25.59497,27.33984,0.00000,0
3466076,1.7000,1.7450,1.6834,0.01656,-25.59497,27.33999,0.00000,0
3466576,1.7000,1.7574,1.6826,0.01736,-25.58272,27.34015,0.00000,0
3467076,1.7000,1.7698,1.6818,0.01817,-25.57047,27.34031,0.00000,0
3467576,1.7000,1.7455,1.6834,0.01656,-25.59497,27.34047,0.00000,0
3468076,1.7000,1.7211,1.6851,0.01495,-25.61947,27.34061,0.00000,0
3468576,1.7000,1.7090,1.6859,0.01414,-25.63173,27.34074,0.00000,0
3469076,1.7000,1.6601,1.6891,0.01092,-25.68073,27.34085,0.00000,0
3469576,1.7000,1.6602,1.6891,0.01092,-25.68073,27.34095,0.00000,0
3470076,1.7000,1.6603,1.6891,0.01092,-25.68073,27.34105,0.00000,0
3470576,1.7000,1.6604,1.6891,0.01092,-25.68073,27.34115,0.00000,0
3471076,1.7000,1.6605,1.6891,0.01092,-25.68073,27.34125,0.00000,0
3471576,1.7000,1.6361,1.6907,0.00930,-25.70524,27.34134,0.00000,0
3472076,1.7000,1.6239,1.6915,0.00850,-25.71749,27.34142,0.00000,0
3472576,1.7000,1.6240,1.6915,0.00850,-25.71749,27.34150,0.00000,0
3473076,1.7000,1.6241,1.6915,0.00850,-25.71749,27.34158,0.00000,0
3473576,1.7000,1.6242,1.6915,0.00850,-25.71749,27.34166,0.00000,0
3474076,1.7000,1.7100,1.6859,0.01414,-25.63173,27.34176,0.00000,0
3474576,1.7000,1.7102,1.6859,0.01414,-25.63173,27.34189,0.00000,0
3475076,1.7000,1.6858,1.6875,0.01253,-25.65623,27.34201,0.00000,0
3475576,1.7000,1.6491,1.6899,0.01011,-25.69299,27.34212,0.00000,0
3476076,1.7000,1.6737,1.6883,0.01172,-25.66848,27.34222,0.00000,0
3476576,1.7000,1.6616,1.6891,0.01092,-25.68073,27.34232,0.00000,0
3477076,1.7000,1.6739,1.6883,0.01172,-25.66848,27.34242,0.00000,0
3477576,1.7000,1.6373,1.6907,0.00930,-25.70524,27.34252,0.00000,0
3478076,1.7000,1.6374,1.6907,0.00930,-25.70524,27.34260,0.00000,0
3478576,1.7000,1.6374,1.6907,0.00930,-25.70524,27.34269,0.00000,0
3479076,1.7000,1.5763,1.6947,0.00527,-25.76650,27.34275,0.00000,0
3479576,1.7000,1.5640,1.6955,0.00447,-25.77876,27.34280,0.00000,0
3480076,1.7000,1.6009,1.6931,0.00689,-25.74200,27.34285,0.00000,0
3480576,1.7000,1.6254,1.6915,0.00850,-25.71749,27.34292,0.00000,0
3481076,1.7000,1.6255,1.6915,0.00850,-25.71749,27.34300,0.00000,0
3481576,1.7000,1.6133,1.6923,0.00769,-25.72974,27.34307,0.00000,0
3482076,1.7000,1.6134,1.6923,0.00769,-25.72974,27.34314,0.00000,0
3482576,1.7000,1.6257,1.6915,0.00850,-25.71749,27.34322,0.00000,0
3483076,1.7000,1.6258,1.6915,0.00850,-25.71749,27.34329,0.00000,0
3483576,1.7000,1.6259,1.6915,0.00850,-25.71749,27.34337,0.00000,0
3484076,1.7000,1.6382,1.6907,0.00930,-25.70524,27.34345,0.00000,0
3484576,1.7000,1.6506,1.6899,0.01011,-25.69299,27.34354,0.00000,0
3485076,1.7000,1.6506,1.6899,0.01011,-25.69299,27.34363,0.00000,0
3485576,1.7000,1.6630,1.6891,0.01092,-25.68073,27.34373,0.00000,0
3486076,1.7000,1.6508,1.6899,0.01011,-25.69299,27.34382,0.00000,0
3486576,1.7000,1.6509,1.6899,0.01011,-25.69299,27.34392,0.00000,0
3487076,1.7000,1.6633,1.6891,0.01092,-25.68073,27.34401,0.00000,0
3487576,1.7000,1.6756,1.6883,0.01172,-25.66848,27.34411,0.00000,0
3488076,1.7000,1.6880,1.6875,0.01253,-25.65623,27.34422,0.00000,0
3488576,1.7000,1.6759,1.6883,0.01172,-25.66848,27.34434,0.00000,0
3489076,1.7000,1.6760,1.6883,0.01172,-25.66848,27.34444,0.00000,0
3489576,1.7000,1.6638,1.6891,0.01092,-25.68073,27.34455,0.00000,0
3490076,1.7000,1.6517,1.6899,0.01011,-25.69299,27.34464,0.00000,0
3490576,1.7000,1.6272,1.6915,0.00850,-25.71749,27.34472,0.00000,0
3491076,1.7000,1.6028,1.6931,0.00689,-25.74200,27.34480,0.00000,0
3491576,1.7000,1.6396,1.6907,0.00930,-25.70524,27.34487,0.00000,0
3492076,1.7000,1.6765,1.6883,0.01172,-25.66848,27.34496,0.00000,0
3492576,1.7000,1.6643,1.6891,0.01092,-25.68073,27.34507,0.00000,0
3493076,1.7000,1.6767,1.6883,0.01172,-25.66848,27.34517,0.00000,0
3493576,1.7000,1.7258,1.6851,0.01495,-25.61947,27.34529,0.00000,0
3494076,1.7000,1.7260,1.6851,0.01495,-25.61947,27.34543,0.00000,0
3494576,1.7000,1.7383,1.6842,0.01575,-25.60722,27.34557,0.00000,0
3495076,1.7000,1.7875,1.6810,0.01897,-25.55821,27.34573,0.00000,0
3495576,1.7000,1.8122,1.6794,0.02059,-25.53371,27.34591,0.00000,0
3496076,1.7000,1.8246,1.6786,0.02139,-25.52146,27.34610,0.00000,0
3496576,1.7000,1.8126,1.6794,0.02059,-25.53371,27.34629,0.00000,0
3497076,1.7000,1.7883,1.6810,0.01897,-25.55821,27.34647,0.00000,0
3497576,1.7000,1.7762,1.6818,0.01817,-25.57047,27.34664,0.00000,0
3498076,1.7000,1.7763,1.6818,0.01817,-25.57047,27.34681,0.00000,0
3498576,1.7000,1.7642,1.6826,0.01736,-25.58272,27.34697,0.00000,0
3499076,1.7000,1.7644,1.6826,0.01736,-25.58272,27.34713,0.00000,0
3499576,1.7000,1.7523,1.6834,0.01656,-25.59497,27.34728,0.00000,0
3500076,1.7000,1.7157,1.6859,0.01414,-25.63173,27.34742,0.00000,0
3500576,1.7000,1.7158,1.6859,0.01414,-25.63173,27.34755,0.00000,0
3501076,1.7000,1.7282,1.6851,0.01495,-25.61947,27.34768,0.00000,0
3501576,1.7000,1.7406,1.6842,0.01575,-25.60722,27.34782,0.00000,0
3502076,1.7000,1.7285,1.6851,0.01495,-25.61947,27.34796,0.00000,0
3502576,1.7000,1.7409,1.6842,0.01575,-25.60722,27.34810,0.00000,0
3503076,1.7000,1.7533,1.6834,0.01656,-25.59497,27.34825,0.00000,0
3503576,1.7000,1.7534,1.6834,0.01656,-25.59497,27.34840,0.00000,0
3504076,1.7000,1.7781,1.6818,0.01817,-25.57047,27.34855,0.00000,0
3504576,1.7000,1.7905,1.6810,0.01897,-25.55821,27.34872,0.00000,0
3505076,1.7000,1.7907,1.6810,0.01897,-25.55821,27.34890,0.00000,0
3505576,1.7000,1.7909,1.6810,0.01897,-25.55821,27.34907,0.00000,0
3506076,1.7000,1.7910,1.6810,0.01897,-25.55821,27.34925,0.00000,0
3506576,1.7000,1.7667,1.6826,0.01736,-25.58272,27.34941,0.00000,0
3507076,1.7000,1.7791,1.6818,0.01817,-25.57047,27.34957,0.00000,0
3507576,1.7000,1.7915,1.6810,0.01897,-25.55821,27.34974,0.00000,0
3508076,1.7000,1.7917,1.6810,0.01897,-25.55821,27.34992,0.00000,0
3508576,1.7000,1.7919,1.6810,0.01897,-25.55821,27.35009,0.00000,0
3509076,1.7000,1.7798,1.6818,0.01817,-25.57047,27.35026,0.00000,0
3509576,1.7000,1.7677,1.6826,0.01736,-25.58272,27.35042,0.00000,0
3510076,1.7000,1.7924,1.6810,0.01897,-25.55821,27.35059,0.00000,0
3510576,1.7000,1.8048,1.6802,0.01978,-25.54596,27.35077,0.00000,0
3511076,1.7000,1.8295,1.6786,0.02139,-25.52146,27.35095,0.00000,0
3511576,1.7000,1.8419,1.6778,0.02220,-25.50920,27.35115,0.00000,0
3512076,1.7000,1.8421,1.6778,0.02220,-25.50920,27.35135,0.00000,0
3512576,1.7000,1.8301,1.6786,0.02139,-25.52146,27.35155,0.00000,0
3513076,1.7000,1.7813,1.6818,0.01817,-25.57047,27.35173,0.00000,0
3513576,1.7000,1.7814,1.6818,0.01817,-25.57047,27.35190,0.00000,0
3514076,1.7000,1.8061,1.6802,0.01978,-25.54596,27.35207,0.00000,0
3514576,1.7000,1.8185,1.6794,0.02059,-25.53371,27.35225,0.00000,0
3515076,1.7000,1.7942,1.6810,0.01897,-25.55821,27.35244,0.00000,0
3515576,1.7000,1.7699,1.6826,0.01736,-25.58272,27.35260,0.00000,0
3516076,1.7000,1.7210,1.6859,0.01414,-25.63173,27.35275,0.00000,0
3516576,1.7000,1.7211,1.6859,0.01414,-25.63173,27.35287,0.00000,0
3517076,1.7000,1.7090,1.6867,0.01333,-25.64398,27.35300,0.00000,0
3517576,1.7000,1.7214,1.6859,0.01414,-25.63173,27.35313,0.00000,0
3518076,1.7000,1.7338,1.6851,0.01495,-25.61947,27.35326,0.00000,0
3518576,1.7000,1.7094,1.6867,0.01333,-25.64398,27.35339,0.00000,0
3519076,1.7000,1.6605,1.6899,0.01011,-25.69299,27.35349,0.00000,0
3519576,1.7000,1.6483,1.6907,0.00930,-25.70524,27.35358,0.00000,0
3520076,1.7000,1.6117,1.6931,0.00689,-25.74200,27.35366,0.00000,0
3520576,1.7000,1.6117,1.6931,0.00689,-25.74200,27.35372,0.00000,0
3521076,1.7000,1.5995,1.6939,0.00608,-25.75425,27.35378,0.00000,0
3521576,1.7000,1.5996,1.6939,0.00608,-25.75425,27.35383,0.00000,0
3522076,1.7000,1.5996,1.6939,0.00608,-25.75425,27.35389,0.00000,0
3522576,1.7000,1.5997,1.6939,0.00608,-25.75425,27.35394,0.00000,0
3523076,1.7000,1.5507,1.6971,0.00286,-25.80326,27.35398,0.00000,0
3523576,1.7000,1.5630,1.6963,0.00366,-25.79101,27.35402,0.00000,0
3524076,1.7000,1.5876,1.6947,0.00527,-25.76650,27.35406,0.00000,0
3524576,1.7000,1.5999,1.6939,0.00608,-25.75425,27.35411,0.00000,0
3525076,1.7000,1.6489,1.6907,0.00930,-25.70524,27.35418,0.00000,0
3525576,1.7000,1.6368,1.6915,0.00850,-25.71749,27.35426,0.00000,0
3526076,1.7000,1.6736,1.6891,0.01092,-25.68073,27.35435,0.00000,0
3526576,1.7000,1.6492,1.6907,0.00930,-25.70524,27.35444,0.00000,0
3527076,1.7000,1.6493,1.6907,0.00930,-25.70524,27.35452,0.00000,0
3527576,1.7000,1.6616,1.6899,0.01011,-25.69299,27.35461,0.00000,0
3528076,1.7000,1.7107,1.6867,0.01333,-25.64398,27.35472,0.00000,0
3528576,1.7000,1.7109,1.6867,0.01333,-25.64398,27.35484,0.00000,0
3529076,1.7000,1.6865,1.6883,0.01172,-25.66848,27.35495,0.00000,0
3529576,1.7000,1.7111,1.6867,0.01333,-25.64398,27.35507,0.00000,0
3530076,1.7000,1.6990,1.6875,0.01253,-25.65623,27.35519,0.00000,0
3530576,1.7000,1.6991,1.6875,0.01253,-25.65623,27.35530,0.00000,0
3531076,1.7000,1.7114,1.6867,0.01333,-25.64398,27.35542,0.00000,0
3531576,1.7000,1.7361,1.6851,0.01495,-25.61947,27.35555,0.00000,0
3532076,1.7000,1.7485,1.6842,0.01575,-25.60722,27.35569,0.00000,0
3532576,1.7000,1.7364,1.6851,0.01495,-25.61947,27.35583,0.00000,0
3533076,1.7000,1.7242,1.6859,0.01414,-25.63173,27.35596,0.00000,0
3533576,1.7000,1.7366,1.6851,0.01495,-25.61947,27.35609,0.00000,0
3534076,1.7000,1.7368,1.6851,0.01495,-25.61947,27.35623,0.00000,0
3534576,1.7000,1.7124,1.6867,0.01333,-25.64398,27.35636,0.00000,0
3535076,1.7000,1.7125,1.6867,0.01333,-25.64398,27.35648,0.00000,0
3535576,1.7000,1.7249,1.6859,0.01414,-25.63173,27.35660,0.00000,0
3536076,1.7000,1.7128,1.6867,0.01333,-25.64398,27.35673,0.00000,0
3536576,1.7000,1.7129,1.6867,0.01333,-25.64398,27.35685,0.00000,0
3537076,1.7000,1.6885,1.6883,0.01172,-25.66848,27.35697,0.00000,0
3537576,1.7000,1.6886,1.6883,0.01172,-25.66848,27.35707,0.00000,0
3538076,1.7000,1.6887,1.6883,0.01172,-25.66848,27.35718,0.00000,0
3538576,1.7000,1.6643,1.6899,0.01011,-25.69299,27.35728,0.00000,0
3539076,1.7000,1.6399,1.6915,0.00850,-25.71749,27.35736,0.00000,0
3539576,1.7000,1.6522,1.6907,0.00930,-25.70524,27.35744,0.00000,0
3540076,1.7000,1.6278,1.6923,0.00769,-25.72974,27.35752,0.00000,0
3540576,1.7000,1.6033,1.6939,0.00608,-25.75425,27.35759,0.00000,0
3541076,1.7000,1.5911,1.6947,0.00527,-25.76650,27.35764,0.00000,0
3541576,1.7000,1.6157,1.6931,0.00689,-25.74200,27.35769,0.00000,0
3542076,1.7000,1.6035,1.6939,0.00608,-25.75425,27.35775,0.00000,0
3542576,1.7000,1.6158,1.6931,0.00689,-25.74200,27.35781,0.00000,0
3543076,1.7000,1.6281,1.6923,0.00769,-25.72974,27.35788,0.00000,0
3543576,1.7000,1.6405,1.6915,0.00850,-25.71749,27.35795,0.00000,0
3544076,1.7000,1.6773,1.6891,0.01092,-25.68073,27.35804,0.00000,0
3544576,1.7000,1.6897,1.6883,0.01172,-25.66848,27.35814,0.00000,0
3545076,1.7000,1.7020,1.6875,0.01253,-25.65623,27.35825,0.00000,0
3545576,1.7000,1.7144,1.6867,0.01333,-25.64398,27.35837,0.00000,0
3546076,1.7000,1.7268,1.6859,0.01414,-25.63173,27.35850,0.00000,0
3546576,1.7000,1.7024,1.6875,0.01253,-25.65623,27.35862,0.00000,0
3547076,1.7000,1.7025,1.6875,0.01253,-25.65623,27.35873,0.00000,0
3547576,1.7000,1.6904,1.6883,0.01172,-25.66848,27.35884,0.00000,0
3548076,1.7000,1.6782,1.6891,0.01092,-25.68073,27.35895,0.00000,0
3548576,1.7000,1.6661,1.6899,0.01011,-25.69299,27.35904,0.00000,0
3549076,1.7000,1.6661,1.6899,0.01011,-25.69299,27.35913,0.00000,0
3549576,1.7000,1.6417,1.6915,0.00850,-25.71749,27.35922,0.00000,0
3550076,1.7000,1.6418,1.6915,0.00850,-25.71749,27.35930,0.00000,0
3550576,1.7000,1.6541,1.6907,0.00930,-25.70524,27.35938,0.00000,0
3551076,1.7000,1.6175,1.6931,0.00689,-25.74200,27.35945,0.00000,0
3551576,1.7000,1.6053,1.6939,0.00608,-25.75425,27.35951,0.00000,0
3552076,1.7000,1.5808,1.6955,0.00447,-25.77876,27.35956,0.00000,0
3552576,1.7000,1.5686,1.6963,0.00366,-25.79101,27.35960,0.00000,0
3553076,1.7000,1.5686,1.6963,0.00366,-25.79101,27.35963,0.00000,0
3553576,1.7000,1.5809,1.6955,0.00447,-25.77876,27.35967,0.00000,0
3554076,1.7000,1.5932,1.6947,0.00527,-25.76650,27.35971,0.00000,0
3554576,1.7000,1.6055,1.6939,0.00608,-25.75425,27.35976,0.00000,0
3555076,1.7000,1.6178,1.6931,0.00689,-25.74200,27.35982,0.00000,0
3555576,1.7000,1.6301,1.6923,0.00769,-25.72974,27.35989,0.00000,0
3556076,1.7000,1.6425,1.6915,0.00850,-25.71749,27.35996,0.00000,0
3556576,1.7000,1.6671,1.6899,0.01011,-25.69299,27.36005,0.00000,0
3557076,1.7000,1.6794,1.6891,0.01092,-25.68073,27.36014,0.00000,0
3557576,1.7000,1.7163,1.6867,0.01333,-25.64398,27.36025,0.00000,0
3558076,1.7000,1.7041,1.6875,0.01253,-25.65623,27.36037,0.00000,0
3558576,1.7000,1.7043,1.6875,0.01253,-25.65623,27.36049,0.00000,0
3559076,1.7000,1.6921,1.6883,0.01172,-25.66848,27.36060,0.00000,0
3559576,1.7000,1.6922,1.6883,0.01172,-25.66848,27.36070,0.00000,0
3560076,1.7000,1.6923,1.6883,0.01172,-25.66848,27.36081,0.00000,0
3560576,1.7000,1.6679,1.6899,0.01011,-25.69299,27.36091,0.00000,0
3561076,1.7000,1.6925,1.6883,0.01172,-25.66848,27.36101,0.00000,0
3561576,1.7000,1.6926,1.6883,0.01172,-25.66848,27.36111,0.00000,0
3562076,1.7000,1.7050,1.6875,0.01253,-25.65623,27.36123,0.00000,0
3562576,1.7000,1.6806,1.6891,0.01092,-25.68073,27.36133,0.00000,0
3563076,1.7000,1.7052,1.6875,0.01253,-25.65623,27.36144,0.00000,0
3563576,1.7000,1.7176,1.6867,0.01333,-25.64398,27.36156,0.00000,0
3564076,1.7000,1.7177,1.6867,0.01333,-25.64398,27.36168,0.00000,0
3564576,1.7000,1.7178,1.6867,0.01333,-25.64398,27.36180,0.00000,0
3565076,1.7000,1.7057,1.6875,0.01253,-25.65623,27.36192,0.00000,0
3565576,1.7000,1.7181,1.6867,0.01333,-25.64398,27.36204,0.00000,0
3566076,1.7000,1.7304,1.6859,0.01414,-25.63173,27.36216,0.00000,0
3566576,1.7000,1.7551,1.6842,0.01575,-25.60722,27.36230,0.00000,0
3567076,1.7000,1.7430,1.6851,0.01495,-25.61947,27.36244,0.00000,0
3567576,1.7000,1.7431,1.6851,0.01495,-25.61947,27.36257,0.00000,0
3568076,1.7000,1.7187,1.6867,0.01333,-25.64398,27.36270,0.00000,0
3568576,1.7000,1.7188,1.6867,0.01333,-25.64398,27.36283,0.00000,0
3569076,1.7000,1.7435,1.6851,0.01495,-25.61947,27.36296,0.00000,0
3569576,1.7000,1.7314,1.6859,0.01414,-25.63173,27.36309,0.00000,0
3570076,1.7000,1.7315,1.6859,0.01414,-25.63173,27.36322,0.00000,0
3570576,1.7000,1.7439,1.6851,0.01495,-25.61947,27.36335,0.00000,0
3571076,1.7000,1.7318,1.6859,0.01414,-25.63173,27.36348,0.00000,0
3571576,1.7000,1.7074,1.6875,0.01253,-25.65623,27.36360,0.00000,0
3572076,1.7000,1.7075,1.6875,0.01253,-25.65623,27.36372,0.00000,0
3572576,1.7000,1.7199,1.6867,0.01333,-25.64398,27.36383,0.00000,0
3573076,1.7000,1.7445,1.6851,0.01495,-25.61947,27.36396,0.00000,0
3573576,1.7000,1.7446,1.6851,0.01495,-25.61947,27.36410,0.00000,0
3574076,1.7000,1.7325,1.6859,0.01414,-25.63173,27.36423,0.00000,0
3574576,1.7000,1.7449,1.6851,0.01495,-25.61947,27.36436,0.00000,0
3575076,1.7000,1.7450,1.6851,0.01495,-25.61947,27.36450,0.00000,0
3575576,1.7000,1.7329,1.6859,0.01414,-25.63173,27.36463,0.00000,0
3576076,1.7000,1.7453,1.6851,0.01495,-25.61947,27.36476,0.00000,0
3576576,1.7000,1.7577,1.6842,0.01575,-25.60722,27.36490,0.00000,0
3577076,1.7000,1.7823,1.6826,0.01736,-25.58272,27.36505,0.00000,0
3577576,1.7000,1.7702,1.6834,0.01656,-25.59497,27.36521,0.00000,0
3578076,1.7000,1.7704,1.6834,0.01656,-25.59497,27.36536,0.00000,0
3578576,1.7000,1.7583,1.6842,0.01575,-25.60722,27.36550,0.00000,0
3579076,1.7000,1.7462,1.6851,0.01495,-25.61947,27.36564,0.00000,0
3579576,1.7000,1.7463,1.6851,0.01495,-25.61947,27.36578,0.00000,0
3580076,1.7000,1.7587,1.6842,0.01575,-25.60722,27.36592,0.00000,0
3580576,1.7000,1.7588,1.6842,0.01575,-25.60722,27.36606,0.00000,0
3581076,1.7000,1.7467,1.6851,0.01495,-25.61947,27.36620,0.00000,0
3581576,1.7000,1.7469,1.6851,0.01495,-25.61947,27.36633,0.00000,0
3582076,1.7000,1.7347,1.6859,0.01414,-25.63173,27.36647,0.00000,0
3582576,1.7000,1.7349,1.6859,0.01414,-25.63173,27.36660,0.00000,0
3583076,1.7000,1.7350,1.6859,0.01414,-25.63173,27.36673,0.00000,0
3583576,1.7000,1.7351,1.6859,0.01414,-25.63173,27.36686,0.00000,0
3584076,1.7000,1.7353,1.6859,0.01414,-25.63173,27.36699,0.00000,0
3584576,1.7000,1.7109,1.6875,0.01253,-25.65623,27.36711,0.00000,0
3585076,1.7000,1.6987,1.6883,0.01172,-25.66848,27.36722,0.00000,0
3585576,1.7000,1.6866,1.6891,0.01092,-25.68073,27.36732,0.00000,0
3586076,1.7000,1.6989,1.6883,0.01172,-25.66848,27.36742,0.00000,0
3586576,1.7000,1.6623,1.6907,0.00930,-25.70524,27.36752,0.00000,0
3587076,1.7000,1.6624,1.6907,0.00930,-25.70524,27.36760,0.00000,0
3587576,1.7000,1.6257,1.6931,0.00689,-25.74200,27.36768,0.00000,0
3588076,1.7000,1.6257,1.6931,0.00689,-25.74200,27.36774,0.00000,0
3588576,1.7000,1.6258,1.6931,0.00689,-25.74200,27.36780,0.00000,0
3589076,1.7000,1.6136,1.6939,0.00608,-25.75425,27.36786,0.00000,0
3589576,1.7000,1.6014,1.6947,0.00527,-25.76650,27.36791,0.00000,0
3590076,1.7000,1.5892,1.6955,0.00447,-25.77876,27.36796,0.00000,0
3590576,1.7000,1.6015,1.6947,0.00527,-25.76650,27.36800,0.00000,0
3591076,1.7000,1.6138,1.6939,0.00608,-25.75425,27.36805,0.00000,0
3591576,1.7000,1.6384,1.6923,0.00769,-25.72974,27.36812,0.00000,0
3592076,1.7000,1.6507,1.6915,0.00850,-25.71749,27.36819,0.00000,0
3592576,1.7000,1.6875,1.6891,0.01092,-25.68073,27.36828,0.00000,0
3593076,1.7000,1.6754,1.6899,0.01011,-25.69299,27.36837,0.00000,0
3593576,1.7000,1.6632,1.6907,0.00930,-25.70524,27.36846,0.00000,0
3594076,1.7000,1.6633,1.6907,0.00930,-25.70524,27.36855,0.00000,0
3594576,1.7000,1.6634,1.6907,0.00930,-25.70524,27.36863,0.00000,0
3595076,1.7000,1.6512,1.6915,0.00850,-25.71749,27.36871,0.00000,0
3595576,1.7000,1.6636,1.6907,0.00930,-25.70524,27.36879,0.00000,0
3596076,1.7000,1.6636,1.6907,0.00930,-25.70524,27.36888,0.00000,0
3596576,1.7000,1.6882,1.6891,0.01092,-25.68073,27.36897,0.00000,0
3597076,1.7000,1.7128,1.6875,0.01253,-25.65623,27.36908,0.00000,0
3597576,1.7000,1.7130,1.6875,0.01253,-25.65623,27.36919,0.00000,0
3598076,1.7000,1.7621,1.6842,0.01575,-25.60722,27.36932,0.00000,0
3598576,1.7000,1.7745,1.6834,0.01656,-25.59497,27.36947,0.00000,0
3599076,1.7000,1.7869,1.6826,0.01736,-25.58272,27.36962,0.00000,0
3599576,1.7000,1.7748,1.6834,0.01656,-25.59497,27.36978,0.00000,0
3600076,1.7000,1.7872,1.6826,0.01736,-25.58272,27.36993,0.00000,0
3600576,1.7000,1.7751,1.6834,0.01656,-25.59497,27.37008,0.00000,0
3601076,1.7000,1.7630,1.6842,0.01575,-25.60722,27.37023,0.00000,0
3601576,1.7000,1.7386,1.6859,0.01414,-25.63173,27.37037,0.00000,0
3602076,1.7000,1.6775,1.6899,0.01011,-25.69299,27.37048,0.00000,0
3602576,1.7000,1.6776,1.6899,0.01011,-25.69299,27.37057,0.00000,0
3603076,1.7000,1.7022,1.6883,0.01172,-25.66848,27.37067,0.00000,0
3603576,1.7000,1.6900,1.6891,0.01092,-25.68073,27.37077,0.00000,0
3604076,1.7000,1.6901,1.6891,0.01092,-25.68073,27.37087,0.00000,0
3604576,1.7000,1.7270,1.6867,0.01333,-25.64398,27.37098,0.00000,0
3605076,1.7000,1.7271,1.6867,0.01333,-25.64398,27.37110,0.00000,0
3605576,1.7000,1.7272,1.6867,0.01333,-25.64398,27.37123,0.00000,0
3606076,1.7000,1.7396,1.6859,0.01414,-25.63173,27.37135,0.00000,0
3606576,1.7000,1.7152,1.6875,0.01253,-25.65623,27.37147,0.00000,0
3607076,1.7000,1.7276,1.6867,0.01333,-25.64398,27.37159,0.00000,0
3607576,1.7000,1.7277,1.6867,0.01333,-25.64398,27.37171,0.00000,0
3608076,1.7000,1.6298,1.6931,0.00689,-25.74200,27.37181,0.00000,0
3608576,1.7000,1.6421,1.6923,0.00769,-25.72974,27.37187,0.00000,0
3609076,1.7000,1.6054,1.6947,0.00527,-25.76650,27.37193,0.00000,0
3609576,1.7000,1.5932,1.6955,0.00447,-25.77876,27.37197,0.00000,0
3610076,1.7000,1.5933,1.6955,0.00447,-25.77876,27.37201,0.00000,0
3610576,1.7000,1.5933,1.6955,0.00447,-25.77876,27.37206,0.00000,0
3611076,1.7000,1.5688,1.6971,0.00286,-25.80326,27.37209,0.00000,0
3611576,1.7000,1.5934,1.6955,0.00447,-25.77876,27.37212,0.00000,0
3612076,1.7000,1.5812,1.6963,0.00366,-25.79101,27.37216,0.00000,0
3612576,1.7000,1.5812,1.6963,0.00366,-25.79101,27.37219,0.00000,0
3613076,1.7000,1.6302,1.6931,0.00689,-25.74200,27.37224,0.00000,0
3613576,1.7000,1.6303,1.6931,0.00689,-25.74200,27.37230,0.00000,0
3614076,1.7000,1.6549,1.6915,0.00850,-25.71749,27.37238,0.00000,0
3614576,1.7000,1.6550,1.6915,0.00850,-25.71749,27.37245,0.00000,0
3615076,1.7000,1.6550,1.6915,0.00850,-25.71749,27.37253,0.00000,0
3615576,1.7000,1.6674,1.6907,0.00930,-25.70524,27.37261,0.00000,0
3616076,1.7000,1.6552,1.6915,0.00850,-25.71749,27.37270,0.00000,0
3616576,1.7000,1.6553,1.6915,0.00850,-25.71749,27.37277,0.00000,0
3617076,1.7000,1.6554,1.6915,0.00850,-25.71749,27.37285,0.00000,0
3617576,1.7000,1.6677,1.6907,0.00930,-25.70524,27.37293,0.00000,0
3618076,1.7000,1.6678,1.6907,0.00930,-25.70524,27.37302,0.00000,0
3618576,1.7000,1.6556,1.6915,0.00850,-25.71749,27.37310,0.00000,0
3619076,1.7000,1.6679,1.6907,0.00930,-25.70524,27.37318,0.00000,0
3619576,1.7000,1.6803,1.6899,0.01011,-25.69299,27.37327,0.00000,0
3620076,1.7000,1.6559,1.6915,0.00850,-25.71749,27.37335,0.00000,0
3620576,1.7000,1.6437,1.6923,0.00769,-25.72974,27.37343,0.00000,0
3621076,1.7000,1.6683,1.6907,0.00930,-25.70524,27.37351,0.00000,0
3621576,1.7000,1.6684,1.6907,0.00930,-25.70524,27.37359,0.00000,0
3622076,1.7000,1.6684,1.6907,0.00930,-25.70524,27.37367,0.00000,0
3622576,1.7000,1.6808,1.6899,0.01011,-25.69299,27.37376,0.00000,0
3623076,1.7000,1.6686,1.6907,0.00930,-25.70524,27.37385,0.00000,0
3623576,1.7000,1.6810,1.6899,0.01011,-25.69299,27.37394,0.00000,0
3624076,1.7000,1.6688,1.6907,0.00930,-25.70524,27.37403,0.00000,0
3624576,1.7000,1.6444,1.6923,0.00769,-25.72974,27.37410,0.00000,0
3625076,1.7000,1.6567,1.6915,0.00850,-25.71749,27.37418,0.00000,0
3625576,1.7000,1.6813,1.6899,0.01011,-25.69299,27.37426,0.00000,0
3626076,1.7000,1.6691,1.6907,0.00930,-25.70524,27.37435,0.00000,0
3626576,1.7000,1.6814,1.6899,0.01011,-25.69299,27.37444,0.00000,0
3627076,1.7000,1.7061,1.6883,0.01172,-25.66848,27.37454,0.00000,0
3627576,1.7000,1.7062,1.6883,0.01172,-25.66848,27.37464,0.00000,0
3628076,1.7000,1.6940,1.6891,0.01092,-25.68073,27.37475,0.00000,0
3628576,1.7000,1.6941,1.6891,0.01092,-25.68073,27.37485,0.00000,0
3629076,1.7000,1.6942,1.6891,0.01092,-25.68073,27.37494,0.00000,0
3629576,1.7000,1.7188,1.6875,0.01253,-25.65623,27.37505,0.00000,0
3630076,1.7000,1.7189,1.6875,0.01253,-25.65623,27.37517,0.00000,0
3630576,1.7000,1.7313,1.6867,0.01333,-25.64398,27.37528,0.00000,0
3631076,1.7000,1.6701,1.6907,0.00930,-25.70524,27.37539,0.00000,0
3631576,1.7000,1.6825,1.6899,0.01011,-25.69299,27.37547,0.00000,0
3632076,1.7000,1.6703,1.6907,0.00930,-25.70524,27.37556,0.00000,0
3632576,1.7000,1.6459,1.6923,0.00769,-25.72974,27.37564,0.00000,0
3633076,1.7000,1.6460,1.6923,0.00769,-25.72974,27.37571,0.00000,0
3633576,1.7000,1.6583,1.6915,0.00850,-25.71749,27.37579,0.00000,0
3634076,1.7000,1.6706,1.6907,0.00930,-25.70524,27.37587,0.00000,0
3634576,1.7000,1.6830,1.6899,0.01011,-25.69299,27.37596,0.00000,0
3635076,1.7000,1.6831,1.6899,0.01011,-25.69299,27.37605,0.00000,0
3635576,1.7000,1.6709,1.6907,0.00930,-25.70524,27.37613,0.00000,0
3636076,1.7000,1.7323,1.6867,0.01333,-25.64398,27.37624,0.00000,0
3636576,1.7000,1.7079,1.6883,0.01172,-25.66848,27.37635,0.00000,0
3637076,1.7000,1.6957,1.6891,0.01092,-25.68073,27.37646,0.00000,0
3637576,1.7000,1.6958,1.6891,0.01092,-25.68073,27.37655,0.00000,0
3638076,1.7000,1.7204,1.6875,0.01253,-25.65623,27.37666,0.00000,0
3638576,1.7000,1.7083,1.6883,0.01172,-25.66848,27.37677,0.00000,0
3639076,1.7000,1.6839,1.6899,0.01011,-25.69299,27.37687,0.00000,0
3639576,1.7000,1.6962,1.6891,0.01092,-25.68073,27.37697,0.00000,0
3640076,1.7000,1.6963,1.6891,0.01092,-25.68073,27.37707,0.00000,0
3640576,1.7000,1.6842,1.6899,0.01011,-25.69299,27.37716,0.00000,0
3641076,1.7000,1.6965,1.6891,0.01092,-25.68073,27.37726,0.00000,0
3641576,1.7000,1.7089,1.6883,0.01172,-25.66848,27.37736,0.00000,0
3642076,1.7000,1.6967,1.6891,0.01092,-25.68073,27.37746,0.00000,0
3642576,1.7000,1.6968,1.6891,0.01092,-25.68073,27.37756,0.00000,0
3643076,1.7000,1.6847,1.6899,0.01011,-25.69299,27.37766,0.00000,0
3643576,1.7000,1.6725,1.6907,0.00930,-25.70524,27.37774,0.00000,0
3644076,1.7000,1.6848,1.6899,0.01011,-25.69299,27.37783,0.00000,0
3644576,1.7000,1.6604,1.6915,0.00850,-25.71749,27.37792,0.00000,0
3645076,1.7000,1.6728,1.6907,0.00930,-25.70524,27.37800,0.00000,0
3645576,1.7000,1.6728,1.6907,0.00930,-25.70524,27.37808,0.00000,0
3646076,1.7000,1.6729,1.6907,0.00930,-25.70524,27.37817,0.00000,0
3646576,1.7000,1.6608,1.6915,0.00850,-25.71749,27.37825,0.00000,0
3647076,1.7000,1.6241,1.6939,0.00608,-25.75425,27.37831,0.00000,0
3647576,1.7000,1.6486,1.6923,0.00769,-25.72974,27.37838,0.00000,0
3648076,1.7000,1.6487,1.6923,0.00769,-25.72974,27.37845,0.00000,0
3648576,1.7000,1.6855,1.6899,0.01011,-25.69299,27.37853,0.00000,0
3649076,1.7000,1.6856,1.6899,0.01011,-25.69299,27.37862,0.00000,0
3649576,1.7000,1.6980,1.6891,0.01092,-25.68073,27.37872,0.00000,0
3650076,1.7000,1.6736,1.6907,0.00930,-25.70524,27.37881,0.00000,0
3650576,1.7000,1.6737,1.6907,0.00930,-25.70524,27.37889,0.00000,0
3651076,1.7000,1.6860,1.6899,0.01011,-25.69299,27.37898,0.00000,0
3651576,1.7000,1.6983,1.6891,0.01092,-25.68073,27.37908,0.00000,0
3652076,1.7000,1.7720,1.6842,0.01575,-25.60722,27.37920,0.00000,0
3652576,1.7000,1.7721,1.6842,0.01575,-25.60722,27.37934,0.00000,0
3653076,1.7000,1.7355,1.6867,0.01333,-25.64398,27.37947,0.00000,0
3653576,1.7000,1.7111,1.6883,0.01172,-25.66848,27.37959,0.00000,0
3654076,1.7000,1.6867,1.6899,0.01011,-25.69299,27.37969,0.00000,0
3654576,1.7000,1.6990,1.6891,0.01092,-25.68073,27.37978,0.00000,0
3655076,1.7000,1.6991,1.6891,0.01092,-25.68073,27.37988,0.00000,0
3655576,1.7000,1.7115,1.6883,0.01172,-25.66848,27.37998,0.00000,0
3656076,1.7000,1.7116,1.6883,0.01172,-25.66848,27.38009,0.00000,0
3656576,1.7000,1.7117,1.6883,0.01172,-25.66848,27.38020,0.00000,0
3657076,1.7000,1.6751,1.6907,0.00930,-25.70524,27.38029,0.00000,0
3657576,1.7000,1.6506,1.6923,0.00769,-25.72974,27.38037,0.00000,0
3658076,1.7000,1.6752,1.6907,0.00930,-25.70524,27.38045,0.00000,0
3658576,1.7000,1.6753,1.6907,0.00930,-25.70524,27.38053,0.00000,0
3659076,1.7000,1.6754,1.6907,0.00930,-25.70524,27.38062,0.00000,0
3659576,1.7000,1.6632,1.6915,0.00850,-25.71749,27.38070,0.00000,0
3660076,1.7000,1.6755,1.6907,0.00930,-25.70524,27.38078,0.00000,0
3660576,1.7000,1.6756,1.6907,0.00930,-25.70524,27.38087,0.00000,0
3661076,1.7000,1.6757,1.6907,0.00930,-25.70524,27.38095,0.00000,0
3661576,1.7000,1.6758,1.6907,0.00930,-25.70524,27.38103,0.00000,0
3662076,1.7000,1.6759,1.6907,0.00930,-25.70524,27.38112,0.00000,0
3662576,1.7000,1.6882,1.6899,0.01011,-25.69299,27.38120,0.00000,0
3663076,1.7000,1.6761,1.6907,0.00930,-25.70524,27.38129,0.00000,0
3663576,1.7000,1.6639,1.6915,0.00850,-25.71749,27.38137,0.00000,0
3664076,1.7000,1.6885,1.6899,0.01011,-25.69299,27.38146,0.00000,0
3664576,1.7000,1.6886,1.6899,0.01011,-25.69299,27.38155,0.00000,0
3665076,1.7000,1.6764,1.6907,0.00930,-25.70524,27.38164,0.00000,0
3665576,1.7000,1.6642,1.6915,0.00850,-25.71749,27.38172,0.00000,0
3666076,1.7000,1.6643,1.6915,0.00850,-25.71749,27.38180,0.00000,0
3666576,1.7000,1.6644,1.6915,0.00850,-25.71749,27.38188,0.00000,0
3667076,1.7000,1.6645,1.6915,0.00850,-25.71749,27.38195,0.00000,0
3667576,1.7000,1.7013,1.6891,0.01092,-25.68073,27.38204,0.00000,0
3668076,1.7000,1.7259,1.6875,0.01253,-25.65623,27.38215,0.00000,0
3668576,1.7000,1.7138,1.6883,0.01172,-25.66848,27.38226,0.00000,0
3669076,1.7000,1.7139,1.6883,0.01172,-25.66848,27.38237,0.00000,0
3669576,1.7000,1.7262,1.6875,0.01253,-25.65623,27.38248,0.00000,0
3670076,1.7000,1.6896,1.6899,0.01011,-25.69299,27.38258,0.00000,0
3670576,1.7000,1.6774,1.6907,0.00930,-25.70524,27.38267,0.00000,0
3671076,1.7000,1.6653,1.6915,0.00850,-25.71749,27.38275,0.00000,0
3671576,1.7000,1.6653,1.6915,0.00850,-25.71749,27.38283,0.00000,0
3672076,1.7000,1.6409,1.6931,0.00689,-25.74200,27.38290,0.00000,0
3672576,1.7000,1.6042,1.6955,0.00447,-25.77876,27.38295,0.00000,0
3673076,1.7000,1.5675,1.6979,0.00205,-25.81551,27.38298,0.00000,0
3673576,1.7000,1.5797,1.6971,0.00286,-25.80326,27.38300,0.00000,0
3674076,1.7000,1.5798,1.6971,0.00286,-25.80326,27.38303,0.00000,0
3674576,1.7000,1.5675,1.6979,0.00205,-25.81551,27.38305,0.00000,0
3675076,1.7000,1.6166,1.6947,0.00527,-25.76650,27.38309,0.00000,0
3675576,1.7000,1.6044,1.6955,0.00447,-25.77876,27.38313,0.00000,0
3676076,1.7000,1.5922,1.6963,0.00366,-25.79101,27.38317,0.00000,0
3676576,1.7000,1.6044,1.6955,0.00447,-25.77876,27.38320,0.00000,0
3677076,1.7000,1.6045,1.6955,0.00447,-25.77876,27.38324,0.00000,0
3677576,1.7000,1.6045,1.6955,0.00447,-25.77876,27.38328,0.00000,0
3678076,1.7000,1.6046,1.6955,0.00447,-25.77876,27.38332,0.00000,0
3678576,1.7000,1.6169,1.6947,0.00527,-25.76650,27.38337,0.00000,0
3679076,1.7000,1.6292,1.6939,0.00608,-25.75425,27.38342,0.00000,0
3679576,1.7000,1.6292,1.6939,0.00608,-25.75425,27.38347,0.00000,0
3680076,1.7000,1.6170,1.6947,0.00527,-25.76650,27.38353,0.00000,0
3680576,1.7000,1.6171,1.6947,0.00527,-25.76650,27.38357,0.00000,0
3681076,1.7000,1.6049,1.6955,0.00447,-25.77876,27.38362,0.00000,0
3681576,1.7000,1.6049,1.6955,0.00447,-25.77876,27.38366,0.00000,0
3682076,1.7000,1.6172,1.6947,0.00527,-25.76650,27.38370,0.00000,0
3682576,1.7000,1.6050,1.6955,0.00447,-25.77876,27.38375,0.00000,0
3683076,1.7000,1.6295,1.6939,0.00608,-25.75425,27.38379,0.00000,0
3683576,1.7000,1.6173,1.6947,0.00527,-25.76650,27.38384,0.00000,0
3684076,1.7000,1.6174,1.6947,0.00527,-25.76650,27.38389,0.00000,0
3684576,1.7000,1.6052,1.6955,0.00447,-25.77876,27.38394,0.00000,0
3685076,1.7000,1.6052,1.6955,0.00447,-25.77876,27.38398,0.00000,0
3685576,1.7000,1.6298,1.6939,0.00608,-25.75425,27.38402,0.00000,0
3686076,1.7000,1.6666,1.6915,0.00850,-25.71749,27.38409,0.00000,0
3686576,1.7000,1.6667,1.6915,0.00850,-25.71749,27.38417,0.00000,0
3687076,1.7000,1.6790,1.6907,0.00930,-25.70524,27.38425,0.00000,0
3687576,1.7000,1.7036,1.6891,0.01092,-25.68073,27.38434,0.00000,0
3688076,1.7000,1.6915,1.6899,0.01011,-25.69299,27.38444,0.00000,0
3688576,1.7000,1.7161,1.6883,0.01172,-25.66848,27.38454,0.00000,0
3689076,1.7000,1.6916,1.6899,0.01011,-25.69299,27.38464,0.00000,0
3689576,1.7000,1.7040,1.6891,0.01092,-25.68073,27.38473,0.00000,0
3690076,1.7000,1.7286,1.6875,0.01253,-25.65623,27.38484,0.00000,0
3690576,1.7000,1.7410,1.6867,0.01333,-25.64398,27.38496,0.00000,0
3691076,1.7000,1.7288,1.6875,0.01253,-25.65623,27.38507,0.00000,0
3691576,1.7000,1.7290,1.6875,0.01253,-25.65623,27.38519,0.00000,0
3692076,1.7000,1.7291,1.6875,0.01253,-25.65623,27.38530,0.00000,0
3692576,1.7000,1.7292,1.6875,0.01253,-25.65623,27.38542,0.00000,0
3693076,1.7000,1.7538,1.6859,0.01414,-25.63173,27.38554,0.00000,0
3693576,1.7000,1.7539,1.6859,0.01414,-25.63173,27.38567,0.00000,0
3694076,1.7000,1.7541,1.6859,0.01414,-25.63173,27.38580,0.00000,0
3694576,1.7000,1.7665,1.6851,0.01495,-25.61947,27.38593,0.00000,0
3695076,1.7000,1.7053,1.6891,0.01092,-25.68073,27.38605,0.00000,0
3695576,1.7000,1.7422,1.6867,0.01333,-25.64398,27.38616,0.00000,0
3696076,1.7000,1.6933,1.6899,0.01011,-25.69299,27.38627,0.00000,0
3696576,1.7000,1.6811,1.6907,0.00930,-25.70524,27.38635,0.00000,0
3697076,1.7000,1.6689,1.6915,0.00850,-25.71749,27.38644,0.00000,0
3697576,1.7000,1.6568,1.6923,0.00769,-25.72974,27.38651,0.00000,0
3698076,1.7000,1.6568,1.6923,0.00769,-25.72974,27.38658,0.00000,0
3698576,1.7000,1.6324,1.6939,0.00608,-25.75425,27.38664,0.00000,0
3699076,1.7000,1.6570,1.6923,0.00769,-25.72974,27.38671,0.00000,0
3699576,1.7000,1.6325,1.6939,0.00608,-25.75425,27.38677,0.00000,0
3700076,1.7000,1.6571,1.6923,0.00769,-25.72974,27.38683,0.00000,0
3700576,1.7000,1.6204,1.6947,0.00527,-25.76650,27.38689,0.00000,0
3701076,1.7000,1.6450,1.6931,0.00689,-25.74200,27.38695,0.00000,0
3701576,1.7000,1.6695,1.6915,0.00850,-25.71749,27.38702,0.00000,0
3702076,1.7000,1.6696,1.6915,0.00850,-25.71749,27.38710,0.00000,0
3702576,1.7000,1.6819,1.6907,0.00930,-25.70524,27.38718,0.00000,0
3703076,1.7000,1.6453,1.6931,0.00689,-25.74200,27.38725,0.00000,0
3703576,1.7000,1.6821,1.6907,0.00930,-25.70524,27.38733,0.00000,0
3704076,1.7000,1.6577,1.6923,0.00769,-25.72974,27.38741,0.00000,0
3704576,1.7000,1.6577,1.6923,0.00769,-25.72974,27.38748,0.00000,0
3705076,1.7000,1.6333,1.6939,0.00608,-25.75425,27.38754,0.00000,0
3705576,1.7000,1.6456,1.6931,0.00689,-25.74200,27.38760,0.00000,0
3706076,1.7000,1.6457,1.6931,0.00689,-25.74200,27.38766,0.00000,0
3706576,1.7000,1.6335,1.6939,0.00608,-25.75425,27.38772,0.00000,0
3707076,1.7000,1.6213,1.6947,0.00527,-25.76650,27.38777,0.00000,0
3707576,1.7000,1.5968,1.6963,0.00366,-25.79101,27.38781,0.00000,0
3708076,1.7000,1.6091,1.6955,0.00447,-25.77876,27.38785,0.00000,0
3708576,1.7000,1.5846,1.6971,0.00286,-25.80326,27.38788,0.00000,0
3709076,1.7000,1.5724,1.6979,0.00205,-25.81551,27.38791,0.00000,0
3709576,1.7000,1.5847,1.6971,0.00286,-25.80326,27.38793,0.00000,0
3710076,1.7000,1.5724,1.6979,0.00205,-25.81551,27.38795,0.00000,0
3710576,1.7000,1.5725,1.6979,0.00205,-25.81551,27.38797,0.00000,0
3711076,1.7000,1.5725,1.6979,0.00205,-25.81551,27.38799,0.00000,0
3711576,1.7000,1.5725,1.6979,0.00205,-25.81551,27.38801,0.00000,0
3712076,1.7000,1.5848,1.6971,0.00286,-25.80326,27.38803,0.00000,0
3712576,1.7000,1.6216,1.6947,0.00527,-25.76650,27.38807,0.00000,0
3713076,1.7000,1.6339,1.6939,0.00608,-25.75425,27.38812,0.00000,0
3713576,1.7000,1.6462,1.6931,0.00689,-25.74200,27.38818,0.00000,0
3714076,1.7000,1.6462,1.6931,0.00689,-25.74200,27.38824,0.00000,0
3714576,1.7000,1.6463,1.6931,0.00689,-25.74200,27.38830,0.00000,0
3715076,1.7000,1.6831,1.6907,0.00930,-25.70524,27.38838,0.00000,0
3715576,1.7000,1.6832,1.6907,0.00930,-25.70524,27.38846,0.00000,0
3716076,1.7000,1.6711,1.6915,0.00850,-25.71749,27.38854,0.00000,0
3716576,1.7000,1.6589,1.6923,0.00769,-25.72974,27.38862,0.00000,0
3717076,1.7000,1.6467,1.6931,0.00689,-25.74200,27.38869,0.00000,0
3717576,1.7000,1.6100,1.6955,0.00447,-25.77876,27.38874,0.00000,0
3718076,1.7000,1.5978,1.6963,0.00366,-25.79101,27.38877,0.00000,0
3718576,1.7000,1.6346,1.6939,0.00608,-25.75425,27.38882,0.00000,0
3719076,1.7000,1.6224,1.6947,0.00527,-25.76650,27.38887,0.00000,0
3719576,1.7000,1.6469,1.6931,0.00689,-25.74200,27.38892,0.00000,0
3720076,1.7000,1.6347,1.6939,0.00608,-25.75425,27.38898,0.00000,0
3720576,1.7000,1.6348,1.6939,0.00608,-25.75425,27.38904,0.00000,0
3721076,1.7000,1.6471,1.6931,0.00689,-25.74200,27.38910,0.00000,0
3721576,1.7000,1.6472,1.6931,0.00689,-25.74200,27.38916,0.00000,0
3722076,1.7000,1.6227,1.6947,0.00527,-25.76650,27.38922,0.00000,0
3722576,1.7000,1.6473,1.6931,0.00689,-25.74200,27.38927,0.00000,0
3723076,1.7000,1.6596,1.6923,0.00769,-25.72974,27.38934,0.00000,0
3723576,1.7000,1.5984,1.6963,0.00366,-25.79101,27.38939,0.00000,0
3724076,1.7000,1.6474,1.6931,0.00689,-25.74200,27.38944,0.00000,0
3724576,1.7000,1.6598,1.6923,0.00769,-25.72974,27.38950,0.00000,0
3725076,1.7000,1.6721,1.6915,0.00850,-25.71749,27.38958,0.00000,0
3725576,1.7000,1.6722,1.6915,0.00850,-25.71749,27.38966,0.00000,0
3726076,1.7000,1.6845,1.6907,0.00930,-25.70524,27.38974,0.00000,0
3726576,1.7000,1.6968,1.6899,0.01011,-25.69299,27.38983,0.00000,0
3727076,1.7000,1.7092,1.6891,0.01092,-25.68073,27.38992,0.00000,0
3727576,1.7000,1.7093,1.6891,0.01092,-25.68073,27.39002,0.00000,0
3728076,1.7000,1.7094,1.6891,0.01092,-25.68073,27.39012,0.00000,0
3728576,1.7000,1.7340,1.6875,0.01253,-25.65623,27.39023,0.00000,0
3729076,1.7000,1.6973,1.6899,0.01011,-25.69299,27.39033,0.00000,0
3729576,1.7000,1.6607,1.6923,0.00769,-25.72974,27.39041,0.00000,0
3730076,1.7000,1.6607,1.6923,0.00769,-25.72974,27.39048,0.00000,0
3730576,1.7000,1.6608,1.6923,0.00769,-25.72974,27.39055,0.00000,0
3731076,1.7000,1.6486,1.6931,0.00689,-25.74200,27.39062,0.00000,0
3731576,1.7000,1.6487,1.6931,0.00689,-25.74200,27.39068,0.00000,0
3732076,1.7000,1.7100,1.6891,0.01092,-25.68073,27.39076,0.00000,0
3732576,1.7000,1.7469,1.6867,0.01333,-25.64398,27.39087,0.00000,0
3733076,1.7000,1.7103,1.6891,0.01092,-25.68073,27.39099,0.00000,0
3733576,1.7000,1.7104,1.6891,0.01092,-25.68073,27.39108,0.00000,0
3734076,1.7000,1.7104,1.6891,0.01092,-25.68073,27.39118,0.00000,0
3734576,1.7000,1.7105,1.6891,0.01092,-25.68073,27.39128,0.00000,0
3735076,1.7000,1.6984,1.6899,0.01011,-25.69299,27.39138,0.00000,0
3735576,1.7000,1.6985,1.6899,0.01011,-25.69299,27.39147,0.00000,0
3736076,1.7000,1.7108,1.6891,0.01092,-25.68073,27.39157,0.00000,0
3736576,1.7000,1.6987,1.6899,0.01011,-25.69299,27.39166,0.00000,0
3737076,1.7000,1.6497,1.6931,0.00689,-25.74200,27.39174,0.00000,0
3737576,1.7000,1.6253,1.6947,0.00527,-25.76650,27.39179,0.00000,0
3738076,1.7000,1.6744,1.6915,0.00850,-25.71749,27.39186,0.00000,0
3738576,1.7000,1.5764,1.6979,0.00205,-25.81551,27.39190,0.00000,0
3739076,1.7000,1.5642,1.6988,0.00125,-25.82776,27.39192,0.00000,0
3739576,1.7000,1.5887,1.6971,0.00286,-25.80326,27.39194,0.00000,0
3740076,1.7000,1.5765,1.6979,0.00205,-25.81551,27.39196,0.00000,0
3740576,1.7000,1.5765,1.6979,0.00205,-25.81551,27.39198,0.00000,0
3741076,1.7000,1.5642,1.6988,0.00125,-25.82776,27.39200,0.00000,0
3741576,1.7000,1.5520,1.6996,0.00044,-25.84002,27.39200,0.00000,0
3742076,1.7000,1.5520,1.6996,0.00044,-25.84002,27.39201,0.00000,0
3742576,1.7000,1.5397,1.7004,-0.00037,-25.85227,27.39201,0.00000,0
3743076,1.7000,1.5397,1.7004,-0.00037,-25.85227,27.39200,0.00000,0
3743576,1.7000,1.6500,1.6931,0.00689,-25.74200,27.39203,0.00000,0
3744076,1.7000,1.6746,1.6915,0.00850,-25.71749,27.39211,0.00000,0
3744576,1.7000,1.6624,1.6923,0.00769,-25.72974,27.39218,0.00000,0
3745076,1.7000,1.6625,1.6923,0.00769,-25.72974,27.39225,0.00000,0
3745576,1.7000,1.6136,1.6955,0.00447,-25.77876,27.39231,0.00000,0
3746076,1.7000,1.5891,1.6971,0.00286,-25.80326,27.39234,0.00000,0
3746576,1.7000,1.6014,1.6963,0.00366,-25.79101,27.39237,0.00000,0
3747076,1.7000,1.6014,1.6963,0.00366,-25.79101,27.39240,0.00000,0
3747576,1.7000,1.6137,1.6955,0.00447,-25.77876,27.39244,0.00000,0
3748076,1.7000,1.5892,1.6971,0.00286,-25.80326,27.39248,0.00000,0
3748576,1.7000,1.5770,1.6979,0.00205,-25.81551,27.39250,0.00000,0
3749076,1.7000,1.5402,1.7004,-0.00037,-25.85227,27.39251,0.00000,0
3749576,1.7000,1.5402,1.7004,-0.00037,-25.85227,27.39250,0.00000,0
3750076,1.7000,1.5402,1.7004,-0.00037,-25.85227,27.39250,0.00000,0
3750576,1.7000,1.6015,1.6963,0.00366,-25.79101,27.39251,0.00000,0
3751076,1.7000,1.6383,1.6939,0.00608,-25.75425,27.39256,0.00000,0
3751576,1.7000,1.6384,1.6939,0.00608,-25.75425,27.39261,0.00000,0
3752076,1.7000,1.6384,1.6939,0.00608,-25.75425,27.39267,0.00000,0
3752576,1.7000,1.6385,1.6939,0.00608,-25.75425,27.39272,0.00000,0
3753076,1.7000,1.6630,1.6923,0.00769,-25.72974,27.39279,0.00000,0
3753576,1.7000,1.6631,1.6923,0.00769,-25.72974,27.39286,0.00000,0
3754076,1.7000,1.6754,1.6915,0.00850,-25.71749,27.39293,0.00000,0
3754576,1.7000,1.6633,1.6923,0.00769,-25.72974,27.39301,0.00000,0
3755076,1.7000,1.6756,1.6915,0.00850,-25.71749,27.39308,0.00000,0
3755576,1.7000,1.6512,1.6931,0.00689,-25.74200,27.39315,0.00000,0
3756076,1.7000,1.6512,1.6931,0.00689,-25.74200,27.39321,0.00000,0
3756576,1.7000,1.6145,1.6955,0.00447,-25.77876,27.39326,0.00000,0
3757076,1.7000,1.6145,1.6955,0.00447,-25.77876,27.39330,0.00000,0
3757576,1.7000,1.6146,1.6955,0.00447,-25.77876,27.39334,0.00000,0
3758076,1.7000,1.6146,1.6955,0.00447,-25.77876,27.39338,0.00000,0
3758576,1.7000,1.5902,1.6971,0.00286,-25.80326,27.39342,0.00000,0
3759076,1.7000,1.6024,1.6963,0.00366,-25.79101,27.39345,0.00000,0
3759576,1.7000,1.6147,1.6955,0.00447,-25.77876,27.39349,0.00000,0
3760076,1.7000,1.5780,1.6979,0.00205,-25.81551,27.39352,0.00000,0
3760576,1.7000,1.6148,1.6955,0.00447,-25.77876,27.39355,0.00000,0
3761076,1.7000,1.5903,1.6971,0.00286,-25.80326,27.39358,0.00000,0
3761576,1.7000,1.6271,1.6947,0.00527,-25.76650,27.39362,0.00000,0
3762076,1.7000,1.6394,1.6939,0.00608,-25.75425,27.39367,0.00000,0
3762576,1.7000,1.6150,1.6955,0.00447,-25.77876,27.39372,0.00000,0
3763076,1.7000,1.6150,1.6955,0.00447,-25.77876,27.39376,0.00000,0
3763576,1.7000,1.6273,1.6947,0.00527,-25.76650,27.39380,0.00000,0
3764076,1.7000,1.6151,1.6955,0.00447,-25.77876,27.39384,0.00000,0
3764576,1.7000,1.5906,1.6971,0.00286,-25.80326,27.39388,0.00000,0
3765076,1.7000,1.6274,1.6947,0.00527,-25.76650,27.39392,0.00000,0
3765576,1.7000,1.6275,1.6947,0.00527,-25.76650,27.39396,0.00000,0
3766076,1.7000,1.6643,1.6923,0.00769,-25.72974,27.39402,0.00000,0
3766576,1.7000,1.6521,1.6931,0.00689,-25.74200,27.39409,0.00000,0
3767076,1.7000,1.6276,1.6947,0.00527,-25.76650,27.39414,0.00000,0
3767576,1.7000,1.6767,1.6915,0.00850,-25.71749,27.39421,0.00000,0
3768076,1.7000,1.6645,1.6923,0.00769,-25.72974,27.39428,0.00000,0
3768576,1.7000,1.6646,1.6923,0.00769,-25.72974,27.39435,0.00000,0
3769076,1.7000,1.6402,1.6939,0.00608,-25.75425,27.39441,0.00000,0
3769576,1.7000,1.6402,1.6939,0.00608,-25.75425,27.39447,0.00000,0
3770076,1.7000,1.6525,1.6931,0.00689,-25.74200,27.39453,0.00000,0
3770576,1.7000,1.6771,1.6915,0.00850,-25.71749,27.39460,0.00000,0
3771076,1.7000,1.6527,1.6931,0.00689,-25.74200,27.39467,0.00000,0
3771576,1.7000,1.6772,1.6915,0.00850,-25.71749,27.39474,0.00000,0
3772076,1.7000,1.6651,1.6923,0.00769,-25.72974,27.39482,0.00000,0
3772576,1.7000,1.6529,1.6931,0.00689,-25.74200,27.39488,0.00000,0
3773076,1.7000,1.6775,1.6915,0.00850,-25.71749,27.39495,0.00000,0
3773576,1.7000,1.6775,1.6915,0.00850,-25.71749,27.39503,0.00000,0
3774076,1.7000,1.6899,1.6907,0.00930,-25.70524,27.39511,0.00000,0
3774576,1.7000,1.6777,1.6915,0.00850,-25.71749,27.39520,0.00000,0
3775076,1.7000,1.7513,1.6867,0.01333,-25.64398,27.39529,0.00000,0
3775576,1.7000,1.7147,1.6891,0.01092,-25.68073,27.39540,0.00000,0
3776076,1.7000,1.6903,1.6907,0.00930,-25.70524,27.39550,0.00000,0
3776576,1.7000,1.7026,1.6899,0.01011,-25.69299,27.39558,0.00000,0
3777076,1.7000,1.7149,1.6891,0.01092,-25.68073,27.39568,0.00000,0
3777576,1.7000,1.7150,1.6891,0.01092,-25.68073,27.39578,0.00000,0
3778076,1.7000,1.7029,1.6899,0.01011,-25.69299,27.39587,0.00000,0
3778576,1.7000,1.7030,1.6899,0.01011,-25.69299,27.39597,0.00000,0
3779076,1.7000,1.7276,1.6883,0.01172,-25.66848,27.39606,0.00000,0
3779576,1.7000,1.7399,1.6875,0.01253,-25.65623,27.39618,0.00000,0
3780076,1.7000,1.6420,1.6939,0.00608,-25.75425,27.39626,0.00000,0
3780576,1.7000,1.6421,1.6939,0.00608,-25.75425,27.39631,0.00000,0
3781076,1.7000,1.6299,1.6947,0.00527,-25.76650,27.39637,0.00000,0
3781576,1.7000,1.6054,1.6963,0.00366,-25.79101,27.39641,0.00000,0
3782076,1.7000,1.6177,1.6955,0.00447,-25.77876,27.39644,0.00000,0
3782576,1.7000,1.6300,1.6947,0.00527,-25.76650,27.39649,0.00000,0
3783076,1.7000,1.6423,1.6939,0.00608,-25.75425,27.39654,0.00000,0
3783576,1.7000,1.6423,1.6939,0.00608,-25.75425,27.39659,0.00000,0
3784076,1.7000,1.6547,1.6931,0.00689,-25.74200,27.39665,0.00000,0
3784576,1.7000,1.6547,1.6931,0.00689,-25.74200,27.39672,0.00000,0
3785076,1.7000,1.6670,1.6923,0.00769,-25.72974,27.39678,0.00000,0
3785576,1.7000,1.6916,1.6907,0.00930,-25.70524,27.39686,0.00000,0
3786076,1.7000,1.7162,1.6891,0.01092,-25.68073,27.39695,0.00000,0
3786576,1.7000,1.7163,1.6891,0.01092,-25.68073,27.39705,0.00000,0
3787076,1.7000,1.7042,1.6899,0.01011,-25.69299,27.39715,0.00000,0
3787576,1.7000,1.7043,1.6899,0.01011,-25.69299,27.39724,0.00000,0
3788076,1.7000,1.6921,1.6907,0.00930,-25.70524,27.39733,0.00000,0
3788576,1.7000,1.6799,1.6915,0.00850,-25.71749,27.39741,0.00000,0
3789076,1.7000,1.6677,1.6923,0.00769,-25.72974,27.39748,0.00000,0
3789576,1.7000,1.6556,1.6931,0.00689,-25.74200,27.39755,0.00000,0
3790076,1.7000,1.6556,1.6931,0.00689,-25.74200,27.39761,0.00000,0
3790576,1.7000,1.6557,1.6931,0.00689,-25.74200,27.39767,0.00000,0
3791076,1.7000,1.6557,1.6931,0.00689,-25.74200,27.39774,0.00000,0
3791576,1.7000,1.6558,1.6931,0.00689,-25.74200,27.39780,0.00000,0
3792076,1.7000,1.6559,1.6931,0.00689,-25.74200,27.39786,0.00000,0
3792576,1.7000,1.6682,1.6923,0.00769,-25.72974,27.39793,0.00000,0
3793076,1.7000,1.6805,1.6915,0.00850,-25.71749,27.39800,0.00000,0
3793576,1.7000,1.6561,1.6931,0.00689,-25.74200,27.39808,0.00000,0
3794076,1.7000,1.6439,1.6939,0.00608,-25.75425,27.39813,0.00000,0
3794576,1.7000,1.6562,1.6931,0.00689,-25.74200,27.39819,0.00000,0
3795076,1.7000,1.6440,1.6939,0.00608,-25.75425,27.39825,0.00000,0
3795576,1.7000,1.6441,1.6939,0.00608,-25.75425,27.39831,0.00000,0
3796076,1.7000,1.6441,1.6939,0.00608,-25.75425,27.39836,0.00000,0
3796576,1.7000,1.6442,1.6939,0.00608,-25.75425,27.39842,0.00000,0
3797076,1.7000,1.6320,1.6947,0.00527,-25.76650,27.39847,0.00000,0
3797576,1.7000,1.6075,1.6963,0.00366,-25.79101,27.39851,0.00000,0
3798076,1.7000,1.6075,1.6963,0.00366,-25.79101,27.39854,0.00000,0
3798576,1.7000,1.6321,1.6947,0.00527,-25.76650,27.39858,0.00000,0
3799076,1.7000,1.6566,1.6931,0.00689,-25.74200,27.39864,0.00000,0
3799576,1.7000,1.6444,1.6939,0.00608,-25.75425,27.39870,0.00000,0
3800076,1.7000,1.6322,1.6947,0.00527,-25.76650,27.39875,0.00000,0
3800576,1.7000,1.6200,1.6955,0.00447,-25.77876,27.39879,0.00000,0
3801076,1.7000,1.6323,1.6947,0.00527,-25.76650,27.39884,0.00000,0
3801576,1.7000,1.6201,1.6955,0.00447,-25.77876,27.39888,0.00000,0
3802076,1.7000,1.6324,1.6947,0.00527,-25.76650,27.39893,0.00000,0
3802576,1.7000,1.6325,1.6947,0.00527,-25.76650,27.39897,0.00000,0
3803076,1.7000,1.6325,1.6947,0.00527,-25.76650,27.39902,0.00000,0
3803576,1.7000,1.6203,1.6955,0.00447,-25.77876,27.39907,0.00000,0
3804076,1.7000,1.6081,1.6963,0.00366,-25.79101,27.39910,0.00000,0
3804576,1.7000,1.6326,1.6947,0.00527,-25.76650,27.39914,0.00000,0
3805076,1.7000,1.6449,1.6939,0.00608,-25.75425,27.39919,0.00000,0
3805576,1.7000,1.6573,1.6931,0.00689,-25.74200,27.39925,0.00000,0
3806076,1.7000,1.6451,1.6939,0.00608,-25.75425,27.39931,0.00000,0
3806576,1.7000,1.6329,1.6947,0.00527,-25.76650,27.39936,0.00000,0
3807076,1.7000,1.6329,1.6947,0.00527,-25.76650,27.39941,0.00000,0
3807576,1.7000,1.6207,1.6955,0.00447,-25.77876,27.39945,0.00000,0
3808076,1.7000,1.6207,1.6955,0.00447,-25.77876,27.39949,0.00000,0
3808576,1.7000,1.6085,1.6963,0.00366,-25.79101,27.39953,0.00000,0
3809076,1.7000,1.6331,1.6947,0.00527,-25.76650,27.39957,0.00000,0
3809576,1.7000,1.6331,1.6947,0.00527,-25.76650,27.39962,0.00000,0
3810076,1.7000,1.6332,1.6947,0.00527,-25.76650,27.39967,0.00000,0
3810576,1.7000,1.6455,1.6939,0.00608,-25.75425,27.39972,0.00000,0
3811076,1.7000,1.6578,1.6931,0.00689,-25.74200,27.39978,0.00000,0
3811576,1.7000,1.6946,1.6907,0.00930,-25.70524,27.39985,0.00000,0
3812076,1.7000,1.6947,1.6907,0.00930,-25.70524,27.39993,0.00000,0
3812576,1.7000,1.7193,1.6891,0.01092,-25.68073,27.40003,0.00000,0
3813076,1.7000,1.7194,1.6891,0.01092,-25.68073,27.40013,0.00000,0
3813576,1.7000,1.7440,1.6875,0.01253,-25.65623,27.40023,0.00000,0
3814076,1.7000,1.7319,1.6883,0.01172,-25.66848,27.40034,0.00000,0
3814576,1.7000,1.7320,1.6883,0.01172,-25.66848,27.40045,0.00000,0
3815076,1.7000,1.7321,1.6883,0.01172,-25.66848,27.40056,0.00000,0
3815576,1.7000,1.7199,1.6891,0.01092,-25.68073,27.40066,0.00000,0
3816076,1.7000,1.7078,1.6899,0.01011,-25.69299,27.40075,0.00000,0
3816576,1.7000,1.6956,1.6907,0.00930,-25.70524,27.40084,0.00000,0
3817076,1.7000,1.6957,1.6907,0.00930,-25.70524,27.40093,0.00000,0
3817576,1.7000,1.6590,1.6931,0.00689,-25.74200,27.40100,0.00000,0
3818076,1.7000,1.6713,1.6923,0.00769,-25.72974,27.40107,0.00000,0
3818576,1.7000,1.6591,1.6931,0.00689,-25.74200,27.40113,0.00000,0
3819076,1.7000,1.6592,1.6931,0.00689,-25.74200,27.40120,0.00000,0
3819576,1.7000,1.6348,1.6947,0.00527,-25.76650,27.40125,0.00000,0
3820076,1.7000,1.6103,1.6963,0.00366,-25.79101,27.40129,0.00000,0
3820576,1.7000,1.5981,1.6971,0.00286,-25.80326,27.40132,0.00000,0
3821076,1.7000,1.5981,1.6971,0.00286,-25.80326,27.40135,0.00000,0
3821576,1.7000,1.6226,1.6955,0.00447,-25.77876,27.40138,0.00000,0
3822076,1.7000,1.6104,1.6963,0.00366,-25.79101,27.40142,0.00000,0
3822576,1.7000,1.6104,1.6963,0.00366,-25.79101,27.40145,0.00000,0
3823076,1.7000,1.6105,1.6963,0.00366,-25.79101,27.40149,0.00000,0
3823576,1.7000,1.6228,1.6955,0.00447,-25.77876,27.40153,0.00000,0
3824076,1.7000,1.6106,1.6963,0.00366,-25.79101,27.40156,0.00000,0
3824576,1.7000,1.6228,1.6955,0.00447,-25.77876,27.40160,0.00000,0
3825076,1.7000,1.6351,1.6947,0.00527,-25.76650,27.40164,0.00000,0
3825576,1.7000,1.6597,1.6931,0.00689,-25.74200,27.40170,0.00000,0
3826076,1.7000,1.6720,1.6923,0.00769,-25.72974,27.40176,0.00000,0
3826576,1.7000,1.6598,1.6931,0.00689,-25.74200,27.40183,0.00000,0
3827076,1.7000,1.6599,1.6931,0.00689,-25.74200,27.40189,0.00000,0
3827576,1.7000,1.6722,1.6923,0.00769,-25.72974,27.40196,0.00000,0
3828076,1.7000,1.6723,1.6923,0.00769,-25.72974,27.40203,0.00000,0
3828576,1.7000,1.6601,1.6931,0.00689,-25.74200,27.40210,0.00000,0
3829076,1.7000,1.6602,1.6931,0.00689,-25.74200,27.40216,0.00000,0
3829576,1.7000,1.6725,1.6923,0.00769,-25.72974,27.40223,0.00000,0
3830076,1.7000,1.6358,1.6947,0.00527,-25.76650,27.40229,0.00000,0
3830576,1.7000,1.5991,1.6971,0.00286,-25.80326,27.40232,0.00000,0
3831076,1.7000,1.5868,1.6979,0.00205,-25.81551,27.40235,0.00000,0
3831576,1.7000,1.5746,1.6988,0.00125,-25.82776,27.40236,0.00000,0
3832076,1.7000,1.5991,1.6971,0.00286,-25.80326,27.40238,0.00000,0
3832576,1.7000,1.5746,1.6988,0.00125,-25.82776,27.40240,0.00000,0
3833076,1.7000,1.5746,1.6988,0.00125,-25.82776,27.40241,0.00000,0
3833576,1.7000,1.5992,1.6971,0.00286,-25.80326,27.40243,0.00000,0
3834076,1.7000,1.6237,1.6955,0.00447,-25.77876,27.40246,0.00000,0
3834576,1.7000,1.5992,1.6971,0.00286,-25.80326,27.40250,0.00000,0
3835076,1.7000,1.6483,1.6939,0.00608,-25.75425,27.40254,0.00000,0
3835576,1.7000,1.6483,1.6939,0.00608,-25.75425,27.40259,0.00000,0
3836076,1.7000,1.6607,1.6931,0.00689,-25.74200,27.40265,0.00000,0
3836576,1.7000,1.6852,1.6915,0.00850,-25.71749,27.40272,0.00000,0
3837076,1.7000,1.6853,1.6915,0.00850,-25.71749,27.40280,0.00000,0
3837576,1.7000,1.7099,1.6899,0.01011,-25.69299,27.40289,0.00000,0
3838076,1.7000,1.6977,1.6907,0.00930,-25.70524,27.40297,0.00000,0
3838576,1.7000,1.6856,1.6915,0.00850,-25.71749,27.40306,0.00000,0
3839076,1.7000,1.6979,1.6907,0.00930,-25.70524,27.40314,0.00000,0
3839576,1.7000,1.6980,1.6907,0.00930,-25.70524,27.40322,0.00000,0
3840076,1.7000,1.6981,1.6907,0.00930,-25.70524,27.40331,0.00000,0
3840576,1.7000,1.7227,1.6891,0.01092,-25.68073,27.40340,0.00000,0
3841076,1.7000,1.6982,1.6907,0.00930,-25.70524,27.40349,0.00000,0
3841576,1.7000,1.6983,1.6907,0.00930,-25.70524,27.40357,0.00000,0
3842076,1.7000,1.6984,1.6907,0.00930,-25.70524,27.40366,0.00000,0
3842576,1.7000,1.6985,1.6907,0.00930,-25.70524,27.40374,0.00000,0
3843076,1.7000,1.7231,1.6891,0.01092,-25.68073,27.40383,0.00000,0
3843576,1.7000,1.7109,1.6899,0.01011,-25.69299,27.40393,0.00000,0
3844076,1.7000,1.7110,1.6899,0.01011,-25.69299,27.40402,0.00000,0
3844576,1.7000,1.7356,1.6883,0.01172,-25.66848,27.40412,0.00000,0
3845076,1.7000,1.7480,1.6875,0.01253,-25.65623,27.40423,0.00000,0
3845576,1.7000,1.7236,1.6891,0.01092,-25.68073,27.40434,0.00000,0
3846076,1.7000,1.7360,1.6883,0.01172,-25.66848,27.40444,0.00000,0
3846576,1.7000,1.7361,1.6883,0.01172,-25.66848,27.40454,0.00000,0
3847076,1.7000,1.7362,1.6883,0.01172,-25.66848,27.40465,0.00000,0
3847576,1.7000,1.7118,1.6899,0.01011,-25.69299,27.40475,0.00000,0
3848076,1.7000,1.7119,1.6899,0.01011,-25.69299,27.40484,0.00000,0
3848576,1.7000,1.7119,1.6899,0.01011,-25.69299,27.40493,0.00000,0
3849076,1.7000,1.6753,1.6923,0.00769,-25.72974,27.40502,0.00000,0
3849576,1.7000,1.7121,1.6899,0.01011,-25.69299,27.40510,0.00000,0
3850076,1.7000,1.6632,1.6931,0.00689,-25.74200,27.40518,0.00000,0
3850576,1.7000,1.6632,1.6931,0.00689,-25.74200,27.40524,0.00000,0
3851076,1.7000,1.6633,1.6931,0.00689,-25.74200,27.40530,0.00000,0
3851576,1.7000,1.6511,1.6939,0.00608,-25.75425,27.40536,0.00000,0
3852076,1.7000,1.6512,1.6939,0.00608,-25.75425,27.40542,0.00000,0
3852576,1.7000,1.6880,1.6915,0.00850,-25.71749,27.40548,0.00000,0
3853076,1.7000,1.6636,1.6931,0.00689,-25.74200,27.40555,0.00000,0
3853576,1.7000,1.6514,1.6939,0.00608,-25.75425,27.40561,0.00000,0
3854076,1.7000,1.6882,1.6915,0.00850,-25.71749,27.40568,0.00000,0
3854576,1.7000,1.6515,1.6939,0.00608,-25.75425,27.40575,0.00000,0
3855076,1.7000,1.6883,1.6915,0.00850,-25.71749,27.40581,0.00000,0
3855576,1.7000,1.7129,1.6899,0.01011,-25.69299,27.40590,0.00000,0
3856076,1.7000,1.7375,1.6883,0.01172,-25.66848,27.40600,0.00000,0
3856576,1.7000,1.7131,1.6899,0.01011,-25.69299,27.40610,0.00000,0
3857076,1.7000,1.6887,1.6915,0.00850,-25.71749,27.40618,0.00000,0
3857576,1.7000,1.6765,1.6923,0.00769,-25.72974,27.40625,0.00000,0
3858076,1.7000,1.7133,1.6899,0.01011,-25.69299,27.40634,0.00000,0
3858576,1.7000,1.7380,1.6883,0.01172,-25.66848,27.40644,0.00000,0
3859076,1.7000,1.7258,1.6891,0.01092,-25.68073,27.40654,0.00000,0
3859576,1.7000,1.7136,1.6899,0.01011,-25.69299,27.40663,0.00000,0
3860076,1.7000,1.7260,1.6891,0.01092,-25.68073,27.40673,0.00000,0
3860576,1.7000,1.7261,1.6891,0.01092,-25.68073,27.40683,0.00000,0
3861076,1.7000,1.6772,1.6923,0.00769,-25.72974,27.40691,0.00000,0
3861576,1.7000,1.7017,1.6907,0.00930,-25.70524,27.40699,0.00000,0
3862076,1.7000,1.7263,1.6891,0.01092,-25.68073,27.40708,0.00000,0
3862576,1.7000,1.7387,1.6883,0.01172,-25.66848,27.40718,0.00000,0
3863076,1.7000,1.7020,1.6907,0.00930,-25.70524,27.40728,0.00000,0
3863576,1.7000,1.6899,1.6915,0.00850,-25.71749,27.40736,0.00000,0
3864076,1.7000,1.6899,1.6915,0.00850,-25.71749,27.40744,0.00000,0
3864576,1.7000,1.6900,1.6915,0.00850,-25.71749,27.40752,0.00000,0
3865076,1.7000,1.6778,1.6923,0.00769,-25.72974,27.40759,0.00000,0
3865576,1.7000,1.6902,1.6915,0.00850,-25.71749,27.40767,0.00000,0
3866076,1.7000,1.7393,1.6883,0.01172,-25.66848,27.40776,0.00000,0
3866576,1.7000,1.7394,1.6883,0.01172,-25.66848,27.40787,0.00000,0
3867076,1.7000,1.7395,1.6883,0.01172,-25.66848,27.40797,0.00000,0
3867576,1.7000,1.7519,1.6875,0.01253,-25.65623,27.40808,0.00000,0
3868076,1.7000,1.7520,1.6875,0.01253,-25.65623,27.40820,0.00000,0
3868576,1.7000,1.7643,1.6867,0.01333,-25.64398,27.40832,0.00000,0
3869076,1.7000,1.7522,1.6875,0.01253,-25.65623,27.40843,0.00000,0
3869576,1.7000,1.7768,1.6859,0.01414,-25.63173,27.40856,0.00000,0
3870076,1.7000,1.7770,1.6859,0.01414,-25.63173,27.40869,0.00000,0
3870576,1.7000,1.7648,1.6867,0.01333,-25.64398,27.40881,0.00000,0
3871076,1.7000,1.7404,1.6883,0.01172,-25.66848,27.40893,0.00000,0
3871576,1.7000,1.7405,1.6883,0.01172,-25.66848,27.40903,0.00000,0
3872076,1.7000,1.7284,1.6891,0.01092,-25.68073,27.40914,0.00000,0
3872576,1.7000,1.7040,1.6907,0.00930,-25.70524,27.40923,0.00000,0
3873076,1.7000,1.7163,1.6899,0.01011,-25.69299,27.40932,0.00000,0
3873576,1.7000,1.7042,1.6907,0.00930,-25.70524,27.40940,0.00000,0
3874076,1.7000,1.6675,1.6931,0.00689,-25.74200,27.40948,0.00000,0
3874576,1.7000,1.6553,1.6939,0.00608,-25.75425,27.40954,0.00000,0
3875076,1.7000,1.6553,1.6939,0.00608,-25.75425,27.40959,0.00000,0
3875576,1.7000,1.5941,1.6979,0.00205,-25.81551,27.40963,0.00000,0
3876076,1.7000,1.5941,1.6979,0.00205,-25.81551,27.40965,0.00000,0
3876576,1.7000,1.5819,1.6988,0.00125,-25.82776,27.40966,0.00000,0
3877076,1.7000,1.5942,1.6979,0.00205,-25.81551,27.40968,0.00000,0
3877576,1.7000,1.6064,1.6971,0.00286,-25.80326,27.40970,0.00000,0
3878076,1.7000,1.5697,1.6996,0.00044,-25.84002,27.40972,0.00000,0
3878576,1.7000,1.5452,1.7012,-0.00117,-25.86452,27.40971,0.00000,0
3879076,1.7000,1.6187,1.6963,0.00366,-25.79101,27.40972,0.00000,0
3879576,1.7000,1.6065,1.6971,0.00286,-25.80326,27.40975,0.00000,0
3880076,1.7000,1.5943,1.6979,0.00205,-25.81551,27.40978,0.00000,0
3880576,1.7000,1.6801,1.6923,0.00769,-25.72974,27.40982,0.00000,0
3881076,1.7000,1.6434,1.6947,0.00527,-25.76650,27.40988,0.00000,0
3881576,1.7000,1.6679,1.6931,0.00689,-25.74200,27.40993,0.00000,0
3882076,1.7000,1.6312,1.6955,0.00447,-25.77876,27.40999,0.00000,0
3882576,1.7000,1.6068,1.6971,0.00286,-25.80326,27.41002,0.00000,0
3883076,1.7000,1.6190,1.6963,0.00366,-25.79101,27.41005,0.00000,0
3883576,1.7000,1.6436,1.6947,0.00527,-25.76650,27.41009,0.00000,0
3884076,1.7000,1.6314,1.6955,0.00447,-25.77876,27.41014,0.00000,0
3884576,1.7000,1.6314,1.6955,0.00447,-25.77876,27.41018,0.00000,0
3885076,1.7000,1.6560,1.6939,0.00608,-25.75425,27.41022,0.00000,0
3885576,1.7000,1.6438,1.6947,0.00527,-25.76650,27.41027,0.00000,0
3886076,1.7000,1.6683,1.6931,0.00689,-25.74200,27.41033,0.00000,0
3886576,1.7000,1.6807,1.6923,0.00769,-25.72974,27.41040,0.00000,0
3887076,1.7000,1.7297,1.6891,0.01092,-25.68073,27.41048,0.00000,0
3887576,1.7000,1.7176,1.6899,0.01011,-25.69299,27.41058,0.00000,0
3888076,1.7000,1.7177,1.6899,0.01011,-25.69299,27.41067,0.00000,0
3888576,1.7000,1.7178,1.6899,0.01011,-25.69299,27.41076,0.00000,0
3889076,1.7000,1.7179,1.6899,0.01011,-25.69299,27.41085,0.00000,0
3889576,1.7000,1.7180,1.6899,0.01011,-25.69299,27.41094,0.00000,0
3890076,1.7000,1.7303,1.6891,0.01092,-25.68073,27.41104,0.00000,0
3890576,1.7000,1.7181,1.6899,0.01011,-25.69299,27.41113,0.00000,0
3891076,1.7000,1.7427,1.6883,0.01172,-25.66848,27.41123,0.00000,0
3891576,1.7000,1.7183,1.6899,0.01011,-25.69299,27.41133,0.00000,0
3892076,1.7000,1.7307,1.6891,0.01092,-25.68073,27.41143,0.00000,0
3892576,1.7000,1.7798,1.6859,0.01414,-25.63173,27.41154,0.00000,0
3893076,1.7000,1.7799,1.6859,0.01414,-25.63173,27.41167,0.00000,0
3893576,1.7000,1.7801,1.6859,0.01414,-25.63173,27.41180,0.00000,0
3894076,1.7000,1.7557,1.6875,0.01253,-25.65623,27.41192,0.00000,0
3894576,1.7000,1.7926,1.6851,0.01495,-25.61947,27.41205,0.00000,0
3895076,1.7000,1.7927,1.6851,0.01495,-25.61947,27.41218,0.00000,0
3895576,1.7000,1.8174,1.6834,0.01656,-25.59497,27.41233,0.00000,0
3896076,1.7000,1.7930,1.6851,0.01495,-25.61947,27.41247,0.00000,0
3896576,1.7000,1.7686,1.6867,0.01333,-25.64398,27.41260,0.00000,0
3897076,1.7000,1.7565,1.6875,0.01253,-25.65623,27.41272,0.00000,0
3897576,1.7000,1.7443,1.6883,0.01172,-25.66848,27.41283,0.00000,0
3898076,1.7000,1.7567,1.6875,0.01253,-25.65623,27.41294,0.00000,0
3898576,1.7000,1.7568,1.6875,0.01253,-25.65623,27.41305,0.00000,0
3899076,1.7000,1.7692,1.6867,0.01333,-25.64398,27.41317,0.00000,0
3899576,1.7000,1.7571,1.6875,0.01253,-25.65623,27.41329,0.00000,0
3900076,1.7000,1.7204,1.6899,0.01011,-25.69299,27.41339,0.00000,0
3900576,1.7000,1.7205,1.6899,0.01011,-25.69299,27.41348,0.00000,0
3901076,1.7000,1.7206,1.6899,0.01011,-25.69299,27.41358,0.00000,0
3901576,1.7000,1.7574,1.6875,0.01253,-25.65623,27.41368,0.00000,0
3902076,1.7000,1.7698,1.6867,0.01333,-25.64398,27.41380,0.00000,0
3902576,1.7000,1.8067,1.6842,0.01575,-25.60722,27.41393,0.00000,0
3903076,1.7000,1.8069,1.6842,0.01575,-25.60722,27.41407,0.00000,0
3903576,1.7000,1.8560,1.6810,0.01897,-25.55821,27.41423,0.00000,0
3904076,1.7000,1.9052,1.6778,0.02220,-25.50920,27.41442,0.00000,0
3904576,1.7000,1.8932,1.6786,0.02139,-25.52146,27.41462,0.00000,0
3905076,1.7000,1.9056,1.6778,0.02220,-25.50920,27.41481,0.00000,0
3905576,1.7000,1.9303,1.6762,0.02381,-25.48470,27.41502,0.00000,0
3906076,1.7000,1.8815,1.6794,0.02059,-25.53371,27.41523,0.00000,0
3906576,1.7000,1.8572,1.6810,0.01897,-25.55821,27.41541,0.00000,0
3907076,1.7000,1.8083,1.6842,0.01575,-25.60722,27.41557,0.00000,0
3907576,1.7000,1.7840,1.6859,0.01414,-25.63173,27.41570,0.00000,0
3908076,1.7000,1.7473,1.6883,0.01172,-25.66848,27.41582,0.00000,0
3908576,1.7000,1.7107,1.6907,0.00930,-25.70524,27.41591,0.00000,0
3909076,1.7000,1.6617,1.6939,0.00608,-25.75425,27.41599,0.00000,0
3909576,1.7000,1.6618,1.6939,0.00608,-25.75425,27.41604,0.00000,0
3910076,1.7000,1.6741,1.6931,0.00689,-25.74200,27.41610,0.00000,0
3910576,1.7000,1.6251,1.6963,0.00366,-25.79101,27.41615,0.00000,0
3911076,1.7000,1.6987,1.6915,0.00850,-25.71749,27.41620,0.00000,0
3911576,1.7000,1.7233,1.6899,0.01011,-25.69299,27.41629,0.00000,0
3912076,1.7000,1.7479,1.6883,0.01172,-25.66848,27.41639,0.00000,0
3912576,1.7000,1.6990,1.6915,0.00850,-25.71749,27.41648,0.00000,0
3913076,1.7000,1.6991,1.6915,0.00850,-25.71749,27.41656,0.00000,0
3913576,1.7000,1.6746,1.6931,0.00689,-25.74200,27.41663,0.00000,0
3914076,1.7000,1.6624,1.6939,0.00608,-25.75425,27.41669,0.00000,0
3914576,1.7000,1.6502,1.6947,0.00527,-25.76650,27.41674,0.00000,0
3915076,1.7000,1.6503,1.6947,0.00527,-25.76650,27.41678,0.00000,0
3915576,1.7000,1.6748,1.6931,0.00689,-25.74200,27.41684,0.00000,0
3916076,1.7000,1.6504,1.6947,0.00527,-25.76650,27.41689,0.00000,0
3916576,1.7000,1.6504,1.6947,0.00527,-25.76650,27.41694,0.00000,0
3917076,1.7000,1.6382,1.6955,0.00447,-25.77876,27.41699,0.00000,0
3917576,1.7000,1.7241,1.6899,0.01011,-25.69299,27.41705,0.00000,0
3918076,1.7000,1.7119,1.6907,0.00930,-25.70524,27.41714,0.00000,0
3918576,1.7000,1.7365,1.6891,0.01092,-25.68073,27.41723,0.00000,0
3919076,1.7000,1.7489,1.6883,0.01172,-25.66848,27.41734,0.00000,0
3919576,1.7000,1.7490,1.6883,0.01172,-25.66848,27.41744,0.00000,0
3920076,1.7000,1.7246,1.6899,0.01011,-25.69299,27.41754,0.00000,0
3920576,1.7000,1.7001,1.6915,0.00850,-25.71749,27.41763,0.00000,0
3921076,1.7000,1.6757,1.6931,0.00689,-25.74200,27.41770,0.00000,0
3921576,1.7000,1.6635,1.6939,0.00608,-25.75425,27.41776,0.00000,0
3922076,1.7000,1.6636,1.6939,0.00608,-25.75425,27.41781,0.00000,0
3922576,1.7000,1.6391,1.6955,0.00447,-25.77876,27.41786,0.00000,0
3923076,1.7000,1.6637,1.6939,0.00608,-25.75425,27.41791,0.00000,0
3923576,1.7000,1.6637,1.6939,0.00608,-25.75425,27.41796,0.00000,0
3924076,1.7000,1.6270,1.6963,0.00366,-25.79101,27.41800,0.00000,0
3924576,1.7000,1.6515,1.6947,0.00527,-25.76650,27.41805,0.00000,0
3925076,1.7000,1.6638,1.6939,0.00608,-25.75425,27.41810,0.00000,0
3925576,1.7000,1.7374,1.6891,0.01092,-25.68073,27.41817,0.00000,0
3926076,1.7000,1.7375,1.6891,0.01092,-25.68073,27.41827,0.00000,0
3926576,1.7000,1.7131,1.6907,0.00930,-25.70524,27.41837,0.00000,0
3927076,1.7000,1.7010,1.6915,0.00850,-25.71749,27.41845,0.00000,0
3927576,1.7000,1.7010,1.6915,0.00850,-25.71749,27.41853,0.00000,0
3928076,1.7000,1.6889,1.6923,0.00769,-25.72974,27.41860,0.00000,0
3928576,1.7000,1.6889,1.6923,0.00769,-25.72974,27.41867,0.00000,0
3929076,1.7000,1.7258,1.6899,0.01011,-25.69299,27.41875,0.00000,0
3929576,1.7000,1.6768,1.6931,0.00689,-25.74200,27.41883,0.00000,0
3930076,1.7000,1.6769,1.6931,0.00689,-25.74200,27.41889,0.00000,0
3930576,1.7000,1.5912,1.6988,0.00125,-25.82776,27.41893,0.00000,0
3931076,1.7000,1.6157,1.6971,0.00286,-25.80326,27.41895,0.00000,0
3931576,1.7000,1.6525,1.6947,0.00527,-25.76650,27.41899,0.00000,0
3932076,1.7000,1.6403,1.6955,0.00447,-25.77876,27.41903,0.00000,0
3932576,1.7000,1.6281,1.6963,0.00366,-25.79101,27.41907,0.00000,0
3933076,1.7000,1.6281,1.6963,0.00366,-25.79101,27.41910,0.00000,0
3933576,1.7000,1.6159,1.6971,0.00286,-25.80326,27.41913,0.00000,0
3934076,1.7000,1.6159,1.6971,0.00286,-25.80326,27.41916,0.00000,0
3934576,1.7000,1.6649,1.6939,0.00608,-25.75425,27.41920,0.00000,0
3935076,1.7000,1.6405,1.6955,0.00447,-25.77876,27.41924,0.00000,0
3935576,1.7000,1.6773,1.6931,0.00689,-25.74200,27.41930,0.00000,0
3936076,1.7000,1.6774,1.6931,0.00689,-25.74200,27.41936,0.00000,0
3936576,1.7000,1.6774,1.6931,0.00689,-25.74200,27.41942,0.00000,0
3937076,1.7000,1.7020,1.6915,0.00850,-25.71749,27.41949,0.00000,0
3937576,1.7000,1.7143,1.6907,0.00930,-25.70524,27.41957,0.00000,0
3938076,1.7000,1.7022,1.6915,0.00850,-25.71749,27.41966,0.00000,0
3938576,1.7000,1.7145,1.6907,0.00930,-25.70524,27.41974,0.00000,0
3939076,1.7000,1.7391,1.6891,0.01092,-25.68073,27.41983,0.00000,0
3939576,1.7000,1.7269,1.6899,0.01011,-25.69299,27.41993,0.00000,0
3940076,1.7000,1.7270,1.6899,0.01011,-25.69299,27.42002,0.00000,0
3940576,1.7000,1.7026,1.6915,0.00850,-25.71749,27.42010,0.00000,0
3941076,1.7000,1.6782,1.6931,0.00689,-25.74200,27.42017,0.00000,0
3941576,1.7000,1.6782,1.6931,0.00689,-25.74200,27.42023,0.00000,0
3942076,1.7000,1.6660,1.6939,0.00608,-25.75425,27.42029,0.00000,0
3942576,1.7000,1.6784,1.6931,0.00689,-25.74200,27.42035,0.00000,0
3943076,1.7000,1.6662,1.6939,0.00608,-25.75425,27.42041,0.00000,0
3943576,1.7000,1.6662,1.6939,0.00608,-25.75425,27.42047,0.00000,0
3944076,1.7000,1.6418,1.6955,0.00447,-25.77876,27.42052,0.00000,0
3944576,1.7000,1.6295,1.6963,0.00366,-25.79101,27.42055,0.00000,0
3945076,1.7000,1.6296,1.6963,0.00366,-25.79101,27.42059,0.00000,0
3945576,1.7000,1.6174,1.6971,0.00286,-25.80326,27.42062,0.00000,0
3946076,1.7000,1.6051,1.6979,0.00205,-25.81551,27.42064,0.00000,0
3946576,1.7000,1.5684,1.7004,-0.00037,-25.85227,27.42065,0.00000,0
3947076,1.7000,1.6051,1.6979,0.00205,-25.81551,27.42065,0.00000,0
3947576,1.7000,1.5684,1.7004,-0.00037,-25.85227,27.42066,0.00000,0
3948076,1.7000,1.5806,1.6996,0.00044,-25.84002,27.42066,0.00000,0
3948576,1.7000,1.5684,1.7004,-0.00037,-25.85227,27.42066,0.00000,0
3949076,1.7000,1.5684,1.7004,-0.00037,-25.85227,27.42066,0.00000,0
3949576,1.7000,1.5929,1.6988,0.00125,-25.82776,27.42066,0.00000,0
3950076,1.7000,1.5929,1.6988,0.00125,-25.82776,27.42067,0.00000,0
3950576,1.7000,1.6174,1.6971,0.00286,-25.80326,27.42069,0.00000,0
3951076,1.7000,1.6787,1.6931,0.00689,-25.74200,27.42074,0.00000,0
3951576,1.7000,1.7156,1.6907,0.00930,-25.70524,27.42081,0.00000,0
3952076,1.7000,1.6789,1.6931,0.00689,-25.74200,27.42089,0.00000,0
3952576,1.7000,1.6790,1.6931,0.00689,-25.74200,27.42095,0.00000,0
3953076,1.7000,1.6668,1.6939,0.00608,-25.75425,27.42101,0.00000,0
3953576,1.7000,1.6300,1.6963,0.00366,-25.79101,27.42105,0.00000,0
3954076,1.7000,1.6423,1.6955,0.00447,-25.77876,27.42109,0.00000,0
3954576,1.7000,1.6546,1.6947,0.00527,-25.76650,27.42113,0.00000,0
3955076,1.7000,1.6547,1.6947,0.00527,-25.76650,27.42118,0.00000,0
3955576,1.7000,1.6547,1.6947,0.00527,-25.76650,27.42123,0.00000,0
3956076,1.7000,1.6303,1.6963,0.00366,-25.79101,27.42127,0.00000,0
3956576,1.7000,1.6180,1.6971,0.00286,-25.80326,27.42130,0.00000,0
3957076,1.7000,1.6058,1.6979,0.00205,-25.81551,27.42132,0.00000,0
3957576,1.7000,1.6426,1.6955,0.00447,-25.77876,27.42135,0.00000,0
3958076,1.7000,1.6304,1.6963,0.00366,-25.79101,27.42139,0.00000,0
3958576,1.7000,1.6549,1.6947,0.00527,-25.76650,27.42143,0.00000,0
3959076,1.7000,1.6427,1.6955,0.00447,-25.77876,27.42147,0.00000,0
3959576,1.7000,1.6182,1.6971,0.00286,-25.80326,27.42150,0.00000,0
3960076,1.7000,1.5938,1.6988,0.00125,-25.82776,27.42152,0.00000,0
3960576,1.7000,1.6060,1.6979,0.00205,-25.81551,27.42154,0.00000,0
3961076,1.7000,1.5938,1.6988,0.00125,-25.82776,27.42155,0.00000,0
3961576,1.7000,1.5938,1.6988,0.00125,-25.82776,27.42157,0.00000,0
3962076,1.7000,1.6061,1.6979,0.00205,-25.81551,27.42158,0.00000,0
3962576,1.7000,1.6061,1.6979,0.00205,-25.81551,27.42160,0.00000,0
3963076,1.7000,1.6306,1.6963,0.00366,-25.79101,27.42163,0.00000,0
3963576,1.7000,1.6307,1.6963,0.00366,-25.79101,27.42166,0.00000,0
3964076,1.7000,1.6429,1.6955,0.00447,-25.77876,27.42170,0.00000,0
3964576,1.7000,1.6430,1.6955,0.00447,-25.77876,27.42174,0.00000,0
3965076,1.7000,1.6675,1.6939,0.00608,-25.75425,27.42179,0.00000,0
3965576,1.7000,1.6798,1.6931,0.00689,-25.74200,27.42184,0.00000,0
3966076,1.7000,1.6922,1.6923,0.00769,-25.72974,27.42191,0.00000,0
3966576,1.7000,1.6922,1.6923,0.00769,-25.72974,27.42198,0.00000,0
3967076,1.7000,1.6801,1.6931,0.00689,-25.74200,27.42205,0.00000,0
3967576,1.7000,1.6924,1.6923,0.00769,-25.72974,27.42212,0.00000,0
3968076,1.7000,1.6802,1.6931,0.00689,-25.74200,27.42218,0.00000,0
3968576,1.7000,1.6802,1.6931,0.00689,-25.74200,27.42225,0.00000,0
3969076,1.7000,1.6435,1.6955,0.00447,-25.77876,27.42230,0.00000,0
3969576,1.7000,1.6436,1.6955,0.00447,-25.77876,27.42234,0.00000,0
3970076,1.7000,1.6559,1.6947,0.00527,-25.76650,27.42238,0.00000,0
3970576,1.7000,1.6314,1.6963,0.00366,-25.79101,27.42242,0.00000,0
3971076,1.7000,1.6314,1.6963,0.00366,-25.79101,27.42245,0.00000,0
3971576,1.7000,1.6560,1.6947,0.00527,-25.76650,27.42249,0.00000,0
3972076,1.7000,1.6560,1.6947,0.00527,-25.76650,27.42254,0.00000,0
3972576,1.7000,1.6561,1.6947,0.00527,-25.76650,27.42259,0.00000,0
3973076,1.7000,1.6439,1.6955,0.00447,-25.77876,27.42263,0.00000,0
3973576,1.7000,1.6439,1.6955,0.00447,-25.77876,27.42267,0.00000,0
3974076,1.7000,1.6562,1.6947,0.00527,-25.76650,27.42272,0.00000,0
3974576,1.7000,1.6685,1.6939,0.00608,-25.75425,27.42277,0.00000,0
3975076,1.7000,1.6441,1.6955,0.00447,-25.77876,27.42282,0.00000,0
3975576,1.7000,1.6196,1.6971,0.00286,-25.80326,27.42285,0.00000,0
3976076,1.7000,1.6441,1.6955,0.00447,-25.77876,27.42289,0.00000,0
3976576,1.7000,1.6197,1.6971,0.00286,-25.80326,27.42292,0.00000,0
3977076,1.7000,1.6197,1.6971,0.00286,-25.80326,27.42295,0.00000,0
3977576,1.7000,1.6075,1.6979,0.00205,-25.81551,27.42297,0.00000,0
3978076,1.7000,1.6075,1.6979,0.00205,-25.81551,27.42299,0.00000,0
3978576,1.7000,1.6198,1.6971,0.00286,-25.80326,27.42301,0.00000,0
3979076,1.7000,1.6565,1.6947,0.00527,-25.76650,27.42305,0.00000,0
3979576,1.7000,1.6321,1.6963,0.00366,-25.79101,27.42309,0.00000,0
3980076,1.7000,1.6321,1.6963,0.00366,-25.79101,27.42312,0.00000,0
3980576,1.7000,1.6689,1.6939,0.00608,-25.75425,27.42317,0.00000,0
3981076,1.7000,1.6199,1.6971,0.00286,-25.80326,27.42321,0.00000,0
3981576,1.7000,1.6200,1.6971,0.00286,-25.80326,27.42323,0.00000,0
3982076,1.7000,1.6077,1.6979,0.00205,-25.81551,27.42326,0.00000,0
3982576,1.7000,1.6078,1.6979,0.00205,-25.81551,27.42327,0.00000,0
3983076,1.7000,1.6200,1.6971,0.00286,-25.80326,27.42330,0.00000,0
3983576,1.7000,1.6201,1.6971,0.00286,-25.80326,27.42332,0.00000,0
3984076,1.7000,1.6078,1.6979,0.00205,-25.81551,27.42335,0.00000,0
3984576,1.7000,1.6324,1.6963,0.00366,-25.79101,27.42337,0.00000,0
3985076,1.7000,1.6569,1.6947,0.00527,-25.76650,27.42341,0.00000,0
3985576,1.7000,1.6447,1.6955,0.00447,-25.77876,27.42346,0.00000,0
3986076,1.7000,1.6570,1.6947,0.00527,-25.76650,27.42350,0.00000,0
3986576,1.7000,1.6693,1.6939,0.00608,-25.75425,27.42355,0.00000,0
3987076,1.7000,1.7061,1.6915,0.00850,-25.71749,27.42362,0.00000,0
3987576,1.7000,1.7185,1.6907,0.00930,-25.70524,27.42370,0.00000,0
3988076,1.7000,1.7185,1.6907,0.00930,-25.70524,27.42379,0.00000,0
3988576,1.7000,1.7186,1.6907,0.00930,-25.70524,27.42387,0.00000,0
3989076,1.7000,1.7310,1.6899,0.01011,-25.69299,27.42396,0.00000,0
3989576,1.7000,1.7678,1.6875,0.01253,-25.65623,27.42406,0.00000,0
3990076,1.7000,1.7679,1.6875,0.01253,-25.65623,27.42418,0.00000,0
3990576,1.7000,1.7803,1.6867,0.01333,-25.64398,27.42429,0.00000,0
3991076,1.7000,1.7682,1.6875,0.01253,-25.65623,27.42441,0.00000,0
3991576,1.7000,1.7683,1.6875,0.01253,-25.65623,27.42453,0.00000,0
3992076,1.7000,1.7684,1.6875,0.01253,-25.65623,27.42464,0.00000,0
3992576,1.7000,1.7685,1.6875,0.01253,-25.65623,27.42476,0.00000,0
3993076,1.7000,1.7686,1.6875,0.01253,-25.65623,27.42487,0.00000,0
3993576,1.7000,1.7688,1.6875,0.01253,-25.65623,27.42498,0.00000,0
3994076,1.7000,1.7566,1.6883,0.01172,-25.66848,27.42509,0.00000,0
3994576,1.7000,1.6954,1.6923,0.00769,-25.72974,27.42518,0.00000,0
3995076,1.7000,1.7568,1.6883,0.01172,-25.66848,27.42527,0.00000,0
3995576,1.7000,1.7569,1.6883,0.01172,-25.66848,27.42538,0.00000,0
3996076,1.7000,1.7693,1.6875,0.01253,-25.65623,27.42549,0.00000,0
3996576,1.7000,1.8061,1.6851,0.01495,-25.61947,27.42561,0.00000,0
3997076,1.7000,1.7695,1.6875,0.01253,-25.65623,27.42574,0.00000,0
3997576,1.7000,1.7819,1.6867,0.01333,-25.64398,27.42586,0.00000,0
3998076,1.7000,1.7943,1.6859,0.01414,-25.63173,27.42598,0.00000,0
3998576,1.7000,1.7821,1.6867,0.01333,-25.64398,27.42611,0.00000,0
3999076,1.7000,1.7945,1.6859,0.01414,-25.63173,27.42624,0.00000,0
3999576,1.7000,1.7701,1.6875,0.01253,-25.65623,27.42636,0.00000,0
4000076,1.7000,1.7090,1.6915,0.00850,-25.71749,27.42645,0.00000,0
4000576,1.7000,1.7090,1.6915,0.00850,-25.71749,27.42653,0.00000,0
4001076,1.7000,1.6846,1.6931,0.00689,-25.74200,27.42660,0.00000,0
4001576,1.7000,1.6479,1.6955,0.00447,-25.77876,27.42665,0.00000,0
4002076,1.7000,1.6725,1.6939,0.00608,-25.75425,27.42670,0.00000,0
4002576,1.7000,1.6480,1.6955,0.00447,-25.77876,27.42675,0.00000,0
4003076,1.7000,1.6603,1.6947,0.00527,-25.76650,27.42679,0.00000,0
4003576,1.7000,1.6849,1.6931,0.00689,-25.74200,27.42685,0.00000,0
4004076,1.7000,1.6727,1.6939,0.00608,-25.75425,27.42691,0.00000,0
4004576,1.7000,1.7095,1.6915,0.00850,-25.71749,27.42697,0.00000,0
4005076,1.7000,1.7218,1.6907,0.00930,-25.70524,27.42706,0.00000,0
4005576,1.7000,1.7342,1.6899,0.01011,-25.69299,27.42714,0.00000,0
4006076,1.7000,1.7342,1.6899,0.01011,-25.69299,27.42723,0.00000,0
4006576,1.7000,1.7589,1.6883,0.01172,-25.66848,27.42733,0.00000,0
4007076,1.7000,1.7590,1.6883,0.01172,-25.66848,27.42744,0.00000,0
4007576,1.7000,1.7468,1.6891,0.01092,-25.68073,27.42754,0.00000,0
4008076,1.7000,1.7347,1.6899,0.01011,-25.69299,27.42764,0.00000,0
4008576,1.7000,1.7225,1.6907,0.00930,-25.70524,27.42773,0.00000,0
4009076,1.7000,1.7226,1.6907,0.00930,-25.70524,27.42781,0.00000,0
4009576,1.7000,1.7227,1.6907,0.00930,-25.70524,27.42789,0.00000,0
4010076,1.7000,1.6982,1.6923,0.00769,-25.72974,27.42797,0.00000,0
4010576,1.7000,1.6738,1.6939,0.00608,-25.75425,27.42804,0.00000,0
4011076,1.7000,1.6616,1.6947,0.00527,-25.76650,27.42809,0.00000,0
4011576,1.7000,1.5881,1.6996,0.00044,-25.84002,27.42811,0.00000,0
4012076,1.7000,1.6004,1.6988,0.00125,-25.82776,27.42812,0.00000,0
4012576,1.7000,1.6249,1.6971,0.00286,-25.80326,27.42814,0.00000,0
4013076,1.7000,1.5881,1.6996,0.00044,-25.84002,27.42816,0.00000,0
4013576,1.7000,1.5636,1.7012,-0.00117,-25.86452,27.42815,0.00000,0
4014076,1.7000,1.5759,1.7004,-0.00037,-25.85227,27.42814,0.00000,0
4014576,1.7000,1.5514,1.7020,-0.00198,-25.87677,27.42813,0.00000,0
4015076,1.7000,1.5759,1.7004,-0.00037,-25.85227,27.42812,0.00000,0
4015576,1.7000,1.5758,1.7004,-0.00037,-25.85227,27.42812,0.00000,0
4016076,1.7000,1.5758,1.7004,-0.00037,-25.85227,27.42811,0.00000,0
4016576,1.7000,1.6126,1.6979,0.00205,-25.81551,27.42812,0.00000,0
4017076,1.7000,1.6126,1.6979,0.00205,-25.81551,27.42814,0.00000,0
4017576,1.7000,1.5881,1.6996,0.00044,-25.84002,27.42815,0.00000,0
4018076,1.7000,1.6004,1.6988,0.00125,-25.82776,27.42816,0.00000,0
4018576,1.7000,1.6249,1.6971,0.00286,-25.80326,27.42818,0.00000,0
4019076,1.7000,1.6249,1.6971,0.00286,-25.80326,27.42821,0.00000,0
4019576,1.7000,1.6372,1.6963,0.00366,-25.79101,27.42824,0.00000,0
4020076,1.7000,1.6495,1.6955,0.00447,-25.77876,27.42827,0.00000,0
4020576,1.7000,1.6496,1.6955,0.00447,-25.77876,27.42831,0.00000,0
4021076,1.7000,1.6741,1.6939,0.00608,-25.75425,27.42836,0.00000,0
4021576,1.7000,1.6742,1.6939,0.00608,-25.75425,27.42842,0.00000,0
4022076,1.7000,1.6987,1.6923,0.00769,-25.72974,27.42848,0.00000,0
4022576,1.7000,1.7233,1.6907,0.00930,-25.70524,27.42856,0.00000,0
4023076,1.7000,1.7357,1.6899,0.01011,-25.69299,27.42864,0.00000,0
4023576,1.7000,1.7357,1.6899,0.01011,-25.69299,27.42874,0.00000,0
4024076,1.7000,1.7481,1.6891,0.01092,-25.68073,27.42883,0.00000,0
4024576,1.7000,1.7237,1.6907,0.00930,-25.70524,27.42892,0.00000,0
4025076,1.7000,1.7115,1.6915,0.00850,-25.71749,27.42900,0.00000,0
4025576,1.7000,1.7116,1.6915,0.00850,-25.71749,27.42908,0.00000,0
4026076,1.7000,1.6994,1.6923,0.00769,-25.72974,27.42916,0.00000,0
4026576,1.7000,1.7240,1.6907,0.00930,-25.70524,27.42924,0.00000,0
4027076,1.7000,1.6751,1.6939,0.00608,-25.75425,27.42931,0.00000,0
4027576,1.7000,1.6751,1.6939,0.00608,-25.75425,27.42936,0.00000,0
4028076,1.7000,1.6997,1.6923,0.00769,-25.72974,27.42942,0.00000,0
4028576,1.7000,1.6998,1.6923,0.00769,-25.72974,27.42949,0.00000,0
4029076,1.7000,1.7121,1.6915,0.00850,-25.71749,27.42957,0.00000,0
4029576,1.7000,1.6999,1.6923,0.00769,-25.72974,27.42964,0.00000,0
4030076,1.7000,1.6755,1.6939,0.00608,-25.75425,27.42971,0.00000,0
4030576,1.7000,1.7123,1.6915,0.00850,-25.71749,27.42977,0.00000,0
4031076,1.7000,1.7246,1.6907,0.00930,-25.70524,27.42986,0.00000,0
4031576,1.7000,1.7124,1.6915,0.00850,-25.71749,27.42994,0.00000,0
4032076,1.7000,1.7248,1.6907,0.00930,-25.70524,27.43002,0.00000,0
4032576,1.7000,1.7249,1.6907,0.00930,-25.70524,27.43010,0.00000,0
4033076,1.7000,1.7004,1.6923,0.00769,-25.72974,27.43018,0.00000,0
4033576,1.7000,1.7005,1.6923,0.00769,-25.72974,27.43025,0.00000,0
4034076,1.7000,1.6761,1.6939,0.00608,-25.75425,27.43032,0.00000,0
4034576,1.7000,1.6884,1.6931,0.00689,-25.74200,27.43037,0.00000,0
4035076,1.7000,1.7252,1.6907,0.00930,-25.70524,27.43045,0.00000,0
4035576,1.7000,1.7008,1.6923,0.00769,-25.72974,27.43053,0.00000,0
4036076,1.7000,1.7131,1.6915,0.00850,-25.71749,27.43060,0.00000,0
4036576,1.7000,1.6642,1.6947,0.00527,-25.76650,27.43066,0.00000,0
4037076,1.7000,1.6520,1.6955,0.00447,-25.77876,27.43071,0.00000,0
4037576,1.7000,1.6642,1.6947,0.00527,-25.76650,27.43075,0.00000,0
4038076,1.7000,1.6766,1.6939,0.00608,-25.75425,27.43080,0.00000,0
4038576,1.7000,1.6644,1.6947,0.00527,-25.76650,27.43085,0.00000,0
4039076,1.7000,1.6767,1.6939,0.00608,-25.75425,27.43091,0.00000,0
4039576,1.7000,1.7012,1.6923,0.00769,-25.72974,27.43097,0.00000,0
4040076,1.7000,1.6768,1.6939,0.00608,-25.75425,27.43103,0.00000,0
4040576,1.7000,1.6401,1.6963,0.00366,-25.79101,27.43108,0.00000,0
4041076,1.7000,1.6524,1.6955,0.00447,-25.77876,27.43111,0.00000,0
4041576,1.7000,1.6769,1.6939,0.00608,-25.75425,27.43116,0.00000,0
4042076,1.7000,1.6892,1.6931,0.00689,-25.74200,27.43122,0.00000,0
4042576,1.7000,1.6648,1.6947,0.00527,-25.76650,27.43127,0.00000,0
4043076,1.7000,1.6526,1.6955,0.00447,-25.77876,27.43132,0.00000,0
4043576,1.7000,1.6403,1.6963,0.00366,-25.79101,27.43135,0.00000,0
4044076,1.7000,1.6281,1.6971,0.00286,-25.80326,27.43139,0.00000,0
4044576,1.7000,1.6159,1.6979,0.00205,-25.81551,27.43141,0.00000,0
4045076,1.7000,1.6159,1.6979,0.00205,-25.81551,27.43143,0.00000,0
4045576,1.7000,1.6527,1.6955,0.00447,-25.77876,27.43146,0.00000,0
4046076,1.7000,1.6405,1.6963,0.00366,-25.79101,27.43149,0.00000,0
4046576,1.7000,1.6650,1.6947,0.00527,-25.76650,27.43153,0.00000,0
4047076,1.7000,1.6651,1.6947,0.00527,-25.76650,27.43158,0.00000,0
4047576,1.7000,1.6651,1.6947,0.00527,-25.76650,27.43163,0.00000,0
4048076,1.7000,1.6529,1.6955,0.00447,-25.77876,27.43167,0.00000,0
4048576,1.7000,1.6897,1.6931,0.00689,-25.74200,27.43172,0.00000,0
4049076,1.7000,1.6653,1.6947,0.00527,-25.76650,27.43178,0.00000,0
4049576,1.7000,1.6776,1.6939,0.00608,-25.75425,27.43183,0.00000,0
4050076,1.7000,1.6654,1.6947,0.00527,-25.76650,27.43188,0.00000,0
4050576,1.7000,1.6654,1.6947,0.00527,-25.76650,27.43193,0.00000,0
4051076,1.7000,1.6655,1.6947,0.00527,-25.76650,27.43198,0.00000,0
4051576,1.7000,1.6655,1.6947,0.00527,-25.76650,27.43203,0.00000,0
4052076,1.7000,1.6901,1.6931,0.00689,-25.74200,27.43208,0.00000,0
4052576,1.7000,1.6656,1.6947,0.00527,-25.76650,27.43214,0.00000,0
4053076,1.7000,1.6779,1.6939,0.00608,-25.75425,27.43219,0.00000,0
4053576,1.7000,1.6780,1.6939,0.00608,-25.75425,27.43224,0.00000,0
4054076,1.7000,1.7026,1.6923,0.00769,-25.72974,27.43231,0.00000,0
4054576,1.7000,1.7149,1.6915,0.00850,-25.71749,27.43238,0.00000,0
4055076,1.7000,1.7150,1.6915,0.00850,-25.71749,27.43246,0.00000,0
4055576,1.7000,1.7150,1.6915,0.00850,-25.71749,27.43254,0.00000,0
4056076,1.7000,1.7151,1.6915,0.00850,-25.71749,27.43262,0.00000,0
4056576,1.7000,1.6907,1.6931,0.00689,-25.74200,27.43269,0.00000,0
4057076,1.7000,1.6417,1.6963,0.00366,-25.79101,27.43273,0.00000,0
4057576,1.7000,1.6540,1.6955,0.00447,-25.77876,27.43277,0.00000,0
4058076,1.7000,1.6541,1.6955,0.00447,-25.77876,27.43281,0.00000,0
4058576,1.7000,1.6541,1.6955,0.00447,-25.77876,27.43285,0.00000,0
4059076,1.7000,1.6541,1.6955,0.00447,-25.77876,27.43289,0.00000,0
4059576,1.7000,1.6542,1.6955,0.00447,-25.77876,27.43293,0.00000,0
4060076,1.7000,1.6542,1.6955,0.00447,-25.77876,27.43297,0.00000,0
4060576,1.7000,1.6297,1.6971,0.00286,-25.80326,27.43300,0.00000,0
4061076,1.7000,1.6175,1.6979,0.00205,-25.81551,27.43303,0.00000,0
4061576,1.7000,1.6420,1.6963,0.00366,-25.79101,27.43305,0.00000,0
4062076,1.7000,1.6788,1.6939,0.00608,-25.75425,27.43310,0.00000,0
4062576,1.7000,1.6789,1.6939,0.00608,-25.75425,27.43315,0.00000,0
4063076,1.7000,1.6790,1.6939,0.00608,-25.75425,27.43321,0.00000,0
4063576,1.7000,1.6422,1.6963,0.00366,-25.79101,27.43325,0.00000,0
4064076,1.7000,1.5933,1.6996,0.00044,-25.84002,27.43327,0.00000,0
4064576,1.7000,1.5810,1.7004,-0.00037,-25.85227,27.43327,0.00000,0
4065076,1.7000,1.5810,1.7004,-0.00037,-25.85227,27.43327,0.00000,0
4065576,1.7000,1.5687,1.7012,-0.00117,-25.86452,27.43326,0.00000,0
4066076,1.7000,1.5687,1.7012,-0.00117,-25.86452,27.43325,0.00000,0
4066576,1.7000,1.5687,1.7012,-0.00117,-25.86452,27.43324,0.00000,0
4067076,1.7000,1.5687,1.7012,-0.00117,-25.86452,27.43323,0.00000,0
4067576,1.7000,1.5932,1.6996,0.00044,-25.84002,27.43322,0.00000,0
4068076,1.7000,1.5932,1.6996,0.00044,-25.84002,27.43323,0.00000,0
4068576,1.7000,1.5932,1.6996,0.00044,-25.84002,27.43323,0.00000,0
4069076,1.7000,1.6545,1.6955,0.00447,-25.77876,27.43325,0.00000,0
4069576,1.7000,1.6668,1.6947,0.00527,-25.76650,27.43330,0.00000,0
4070076,1.7000,1.6668,1.6947,0.00527,-25.76650,27.43334,0.00000,0
4070576,1.7000,1.6914,1.6931,0.00689,-25.74200,27.43340,0.00000,0
4071076,1.7000,1.6792,1.6939,0.00608,-25.75425,27.43346,0.00000,0
4071576,1.7000,1.6425,1.6963,0.00366,-25.79101,27.43350,0.00000,0
4072076,1.7000,1.6548,1.6955,0.00447,-25.77876,27.43354,0.00000,0
4072576,1.7000,1.6181,1.6979,0.00205,-25.81551,27.43357,0.00000,0
4073076,1.7000,1.5936,1.6996,0.00044,-25.84002,27.43358,0.00000,0
4073576,1.7000,1.6303,1.6971,0.00286,-25.80326,27.43360,0.00000,0
4074076,1.7000,1.6181,1.6979,0.00205,-25.81551,27.43362,0.00000,0
4074576,1.7000,1.6304,1.6971,0.00286,-25.80326,27.43364,0.00000,0
4075076,1.7000,1.6427,1.6963,0.00366,-25.79101,27.43367,0.00000,0
4075576,1.7000,1.6427,1.6963,0.00366,-25.79101,27.43371,0.00000,0
4076076,1.7000,1.6427,1.6963,0.00366,-25.79101,27.43374,0.00000,0
4076576,1.7000,1.6795,1.6939,0.00608,-25.75425,27.43378,0.00000,0
4077076,1.7000,1.6551,1.6955,0.00447,-25.77876,27.43383,0.00000,0
4077576,1.7000,1.6796,1.6939,0.00608,-25.75425,27.43388,0.00000,0
4078076,1.7000,1.7042,1.6923,0.00769,-25.72974,27.43394,0.00000,0
4078576,1.7000,1.6798,1.6939,0.00608,-25.75425,27.43401,0.00000,0
4079076,1.7000,1.6676,1.6947,0.00527,-25.76650,27.43406,0.00000,0
4079576,1.7000,1.6431,1.6963,0.00366,-25.79101,27.43410,0.00000,0
4080076,1.7000,1.6554,1.6955,0.00447,-25.77876,27.43413,0.00000,0
4080576,1.7000,1.6554,1.6955,0.00447,-25.77876,27.43417,0.00000,0
4081076,1.7000,1.6555,1.6955,0.00447,-25.77876,27.43421,0.00000,0
4081576,1.7000,1.6555,1.6955,0.00447,-25.77876,27.43425,0.00000,0
4082076,1.7000,1.6433,1.6963,0.00366,-25.79101,27.43429,0.00000,0
4082576,1.7000,1.6433,1.6963,0.00366,-25.79101,27.43432,0.00000,0
4083076,1.7000,1.6434,1.6963,0.00366,-25.79101,27.43436,0.00000,0
4083576,1.7000,1.6434,1.6963,0.00366,-25.79101,27.43439,0.00000,0
4084076,1.7000,1.6434,1.6963,0.00366,-25.79101,27.43443,0.00000,0
4084576,1.7000,1.6312,1.6971,0.00286,-25.80326,27.43446,0.00000,0
4085076,1.7000,1.6067,1.6988,0.00125,-25.82776,27.43448,0.00000,0
4085576,1.7000,1.5945,1.6996,0.00044,-25.84002,27.43448,0.00000,0
4086076,1.7000,1.6312,1.6971,0.00286,-25.80326,27.43450,0.00000,0
4086576,1.7000,1.6313,1.6971,0.00286,-25.80326,27.43453,0.00000,0
4087076,1.7000,1.6558,1.6955,0.00447,-25.77876,27.43456,0.00000,0
4087576,1.7000,1.6436,1.6963,0.00366,-25.79101,27.43460,0.00000,0
4088076,1.7000,1.6559,1.6955,0.00447,-25.77876,27.43463,0.00000,0
4088576,1.7000,1.6682,1.6947,0.00527,-25.76650,27.43468,0.00000,0
4089076,1.7000,1.6805,1.6939,0.00608,-25.75425,27.43473,0.00000,0
4089576,1.7000,1.6928,1.6931,0.00689,-25.74200,27.43479,0.00000,0
4090076,1.7000,1.7051,1.6923,0.00769,-25.72974,27.43485,0.00000,0
4090576,1.7000,1.7052,1.6923,0.00769,-25.72974,27.43493,0.00000,0
4091076,1.7000,1.6807,1.6939,0.00608,-25.75425,27.43499,0.00000,0
4091576,1.7000,1.6685,1.6947,0.00527,-25.76650,27.43504,0.00000,0
4092076,1.7000,1.6563,1.6955,0.00447,-25.77876,27.43508,0.00000,0
4092576,1.7000,1.6686,1.6947,0.00527,-25.76650,27.43513,0.00000,0
4093076,1.7000,1.6564,1.6955,0.00447,-25.77876,27.43517,0.00000,0
4093576,1.7000,1.6442,1.6963,0.00366,-25.79101,27.43521,0.00000,0
4094076,1.7000,1.6687,1.6947,0.00527,-25.76650,27.43525,0.00000,0
4094576,1.7000,1.6810,1.6939,0.00608,-25.75425,27.43530,0.00000,0
4095076,1.7000,1.6934,1.6931,0.00689,-25.74200,27.43536,0.00000,0
4095576,1.7000,1.6934,1.6931,0.00689,-25.74200,27.43542,0.00000,0
4096076,1.7000,1.6690,1.6947,0.00527,-25.76650,27.43548,0.00000,0
4096576,1.7000,1.6568,1.6955,0.00447,-25.77876,27.43552,0.00000,0
4097076,1.7000,1.6323,1.6971,0.00286,-25.80326,27.43555,0.00000,0
4097576,1.7000,1.6201,1.6979,0.00205,-25.81551,27.43558,0.00000,0
4098076,1.7000,1.6201,1.6979,0.00205,-25.81551,27.43560,0.00000,0
4098576,1.7000,1.6201,1.6979,0.00205,-25.81551,27.43562,0.00000,0
4099076,1.7000,1.5588,1.7020,-0.00198,-25.87677,27.43562,0.00000,0
4099576,1.7000,1.5466,1.7028,-0.00278,-25.88902,27.43559,0.00000,0
4100076,1.7000,1.5220,1.7044,-0.00440,-25.91353,27.43556,0.00000,0
4100576,1.7000,1.5343,1.7036,-0.00359,-25.90128,27.43553,0.00000,0
4101076,1.7000,1.5832,1.7004,-0.00037,-25.85227,27.43551,0.00000,0
4101576,1.7000,1.5832,1.7004,-0.00037,-25.85227,27.43550,0.00000,0
4102076,1.7000,1.6200,1.6979,0.00205,-25.81551,27.43551,0.00000,0
4102576,1.7000,1.6200,1.6979,0.00205,-25.81551,27.43553,0.00000,0
4103076,1.7000,1.6446,1.6963,0.00366,-25.79101,27.43556,0.00000,0
4103576,1.7000,1.6078,1.6988,0.00125,-25.82776,27.43558,0.00000,0
4104076,1.7000,1.6446,1.6963,0.00366,-25.79101,27.43560,0.00000,0
4104576,1.7000,1.6569,1.6955,0.00447,-25.77876,27.43564,0.00000,0
4105076,1.7000,1.6692,1.6947,0.00527,-25.76650,27.43568,0.00000,0
4105576,1.7000,1.6570,1.6955,0.00447,-25.77876,27.43573,0.00000,0
4106076,1.7000,1.6448,1.6963,0.00366,-25.79101,27.43576,0.00000,0
4106576,1.7000,1.6325,1.6971,0.00286,-25.80326,27.43579,0.00000,0
4107076,1.7000,1.6326,1.6971,0.00286,-25.80326,27.43582,0.00000,0
4107576,1.7000,1.6203,1.6979,0.00205,-25.81551,27.43584,0.00000,0
4108076,1.7000,1.6326,1.6971,0.00286,-25.80326,27.43587,0.00000,0
4108576,1.7000,1.6571,1.6955,0.00447,-25.77876,27.43590,0.00000,0
4109076,1.7000,1.6572,1.6955,0.00447,-25.77876,27.43594,0.00000,0
4109576,1.7000,1.6205,1.6979,0.00205,-25.81551,27.43597,0.00000,0
4110076,1.7000,1.6450,1.6963,0.00366,-25.79101,27.43600,0.00000,0
4110576,1.7000,1.6328,1.6971,0.00286,-25.80326,27.43603,0.00000,0
4111076,1.7000,1.6328,1.6971,0.00286,-25.80326,27.43606,0.00000,0
4111576,1.7000,1.6451,1.6963,0.00366,-25.79101,27.43609,0.00000,0
4112076,1.7000,1.6206,1.6979,0.00205,-25.81551,27.43611,0.00000,0
4112576,1.7000,1.6329,1.6971,0.00286,-25.80326,27.43614,0.00000,0
4113076,1.7000,1.5961,1.6996,0.00044,-25.84002,27.43615,0.00000,0
4113576,1.7000,1.6207,1.6979,0.00205,-25.81551,27.43616,0.00000,0
4114076,1.7000,1.6329,1.6971,0.00286,-25.80326,27.43619,0.00000,0
4114576,1.7000,1.6330,1.6971,0.00286,-25.80326,27.43621,0.00000,0
4115076,1.7000,1.6207,1.6979,0.00205,-25.81551,27.43624,0.00000,0
4115576,1.7000,1.6207,1.6979,0.00205,-25.81551,27.43625,0.00000,0
4116076,1.7000,1.6085,1.6988,0.00125,-25.82776,27.43627,0.00000,0
4116576,1.7000,1.6330,1.6971,0.00286,-25.80326,27.43629,0.00000,0
4117076,1.7000,1.6453,1.6963,0.00366,-25.79101,27.43632,0.00000,0
4117576,1.7000,1.6331,1.6971,0.00286,-25.80326,27.43635,0.00000,0
4118076,1.7000,1.6209,1.6979,0.00205,-25.81551,27.43637,0.00000,0
4118576,1.7000,1.5964,1.6996,0.00044,-25.84002,27.43638,0.00000,0
4119076,1.7000,1.5719,1.7012,-0.00117,-25.86452,27.43638,0.00000,0
4119576,1.7000,1.5964,1.6996,0.00044,-25.84002,27.43638,0.00000,0
4120076,1.7000,1.5964,1.6996,0.00044,-25.84002,27.43638,0.00000,0
4120576,1.7000,1.5964,1.6996,0.00044,-25.84002,27.43638,0.00000,0
4121076,1.7000,1.6086,1.6988,0.00125,-25.82776,27.43639,0.00000,0
4121576,1.7000,1.6086,1.6988,0.00125,-25.82776,27.43640,0.00000,0
4122076,1.7000,1.5964,1.6996,0.00044,-25.84002,27.43641,0.00000,0
4122576,1.7000,1.6087,1.6988,0.00125,-25.82776,27.43642,0.00000,0
4123076,1.7000,1.5964,1.6996,0.00044,-25.84002,27.43643,0.00000,0
4123576,1.7000,1.5964,1.6996,0.00044,-25.84002,27.43643,0.00000,0
4124076,1.7000,1.5719,1.7012,-0.00117,-25.86452,27.43643,0.00000,0
4124576,1.7000,1.5596,1.7020,-0.00198,-25.87677,27.43641,0.00000,0
4125076,1.7000,1.5719,1.7012,-0.00117,-25.86452,27.43640,0.00000,0
4125576,1.7000,1.5719,1.7012,-0.00117,-25.86452,27.43638,0.00000,0
4126076,1.7000,1.5596,1.7020,-0.00198,-25.87677,27.43637,0.00000,0
4126576,1.7000,1.5473,1.7028,-0.00278,-25.88902,27.43635,0.00000,0
4127076,1.7000,1.5350,1.7036,-0.00359,-25.90128,27.43632,0.00000,0
4127576,1.7000,1.5228,1.7044,-0.00440,-25.91353,27.43628,0.00000,0
4128076,1.7000,1.5472,1.7028,-0.00278,-25.88902,27.43625,0.00000,0
4128576,1.7000,1.5472,1.7028,-0.00278,-25.88902,27.43623,0.00000,0
4129076,1.7000,1.5594,1.7020,-0.00198,-25.87677,27.43620,0.00000,0
4129576,1.7000,1.5717,1.7012,-0.00117,-25.86452,27.43619,0.00000,0
4130076,1.7000,1.5717,1.7012,-0.00117,-25.86452,27.43618,0.00000,0
4130576,1.7000,1.5716,1.7012,-0.00117,-25.86452,27.43617,0.00000,0
4131076,1.7000,1.5961,1.6996,0.00044,-25.84002,27.43616,0.00000,0
4131576,1.7000,1.6084,1.6988,0.00125,-25.82776,27.43617,0.00000,0
4132076,1.7000,1.6207,1.6979,0.00205,-25.81551,27.43619,0.00000,0
4132576,1.7000,1.6329,1.6971,0.00286,-25.80326,27.43621,0.00000,0
4133076,1.7000,1.6330,1.6971,0.00286,-25.80326,27.43624,0.00000,0
4133576,1.7000,1.6575,1.6955,0.00447,-25.77876,27.43627,0.00000,0
4134076,1.7000,1.6821,1.6939,0.00608,-25.75425,27.43632,0.00000,0
4134576,1.7000,1.6944,1.6931,0.00689,-25.74200,27.43638,0.00000,0
4135076,1.7000,1.7067,1.6923,0.00769,-25.72974,27.43644,0.00000,0
4135576,1.7000,1.7068,1.6923,0.00769,-25.72974,27.43651,0.00000,0
4136076,1.7000,1.6946,1.6931,0.00689,-25.74200,27.43658,0.00000,0
4136576,1.7000,1.6824,1.6939,0.00608,-25.75425,27.43664,0.00000,0
4137076,1.7000,1.6702,1.6947,0.00527,-25.76650,27.43669,0.00000,0
4137576,1.7000,1.6702,1.6947,0.00527,-25.76650,27.43674,0.00000,0
4138076,1.7000,1.6580,1.6955,0.00447,-25.77876,27.43678,0.00000,0
4138576,1.7000,1.6458,1.6963,0.00366,-25.79101,27.43682,0.00000,0
4139076,1.7000,1.6949,1.6931,0.00689,-25.74200,27.43687,0.00000,0
4139576,1.7000,1.6582,1.6955,0.00447,-25.77876,27.43692,0.00000,0
4140076,1.7000,1.6459,1.6963,0.00366,-25.79101,27.43695,0.00000,0
4140576,1.7000,1.6582,1.6955,0.00447,-25.77876,27.43699,0.00000,0
4141076,1.7000,1.6583,1.6955,0.00447,-25.77876,27.43703,0.00000,0
4141576,1.7000,1.6338,1.6971,0.00286,-25.80326,27.43707,0.00000,0
4142076,1.7000,1.6093,1.6988,0.00125,-25.82776,27.43708,0.00000,0
4142576,1.7000,1.6216,1.6979,0.00205,-25.81551,27.43710,0.00000,0
4143076,1.7000,1.6339,1.6971,0.00286,-25.80326,27.43712,0.00000,0
4143576,1.7000,1.6094,1.6988,0.00125,-25.82776,27.43714,0.00000,0
4144076,1.7000,1.5849,1.7004,-0.00037,-25.85227,27.43715,0.00000,0
4144576,1.7000,1.5849,1.7004,-0.00037,-25.85227,27.43714,0.00000,0
4145076,1.7000,1.5604,1.7020,-0.00198,-25.87677,27.43713,0.00000,0
4145576,1.7000,1.5603,1.7020,-0.00198,-25.87677,27.43711,0.00000,0
4146076,1.7000,1.5603,1.7020,-0.00198,-25.87677,27.43710,0.00000,0
4146576,1.7000,1.5971,1.6996,0.00044,-25.84002,27.43709,0.00000,0
4147076,1.7000,1.6338,1.6971,0.00286,-25.80326,27.43710,0.00000,0
4147576,1.7000,1.6461,1.6963,0.00366,-25.79101,27.43713,0.00000,0
4148076,1.7000,1.6584,1.6955,0.00447,-25.77876,27.43717,0.00000,0
4148576,1.7000,1.6830,1.6939,0.00608,-25.75425,27.43722,0.00000,0
4149076,1.7000,1.6463,1.6963,0.00366,-25.79101,27.43726,0.00000,0
4149576,1.7000,1.6463,1.6963,0.00366,-25.79101,27.43730,0.00000,0
4150076,1.7000,1.6586,1.6955,0.00447,-25.77876,27.43733,0.00000,0
4150576,1.7000,1.6831,1.6939,0.00608,-25.75425,27.43738,0.00000,0
4151076,1.7000,1.6709,1.6947,0.00527,-25.76650,27.43743,0.00000,0
4151576,1.7000,1.6465,1.6963,0.00366,-25.79101,27.43747,0.00000,0
4152076,1.7000,1.6097,1.6988,0.00125,-25.82776,27.43749,0.00000,0
4152576,1.7000,1.6097,1.6988,0.00125,-25.82776,27.43751,0.00000,0
4153076,1.7000,1.5975,1.6996,0.00044,-25.84002,27.43751,0.00000,0
4153576,1.7000,1.5975,1.6996,0.00044,-25.84002,27.43752,0.00000,0
4154076,1.7000,1.6098,1.6988,0.00125,-25.82776,27.43752,0.00000,0
4154576,1.7000,1.6956,1.6931,0.00689,-25.74200,27.43756,0.00000,0
4155076,1.7000,1.6589,1.6955,0.00447,-25.77876,27.43761,0.00000,0
4155576,1.7000,1.6344,1.6971,0.00286,-25.80326,27.43765,0.00000,0
4156076,1.7000,1.6222,1.6979,0.00205,-25.81551,27.43767,0.00000,0
4156576,1.7000,1.6344,1.6971,0.00286,-25.80326,27.43769,0.00000,0
4157076,1.7000,1.6345,1.6971,0.00286,-25.80326,27.43772,0.00000,0
4157576,1.7000,1.6222,1.6979,0.00205,-25.81551,27.43774,0.00000,0
4158076,1.7000,1.5977,1.6996,0.00044,-25.84002,27.43775,0.00000,0
4158576,1.7000,1.5855,1.7004,-0.00037,-25.85227,27.43775,0.00000,0
4159076,1.7000,1.5977,1.6996,0.00044,-25.84002,27.43775,0.00000,0
4159576,1.7000,1.4874,1.7068,-0.00681,-25.95028,27.43773,0.00000,0
4160076,1.7000,1.5119,1.7052,-0.00520,-25.92578,27.43767,0.00000,0
4160576,1.7000,1.5486,1.7028,-0.00278,-25.88902,27.43763,0.00000,0
4161076,1.7000,1.5731,1.7012,-0.00117,-25.86452,27.43762,0.00000,0
4161576,1.7000,1.5731,1.7012,-0.00117,-25.86452,27.43760,0.00000,0
4162076,1.7000,1.5853,1.7004,-0.00037,-25.85227,27.43760,0.00000,0
4162576,1.7000,1.6098,1.6988,0.00125,-25.82776,27.43760,0.00000,0
4163076,1.7000,1.6466,1.6963,0.00366,-25.79101,27.43762,0.00000,0
4163576,1.7000,1.6467,1.6963,0.00366,-25.79101,27.43766,0.00000,0
4164076,1.7000,1.6344,1.6971,0.00286,-25.80326,27.43769,0.00000,0
4164576,1.7000,1.6467,1.6963,0.00366,-25.79101,27.43772,0.00000,0
4165076,1.7000,1.6713,1.6947,0.00527,-25.76650,27.43776,0.00000,0
4165576,1.7000,1.6345,1.6971,0.00286,-25.80326,27.43780,0.00000,0
4166076,1.7000,1.6346,1.6971,0.00286,-25.80326,27.43782,0.00000,0
4166576,1.7000,1.6346,1.6971,0.00286,-25.80326,27.43785,0.00000,0
4167076,1.7000,1.6469,1.6963,0.00366,-25.79101,27.43788,0.00000,0
4167576,1.7000,1.5979,1.6996,0.00044,-25.84002,27.43790,0.00000,0
4168076,1.7000,1.5611,1.7020,-0.00198,-25.87677,27.43789,0.00000,0
4168576,1.7000,1.5488,1.7028,-0.00278,-25.88902,27.43787,0.00000,0
4169076,1.7000,1.5611,1.7020,-0.00198,-25.87677,27.43785,0.00000,0
4169576,1.7000,1.5856,1.7004,-0.00037,-25.85227,27.43784,0.00000,0
4170076,1.7000,1.5611,1.7020,-0.00198,-25.87677,27.43783,0.00000,0
4170576,1.7000,1.5855,1.7004,-0.00037,-25.85227,27.43781,0.00000,0
4171076,1.7000,1.5733,1.7012,-0.00117,-25.86452,27.43781,0.00000,0
4171576,1.7000,1.5733,1.7012,-0.00117,-25.86452,27.43780,0.00000,0
4172076,1.7000,1.5733,1.7012,-0.00117,-25.86452,27.43778,0.00000,0
4172576,1.7000,1.6100,1.6988,0.00125,-25.82776,27.43778,0.00000,0
4173076,1.7000,1.6468,1.6963,0.00366,-25.79101,27.43781,0.00000,0
4173576,1.7000,1.6591,1.6955,0.00447,-25.77876,27.43784,0.00000,0
4174076,1.7000,1.6224,1.6979,0.00205,-25.81551,27.43787,0.00000,0
4174576,1.7000,1.6101,1.6988,0.00125,-25.82776,27.43789,0.00000,0
4175076,1.7000,1.6346,1.6971,0.00286,-25.80326,27.43791,0.00000,0
4175576,1.7000,1.6102,1.6988,0.00125,-25.82776,27.43793,0.00000,0
4176076,1.7000,1.6224,1.6979,0.00205,-25.81551,27.43794,0.00000,0
4176576,1.7000,1.6224,1.6979,0.00205,-25.81551,27.43796,0.00000,0
4177076,1.7000,1.5980,1.6996,0.00044,-25.84002,27.43797,0.00000,0
4177576,1.7000,1.6102,1.6988,0.00125,-25.82776,27.43798,0.00000,0
4178076,1.7000,1.6347,1.6971,0.00286,-25.80326,27.43800,0.00000,0
4178576,1.7000,1.6348,1.6971,0.00286,-25.80326,27.43803,0.00000,0
4179076,1.7000,1.6471,1.6963,0.00366,-25.79101,27.43806,0.00000,0
4179576,1.7000,1.6471,1.6963,0.00366,-25.79101,27.43809,0.00000,0
4180076,1.7000,1.6349,1.6971,0.00286,-25.80326,27.43812,0.00000,0
4180576,1.7000,1.6594,1.6955,0.00447,-25.77876,27.43816,0.00000,0
4181076,1.7000,1.6472,1.6963,0.00366,-25.79101,27.43819,0.00000,0
4181576,1.7000,1.6472,1.6963,0.00366,-25.79101,27.43823,0.00000,0
4182076,1.7000,1.6840,1.6939,0.00608,-25.75425,27.43827,0.00000,0
4182576,1.7000,1.6596,1.6955,0.00447,-25.77876,27.43832,0.00000,0
4183076,1.7000,1.6719,1.6947,0.00527,-25.76650,27.43836,0.00000,0
4183576,1.7000,1.6719,1.6947,0.00527,-25.76650,27.43841,0.00000,0
4184076,1.7000,1.6842,1.6939,0.00608,-25.75425,27.43846,0.00000,0
4184576,1.7000,1.7088,1.6923,0.00769,-25.72974,27.43852,0.00000,0
4185076,1.7000,1.7334,1.6907,0.00930,-25.70524,27.43860,0.00000,0
4185576,1.7000,1.7212,1.6915,0.00850,-25.71749,27.43868,0.00000,0
4186076,1.7000,1.7213,1.6915,0.00850,-25.71749,27.43876,0.00000,0
4186576,1.7000,1.7091,1.6923,0.00769,-25.72974,27.43884,0.00000,0
4187076,1.7000,1.7092,1.6923,0.00769,-25.72974,27.43891,0.00000,0
4187576,1.7000,1.7215,1.6915,0.00850,-25.71749,27.43898,0.00000,0
4188076,1.7000,1.7706,1.6883,0.01172,-25.66848,27.43907,0.00000,0
4188576,1.7000,1.7952,1.6867,0.01333,-25.64398,27.43919,0.00000,0
4189076,1.7000,1.8076,1.6859,0.01414,-25.63173,27.43931,0.00000,0
4189576,1.7000,1.7955,1.6867,0.01333,-25.64398,27.43944,0.00000,0
4190076,1.7000,1.7833,1.6875,0.01253,-25.65623,27.43956,0.00000,0
4190576,1.7000,1.7712,1.6883,0.01172,-25.66848,27.43967,0.00000,0
4191076,1.7000,1.7835,1.6875,0.01253,-25.65623,27.43978,0.00000,0
4191576,1.7000,1.8082,1.6859,0.01414,-25.63173,27.43990,0.00000,0
4192076,1.7000,1.8083,1.6859,0.01414,-25.63173,27.44003,0.00000,0
4192576,1.7000,1.8084,1.6859,0.01414,-25.63173,27.44016,0.00000,0
4193076,1.7000,1.7228,1.6915,0.00850,-25.71749,27.44026,0.00000,0
4193576,1.7000,1.6983,1.6931,0.00689,-25.74200,27.44033,0.00000,0
4194076,1.7000,1.7107,1.6923,0.00769,-25.72974,27.44040,0.00000,0
4194576,1.7000,1.6985,1.6931,0.00689,-25.74200,27.44047,0.00000,0
4195076,1.7000,1.6985,1.6931,0.00689,-25.74200,27.44053,0.00000,0
4195576,1.7000,1.6986,1.6931,0.00689,-25.74200,27.44059,0.00000,0
4196076,1.7000,1.6987,1.6931,0.00689,-25.74200,27.44066,0.00000,0
4196576,1.7000,1.6987,1.6931,0.00689,-25.74200,27.44072,0.00000,0
4197076,1.7000,1.6743,1.6947,0.00527,-25.76650,27.44077,0.00000,0
4197576,1.7000,1.6498,1.6963,0.00366,-25.79101,27.44081,0.00000,0
4198076,1.7000,1.6744,1.6947,0.00527,-25.76650,27.44086,0.00000,0
4198576,1.7000,1.6744,1.6947,0.00527,-25.76650,27.44090,0.00000,0
4199076,1.7000,1.6009,1.6996,0.00044,-25.84002,27.44093,0.00000,0
4199576,1.7000,1.6009,1.6996,0.00044,-25.84002,27.44093,0.00000,0
4200076,1.7000,1.6009,1.6996,0.00044,-25.84002,27.44094,0.00000,0
4200576,1.7000,1.6254,1.6979,0.00205,-25.81551,27.44095,0.00000,0
4201076,1.7000,1.6255,1.6979,0.00205,-25.81551,27.44097,0.00000,0
4201576,1.7000,1.6132,1.6988,0.00125,-25.82776,27.44098,0.00000,0
4202076,1.7000,1.6255,1.6979,0.00205,-25.81551,27.44100,0.00000,0
4202576,1.7000,1.6133,1.6988,0.00125,-25.82776,27.44101,0.00000,0
4203076,1.7000,1.6133,1.6988,0.00125,-25.82776,27.44102,0.00000,0
4203576,1.7000,1.6133,1.6988,0.00125,-25.82776,27.44104,0.00000,0
4204076,1.7000,1.6623,1.6955,0.00447,-25.77876,27.44106,0.00000,0
4204576,1.7000,1.6746,1.6947,0.00527,-25.76650,27.44111,0.00000,0
4205076,1.7000,1.6747,1.6947,0.00527,-25.76650,27.44115,0.00000,0
4205576,1.7000,1.6747,1.6947,0.00527,-25.76650,27.44120,0.00000,0
4206076,1.7000,1.6870,1.6939,0.00608,-25.75425,27.44125,0.00000,0
4206576,1.7000,1.6748,1.6947,0.00527,-25.76650,27.44131,0.00000,0
4207076,1.7000,1.6871,1.6939,0.00608,-25.75425,27.44136,0.00000,0
4207576,1.7000,1.6994,1.6931,0.00689,-25.74200,27.44142,0.00000,0
4208076,1.7000,1.6750,1.6947,0.00527,-25.76650,27.44147,0.00000,0
4208576,1.7000,1.6873,1.6939,0.00608,-25.75425,27.44152,0.00000,0
4209076,1.7000,1.6751,1.6947,0.00527,-25.76650,27.44157,0.00000,0
4209576,1.7000,1.6751,1.6947,0.00527,-25.76650,27.44162,0.00000,0
4210076,1.7000,1.6629,1.6955,0.00447,-25.77876,27.44167,0.00000,0
4210576,1.7000,1.6384,1.6971,0.00286,-25.80326,27.44170,0.00000,0
4211076,1.7000,1.6385,1.6971,0.00286,-25.80326,27.44173,0.00000,0
4211576,1.7000,1.6753,1.6947,0.00527,-25.76650,27.44176,0.00000,0
4212076,1.7000,1.6876,1.6939,0.00608,-25.75425,27.44181,0.00000,0
4212576,1.7000,1.6999,1.6931,0.00689,-25.74200,27.44187,0.00000,0
4213076,1.7000,1.7367,1.6907,0.00930,-25.70524,27.44195,0.00000,0
4213576,1.7000,1.7245,1.6915,0.00850,-25.71749,27.44203,0.00000,0
4214076,1.7000,1.7369,1.6907,0.00930,-25.70524,27.44211,0.00000,0
4214576,1.7000,1.7492,1.6899,0.01011,-25.69299,27.44220,0.00000,0
4215076,1.7000,1.7493,1.6899,0.01011,-25.69299,27.44229,0.00000,0
4215576,1.7000,1.7617,1.6891,0.01092,-25.68073,27.44239,0.00000,0
4216076,1.7000,1.7618,1.6891,0.01092,-25.68073,27.44249,0.00000,0
4216576,1.7000,1.7373,1.6907,0.00930,-25.70524,27.44258,0.00000,0
4217076,1.7000,1.7129,1.6923,0.00769,-25.72974,27.44266,0.00000,0
4217576,1.7000,1.7252,1.6915,0.00850,-25.71749,27.44273,0.00000,0
4218076,1.7000,1.7376,1.6907,0.00930,-25.70524,27.44281,0.00000,0
4218576,1.7000,1.7377,1.6907,0.00930,-25.70524,27.44290,0.00000,0
4219076,1.7000,1.7377,1.6907,0.00930,-25.70524,27.44298,0.00000,0
4219576,1.7000,1.7256,1.6915,0.00850,-25.71749,27.44306,0.00000,0
4220076,1.7000,1.7747,1.6883,0.01172,-25.66848,27.44315,0.00000,0
4220576,1.7000,1.7870,1.6875,0.01253,-25.65623,27.44326,0.00000,0
4221076,1.7000,1.7749,1.6883,0.01172,-25.66848,27.44337,0.00000,0
4221576,1.7000,1.7750,1.6883,0.01172,-25.66848,27.44348,0.00000,0
4222076,1.7000,1.7628,1.6891,0.01092,-25.68073,27.44358,0.00000,0
4222576,1.7000,1.7629,1.6891,0.01092,-25.68073,27.44368,0.00000,0
4223076,1.7000,1.7385,1.6907,0.00930,-25.70524,27.44378,0.00000,0
4223576,1.7000,1.7386,1.6907,0.00930,-25.70524,27.44386,0.00000,0
4224076,1.7000,1.7510,1.6899,0.01011,-25.69299,27.44395,0.00000,0
4224576,1.7000,1.7633,1.6891,0.01092,-25.68073,27.44404,0.00000,0
4225076,1.7000,1.7389,1.6907,0.00930,-25.70524,27.44413,0.00000,0
4225576,1.7000,1.7145,1.6923,0.00769,-25.72974,27.44421,0.00000,0
4226076,1.7000,1.7390,1.6907,0.00930,-25.70524,27.44429,0.00000,0
4226576,1.7000,1.7269,1.6915,0.00850,-25.71749,27.44437,0.00000,0
4227076,1.7000,1.7270,1.6915,0.00850,-25.71749,27.44445,0.00000,0
4227576,1.7000,1.7270,1.6915,0.00850,-25.71749,27.44453,0.00000,0
4228076,1.7000,1.7394,1.6907,0.00930,-25.70524,27.44461,0.00000,0
4228576,1.7000,1.7272,1.6915,0.00850,-25.71749,27.44469,0.00000,0
4229076,1.7000,1.7028,1.6931,0.00689,-25.74200,27.44476,0.00000,0
4229576,1.7000,1.7028,1.6931,0.00689,-25.74200,27.44483,0.00000,0
4230076,1.7000,1.6906,1.6939,0.00608,-25.75425,27.44489,0.00000,0
4230576,1.7000,1.7029,1.6931,0.00689,-25.74200,27.44494,0.00000,0
4231076,1.7000,1.7030,1.6931,0.00689,-25.74200,27.44501,0.00000,0
4231576,1.7000,1.6908,1.6939,0.00608,-25.75425,27.44507,0.00000,0
4232076,1.7000,1.7031,1.6931,0.00689,-25.74200,27.44513,0.00000,0
4232576,1.7000,1.7154,1.6923,0.00769,-25.72974,27.44519,0.00000,0
4233076,1.7000,1.7033,1.6931,0.00689,-25.74200,27.44526,0.00000,0
4233576,1.7000,1.7156,1.6923,0.00769,-25.72974,27.44533,0.00000,0
4234076,1.7000,1.7034,1.6931,0.00689,-25.74200,27.44539,0.00000,0
4234576,1.7000,1.7035,1.6931,0.00689,-25.74200,27.44546,0.00000,0
4235076,1.7000,1.7158,1.6923,0.00769,-25.72974,27.44552,0.00000,0
4235576,1.7000,1.7281,1.6915,0.00850,-25.71749,27.44560,0.00000,0
4236076,1.7000,1.7404,1.6907,0.00930,-25.70524,27.44568,0.00000,0
4236576,1.7000,1.7405,1.6907,0.00930,-25.70524,27.44576,0.00000,0
4237076,1.7000,1.7529,1.6899,0.01011,-25.69299,27.44585,0.00000,0
4237576,1.7000,1.7652,1.6891,0.01092,-25.68073,27.44595,0.00000,0
4238076,1.7000,1.7531,1.6899,0.01011,-25.69299,27.44604,0.00000,0
4238576,1.7000,1.7777,1.6883,0.01172,-25.66848,27.44614,0.00000,0
4239076,1.7000,1.7655,1.6891,0.01092,-25.68073,27.44624,0.00000,0
4239576,1.7000,1.7534,1.6899,0.01011,-25.69299,27.44634,0.00000,0
4240076,1.7000,1.7657,1.6891,0.01092,-25.68073,27.44643,0.00000,0
4240576,1.7000,1.7535,1.6899,0.01011,-25.69299,27.44653,0.00000,0
4241076,1.7000,1.7291,1.6915,0.00850,-25.71749,27.44661,0.00000,0
4241576,1.7000,1.7660,1.6891,0.01092,-25.68073,27.44670,0.00000,0
4242076,1.7000,1.7661,1.6891,0.01092,-25.68073,27.44680,0.00000,0
4242576,1.7000,1.7417,1.6907,0.00930,-25.70524,27.44689,0.00000,0
4243076,1.7000,1.7172,1.6923,0.00769,-25.72974,27.44697,0.00000,0
4243576,1.7000,1.7173,1.6923,0.00769,-25.72974,27.44704,0.00000,0
4244076,1.7000,1.7174,1.6923,0.00769,-25.72974,27.44711,0.00000,0
4244576,1.7000,1.7297,1.6915,0.00850,-25.71749,27.44719,0.00000,0
4245076,1.7000,1.7175,1.6923,0.00769,-25.72974,27.44726,0.00000,0
4245576,1.7000,1.6808,1.6947,0.00527,-25.76650,27.44732,0.00000,0
4246076,1.7000,1.6809,1.6947,0.00527,-25.76650,27.44737,0.00000,0
4246576,1.7000,1.6687,1.6955,0.00447,-25.77876,27.44741,0.00000,0
4247076,1.7000,1.6564,1.6963,0.00366,-25.79101,27.44745,0.00000,0
4247576,1.7000,1.6565,1.6963,0.00366,-25.79101,27.44748,0.00000,0
4248076,1.7000,1.6688,1.6955,0.00447,-25.77876,27.44752,0.00000,0
4248576,1.7000,1.6565,1.6963,0.00366,-25.79101,27.44755,0.00000,0
4249076,1.7000,1.6811,1.6947,0.00527,-25.76650,27.44759,0.00000,0
4249576,1.7000,1.6811,1.6947,0.00527,-25.76650,27.44764,0.00000,0
4250076,1.7000,1.6934,1.6939,0.00608,-25.75425,27.44769,0.00000,0
4250576,1.7000,1.7548,1.6899,0.01011,-25.69299,27.44777,0.00000,0
4251076,1.7000,1.7671,1.6891,0.01092,-25.68073,27.44786,0.00000,0
4251576,1.7000,1.7672,1.6891,0.01092,-25.68073,27.44796,0.00000,0
4252076,1.7000,1.7796,1.6883,0.01172,-25.66848,27.44806,0.00000,0
4252576,1.7000,1.7919,1.6875,0.01253,-25.65623,27.44818,0.00000,0
4253076,1.7000,1.7798,1.6883,0.01172,-25.66848,27.44829,0.00000,0
4253576,1.7000,1.7677,1.6891,0.01092,-25.68073,27.44839,0.00000,0
4254076,1.7000,1.7555,1.6899,0.01011,-25.69299,27.44848,0.00000,0
4254576,1.7000,1.7556,1.6899,0.01011,-25.69299,27.44858,0.00000,0
4255076,1.7000,1.7557,1.6899,0.01011,-25.69299,27.44867,0.00000,0
4255576,1.7000,1.7313,1.6915,0.00850,-25.71749,27.44875,0.00000,0
4256076,1.7000,1.7313,1.6915,0.00850,-25.71749,27.44883,0.00000,0
4256576,1.7000,1.7437,1.6907,0.00930,-25.70524,27.44891,0.00000,0
4257076,1.7000,1.7438,1.6907,0.00930,-25.70524,27.44900,0.00000,0
4257576,1.7000,1.7438,1.6907,0.00930,-25.70524,27.44908,0.00000,0
4258076,1.7000,1.7684,1.6891,0.01092,-25.68073,27.44917,0.00000,0
4258576,1.7000,1.8053,1.6867,0.01333,-25.64398,27.44928,0.00000,0
4259076,1.7000,1.8177,1.6859,0.01414,-25.63173,27.44941,0.00000,0
4259576,1.7000,1.8056,1.6867,0.01333,-25.64398,27.44953,0.00000,0
4260076,1.7000,1.8057,1.6867,0.01333,-25.64398,27.44966,0.00000,0
4260576,1.7000,1.8426,1.6842,0.01575,-25.60722,27.44979,0.00000,0
4261076,1.7000,1.8182,1.6859,0.01414,-25.63173,27.44992,0.00000,0
4261576,1.7000,1.8061,1.6867,0.01333,-25.64398,27.45005,0.00000,0
4262076,1.7000,1.7939,1.6875,0.01253,-25.65623,27.45017,0.00000,0
4262576,1.7000,1.8063,1.6867,0.01333,-25.64398,27.45028,0.00000,0
4263076,1.7000,1.8309,1.6851,0.01495,-25.61947,27.45041,0.00000,0
4263576,1.7000,1.7821,1.6883,0.01172,-25.66848,27.45054,0.00000,0
4264076,1.7000,1.7699,1.6891,0.01092,-25.68073,27.45064,0.00000,0
4264576,1.7000,1.7823,1.6883,0.01172,-25.66848,27.45074,0.00000,0
4265076,1.7000,1.7946,1.6875,0.01253,-25.65623,27.45085,0.00000,0
4265576,1.7000,1.7580,1.6899,0.01011,-25.69299,27.45096,0.00000,0
4266076,1.7000,1.7826,1.6883,0.01172,-25.66848,27.45106,0.00000,0
4266576,1.7000,1.7704,1.6891,0.01092,-25.68073,27.45116,0.00000,0
4267076,1.7000,1.7460,1.6907,0.00930,-25.70524,27.45125,0.00000,0
4267576,1.7000,1.7216,1.6923,0.00769,-25.72974,27.45133,0.00000,0
4268076,1.7000,1.6971,1.6939,0.00608,-25.75425,27.45139,0.00000,0
4268576,1.7000,1.6972,1.6939,0.00608,-25.75425,27.45145,0.00000,0
4269076,1.7000,1.7218,1.6923,0.00769,-25.72974,27.45151,0.00000,0
4269576,1.7000,1.7096,1.6931,0.00689,-25.74200,27.45158,0.00000,0
4270076,1.7000,1.7219,1.6923,0.00769,-25.72974,27.45164,0.00000,0
4270576,1.7000,1.7342,1.6915,0.00850,-25.71749,27.45172,0.00000,0
4271076,1.7000,1.7466,1.6907,0.00930,-25.70524,27.45180,0.00000,0
4271576,1.7000,1.7221,1.6923,0.00769,-25.72974,27.45188,0.00000,0
4272076,1.7000,1.7345,1.6915,0.00850,-25.71749,27.45195,0.00000,0
4272576,1.7000,1.7590,1.6899,0.01011,-25.69299,27.45204,0.00000,0
4273076,1.7000,1.7591,1.6899,0.01011,-25.69299,27.45213,0.00000,0
4273576,1.7000,1.7715,1.6891,0.01092,-25.68073,27.45222,0.00000,0
4274076,1.7000,1.7716,1.6891,0.01092,-25.68073,27.45232,0.00000,0
4274576,1.7000,1.7717,1.6891,0.01092,-25.68073,27.45242,0.00000,0
4275076,1.7000,1.7350,1.6915,0.00850,-25.71749,27.45251,0.00000,0
4275576,1.7000,1.7228,1.6923,0.00769,-25.72974,27.45258,0.00000,0
4276076,1.7000,1.7229,1.6923,0.00769,-25.72974,27.45265,0.00000,0
4276576,1.7000,1.7597,1.6899,0.01011,-25.69299,27.45274,0.00000,0
4277076,1.7000,1.7598,1.6899,0.01011,-25.69299,27.45283,0.00000,0
4277576,1.7000,1.7722,1.6891,0.01092,-25.68073,27.45292,0.00000,0
4278076,1.7000,1.7845,1.6883,0.01172,-25.66848,27.45303,0.00000,0
4278576,1.7000,1.7846,1.6883,0.01172,-25.66848,27.45313,0.00000,0
4279076,1.7000,1.7725,1.6891,0.01092,-25.68073,27.45324,0.00000,0
4279576,1.7000,1.7726,1.6891,0.01092,-25.68073,27.45333,0.00000,0
4280076,1.7000,1.7972,1.6875,0.01253,-25.65623,27.45344,0.00000,0
4280576,1.7000,1.8096,1.6867,0.01333,-25.64398,27.45356,0.00000,0
4281076,1.7000,1.7974,1.6875,0.01253,-25.65623,27.45368,0.00000,0
4281576,1.7000,1.7853,1.6883,0.01172,-25.66848,27.45379,0.00000,0
4282076,1.7000,1.7854,1.6883,0.01172,-25.66848,27.45390,0.00000,0
4282576,1.7000,1.7733,1.6891,0.01092,-25.68073,27.45400,0.00000,0
4283076,1.7000,1.7611,1.6899,0.01011,-25.69299,27.45409,0.00000,0
4283576,1.7000,1.7612,1.6899,0.01011,-25.69299,27.45419,0.00000,0
4284076,1.7000,1.7735,1.6891,0.01092,-25.68073,27.45428,0.00000,0
4284576,1.7000,1.7491,1.6907,0.00930,-25.70524,27.45437,0.00000,0
4285076,1.7000,1.7492,1.6907,0.00930,-25.70524,27.45446,0.00000,0
4285576,1.7000,1.7370,1.6915,0.00850,-25.71749,27.45454,0.00000,0
4286076,1.7000,1.7494,1.6907,0.00930,-25.70524,27.45462,0.00000,0
4286576,1.7000,1.7495,1.6907,0.00930,-25.70524,27.45470,0.00000,0
4287076,1.7000,1.7373,1.6915,0.00850,-25.71749,27.45479,0.00000,0
4287576,1.7000,1.7374,1.6915,0.00850,-25.71749,27.45486,0.00000,0
4288076,1.7000,1.7497,1.6907,0.00930,-25.70524,27.45495,0.00000,0
4288576,1.7000,1.7498,1.6907,0.00930,-25.70524,27.45503,0.00000,0
4289076,1.7000,1.7621,1.6899,0.01011,-25.69299,27.45512,0.00000,0
4289576,1.7000,1.7745,1.6891,0.01092,-25.68073,27.45521,0.00000,0
4290076,1.7000,1.7991,1.6875,0.01253,-25.65623,27.45532,0.00000,0
4290576,1.7000,1.7869,1.6883,0.01172,-25.66848,27.45543,0.00000,0
4291076,1.7000,1.7871,1.6883,0.01172,-25.66848,27.45554,0.00000,0
4291576,1.7000,1.7626,1.6899,0.01011,-25.69299,27.45564,0.00000,0
4292076,1.7000,1.7873,1.6883,0.01172,-25.66848,27.45574,0.00000,0
4292576,1.7000,1.7874,1.6883,0.01172,-25.66848,27.45584,0.00000,0
4293076,1.7000,1.7875,1.6883,0.01172,-25.66848,27.45595,0.00000,0
4293576,1.7000,1.7508,1.6907,0.00930,-25.70524,27.45605,0.00000,0
4294076,1.7000,1.7264,1.6923,0.00769,-25.72974,27.45612,0.00000,0
4294576,1.7000,1.7264,1.6923,0.00769,-25.72974,27.45619,0.00000,0
4295076,1.7000,1.7143,1.6931,0.00689,-25.74200,27.45626,0.00000,0
4295576,1.7000,1.7021,1.6939,0.00608,-25.75425,27.45632,0.00000,0
4296076,1.7000,1.6899,1.6947,0.00527,-25.76650,27.45637,0.00000,0
4296576,1.7000,1.7022,1.6939,0.00608,-25.75425,27.45642,0.00000,0
4297076,1.7000,1.6900,1.6947,0.00527,-25.76650,27.45647,0.00000,0
4297576,1.7000,1.6900,1.6947,0.00527,-25.76650,27.45652,0.00000,0
4298076,1.7000,1.6901,1.6947,0.00527,-25.76650,27.45657,0.00000,0
4298576,1.7000,1.7269,1.6923,0.00769,-25.72974,27.45663,0.00000,0
4299076,1.7000,1.7515,1.6907,0.00930,-25.70524,27.45671,0.00000,0
4299576,1.7000,1.8006,1.6875,0.01253,-25.65623,27.45681,0.00000,0
4300076,1.7000,1.7762,1.6891,0.01092,-25.68073,27.45691,0.00000,0
4300576,1.7000,1.8130,1.6867,0.01333,-25.64398,27.45702,0.00000,0
4301076,1.7000,1.8377,1.6851,0.01495,-25.61947,27.45715,0.00000,0
4301576,1.7000,1.8133,1.6867,0.01333,-25.64398,27.45728,0.00000,0
4302076,1.7000,1.8257,1.6859,0.01414,-25.63173,27.45741,0.00000,0
4302576,1.7000,1.8258,1.6859,0.01414,-25.63173,27.45754,0.00000,0
4303076,1.7000,1.8014,1.6875,0.01253,-25.65623,27.45766,0.00000,0
4303576,1.7000,1.8138,1.6867,0.01333,-25.64398,27.45778,0.00000,0
4304076,1.7000,1.7649,1.6899,0.01011,-25.69299,27.45789,0.00000,0
4304576,1.7000,1.7160,1.6931,0.00689,-25.74200,27.45796,0.00000,0
4305076,1.7000,1.7283,1.6923,0.00769,-25.72974,27.45803,0.00000,0
4305576,1.7000,1.6793,1.6955,0.00447,-25.77876,27.45809,0.00000,0
4306076,1.7000,1.6916,1.6947,0.00527,-25.76650,27.45813,0.00000,0
4306576,1.7000,1.6917,1.6947,0.00527,-25.76650,27.45818,0.00000,0
4307076,1.7000,1.7162,1.6931,0.00689,-25.74200,27.45823,0.00000,0
4307576,1.7000,1.7163,1.6931,0.00689,-25.74200,27.45830,0.00000,0
4308076,1.7000,1.7041,1.6939,0.00608,-25.75425,27.45835,0.00000,0
4308576,1.7000,1.7042,1.6939,0.00608,-25.75425,27.45841,0.00000,0
4309076,1.7000,1.7165,1.6931,0.00689,-25.74200,27.45847,0.00000,0
4309576,1.7000,1.7533,1.6907,0.00930,-25.70524,27.45854,0.00000,0
4310076,1.7000,1.7166,1.6931,0.00689,-25.74200,27.45862,0.00000,0
4310576,1.7000,1.7412,1.6915,0.00850,-25.71749,27.45869,0.00000,0
4311076,1.7000,1.7168,1.6931,0.00689,-25.74200,27.45876,0.00000,0
4311576,1.7000,1.7413,1.6915,0.00850,-25.71749,27.45883,0.00000,0
4312076,1.7000,1.7414,1.6915,0.00850,-25.71749,27.45891,0.00000,0
4312576,1.7000,1.7292,1.6923,0.00769,-25.72974,27.45898,0.00000,0
4313076,1.7000,1.7416,1.6915,0.00850,-25.71749,27.45906,0.00000,0
4313576,1.7000,1.7539,1.6907,0.00930,-25.70524,27.45914,0.00000,0
4314076,1.7000,1.7540,1.6907,0.00930,-25.70524,27.45922,0.00000,0
4314576,1.7000,1.7296,1.6923,0.00769,-25.72974,27.45930,0.00000,0
4315076,1.7000,1.7664,1.6899,0.01011,-25.69299,27.45938,0.00000,0
4315576,1.7000,1.7665,1.6899,0.01011,-25.69299,27.45947,0.00000,0
4316076,1.7000,1.7788,1.6891,0.01092,-25.68073,27.45957,0.00000,0
4316576,1.7000,1.7667,1.6899,0.01011,-25.69299,27.45967,0.00000,0
4317076,1.7000,1.7545,1.6907,0.00930,-25.70524,27.45975,0.00000,0
4317576,1.7000,1.7791,1.6891,0.01092,-25.68073,27.45984,0.00000,0
4318076,1.7000,1.7792,1.6891,0.01092,-25.68073,27.45994,0.00000,0
4318576,1.7000,1.7671,1.6899,0.01011,-25.69299,27.46004,0.00000,0
4319076,1.7000,1.7549,1.6907,0.00930,-25.70524,27.46013,0.00000,0
4319576,1.7000,1.7672,1.6899,0.01011,-25.69299,27.46021,0.00000,0
4320076,1.7000,1.7551,1.6907,0.00930,-25.70524,27.46030,0.00000,0
4320576,1.7000,1.7429,1.6915,0.00850,-25.71749,27.46038,0.00000,0
4321076,1.7000,1.7430,1.6915,0.00850,-25.71749,27.46046,0.00000,0
4321576,1.7000,1.7430,1.6915,0.00850,-25.71749,27.46054,0.00000,0
4322076,1.7000,1.7431,1.6915,0.00850,-25.71749,27.46062,0.00000,0
4322576,1.7000,1.7187,1.6931,0.00689,-25.74200,27.46069,0.00000,0
4323076,1.7000,1.7065,1.6939,0.00608,-25.75425,27.46075,0.00000,0
4323576,1.7000,1.7311,1.6923,0.00769,-25.72974,27.46081,0.00000,0
4324076,1.7000,1.7311,1.6923,0.00769,-25.72974,27.46088,0.00000,0
4324576,1.7000,1.7312,1.6923,0.00769,-25.72974,27.46095,0.00000,0
4325076,1.7000,1.7680,1.6899,0.01011,-25.69299,27.46103,0.00000,0
4325576,1.7000,1.7681,1.6899,0.01011,-25.69299,27.46113,0.00000,0
4326076,1.7000,1.7560,1.6907,0.00930,-25.70524,27.46121,0.00000,0
4326576,1.7000,1.7683,1.6899,0.01011,-25.69299,27.46130,0.00000,0
4327076,1.7000,1.7439,1.6915,0.00850,-25.71749,27.46139,0.00000,0
4327576,1.7000,1.8175,1.6867,0.01333,-25.64398,27.46148,0.00000,0
4328076,1.7000,1.8176,1.6867,0.01333,-25.64398,27.46161,0.00000,0
4328576,1.7000,1.7932,1.6883,0.01172,-25.66848,27.46172,0.00000,0
4329076,1.7000,1.7933,1.6883,0.01172,-25.66848,27.46183,0.00000,0
4329576,1.7000,1.7935,1.6883,0.01172,-25.66848,27.46194,0.00000,0
4330076,1.7000,1.7813,1.6891,0.01092,-25.68073,27.46204,0.00000,0
4330576,1.7000,1.8059,1.6875,0.01253,-25.65623,27.46214,0.00000,0
4331076,1.7000,1.8183,1.6867,0.01333,-25.64398,27.46226,0.00000,0
4331576,1.7000,1.8062,1.6875,0.01253,-25.65623,27.46238,0.00000,0
4332076,1.7000,1.8063,1.6875,0.01253,-25.65623,27.46250,0.00000,0
4332576,1.7000,1.7696,1.6899,0.01011,-25.69299,27.46260,0.00000,0
4333076,1.7000,1.7942,1.6883,0.01172,-25.66848,27.46270,0.00000,0
4333576,1.7000,1.7943,1.6883,0.01172,-25.66848,27.46280,0.00000,0
4334076,1.7000,1.7944,1.6883,0.01172,-25.66848,27.46291,0.00000,0
4334576,1.7000,1.7945,1.6883,0.01172,-25.66848,27.46302,0.00000,0
4335076,1.7000,1.8069,1.6875,0.01253,-25.65623,27.46313,0.00000,0
4335576,1.7000,1.7948,1.6883,0.01172,-25.66848,27.46324,0.00000,0
4336076,1.7000,1.7949,1.6883,0.01172,-25.66848,27.46335,0.00000,0
4336576,1.7000,1.7950,1.6883,0.01172,-25.66848,27.46345,0.00000,0
4337084,1.7000,1.8196,1.6867,0.01333,-25.64398,27.46357,0.00000,0
4337584,1.7000,1.8075,1.6875,0.01253,-25.65623,27.46369,0.00000,0
4338084,1.7000,1.7953,1.6883,0.01172,-25.66848,27.46380,0.00000,0
4338584,1.7000,1.7832,1.6891,0.01092,-25.68073,27.46390,0.00000,0
4339090,1.7000,1.7833,1.6891,0.01092,-25.68073,27.46400,0.00000,0
4339590,1.7000,1.7343,1.6923,0.00769,-25.72974,27.46408,0.00000,0
4340090,1.7000,1.7099,1.6939,0.00608,-25.75425,27.46415,0.00000,0
4340590,1.7000,1.6977,1.6947,0.00527,-25.76650,27.46420,0.00000,0
4341090,1.7000,1.7100,1.6939,0.00608,-25.75425,27.46425,0.00000,0
4341590,1.7000,1.7346,1.6923,0.00769,-25.72974,27.46431,0.00000,0
4342090,1.7000,1.6979,1.6947,0.00527,-25.76650,27.46437,0.00000,0
4342590,1.7000,1.6734,1.6963,0.00366,-25.79101,27.46441,0.00000,0
4343090,1.7000,1.6734,1.6963,0.00366,-25.79101,27.46445,0.00000,0
4343590,1.7000,1.6980,1.6947,0.00527,-25.76650,27.46449,0.00000,0
4344090,1.7000,1.7103,1.6939,0.00608,-25.75425,27.46454,0.00000,0
4344590,1.7000,1.7716,1.6899,0.01011,-25.69299,27.46461,0.00000,0
4345090,1.7000,1.8085,1.6875,0.01253,-25.65623,27.46471,0.00000,0
4345590,1.7000,1.8086,1.6875,0.01253,-25.65623,27.46483,0.00000,0
4346090,1.7000,1.8087,1.6875,0.01253,-25.65623,27.46494,0.00000,0
4346590,1.7000,1.7843,1.6891,0.01092,-25.68073,27.46505,0.00000,0
4347090,1.7000,1.7967,1.6883,0.01172,-25.66848,27.46515,0.00000,0
4347590,1.7000,1.8335,1.6859,0.01414,-25.63173,27.46527,0.00000,0
4348090,1.7000,1.8337,1.6859,0.01414,-25.63173,27.46540,0.00000,0
4348596,1.7000,1.8338,1.6859,0.01414,-25.63173,27.46553,0.00000,0
4349096,1.7000,1.7972,1.6883,0.01172,-25.66848,27.46565,0.00000,0
4349596,1.7000,1.8218,1.6867,0.01333,-25.64398,27.46576,0.00000,0
4350096,1.7000,1.8219,1.6867,0.01333,-25.64398,27.46589,0.00000,0
4350596,1.7000,1.8220,1.6867,0.01333,-25.64398,27.46601,0.00000,0
4351096,1.7000,1.8099,1.6875,0.01253,-25.65623,27.46613,0.00000,0
4351654,1.7000,1.7855,1.6891,0.01092,-25.68073,27.46623,0.00000,0
4352154,1.7000,1.7856,1.6891,0.01092,-25.68073,27.46633,0.00000,0
4352654,1.7000,1.7980,1.6883,0.01172,-25.66848,27.46643,0.00000,0
4353154,1.7000,1.7735,1.6899,0.01011,-25.69299,27.46653,0.00000,0
4353654,1.7000,1.7491,1.6915,0.00850,-25.71749,27.46662,0.00000,0
4354154,1.7000,1.7615,1.6907,0.00930,-25.70524,27.46670,0.00000,0
4354654,1.7000,1.6390,1.6988,0.00125,-25.82776,27.46675,0.00000,0
4355154,1.7000,1.5900,1.7020,-0.00198,-25.87677,27.46674,0.00000,0
4355654,1.7000,1.5900,1.7020,-0.00198,-25.87677,27.46673,0.00000,0
4356166,1.7000,1.5899,1.7020,-0.00198,-25.87677,27.46671,0.00000,0
4356666,1.7000,1.6022,1.7012,-0.00117,-25.86452,27.46669,0.00000,0
4357166,1.7000,1.6267,1.6996,0.00044,-25.84002,27.46669,0.00000,0
4357666,1.7000,1.6144,1.7004,-0.00037,-25.85227,27.46669,0.00000,0
4358166,1.7000,1.6267,1.6996,0.00044,-25.84002,27.46669,0.00000,0
4358666,1.7000,1.6389,1.6988,0.00125,-25.82776,27.46670,0.00000,0
4359166,1.7000,1.6512,1.6979,0.00205,-25.81551,27.46671,0.00000,0
4359666,1.7000,1.7125,1.6939,0.00608,-25.75425,27.46675,0.00000,0
4360166,1.7000,1.7126,1.6939,0.00608,-25.75425,27.46680,0.00000,0
4360666,1.7000,1.6758,1.6963,0.00366,-25.79101,27.46685,0.00000,0
4361166,1.7000,1.6636,1.6971,0.00286,-25.80326,27.46688,0.00000,0
4361666,1.7000,1.6636,1.6971,0.00286,-25.80326,27.46691,0.00000,0
4362166,1.7000,1.6637,1.6971,0.00286,-25.80326,27.46693,0.00000,0
4362666,1.7000,1.6637,1.6971,0.00286,-25.80326,27.46696,0.00000,0
4363166,1.7000,1.6515,1.6979,0.00205,-25.81551,27.46698,0.00000,0
4363666,1.7000,1.6637,1.6971,0.00286,-25.80326,27.46700,0.00000,0
4364166,1.7000,1.6638,1.6971,0.00286,-25.80326,27.46703,0.00000,0
4364666,1.7000,1.7006,1.6947,0.00527,-25.76650,27.46707,0.00000,0
4365166,1.7000,1.7006,1.6947,0.00527,-25.76650,27.46712,0.00000,0
4365666,1.7000,1.7374,1.6923,0.00769,-25.72974,27.46717,0.00000,0
4366166,1.7000,1.7252,1.6931,0.00689,-25.74200,27.46724,0.00000,0
4366666,1.7000,1.7253,1.6931,0.00689,-25.74200,27.46730,0.00000,0
4367166,1.7000,1.7131,1.6939,0.00608,-25.75425,27.46736,0.00000,0
4367666,1.7000,1.7009,1.6947,0.00527,-25.76650,27.46741,0.00000,0
4368166,1.7000,1.7010,1.6947,0.00527,-25.76650,27.46746,0.00000,0
4368666,1.7000,1.7133,1.6939,0.00608,-25.75425,27.46751,0.00000,0
4369223,1.7000,1.7011,1.6947,0.00527,-25.76650,27.46757,0.00000,0
4369723,1.7000,1.7011,1.6947,0.00527,-25.76650,27.46761,0.00000,0
4370223,1.7000,1.6889,1.6955,0.00447,-25.77876,27.46766,0.00000,0
4370723,1.7000,1.6767,1.6963,0.00366,-25.79101,27.46769,0.00000,0
4371223,1.7000,1.7012,1.6947,0.00527,-25.76650,27.46773,0.00000,0
4371723,1.7000,1.7258,1.6931,0.00689,-25.74200,27.46779,0.00000,0
4372223,1.7000,1.7136,1.6939,0.00608,-25.75425,27.46785,0.00000,0
4372723,1.7000,1.7259,1.6931,0.00689,-25.74200,27.46791,0.00000,0
4373223,1.7000,1.7382,1.6923,0.00769,-25.72974,27.46797,0.00000,0
4373727,1.7000,1.7751,1.6899,0.01011,-25.69299,27.46806,0.00000,0
4374227,1.7000,1.7506,1.6915,0.00850,-25.71749,27.46814,0.00000,0
4374727,1.7000,1.7752,1.6899,0.01011,-25.69299,27.46822,0.00000,0
4375227,1.7000,1.7998,1.6883,0.01172,-25.66848,27.46832,0.00000,0
4375727,1.7000,1.8367,1.6859,0.01414,-25.63173,27.46844,0.00000,0
4376227,1.7000,1.8246,1.6867,0.01333,-25.64398,27.46857,0.00000,0
4376727,1.7000,1.8002,1.6883,0.01172,-25.66848,27.46868,0.00000,0
4377227,1.7000,1.8003,1.6883,0.01172,-25.66848,27.46879,0.00000,0
4377727,1.7000,1.8004,1.6883,0.01172,-25.66848,27.46889,0.00000,0
4378227,1.7000,1.8005,1.6883,0.01172,-25.66848,27.46900,0.00000,0
4378727,1.7000,1.7761,1.6899,0.01011,-25.69299,27.46910,0.00000,0
4379227,1.7000,1.7762,1.6899,0.01011,-25.69299,27.46919,0.00000,0
4379727,1.7000,1.7395,1.6923,0.00769,-25.72974,27.46927,0.00000,0
4380227,1.7000,1.7273,1.6931,0.00689,-25.74200,27.46934,0.00000,0
4380727,1.7000,1.6906,1.6955,0.00447,-25.77876,27.46939,0.00000,0
4381227,1.7000,1.6784,1.6963,0.00366,-25.79101,27.46943,0.00000,0
4381727,1.7000,1.6785,1.6963,0.00366,-25.79101,27.46946,0.00000,0
4382227,1.7000,1.6907,1.6955,0.00447,-25.77876,27.46950,0.00000,0
4382727,1.7000,1.6908,1.6955,0.00447,-25.77876,27.46954,0.00000,0
4383227,1.7000,1.6908,1.6955,0.00447,-25.77876,27.46958,0.00000,0
4383727,1.7000,1.6786,1.6963,0.00366,-25.79101,27.46962,0.00000,0
4384227,1.7000,1.6909,1.6955,0.00447,-25.77876,27.46965,0.00000,0
4384727,1.7000,1.6909,1.6955,0.00447,-25.77876,27.46969,0.00000,0
4385227,1.7000,1.7032,1.6947,0.00527,-25.76650,27.46974,0.00000,0
4385727,1.7000,1.6788,1.6963,0.00366,-25.79101,27.46978,0.00000,0
4386227,1.7000,1.6665,1.6971,0.00286,-25.80326,27.46981,0.00000,0
4386727,1.7000,1.6298,1.6996,0.00044,-25.84002,27.46982,0.00000,0
4387227,1.7000,1.6298,1.6996,0.00044,-25.84002,27.46983,0.00000,0
4387727,1.7000,1.6421,1.6988,0.00125,-25.82776,27.46983,0.00000,0
4388227,1.7000,1.6176,1.7004,-0.00037,-25.85227,27.46984,0.00000,0
4388727,1.7000,1.6053,1.7012,-0.00117,-25.86452,27.46983,0.00000,0
4389227,1.7000,1.6176,1.7004,-0.00037,-25.85227,27.46982,0.00000,0
4389727,1.7000,1.6298,1.6996,0.00044,-25.84002,27.46982,0.00000,0
4390227,1.7000,1.6298,1.6996,0.00044,-25.84002,27.46983,0.00000,0
4390727,1.7000,1.6666,1.6971,0.00286,-25.80326,27.46984,0.00000,0
4391227,1.7000,1.6544,1.6979,0.00205,-25.81551,27.46986,0.00000,0
4391727,1.7000,1.6911,1.6955,0.00447,-25.77876,27.46989,0.00000,0
4392227,1.7000,1.7034,1.6947,0.00527,-25.76650,27.46994,0.00000,0
4392727,1.7000,1.7035,1.6947,0.00527,-25.76650,27.46999,0.00000,0
4393227,1.7000,1.7280,1.6931,0.00689,-25.74200,27.47004,0.00000,0
4393727,1.7000,1.7159,1.6939,0.00608,-25.75425,27.47010,0.00000,0
4394227,1.7000,1.7036,1.6947,0.00527,-25.76650,27.47015,0.00000,0
4394727,1.7000,1.6914,1.6955,0.00447,-25.77876,27.47020,0.00000,0
4395227,1.7000,1.6915,1.6955,0.00447,-25.77876,27.47024,0.00000,0
4395727,1.7000,1.6793,1.6963,0.00366,-25.79101,27.47027,0.00000,0
4396227,1.7000,1.7283,1.6931,0.00689,-25.74200,27.47032,0.00000,0
4396727,1.7000,1.7529,1.6915,0.00850,-25.71749,27.47039,0.00000,0
4397227,1.7000,1.7285,1.6931,0.00689,-25.74200,27.47046,0.00000,0
4397727,1.7000,1.7285,1.6931,0.00689,-25.74200,27.47052,0.00000,0
4398227,1.7000,1.7163,1.6939,0.00608,-25.75425,27.47058,0.00000,0
4398727,1.7000,1.6919,1.6955,0.00447,-25.77876,27.47063,0.00000,0
4399227,1.7000,1.6797,1.6963,0.00366,-25.79101,27.47067,0.00000,0
4399727,1.7000,1.6674,1.6971,0.00286,-25.80326,27.47070,0.00000,0
4400227,1.7000,1.6430,1.6988,0.00125,-25.82776,27.47072,0.00000,0
4400727,1.7000,1.6675,1.6971,0.00286,-25.80326,27.47074,0.00000,0
4401227,1.7000,1.6430,1.6988,0.00125,-25.82776,27.47075,0.00000,0
4401727,1.7000,1.6307,1.6996,0.00044,-25.84002,27.47076,0.00000,0
4402227,1.7000,1.6430,1.6988,0.00125,-25.82776,27.47077,0.00000,0
4402727,1.7000,1.6063,1.7012,-0.00117,-25.86452,27.47077,0.00000,0
4403227,1.7000,1.6185,1.7004,-0.00037,-25.85227,27.47076,0.00000,0
4403727,1.7000,1.6185,1.7004,-0.00037,-25.85227,27.47076,0.00000,0
4404227,1.7000,1.6307,1.6996,0.00044,-25.84002,27.47076,0.00000,0
4404727,1.7000,1.6062,1.7012,-0.00117,-25.86452,27.47075,0.00000,0
4405227,1.7000,1.6307,1.6996,0.00044,-25.84002,27.47075,0.00000,0
4405727,1.7000,1.6307,1.6996,0.00044,-25.84002,27.47075,0.00000,0
4406227,1.7000,1.6430,1.6988,0.00125,-25.82776,27.47076,0.00000,0
4406727,1.7000,1.6185,1.7004,-0.00037,-25.85227,27.47077,0.00000,0
4407227,1.7000,1.6308,1.6996,0.00044,-25.84002,27.47077,0.00000,0
4407727,1.7000,1.6553,1.6979,0.00205,-25.81551,27.47078,0.00000,0
4408227,1.7000,1.6675,1.6971,0.00286,-25.80326,27.47080,0.00000,0
4408727,1.7000,1.7043,1.6947,0.00527,-25.76650,27.47084,0.00000,0
4409227,1.7000,1.7044,1.6947,0.00527,-25.76650,27.47088,0.00000,0
4409727,1.7000,1.7289,1.6931,0.00689,-25.74200,27.47094,0.00000,0
4410227,1.7000,1.7290,1.6931,0.00689,-25.74200,27.47100,0.00000,0
4410727,1.7000,1.6800,1.6963,0.00366,-25.79101,27.47105,0.00000,0
4411227,1.7000,1.7046,1.6947,0.00527,-25.76650,27.47109,0.00000,0
4411727,1.7000,1.7169,1.6939,0.00608,-25.75425,27.47114,0.00000,0
4412227,1.7000,1.7047,1.6947,0.00527,-25.76650,27.47119,0.00000,0
4412727,1.7000,1.7170,1.6939,0.00608,-25.75425,27.47124,0.00000,0
4413227,1.7000,1.7538,1.6915,0.00850,-25.71749,27.47131,0.00000,0
4413727,1.7000,1.7294,1.6931,0.00689,-25.74200,27.47138,0.00000,0
4414227,1.7000,1.7417,1.6923,0.00769,-25.72974,27.47145,0.00000,0
4414727,1.7000,1.7540,1.6915,0.00850,-25.71749,27.47152,0.00000,0
4415227,1.7000,1.7664,1.6907,0.00930,-25.70524,27.47161,0.00000,0
4415727,1.7000,1.7787,1.6899,0.01011,-25.69299,27.47169,0.00000,0
4416227,1.7000,1.8156,1.6875,0.01253,-25.65623,27.47180,0.00000,0
4416727,1.7000,1.8034,1.6883,0.01172,-25.66848,27.47191,0.00000,0
4417227,1.7000,1.7913,1.6891,0.01092,-25.68073,27.47201,0.00000,0
4417727,1.7000,1.7914,1.6891,0.01092,-25.68073,27.47211,0.00000,0
4418227,1.7000,1.7302,1.6931,0.00689,-25.74200,27.47219,0.00000,0
4418727,1.7000,1.7180,1.6939,0.00608,-25.75425,27.47225,0.00000,0
4419227,1.7000,1.7303,1.6931,0.00689,-25.74200,27.47231,0.00000,0
4419727,1.7000,1.7059,1.6947,0.00527,-25.76650,27.47236,0.00000,0
4420227,1.7000,1.6937,1.6955,0.00447,-25.77876,27.47241,0.00000,0
4420727,1.7000,1.7059,1.6947,0.00527,-25.76650,27.47245,0.00000,0
4421227,1.7000,1.6815,1.6963,0.00366,-25.79101,27.47249,0.00000,0
4421727,1.7000,1.6815,1.6963,0.00366,-25.79101,27.47253,0.00000,0
4422227,1.7000,1.6938,1.6955,0.00447,-25.77876,27.47256,0.00000,0
4422727,1.7000,1.6938,1.6955,0.00447,-25.77876,27.47260,0.00000,0
4423227,1.7000,1.7307,1.6931,0.00689,-25.74200,27.47265,0.00000,0
4423727,1.7000,1.7552,1.6915,0.00850,-25.71749,27.47272,0.00000,0
4424227,1.7000,1.7553,1.6915,0.00850,-25.71749,27.47280,0.00000,0
4424727,1.7000,1.7554,1.6915,0.00850,-25.71749,27.47288,0.00000,0
4425281,1.7000,1.7555,1.6915,0.00850,-25.71749,27.47296,0.00000,0
4425781,1.7000,1.7310,1.6931,0.00689,-25.74200,27.47303,0.00000,0
4426281,1.7000,1.7679,1.6907,0.00930,-25.70524,27.47310,0.00000,0
4426781,1.7000,1.7557,1.6915,0.00850,-25.71749,27.47319,0.00000,0
4427281,1.7000,1.7680,1.6907,0.00930,-25.70524,27.47327,0.00000,0
4427781,1.7000,1.7804,1.6899,0.01011,-25.69299,27.47336,0.00000,0
4428281,1.7000,1.7682,1.6907,0.00930,-25.70524,27.47344,0.00000,0
4428781,1.7000,1.7683,1.6907,0.00930,-25.70524,27.47353,0.00000,0
4429285,1.7000,1.7439,1.6923,0.00769,-25.72974,27.47361,0.00000,0
4429785,1.7000,1.7562,1.6915,0.00850,-25.71749,27.47368,0.00000,0
4430285,1.7000,1.7685,1.6907,0.00930,-25.70524,27.47376,0.00000,0
4430785,1.7000,1.7686,1.6907,0.00930,-25.70524,27.47385,0.00000,0
4431285,1.7000,1.7564,1.6915,0.00850,-25.71749,27.47393,0.00000,0
4431785,1.7000,1.7565,1.6915,0.00850,-25.71749,27.47401,0.00000,0
4432285,1.7000,1.7443,1.6923,0.00769,-25.72974,27.47408,0.00000,0
4432785,1.7000,1.7199,1.6939,0.00608,-25.75425,27.47414,0.00000,0
4433285,1.7000,1.7077,1.6947,0.00527,-25.76650,27.47420,0.00000,0
4433785,1.7000,1.6832,1.6963,0.00366,-25.79101,27.47424,0.00000,0
4434285,1.7000,1.6833,1.6963,0.00366,-25.79101,27.47427,0.00000,0
4434785,1.7000,1.7078,1.6947,0.00527,-25.76650,27.47431,0.00000,0
4435285,1.7000,1.6956,1.6955,0.00447,-25.77876,27.47435,0.00000,0
4435785,1.7000,1.6834,1.6963,0.00366,-25.79101,27.47439,0.00000,0
4436285,1.7000,1.6344,1.6996,0.00044,-25.84002,27.47441,0.00000,0
4436785,1.7000,1.6467,1.6988,0.00125,-25.82776,27.47442,0.00000,0
4437285,1.7000,1.6712,1.6971,0.00286,-25.80326,27.47444,0.00000,0
4437785,1.7000,1.6712,1.6971,0.00286,-25.80326,27.47446,0.00000,0
4438285,1.7000,1.6712,1.6971,0.00286,-25.80326,27.47449,0.00000,0
4438785,1.7000,1.7080,1.6947,0.00527,-25.76650,27.47453,0.00000,0
4439285,1.7000,1.7081,1.6947,0.00527,-25.76650,27.47457,0.00000,0
4439785,1.7000,1.6714,1.6971,0.00286,-25.80326,27.47461,0.00000,0
4440285,1.7000,1.6959,1.6955,0.00447,-25.77876,27.47464,0.00000,0
4440785,1.7000,1.6959,1.6955,0.00447,-25.77876,27.47468,0.00000,0
4441285,1.7000,1.7082,1.6947,0.00527,-25.76650,27.47473,0.00000,0
4441785,1.7000,1.7205,1.6939,0.00608,-25.75425,27.47478,0.00000,0
4442285,1.7000,1.6961,1.6955,0.00447,-25.77876,27.47483,0.00000,0
4442843,1.7000,1.6961,1.6955,0.00447,-25.77876,27.47487,0.00000,0
4443343,1.7000,1.6962,1.6955,0.00447,-25.77876,27.47491,0.00000,0
4443843,1.7000,1.6839,1.6963,0.00366,-25.79101,27.47494,0.00000,0
4444343,1.7000,1.7085,1.6947,0.00527,-25.76650,27.47498,0.00000,0
4444843,1.7000,1.6963,1.6955,0.00447,-25.77876,27.47503,0.00000,0
4445343,1.7000,1.6841,1.6963,0.00366,-25.79101,27.47506,0.00000,0
4445843,1.7000,1.6963,1.6955,0.00447,-25.77876,27.47510,0.00000,0
4446343,1.7000,1.6964,1.6955,0.00447,-25.77876,27.47514,0.00000,0
4446843,1.7000,1.6842,1.6963,0.00366,-25.79101,27.47518,0.00000,0
4447343,1.7000,1.6842,1.6963,0.00366,-25.79101,27.47521,0.00000,0
4447843,1.7000,1.6720,1.6971,0.00286,-25.80326,27.47524,0.00000,0
4448343,1.7000,1.6843,1.6963,0.00366,-25.79101,27.47527,0.00000,0
4448843,1.7000,1.6966,1.6955,0.00447,-25.77876,27.47531,0.00000,0
4449343,1.7000,1.6843,1.6963,0.00366,-25.79101,27.47534,0.00000,0
4449843,1.7000,1.6844,1.6963,0.00366,-25.79101,27.47538,0.00000,0
4450343,1.7000,1.6599,1.6979,0.00205,-25.81551,27.47540,0.00000,0
4450843,1.7000,1.6354,1.6996,0.00044,-25.84002,27.47542,0.00000,0
4451343,1.7000,1.6599,1.6979,0.00205,-25.81551,27.47543,0.00000,0
4451843,1.7000,1.6599,1.6979,0.00205,-25.81551,27.47545,0.00000,0
4452343,1.7000,1.6477,1.6988,0.00125,-25.82776,27.47546,0.00000,0
4452843,1.7000,1.6355,1.6996,0.00044,-25.84002,27.47547,0.00000,0
4453343,1.7000,1.6109,1.7012,-0.00117,-25.86452,27.47547,0.00000,0
4453843,1.7000,1.6109,1.7012,-0.00117,-25.86452,27.47545,0.00000,0
4454343,1.7000,1.5987,1.7020,-0.00198,-25.87677,27.47544,0.00000,0
4454843,1.7000,1.6109,1.7012,-0.00117,-25.86452,27.47542,0.00000,0
4455343,1.7000,1.5986,1.7020,-0.00198,-25.87677,27.47541,0.00000,0
4455843,1.7000,1.5986,1.7020,-0.00198,-25.87677,27.47539,0.00000,0
4456343,1.7000,1.5986,1.7020,-0.00198,-25.87677,27.47537,0.00000,0
4456843,1.7000,1.5863,1.7028,-0.00278,-25.88902,27.47535,0.00000,0
4457343,1.7000,1.5863,1.7028,-0.00278,-25.88902,27.47533,0.00000,0
4457843,1.7000,1.5740,1.7036,-0.00359,-25.90128,27.47530,0.00000,0
4458343,1.7000,1.6108,1.7012,-0.00117,-25.86452,27.47528,0.00000,0
4458843,1.7000,1.5862,1.7028,-0.00278,-25.88902,27.47526,0.00000,0
4459343,1.7000,1.5862,1.7028,-0.00278,-25.88902,27.47524,0.00000,0
4459843,1.7000,1.5739,1.7036,-0.00359,-25.90128,27.47521,0.00000,0
4460343,1.7000,1.6352,1.6996,0.00044,-25.84002,27.47519,0.00000,0
4460843,1.7000,1.6352,1.6996,0.00044,-25.84002,27.47520,0.00000,0
4461343,1.7000,1.6107,1.7012,-0.00117,-25.86452,27.47519,0.00000,0
4461843,1.7000,1.6352,1.6996,0.00044,-25.84002,27.47519,0.00000,0
4462343,1.7000,1.6474,1.6988,0.00125,-25.82776,27.47520,0.00000,0
4462843,1.7000,1.6474,1.6988,0.00125,-25.82776,27.47521,0.00000,0
4463343,1.7000,1.6229,1.7004,-0.00037,-25.85227,27.47521,0.00000,0
4463843,1.7000,1.6352,1.6996,0.00044,-25.84002,27.47521,0.00000,0
4464343,1.7000,1.6352,1.6996,0.00044,-25.84002,27.47522,0.00000,0
4464843,1.7000,1.6352,1.6996,0.00044,-25.84002,27.47522,0.00000,0
4465343,1.7000,1.6107,1.7012,-0.00117,-25.86452,27.47522,0.00000,0
4465843,1.7000,1.5984,1.7020,-0.00198,-25.87677,27.47520,0.00000,0
4466343,1.7000,1.5984,1.7020,-0.00198,-25.87677,27.47518,0.00000,0
4466843,1.7000,1.5984,1.7020,-0.00198,-25.87677,27.47517,0.00000,0
4467343,1.7000,1.5984,1.7020,-0.00198,-25.87677,27.47515,0.00000,0
4467843,1.7000,1.5861,1.7028,-0.00278,-25.88902,27.47513,0.00000,0
4468343,1.7000,1.6106,1.7012,-0.00117,-25.86452,27.47511,0.00000,0
4468843,1.7000,1.5738,1.7036,-0.00359,-25.90128,27.47509,0.00000,0
4469343,1.7000,1.5738,1.7036,-0.00359,-25.90128,27.47506,0.00000,0
4469843,1.7000,1.5737,1.7036,-0.00359,-25.90128,27.47503,0.00000,0
4470343,1.7000,1.5860,1.7028,-0.00278,-25.88902,27.47500,0.00000,0
4470843,1.7000,1.5859,1.7028,-0.00278,-25.88902,27.47497,0.00000,0
4471343,1.7000,1.5982,1.7020,-0.00198,-25.87677,27.47495,0.00000,0
4471843,1.7000,1.5859,1.7028,-0.00278,-25.88902,27.47493,0.00000,0
4472343,1.7000,1.5981,1.7020,-0.00198,-25.87677,27.47491,0.00000,0
4472843,1.7000,1.6226,1.7004,-0.00037,-25.85227,27.47490,0.00000,0
4473343,1.7000,1.6226,1.7004,-0.00037,-25.85227,27.47489,0.00000,0
4473843,1.7000,1.6471,1.6988,0.00125,-25.82776,27.47490,0.00000,0
4474343,1.7000,1.6717,1.6971,0.00286,-25.80326,27.47492,0.00000,0
4474843,1.7000,1.6839,1.6963,0.00366,-25.79101,27.47495,0.00000,0
4475343,1.7000,1.6104,1.7012,-0.00117,-25.86452,27.47496,0.00000,0
4475843,1.7000,1.6104,1.7012,-0.00117,-25.86452,27.47495,0.00000,0
4476343,1.7000,1.6472,1.6988,0.00125,-25.82776,27.47495,0.00000,0
4476843,1.7000,1.6349,1.6996,0.00044,-25.84002,27.47495,0.00000,0
4477343,1.7000,1.6349,1.6996,0.00044,-25.84002,27.47496,0.00000,0
4477843,1.7000,1.6349,1.6996,0.00044,-25.84002,27.47496,0.00000,0
4478343,1.7000,1.6472,1.6988,0.00125,-25.82776,27.47497,0.00000,0
4478853,1.7000,1.6227,1.7004,-0.00037,-25.85227,27.47497,0.00000,0
4479353,1.7000,1.5859,1.7028,-0.00278,-25.88902,27.47496,0.00000,0
4479853,1.7000,1.5859,1.7028,-0.00278,-25.88902,27.47493,0.00000,0
4480353,1.7000,1.6472,1.6988,0.00125,-25.82776,27.47493,0.00000,0
4480853,1.7000,1.6594,1.6979,0.00205,-25.81551,27.47494,0.00000,0
4481353,1.7000,1.6349,1.6996,0.00044,-25.84002,27.47495,0.00000,0
4482011,1.7000,1.6595,1.6979,0.00205,-25.81551,27.47496,0.00000,0
4482511,1.7000,1.6350,1.6996,0.00044,-25.84002,27.47498,0.00000,0
4483011,1.7000,1.6472,1.6988,0.00125,-25.82776,27.47498,0.00000,0
4483511,1.7000,1.6227,1.7004,-0.00037,-25.85227,27.47499,0.00000,0
4484011,1.7000,1.6472,1.6988,0.00125,-25.82776,27.47499,0.00000,0
4484511,1.7000,1.6595,1.6979,0.00205,-25.81551,27.47501,0.00000,0
4485011,1.7000,1.6350,1.6996,0.00044,-25.84002,27.47502,0.00000,0
4485511,1.7000,1.6350,1.6996,0.00044,-25.84002,27.47502,0.00000,0
4486011,1.7000,1.6228,1.7004,-0.00037,-25.85227,27.47502,0.00000,0
4486511,1.7000,1.6350,1.6996,0.00044,-25.84002,27.47502,0.00000,0
4487011,1.7000,1.6105,1.7012,-0.00117,-25.86452,27.47502,0.00000,0
4487511,1.7000,1.6350,1.6996,0.00044,-25.84002,27.47501,0.00000,0
4488071,1.7000,1.6227,1.7004,-0.00037,-25.85227,27.47501,0.00000,0
4488571,1.7000,1.6350,1.6996,0.00044,-25.84002,27.47501,0.00000,0
4489071,1.7000,1.5860,1.7028,-0.00278,-25.88902,27.47500,0.00000,0
4489571,1.7000,1.5982,1.7020,-0.00198,-25.87677,27.47498,0.00000,0
4490071,1.7000,1.6472,1.6988,0.00125,-25.82776,27.47498,0.00000,0
4490625,1.7000,1.6350,1.6996,0.00044,-25.84002,27.47499,0.00000,0
4491233,1.7000,1.6472,1.6988,0.00125,-25.82776,27.47499,0.00000,0
4491733,1.7000,1.6227,1.7004,-0.00037,-25.85227,27.47500,0.00000,0
4492241,1.7000,1.6472,1.6988,0.00125,-25.82776,27.47500,0.00000,0
4492794,1.7000,1.6227,1.7004,-0.00037,-25.85227,27.47500,0.00000,0
4493294,1.7000,1.6350,1.6996,0.00044,-25.84002,27.47500,0.00000,0
4493794,1.7000,1.6472,1.6988,0.00125,-25.82776,27.47501,0.00000,0
4494505,1.7000,1.7085,1.6947,0.00527,-25.76650,27.47504,0.00000,0
4495005,1.7000,1.7086,1.6947,0.00527,-25.76650,27.47509,0.00000,0
4495505,1.7000,1.6841,1.6963,0.00366,-25.79101,27.47513,0.00000,0
4496110,1.7000,1.6842,1.6963,0.00366,-25.79101,27.47516,0.00000,0
4496610,1.7000,1.6842,1.6963,0.00366,-25.79101,27.47520,0.00000,0
4497110,1.7000,1.6720,1.6971,0.00286,-25.80326,27.47523,0.00000,0
4497610,1.7000,1.6475,1.6988,0.00125,-25.82776,27.47525,0.00000,0
4498269,1.7000,1.6475,1.6988,0.00125,-25.82776,27.47526,0.00000,0
4498769,1.7000,1.6107,1.7012,-0.00117,-25.86452,27.47526,0.00000,0
4499324,1.7000,1.5985,1.7020,-0.00198,-25.87677,27.47524,0.00000,0
4499824,1.7000,1.5494,1.7052,-0.00520,-25.92578,27.47521,0.00000,0
4500582,1.7000,1.5494,1.7052,-0.00520,-25.92578,27.47516,0.00000,0
4501082,1.7000,1.5493,1.7052,-0.00520,-25.92578,27.47512,0.00000,0
4501582,1.7000,1.5738,1.7036,-0.00359,-25.90128,27.47508,0.00000,0
4502082,1.7000,1.5738,1.7036,-0.00359,-25.90128,27.47504,0.00000,0
4502593,1.7000,1.5615,1.7044,-0.00440,-25.91353,27.47501,0.00000,0
4503093,1.7000,1.5860,1.7028,-0.00278,-25.88902,27.47498,0.00000,0
4503593,1.7000,1.5982,1.7020,-0.00198,-25.87677,27.47495,0.00000,0
4504351,1.7000,1.6104,1.7012,-0.00117,-25.86452,27.47494,0.00000,0
4504851,1.7000,1.5982,1.7020,-0.00198,-25.87677,27.47492,0.00000,0
4505351,1.7000,1.6226,1.7004,-0.00037,-25.85227,27.47491,0.00000,0
4505851,1.7000,1.5859,1.7028,-0.00278,-25.88902,27.47490,0.00000,0
4506351,1.7000,1.6104,1.7012,-0.00117,-25.86452,27.47488,0.00000,0
4506863,1.7000,1.5736,1.7036,-0.00359,-25.90128,27.47486,0.00000,0
4507363,1.7000,1.5613,1.7044,-0.00440,-25.91353,27.47482,0.00000,0
4507863,1.7000,1.5735,1.7036,-0.00359,-25.90128,27.47479,0.00000,0
4508363,1.7000,1.5735,1.7036,-0.00359,-25.90128,27.47475,0.00000,0
4508863,1.7000,1.5734,1.7036,-0.00359,-25.90128,27.47472,0.00000,0
4509363,1.7000,1.5979,1.7020,-0.00198,-25.87677,27.47470,0.00000,0
4509863,1.7000,1.6347,1.6996,0.00044,-25.84002,27.47469,0.00000,0
4510363,1.7000,1.6469,1.6988,0.00125,-25.82776,27.47470,0.00000,0
4510863,1.7000,1.6592,1.6979,0.00205,-25.81551,27.47471,0.00000,0
4511377,1.7000,1.6592,1.6979,0.00205,-25.81551,27.47473,0.00000,0
4511877,1.7000,1.6838,1.6963,0.00366,-25.79101,27.47476,0.00000,0
4512377,1.7000,1.6838,1.6963,0.00366,-25.79101,27.47479,0.00000,0
4512877,1.7000,1.6838,1.6963,0.00366,-25.79101,27.47483,0.00000,0
4513377,1.7000,1.6716,1.6971,0.00286,-25.80326,27.47486,0.00000,0
4513877,1.7000,1.6716,1.6971,0.00286,-25.80326,27.47488,0.00000,0
4514377,1.7000,1.6349,1.6996,0.00044,-25.84002,27.47490,0.00000,0
4514877,1.7000,1.5981,1.7020,-0.00198,-25.87677,27.47489,0.00000,0
4515393,1.7000,1.6104,1.7012,-0.00117,-25.86452,27.47488,0.00000,0
4515903,1.7000,1.6226,1.7004,-0.00037,-25.85227,27.47487,0.00000,0
4516403,1.7000,1.6349,1.6996,0.00044,-25.84002,27.47487,0.00000,0
4516961,1.7000,1.6226,1.7004,-0.00037,-25.85227,27.47487,0.00000,0
4517461,1.7000,1.6226,1.7004,-0.00037,-25.85227,27.47486,0.00000,0
4517970,1.7000,1.6348,1.6996,0.00044,-25.84002,27.47486,0.00000,0
4518470,1.7000,1.6349,1.6996,0.00044,-25.84002,27.47487,0.00000,0
4518970,1.7000,1.6103,1.7012,-0.00117,-25.86452,27.47486,0.00000,0
4519470,1.7000,1.6348,1.6996,0.00044,-25.84002,27.47486,0.00000,0
4520035,1.7000,1.6594,1.6979,0.00205,-25.81551,27.47487,0.00000,0
4520535,1.7000,1.6471,1.6988,0.00125,-25.82776,27.47489,0.00000,0
4521035,1.7000,1.6471,1.6988,0.00125,-25.82776,27.47490,0.00000,0
4521535,1.7000,1.6226,1.7004,-0.00037,-25.85227,27.47490,0.00000,0
4522035,1.7000,1.6471,1.6988,0.00125,-25.82776,27.47491,0.00000,0
4522535,1.7000,1.6349,1.6996,0.00044,-25.84002,27.47491,0.00000,0
4523035,1.7000,1.6104,1.7012,-0.00117,-25.86452,27.47491,0.00000,0
4523796,1.7000,1.6104,1.7012,-0.00117,-25.86452,27.47490,0.00000,0
4524296,1.7000,1.5981,1.7020,-0.00198,-25.87677,27.47488,0.00000,0
4524796,1.7000,1.5613,1.7044,-0.00440,-25.91353,27.47486,0.00000,0
4525310,1.7000,1.5858,1.7028,-0.00278,-25.88902,27.47482,0.00000,0
4525810,1.7000,1.5858,1.7028,-0.00278,-25.88902,27.47480,0.00000,0
4526310,1.7000,1.5735,1.7036,-0.00359,-25.90128,27.47477,0.00000,0
4526810,1.7000,1.5735,1.7036,-0.00359,-25.90128,27.47474,0.00000,0
4527364,1.7000,1.5367,1.7060,-0.00601,-25.93803,27.47469,0.00000,0
4527872,1.7000,1.6101,1.7012,-0.00117,-25.86452,27.47466,0.00000,0
4528372,1.7000,1.6346,1.6996,0.00044,-25.84002,27.47466,0.00000,0
4528872,1.7000,1.6592,1.6979,0.00205,-25.81551,27.47467,0.00000,0
4529372,1.7000,1.6714,1.6971,0.00286,-25.80326,27.47469,0.00000,0
4529872,1.7000,1.6837,1.6963,0.00366,-25.79101,27.47472,0.00000,0
4530372,1.7000,1.6960,1.6955,0.00447,-25.77876,27.47476,0.00000,0
4530984,1.7000,1.6960,1.6955,0.00447,-25.77876,27.47480,0.00000,0
4531484,1.7000,1.6838,1.6963,0.00366,-25.79101,27.47483,0.00000,0
4531984,1.7000,1.7084,1.6947,0.00527,-25.76650,27.47487,0.00000,0
4532484,1.7000,1.7084,1.6947,0.00527,-25.76650,27.47492,0.00000,0
4532984,1.7000,1.6594,1.6979,0.00205,-25.81551,27.47496,0.00000,0
4533484,1.7000,1.6350,1.6996,0.00044,-25.84002,27.47497,0.00000,0
4533984,1.7000,1.6350,1.6996,0.00044,-25.84002,27.47497,0.00000,0
4534544,1.7000,1.6350,1.6996,0.00044,-25.84002,27.47498,0.00000,0
4535044,1.7000,1.6105,1.7012,-0.00117,-25.86452,27.47497,0.00000,0
4535544,1.7000,1.5614,1.7044,-0.00440,-25.91353,27.47495,0.00000,0
4536044,1.7000,1.5981,1.7020,-0.00198,-25.87677,27.47492,0.00000,0
4536544,1.7000,1.5859,1.7028,-0.00278,-25.88902,27.47490,0.00000,0
4537044,1.7000,1.5613,1.7044,-0.00440,-25.91353,27.47486,0.00000,0
4537544,1.7000,1.5736,1.7036,-0.00359,-25.90128,27.47483,0.00000,0
4538044,1.7000,1.5858,1.7028,-0.00278,-25.88902,27.47480,0.00000,0
4538544,1.7000,1.5735,1.7036,-0.00359,-25.90128,27.47477,0.00000,0
4539044,1.7000,1.5735,1.7036,-0.00359,-25.90128,27.47474,0.00000,0
4539544,1.7000,1.5979,1.7020,-0.00198,-25.87677,27.47471,0.00000,0
4540044,1.7000,1.6347,1.6996,0.00044,-25.84002,27.47471,0.00000,0
4540544,1.7000,1.6592,1.6979,0.00205,-25.81551,27.47472,0.00000,0
4541044,1.7000,1.6347,1.6996,0.00044,-25.84002,27.47473,0.00000,0
4541544,1.7000,1.6470,1.6988,0.00125,-25.82776,27.47474,0.00000,0
4542044,1.7000,1.6470,1.6988,0.00125,-25.82776,27.47475,0.00000,0
4542544,1.7000,1.6593,1.6979,0.00205,-25.81551,27.47476,0.00000,0
4543110,1.7000,1.6470,1.6988,0.00125,-25.82776,27.47478,0.00000,0
4543610,1.7000,1.6715,1.6971,0.00286,-25.80326,27.47480,0.00000,0
4544125,1.7000,1.6716,1.6971,0.00286,-25.80326,27.47482,0.00000,0
4544625,1.7000,1.6593,1.6979,0.00205,-25.81551,27.47485,0.00000,0
4545125,1.7000,1.6348,1.6996,0.00044,-25.84002,27.47486,0.00000,0
4600445,1.7000,1.6226,1.7004,-0.00037,-25.85227,27.47486,0.00000,0
4600951,1.7000,1.5981,1.7020,-0.00198,-25.87677,27.47485,0.00000,0
4601451,1.7000,1.6226,1.7004,-0.00037,-25.85227,27.47484,0.00000,0
4601951,1.7000,1.6103,1.7012,-0.00117,-25.86452,27.47483,0.00000,0
4602451,1.7000,1.5735,1.7036,-0.00359,-25.90128,27.47481,0.00000,0
4602951,1.7000,1.5980,1.7020,-0.00198,-25.87677,27.47478,0.00000,0
4603451,1.7000,1.6102,1.7012,-0.00117,-25.86452,27.47477,0.00000,0
4603951,1.7000,1.6225,1.7004,-0.00037,-25.85227,27.47476,0.00000,0
4604451,1.7000,1.6470,1.6988,0.00125,-25.82776,27.47476,0.00000,0
4604951,1.7000,1.6470,1.6988,0.00125,-25.82776,27.47478,0.00000,0
4605451,1.7000,1.6470,1.6988,0.00125,-25.82776,27.47479,0.00000,0
4605951,1.7000,1.6593,1.6979,0.00205,-25.81551,27.47480,0.00000,0
4606451,1.7000,1.6471,1.6988,0.00125,-25.82776,27.47482,0.00000,0
4607029,1.7000,1.6471,1.6988,0.00125,-25.82776,27.47483,0.00000,0
4607529,1.7000,1.6471,1.6988,0.00125,-25.82776,27.47484,0.00000,0
4608029,1.7000,1.6348,1.6996,0.00044,-25.84002,27.47485,0.00000,0
4608529,1.7000,1.6226,1.7004,-0.00037,-25.85227,27.47485,0.00000,0
4609132,1.7000,1.6103,1.7012,-0.00117,-25.86452,27.47484,0.00000,0
4609632,1.7000,1.6103,1.7012,-0.00117,-25.86452,27.47483,0.00000,0
4610132,1.7000,1.6226,1.7004,-0.00037,-25.85227,27.47482,0.00000,0
4610632,1.7000,1.6225,1.7004,-0.00037,-25.85227,27.47482,0.00000,0
4611132,1.7000,1.6348,1.6996,0.00044,-25.84002,27.47482,0.00000,0
4611632,1.7000,1.6471,1.6988,0.00125,-25.82776,27.47482,0.00000,0
4612135,1.7000,1.6716,1.6971,0.00286,-25.80326,27.47484,0.00000,0
4612635,1.7000,1.6961,1.6955,0.00447,-25.77876,27.47488,0.00000,0
4613135,1.7000,1.6839,1.6963,0.00366,-25.79101,27.47491,0.00000,0
4613635,1.7000,1.6594,1.6979,0.00205,-25.81551,27.47494,0.00000,0
4614135,1.7000,1.6472,1.6988,0.00125,-25.82776,27.47496,0.00000,0
4614694,1.7000,1.6349,1.6996,0.00044,-25.84002,27.47496,0.00000,0
4615194,1.7000,1.6350,1.6996,0.00044,-25.84002,27.47497,0.00000,0
4615694,1.7000,1.6350,1.6996,0.00044,-25.84002,27.47497,0.00000,0
4616194,1.7000,1.6350,1.6996,0.00044,-25.84002,27.47498,0.00000,0
4616702,1.7000,1.6227,1.7004,-0.00037,-25.85227,27.47498,0.00000,0
4617202,1.7000,1.6227,1.7004,-0.00037,-25.85227,27.47497,0.00000,0
4617702,1.7000,1.6104,1.7012,-0.00117,-25.86452,27.47496,0.00000,0
4618202,1.7000,1.5982,1.7020,-0.00198,-25.87677,27.47495,0.00000,0
4618702,1.7000,1.6472,1.6988,0.00125,-25.82776,27.47495,0.00000,0
4619202,1.7000,1.7085,1.6947,0.00527,-25.76650,27.47498,0.00000,0
4619711,1.7000,1.7085,1.6947,0.00527,-25.76650,27.47502,0.00000,0
4620211,1.7000,1.7086,1.6947,0.00527,-25.76650,27.47507,0.00000,0
4620711,1.7000,1.6964,1.6955,0.00447,-25.77876,27.47511,0.00000,0
4621224,1.7000,1.6964,1.6955,0.00447,-25.77876,27.47515,0.00000,0
4621724,1.7000,1.6964,1.6955,0.00447,-25.77876,27.47519,0.00000,0
4622224,1.7000,1.6597,1.6979,0.00205,-25.81551,27.47523,0.00000,0
4622724,1.7000,1.6475,1.6988,0.00125,-25.82776,27.47524,0.00000,0
4623224,1.7000,1.6230,1.7004,-0.00037,-25.85227,27.47524,0.00000,0
4623724,1.7000,1.6107,1.7012,-0.00117,-25.86452,27.47524,0.00000,0
4624224,1.7000,1.5617,1.7044,-0.00440,-25.91353,27.47521,0.00000,0
4624724,1.7000,1.5494,1.7052,-0.00520,-25.92578,27.47517,0.00000,0
4625224,1.7000,1.5493,1.7052,-0.00520,-25.92578,27.47512,0.00000,0
4625724,1.7000,1.5493,1.7052,-0.00520,-25.92578,27.47507,0.00000,0
4626479,1.7000,1.5738,1.7036,-0.00359,-25.90128,27.47503,0.00000,0
4626979,1.7000,1.5982,1.7020,-0.00198,-25.87677,27.47501,0.00000,0
4627479,1.7000,1.6472,1.6988,0.00125,-25.82776,27.47500,0.00000,0
4627979,1.7000,1.6595,1.6979,0.00205,-25.81551,27.47502,0.00000,0
4628492,1.7000,1.6718,1.6971,0.00286,-25.80326,27.47504,0.00000,0
4629045,1.7000,1.6718,1.6971,0.00286,-25.80326,27.47507,0.00000,0
4629545,1.7000,1.6718,1.6971,0.00286,-25.80326,27.47510,0.00000,0
4630045,1.7000,1.6474,1.6988,0.00125,-25.82776,27.47511,0.00000,0
4630545,1.7000,1.6474,1.6988,0.00125,-25.82776,27.47513,0.00000,0
4631045,1.7000,1.6596,1.6979,0.00205,-25.81551,27.47514,0.00000,0
4631545,1.7000,1.6474,1.6988,0.00125,-25.82776,27.47516,0.00000,0
4632045,1.7000,1.6351,1.6996,0.00044,-25.84002,27.47516,0.00000,0
4632550,1.7000,1.5984,1.7020,-0.00198,-25.87677,27.47516,0.00000,0
4633050,1.7000,1.5861,1.7028,-0.00278,-25.88902,27.47514,0.00000,0
4633550,1.7000,1.6106,1.7012,-0.00117,-25.86452,27.47512,0.00000,0
4634050,1.7000,1.5861,1.7028,-0.00278,-25.88902,27.47510,0.00000,0
4634550,1.7000,1.5983,1.7020,-0.00198,-25.87677,27.47508,0.00000,0
4635050,1.7000,1.6105,1.7012,-0.00117,-25.86452,27.47507,0.00000,0
4635550,1.7000,1.6105,1.7012,-0.00117,-25.86452,27.47505,0.00000,0
4636050,1.7000,1.6105,1.7012,-0.00117,-25.86452,27.47504,0.00000,0
4636550,1.7000,1.6105,1.7012,-0.00117,-25.86452,27.47503,0.00000,0
4637050,1.7000,1.5982,1.7020,-0.00198,-25.87677,27.47502,0.00000,0
4637550,1.7000,1.6105,1.7012,-0.00117,-25.86452,27.47500,0.00000,0
4638050,1.7000,1.6105,1.7012,-0.00117,-25.86452,27.47499,0.00000,0
4638550,1.7000,1.5859,1.7028,-0.00278,-25.88902,27.47497,0.00000,0
4639050,1.7000,1.5982,1.7020,-0.00198,-25.87677,27.47495,0.00000,0
4639550,1.7000,1.5982,1.7020,-0.00198,-25.87677,27.47493,0.00000,0
4640050,1.7000,1.6104,1.7012,-0.00117,-25.86452,27.47492,0.00000,0
4640550,1.7000,1.6104,1.7012,-0.00117,-25.86452,27.47491,0.00000,0
4641050,1.7000,1.5981,1.7020,-0.00198,-25.87677,27.47489,0.00000,0
4641550,1.7000,1.6104,1.7012,-0.00117,-25.86452,27.47488,0.00000,0
4642050,1.7000,1.6349,1.6996,0.00044,-25.84002,27.47487,0.00000,0
4642561,1.7000,1.6226,1.7004,-0.00037,-25.85227,27.47487,0.00000,0
4643061,1.7000,1.6594,1.6979,0.00205,-25.81551,27.47488,0.00000,0
4643561,1.7000,1.6594,1.6979,0.00205,-25.81551,27.47490,0.00000,0
4644061,1.7000,1.6594,1.6979,0.00205,-25.81551,27.47492,0.00000,0
4644561,1.7000,1.6594,1.6979,0.00205,-25.81551,27.47494,0.00000,0
4645061,1.7000,1.6104,1.7012,-0.00117,-25.86452,27.47494,0.00000,0
4645561,1.7000,1.6104,1.7012,-0.00117,-25.86452,27.47493,0.00000,0
4646061,1.7000,1.6104,1.7012,-0.00117,-25.86452,27.47492,0.00000,0
4646561,1.7000,1.6472,1.6988,0.00125,-25.82776,27.47492,0.00000,0
4647116,1.7000,1.6594,1.6979,0.00205,-25.81551,27.47493,0.00000,0
4647616,1.7000,1.6594,1.6979,0.00205,-25.81551,27.47495,0.00000,0
4648116,1.7000,1.6227,1.7004,-0.00037,-25.85227,27.47496,0.00000,0
4648616,1.7000,1.6595,1.6979,0.00205,-25.81551,27.47497,0.00000,0
4649273,1.7000,1.6840,1.6963,0.00366,-25.79101,27.47499,0.00000,0
4649773,1.7000,1.6963,1.6955,0.00447,-25.77876,27.47503,0.00000,0
4650273,1.7000,1.7331,1.6931,0.00689,-25.74200,27.47508,0.00000,0
4650773,1.7000,1.7331,1.6931,0.00689,-25.74200,27.47515,0.00000,0
4651344,1.7000,1.7332,1.6931,0.00689,-25.74200,27.47521,0.00000,0
4651844,1.7000,1.6965,1.6955,0.00447,-25.77876,27.47526,0.00000,0
4652344,1.7000,1.6843,1.6963,0.00366,-25.79101,27.47530,0.00000,0
4652844,1.7000,1.6843,1.6963,0.00366,-25.79101,27.47533,0.00000,0
4653344,1.7000,1.6598,1.6979,0.00205,-25.81551,27.47536,0.00000,0
4653844,1.7000,1.6354,1.6996,0.00044,-25.84002,27.47537,0.00000,0
4654344,1.7000,1.5986,1.7020,-0.00198,-25.87677,27.47536,0.00000,0
4654844,1.7000,1.6108,1.7012,-0.00117,-25.86452,27.47535,0.00000,0
4655550,1.7000,1.6108,1.7012,-0.00117,-25.86452,27.47533,0.00000,0
4656050,1.7000,1.6108,1.7012,-0.00117,-25.86452,27.47532,0.00000,0
4656550,1.7000,1.6230,1.7004,-0.00037,-25.85227,27.47532,0.00000,0
4657050,1.7000,1.5985,1.7020,-0.00198,-25.87677,27.47530,0.00000,0
4657550,1.7000,1.6230,1.7004,-0.00037,-25.85227,27.47529,0.00000,0
4658050,1.7000,1.6353,1.6996,0.00044,-25.84002,27.47529,0.00000,0
4658567,1.7000,1.6598,1.6979,0.00205,-25.81551,27.47530,0.00000,0
4659120,1.7000,1.6598,1.6979,0.00205,-25.81551,27.47532,0.00000,0
4659620,1.7000,1.6598,1.6979,0.00205,-25.81551,27.47534,0.00000,0
4660120,1.7000,1.6721,1.6971,0.00286,-25.80326,27.47536,0.00000,0
4660620,1.7000,1.6844,1.6963,0.00366,-25.79101,27.47540,0.00000,0
4661176,1.7000,1.7089,1.6947,0.00527,-25.76650,27.47544,0.00000,0
4661836,1.7000,1.6967,1.6955,0.00447,-25.77876,27.47548,0.00000,0
4662336,1.7000,1.6723,1.6971,0.00286,-25.80326,27.47551,0.00000,0
4662836,1.7000,1.6723,1.6971,0.00286,-25.80326,27.47554,0.00000,0
4663346,1.7000,1.6723,1.6971,0.00286,-25.80326,27.47557,0.00000,0
4663846,1.7000,1.6846,1.6963,0.00366,-25.79101,27.47560,0.00000,0
4664346,1.7000,1.6846,1.6963,0.00366,-25.79101,27.47563,0.00000,0
4664953,1.7000,1.7337,1.6931,0.00689,-25.74200,27.47568,0.00000,0
4665507,1.7000,1.7092,1.6947,0.00527,-25.76650,27.47573,0.00000,0
4666007,1.7000,1.6603,1.6979,0.00205,-25.81551,27.47577,0.00000,0
4666617,1.7000,1.6235,1.7004,-0.00037,-25.85227,27.47578,0.00000,0
4667117,1.7000,1.6235,1.7004,-0.00037,-25.85227,27.47577,0.00000,0
4667875,1.7000,1.6480,1.6988,0.00125,-25.82776,27.47578,0.00000,0
4668375,1.7000,1.6480,1.6988,0.00125,-25.82776,27.47579,0.00000,0
4668982,1.7000,1.6603,1.6979,0.00205,-25.81551,27.47580,0.00000,0
4669835,1.7000,1.6481,1.6988,0.00125,-25.82776,27.47582,0.00000,0
4670390,1.7000,1.6481,1.6988,0.00125,-25.82776,27.47583,0.00000,0
4670890,1.7000,1.5500,1.7052,-0.00520,-25.92578,27.47581,0.00000,0
4671654,1.7000,1.5500,1.7052,-0.00520,-25.92578,27.47577,0.00000,0
4672612,1.7000,1.5744,1.7036,-0.00359,-25.90128,27.47573,0.00000,0
4673112,1.7000,1.6112,1.7012,-0.00117,-25.86452,27.47570,0.00000,0
4673612,1.7000,1.5989,1.7020,-0.00198,-25.87677,27.47569,0.00000,0
4674221,1.7000,1.6112,1.7012,-0.00117,-25.86452,27.47567,0.00000,0
4674729,1.7000,1.5866,1.7028,-0.00278,-25.88902,27.47566,0.00000,0
4675229,1.7000,1.5866,1.7028,-0.00278,-25.88902,27.47563,0.00000,0
4675895,1.7000,1.5621,1.7044,-0.00440,-25.91353,27.47560,0.00000,0
4676550,1.7000,1.5743,1.7036,-0.00359,-25.90128,27.47556,0.00000,0
4677260,1.7000,1.6355,1.6996,0.00044,-25.84002,27.47555,0.00000,0
4677814,1.7000,1.6355,1.6996,0.00044,-25.84002,27.47555,0.00000,0
4678314,1.7000,1.6478,1.6988,0.00125,-25.82776,27.47556,0.00000,0
4678884,1.7000,1.6478,1.6988,0.00125,-25.82776,27.47557,0.00000,0
4679441,1.7000,1.6356,1.6996,0.00044,-25.84002,27.47558,0.00000,0
4679941,1.7000,1.6233,1.7004,-0.00037,-25.85227,27.47558,0.00000,0
4680708,1.7000,1.6111,1.7012,-0.00117,-25.86452,27.47557,0.00000,0
4681208,1.7000,1.6110,1.7012,-0.00117,-25.86452,27.47556,0.00000,0
4681767,1.7000,1.6110,1.7012,-0.00117,-25.86452,27.47555,0.00000,0
4682267,1.7000,1.5988,1.7020,-0.00198,-25.87677,27.47553,0.00000,0
4682778,1.7000,1.5987,1.7020,-0.00198,-25.87677,27.47552,0.00000,0
4683278,1.7000,1.5865,1.7028,-0.00278,-25.88902,27.47549,0.00000,0
4683841,1.7000,1.5864,1.7028,-0.00278,-25.88902,27.47547,0.00000,0
4684341,1.7000,1.5742,1.7036,-0.00359,-25.90128,27.47544,0.00000,0
4684841,1.7000,1.5741,1.7036,-0.00359,-25.90128,27.47541,0.00000,0
4685620,1.7000,1.5864,1.7028,-0.00278,-25.88902,27.47538,0.00000,0
4686120,1.7000,1.5986,1.7020,-0.00198,-25.87677,27.47536,0.00000,0
4686880,1.7000,1.6231,1.7004,-0.00037,-25.85227,27.47535,0.00000,0
4687380,1.7000,1.6353,1.6996,0.00044,-25.84002,27.47535,0.00000,0
4687880,1.7000,1.6598,1.6979,0.00205,-25.81551,27.47536,0.00000,0
4688380,1.7000,1.6599,1.6979,0.00205,-25.81551,27.47538,0.00000,0
4688880,1.7000,1.6721,1.6971,0.00286,-25.80326,27.47540,0.00000,0
4689380,1.7000,1.6722,1.6971,0.00286,-25.80326,27.47543,0.00000,0
4689880,1.7000,1.6722,1.6971,0.00286,-25.80326,27.47545,0.00000,0
4690397,1.7000,1.6967,1.6955,0.00447,-25.77876,27.47549,0.00000,0
4690960,1.7000,1.6845,1.6963,0.00366,-25.79101,27.47552,0.00000,0
4691828,1.7000,1.6723,1.6971,0.00286,-25.80326,27.47556,0.00000,0
4692337,1.7000,1.6356,1.6996,0.00044,-25.84002,27.47557,0.00000,0
4692837,1.7000,1.6601,1.6979,0.00205,-25.81551,27.47558,0.00000,0
4693337,1.7000,1.6478,1.6988,0.00125,-25.82776,27.47560,0.00000,0
4694312,1.7000,1.6478,1.6988,0.00125,-25.82776,27.47561,0.00000,0
4694812,1.7000,1.6969,1.6955,0.00447,-25.77876,27.47564,0.00000,0
4695323,1.7000,1.6724,1.6971,0.00286,-25.80326,27.47567,0.00000,0
4695823,1.7000,1.6724,1.6971,0.00286,-25.80326,27.47570,0.00000,0
4696335,1.7000,1.6480,1.6988,0.00125,-25.82776,27.47572,0.00000,0
4696895,1.7000,1.6602,1.6979,0.00205,-25.81551,27.47573,0.00000,0
4697406,1.7000,1.6480,1.6988,0.00125,-25.82776,27.47575,0.00000,0
4697906,1.7000,1.6848,1.6963,0.00366,-25.79101,27.47577,0.00000,0
4698472,1.7000,1.6603,1.6979,0.00205,-25.81551,27.47580,0.00000,0
4698972,1.7000,1.6480,1.6988,0.00125,-25.82776,27.47581,0.00000,0
4699472,1.7000,1.6358,1.6996,0.00044,-25.84002,27.47582,0.00000,0
4700333,1.7000,1.5990,1.7020,-0.00198,-25.87677,27.47581,0.00000,0
4700841,1.7000,1.5745,1.7036,-0.00359,-25.90128,27.47579,0.00000,0
4701341,1.7000,1.5622,1.7044,-0.00440,-25.91353,27.47575,0.00000,0
4701841,1.7000,1.5744,1.7036,-0.00359,-25.90128,27.47571,0.00000,0
4702590,1.7000,1.5499,1.7052,-0.00520,-25.92578,27.47567,0.00000,0
4703090,1.7000,1.5744,1.7036,-0.00359,-25.90128,27.47563,0.00000,0
4703802,1.7000,1.5498,1.7052,-0.00520,-25.92578,27.47559,0.00000,0
4704302,1.7000,1.5253,1.7068,-0.00681,-25.95028,27.47554,0.00000,0
4704802,1.7000,1.5129,1.7076,-0.00762,-25.96254,27.47547,0.00000,0
4705515,1.7000,1.5129,1.7076,-0.00762,-25.96254,27.47540,0.00000,0
4706015,1.7000,1.5251,1.7068,-0.00681,-25.95028,27.47534,0.00000,0
4706828,1.7000,1.5740,1.7036,-0.00359,-25.90128,27.47529,0.00000,0
4707328,1.7000,1.5985,1.7020,-0.00198,-25.87677,27.47527,0.00000,0
4707828,1.7000,1.5985,1.7020,-0.00198,-25.87677,27.47525,0.00000,0
4708388,1.7000,1.6230,1.7004,-0.00037,-25.85227,27.47524,0.00000,0
4708888,1.7000,1.5739,1.7036,-0.00359,-25.90128,27.47522,0.00000,0
4709388,1.7000,1.5862,1.7028,-0.00278,-25.88902,27.47519,0.00000,0
4709888,1.7000,1.6107,1.7012,-0.00117,-25.86452,27.47518,0.00000,0
4710388,1.7000,1.6106,1.7012,-0.00117,-25.86452,27.47516,0.00000,0
4710998,1.7000,1.5984,1.7020,-0.00198,-25.87677,27.47515,0.00000,0
4711656,1.7000,1.6106,1.7012,-0.00117,-25.86452,27.47513,0.00000,0
4712156,1.7000,1.5983,1.7020,-0.00198,-25.87677,27.47512,0.00000,0
4712656,1.7000,1.5861,1.7028,-0.00278,-25.88902,27.47510,0.00000,0
4713168,1.7000,1.5983,1.7020,-0.00198,-25.87677,27.47508,0.00000,0
4713668,1.7000,1.5983,1.7020,-0.00198,-25.87677,27.47506,0.00000,0
4714168,1.7000,1.6105,1.7012,-0.00117,-25.86452,27.47504,0.00000,0
4714978,1.7000,1.6105,1.7012,-0.00117,-25.86452,27.47503,0.00000,0
4715539,1.7000,1.5860,1.7028,-0.00278,-25.88902,27.47502,0.00000,0
4716039,1.7000,1.6227,1.7004,-0.00037,-25.85227,27.47500,0.00000,0
4716549,1.7000,1.6227,1.7004,-0.00037,-25.85227,27.47500,0.00000,0
4717049,1.7000,1.6105,1.7012,-0.00117,-25.86452,27.47499,0.00000,0
4717549,1.7000,1.5982,1.7020,-0.00198,-25.87677,27.47497,0.00000,0
4718049,1.7000,1.5859,1.7028,-0.00278,-25.88902,27.47495,0.00000,0
4718549,1.7000,1.5859,1.7028,-0.00278,-25.88902,27.47493,0.00000,0
4719049,1.7000,1.5614,1.7044,-0.00440,-25.91353,27.47490,0.00000,0
4719713,1.7000,1.5736,1.7036,-0.00359,-25.90128,27.47486,0.00000,0
4720213,1.7000,1.5736,1.7036,-0.00359,-25.90128,27.47483,0.00000,0
4720713,1.7000,1.5858,1.7028,-0.00278,-25.88902,27.47480,0.00000,0
4721544,1.7000,1.5857,1.7028,-0.00278,-25.88902,27.47477,0.00000,0
4722044,1.7000,1.5980,1.7020,-0.00198,-25.87677,27.47475,0.00000,0
4722904,1.7000,1.6102,1.7012,-0.00117,-25.86452,27.47474,0.00000,0
4723404,1.7000,1.6225,1.7004,-0.00037,-25.85227,27.47473,0.00000,0
4723904,1.7000,1.6470,1.6988,0.00125,-25.82776,27.47473,0.00000,0
4724404,1.7000,1.6102,1.7012,-0.00117,-25.86452,27.47473,0.00000,0
4724904,1.7000,1.6102,1.7012,-0.00117,-25.86452,27.47472,0.00000,0
4725409,1.7000,1.6347,1.6996,0.00044,-25.84002,27.47472,0.00000,0
4725920,1.7000,1.6224,1.7004,-0.00037,-25.85227,27.47472,0.00000,0
4726420,1.7000,1.6102,1.7012,-0.00117,-25.86452,27.47471,0.00000,0
4726920,1.7000,1.6102,1.7012,-0.00117,-25.86452,27.47470,0.00000,0
4727888,1.7000,1.6224,1.7004,-0.00037,-25.85227,27.47469,0.00000,0
4728388,1.7000,1.6102,1.7012,-0.00117,-25.86452,27.47468,0.00000,0
4728946,1.7000,1.5979,1.7020,-0.00198,-25.87677,27.47467,0.00000,0
4729446,1.7000,1.5856,1.7028,-0.00278,-25.88902,27.47465,0.00000,0
4730003,1.7000,1.5979,1.7020,-0.00198,-25.87677,27.47463,0.00000,0
4730503,1.7000,1.6223,1.7004,-0.00037,-25.85227,27.47462,0.00000,0
4731016,1.7000,1.6101,1.7012,-0.00117,-25.86452,27.47461,0.00000,0
4731679,1.7000,1.6346,1.6996,0.00044,-25.84002,27.47460,0.00000,0
4732339,1.7000,1.6468,1.6988,0.00125,-25.82776,27.47461,0.00000,0
4732839,1.7000,1.6346,1.6996,0.00044,-25.84002,27.47462,0.00000,0
4733339,1.7000,1.6346,1.6996,0.00044,-25.84002,27.47462,0.00000,0
4734149,1.7000,1.6469,1.6988,0.00125,-25.82776,27.47463,0.00000,0
4734649,1.7000,1.6469,1.6988,0.00125,-25.82776,27.47464,0.00000,0
4735149,1.7000,1.6224,1.7004,-0.00037,-25.85227,27.47465,0.00000,0
4735649,1.7000,1.6346,1.6996,0.00044,-25.84002,27.47465,0.00000,0
4736149,1.7000,1.6346,1.6996,0.00044,-25.84002,27.47465,0.00000,0
4736649,1.7000,1.5734,1.7036,-0.00359,-25.90128,27.47463,0.00000,0
4737149,1.7000,1.5978,1.7020,-0.00198,-25.87677,27.47461,0.00000,0
4737658,1.7000,1.5978,1.7020,-0.00198,-25.87677,27.47459,0.00000,0
4738158,1.7000,1.5978,1.7020,-0.00198,-25.87677,27.47458,0.00000,0
4738658,1.7000,1.5978,1.7020,-0.00198,-25.87677,27.47456,0.00000,0
4739373,1.7000,1.5855,1.7028,-0.00278,-25.88902,27.47454,0.00000,0
4739873,1.7000,1.6223,1.7004,-0.00037,-25.85227,27.47452,0.00000,0
4740537,1.7000,1.6100,1.7012,-0.00117,-25.86452,27.47451,0.00000,0
4741037,1.7000,1.6713,1.6971,0.00286,-25.80326,27.47452,0.00000,0
4741537,1.7000,1.6345,1.6996,0.00044,-25.84002,27.47454,0.00000,0
4742460,1.7000,1.6958,1.6955,0.00447,-25.77876,27.47456,0.00000,0
4742960,1.7000,1.6713,1.6971,0.00286,-25.80326,27.47459,0.00000,0
4743622,1.7000,1.6714,1.6971,0.00286,-25.80326,27.47462,0.00000,0
4744122,1.7000,1.6836,1.6963,0.00366,-25.79101,27.47465,0.00000,0
4744622,1.7000,1.6837,1.6963,0.00366,-25.79101,27.47469,0.00000,0
4745122,1.7000,1.6715,1.6971,0.00286,-25.80326,27.47472,0.00000,0
4745691,1.7000,1.6347,1.6996,0.00044,-25.84002,27.47473,0.00000,0
4746191,1.7000,1.6715,1.6971,0.00286,-25.80326,27.47475,0.00000,0
4746691,1.7000,1.6225,1.7004,-0.00037,-25.85227,27.47476,0.00000,0
4747458,1.7000,1.6225,1.7004,-0.00037,-25.85227,27.47475,0.00000,0
4747958,1.7000,1.6347,1.6996,0.00044,-25.84002,27.47475,0.00000,0
4748458,1.7000,1.6225,1.7004,-0.00037,-25.85227,27.47475,0.00000,0
4749123,1.7000,1.6470,1.6988,0.00125,-25.82776,27.47476,0.00000,0
4749623,1.7000,1.6470,1.6988,0.00125,-25.82776,27.47477,0.00000,0
4750123,1.7000,1.6225,1.7004,-0.00037,-25.85227,27.47477,0.00000,0
4750623,1.7000,1.5980,1.7020,-0.00198,-25.87677,27.47476,0.00000,0
4751343,1.7000,1.6470,1.6988,0.00125,-25.82776,27.47476,0.00000,0
4751843,1.7000,1.6593,1.6979,0.00205,-25.81551,27.47477,0.00000,0
4752343,1.7000,1.6593,1.6979,0.00205,-25.81551,27.47479,0.00000,0
4752843,1.7000,1.6961,1.6955,0.00447,-25.77876,27.47482,0.00000,0
4753563,1.7000,1.7084,1.6947,0.00527,-25.76650,27.47487,0.00000,0
4754063,1.7000,1.7329,1.6931,0.00689,-25.74200,27.47492,0.00000,0
4754563,1.7000,1.7452,1.6923,0.00769,-25.72974,27.47499,0.00000,0
4755229,1.7000,1.7453,1.6923,0.00769,-25.72974,27.47506,0.00000,0
4755729,1.7000,1.7699,1.6907,0.00930,-25.70524,27.47514,0.00000,0
4756229,1.7000,1.7700,1.6907,0.00930,-25.70524,27.47522,0.00000,0
4756849,1.7000,1.7578,1.6915,0.00850,-25.71749,27.47530,0.00000,0
4757349,1.7000,1.7456,1.6923,0.00769,-25.72974,27.47538,0.00000,0
4757866,1.7000,1.7457,1.6923,0.00769,-25.72974,27.47545,0.00000,0
4758366,1.7000,1.7213,1.6939,0.00608,-25.75425,27.47551,0.00000,0
4758866,1.7000,1.6845,1.6963,0.00366,-25.79101,27.47556,0.00000,0
4759366,1.7000,1.6846,1.6963,0.00366,-25.79101,27.47559,0.00000,0
4759866,1.7000,1.6601,1.6979,0.00205,-25.81551,27.47562,0.00000,0
4760366,1.7000,1.6601,1.6979,0.00205,-25.81551,27.47564,0.00000,0
4760866,1.7000,1.6724,1.6971,0.00286,-25.80326,27.47566,0.00000,0
4761781,1.7000,1.6969,1.6955,0.00447,-25.77876,27.47569,0.00000,0
4762287,1.7000,1.6970,1.6955,0.00447,-25.77876,27.47573,0.00000,0
4762787,1.7000,1.6848,1.6963,0.00366,-25.79101,27.47577,0.00000,0
4763549,1.7000,1.6971,1.6955,0.00447,-25.77876,27.47581,0.00000,0
4764049,1.7000,1.7093,1.6947,0.00527,-25.76650,27.47585,0.00000,0
4764814,1.7000,1.7217,1.6939,0.00608,-25.75425,27.47590,0.00000,0
4765314,1.7000,1.7094,1.6947,0.00527,-25.76650,27.47595,0.00000,0
4765814,1.7000,1.7095,1.6947,0.00527,-25.76650,27.47600,0.00000,0
4766314,1.7000,1.7341,1.6931,0.00689,-25.74200,27.47606,0.00000,0
4766824,1.7000,1.7219,1.6939,0.00608,-25.75425,27.47611,0.00000,0
4767334,1.7000,1.6974,1.6955,0.00447,-25.77876,27.47616,0.00000,0
4768043,1.7000,1.6852,1.6963,0.00366,-25.79101,27.47620,0.00000,0
4768543,1.7000,1.7097,1.6947,0.00527,-25.76650,27.47624,0.00000,0
4769043,1.7000,1.7098,1.6947,0.00527,-25.76650,27.47629,0.00000,0
4769543,1.7000,1.6976,1.6955,0.00447,-25.77876,27.47633,0.00000,0
4770504,1.7000,1.6854,1.6963,0.00366,-25.79101,27.47637,0.00000,0
4771015,1.7000,1.6976,1.6955,0.00447,-25.77876,27.47640,0.00000,0
4771572,1.7000,1.7099,1.6947,0.00527,-25.76650,27.47645,0.00000,0
4772072,1.7000,1.6610,1.6979,0.00205,-25.81551,27.47648,0.00000,0
4773037,1.7000,1.6855,1.6963,0.00366,-25.79101,27.47651,0.00000,0
4774398,1.7000,1.6978,1.6955,0.00447,-25.77876,27.47654,0.00000,0
4774904,1.7000,1.6978,1.6955,0.00447,-25.77876,27.47658,0.00000,0
4775404,1.7000,1.6856,1.6963,0.00366,-25.79101,27.47662,0.00000,0
4776020,1.7000,1.6856,1.6963,0.00366,-25.79101,27.47665,0.00000,0
4776786,1.7000,1.7224,1.6939,0.00608,-25.75425,27.47670,0.00000,0
4777286,1.7000,1.7225,1.6939,0.00608,-25.75425,27.47675,0.00000,0
4778509,1.7000,1.7226,1.6939,0.00608,-25.75425,27.47681,0.00000,0
4779009,1.7000,1.7226,1.6939,0.00608,-25.75425,27.47686,0.00000,0
4779509,1.7000,1.7227,1.6939,0.00608,-25.75425,27.47692,0.00000,0
4780022,1.7000,1.6982,1.6955,0.00447,-25.77876,27.47697,0.00000,0
4781324,1.7000,1.6737,1.6971,0.00286,-25.80326,27.47700,0.00000,0
4781824,1.7000,1.6615,1.6979,0.00205,-25.81551,27.47702,0.00000,0
4782690,1.7000,1.6615,1.6979,0.00205,-25.81551,27.47704,0.00000,0
4783250,1.7000,1.6738,1.6971,0.00286,-25.80326,27.47707,0.00000,0
4783750,1.7000,1.6738,1.6971,0.00286,-25.80326,27.47709,0.00000,0
4784720,1.7000,1.6861,1.6963,0.00366,-25.79101,27.47712,0.00000,0
4785278,1.7000,1.6862,1.6963,0.00366,-25.79101,27.47716,0.00000,0
4785778,1.7000,1.6862,1.6963,0.00366,-25.79101,27.47719,0.00000,0