timestamp_ms,setpoint_v,sensor_v
0,0.0000,0.8679
500,0.0000,0.8357
1000,0.0000,0.8067
1500,0.0000,0.8494
2000,0.0000,0.8518
2500,0.0000,0.8421
3010,1.4000,0.8494
3510,1.4000,0.8470
4010,1.4000,0.8574
4510,1.4000,0.8534
5010,1.4000,0.8534
5510,1.4000,0.8534
6010,1.4000,0.8550
6510,1.4000,0.8518
7010,1.4000,0.8470
7510,1.4000,0.8470
8010,1.4000,0.8228
8510,1.4000,0.8631
9010,1.4000,0.8550
9510,1.4000,0.8486
10010,1.4000,0.8437
10510,1.4000,0.8510
11010,1.4000,0.8542
11510,1.4000,0.8389
12010,1.4000,0.8244
12510,1.4000,0.8478
13010,1.4000,0.8542
13510,1.4000,0.8381
14010,1.4000,0.8405
14510,1.4000,0.8470
15010,1.4000,0.8679
15510,1.4000,0.8768
16010,1.4000,0.8502
16510,1.4000,0.8518
17010,1.4000,0.8462
17510,1.4000,0.8502
18010,1.4000,0.8373
18510,1.4000,0.8590
19010,1.4000,0.8502
19510,1.4000,0.8478
20010,1.4000,0.8421
20510,1.4000,0.8510
21010,1.4000,0.8687
21510,1.4000,0.8462
22010,1.4000,0.8510
22510,1.4000,0.8502
23010,1.4000,0.8470
23510,1.4000,0.8518
24010,1.4000,0.8494
24510,1.4000,0.8502
25010,1.4000,0.8462
25510,1.4000,0.8397
26010,1.4000,0.8550
26510,1.4000,0.8462
27010,1.4000,0.8526
27510,1.4000,0.8486
28010,1.4000,0.8518
28510,1.4000,0.8478
29010,1.4000,0.8905
29510,1.4000,0.8582
30010,1.4000,0.8341
30510,1.4000,0.8429
31010,1.4000,0.8558
31510,1.4000,0.8510
32010,1.4000,0.8534
32510,1.4000,0.8510
33010,1.4000,0.8381
33510,1.4000,0.8526
34010,1.4000,0.8510
34510,1.4000,0.8494
35010,1.4000,0.8437
35510,1.4000,0.8582
36010,1.4000,0.8502
36510,1.4000,0.8413
37010,1.4000,0.8526
37510,1.4000,0.8453
38010,1.4000,0.8526
38510,1.4000,0.8510
39010,1.4000,0.8784
39510,1.4000,0.8534
40010,1.4000,0.8486
40510,1.4000,0.8534
41010,1.4000,0.8478
41510,1.4000,0.8518
42010,1.4000,0.8437
42510,1.4000,0.8470
43010,1.4000,0.8550
43510,1.4000,0.8494
44010,1.4000,0.8518
44510,1.4000,0.8494
45010,1.4000,0.8534
45510,1.4000,0.8550
46010,1.4000,0.8486
46510,1.4000,0.8486
47010,1.4000,0.8486
47510,1.4000,0.8639
48010,1.4000,0.8518
48510,1.4000,0.8639
49010,1.4000,0.8566
49510,1.4000,0.8526
50010,1.4000,0.8534
50510,1.4000,0.8510
51010,1.4000,0.8542
51510,1.4000,0.8558
52010,1.4000,0.8534
52510,1.4000,0.8510
53010,1.4000,0.8502
53510,1.4000,0.8518
54010,1.4000,0.8550
54510,1.4000,0.8655
55010,1.4000,0.8526
55510,1.4000,0.8550
56010,1.4000,0.8486
56510,1.4000,0.8582
57010,1.4000,0.8494
57510,1.4000,0.8607
58010,1.4000,0.8526
58510,1.4000,0.8639
59010,1.4000,0.8502
59510,1.4000,0.8599
60010,1.4000,0.8590
60510,1.4000,0.8623
61010,1.4000,0.8502
61510,1.4000,0.8510
62010,1.4000,0.8736
62510,1.4000,0.8526
63010,1.4000,0.8639
63510,1.4000,0.8558
64010,1.4000,0.8671
64510,1.4000,0.8607
65010,1.4000,0.8566
65510,1.4000,0.8462
66010,1.4000,0.8534
66510,1.4000,0.8566
67010,1.4000,0.8582
67510,1.4000,0.8534
68010,1.4000,0.8542
68510,1.4000,0.8470
69010,1.4000,0.8599
69510,1.4000,0.8518
70010,1.4000,0.8494
70510,1.4000,0.8599
71010,1.4000,0.8462
71510,1.4000,0.8453
72010,1.4000,0.8534
72510,1.4000,0.8397
73010,1.4000,0.8534
73510,1.4000,0.8510
74010,1.4000,0.8470
74510,1.4000,0.8631
75010,1.4000,0.8558
75510,1.4000,0.8623
76010,1.4000,0.8639
76510,1.4000,0.8639
77010,1.4000,0.8502
77510,1.4000,0.8526
78010,1.4000,0.8542
78510,1.4000,0.8470
79010,1.4000,0.8550
79510,1.4000,0.8687
80010,1.4000,0.8558
80510,1.4000,0.8631
81010,1.4000,0.8510
81510,1.4000,0.8655
82010,1.4000,0.8534
82510,1.4000,0.8590
83010,1.4000,0.8639
83510,1.4000,0.8687
84010,1.4000,0.8526
84510,1.4000,0.8599
85010,1.4000,0.8607
85510,1.4000,0.8590
86010,1.4000,0.8478
86510,1.4000,0.8558
87010,1.4000,0.8607
87510,1.4000,0.8623
88010,1.4000,0.8566
88510,1.4000,0.8599
89010,1.4000,0.8526
89510,1.4000,0.8590
90010,1.4000,0.8518
90510,1.4000,0.8599
91010,1.4000,0.8639
91510,1.4000,0.8566
92010,1.4000,0.8470
92510,1.4000,0.8558
93010,1.4000,0.8510
93510,1.4000,0.8486
94010,1.4000,0.8534
94510,1.4000,0.8558
95010,1.4000,0.8494
95510,1.4000,0.8518
96010,1.4000,0.8518
96510,1.4000,0.8590
97010,1.4000,0.8437
97510,1.4000,0.8421
98010,1.4000,0.8623
98510,1.4000,0.8397
99010,1.4000,0.8502
99510,1.4000,0.8574
100010,1.4000,0.8623
100510,1.4000,0.8599
101010,1.4000,0.8558
101510,1.4000,0.8655
102010,1.4000,0.8623
102510,1.4000,0.8590
103010,1.4000,0.8566
103510,1.4000,0.8623
104010,1.4000,0.8639
104510,1.4000,0.8566
105010,1.4000,0.8623
105510,1.4000,0.8631
106010,1.4000,0.8542
106510,1.4000,0.8244
107010,1.4000,0.8663
107510,1.4000,0.8590
108010,1.4000,0.8864
108510,1.4000,0.8494
109010,1.4000,0.8510
109510,1.4000,0.8518
110010,1.4000,0.8768
110510,1.4000,0.8381
111010,1.4000,0.8582
111510,1.4000,0.8590
112010,1.4000,0.8663
112510,1.4000,0.8558
113010,1.4000,0.8647
113510,1.4000,0.8534
114010,1.4000,0.8518
114510,1.4000,0.8574
115010,1.4000,0.8607
115510,1.4000,0.8558
116010,1.4000,0.8558
116510,1.4000,0.8566
117010,1.4000,0.8494
117510,1.4000,0.8623
118010,1.4000,0.8639
118510,1.4000,0.8639
119010,1.4000,0.8518
119510,1.4000,0.8494
120010,1.4000,0.8639
120510,1.4000,0.8631
121010,1.4000,0.8639
121510,1.4000,0.8615
122010,1.4000,0.8639
122510,1.4000,0.8518
123010,1.4000,0.8760
123510,1.4000,0.8631
124010,1.4000,0.8607
124510,1.4000,0.8800
125010,1.4000,0.8566
125510,1.4000,0.8615
126010,1.4000,0.8623
126510,1.4000,0.8744
127010,1.4000,0.8639
127510,1.4000,0.8663
128010,1.4000,0.8639
128510,1.4000,0.8639
129010,1.4000,0.8784
129510,1.4000,0.8639
130010,1.4000,0.8639
130510,1.4000,0.8719
131010,1.4000,0.8639
131510,1.4000,0.8647
132010,1.4000,0.8599
132510,1.4000,0.8607
133010,1.4000,0.8405
133510,1.4000,0.8639
134010,1.4000,0.8510
134510,1.4000,0.8566
135010,1.4000,0.8897
135510,1.4000,0.8776
136010,1.4000,0.8639
136510,1.4000,0.8631
137010,1.4000,0.8526
137510,1.4000,0.8639
138010,1.4000,0.8623
138510,1.4000,0.8510
139010,1.4000,0.8639
139510,1.4000,0.8808
140010,1.4000,0.8615
140510,1.4000,0.8639
141010,1.4000,0.8647
141510,1.4000,0.8647
142010,1.4000,0.8663
142510,1.4000,0.8437
143010,1.4000,0.8534
143510,1.4000,0.8607
144010,1.4000,0.8639
144510,1.4000,0.8703
145010,1.4000,0.8727
145510,1.4000,0.8623
146010,1.4000,0.8615
146510,1.4000,0.8687
147010,1.4000,0.8663
147510,1.4000,0.8687
148010,1.4000,0.8639
148510,1.4000,0.8768
149010,1.4000,0.8655
149510,1.4000,0.8687
150010,1.4000,0.8639
150510,1.4000,0.8655
151010,1.4000,0.8639
151510,1.4000,0.8663
152010,1.4000,0.8695
152510,1.4000,0.8639
153010,1.4000,0.8655
153510,1.4000,0.8639
154010,1.4000,0.8671
154510,1.4000,0.8623
155010,1.4000,0.8647
155510,1.4000,0.8856
156010,1.4000,0.8655
156510,1.4000,0.8623
157010,1.4000,0.8639
157510,1.4000,0.8639
158010,1.4000,0.8639
158510,1.4000,0.8631
159010,1.4000,0.8590
159510,1.4000,0.8590
160010,1.4000,0.8679
160510,1.4000,0.8639
161010,1.4000,0.8639
161510,1.4000,0.8744
162010,1.4000,0.8800
162510,1.4000,0.8623
163010,1.4000,0.8687
163510,1.4000,0.8655
164010,1.4000,0.8639
164510,1.4000,0.8502
165010,1.4000,0.8663
165510,1.4000,0.8647
166010,1.4000,0.8695
166510,1.4000,0.8679
167010,1.4000,0.8695
167510,1.4000,0.8768
168010,1.4000,0.8639
168510,1.4000,0.8647
169010,1.4000,0.8655
169510,1.4000,0.8534
170010,1.4000,0.8727
170510,1.4000,0.8639
171010,1.4000,0.8800
171510,1.4000,0.8889
172010,1.4000,0.8639
172510,1.4000,0.8744
173010,1.4000,0.8639
173510,1.4000,0.8639
174010,1.4000,0.8768
174510,1.4000,0.8776
175010,1.4000,0.8687
175510,1.4000,0.8671
176010,1.4000,0.8663
176510,1.4000,0.8695
177010,1.4000,0.8752
177510,1.4000,0.8534
178010,1.4000,0.8768
178510,1.4000,0.8655
179010,1.4000,0.8711
179510,1.4000,0.8695
180010,1.4000,0.8727
180510,1.4000,0.8639
181010,1.4000,0.8502
181510,1.4000,0.8736
182010,1.4000,0.8631
182510,1.4000,0.8816
183010,1.4000,0.8695
183510,1.4000,0.8719
184010,1.4000,0.8760
184510,1.4000,0.8824
185010,1.4000,0.8687
185510,1.4000,0.8768
186010,1.4000,0.8542
186510,1.4000,0.8695
187010,1.4000,0.8719
187510,1.4000,0.8679
188010,1.4000,0.8784
188510,1.4000,0.8784
189010,1.4000,0.8752
189510,1.4000,0.8760
190010,1.4000,0.8776
190510,1.4000,0.8687
191010,1.4000,0.8711
191510,1.4000,0.8599
192010,1.4000,0.8784
192510,1.4000,0.8719
193010,1.4000,0.8687
193510,1.4000,0.8768
194010,1.4000,0.8695
194510,1.4000,0.8679
195010,1.4000,0.8937
195510,1.4000,0.8687
196010,1.4000,0.8727
196510,1.4000,0.8727
197010,1.4000,0.8647
197510,1.4000,0.8768
198010,1.4000,0.8768
198510,1.4000,0.8768
199010,1.4000,0.8671
199510,1.4000,0.8768
200010,1.4000,0.8727
200510,1.4000,0.8776
201010,1.4000,0.8760
201510,1.4000,0.8695
202010,1.4000,0.8655
202510,1.4000,0.9001
203010,1.4000,0.8727
203510,1.4000,0.8768
204010,1.4000,0.8768
204510,1.4000,0.8744
205010,1.4000,0.8848
205510,1.4000,0.8639
206010,1.4000,0.8663
206510,1.4000,0.8776
207010,1.4000,0.8776
207510,1.4000,0.8744
208010,1.4000,0.8848
208510,1.4000,0.8768
209010,1.4000,0.8752
209510,1.4000,0.8897
210010,1.4000,0.8744
210510,1.4000,0.8752
211010,1.4000,0.8760
211510,1.4000,0.8768
212010,1.4000,0.8760
212510,1.4000,0.8711
213010,1.4000,0.8784
213510,1.4000,0.8889
214010,1.4000,0.8679
214510,1.4000,0.8768
215010,1.4000,0.8824
215510,1.4000,0.8816
216010,1.4000,0.8784
216510,1.4000,0.8816
217010,1.4000,0.8816
217510,1.4000,0.8744
218010,1.4000,0.8873
218510,1.4000,0.8792
219010,1.4000,0.8784
219510,1.4000,0.8808
220010,1.4000,0.8768
220510,1.4000,0.8784
221010,1.4000,0.8727
221510,1.4000,0.8856
222010,1.4000,0.8639
222510,1.4000,0.8873
223010,1.4000,0.8897
223510,1.4000,0.8768
224010,1.4000,0.8792
224510,1.4000,0.8768
225010,1.4000,0.8727
225510,1.4000,0.8768
226010,1.4000,0.8760
226510,1.4000,0.8719
227010,1.4000,0.8808
227510,1.4000,0.8784
228010,1.4000,0.8776
228510,1.4000,0.8881
229010,1.4000,0.8760
229510,1.4000,0.8832
230010,1.4000,0.8856
230510,1.4000,0.8808
231010,1.4000,0.8808
231510,1.4000,0.8881
232010,1.4000,0.8784
232510,1.4000,0.8881
233010,1.4000,0.8808
233510,1.4000,0.8381
234010,1.4000,0.8719
234510,1.4000,0.8639
235010,1.4000,0.8873
235510,1.4000,0.8816
236010,1.4000,0.8848
236510,1.4000,0.8784
237010,1.4000,0.8760
237510,1.4000,0.8816
238010,1.4000,0.8856
238510,1.4000,0.8889
239010,1.4000,0.8856
239510,1.4000,0.8832
240010,1.4000,0.8784
240510,1.4000,0.8873
241010,1.4000,0.8768
241510,1.4000,0.8792
242010,1.4000,0.8760
242510,1.4000,0.8937
243010,1.4000,0.8808
243510,1.4000,0.8889
244010,1.4000,0.8856
244510,1.4000,0.8889
245010,1.4000,0.8889
245510,1.4000,0.8784
246010,1.4000,0.8727
246510,1.4000,0.8744
247010,1.4000,0.8816
247510,1.4000,0.8881
248010,1.4000,0.8808
248510,1.4000,0.8905
249010,1.4000,0.8768
249510,1.4000,0.8889
250010,1.4000,0.8800
250510,1.4000,0.8816
251010,1.4000,0.8816
251510,1.4000,0.8864
252010,1.4000,0.8881
252510,1.4000,0.8792
253010,1.4000,0.8856
253510,1.4000,0.8840
254010,1.4000,0.8897
254510,1.4000,0.8840
255010,1.4000,0.8897
255510,1.4000,0.8808
256010,1.4000,0.8881
256510,1.4000,0.8961
257010,1.4000,0.8921
257510,1.4000,0.8897
258010,1.4000,0.8921
258510,1.4000,0.8800
259010,1.4000,0.8856
259510,1.4000,0.8873
260010,1.4000,0.8824
260510,1.4000,0.8856
261010,1.4000,0.8873
261510,1.4000,0.8921
262010,1.4000,0.8945
262510,1.4000,0.8816
263010,1.4000,0.8784
263510,1.4000,0.9042
264010,1.4000,0.8881
264510,1.4000,0.8864
265010,1.4000,0.9042
265510,1.4000,0.8889
266010,1.4000,0.8856
266510,1.4000,0.8897
267010,1.4000,0.8921
267510,1.4000,0.8889
268010,1.4000,0.8881
268510,1.4000,0.8792
269010,1.4000,0.8897
269510,1.4000,0.8969
270010,1.4000,0.8744
270510,1.4000,0.8953
271010,1.4000,0.8881
271510,1.4000,0.8889
272010,1.4000,0.8905
272510,1.4000,0.8824
273010,1.4000,0.8953
273510,1.4000,0.8824
274010,1.4000,0.8897
274510,1.4000,0.8897
275010,1.4000,0.8937
275510,1.4000,0.8897
276010,1.4000,0.8977
276510,1.4000,0.8977
277010,1.4000,0.8945
277510,1.4000,0.8897
278010,1.4000,0.9010
278510,1.4000,0.8873
279010,1.4000,0.8913
279510,1.4000,0.8848
280010,1.4000,0.8905
280510,1.4000,0.8897
281010,1.4000,0.8856
281510,1.4000,0.8897
282010,1.4000,0.8897
282510,1.4000,0.8897
283010,1.4000,0.8913
283510,1.4000,0.8808
284010,1.4000,0.8953
284510,1.4000,0.8977
285010,1.4000,0.8889
285510,1.4000,0.8905
286010,1.4000,0.8985
286510,1.4000,0.8905
287010,1.4000,0.8953
287510,1.4000,0.9155
288010,1.4000,0.8945
288510,1.4000,0.8921
289010,1.4000,0.8897
289510,1.4000,0.8993
290010,1.4000,0.9026
290510,1.4000,0.8913
291010,1.4000,0.8985
291510,1.4000,0.9001
292010,1.4000,0.8897
292510,1.4000,0.8985
293010,1.4000,0.8945
293510,1.4000,0.8905
294010,1.4000,0.8993
294510,1.4000,0.8945
295010,1.4000,0.8913
295510,1.4000,0.9026
296010,1.4000,0.9026
296510,1.4000,0.9018
297010,1.4000,0.8969
297510,1.4000,0.8897
298010,1.4000,0.9010
298510,1.4000,0.9018
299010,1.4000,0.9066
299510,1.4000,0.8824
300010,1.4000,0.8953
300510,1.4000,0.9106
301010,1.4000,0.9042
301510,1.4000,0.9114
302010,1.4000,0.8913
302510,1.4000,0.8993
303010,1.4000,0.8784
303510,1.4000,0.9010
304010,1.4000,0.9171
304510,1.4000,0.9050
305010,1.4000,0.9018
305510,1.4000,0.8897
306010,1.4000,0.9026
306510,1.4000,0.8969
307010,1.4000,0.9018
307510,1.4000,0.9018
308010,1.4000,0.9034
308510,1.4000,0.8961
309010,1.4000,0.8977
309510,1.4000,0.9042
310010,1.4000,0.9074
310510,1.4000,0.9098
311010,1.4000,0.8913
311510,1.4000,0.9034
312010,1.4000,0.8897
312510,1.4000,0.8921
313010,1.4000,0.9010
313510,1.4000,0.8969
314010,1.4000,0.8953
314510,1.4000,0.9042
315010,1.4000,0.9026
315510,1.4000,0.9050
316010,1.4000,0.9034
316510,1.4000,0.9010
317010,1.4000,0.8873
317510,1.4000,0.9171
318010,1.4000,0.9026
318510,1.4000,0.9042
319010,1.4000,0.9066
319510,1.4000,0.9050
320010,1.4000,0.8977
320510,1.4000,0.8945
321010,1.4000,0.8953
321510,1.4000,0.9001
322010,1.4000,0.9155
322510,1.4000,0.9034
323010,1.4000,0.9066
323510,1.4000,0.9010
324010,1.4000,0.9010
324510,1.4000,0.9106
325010,1.4000,0.8961
325510,1.4000,0.9034
326010,1.4000,0.8969
326510,1.4000,0.9066
327010,1.4000,0.9267
327510,1.4000,0.9001
328010,1.4000,0.9082
328510,1.4000,0.9106
329010,1.4000,0.9058
329510,1.4000,0.9026
330010,1.4000,0.9138
330510,1.4000,0.9001
331010,1.4000,0.8969
331510,1.4000,0.9042
332010,1.4000,0.9203
332510,1.4000,0.8985
333010,1.4000,0.9130
333510,1.4000,0.9001
334010,1.4000,0.9147
334510,1.4000,0.9001
335010,1.4000,0.9195
335510,1.4000,0.8945
336010,1.4000,0.8921
336510,1.4000,0.9010
337010,1.4000,0.8736
337510,1.4000,0.9138
338010,1.4000,0.9155
338510,1.4000,0.9155
339010,1.4000,0.9034
339510,1.4000,0.9074
340010,1.4000,0.9082
340510,1.4000,0.9147
341010,1.4000,0.9074
341510,1.4000,0.9235
342010,1.4000,0.9147
342510,1.4000,0.9235
343010,1.4000,0.9066
343510,1.4000,0.9122
344010,1.4000,0.9074
344510,1.4000,0.9267
345010,1.4000,0.9066
345510,1.4000,0.9074
346010,1.4000,0.9292
346510,1.4000,0.9122
347010,1.4000,0.9034
347510,1.4000,0.9138
348010,1.4000,0.9155
348510,1.4000,0.9082
349010,1.4000,0.9074
349510,1.4000,0.9018
350010,1.4000,0.9138
350510,1.4000,0.9042
351010,1.4000,0.9259
351510,1.4000,0.9082
352010,1.4000,0.9130
352510,1.4000,0.9114
353010,1.4000,0.9163
353510,1.4000,0.9364
354010,1.4000,0.9114
354510,1.4000,0.9155
355010,1.4000,0.9058
355510,1.4000,0.9155
356010,1.4000,0.9106
356510,1.4000,0.9114
357010,1.4000,0.9018
357510,1.4000,0.9163
358010,1.4000,0.9082
358510,1.4000,0.9074
359010,1.4000,0.9138
359510,1.4000,0.9106
360010,1.4000,0.9163
360510,1.4000,0.9050
361010,1.4000,0.9098
361510,1.4000,0.9179
362010,1.4000,0.9114
362510,1.4000,0.9155
363010,1.4000,0.9195
363510,1.4000,0.9018
364010,1.4000,0.9227
364510,1.4000,0.9155
365010,1.4000,0.9155
365510,1.4000,0.9155
366010,1.4000,0.9147
366510,1.4000,0.9195
367010,1.4000,0.9211
367510,1.4000,0.9155
368010,1.4000,0.9461
368510,1.4000,0.9155
369010,1.4000,0.9219
369510,1.4000,0.9163
370010,1.4000,0.8856
370510,1.4000,0.9147
371010,1.4000,0.9187
371510,1.4000,0.9421
372010,1.4000,0.9211
372510,1.4000,0.9155
373010,1.4000,0.9284
373510,1.4000,0.9042
374010,1.4000,0.9195
374510,1.4000,0.9179
375010,1.4000,0.9018
375510,1.4000,0.9187
376010,1.4000,0.9235
376510,1.4000,0.9179
377010,1.4000,0.9211
377510,1.4000,0.9275
378010,1.4000,0.9259
378510,1.4000,0.9042
379010,1.4000,0.9163
379510,1.4000,0.9155
380010,1.4000,0.9114
380510,1.4000,0.9227
381010,1.4000,0.9195
381510,1.4000,0.9163
382010,1.4000,0.8897
382510,1.4000,0.9211
383010,1.4000,0.9155
383510,1.4000,0.9243
384010,1.4000,0.9211
384510,1.4000,0.9275
385010,1.4000,0.9284
385510,1.4000,0.9147
386010,1.4000,0.9324
386510,1.4000,0.9203
387010,1.4000,0.9171
387510,1.4000,0.9211
388010,1.4000,0.9034
388510,1.4000,0.9195
389010,1.4000,0.9171
389510,1.4000,0.9251
390010,1.4000,0.9163
390510,1.4000,0.9284
391010,1.4000,0.8945
391510,1.4000,0.9147
392010,1.4000,0.9066
392510,1.4000,0.9171
393010,1.4000,0.9235
393510,1.4000,0.9243
394010,1.4000,0.9259
394510,1.4000,0.9147
395010,1.4000,0.9267
395510,1.4000,0.9324
396010,1.4000,0.9138
396510,1.4000,0.9211
397010,1.4000,0.9251
397510,1.4000,0.8993
398010,1.4000,0.9066
398510,1.4000,0.9251
399010,1.4000,0.9284
399510,1.4000,0.9275
400010,1.4000,0.9235
400510,1.4000,0.9284
401010,1.4000,0.9292
401510,1.4000,0.9155
402010,1.4000,0.9300
402510,1.4000,0.9203
403010,1.4000,0.9251
403510,1.4000,0.9292
404010,1.4000,0.9412
404510,1.4000,0.9195
405010,1.4000,0.9243
405510,1.4000,0.9227
406010,1.4000,0.9267
406510,1.4000,0.9235
407010,1.4000,0.9284
407510,1.4000,0.9179
408010,1.4000,0.9284
408510,1.4000,0.9227
409010,1.4000,0.9195
409510,1.4000,0.9284
410010,1.4000,0.9267
410510,1.4000,0.9211
411010,1.4000,0.9227
411510,1.4000,0.9292
412010,1.4000,0.9251
412510,1.4000,0.9324
413010,1.4000,0.9284
413510,1.4000,0.9275
414010,1.4000,0.9372
414510,1.4000,0.9211
415010,1.4000,0.9388
415510,1.4000,0.9211
416010,1.4000,0.9412
416510,1.4000,0.9163
417010,1.4000,0.9227
417510,1.4000,0.9292
418010,1.4000,0.9155
418510,1.4000,0.9275
419010,1.4000,0.9340
419510,1.4000,0.9195
420010,1.4000,0.9396
420510,1.4000,0.9284
421010,1.4000,0.9300
421510,1.4000,0.9372
422010,1.4000,0.9412
422510,1.4000,0.9332
423010,1.4000,0.9340
423510,1.4000,0.9477
424010,1.4000,0.9284
424510,1.4000,0.9308
425010,1.4000,0.9275
425510,1.4000,0.9388
426010,1.4000,0.9324
426510,1.4000,0.9251
427010,1.4000,0.9340
427510,1.4000,0.9300
428010,1.4000,0.9356
428510,1.4000,0.9340
429010,1.4000,0.9275
429510,1.4000,0.9267
430010,1.4000,0.9300
430510,1.4000,0.9670
431010,1.4000,0.9284
431510,1.4000,0.9308
432010,1.4000,0.9300
432510,1.4000,0.9735
433010,1.4000,0.9308
433510,1.4000,0.9284
434010,1.4000,0.9372
434510,1.4000,0.9284
435010,1.4000,0.9300
435510,1.4000,0.9292
436010,1.4000,0.9243
436510,1.4000,0.9332
437010,1.4000,0.9267
437510,1.4000,0.9364
438010,1.4000,0.9372
438510,1.4000,0.9308
439010,1.4000,0.9308
439510,1.4000,0.9388
440010,1.4000,0.9300
440510,1.4000,0.9437
441010,1.4000,0.9308
441510,1.4000,0.9396
442010,1.4000,0.9372
442510,1.4000,0.9284
443010,1.4000,0.9284
443510,1.4000,0.9461
444010,1.4000,0.9412
444510,1.4000,0.9324
445010,1.4000,0.9292
445510,1.4000,0.9332
446010,1.4000,0.9396
446510,1.4000,0.9356
447010,1.4000,0.9275
447510,1.4000,0.9340
448010,1.4000,0.9429
448510,1.4000,0.9372
449010,1.4000,0.9380
449510,1.4000,0.9308
450010,1.4000,0.9284
450510,1.4000,0.9251
451010,1.4000,0.9340
451510,1.4000,0.9332
452010,1.4000,0.9372
452510,1.4000,0.9356
453010,1.4000,0.9429
453510,1.4000,0.9308
454010,1.4000,0.9155
454510,1.4000,0.9308
455010,1.4000,0.9340
455510,1.4000,0.9332
456010,1.4000,0.9356
456510,1.4000,0.9541
457010,1.4000,0.9412
457510,1.4000,0.9324
458010,1.4000,0.9316
458510,1.4000,0.9412
459010,1.4000,0.9533
459510,1.4000,0.9501
460010,1.4000,0.9412
460510,1.4000,0.9372
461010,1.4000,0.9404
461510,1.4000,0.9356
462010,1.4000,0.9388
462510,1.4000,0.9324
463010,1.4000,0.9340
463510,1.4000,0.9356
464010,1.4000,0.9372
464510,1.4000,0.9412
465010,1.4000,0.9340
465510,1.4000,0.9388
466010,1.4000,0.9469
466510,1.4000,0.9412
467010,1.4000,0.9461
467510,1.4000,0.9372
468010,1.4000,0.9372
468510,1.4000,0.9517
469010,1.4000,0.9388
469510,1.4000,0.9412
470010,1.4000,0.9437
470510,1.4000,0.9292
471010,1.4000,0.9396
471510,1.4000,0.9421
472010,1.4000,0.9211
472510,1.4000,0.9267
473010,1.4000,0.9429
473510,1.4000,0.9364
474010,1.4000,0.9404
474510,1.4000,0.9437
475010,1.4000,0.9404
475510,1.4000,0.9316
476010,1.4000,0.9332
476510,1.4000,0.9388
477010,1.4000,0.9509
477510,1.4000,0.9437
478010,1.4000,0.9372
478510,1.4000,0.9445
479010,1.4000,0.9396
479510,1.4000,0.9332
480010,1.4000,0.9421
480510,1.4000,0.9453
481010,1.4000,0.9412
481510,1.4000,0.9517
482010,1.4000,0.9429
482510,1.4000,0.9493
483010,1.4000,0.9558
483510,1.4000,0.9412
484010,1.4000,0.9469
484510,1.4000,0.9437
485010,1.4000,0.9485
485510,1.4000,0.9437
486010,1.4000,0.9453
486510,1.4000,0.9437
487010,1.4000,0.9493
487510,1.4000,0.9453
488010,1.4000,0.9412
488510,1.4000,0.9316
489010,1.4000,0.9437
489510,1.4000,0.9453
490010,1.4000,0.9396
490510,1.4000,0.9501
491010,1.4000,0.9469
491510,1.4000,0.9574
492010,1.4000,0.9356
492510,1.4000,0.9525
493010,1.4000,0.9501
493510,1.4000,0.9525
494010,1.4000,0.9388
494510,1.4000,0.9340
495010,1.4000,0.9469
495510,1.4000,0.9485
496010,1.4000,0.9461
496510,1.4000,0.9485
497010,1.4000,0.9412
497510,1.4000,0.9421
498010,1.4000,0.9533
498510,1.4000,0.9501
499010,1.4000,0.9654
499510,1.4000,0.9509
500010,1.4000,0.9445
500510,1.4000,0.9686
501010,1.4000,0.9332
501510,1.4000,0.9533
502010,1.4000,0.9566
502510,1.4000,0.9590
503010,1.4000,0.9856
503510,1.4000,0.9332
504010,1.4000,0.9485
504510,1.4000,0.9525
505010,1.4000,0.9501
505510,1.4000,0.9558
506010,1.4000,0.9485
506510,1.4000,0.9582
507010,1.4000,0.9469
507510,1.4000,0.9533
508010,1.4000,0.9501
508510,1.4000,0.9461
509010,1.4000,0.9412
509510,1.4000,0.9582
510010,1.4000,0.9461
510510,1.4000,0.9429
511010,1.4000,0.9501
511510,1.4000,0.9525
512010,1.4000,0.9356
512510,1.4000,0.9517
513010,1.4000,0.9549
513510,1.4000,0.9517
514010,1.4000,0.9517
514510,1.4000,0.9501
515010,1.4000,0.9493
515510,1.4000,0.9549
516010,1.4000,0.9517
516510,1.4000,0.9437
517010,1.4000,0.9501
517510,1.4000,0.9533
518010,1.4000,0.9549
518510,1.4000,0.9541
519010,1.4000,0.9412
519510,1.4000,0.9501
520010,1.4000,0.9501
520510,1.4000,0.9533
521010,1.4000,0.9533
521510,1.4000,0.9558
522010,1.4000,0.9461
522510,1.4000,0.9566
523010,1.4000,0.9549
523510,1.4000,0.9469
524010,1.4000,0.9445
524510,1.4000,0.9453
525010,1.4000,0.9509
525510,1.4000,0.9493
526010,1.4000,0.9437
526510,1.4000,0.9525
527010,1.4000,0.9566
527510,1.4000,0.9614
528010,1.4000,0.9525
528510,1.4000,0.9501
529010,1.4000,0.9533
529510,1.4000,0.9509
530010,1.4000,0.9437
530510,1.4000,0.9525
531010,1.4000,0.9493
531510,1.4000,0.9630
532010,1.4000,0.9549
532510,1.4000,0.9590
533010,1.4000,0.9453
533510,1.4000,0.9461
534010,1.4000,0.9533
534510,1.4000,0.9582
535010,1.4000,0.9574
535510,1.4000,0.9582
536010,1.4000,0.9582
536510,1.4000,0.9574
537010,1.4000,0.9533
537510,1.4000,0.9380
538010,1.4000,0.9646
538510,1.4000,0.9501
539010,1.4000,0.9630
539510,1.4000,0.9582
540010,1.4000,0.9558
540510,1.4000,0.9437
541010,1.4000,0.9501
541510,1.4000,0.9445
542010,1.4000,0.9485
542510,1.4000,0.9654
543010,1.4000,0.9558
543510,1.4000,0.9533
544010,1.4000,0.9549
544510,1.4000,0.9525
545010,1.4000,0.9582
545510,1.4000,0.9558
546010,1.4000,0.9670
546510,1.4000,0.9590
547010,1.4000,0.9654
547510,1.4000,0.9566
548010,1.4000,0.9549
548510,1.4000,0.9638
549010,1.4000,0.9670
549510,1.4000,0.9525
550010,1.4000,0.9582
550510,1.4000,0.9614
551010,1.4000,0.9437
551510,1.4000,0.9267
552010,1.4000,0.9614
552510,1.4000,0.9646
553010,1.4000,0.9582
553510,1.4000,0.9171
554010,1.4000,0.9630
554510,1.4000,0.9646
555010,1.4000,0.9517
555510,1.4000,0.9654
556010,1.4000,0.9525
556510,1.4000,0.9558
557010,1.4000,0.9638
557510,1.4000,0.9566
558010,1.4000,0.9590
558510,1.4000,0.9606
559010,1.4000,0.9670
559510,1.4000,0.9525
560010,1.4000,0.9606
560510,1.4000,0.9566
561010,1.4000,0.9541
561510,1.4000,0.9582
562010,1.4000,0.9703
562510,1.4000,0.9598
563010,1.4000,0.9582
563510,1.4000,0.9670
564010,1.4000,0.9566
564510,1.4000,0.9582
565010,1.4000,0.9638
565510,1.4000,0.9630
566010,1.4000,0.9437
566510,1.4000,0.9614
567010,1.4000,0.9582
567510,1.4000,0.9566
568010,1.4000,0.9590
568510,1.4000,0.9654
569010,1.4000,0.9719
569510,1.4000,0.9558
570010,1.4000,0.9630
570510,1.4000,0.9711
571010,1.4000,0.9622
571510,1.4000,0.9678
572010,1.4000,0.9670
572510,1.4000,0.9703
573010,1.4000,0.9783
573510,1.4000,0.9646
574010,1.4000,0.9646
574510,1.4000,0.9646
575010,1.4000,0.9670
575510,1.4000,0.9670
576010,1.4000,0.9606
576510,1.4000,0.9590
577010,1.4000,0.9549
577510,1.4000,0.9654
578010,1.4000,0.9662
578510,1.4000,0.9469
579010,1.4000,0.9662
579510,1.4000,0.9437
580010,1.4000,0.9590
580510,1.4000,0.9654
581010,1.4000,0.9678
581510,1.4000,0.9662
582010,1.4000,0.9622
582510,1.4000,0.9541
583010,1.4000,0.9670
583510,1.4000,0.9622
584010,1.4000,0.9533
584510,1.4000,0.9646
585010,1.4000,0.9646
585510,1.4000,0.9662
586010,1.4000,0.9582
586510,1.4000,0.9670
587010,1.4000,0.9735
587510,1.4000,0.9670
588010,1.4000,0.9678
588510,1.4000,0.9711
589010,1.4000,0.9670
589510,1.4000,0.9670
590010,1.4000,0.9646
590510,1.4000,0.9646
591010,1.4000,0.9646
591510,1.4000,0.9638
592010,1.4000,0.9662
592510,1.4000,0.9791
593010,1.4000,0.9630
593510,1.4000,0.9670
594010,1.4000,0.9654
594510,1.4000,0.9590
595010,1.4000,0.9662
595510,1.4000,0.9549
596010,1.4000,0.9686
596510,1.4000,0.9646
597010,1.4000,0.9670
597510,1.4000,0.9670
598010,1.4000,0.9799
598510,1.4000,0.9856
599010,1.4000,0.9711
599510,1.4000,0.9630
600010,1.4000,0.9598
600510,1.4000,0.9630
601010,1.4000,0.9549
601510,1.4000,0.9614
602010,1.4000,0.9598
602510,1.4000,0.9670
603010,1.4000,0.9759
603510,1.4000,0.9711
604010,1.4000,0.9711
604510,1.4000,0.9678
605010,1.4000,0.9743
605510,1.4000,0.9654
606010,1.4000,0.9670
606510,1.4000,0.9695
607010,1.4000,0.9670
607510,1.4000,0.9670
608010,1.4000,0.9670
608510,1.4000,0.9719
609010,1.4000,0.9920
609510,1.4000,0.9670
610010,1.4000,0.9799
610510,1.4000,0.9654
611010,1.4000,0.9783
611510,1.4000,0.9638
612010,1.4000,0.9686
612510,1.4000,0.9670
613010,1.4000,0.9686
613510,1.4000,0.9695
614010,1.4000,0.9783
614510,1.4000,0.9727
615010,1.4000,0.9977
615510,1.4000,0.9678
616010,1.4000,0.9848
616510,1.4000,0.9727
617010,1.4000,0.9711
617510,1.4000,0.9727
618010,1.4000,0.9727
618510,1.4000,0.9622
619010,1.4000,0.9711
619510,1.4000,0.9670
620010,1.4000,0.9928
620510,1.4000,0.9695
621010,1.4000,0.9686
621510,1.4000,0.9654
622010,1.4000,0.9743
622510,1.4000,0.9791
623010,1.4000,0.9751
623510,1.4000,0.9727
624010,1.4000,0.9711
624510,1.4000,0.9791
625010,1.4000,0.9928
625510,1.4000,0.9783
626010,1.4000,0.9711
626510,1.4000,0.9751
627010,1.4000,0.9686
627510,1.4000,0.9727
628010,1.4000,0.9904
628510,1.4000,0.9727
629010,1.4000,0.9928
629510,1.4000,0.9743
630010,1.4000,0.9759
630510,1.4000,0.9759
631010,1.4000,0.9799
631510,1.4000,0.9703
632010,1.4000,0.9727
632510,1.4000,0.9719
633010,1.4000,0.9751
633510,1.4000,0.9944
634010,1.4000,0.9622
634510,1.4000,0.9695
635010,1.4000,0.9743
635510,1.4000,0.9719
636010,1.4000,0.9662
636510,1.4000,0.9670
637010,1.4000,0.9840
637510,1.4000,0.9598
638010,1.4000,0.9799
638510,1.4000,0.9791
639010,1.4000,0.9759
639510,1.4000,0.9823
640010,1.4000,0.9775
640510,1.4000,0.9686
641010,1.4000,0.9920
641510,1.4000,0.9807
642010,1.4000,0.9767
642510,1.4000,0.9799
643010,1.4000,0.9654
643510,1.4000,0.9775
644010,1.4000,0.9751
644510,1.4000,0.9944
645010,1.4000,0.9695
645510,1.4000,0.9767
646010,1.4000,0.9807
646510,1.4000,0.9654
647010,1.4000,0.9807
647510,1.4000,0.9823
648010,1.4000,0.9920
648510,1.4000,0.9840
649010,1.4000,0.9775
649510,1.4000,0.9832
650010,1.4000,0.9775
650510,1.4000,0.9759
651010,1.4000,0.9727
651510,1.4000,0.9670
652010,1.4000,0.9815
652510,1.4000,0.9791
653010,1.4000,0.9783
653510,1.4000,0.9775
654010,1.4000,0.9735
654510,1.4000,0.9840
655010,1.4000,0.9767
655510,1.4000,0.9783
656010,1.4000,0.9711
656510,1.4000,0.9775
657010,1.4000,0.9727
657510,1.4000,0.9695
658010,1.4000,0.9751
658510,1.4000,0.9791
659010,1.4000,0.9670
659510,1.4000,0.9920
660010,1.4000,0.9848
660510,1.4000,0.9815
661010,1.4000,0.9815
661510,1.4000,0.9686
662010,1.4000,0.9783
662510,1.4000,0.9832
663010,1.4000,0.9791
663510,1.4000,0.9727
664010,1.4000,0.9823
664510,1.4000,0.9944
665010,1.4000,0.9719
665510,1.4000,0.9727
666010,1.4000,0.9727
666510,1.4000,0.9815
667010,1.4000,0.9815
667510,1.4000,0.9703
668010,1.4000,0.9872
668510,1.4000,0.9848
669010,1.4000,0.9872
669510,1.4000,0.9815
670010,1.4000,0.9791
670510,1.4000,0.9767
671010,1.4000,0.9848
671510,1.4000,0.9920
672010,1.4000,0.9856
672510,1.4000,0.9928
673010,1.4000,0.9799
673510,1.4000,0.9848
674010,1.4000,0.9807
674510,1.4000,0.9791
675010,1.4000,0.9791
675510,1.4000,0.9936
676010,1.4000,0.9856
676510,1.4000,0.9775
677010,1.4000,0.9799
677510,1.4000,0.9840
678010,1.4000,0.9630
678510,1.4000,0.9920
679010,1.4000,0.9791
679510,1.4000,0.9759
680010,1.4000,1.0138
680510,1.4000,0.9928
681010,1.4000,0.9799
681510,1.4000,0.9799
682010,1.4000,0.9791
682510,1.4000,0.9832
683010,1.4000,0.9807
683510,1.4000,0.9928
684010,1.4000,0.9743
684510,1.4000,0.9912
685010,1.4000,0.9823
685510,1.4000,0.9799
686010,1.4000,0.9751
686510,1.4000,0.9840
687010,1.4000,0.9880
687510,1.4000,0.9807
688010,1.4000,0.9799
688510,1.4000,0.9928
689010,1.4000,0.9807
689510,1.4000,0.9880
690010,1.4000,0.9823
690510,1.4000,0.9807
691010,1.4000,0.9856
691510,1.4000,0.9848
692010,1.4000,0.9912
692510,1.4000,0.9880
693010,1.4000,0.9840
693510,1.4000,0.9832
694010,1.4000,0.9928
694510,1.4000,0.9856
695010,1.4000,0.9703
695510,1.4000,0.9856
696010,1.4000,0.9815
696510,1.4000,0.9743
697010,1.4000,0.9815
697510,1.4000,0.9928
698010,1.4000,0.9815
698510,1.4000,0.9928
699010,1.4000,0.9840
699510,1.4000,0.9775
700010,1.4000,1.0041
700510,1.4000,0.9703
701010,1.4000,0.9815
701510,1.4000,0.9815
702010,1.4000,0.9856
702510,1.4000,0.9856
703010,1.4000,0.9912
703510,1.4000,0.9880
704010,1.4000,0.9920
704510,1.4000,0.9985
705010,1.4000,0.9783
705510,1.4000,0.9815
706010,1.4000,0.9864
706510,1.4000,0.9888
707010,1.4000,0.9888
707510,1.4000,0.9832
708010,1.4000,0.9920
708510,1.4000,0.9928
709010,1.4000,0.9880
709510,1.4000,0.9952
710010,1.4000,0.9783
710510,1.4000,0.9832
711010,1.4000,0.9904
711510,1.4000,0.9888
712010,1.4000,0.9912
712510,1.4000,0.9985
713010,1.4000,0.9880
713510,1.4000,0.9936
714010,1.4000,0.9920
714510,1.4000,0.9880
715010,1.4000,0.9872
715510,1.4000,0.9928
716010,1.4000,1.0017
716510,1.4000,1.0194
717010,1.4000,0.9920
717510,1.4000,0.9912
718010,1.4000,0.9904
718510,1.4000,0.9856
719010,1.4000,0.9960
719510,1.4000,0.9856
720010,1.4000,0.9904
720510,1.4000,0.9928
721010,1.4000,0.9856
721510,1.4000,0.9888
722010,1.4000,0.9912
722510,1.4000,0.9840
723010,1.4000,0.9928
723510,1.4000,0.9928
724010,1.4000,0.9936
724510,1.4000,0.9968
725010,1.4000,0.9960
725510,1.4000,0.9912
726010,1.4000,0.9815
726510,1.4000,0.9888
727010,1.4000,0.9928
727510,1.4000,0.9993
728010,1.4000,0.9912
728510,1.4000,0.9695
729010,1.4000,0.9928
729510,1.4000,0.9815
730010,1.4000,0.9952
730510,1.4000,0.9928
731010,1.4000,1.0202
731510,1.4000,0.9985
732010,1.4000,0.9888
732510,1.4000,0.9670
733010,1.4000,0.9912
733510,1.4000,1.0114
734010,1.4000,0.9904
734510,1.4000,0.9880
735010,1.4000,0.9936
735510,1.4000,0.9936
736010,1.4000,0.9928
736510,1.4000,0.9807
737010,1.4000,0.9936
737510,1.4000,0.9888
738010,1.4000,0.9880
738510,1.4000,0.9807
739010,1.4000,0.9944
739510,1.4000,0.9928
740010,1.4000,1.0089
740510,1.4000,0.9936
741010,1.4000,0.9904
741510,1.4000,1.0041
742010,1.4000,0.9872
742510,1.4000,1.0097
743010,1.4000,0.9928
743510,1.4000,0.9928
744010,1.4000,0.9928
744510,1.4000,0.9928
745010,1.4000,0.9920
745510,1.4000,0.9896
746010,1.4000,1.0033
746510,1.4000,0.9960
747010,1.4000,1.0146
747510,1.4000,0.9936
748010,1.4000,0.9783
748510,1.4000,0.9920
749010,1.4000,0.9920
749510,1.4000,0.9888
750010,1.4000,0.9944
750510,1.4000,0.9791
751010,1.4000,0.9928
751510,1.4000,0.9928
752010,1.4000,0.9888
752510,1.4000,0.9864
753010,1.4000,0.9968
753510,1.4000,0.9928
754010,1.4000,0.9920
754510,1.4000,0.9686
755010,1.4000,1.0146
755510,1.4000,0.9944
756010,1.4000,0.9952
756510,1.4000,0.9928
757010,1.4000,0.9968
757510,1.4000,0.9928
758010,1.4000,0.9920
758510,1.4000,0.9952
759010,1.4000,0.9936
759510,1.4000,0.9888
760010,1.4000,0.9920
760510,1.4000,0.9807
761010,1.4000,1.0009
761510,1.4000,0.9985
762010,1.4000,0.9880
762510,1.4000,0.9952
763010,1.4000,0.9590
763510,1.4000,0.9864
764010,1.4000,0.9928
764510,1.4000,0.9960
765010,1.4000,0.9928
765510,1.4000,0.9904
766010,1.4000,0.9928
766510,1.4000,0.9920
767010,1.4000,1.0114
767510,1.4000,0.9944
768010,1.4000,0.9896
768510,1.4000,1.0009
769010,1.4000,1.0001
769510,1.4000,0.9952
770010,1.4000,1.0154
770510,1.4000,0.9872
771010,1.4000,0.9944
771510,1.4000,0.9928
772010,1.4000,0.9960
772510,1.4000,0.9912
773010,1.4000,1.0017
773510,1.4000,0.9985
774010,1.4000,1.0186
774510,1.4000,0.9968
775010,1.4000,0.9968
775510,1.4000,0.9985
776010,1.4000,0.9985
776510,1.4000,0.9920
777010,1.4000,0.9864
777510,1.4000,1.0049
778010,1.4000,0.9985
778510,1.4000,1.0057
779010,1.4000,1.0001
779510,1.4000,0.9985
780010,1.4000,1.0033
780510,1.4000,0.9848
781010,1.4000,0.9791
781510,1.4000,1.0009
782010,1.4000,0.9968
782510,1.4000,1.0017
783010,1.4000,0.9993
783510,1.4000,0.9985
784010,1.4000,1.0057
784510,1.4000,0.9985
785010,1.4000,0.9977
785510,1.4000,0.9928
786010,1.4000,0.9944
786510,1.4000,1.0009
787010,1.4000,0.9977
787510,1.4000,0.9985
788010,1.4000,0.9985
788510,1.4000,0.9985
789010,1.4000,0.9928
789510,1.4000,1.0073
790010,1.4000,0.9936
790510,1.4000,1.0001
791010,1.4000,0.9791
791510,1.4000,0.9936
792010,1.4000,0.9952
792510,1.4000,1.0017
793010,1.4000,0.9952
793510,1.4000,0.9928
794010,1.4000,1.0049
794510,1.4000,1.0009
795010,1.4000,0.9968
795510,1.4000,1.0105
796010,1.4000,0.9985
796510,1.4000,0.9872
797010,1.4000,1.0009
797510,1.4000,1.0057
798010,1.4000,0.9985
798510,1.4000,0.9936
799010,1.4000,0.9968
799510,1.4000,1.0017
800010,1.4000,1.0009
800510,1.4000,0.9960
801010,1.4000,0.9904
801510,1.4000,1.0114
802010,1.4000,0.9985
802510,1.4000,0.9977
803010,1.4000,1.0105
803510,1.4000,1.0041
804010,1.4000,1.0081
804510,1.4000,1.0041
805010,1.4000,1.0001
805510,1.4000,0.9888
806010,1.4000,1.0017
806510,1.4000,1.0041
807010,1.4000,1.0057
807510,1.4000,1.0001
808010,1.4000,1.0009
808510,1.4000,1.0049
809010,1.4000,1.0017
809510,1.4000,1.0041
810010,1.4000,1.0057
810510,1.4000,1.0001
811010,1.4000,1.0001
811510,1.4000,1.0049
812010,1.4000,1.0057
812510,1.4000,0.9993
813010,1.4000,1.0146
813510,1.4000,1.0057
814010,1.4000,1.0001
814510,1.4000,1.0081
815010,1.4000,0.9968
815510,1.4000,1.0049
816010,1.4000,1.0073
816510,1.4000,1.0186
817010,1.4000,1.0081
817510,1.4000,1.0138
818010,1.4000,1.0041
818510,1.4000,1.0041
819010,1.4000,0.9985
819510,1.4000,1.0081
820010,1.4000,0.9928
820510,1.4000,0.9977
821010,1.4000,1.0162
821510,1.4000,1.0049
822010,1.4000,1.0122
822510,1.4000,1.0049
823010,1.4000,0.9928
823510,1.4000,1.0081
824010,1.4000,1.0001
824510,1.4000,1.0065
825010,1.4000,1.0057
825510,1.4000,1.0017
826010,1.4000,1.0049
826510,1.4000,0.9977
827010,1.4000,0.9985
827510,1.4000,1.0105
828010,1.4000,1.0146
828510,1.4000,0.9952
829010,1.4000,1.0081
829510,1.4000,1.0009
830010,1.4000,1.0057
830510,1.4000,1.0065
831010,1.4000,1.0033
831510,1.4000,1.0130
832010,1.4000,1.0041
832510,1.4000,1.0041
833010,1.4000,1.0097
833510,1.4000,1.0073
834010,1.4000,1.0033
834510,1.4000,1.0057
835010,1.4000,1.0097
835510,1.4000,0.9993
836010,1.4000,1.0081
836510,1.4000,1.0065
837010,1.4000,1.0081
837510,1.4000,1.0081
838010,1.4000,1.0073
838510,1.4000,0.9952
839010,1.4000,1.0138
839510,1.4000,1.0065
840010,1.4000,1.0017
840510,1.4000,1.0130
841010,1.4000,1.0009
841510,1.4000,1.0049
842010,1.4000,1.0105
842510,1.4000,1.0041
843010,1.4000,1.0073
843510,1.4000,1.0009
844010,1.4000,1.0065
844510,1.4000,1.0049
845010,1.4000,1.0065
845510,1.4000,1.0081
846010,1.4000,1.0105
846510,1.4000,1.0162
847010,1.4000,1.0065
847510,1.4000,0.9993
848010,1.4000,1.0138
848510,1.4000,1.0114
849010,1.4000,0.9985
849510,1.4000,1.0033
850010,1.4000,1.0114
850510,1.4000,1.0089
851010,1.4000,1.0138
851510,1.4000,1.0009
852010,1.4000,1.0138
852510,1.4000,1.0057
853010,1.4000,0.9985
853510,1.4000,0.9968
854010,1.4000,1.0194
854510,1.4000,1.0267
855010,1.4000,1.0041
855510,1.4000,1.0009
856010,1.4000,1.0073
856510,1.4000,1.0186
857010,1.4000,1.0105
857510,1.4000,1.0041
858010,1.4000,1.0001
858510,1.4000,1.0057
859010,1.4000,1.0114
859510,1.4000,1.0065
860010,1.4000,1.0009
860510,1.4000,1.0162
861010,1.4000,1.0049
861510,1.4000,1.0114
862010,1.4000,1.0130
862510,1.4000,1.0234
863010,1.4000,1.0097
863510,1.4000,1.0049
864010,1.4000,1.0041
864510,1.4000,1.0162
865010,1.4000,1.0186
865510,1.4000,1.0146
866010,1.4000,0.9968
866510,1.4000,1.0130
867010,1.4000,1.0105
867510,1.4000,1.0073
868010,1.4000,1.0597
868510,1.4000,1.0089
869010,1.4000,1.0114
869510,1.4000,1.0146
870010,1.4000,1.0105
870510,1.4000,1.0073
871010,1.4000,1.0186
871510,1.4000,0.9985
872010,1.4000,1.0114
872510,1.4000,1.0073
873010,1.4000,1.0178
873510,1.4000,1.0146
874010,1.4000,1.0081
874510,1.4000,0.9968
875010,1.4000,1.0025
875510,1.4000,1.0186
876010,1.4000,1.0138
876510,1.4000,1.0097
877010,1.4000,1.0089
877510,1.4000,1.0138
878010,1.4000,1.0089
878510,1.4000,1.0186
879010,1.4000,1.0097
879510,1.4000,1.0138
880010,1.4000,1.0073
880510,1.4000,1.0130
881010,1.4000,1.0065
881510,1.4000,1.0130
882010,1.4000,1.0146
882510,1.4000,1.0178
883010,1.4000,1.0162
883510,1.4000,1.0178
884010,1.4000,1.0114
884510,1.4000,1.0114
885010,1.4000,1.0065
885510,1.4000,1.0275
886010,1.4000,1.0130
886510,1.4000,1.0065
887010,1.4000,1.0170
887510,1.4000,1.0146
888010,1.4000,1.0073
888510,1.4000,1.0178
889010,1.4000,1.0146
889510,1.4000,1.0218
890010,1.4000,1.0186
890510,1.4000,1.0073
891010,1.4000,1.0186
891510,1.4000,1.0170
892010,1.4000,1.0154
892510,1.4000,1.0162
893010,1.4000,1.0105
893510,1.4000,1.0122
894010,1.4000,1.0089
894510,1.4000,1.0162
895010,1.4000,1.0178
895510,1.4000,1.0105
896010,1.4000,1.0162
896510,1.4000,1.0114
897010,1.4000,1.0001
897510,1.4000,1.0178
898010,1.4000,1.0186
898510,1.4000,1.0162
899010,1.4000,1.0178
899510,1.4000,1.0194
900010,1.4000,1.0146
900510,1.4000,1.0186
901010,1.4000,1.0146
901510,1.4000,1.0170
902010,1.4000,1.0307
902510,1.4000,1.0162
903010,1.4000,1.0194
903510,1.4000,1.0033
904010,1.4000,1.0226
904510,1.4000,1.0138
905010,1.4000,1.0194
905510,1.4000,1.0186
906010,1.4000,1.0138
906510,1.4000,1.0194
907010,1.4000,1.0186
907510,1.4000,1.0049
908010,1.4000,1.0202
908510,1.4000,1.0162
909010,1.4000,1.0073
909510,1.4000,1.0130
910010,1.4000,1.0162
910510,1.4000,1.0097
911010,1.4000,1.0444
911510,1.4000,1.0194
912010,1.4000,1.0186
912510,1.4000,1.0226
913010,1.4000,1.0210
913510,1.4000,1.0202
914010,1.4000,1.0307
914510,1.4000,1.0170
915010,1.4000,1.0186
915510,1.4000,1.0186
916010,1.4000,1.0065
916510,1.4000,1.0186
917010,1.4000,1.0267
917510,1.4000,0.9968
918010,1.4000,1.0299
918510,1.4000,1.0162
919010,1.4000,1.0194
919510,1.4000,1.0178
920010,1.4000,1.0138
920510,1.4000,1.0025
921010,1.4000,0.9977
921510,1.4000,1.0073
922010,1.4000,1.0089
922510,1.4000,1.0202
923010,1.4000,1.0114
923510,1.4000,1.0194
924010,1.4000,1.0178
924510,1.4000,1.0065
925010,1.4000,1.0105
925510,1.4000,1.0170
926010,1.4000,1.0162
926510,1.4000,1.0210
927010,1.4000,0.9968
927510,1.4000,1.0154
928010,1.4000,1.0186
928510,1.4000,1.0186
929010,1.4000,1.0202
929510,1.4000,1.0154
930010,1.4000,1.0291
930510,1.4000,1.0315
931010,1.4000,1.0251
931510,1.4000,1.0178
932010,1.4000,1.0234
932510,1.4000,1.0186
933010,1.4000,0.9928
933510,1.4000,1.0194
934010,1.4000,1.0275
934510,1.4000,1.0323
935010,1.4000,1.0186
935510,1.4000,1.0218
936010,1.4000,1.0186
936510,1.4000,1.0226
937010,1.4000,1.0186
937510,1.4000,1.0210
938010,1.4000,1.0186
938510,1.4000,1.0097
939010,1.4000,1.0178
939510,1.4000,1.0170
940010,1.4000,1.0186
940510,1.4000,1.0170
941010,1.4000,1.0275
941510,1.4000,1.0202
942010,1.4000,1.0218
942510,1.4000,1.0194
943010,1.4000,1.0202
943510,1.4000,1.0371
944010,1.4000,1.0194
944510,1.4000,1.0210
945010,1.4000,1.0202
945510,1.4000,1.0242
946010,1.4000,1.0234
946510,1.4000,1.0267
947010,1.4000,1.0105
947510,1.4000,1.0170
948010,1.4000,1.0202
948510,1.4000,1.0178
949010,1.4000,1.0178
949510,1.4000,1.0065
950010,1.4000,1.0138
950510,1.4000,1.0170
951010,1.4000,1.0218
951510,1.4000,1.0178
952010,1.4000,1.0404
952510,1.4000,1.0363
953010,1.4000,1.0194
953510,1.4000,1.0299
954010,1.4000,1.0379
954510,1.4000,1.0194
955010,1.4000,1.0210
955510,1.4000,1.0242
956010,1.4000,1.0259
956510,1.4000,1.0186
957010,1.4000,1.0226
957510,1.4000,1.0275
958010,1.4000,0.9928
958510,1.4000,1.0234
959010,1.4000,1.0186
959510,1.4000,1.0202
960010,1.4000,1.0307
960510,1.4000,1.0210
961010,1.4000,1.0210
961510,1.4000,1.0355
962010,1.4000,1.0202
962510,1.4000,1.0242
963010,1.4000,1.0267
963510,1.4000,1.0210
964010,1.4000,1.0307
964510,1.4000,1.0210
965010,1.4000,1.0130
965510,1.4000,1.0234
966010,1.4000,1.0662
966510,1.4000,1.0299
967010,1.4000,1.0371
967510,1.4000,1.0194
968010,1.4000,1.0210
968510,1.4000,1.0251
969010,1.4000,1.0210
969510,1.4000,1.0242
970010,1.4000,1.0242
970510,1.4000,1.0210
971010,1.4000,1.0242
971510,1.4000,1.0259
972010,1.4000,1.0210
972510,1.4000,0.9985
973010,1.4000,1.0275
973510,1.4000,1.0291
974010,1.4000,1.0210
974510,1.4000,1.0242
975010,1.4000,1.0371
975510,1.4000,1.0194
976010,1.4000,1.0162
976510,1.4000,1.0259
977010,1.4000,1.0307
977510,1.4000,1.0194
978010,1.4000,1.0275
978510,1.4000,1.0194
979010,1.4000,1.0291
979510,1.4000,1.0202
980010,1.4000,1.0242
980510,1.4000,1.0315
981010,1.4000,1.0194
981510,1.4000,1.0242
982010,1.4000,1.0251
982510,1.4000,1.0339
983010,1.4000,1.0363
983510,1.4000,1.0315
984010,1.4000,1.0299
984510,1.4000,1.0226
985010,1.4000,1.0275
985510,1.4000,1.0291
986010,1.4000,1.0234
986510,1.4000,1.0202
987010,1.4000,1.0275
987510,1.4000,1.0186
988010,1.4000,1.0315
988510,1.4000,1.0339
989010,1.4000,1.0234
989510,1.4000,1.0242
990010,1.4000,1.0500
990510,1.4000,1.0396
991010,1.4000,1.0444
991510,1.4000,1.0146
992010,1.4000,1.0178
992510,1.4000,1.0307
993010,1.4000,1.0299
993510,1.4000,1.0315
994010,1.4000,1.0315
994510,1.4000,1.0242
995010,1.4000,1.0114
995510,1.4000,1.0299
996010,1.4000,1.0307
996510,1.4000,1.0194
997010,1.4000,1.0315
997510,1.4000,1.0315
998010,1.4000,1.0331
998510,1.4000,1.0218
999010,1.4000,1.0242
999510,1.4000,1.0371
1000010,1.4000,1.0194
1000510,1.4000,1.0242
1001010,1.4000,1.0170
1001510,1.4000,1.0178
1002010,1.4000,1.0307
1002510,1.4000,1.0371
1003010,1.4000,1.0299
1003510,1.4000,1.0396
1004010,1.4000,1.0315
1004510,1.4000,1.0186
1005010,1.4000,1.0339
1005510,1.4000,1.0275
1006010,1.4000,1.0242
1006510,1.4000,1.0242
1007010,1.4000,1.0251
1007510,1.4000,1.0283
1008010,1.4000,1.0315
1008510,1.4000,1.0275
1009010,1.4000,1.0130
1009510,1.4000,1.0291
1010010,1.4000,1.0307
1010510,1.4000,1.0291
1011010,1.4000,1.0355
1011510,1.4000,1.0388
1012010,1.4000,1.0299
1012510,1.4000,1.0307
1013010,1.4000,1.0315
1013510,1.4000,1.0259
1014010,1.4000,1.0202
1014510,1.4000,1.0267
1015010,1.4000,1.0041
1015510,1.4000,1.0299
1016010,1.4000,1.0428
1016510,1.4000,1.0331
1017010,1.4000,1.0315
1017510,1.4000,1.0267
1018010,1.4000,1.0355
1018510,1.4000,1.0275
1019010,1.4000,1.0291
1019510,1.4000,1.0315
1020010,1.4000,1.0275
1020510,1.4000,1.0307
1021010,1.4000,1.0291
1021510,1.4000,1.0299
1022010,1.4000,1.0307
1022510,1.4000,1.0210
1023010,1.4000,1.0404
1023510,1.4000,1.0388
1024010,1.4000,1.0242
1024510,1.4000,1.0331
1025010,1.4000,1.0275
1025510,1.4000,1.0267
1026010,1.4000,1.0146
1026510,1.4000,1.0299
1027010,1.4000,1.0323
1027510,1.4000,1.0363
1028010,1.4000,1.0347
1028510,1.4000,1.0242
1029010,1.4000,1.0307
1029510,1.4000,1.0468
1030010,1.4000,1.0323
1030510,1.4000,1.0339
1031010,1.4000,1.0428
1031510,1.4000,1.0267
1032010,1.4000,1.0347
1032510,1.4000,1.0339
1033010,1.4000,1.0259
1033510,1.4000,1.0315
1034010,1.4000,1.0242
1034510,1.4000,1.0259
1035010,1.4000,1.0339
1035510,1.4000,1.0339
1036010,1.4000,1.0388
1036510,1.4000,1.0428
1037010,1.4000,1.0202
1037510,1.4000,1.0363
1038010,1.4000,1.0315
1038510,1.4000,1.0315
1039010,1.4000,1.0323
1039510,1.4000,1.0420
1040010,1.4000,1.0307
1040510,1.4000,1.0444
1041010,1.4000,1.0371
1041510,1.4000,1.0226
1042010,1.4000,1.0396
1042510,1.4000,1.0323
1043010,1.4000,1.0331
1043510,1.4000,1.0291
1044010,1.4000,1.0234
1044510,1.4000,1.0323
1045010,1.4000,1.0388
1045510,1.4000,1.0275
1046010,1.4000,1.0307
1046510,1.4000,1.0226
1047010,1.4000,1.0218
1047510,1.4000,1.0259
1048010,1.4000,1.0484
1048510,1.4000,1.0404
1049010,1.4000,1.0355
1049510,1.4000,1.0339
1050010,1.4000,1.0323
1050510,1.4000,1.0339
1051010,1.4000,1.0299
1051510,1.4000,1.0331
1052010,1.4000,1.0404
1052510,1.4000,1.0420
1053010,1.4000,1.0363
1053510,1.4000,1.0259
1054010,1.4000,1.0363
1054510,1.4000,1.0186
1055010,1.4000,1.0404
1055510,1.4000,1.0404
1056010,1.4000,1.0323
1056510,1.4000,1.0371
1057010,1.4000,1.0371
1057510,1.4000,1.0388
1058010,1.4000,1.0339
1058510,1.4000,1.0234
1059010,1.4000,1.0202
1059510,1.4000,1.0347
1060010,1.4000,1.0315
1060510,1.4000,1.0363
1061010,1.4000,1.0339
1061510,1.4000,1.0323
1062010,1.4000,1.0468
1062510,1.4000,1.0363
1063010,1.4000,1.0557
1063510,1.4000,1.0363
1064010,1.4000,1.0388
1064510,1.4000,1.0355
1065010,1.4000,1.0589
1065510,1.4000,1.0444
1066010,1.4000,1.0404
1066510,1.4000,1.0371
1067010,1.4000,1.0283
1067510,1.4000,1.0412
1068010,1.4000,1.0323
1068510,1.4000,1.0428
1069010,1.4000,1.0299
1069510,1.4000,1.0323
1070010,1.4000,1.0444
1070510,1.4000,1.0323
1071010,1.4000,1.0396
1071510,1.4000,1.0388
1072010,1.4000,0.9936
1072510,1.4000,1.0315
1073010,1.4000,1.0412
1073510,1.4000,1.0371
1074010,1.4000,1.0275
1074510,1.4000,1.0452
1075010,1.4000,1.0371
1075510,1.4000,1.0484
1076010,1.4000,1.0355
1076510,1.4000,1.0202
1077010,1.4000,1.0444
1077510,1.4000,1.0323
1078010,1.4000,1.0428
1078510,1.4000,1.0396
1079010,1.4000,1.0323
1079510,1.4000,1.0323
1080010,1.4000,1.0476
1080510,1.4000,1.0339
1081010,1.4000,1.0420
1081510,1.4000,1.0339
1082010,1.4000,1.0371
1082510,1.4000,1.0404
1083010,1.4000,1.0444
1083510,1.4000,1.0525
1084010,1.4000,1.0444
1084510,1.4000,1.0323
1085010,1.4000,1.0396
1085510,1.4000,1.0404
1086010,1.4000,1.0339
1086510,1.4000,1.0404
1087010,1.4000,1.0315
1087510,1.4000,1.0371
1088010,1.4000,1.0299
1088510,1.4000,1.0484
1089010,1.4000,1.0436
1089510,1.4000,1.0436
1090010,1.4000,1.0428
1090510,1.4000,1.0452
1091010,1.4000,1.0396
1091510,1.4000,1.0444
1092010,1.4000,1.0363
1092510,1.4000,1.0275
1093010,1.4000,1.0404
1093510,1.4000,1.0420
1094010,1.4000,1.0388
1094510,1.4000,1.0323
1095010,1.4000,1.0468
1095510,1.4000,1.0355
1096010,1.4000,1.0138
1096510,1.4000,1.0420
1097010,1.4000,1.0420
1097510,1.4000,1.0444
1098010,1.4000,1.0404
1098510,1.4000,1.0428
1099010,1.4000,1.0331
1099510,1.4000,1.0549
1100010,1.4000,1.0371
1100510,1.4000,1.0396
1101010,1.4000,1.0444
1101510,1.4000,1.0315
1102010,1.4000,1.0388
1102510,1.4000,1.0339
1103010,1.4000,1.0444
1103510,1.4000,1.0444
1104010,1.4000,1.0436
1104510,1.4000,1.0404
1105010,1.4000,1.0404
1105510,1.4000,1.0371
1106010,1.4000,1.0331
1106510,1.4000,1.0412
1107010,1.4000,1.0371
1107510,1.4000,1.0355
1108010,1.4000,1.0468
1108510,1.4000,1.0428
1109010,1.4000,1.0452
1109510,1.4000,1.0420
1110010,1.4000,1.0388
1110510,1.4000,1.0396
1111010,1.4000,1.0436
1111510,1.4000,1.0460
1112010,1.4000,1.0428
1112510,1.4000,1.0444
1113010,1.4000,1.0516
1113510,1.4000,1.0371
1114010,1.4000,1.0420
1114510,1.4000,1.0388
1115010,1.4000,1.0371
1115510,1.4000,1.0758
1116010,1.4000,1.0323
1116510,1.4000,1.0420
1117010,1.4000,1.0371
1117510,1.4000,1.0452
1118010,1.4000,1.0396
1118510,1.4000,1.0404
1119010,1.4000,1.0388
1119510,1.4000,1.0492
1120010,1.4000,1.0428
1120510,1.4000,1.0388
1121010,1.4000,1.0388
1121510,1.4000,1.0468
1122010,1.4000,1.0500
1122510,1.4000,1.0355
1123010,1.4000,1.0428
1123510,1.4000,1.0363
1124010,1.4000,1.0605
1124510,1.4000,1.0371
1125010,1.4000,1.0476
1125510,1.4000,1.0428
1126010,1.4000,1.0444
1126510,1.4000,1.0307
1127010,1.4000,1.0444
1127510,1.4000,1.0371
1128010,1.4000,1.0420
1128510,1.4000,1.0444
1129010,1.4000,1.0420
1129510,1.4000,1.0420
1130010,1.4000,1.0613
1130510,1.4000,1.0444
1131010,1.4000,1.0428
1131510,1.4000,1.0436
1132010,1.4000,1.0516
1132510,1.4000,1.0420
1133010,1.4000,1.0420
1133510,1.4000,1.0186
1134010,1.4000,1.0404
1134510,1.4000,1.0452
1135010,1.4000,1.0388
1135510,1.4000,1.0363
1136010,1.4000,1.0420
1136510,1.4000,1.0307
1137010,1.4000,1.0500
1137510,1.4000,1.0444
1138010,1.4000,1.0428
1138510,1.4000,1.0444
1139010,1.4000,1.0444
1139510,1.4000,1.0444
1140010,1.4000,1.0444
1140510,1.4000,1.0452
1141010,1.4000,1.0589
1141510,1.4000,1.0388
1142010,1.4000,1.0444
1142510,1.4000,1.0396
1143010,1.4000,1.0388
1143510,1.4000,1.0444
1144010,1.4000,1.0404
1144510,1.4000,1.0597
1145010,1.4000,1.0404
1145510,1.4000,1.0428
1146010,1.4000,1.0468
1146510,1.4000,1.0315
1147010,1.4000,1.0444
1147510,1.4000,1.0363
1148010,1.4000,1.0444
1148510,1.4000,1.0533
1149010,1.4000,1.0500
1149510,1.4000,1.0500
1150010,1.4000,1.0492
1150510,1.4000,1.0420
1151010,1.4000,1.0404
1151510,1.4000,1.0460
1152010,1.4000,1.0500
1152510,1.4000,1.0436
1153010,1.4000,1.0444
1153510,1.4000,1.0525
1154010,1.4000,1.0549
1154510,1.4000,1.0484
1155010,1.4000,1.0452
1155510,1.4000,1.0412
1156010,1.4000,1.0452
1156510,1.4000,1.0468
1157010,1.4000,1.0549
1157510,1.4000,1.0500
1158010,1.4000,1.0492
1158510,1.4000,1.0452
1159010,1.4000,1.0702
1159510,1.4000,1.0444
1160010,1.4000,1.0525
1160510,1.4000,1.0468
1161010,1.4000,1.0452
1161510,1.4000,1.0404
1162010,1.4000,1.0500
1162510,1.4000,1.0404
1163010,1.4000,1.0444
1163510,1.4000,1.0525
1164010,1.4000,1.0476
1164510,1.4000,1.0557
1165010,1.4000,1.0444
1165510,1.4000,1.0444
1166010,1.4000,1.0492
1166510,1.4000,1.0549
1167010,1.4000,1.0460
1167510,1.4000,1.0444
1168010,1.4000,1.0500
1168510,1.4000,1.0702
1169010,1.4000,1.0492
1169510,1.4000,1.0500
1170010,1.4000,1.0492
1170510,1.4000,1.0525
1171010,1.4000,1.0516
1171510,1.4000,1.0484
1172010,1.4000,1.0484
1172510,1.4000,1.0460
1173010,1.4000,1.0444
1173510,1.4000,1.0525
1174010,1.4000,1.0500
1174510,1.4000,1.0492
1175010,1.4000,1.0468
1175510,1.4000,1.0492
1176010,1.4000,1.0516
1176510,1.4000,1.0549
1177010,1.4000,1.0371
1177510,1.4000,1.0492
1178010,1.4000,1.0259
1178510,1.4000,1.0444
1179010,1.4000,1.0444
1179510,1.4000,1.0605
1180010,1.4000,1.0444
1180510,1.4000,1.0444
1181010,1.4000,1.0404
1181510,1.4000,1.0468
1182010,1.4000,1.0323
1182510,1.4000,1.0444
1183010,1.4000,1.0557
1183510,1.4000,1.0468
1184010,1.4000,1.0557
1184510,1.4000,1.0678
1185010,1.4000,1.0484
1185510,1.4000,1.0468
1186010,1.4000,1.0468
1186510,1.4000,1.0516
1187010,1.4000,1.0452
1187510,1.4000,1.0621
1188010,1.4000,1.0533
1188510,1.4000,1.0307
1189010,1.4000,1.0565
1189510,1.4000,1.0468
1190010,1.4000,1.0525
1190510,1.4000,1.0525
1191010,1.4000,1.0549
1191510,1.4000,1.0525
1192010,1.4000,1.0525
1192510,1.4000,1.0597
1193010,1.4000,1.0484
1193510,1.4000,1.0468
1194010,1.4000,1.0573
1194510,1.4000,1.0460
1195010,1.4000,1.0444
1195510,1.4000,1.0533
1196010,1.4000,1.0444
1196510,1.4000,1.0492
1197010,1.4000,1.0533
1197510,1.4000,1.0476
1198010,1.4000,1.0500
1198510,1.4000,1.0412
1199010,1.4000,1.0565
1199510,1.4000,1.0557
1200010,1.4000,1.0468
1200510,1.4000,1.0525
1201010,1.4000,1.0492
1201510,1.4000,1.0573
1202010,1.4000,1.0734
1202510,1.4000,1.0444
1203010,1.4000,1.0694
1203510,1.4000,1.0621
1204010,1.4000,1.0629
1204510,1.4000,1.0420
1205010,1.4000,1.0549
1205510,1.4000,1.0500
1206010,1.4000,1.0549
1206510,1.4000,1.0541
1207010,1.4000,1.0557
1207510,1.4000,1.0557
1208010,1.4000,1.0476
1208510,1.4000,1.0460
1209010,1.4000,1.0396
1209510,1.4000,1.0533
1210010,1.4000,1.0468
1210510,1.4000,1.0492
1211010,1.4000,1.0468
1211510,1.4000,1.0565
1212010,1.4000,1.0597
1212510,1.4000,1.0500
1213010,1.4000,1.0541
1213510,1.4000,1.0444
1214010,1.4000,1.0565
1214510,1.4000,1.0573
1215010,1.4000,1.0581
1215510,1.4000,1.0500
1216010,1.4000,1.0589
1216510,1.4000,1.0452
1217010,1.4000,1.0533
1217510,1.4000,1.0629
1218010,1.4000,1.0533
1218510,1.4000,1.0565
1219010,1.4000,1.0573
1219510,1.4000,1.0565
1220010,1.4000,1.0766
1220510,1.4000,1.0533
1221010,1.4000,1.0613
1221510,1.4000,1.0549
1222010,1.4000,1.0468
1222510,1.4000,1.0492
1223010,1.4000,1.0541
1223510,1.4000,1.0500
1224010,1.4000,1.0516
1224510,1.4000,1.0573
1225010,1.4000,1.0508
1225510,1.4000,1.0565
1226010,1.4000,1.0573
1226510,1.4000,1.0444
1227010,1.4000,1.0468
1227510,1.4000,1.0573
1228010,1.4000,1.0533
1228510,1.4000,1.0557
1229010,1.4000,1.0621
1229510,1.4000,1.0581
1230010,1.4000,1.0533
1230510,1.4000,1.0597
1231010,1.4000,1.0428
1231510,1.4000,1.0597
1232010,1.4000,1.0549
1232510,1.4000,1.0613
1233010,1.4000,1.0549
1233510,1.4000,1.0589
1234010,1.4000,1.0500
1234510,1.4000,1.0484
1235010,1.4000,1.0662
1235510,1.4000,1.0581
1236010,1.4000,1.0565
1236510,1.4000,1.0629
1237010,1.4000,1.0589
1237510,1.4000,1.0774
1238010,1.4000,1.0629
1238510,1.4000,1.0702
1239010,1.4000,1.0557
1239510,1.4000,1.0484
1240010,1.4000,1.0557
1240510,1.4000,1.0573
1241010,1.4000,1.0589
1241510,1.4000,1.0525
1242010,1.4000,1.0549
1242510,1.4000,1.0460
1243010,1.4000,1.0613
1243510,1.4000,1.0516
1244010,1.4000,1.0508
1244510,1.4000,1.0742
1245010,1.4000,1.0557
1245510,1.4000,1.0589
1246010,1.4000,1.0468
1246510,1.4000,1.0525
1247010,1.4000,1.0541
1247510,1.4000,1.0468
1248010,1.4000,1.0565
1248510,1.4000,1.0420
1249010,1.4000,1.0565
1249510,1.4000,1.0629
1250010,1.4000,1.0573
1250510,1.4000,1.0516
1251010,1.4000,1.0549
1251510,1.4000,1.0525
1252010,1.4000,1.0613
1252510,1.4000,1.0500
1253010,1.4000,1.0573
1253510,1.4000,1.0533
1254010,1.4000,1.0525
1254510,1.4000,1.0573
1255010,1.4000,1.0645
1255510,1.4000,1.0823
1256010,1.4000,1.0476
1256510,1.4000,1.0597
1257010,1.4000,1.0541
1257510,1.4000,1.0581
1258010,1.4000,1.0565
1258510,1.4000,1.0492
1259010,1.4000,1.0549
1259510,1.4000,1.0613
1260010,1.4000,1.0516
1260510,1.4000,1.0516
1261010,1.4000,1.0597
1261510,1.4000,1.0621
1262010,1.4000,1.0702
1262510,1.4000,1.0533
1263010,1.4000,1.0541
1263510,1.4000,1.0629
1264010,1.4000,1.0621
1264510,1.4000,1.0452
1265010,1.4000,1.0629
1265510,1.4000,1.0742
1266010,1.4000,1.0621
1266510,1.4000,1.0702
1267010,1.4000,1.0533
1267510,1.4000,1.0525
1268010,1.4000,1.0565
1268510,1.4000,1.0444
1269010,1.4000,1.0621
1269510,1.4000,1.0565
1270010,1.4000,1.0557
1270510,1.4000,1.0678
1271010,1.4000,1.0621
1271510,1.4000,1.0670
1272010,1.4000,1.0549
1272510,1.4000,1.0621
1273010,1.4000,1.0589
1273510,1.4000,1.0533
1274010,1.4000,1.0637
1274510,1.4000,1.0565
1275010,1.4000,1.0670
1275510,1.4000,1.0597
1276010,1.4000,1.0629
1276510,1.4000,1.0573
1277010,1.4000,1.0662
1277510,1.4000,1.0621
1278010,1.4000,1.0589
1278510,1.4000,1.0879
1279010,1.4000,1.0645
1279510,1.4000,1.0613
1280010,1.4000,1.0629
1280510,1.4000,1.0621
1281010,1.4000,1.0653
1281510,1.4000,1.0484
1282010,1.4000,1.0444
1282510,1.4000,1.0710
1283010,1.4000,1.0694
1283510,1.4000,1.0653
1284010,1.4000,1.0581
1284510,1.4000,1.0645
1285010,1.4000,1.0613
1285510,1.4000,1.0444
1286010,1.4000,1.0533
1286510,1.4000,1.0686
1287010,1.4000,1.0621
1287510,1.4000,1.0549
1288010,1.4000,1.0637
1288510,1.4000,1.0750
1289010,1.4000,1.0525
1289510,1.4000,1.0581
1290010,1.4000,1.0613
1290510,1.4000,1.0533
1291010,1.4000,1.0589
1291510,1.4000,1.0678
1292010,1.4000,1.0823
1292510,1.4000,1.0452
1293010,1.4000,1.0645
1293510,1.4000,1.0629
1294010,1.4000,1.0694
1294510,1.4000,1.0653
1295010,1.4000,1.0694
1295510,1.4000,1.0500
1296010,1.4000,1.0597
1296510,1.4000,1.0629
1297010,1.4000,1.0694
1297510,1.4000,1.0629
1298010,1.4000,1.0662
1298510,1.4000,1.0541
1299010,1.4000,1.0653
1299510,1.4000,1.0500
1300010,1.4000,1.0629
1300510,1.4000,1.0629
1301010,1.4000,1.0549
1301510,1.4000,1.0629
1302010,1.4000,1.0694
1302510,1.4000,1.0831
1303010,1.4000,1.0581
1303510,1.4000,1.0653
1304010,1.4000,1.0573
1304510,1.4000,1.0710
1305010,1.4000,1.0718
1305510,1.4000,1.0589
1306010,1.4000,1.0694
1306510,1.4000,1.0734
1307010,1.4000,1.0758
1307510,1.4000,1.0613
1308010,1.4000,1.0605
1308510,1.4000,1.0541
1309010,1.4000,1.0597
1309510,1.4000,1.0662
1310010,1.4000,1.0653
1310510,1.4000,1.0670
1311010,1.4000,1.0686
1311510,1.4000,1.0557
1312010,1.4000,1.0653
1312510,1.4000,1.0662
1313010,1.4000,1.0653
1313510,1.4000,1.0653
1314010,1.4000,1.0597
1314510,1.4000,1.0629
1315010,1.4000,1.0807
1315510,1.4000,1.0396
1316010,1.4000,1.0774
1316510,1.4000,1.0710
1317010,1.4000,1.0694
1317510,1.4000,1.0710
1318010,1.4000,1.0605
1318510,1.4000,1.0702
1319010,1.4000,1.0686
1319510,1.4000,1.0621
1320010,1.4000,1.0565
1320510,1.4000,1.0662
1321010,1.4000,1.0670
1321510,1.4000,1.0581
1322010,1.4000,1.0653
1322510,1.4000,1.0629
1323010,1.4000,1.0573
1323510,1.4000,1.0581
1324010,1.4000,1.0702
1324510,1.4000,1.0597
1325010,1.4000,1.0605
1325510,1.4000,1.0613
1326010,1.4000,1.0678
1326510,1.4000,1.0613
1327010,1.4000,1.0476
1327510,1.4000,1.0629
1328010,1.4000,1.0621
1328510,1.4000,1.0589
1329010,1.4000,1.0702
1329510,1.4000,1.0702
1330010,1.4000,1.0710
1330510,1.4000,1.0662
1331010,1.4000,1.0613
1331510,1.4000,1.0621
1332010,1.4000,1.0621
1332510,1.4000,1.0653
1333010,1.4000,1.0678
1333510,1.4000,1.0670
1334010,1.4000,1.0774
1334510,1.4000,1.0694
1335010,1.4000,1.0653
1335510,1.4000,1.0662
1336010,1.4000,1.0653
1336510,1.4000,1.0645
1337010,1.4000,1.0653
1337510,1.4000,1.0710
1338010,1.4000,1.0702
1338510,1.4000,1.0670
1339010,1.4000,1.0702
1339510,1.4000,1.0613
1340010,1.4000,1.0589
1340510,1.4000,1.0694
1341010,1.4000,1.0645
1341510,1.4000,1.0629
1342010,1.4000,1.0686
1342510,1.4000,1.0645
1343010,1.4000,1.0468
1343510,1.4000,1.0686
1344010,1.4000,1.0621
1344510,1.4000,1.0645
1345010,1.4000,1.0653
1345510,1.4000,1.0629
1346010,1.4000,1.0629
1346510,1.4000,1.0686
1347010,1.4000,1.0653
1347510,1.4000,1.0629
1348010,1.4000,1.0613
1348510,1.4000,1.0662
1349010,1.4000,1.0702
1349510,1.4000,1.0613
1350010,1.4000,1.0678
1350510,1.4000,1.0718
1351010,1.4000,1.0678
1351510,1.4000,1.0710
1352010,1.4000,1.0653
1352510,1.4000,1.0678
1353010,1.4000,1.0976
1353510,1.4000,1.0758
1354010,1.4000,1.0694
1354510,1.4000,1.0726
1355010,1.4000,1.0694
1355510,1.4000,1.0702
1356010,1.4000,1.0718
1356510,1.4000,1.0613
1357010,1.4000,1.1000
1357510,1.4000,1.0605
1358010,1.4000,1.0670
1358510,1.4000,1.0645
1359010,1.4000,1.0702
1359510,1.4000,1.0710
1360010,1.4000,1.0629
1360510,1.4000,1.0629
1361010,1.4000,1.0758
1361510,1.4000,1.0686
1362010,1.4000,1.0694
1362510,1.4000,1.0694
1363010,1.4000,1.0710
1363510,1.4000,1.0662
1364010,1.4000,1.0597
1364510,1.4000,1.0662
1365010,1.4000,1.0686
1365510,1.4000,1.0702
1366010,1.4000,1.0702
1366510,1.4000,1.0742
1367010,1.4000,1.0702
1367510,1.4000,1.0718
1368010,1.4000,1.0653
1368510,1.4000,1.0710
1369010,1.4000,1.0726
1369510,1.4000,1.0653
1370010,1.4000,1.0702
1370510,1.4000,1.0702
1371010,1.4000,1.0734
1371510,1.4000,1.0734
1372010,1.4000,1.0621
1372510,1.4000,1.0662
1373010,1.4000,1.0662
1373510,1.4000,1.0702
1374010,1.4000,1.0734
1374510,1.4000,1.0758
1375010,1.4000,1.0710
1375510,1.4000,1.0790
1376010,1.4000,1.0742
1376510,1.4000,1.0662
1377010,1.4000,1.0629
1377510,1.4000,1.0790
1378010,1.4000,1.0702
1378510,1.4000,1.0758
1379010,1.4000,1.0702
1379510,1.4000,1.0678
1380010,1.4000,1.0702
1380510,1.4000,1.0702
1381010,1.4000,1.0557
1381510,1.4000,1.0597
1382010,1.4000,1.0653
1382510,1.4000,1.0589
1383010,1.4000,1.0694
1383510,1.4000,1.0629
1384010,1.4000,1.0726
1384510,1.4000,1.0774
1385010,1.4000,1.0944
1385510,1.4000,1.0782
1386010,1.4000,1.0613
1386510,1.4000,1.0702
1387010,1.4000,1.0879
1387510,1.4000,1.0871
1388010,1.4000,1.0694
1388510,1.4000,1.0662
1389010,1.4000,1.0702
1389510,1.4000,1.0645
1390010,1.4000,1.0750
1390510,1.4000,1.0702
1391010,1.4000,1.0565
1391510,1.4000,1.0629
1392010,1.4000,1.0694
1392510,1.4000,1.0742
1393010,1.4000,1.0670
1393510,1.4000,1.0758
1394010,1.4000,1.1040
1394510,1.4000,1.0702
1395010,1.4000,1.0718
1395510,1.4000,1.0726
1396010,1.4000,1.0702
1396510,1.4000,1.0742
1397010,1.4000,1.0678
1397510,1.4000,1.0831
1398010,1.4000,1.0807
1398510,1.4000,1.0613
1399010,1.4000,1.0742
1399510,1.4000,1.0742
1400010,1.4000,1.0839
1400510,1.4000,1.0645
1401010,1.4000,1.0662
1401510,1.4000,1.0718
1402010,1.4000,1.0702
1402510,1.4000,1.0742
1403010,1.4000,1.0710
1403510,1.4000,1.0710
1404010,1.4000,1.0629
1404510,1.4000,1.0678
1405010,1.4000,1.0839
1405510,1.4000,1.0823
1406010,1.4000,1.0581
1406510,1.4000,1.0718
1407010,1.4000,1.0726
1407510,1.4000,1.0702
1408010,1.4000,1.0702
1408510,1.4000,1.0742
1409010,1.4000,1.0726
1409510,1.4000,1.0702
1410010,1.4000,1.0750
1410510,1.4000,1.0637
1411010,1.4000,1.0710
1411510,1.4000,1.0702
1412010,1.4000,1.0750
1412510,1.4000,1.0710
1413010,1.4000,1.0750
1413510,1.4000,1.0702
1414010,1.4000,1.0831
1414510,1.4000,1.0758
1415010,1.4000,1.0702
1415510,1.4000,1.0702
1416010,1.4000,1.0782
1416510,1.4000,1.0734
1417010,1.4000,1.0557
1417510,1.4000,1.0710
1418010,1.4000,1.0799
1418510,1.4000,1.0823
1419010,1.4000,1.0734
1419510,1.4000,1.0750
1420010,1.4000,1.0718
1420510,1.4000,1.0742
1421010,1.4000,1.0919
1421510,1.4000,1.0718
1422010,1.4000,1.0879
1422510,1.4000,1.0726
1423010,1.4000,1.0718
1423510,1.4000,1.0750
1424010,1.4000,1.0750
1424510,1.4000,1.0702
1425010,1.4000,1.0718
1425510,1.4000,1.0734
1426010,1.4000,1.0710
1426510,1.4000,1.0726
1427010,1.4000,1.0750
1427510,1.4000,1.0726
1428010,1.4000,1.0815
1428510,1.4000,1.0758
1429010,1.4000,1.0758
1429510,1.4000,1.0815
1430010,1.4000,1.0718
1430510,1.4000,1.0823
1431010,1.4000,1.0758
1431510,1.4000,1.0782
1432010,1.4000,1.0807
1432510,1.4000,1.0750
1433010,1.4000,1.0815
1433510,1.4000,1.0960
1434010,1.4000,1.0702
1434510,1.4000,1.0790
1435010,1.4000,1.0742
1435510,1.4000,1.0782
1436010,1.4000,1.0823
1436510,1.4000,1.0782
1437010,1.4000,1.0823
1437510,1.4000,1.0710
1438010,1.4000,1.0823
1438510,1.4000,1.0670
1439010,1.4000,1.0790
1439510,1.4000,1.0702
1440010,1.4000,1.0807
1440510,1.4000,1.0702
1441010,1.4000,1.0774
1441510,1.4000,1.0807
1442010,1.4000,1.0823
1442510,1.4000,1.0790
1443010,1.4000,1.0718
1443510,1.4000,1.0887
1444010,1.4000,1.0742
1444510,1.4000,1.0831
1445010,1.4000,1.0742
1445510,1.4000,1.0815
1446010,1.4000,1.0702
1446510,1.4000,1.0815
1447010,1.4000,1.0718
1447510,1.4000,1.0831
1448010,1.4000,1.0782
1448510,1.4000,1.0694
1449010,1.4000,1.0742
1449510,1.4000,1.0758
1450010,1.4000,1.1032
1450510,1.4000,1.0855
1451010,1.4000,1.0726
1451510,1.4000,1.0774
1452010,1.4000,1.0879
1452510,1.4000,1.0855
1453010,1.4000,1.0815
1453510,1.4000,1.0823
1454010,1.4000,1.0758
1454510,1.4000,1.0750
1455010,1.4000,1.0807
1455510,1.4000,1.0790
1456010,1.4000,1.0799
1456510,1.4000,1.0839
1457010,1.4000,1.0782
1457510,1.4000,1.0742
1458010,1.4000,1.0742
1458510,1.4000,1.0863
1459010,1.4000,1.0782
1459510,1.4000,1.0742
1460010,1.4000,1.0742
1460510,1.4000,1.0702
1461010,1.4000,1.0807
1461510,1.4000,1.0678
1462010,1.4000,1.0823
1462510,1.4000,1.0839
1463010,1.4000,1.0815
1463510,1.4000,1.0742
1464010,1.4000,1.0839
1464510,1.4000,1.0815
1465010,1.4000,1.0782
1465510,1.4000,1.0911
1466010,1.4000,1.0887
1466510,1.4000,1.0831
1467010,1.4000,1.0831
1467510,1.4000,1.0831
1468010,1.4000,1.0831
1468510,1.4000,1.0621
1469010,1.4000,1.0815
1469510,1.4000,1.0807
1470010,1.4000,1.0766
1470510,1.4000,1.0847
1471010,1.4000,1.0815
1471510,1.4000,1.0871
1472010,1.4000,1.0790
1472510,1.4000,1.0815
1473010,1.4000,1.0823
1473510,1.4000,1.0936
1474010,1.4000,1.0807
1474510,1.4000,1.0863
1475010,1.4000,1.0807
1475510,1.4000,1.0734
1476010,1.4000,1.0799
1476510,1.4000,1.0710
1477010,1.4000,1.0790
1477510,1.4000,1.0742
1478010,1.4000,1.0879
1478510,1.4000,1.0710
1479010,1.4000,1.0710
1479510,1.4000,1.0839
1480010,1.4000,1.0887
1480510,1.4000,1.0831
1481010,1.4000,1.0782
1481510,1.4000,1.0839
1482010,1.4000,1.0742
1482510,1.4000,1.0831
1483010,1.4000,1.0726
1483510,1.4000,1.0944
1484010,1.4000,1.0815
1484510,1.4000,1.0790
1485010,1.4000,1.0855
1485510,1.4000,1.0815
1486010,1.4000,1.0847
1486510,1.4000,1.0782
1487010,1.4000,1.0662
1487510,1.4000,1.0831
1488010,1.4000,1.0855
1488510,1.4000,1.0790
1489010,1.4000,1.0807
1489510,1.4000,1.1201
1490010,1.4000,1.0815
1490510,1.4000,1.0807
1491010,1.4000,1.0815
1491510,1.4000,1.0895
1492010,1.4000,1.0919
1492510,1.4000,1.0855
1493010,1.4000,1.0887
1493510,1.4000,1.0839
1494010,1.4000,1.0823
1494510,1.4000,1.0782
1495010,1.4000,1.0855
1495510,1.4000,1.0823
1496010,1.4000,1.0871
1496510,1.4000,1.1048
1497010,1.4000,1.0895
1497510,1.4000,1.0790
1498010,1.4000,1.0919
1498510,1.4000,1.0799
1499010,1.4000,1.0774
1499510,1.4000,1.0831
1500010,1.4000,1.0815
1500510,1.4000,1.0855
1501010,1.4000,1.0823
1501510,1.4000,1.0750
1502010,1.4000,1.0790
1502510,1.4000,1.0823
1503010,1.4000,1.0855
1503510,1.4000,1.0847
1504010,1.4000,1.0823
1504510,1.4000,1.0903
1505010,1.4000,1.0799
1505510,1.4000,1.0839
1506010,1.4000,1.0807
1506510,1.4000,1.0734
1507010,1.4000,1.0565
1507510,1.4000,1.0742
1508010,1.4000,1.0919
1508510,1.4000,1.0839
1509010,1.4000,1.0823
1509510,1.4000,1.0911
1510010,1.4000,1.0895
1510510,1.4000,1.0831
1511010,1.4000,1.0823
1511510,1.4000,1.0879
1512010,1.4000,1.0815
1512510,1.4000,1.0871
1513010,1.4000,1.0750
1513510,1.4000,1.0790
1514010,1.4000,1.0790
1514510,1.4000,1.0774
1515010,1.4000,1.0799
1515510,1.4000,1.0782
1516010,1.4000,1.0855
1516510,1.4000,1.0823
1517010,1.4000,1.0847
1517510,1.4000,1.0782
1518010,1.4000,1.0863
1518510,1.4000,1.0799
1519010,1.4000,1.0855
1519510,1.4000,1.0815
1520010,1.4000,1.1089
1520510,1.4000,1.0782
1521010,1.4000,1.0839
1521510,1.4000,1.0823
1522010,1.4000,1.0839
1522510,1.4000,1.0903
1523010,1.4000,1.0863
1523510,1.4000,1.0879
1524010,1.4000,1.0936
1524510,1.4000,1.0831
1525010,1.4000,1.0807
1525510,1.4000,1.0895
1526010,1.4000,1.1032
1526510,1.4000,1.0855
1527010,1.4000,1.0831
1527510,1.4000,1.0871
1528010,1.4000,1.0831
1528510,1.4000,1.0726
1529010,1.4000,1.0839
1529510,1.4000,1.0815
1530010,1.4000,1.0831
1530510,1.4000,1.0871
1531010,1.4000,1.0815
1531510,1.4000,1.0919
1532010,1.4000,1.0887
1532510,1.4000,1.0758
1533010,1.4000,1.0815
1533510,1.4000,1.0879
1534010,1.4000,1.0855
1534510,1.4000,1.0702
1535010,1.4000,1.0790
1535510,1.4000,1.0855
1536010,1.4000,1.0944
1536510,1.4000,1.0823
1537010,1.4000,1.0823
1537510,1.4000,1.0815
1538010,1.4000,1.0855
1538510,1.4000,1.0903
1539010,1.4000,1.0911
1539510,1.4000,1.0758
1540010,1.4000,1.0919
1540510,1.4000,1.0887
1541010,1.4000,1.0936
1541510,1.4000,1.0919
1542010,1.4000,1.0742
1542510,1.4000,1.0927
1543010,1.4000,1.0839
1543510,1.4000,1.0887
1544010,1.4000,1.0927
1544510,1.4000,1.0831
1545010,1.4000,1.0847
1545510,1.4000,1.0702
1546010,1.4000,1.0831
1546510,1.4000,1.0790
1547010,1.4000,1.0823
1547510,1.4000,1.0831
1548010,1.4000,1.0815
1548510,1.4000,1.0790
1549010,1.4000,1.0855
1549510,1.4000,1.1008
1550010,1.4000,1.0927
1550510,1.4000,1.0782
1551010,1.4000,1.0968
1551510,1.4000,1.0823
1552010,1.4000,1.0782
1552510,1.4000,1.0911
1553010,1.4000,1.0960
1553510,1.4000,1.0871
1554010,1.4000,1.0823
1554510,1.4000,1.0903
1555010,1.4000,1.0790
1555510,1.4000,1.0936
1556010,1.4000,1.0895
1556510,1.4000,1.0960
1557010,1.4000,1.0879
1557510,1.4000,1.0903
1558010,1.4000,1.0863
1558510,1.4000,1.0871
1559010,1.4000,1.0831
1559510,1.4000,1.0863
1560010,1.4000,1.0871
1560510,1.4000,1.0847
1561010,1.4000,1.0807
1561510,1.4000,1.0871
1562010,1.4000,1.0960
1562510,1.4000,1.0831
1563010,1.4000,1.0879
1563510,1.4000,1.0782
1564010,1.4000,1.0911
1564510,1.4000,1.0823
1565010,1.4000,1.0887
1565510,1.4000,1.0960
1566010,1.4000,1.0831
1566510,1.4000,1.0799
1567010,1.4000,1.0960
1567510,1.4000,1.0936
1568010,1.4000,1.0879
1568510,1.4000,1.0839
1569010,1.4000,1.0831
1569510,1.4000,1.0847
1570010,1.4000,1.0782
1570510,1.4000,1.0919
1571010,1.4000,1.0847
1571510,1.4000,1.0871
1572010,1.4000,1.0919
1572510,1.4000,1.0718
1573010,1.4000,1.0887
1573510,1.4000,1.0815
1574010,1.4000,1.0887
1574510,1.4000,1.0952
1575010,1.4000,1.0831
1575510,1.4000,1.0782
1576010,1.4000,1.0952
1576510,1.4000,1.0960
1577010,1.4000,1.0887
1577510,1.4000,1.0960
1578010,1.4000,1.0919
1578510,1.4000,1.0855
1579010,1.4000,1.0879
1579510,1.4000,1.0911
1580010,1.4000,1.0911
1580510,1.4000,1.0879
1581010,1.4000,1.0960
1581510,1.4000,1.0968
1582010,1.4000,1.0960
1582510,1.4000,1.1048
1583010,1.4000,1.0855
1583510,1.4000,1.0839
1584010,1.4000,1.0936
1584510,1.4000,1.0887
1585010,1.4000,1.0944
1585510,1.4000,1.0855
1586010,1.4000,1.0823
1586510,1.4000,1.0871
1587010,1.4000,1.0960
1587510,1.4000,1.0960
1588010,1.4000,1.0533
1588510,1.4000,1.0952
1589010,1.4000,1.0887
1589510,1.4000,1.0960
1590010,1.4000,1.0960
1590510,1.4000,1.0887
1591010,1.4000,1.0702
1591510,1.4000,1.0823
1592010,1.4000,1.1040
1592510,1.4000,1.0903
1593010,1.4000,1.0944
1593510,1.4000,1.0960
1594010,1.4000,1.0887
1594510,1.4000,1.0831
1595010,1.4000,1.0911
1595510,1.4000,1.0871
1596010,1.4000,1.0960
1596510,1.4000,1.1081
1597010,1.4000,1.0960
1597510,1.4000,1.0855
1598010,1.4000,1.0944
1598510,1.4000,1.0919
1599010,1.4000,1.0758
1599510,1.4000,1.0944
1600010,1.4000,1.1008
1600510,1.4000,1.0879
1601010,1.4000,1.0919
1601510,1.4000,1.0750
1602010,1.4000,1.0879
1602510,1.4000,1.0887
1603010,1.4000,1.0871
1603510,1.4000,1.0944
1604010,1.4000,1.0919
1604510,1.4000,1.0944
1605010,1.4000,1.0984
1605510,1.4000,1.1032
1606010,1.4000,1.0952
1606510,1.4000,1.0879
1607010,1.4000,1.0968
1607510,1.4000,1.0758
1608010,1.4000,1.0936
1608510,1.4000,1.0799
1609010,1.4000,1.0960
1609510,1.4000,1.0927
1610010,1.4000,1.0879
1610510,1.4000,1.0839
1611010,1.4000,1.0903
1611510,1.4000,1.0911
1612010,1.4000,1.0919
1612510,1.4000,1.1000
1613010,1.4000,1.0903
1613510,1.4000,1.1032
1614010,1.4000,1.0960
1614510,1.4000,1.0936
1615010,1.4000,1.0903
1615510,1.4000,1.0976
1616010,1.4000,1.0863
1616510,1.4000,1.0887
1617010,1.4000,1.0936
1617510,1.4000,1.0936
1618010,1.4000,1.1081
1618510,1.4000,1.0903
1619010,1.4000,1.0960
1619510,1.4000,1.0960
1620010,1.4000,1.1129
1620510,1.4000,1.0992
1621010,1.4000,1.0952
1621510,1.4000,1.0831
1622010,1.4000,1.0887
1622510,1.4000,1.0968
1623010,1.4000,1.0944
1623510,1.4000,1.0984
1624010,1.4000,1.0960
1624510,1.4000,1.0927
1625010,1.4000,1.1040
1625510,1.4000,1.0952
1626010,1.4000,1.0911
1626510,1.4000,1.0944
1627010,1.4000,1.0815
1627510,1.4000,1.0952
1628010,1.4000,1.0911
1628510,1.4000,1.0968
1629010,1.4000,1.1137
1629510,1.4000,1.0968
1630010,1.4000,1.1016
1630510,1.4000,1.0960
1631010,1.4000,1.0960
1631510,1.4000,1.1040
1632010,1.4000,1.0823
1632510,1.4000,1.1008
1633010,1.4000,1.1016
1633510,1.4000,1.1016
1634010,1.4000,1.0960
1634510,1.4000,1.0839
1635010,1.4000,1.0984
1635510,1.4000,1.0919
1636010,1.4000,1.0976
1636510,1.4000,1.0968
1637010,1.4000,1.0944
1637510,1.4000,1.0847
1638010,1.4000,1.0960
1638510,1.4000,1.0960
1639010,1.4000,1.0960
1639510,1.4000,1.0960
1640010,1.4000,1.0944
1640510,1.4000,1.0976
1641010,1.4000,1.0960
1641510,1.4000,1.0992
1642010,1.4000,1.0944
1642510,1.4000,1.0960
1643010,1.4000,1.0984
1643510,1.4000,1.0976
1644010,1.4000,1.0911
1644510,1.4000,1.0992
1645010,1.4000,1.0927
1645510,1.4000,1.1032
1646010,1.4000,1.0960
1646510,1.4000,1.0984
1647010,1.4000,1.0960
1647510,1.4000,1.0992
1648010,1.4000,1.0936
1648510,1.4000,1.1145
1649010,1.4000,1.0992
1649510,1.4000,1.0855
1650010,1.4000,1.0952
1650510,1.4000,1.0952
1651010,1.4000,1.0944
1651510,1.4000,1.0927
1652010,1.4000,1.0831
1652510,1.4000,1.0984
1653010,1.4000,1.0960
1653510,1.4000,1.1016
1654010,1.4000,1.0952
1654510,1.4000,1.0976
1655010,1.4000,1.0903
1655510,1.4000,1.1242
1656010,1.4000,1.0952
1656510,1.4000,1.0968
1657010,1.4000,1.0919
1657510,1.4000,1.1056
1658010,1.4000,1.0952
1658510,1.4000,1.0960
1659010,1.4000,1.0960
1659510,1.4000,1.0903
1660010,1.4000,1.0952
1660510,1.4000,1.1032
1661010,1.4000,1.1016
1661510,1.4000,1.1016
1662010,1.4000,1.0863
1662510,1.4000,1.0984
1663010,1.4000,1.0976
1663510,1.4000,1.0936
1664010,1.4000,1.0936
1664510,1.4000,1.0960
1665010,1.4000,1.0960
1665510,1.4000,1.0960
1666010,1.4000,1.0960
1666510,1.4000,1.0839
1667010,1.4000,1.0960
1667510,1.4000,1.0944
1668010,1.4000,1.1193
1668510,1.4000,1.0960
1669010,1.4000,1.0952
1669510,1.4000,1.0919
1670010,1.4000,1.1000
1670510,1.4000,1.0968
1671010,1.4000,1.0960
1671510,1.4000,1.1193
1672010,1.4000,1.0960
1672510,1.4000,1.0944
1673010,1.4000,1.0944
1673510,1.4000,1.0936
1674010,1.4000,1.1000
1674510,1.4000,1.0984
1675010,1.4000,1.0815
1675510,1.4000,1.0992
1676010,1.4000,1.0976
1676510,1.4000,1.0984
1677010,1.4000,1.0952
1677510,1.4000,1.1016
1678010,1.4000,1.0992
1678510,1.4000,1.0879
1679010,1.4000,1.1016
1679510,1.4000,1.0944
1680010,1.4000,1.1040
1680510,1.4000,1.1016
1681010,1.4000,1.0952
1681510,1.4000,1.1129
1682010,1.4000,1.0944
1682510,1.4000,1.0976
1683010,1.4000,1.1016
1683510,1.4000,1.1056
1684010,1.4000,1.0976
1684510,1.4000,1.1048
1685010,1.4000,1.0968
1685510,1.4000,1.0919
1686010,1.4000,1.0976
1686510,1.4000,1.0960
1687010,1.4000,1.1008
1687510,1.4000,1.0960
1688010,1.4000,1.1145
1688510,1.4000,1.0960
1689010,1.4000,1.1056
1689510,1.4000,1.1032
1690010,1.4000,1.1008
1690510,1.4000,1.0960
1691010,1.4000,1.1016
1691510,1.4000,1.1105
1692010,1.4000,1.1016
1692510,1.4000,1.0976
1693010,1.4000,1.1056
1693510,1.4000,1.0879
1694010,1.4000,1.0895
1694510,1.4000,1.1177
1695010,1.4000,1.0992
1695510,1.4000,1.1040
1696010,1.4000,1.0919
1696510,1.4000,1.1000
1697010,1.4000,1.0960
1697510,1.4000,1.0944
1698010,1.4000,1.1137
1698510,1.4000,1.0968
1699010,1.4000,1.1048
1699510,1.4000,1.0976
1700010,1.4000,1.1008
1700510,1.4000,1.1040
1701010,1.4000,1.0960
1701510,1.4000,1.0984
1702010,1.4000,1.1016
1702510,1.4000,1.0968
1703010,1.4000,1.1097
1703510,1.4000,1.0968
1704010,1.4000,1.1048
1704510,1.4000,1.0936
1705010,1.4000,1.1081
1705510,1.4000,1.0911
1706010,1.4000,1.1032
1706510,1.4000,1.0960
1707010,1.4000,1.1048
1707510,1.4000,1.0960
1708010,1.4000,1.0903
1708510,1.4000,1.1008
1709010,1.4000,1.1008
1709510,1.4000,1.0952
1710010,1.4000,1.1000
1710510,1.4000,1.0903
1711010,1.4000,1.0960
1711510,1.4000,1.0919
1712010,1.4000,1.1048
1712510,1.4000,1.1000
1713010,1.4000,1.1048
1713510,1.4000,1.0960
1714010,1.4000,1.1040
1714510,1.4000,1.0960
1715010,1.4000,1.1073
1715510,1.4000,1.1081
1716010,1.4000,1.1056
1716510,1.4000,1.0911
1717010,1.4000,1.0952
1717510,1.4000,1.0960
1718010,1.4000,1.0976
1718510,1.4000,1.0758
1719010,1.4000,1.0960
1719510,1.4000,1.0968
1720010,1.4000,1.1073
1720510,1.4000,1.1032
1721010,1.4000,1.0960
1721510,1.4000,1.0960
1722010,1.4000,1.0944
1722510,1.4000,1.1064
1723010,1.4000,1.0976
1723510,1.4000,1.0976
1724010,1.4000,1.1048
1724510,1.4000,1.0903
1725010,1.4000,1.1048
1725510,1.4000,1.1073
1726010,1.4000,1.1008
1726510,1.4000,1.1016
1727010,1.4000,1.1008
1727510,1.4000,1.0887
1728010,1.4000,1.0992
1728510,1.4000,1.1177
1729010,1.4000,1.1032
1729510,1.4000,1.1113
1730010,1.4000,1.1048
1730510,1.4000,1.0919
1731010,1.4000,1.1105
1731510,1.4000,1.0968
1732010,1.4000,1.1081
1732510,1.4000,1.1113
1733010,1.4000,1.1137
1733510,1.4000,1.1145
1734010,1.4000,1.0960
1734510,1.4000,1.1258
1735010,1.4000,1.1048
1735510,1.4000,1.1040
1736010,1.4000,1.0976
1736510,1.4000,1.0968
1737010,1.4000,1.1137
1737510,1.4000,1.1032
1738010,1.4000,1.0976
1738510,1.4000,1.0960
1739010,1.4000,1.0984
1739510,1.4000,1.1081
1740010,1.4000,1.1016
1740510,1.4000,1.1306
1741010,1.4000,1.1008
1741510,1.4000,1.1008
1742010,1.4000,1.1048
1742510,1.4000,1.1097
1743010,1.4000,1.1016
1743510,1.4000,1.1040
1744010,1.4000,1.1379
1744510,1.4000,1.1032
1745010,1.4000,1.1105
1745510,1.4000,1.1081
1746010,1.4000,1.0960
1746510,1.4000,1.0984
1747010,1.4000,1.1016
1747510,1.4000,1.1298
1748010,1.4000,1.1097
1748510,1.4000,1.1000
1749010,1.4000,1.1064
1749510,1.4000,1.1073
1750010,1.4000,1.1081
1750510,1.4000,1.1137
1751010,1.4000,1.0968
1751510,1.4000,1.1000
1752010,1.4000,1.1121
1752510,1.4000,1.1040
1753010,1.4000,1.1089
1753510,1.4000,1.1000
1754010,1.4000,1.1081
1754510,1.4000,1.1169
1755010,1.4000,1.1113
1755510,1.4000,1.1145
1756010,1.4000,1.0742
1756510,1.4000,1.1032
1757010,1.4000,1.0992
1757510,1.4000,1.0984
1758010,1.4000,1.1073
1758510,1.4000,1.1129
1759010,1.4000,1.1081
1759510,1.4000,1.1097
1760010,1.4000,1.1048
1760510,1.4000,1.1073
1761010,1.4000,1.1056
1761510,1.4000,1.1048
1762010,1.4000,1.1064
1762510,1.4000,1.1064
1763010,1.4000,1.1081
1763510,1.4000,1.1073
1764010,1.4000,1.1040
1764510,1.4000,1.1048
1765010,1.4000,1.0758
1765510,1.4000,1.1201
1766010,1.4000,1.1081
1766510,1.4000,1.1169
1767010,1.4000,1.1081
1767510,1.4000,1.0887
1768010,1.4000,1.1105
1768510,1.4000,1.1000
1769010,1.4000,1.1137
1769510,1.4000,1.1113
1770010,1.4000,1.1081
1770510,1.4000,1.1145
1771010,1.4000,1.1024
1771510,1.4000,1.1105
1772010,1.4000,1.1097
1772510,1.4000,1.1008
1773010,1.4000,1.1016
1773510,1.4000,1.0976
1774010,1.4000,1.1032
1774510,1.4000,1.1129
1775010,1.4000,1.0984
1775510,1.4000,1.1121
1776010,1.4000,1.1105
1776510,1.4000,1.1016
1777010,1.4000,1.1137
1777510,1.4000,1.1048
1778010,1.4000,1.1105
1778510,1.4000,1.1201
1779010,1.4000,1.1161
1779510,1.4000,1.1016
1780010,1.4000,1.1145
1780510,1.4000,1.1073
1781010,1.4000,1.1193
1781510,1.4000,1.1008
1782010,1.4000,1.1113
1782510,1.4000,1.0984
1783010,1.4000,1.1073
1783510,1.4000,1.1129
1784010,1.4000,1.1073
1784510,1.4000,1.1081
1785010,1.4000,1.1056
1785510,1.4000,1.1048
1786010,1.4000,1.1016
1786510,1.4000,1.1089
1787010,1.4000,1.1073
1787510,1.4000,1.1185
1788010,1.4000,1.1177
1788510,1.4000,1.1089
1789010,1.4000,1.1145
1789510,1.4000,1.1081
1790010,1.4000,1.1169
1790510,1.4000,1.1169
1791010,1.4000,1.1113
1791510,1.4000,1.1073
1792010,1.4000,1.1040
1792510,1.4000,1.1040
1793010,1.4000,1.1161
1793510,1.4000,1.1298
1794010,1.4000,1.1040
1794510,1.4000,1.1177
1795010,1.4000,1.1201
1795510,1.4000,1.1105
1796010,1.4000,1.1121
1796510,1.4000,1.1089
1797010,1.4000,1.1153
1797510,1.4000,1.1040
1798010,1.4000,1.1121
1798510,1.4000,1.1081
1799010,1.4000,1.1145
1799510,1.4000,1.1048
1800010,1.4000,1.1137
1800510,1.4000,1.1032
1801010,1.4000,1.1137
1801510,1.4000,1.1105
1802010,1.4000,1.1081
1802510,1.4000,1.1097
1803010,1.4000,1.1177
1803510,1.4000,1.1097
1804010,1.4000,1.1137
1804510,1.4000,1.1113
1805010,1.4000,1.1048
1805510,1.4000,1.1064
1806010,1.4000,1.1355
1806510,1.4000,1.1081
1807010,1.4000,1.1081
1807510,1.4000,1.1048
1808010,1.4000,1.1145
1808510,1.4000,1.1105
1809010,1.4000,1.1073
1809510,1.4000,1.1105
1810010,1.4000,1.1073
1810510,1.4000,1.1137
1811010,1.4000,1.1081
1811510,1.4000,1.1177
1812010,1.4000,1.1105
1812510,1.4000,1.1137
1813010,1.4000,1.1048
1813510,1.4000,1.1234
1814010,1.4000,1.1105
1814510,1.4000,1.1161
1815010,1.4000,1.1210
1815510,1.4000,1.1121
1816010,1.4000,1.1129
1816510,1.4000,1.1137
1817010,1.4000,1.1089
1817510,1.4000,1.1137
1818010,1.4000,1.1145
1818510,1.4000,1.1113
1819010,1.4000,1.1322
1819510,1.4000,1.1089
1820010,1.4000,1.1137
1820510,1.4000,1.1129
1821010,1.4000,1.1089
1821510,1.4000,1.1322
1822010,1.4000,1.1177
1822510,1.4000,1.1129
1823010,1.4000,1.1089
1823510,1.4000,1.1073
1824010,1.4000,1.1089
1824510,1.4000,1.1129
1825010,1.4000,1.1129
1825510,1.4000,1.1105
1826010,1.4000,1.1250
1826510,1.4000,1.1113
1827010,1.4000,1.1153
1827510,1.4000,1.1193
1828010,1.4000,1.1145
1828510,1.4000,1.1129
1829010,1.4000,1.1097
1829510,1.4000,1.1169
1830010,1.4000,1.1210
1830510,1.4000,1.1081
1831010,1.4000,1.1048
1831510,1.4000,1.1097
1832010,1.4000,1.1113
1832510,1.4000,1.1040
1833010,1.4000,1.1113
1833510,1.4000,1.0992
1834010,1.4000,1.1089
1834510,1.4000,1.1201
1835010,1.4000,1.1064
1835510,1.4000,1.1177
1836010,1.4000,1.1218
1836510,1.4000,1.1097
1837010,1.4000,1.0992
1837510,1.4000,1.1145
1838010,1.4000,1.1137
1838510,1.4000,1.1161
1839010,1.4000,1.1105
1839510,1.4000,1.1097
1840010,1.4000,1.0960
1840510,1.4000,1.1089
1841010,1.4000,1.1097
1841510,1.4000,1.1145
1842010,1.4000,1.1210
1842510,1.4000,1.1032
1843010,1.4000,1.1169
1843510,1.4000,1.1145
1844010,1.4000,1.1081
1844510,1.4000,1.0936
1845010,1.4000,1.1113
1845510,1.4000,1.1113
1846010,1.4000,1.1137
1846510,1.4000,1.1073
1847010,1.4000,1.0976
1847510,1.4000,1.1121
1848010,1.4000,1.1137
1848510,1.4000,1.1274
1849010,1.4000,1.1097
1849510,1.4000,1.1121
1850010,1.4000,1.1121
1850510,1.4000,1.1161
1851010,1.4000,1.1161
1851510,1.4000,1.1201
1852010,1.4000,1.1129
1852510,1.4000,1.1137
1853010,1.4000,1.1137
1853510,1.4000,1.1266
1854010,1.4000,1.1113
1854510,1.4000,1.1145
1855010,1.4000,1.1145
1855510,1.4000,1.1145
1856010,1.4000,1.1105
1856510,1.4000,1.1234
1857010,1.4000,1.1242
1857510,1.4000,1.1137
1858010,1.4000,1.1145
1858510,1.4000,1.1338
1859010,1.4000,1.1145
1859510,1.4000,1.1113
1860010,1.4000,1.1113
1860510,1.4000,1.1097
1861010,1.4000,1.1177
1861510,1.4000,1.1145
1862010,1.4000,1.1290
1862510,1.4000,1.1137
1863010,1.4000,1.1121
1863510,1.4000,1.1218
1864010,1.4000,1.1218
1864510,1.4000,1.1137
1865010,1.4000,1.0992
1865510,1.4000,1.1193
1866010,1.4000,1.1113
1866510,1.4000,1.1371
1867010,1.4000,1.1137
1867510,1.4000,1.1129
1868010,1.4000,1.1073
1868510,1.4000,1.1516
1869010,1.4000,1.1177
1869510,1.4000,1.1129
1870010,1.4000,1.0960
1870510,1.4000,1.1218
1871010,1.4000,1.1097
1871510,1.4000,1.1218
1872010,1.4000,1.1040
1872510,1.4000,1.1161
1873010,1.4000,1.0863
1873510,1.4000,1.1218
1874010,1.4000,1.1193
1874510,1.4000,1.1193
1875010,1.4000,1.1097
1875510,1.4000,1.1129
1876010,1.4000,1.1274
1876510,1.4000,1.1177
1877010,1.4000,1.1218
1877510,1.4000,1.1048
1878010,1.4000,1.1169
1878510,1.4000,1.1177
1879010,1.4000,1.1129
1879510,1.4000,1.1145
1880010,1.4000,1.1073
1880510,1.4000,1.1113
1881010,1.4000,1.1193
1881510,1.4000,1.1218
1882010,1.4000,1.0976
1882510,1.4000,1.1177
1883010,1.4000,1.1355
1883510,1.4000,1.1169
1884010,1.4000,1.1113
1884510,1.4000,1.1193
1885010,1.4000,1.1218
1885510,1.4000,1.1145
1886010,1.4000,1.1081
1886510,1.4000,1.1201
1887010,1.4000,1.1226
1887510,1.4000,1.1113
1888010,1.4000,1.1073
1888510,1.4000,1.1266
1889010,1.4000,1.1193
1889510,1.4000,1.1105
1890010,1.4000,1.1218
1890510,1.4000,1.1201
1891010,1.4000,1.1161
1891510,1.4000,1.1210
1892010,1.4000,1.1105
1892510,1.4000,1.1210
1893010,1.4000,1.1185
1893510,1.4000,1.1177
1894010,1.4000,1.1210
1894510,1.4000,1.1137
1895010,1.4000,1.1193
1895510,1.4000,1.1218
1896010,1.4000,1.1226
1896510,1.4000,1.1387
1897010,1.4000,1.1210
1897510,1.4000,1.1218
1898010,1.4000,1.1210
1898510,1.4000,1.1145
1899010,1.4000,1.1201
1899510,1.4000,1.1145
1900010,1.4000,1.1145
1900510,1.4000,1.1185
1901010,1.4000,1.0823
1901510,1.4000,1.1218
1902010,1.4000,1.1113
1902510,1.4000,1.1218
1903010,1.4000,1.0871
1903510,1.4000,1.1322
1904010,1.4000,1.1185
1904510,1.4000,1.1201
1905010,1.4000,1.1056
1905510,1.4000,1.1218
1906010,1.4000,1.1121
1906510,1.4000,1.1210
1907010,1.4000,1.1064
1907510,1.4000,1.1073
1908010,1.4000,1.1177
1908510,1.4000,1.1177
1909010,1.4000,1.1234
1909510,1.4000,1.1097
1910010,1.4000,1.1218
1910510,1.4000,1.1218
1911010,1.4000,1.1210
1911510,1.4000,1.1258
1912010,1.4000,1.1073
1912510,1.4000,1.1201
1913010,1.4000,1.1330
1913510,1.4000,1.1210
1914010,1.4000,1.1218
1914510,1.4000,1.1210
1915010,1.4000,1.1161
1915510,1.4000,1.1218
1916010,1.4000,1.1218
1916510,1.4000,1.1177
1917010,1.4000,1.1218
1917510,1.4000,1.1169
1918010,1.4000,1.1226
1918510,1.4000,1.1201
1919010,1.4000,1.1218
1919510,1.4000,1.1105
1920010,1.4000,1.1242
1920510,1.4000,1.1161
1921010,1.4000,1.1210
1921510,1.4000,1.1201
1922010,1.4000,1.1218
1922510,1.4000,1.1234
1923010,1.4000,1.1218
1923510,1.4000,1.1201
1924010,1.4000,1.1193
1924510,1.4000,1.1274
1925010,1.4000,1.1040
1925510,1.4000,1.1201
1926010,1.4000,1.1234
1926510,1.4000,1.1282
1927010,1.4000,1.1242
1927510,1.4000,1.1201
1928010,1.4000,1.0919
1928510,1.4000,1.1201
1929010,1.4000,1.1210
1929510,1.4000,1.1234
1930010,1.4000,1.1145
1930510,1.4000,1.1177
1931010,1.4000,1.1226
1931510,1.4000,1.1210
1932010,1.4000,1.1234
1932510,1.4000,1.1298
1933010,1.4000,1.1161
1933510,1.4000,1.1226
1934010,1.4000,1.1201
1934510,1.4000,1.1169
1935010,1.4000,1.1185
1935510,1.4000,1.1250
1936010,1.4000,1.1218
1936510,1.4000,1.1145
1937010,1.4000,1.1298
1937510,1.4000,1.1218
1938010,1.4000,1.1250
1938510,1.4000,1.1210
1939010,1.4000,1.1153
1939510,1.4000,1.1242
1940010,1.4000,1.1234
1940510,1.4000,1.1218
1941010,1.4000,1.1298
1941510,1.4000,1.1113
1942010,1.4000,1.1081
1942510,1.4000,1.1218
1943010,1.4000,1.1073
1943510,1.4000,1.1500
1944010,1.4000,1.1210
1944510,1.4000,1.1210
1945010,1.4000,1.1073
1945510,1.4000,1.1322
1946010,1.4000,1.1266
1946510,1.4000,1.1105
1947010,1.4000,1.1274
1947510,1.4000,1.1210
1948010,1.4000,1.1733
1948510,1.4000,1.1298
1949010,1.4000,1.1306
1949510,1.4000,1.1234
1950010,1.4000,1.1210
1950510,1.4000,1.1177
1951010,1.4000,1.1193
1951510,1.4000,1.1218
1952010,1.4000,1.1089
1952510,1.4000,1.1218
1953010,1.4000,1.1218
1953510,1.4000,1.1169
1954010,1.4000,1.1234
1954510,1.4000,1.1193
1955010,1.4000,1.1242
1955510,1.4000,1.1258
1956010,1.4000,1.1347
1956510,1.4000,1.1234
1957010,1.4000,1.1129
1957510,1.4000,1.1258
1958010,1.4000,1.1274
1958510,1.4000,1.1169
1959010,1.4000,1.1177
1959510,1.4000,1.1210
1960010,1.4000,1.1218
1960510,1.4000,1.1218
1961010,1.4000,1.1193
1961510,1.4000,1.1145
1962010,1.4000,1.1113
1962510,1.4000,1.1121
1963010,1.4000,1.1218
1963510,1.4000,1.1121
1964010,1.4000,1.1218
1964510,1.4000,1.1193
1965010,1.4000,1.1218
1965510,1.4000,1.1169
1966010,1.4000,1.1242
1966510,1.4000,1.1218
1967010,1.4000,1.1226
1967510,1.4000,1.1226
1968010,1.4000,1.1218
1968510,1.4000,1.1242
1969010,1.4000,1.1113
1969510,1.4000,1.1234
1970010,1.4000,1.1201
1970510,1.4000,1.1347
1971010,1.4000,1.1113
1971510,1.4000,1.1242
1972010,1.4000,1.1484
1972510,1.4000,1.1234
1973010,1.4000,1.1234
1973510,1.4000,1.1234
1974010,1.4000,1.1226
1974510,1.4000,1.1242
1975010,1.4000,1.1226
1975510,1.4000,1.1218
1976010,1.4000,1.1177
1976510,1.4000,1.1161
1977010,1.4000,1.1218
1977510,1.4000,1.1169
1978010,1.4000,1.1161
1978510,1.4000,1.1210
1979010,1.4000,1.0960
1979510,1.4000,1.1306
1980010,1.4000,1.1347
1980510,1.4000,1.1177
1981010,1.4000,1.1258
1981510,1.4000,1.1218
1982010,1.4000,1.1169
1982510,1.4000,1.1218
1983010,1.4000,1.1218
1983510,1.4000,1.1218
1984010,1.4000,1.1008
1984510,1.4000,1.1218
1985010,1.4000,1.1314
1985510,1.4000,1.1266
1986010,1.4000,1.1201
1986510,1.4000,1.1242
1987010,1.4000,1.1161
1987510,1.4000,1.1298
1988010,1.4000,1.1169
1988510,1.4000,1.1234
1989010,1.4000,1.1242
1989510,1.4000,1.1129
1990010,1.4000,1.1218
1990510,1.4000,1.1177
1991010,1.4000,1.1218
1991510,1.4000,1.1210
1992010,1.4000,1.1298
1992510,1.4000,1.1145
1993010,1.4000,1.1290
1993510,1.4000,1.1210
1994010,1.4000,1.1242
1994510,1.4000,1.1242
1995010,1.4000,1.1210
1995510,1.4000,1.1234
1996010,1.4000,1.1193
1996510,1.4000,1.1218
1997010,1.4000,1.1250
1997510,1.4000,1.1137
1998010,1.4000,1.1218
1998510,1.4000,1.1387
1999010,1.4000,1.1177
1999510,1.4000,1.1290
2000010,1.4000,1.1218
2000510,1.4000,1.1177
2001010,1.4000,1.1218
2001510,1.4000,1.1218
2002010,1.4000,1.0960
2002510,1.4000,1.1169
2003010,1.4000,1.1210
2003510,1.4000,1.1177
2004010,1.4000,1.1234
2004510,1.4000,1.1604
2005010,1.4000,1.1193
2005510,1.4000,1.1274
2006010,1.4000,1.1210
2006510,1.4000,1.1169
2007010,1.4000,1.1306
2007510,1.4000,1.1177
2008010,1.4000,1.1226
2008510,1.4000,1.1105
2009010,1.4000,1.1226
2009510,1.4000,1.1218
2010010,1.4000,1.1234
2010510,1.4000,1.1193
2011010,1.4000,1.1218
2011510,1.4000,1.1218
2012010,1.4000,1.1218
2012510,1.4000,1.1210
2013010,1.4000,1.1322
2013510,1.4000,1.1210
2014010,1.4000,1.1218
2014510,1.4000,1.1218
2015010,1.4000,1.1169
2015510,1.4000,1.1218
2016010,1.4000,1.1290
2016510,1.4000,1.1193
2017010,1.4000,1.1129
2017510,1.4000,1.1266
2018010,1.4000,1.1201
2018510,1.4000,1.1218
2019010,1.4000,1.1266
2019510,1.4000,1.1306
2020010,1.4000,1.1218
2020510,1.4000,1.1242
2021010,1.4000,1.1266
2021510,1.4000,1.1218
2022010,1.4000,1.1097
2022510,1.4000,1.1218
2023010,1.4000,1.1266
2023510,1.4000,1.1250
2024010,1.4000,1.1121
2024510,1.4000,1.1218
2025010,1.4000,1.1161
2025510,1.4000,1.1185
2026010,1.4000,1.1298
2026510,1.4000,1.1484
2027010,1.4000,1.1218
2027510,1.4000,1.1210
2028010,1.4000,1.1218
2028510,1.4000,1.1475
2029010,1.4000,1.1201
2029510,1.4000,1.1169
2030010,1.4000,1.1274
2030510,1.4000,1.1274
2031010,1.4000,1.1177
2031510,1.4000,1.1105
2032010,1.4000,1.1355
2032510,1.4000,1.1226
2033010,1.4000,1.1298
2033510,1.4000,1.1258
2034010,1.4000,1.1258
2034510,1.4000,1.1282
2035010,1.4000,1.1218
2035510,1.4000,1.1226
2036010,1.4000,1.1210
2036510,1.4000,1.1218
2037010,1.4000,1.1290
2037510,1.4000,1.1266
2038010,1.4000,1.1226
2038510,1.4000,1.1314
2039010,1.4000,1.1266
2039510,1.4000,1.1338
2040010,1.4000,1.1258
2040510,1.4000,1.1250
2041010,1.4000,1.1274
2041510,1.4000,1.1298
2042010,1.4000,1.1234
2042510,1.4000,1.1274
2043010,1.4000,1.1266
2043510,1.4000,1.1330
2044010,1.4000,1.1226
2044510,1.4000,1.1234
2045010,1.4000,1.1266
2045510,1.4000,1.1290
2046010,1.4000,1.1290
2046510,1.4000,1.1258
2047010,1.4000,1.1266
2047510,1.4000,1.1266
2048010,1.4000,1.1218
2048510,1.4000,1.1177
2049010,1.4000,1.1306
2049510,1.4000,1.1282
2050010,1.4000,1.1355
2050510,1.4000,1.1145
2051010,1.4000,1.1226
2051510,1.4000,1.1355
2052010,1.4000,1.1218
2052510,1.4000,1.1314
2053010,1.4000,1.1330
2053510,1.4000,1.1274
2054010,1.4000,1.1242
2054510,1.4000,1.1258
2055010,1.4000,1.1355
2055510,1.4000,1.1226
2056010,1.4000,1.1218
2056510,1.4000,1.1298
2057010,1.4000,1.0750
2057510,1.4000,1.0984
2058010,1.4000,1.1290
2058510,1.4000,1.1218
2059010,1.4000,1.1306
2059510,1.4000,1.1355
2060010,1.4000,1.1266
2060510,1.4000,1.1347
2061010,1.4000,1.1177
2061510,1.4000,1.1290
2062010,1.4000,1.1274
2062510,1.4000,1.1330
2063010,1.4000,1.1218
2063510,1.4000,1.1330
2064010,1.4000,1.1193
2064510,1.4000,1.1306
2065010,1.4000,1.1338
2065510,1.4000,1.1274
2066010,1.4000,1.1347
2066510,1.4000,1.1298
2067010,1.4000,1.1290
2067510,1.4000,1.1274
2068010,1.4000,1.1298
2068510,1.4000,1.1242
2069010,1.4000,1.1290
2069510,1.4000,1.1258
2070010,1.4000,1.1234
2070510,1.4000,1.1290
2071010,1.4000,1.1395
2071510,1.4000,1.1258
2072010,1.4000,1.1290
2072510,1.4000,1.1322
2073010,1.4000,1.1242
2073510,1.4000,1.1298
2074010,1.4000,1.1298
2074510,1.4000,1.1266
2075010,1.4000,1.1226
2075510,1.4000,1.1355
2076010,1.4000,1.1282
2076510,1.4000,1.1306
2077010,1.4000,1.1234
2077510,1.4000,1.1306
2078010,1.4000,1.1306
2078510,1.4000,1.1363
2079010,1.4000,1.1266
2079510,1.4000,1.1218
2080010,1.4000,1.1338
2080510,1.4000,1.1129
2081010,1.4000,1.1347
2081510,1.4000,1.1306
2082010,1.4000,1.1266
2082510,1.4000,1.1274
2083010,1.4000,1.1258
2083510,1.4000,1.1258
2084010,1.4000,1.1258
2084510,1.4000,1.1218
2085010,1.4000,1.1218
2085510,1.4000,1.1218
2086010,1.4000,1.1274
2086510,1.4000,1.1218
2087010,1.4000,1.1258
2087510,1.4000,1.1484
2088010,1.4000,1.1596
2088510,1.4000,1.1258
2089010,1.4000,1.1226
2089510,1.4000,1.1201
2090010,1.4000,1.1226
2090510,1.4000,1.1105
2091010,1.4000,1.1218
2091510,1.4000,1.1290
2092010,1.4000,1.1330
2092510,1.4000,1.1355
2093010,1.4000,1.1274
2093510,1.4000,1.1226
2094010,1.4000,1.1403
2094510,1.4000,1.1210
2095010,1.4000,1.1218
2095510,1.4000,1.1347
2096010,1.4000,1.1355
2096510,1.4000,1.1322
2097010,1.4000,1.1258
2097510,1.4000,1.1266
2098010,1.4000,1.1322
2098510,1.4000,1.1467
2099010,1.4000,1.1298
2099510,1.4000,1.1234
2100010,1.4000,1.1218
2100510,1.4000,1.1274
2101010,1.4000,1.1153
2101510,1.4000,1.1274
2102010,1.4000,1.1266
2102510,1.4000,1.0911
2103010,1.4000,1.1290
2103510,1.4000,1.1306
2104010,1.4000,1.1475
2104510,1.4000,1.1266
2105010,1.4000,1.1242
2105510,1.4000,1.1347
2106010,1.4000,1.1338
2106510,1.4000,1.1258
2107010,1.4000,1.1435
2107510,1.4000,1.1282
2108010,1.4000,1.1371
2108510,1.4000,1.1218
2109010,1.4000,1.1226
2109510,1.4000,1.1242
2110010,1.4000,1.1330
2110510,1.4000,1.1475
2111010,1.4000,1.1274
2111510,1.4000,1.1258
2112010,1.4000,1.1532
2112510,1.4000,1.1306
2113010,1.4000,1.1306
2113510,1.4000,1.1347
2114010,1.4000,1.1266
2114510,1.4000,1.1298
2115010,1.4000,1.1274
2115510,1.4000,1.1226
2116010,1.4000,1.0960
2116510,1.4000,1.1266
2117010,1.4000,1.1314
2117510,1.4000,1.1234
2118010,1.4000,1.1322
2118510,1.4000,1.1330
2119010,1.4000,1.1258
2119510,1.4000,1.1306
2120010,1.4000,1.1274
2120510,1.4000,1.1363
2121010,1.4000,1.1242
2121510,1.4000,1.1314
2122010,1.4000,1.1177
2122510,1.4000,1.1290
2123010,1.4000,1.1242
2123510,1.4000,1.1306
2124010,1.4000,1.1274
2124510,1.4000,1.1347
2125010,1.4000,1.1274
2125510,1.4000,1.1322
2126010,1.4000,1.1274
2126510,1.4000,1.1226
2127010,1.4000,1.1282
2127510,1.4000,1.1322
2128010,1.4000,1.1218
2128510,1.4000,1.1379
2129010,1.4000,1.1258
2129510,1.4000,1.1314
2130010,1.4000,1.1338
2130510,1.4000,1.1371
2131010,1.4000,1.1266
2131510,1.4000,1.1298
2132010,1.4000,1.1258
2132510,1.4000,1.1338
2133010,1.4000,1.1298
2133510,1.4000,1.1322
2134010,1.4000,1.1484
2134510,1.4000,1.1387
2135010,1.4000,1.1371
2135510,1.4000,1.1451
2136010,1.4000,1.1234
2136510,1.4000,1.1347
2137010,1.4000,1.1218
2137510,1.4000,1.1427
2138010,1.4000,1.1322
2138510,1.4000,1.1338
2139010,1.4000,1.1347
2139510,1.4000,1.1347
2140010,1.4000,1.1403
2140510,1.4000,1.1330
2141010,1.4000,1.1322
2141510,1.4000,1.1484
2142010,1.4000,1.1395
2142510,1.4000,1.1169
2143010,1.4000,1.1387
2143510,1.4000,1.1363
2144010,1.4000,1.1193
2144510,1.4000,1.1347
2145010,1.4000,1.1347
2145510,1.4000,1.1355
2146010,1.4000,1.1516
2146510,1.4000,1.1363
2147010,1.4000,1.1234
2147510,1.4000,1.1330
2148010,1.4000,1.1371
2148510,1.4000,1.1306
2149010,1.4000,1.1347
2149510,1.4000,1.1387
2150010,1.4000,1.1355
2150510,1.4000,1.1250
2151010,1.4000,1.1210
2151510,1.4000,1.1274
2152010,1.4000,1.1338
2152510,1.4000,1.1298
2153010,1.4000,1.1322
2153510,1.4000,1.1282
2154010,1.4000,1.1338
2154510,1.4000,1.1330
2155010,1.4000,1.1355
2155510,1.4000,1.1355
2156010,1.4000,1.1330
2156510,1.4000,1.1363
2157010,1.4000,1.1306
2157510,1.4000,1.1258
2158010,1.4000,1.1338
2158510,1.4000,1.1298
2159010,1.4000,1.1298
2159510,1.4000,1.1201
2160010,1.4000,1.1363
2160510,1.4000,1.1467
2161010,1.4000,1.1314
2161510,1.4000,1.1347
2162010,1.4000,1.1347
2162510,1.4000,1.1330
2163010,1.4000,1.1266
2163510,1.4000,1.1508
2164010,1.4000,1.1274
2164510,1.4000,1.1338
2165010,1.4000,1.1338
2165510,1.4000,1.1306
2166010,1.4000,1.1234
2166510,1.4000,1.1419
2167010,1.4000,1.1347
2167510,1.4000,1.1355
2168010,1.4000,1.1355
2168510,1.4000,1.1210
2169010,1.4000,1.1274
2169510,1.4000,1.1322
2170010,1.4000,1.1459
2170510,1.4000,1.1347
2171010,1.4000,1.1403
2171510,1.4000,1.1306
2172010,1.4000,1.1355
2172510,1.4000,1.1347
2173010,1.4000,1.1379
2173510,1.4000,1.1290
2174010,1.4000,1.1347
2174510,1.4000,1.1467
2175010,1.4000,1.1314
2175510,1.4000,1.1355
2176010,1.4000,1.1234
2176510,1.4000,1.1330
2177010,1.4000,1.1379
2177510,1.4000,1.1355
2178010,1.4000,1.1306
2178510,1.4000,1.1403
2179010,1.4000,1.1443
2179510,1.4000,1.1371
2180010,1.4000,1.1379
2180510,1.4000,1.1338
2181010,1.4000,1.1395
2181510,1.4000,1.1363
2182010,1.4000,1.1322
2182510,1.4000,1.1322
2183010,1.4000,1.1347
2183510,1.4000,1.1387
2184010,1.4000,1.1338
2184510,1.4000,1.1322
2185010,1.4000,1.1347
2185510,1.4000,1.1210
2186010,1.4000,1.1363
2186510,1.4000,1.1314
2187010,1.4000,1.1371
2187510,1.4000,1.1467
2188010,1.4000,1.1395
2188510,1.4000,1.1371
2189010,1.4000,1.1347
2189510,1.4000,1.1492
2190010,1.4000,1.1395
2190510,1.4000,1.1355
2191010,1.4000,1.1338
2191510,1.4000,1.1395
2192010,1.4000,1.1338
2192510,1.4000,1.1298
2193010,1.4000,1.1363
2193510,1.4000,1.1355
2194010,1.4000,1.1387
2194510,1.4000,1.1395
2195010,1.4000,1.1371
2195510,1.4000,1.1338
2196010,1.4000,1.1363
2196510,1.4000,1.1580
2197010,1.4000,1.1347
2197510,1.4000,1.1306
2198010,1.4000,1.1363
2198510,1.4000,1.1403
2199010,1.4000,1.1403
2199510,1.4000,1.1347
2200010,1.4000,1.1451
2200510,1.4000,1.1322
2201010,1.4000,1.1419
2201510,1.4000,1.1363
2202010,1.4000,1.1338
2202510,1.4000,1.1322
2203010,1.4000,1.1298
2203510,1.4000,1.1242
2204010,1.4000,1.1459
2204510,1.4000,1.1459
2205010,1.4000,1.1355
2205510,1.4000,1.1338
2206010,1.4000,1.1338
2206510,1.4000,1.1330
2207010,1.4000,1.1371
2207510,1.4000,1.1347
2208010,1.4000,1.1338
2208510,1.4000,1.1371
2209010,1.4000,1.1347
2209510,1.4000,1.1363
2210010,1.4000,1.1330
2210510,1.4000,1.1435
2211010,1.4000,1.1298
2211510,1.4000,1.1419
2212010,1.4000,1.1290
2212510,1.4000,1.1266
2213010,1.4000,1.1387
2213510,1.4000,1.1484
2214010,1.4000,1.1355
2214510,1.4000,1.1113
2215010,1.4000,1.1266
2215510,1.4000,1.1282
2216010,1.4000,1.1363
2216510,1.4000,1.1371
2217010,1.4000,1.1451
2217510,1.4000,1.1306
2218010,1.4000,1.1500
2218510,1.4000,1.1443
2219010,1.4000,1.1153
2219510,1.4000,1.1467
2220010,1.4000,1.1330
2220510,1.4000,1.1306
2221010,1.4000,1.1363
2221510,1.4000,1.1387
2222010,1.4000,1.1419
2222510,1.4000,1.1330
2223010,1.4000,1.1516
2223510,1.4000,1.1475
2224010,1.4000,1.1242
2224510,1.4000,1.1347
2225010,1.4000,1.1330
2225510,1.4000,1.1363
2226010,1.4000,1.1306
2226510,1.4000,1.1290
2227010,1.4000,1.1250
2227510,1.4000,1.1435
2228010,1.4000,1.1475
2228510,1.4000,1.1371
2229010,1.4000,1.1338
2229510,1.4000,1.1500
2230010,1.4000,1.1548
2230510,1.4000,1.1371
2231010,1.4000,1.1387
2231510,1.4000,1.1371
2232010,1.4000,1.1427
2232510,1.4000,1.1395
2233010,1.4000,1.1322
2233510,1.4000,1.1016
2234010,1.4000,1.1081
2234510,1.4000,1.1395
2235010,1.4000,1.1322
2235510,1.4000,1.1612
2236010,1.4000,1.1427
2236510,1.4000,1.1371
2237010,1.4000,1.1330
2237510,1.4000,1.1475
2238010,1.4000,1.1387
2238510,1.4000,1.1403
2239010,1.4000,1.1403
2239510,1.4000,1.1306
2240010,1.4000,1.1314
2240510,1.4000,1.1395
2241010,1.4000,1.1363
2241510,1.4000,1.1371
2242010,1.4000,1.1330
2242510,1.4000,1.1411
2243010,1.4000,1.1403
2243510,1.4000,1.1451
2244010,1.4000,1.1290
2244510,1.4000,1.1371
2245010,1.4000,1.1338
2245510,1.4000,1.1661
2246010,1.4000,1.1274
2246510,1.4000,1.1419
2247010,1.4000,1.1484
2247510,1.4000,1.1298
2248010,1.4000,1.1419
2248510,1.4000,1.1371
2249010,1.4000,1.1234
2249510,1.4000,1.1363
2250010,1.4000,1.1298
2250510,1.4000,1.1467
2251010,1.4000,1.1371
2251510,1.4000,1.1137
2252010,1.4000,1.1322
2252510,1.4000,1.1274
2253010,1.4000,1.1363
2253510,1.4000,1.1306
2254010,1.4000,1.1306
2254510,1.4000,1.1459
2255010,1.4000,1.1371
2255510,1.4000,1.1322
2256010,1.4000,1.1475
2256510,1.4000,1.1338
2257010,1.4000,1.1371
2257510,1.4000,1.1387
2258010,1.4000,1.1403
2258510,1.4000,1.1218
2259010,1.4000,1.1475
2259510,1.4000,1.1290
2260010,1.4000,1.1379
2260510,1.4000,1.1363
2261010,1.4000,1.1395
2261510,1.4000,1.1435
2262010,1.4000,1.1427
2262510,1.4000,1.1322
2263010,1.4000,1.1492
2263510,1.4000,1.1395
2264010,1.4000,1.1371
2264510,1.4000,1.1347
2265010,1.4000,1.1363
2265510,1.4000,1.1363
2266010,1.4000,1.1266
2266510,1.4000,1.1387
2267010,1.4000,1.1475
2267510,1.4000,1.1355
2268010,1.4000,1.1427
2268510,1.4000,1.1395
2269010,1.4000,1.1266
2269510,1.4000,1.1475
2270010,1.4000,1.1467
2270510,1.4000,1.1347
2271010,1.4000,1.1363
2271510,1.4000,1.1330
2272010,1.4000,1.1330
2272510,1.4000,1.1395
2273010,1.4000,1.1379
2273510,1.4000,1.1387
2274010,1.4000,1.1210
2274510,1.4000,1.1387
2275010,1.4000,1.1355
2275510,1.4000,1.1387
2276010,1.4000,1.1427
2276510,1.4000,1.1387
2277010,1.4000,1.1338
2277510,1.4000,1.1443
2278010,1.4000,1.1363
2278510,1.4000,1.1218
2279010,1.4000,1.1387
2279510,1.4000,1.1475
2280010,1.4000,1.1395
2280510,1.4000,1.1347
2281010,1.4000,1.1403
2281510,1.4000,1.1355
2282010,1.4000,1.1435
2282510,1.4000,1.1379
2283010,1.4000,1.1435
2283510,1.4000,1.1242
2284010,1.4000,1.1427
2284510,1.4000,1.1298
2285010,1.4000,1.1411
2285510,1.4000,1.1330
2286010,1.4000,1.1403
2286510,1.4000,1.1387
2287010,1.4000,1.1387
2287510,1.4000,1.1475
2288010,1.4000,1.1403
2288510,1.4000,1.1492
2289010,1.4000,1.1395
2289510,1.4000,1.1355
2290010,1.4000,1.1347
2290510,1.4000,1.1403
2291010,1.4000,1.1451
2291510,1.4000,1.1371
2292010,1.4000,1.1218
2292510,1.4000,1.1347
2293010,1.4000,1.1371
2293510,1.4000,1.1306
2294010,1.4000,1.1403
2294510,1.4000,1.1371
2295010,1.4000,1.1459
2295510,1.4000,1.1484
2296010,1.4000,1.1459
2296510,1.4000,1.1355
2297010,1.4000,1.1137
2297510,1.4000,1.1347
2298010,1.4000,1.1467
2298510,1.4000,1.1347
2299010,1.4000,1.1363
2299510,1.4000,1.1330
2300010,1.4000,1.1459
2300510,1.4000,1.1371
2301010,1.4000,1.1435
2301510,1.4000,1.1387
2302010,1.4000,1.1266
2302510,1.4000,1.1322
2303010,1.4000,1.1790
2303510,1.4000,1.1403
2304010,1.4000,1.1427
2304510,1.4000,1.1411
2305010,1.4000,1.1395
2305510,1.4000,1.1395
2306010,1.4000,1.1459
2306510,1.4000,1.1330
2307010,1.4000,1.1371
2307510,1.4000,1.1475
2308010,1.4000,1.1258
2308510,1.4000,1.1467
2309010,1.4000,1.1435
2309510,1.4000,1.1363
2310010,1.4000,1.1371
2310510,1.4000,1.1290
2311010,1.4000,1.1459
2311510,1.4000,1.1210
2312010,1.4000,1.1387
2312510,1.4000,1.1435
2313010,1.4000,1.1427
2313510,1.4000,1.1387
2314010,1.4000,1.1403
2314510,1.4000,1.1395
2315010,1.4000,1.1475
2315510,1.4000,1.1459
2316010,1.4000,1.1467
2316510,1.4000,1.1347
2317010,1.4000,1.1242
2317510,1.4000,1.1355
2318010,1.4000,1.1371
2318510,1.4000,1.1338
2319010,1.4000,1.1355
2319510,1.4000,1.1395
2320010,1.4000,1.1371
2320510,1.4000,1.1475
2321010,1.4000,1.1427
2321510,1.4000,1.1298
2322010,1.4000,1.1435
2322510,1.4000,1.1451
2323010,1.4000,1.1411
2323510,1.4000,1.1403
2324010,1.4000,1.1330
2324510,1.4000,1.1266
2325010,1.4000,1.1258
2325510,1.4000,1.1500
2326010,1.4000,1.1516
2326510,1.4000,1.1371
2327010,1.4000,1.1274
2327510,1.4000,1.1403
2328010,1.4000,1.1500
2328510,1.4000,1.1451
2329010,1.4000,1.1403
2329510,1.4000,1.1467
2330010,1.4000,1.1290
2330510,1.4000,1.1355
2331010,1.4000,1.1419
2331510,1.4000,1.1355
2332010,1.4000,1.1298
2332510,1.4000,1.1459
2333010,1.4000,1.1475
2333510,1.4000,1.1467
2334010,1.4000,1.1395
2334510,1.4000,1.1443
2335010,1.4000,1.1371
2335510,1.4000,1.1395
2336010,1.4000,1.1322
2336510,1.4000,1.1387
2337010,1.4000,1.1347
2337510,1.4000,1.1371
2338010,1.4000,1.1435
2338510,1.4000,1.1508
2339010,1.4000,1.1371
2339510,1.4000,1.1435
2340010,1.4000,1.1492
2340510,1.4000,1.1435
2341010,1.4000,1.1274
2341510,1.4000,1.1580
2342010,1.4000,1.1387
2342510,1.4000,1.1322
2343010,1.4000,1.1371
2343510,1.4000,1.1419
2344010,1.4000,1.1435
2344510,1.4000,1.1677
2345010,1.4000,1.1355
2345510,1.4000,1.1395
2346010,1.4000,1.1459
2346510,1.4000,1.1403
2347010,1.4000,1.1443
2347510,1.4000,1.1427
2348010,1.4000,1.1266
2348510,1.4000,1.1516
2349010,1.4000,1.1403
2349510,1.4000,1.1395
2350010,1.4000,1.1347
2350510,1.4000,1.1467
2351010,1.4000,1.1363
2351510,1.4000,1.1459
2352010,1.4000,1.1403
2352510,1.4000,1.1475
2353010,1.4000,1.1475
2353510,1.4000,1.1459
2354010,1.4000,1.1403
2354510,1.4000,1.1435
2355010,1.4000,1.1387
2355510,1.4000,1.1451
2356010,1.4000,1.1363
2356510,1.4000,1.1443
2357010,1.4000,1.1427
2357510,1.4000,1.1330
2358010,1.4000,1.1427
2358510,1.4000,1.1459
2359010,1.4000,1.1451
2359510,1.4000,1.1290
2360010,1.4000,1.1403
2360510,1.4000,1.1451
2361010,1.4000,1.1322
2361510,1.4000,1.1451
2362010,1.4000,1.1338
2362510,1.4000,1.1193
2363010,1.4000,1.1500
2363510,1.4000,1.1467
2364010,1.4000,1.1556
2364510,1.4000,1.1500
2365010,1.4000,1.1395
2365510,1.4000,1.1371
2366010,1.4000,1.1427
2366510,1.4000,1.1500
2367010,1.4000,1.1629
2367510,1.4000,1.1395
2368010,1.4000,1.1548
2368510,1.4000,1.1467
2369010,1.4000,1.1427
2369510,1.4000,1.1564
2370010,1.4000,1.1484
2370510,1.4000,1.1419
2371010,1.4000,1.1395
2371510,1.4000,1.1387
2372010,1.4000,1.1395
2372510,1.4000,1.1427
2373010,1.4000,1.1347
2373510,1.4000,1.1387
2374010,1.4000,1.1556
2374510,1.4000,1.1467
2375010,1.4000,1.1443
2375510,1.4000,1.1403
2376010,1.4000,1.1411
2376510,1.4000,1.1459
2377010,1.4000,1.1484
2377510,1.4000,1.1443
2378010,1.4000,1.1363
2378510,1.4000,1.1500
2379010,1.4000,1.1459
2379510,1.4000,1.1475
2380010,1.4000,1.1427
2380510,1.4000,1.1435
2381010,1.4000,1.1395
2381510,1.4000,1.1467
2382010,1.4000,1.1475
2382510,1.4000,1.1459
2383010,1.4000,1.1467
2383510,1.4000,1.1500
2384010,1.4000,1.1532
2384510,1.4000,1.1435
2385010,1.4000,1.1451
2385510,1.4000,1.1363
2386010,1.4000,1.1467
2386510,1.4000,1.1435
2387010,1.4000,1.1580
2387510,1.4000,1.1484
2388010,1.4000,1.1685
2388510,1.4000,1.1443
2389010,1.4000,1.1475
2389510,1.4000,1.1443
2390010,1.4000,1.1411
2390510,1.4000,1.1258
2391010,1.4000,1.1443
2391510,1.4000,1.1548
2392010,1.4000,1.1467
2392510,1.4000,1.1338
2393010,1.4000,1.1475
2393510,1.4000,1.1475
2394010,1.4000,1.1395
2394510,1.4000,1.1403
2395010,1.4000,1.1548
2395510,1.4000,1.1387
2396010,1.4000,1.1621
2396510,1.4000,1.1427
2397010,1.4000,1.1475
2397510,1.4000,1.1475
2398010,1.4000,1.1588
2398510,1.4000,1.1451
2399010,1.4000,1.1330
2399510,1.4000,1.1508
2400010,1.4000,1.1475
2400510,1.4000,1.1435
2401010,1.4000,1.1467
2401510,1.4000,1.1467
2402010,1.4000,1.1467
2402510,1.4000,1.1242
2403010,1.4000,1.1508
2403510,1.4000,1.1451
2404010,1.4000,1.1419
2404510,1.4000,1.1475
2405010,1.4000,1.1475
2405510,1.4000,1.1371
2406010,1.4000,1.1403
2406510,1.4000,1.1475
2407010,1.4000,1.1467
2407510,1.4000,1.1500
2408010,1.4000,1.1467
2408510,1.4000,1.1492
2409010,1.4000,1.1475
2409510,1.4000,1.1508
2410010,1.4000,1.1556
2410510,1.4000,1.1524
2411010,1.4000,1.1475
2411510,1.4000,1.1500
2412010,1.4000,1.1532
2412510,1.4000,1.1355
2413010,1.4000,1.1596
2413510,1.4000,1.1451
2414010,1.4000,1.1427
2414510,1.4000,1.1475
2415010,1.4000,1.1516
2415510,1.4000,1.1508
2416010,1.4000,1.1475
2416510,1.4000,1.1475
2417010,1.4000,1.1306
2417510,1.4000,1.1467
2418010,1.4000,1.1355
2418510,1.4000,1.1475
2419010,1.4000,1.1435
2419510,1.4000,1.1475
2420010,1.4000,1.1516
2420510,1.4000,1.1475
2421010,1.4000,1.1435
2421510,1.4000,1.1475
2422010,1.4000,1.1475
2422510,1.4000,1.1435
2423010,1.4000,1.1475
2423510,1.4000,1.1475
2424010,1.4000,1.1475
2424510,1.4000,1.1395
2425010,1.4000,1.1467
2425510,1.4000,1.1475
2426010,1.4000,1.1475
2426510,1.4000,1.1475
2427010,1.4000,1.1451
2427510,1.4000,1.1395
2428010,1.4000,1.1475
2428510,1.4000,1.1653
2429010,1.4000,1.1516
2429510,1.4000,1.1443
2430010,1.4000,1.1492
2430510,1.4000,1.1475
2431010,1.4000,1.1532
2431510,1.4000,1.1475
2432010,1.4000,1.1500
2432510,1.4000,1.1395
2433010,1.4000,1.1395
2433510,1.4000,1.1556
2434010,1.4000,1.1475
2434510,1.4000,1.1475
2435010,1.4000,1.1411
2435510,1.4000,1.1355
2436010,1.4000,1.1451
2436510,1.4000,1.1500
2437010,1.4000,1.1484
2437510,1.4000,1.1492
2438010,1.4000,1.1484
2438510,1.4000,1.1508
2439010,1.4000,1.1572
2439510,1.4000,1.1492
2440010,1.4000,1.1516
2440510,1.4000,1.1548
2441010,1.4000,1.1492
2441510,1.4000,1.1564
2442010,1.4000,1.1492
2442510,1.4000,1.1459
2443010,1.4000,1.1475
2443510,1.4000,1.1475
2444010,1.4000,1.1475
2444510,1.4000,1.1451
2445010,1.4000,1.1467
2445510,1.4000,1.1467
2446010,1.4000,1.1475
2446510,1.4000,1.1475
2447010,1.4000,1.1475
2447510,1.4000,1.1516
2448010,1.4000,1.1564
2448510,1.4000,1.1500
2449010,1.4000,1.1556
2449510,1.4000,1.1621
2450010,1.4000,1.1492
2450510,1.4000,1.1484
2451010,1.4000,1.1467
2451510,1.4000,1.1548
2452010,1.4000,1.1475
2452510,1.4000,1.1475
2453010,1.4000,1.1475
2453510,1.4000,1.1475
2454010,1.4000,1.1338
2454510,1.4000,1.1459
2455010,1.4000,1.1475
2455510,1.4000,1.1621
2456010,1.4000,1.1403
2456510,1.4000,1.1459
2457010,1.4000,1.1475
2457510,1.4000,1.1451
2458010,1.4000,1.1475
2458510,1.4000,1.1314
2459010,1.4000,1.1516
2459510,1.4000,1.1500
2460010,1.4000,1.1467
2460510,1.4000,1.1564
2461010,1.4000,1.1371
2461510,1.4000,1.1556
2462010,1.4000,1.1604
2462510,1.4000,1.1475
2463010,1.4000,1.1475
2463510,1.4000,1.1475
2464010,1.4000,1.1492
2464510,1.4000,1.1475
2465010,1.4000,1.1475
2465510,1.4000,1.1475
2466010,1.4000,1.1475
2466510,1.4000,1.1475
2467010,1.4000,1.1524
2467510,1.4000,1.1403
2468010,1.4000,1.1516
2468510,1.4000,1.1484
2469010,1.4000,1.1459
2469510,1.4000,1.1484
2470010,1.4000,1.1435
2470510,1.4000,1.1516
2471010,1.4000,1.1492
2471510,1.4000,1.1484
2472010,1.4000,1.1475
2472510,1.4000,1.1484
2473010,1.4000,1.1475
2473510,1.4000,1.1588
2474010,1.4000,1.1661
2474510,1.4000,1.1492
2475010,1.4000,1.1564
2475510,1.4000,1.1645
2476010,1.4000,1.1411
2476510,1.4000,1.1484
2477010,1.4000,1.1500
2477510,1.4000,1.1492
2478010,1.4000,1.1524
2478510,1.4000,1.1419
2479010,1.4000,1.1564
2479510,1.4000,1.1475
2480010,1.4000,1.1419
2480510,1.4000,1.1548
2481010,1.4000,1.1475
2481510,1.4000,1.1524
2482010,1.4000,1.1475
2482510,1.4000,1.1612
2483010,1.4000,1.1475
2483510,1.4000,1.1564
2484010,1.4000,1.1475
2484510,1.4000,1.1475
2485010,1.4000,1.1451
2485510,1.4000,1.1395
2486010,1.4000,1.1475
2486510,1.4000,1.1500
2487010,1.4000,1.1475
2487510,1.4000,1.1484
2488010,1.4000,1.1475
2488510,1.4000,1.1475
2489010,1.4000,1.1492
2489510,1.4000,1.1475
2490010,1.4000,1.1475
2490510,1.4000,1.1475
2491010,1.4000,1.1492
2491510,1.4000,1.1548
2492010,1.4000,1.1572
2492510,1.4000,1.1604
2493010,1.4000,1.1073
2493510,1.4000,1.1475
2494010,1.4000,1.1467
2494510,1.4000,1.1395
2495010,1.4000,1.1347
2495510,1.4000,1.1475
2496010,1.4000,1.1467
2496510,1.4000,1.1564
2497010,1.4000,1.1347
2497510,1.4000,1.1218
2498010,1.4000,1.1492
2498510,1.4000,1.1870
2499010,1.4000,1.1484
2499510,1.4000,1.1475
2500010,1.4000,1.1532
2500510,1.4000,1.1500
2501010,1.4000,1.1387
2501510,1.4000,1.1427
2502010,1.4000,1.1475
2502510,1.4000,1.1411
2503010,1.4000,1.1475
2503510,1.4000,1.1556
2504010,1.4000,1.1475
2504510,1.4000,1.1500
2505010,1.4000,1.1548
2505510,1.4000,1.1467
2506010,1.4000,1.1298
2506510,1.4000,1.1492
2507010,1.4000,1.1475
2507510,1.4000,1.1492
2508010,1.4000,1.1484
2508510,1.4000,1.1459
2509010,1.4000,1.1475
2509510,1.4000,1.1492
2510010,1.4000,1.1540
2510510,1.4000,1.1588
2511010,1.4000,1.1556
2511510,1.4000,1.1516
2512010,1.4000,1.1500
2512510,1.4000,1.1467
2513010,1.4000,1.1459
2513510,1.4000,1.1459
2514010,1.4000,1.1532
2514510,1.4000,1.1564
2515010,1.4000,1.1459
2515510,1.4000,1.1484
2516010,1.4000,1.1475
2516510,1.4000,1.1524
2517010,1.4000,1.1516
2517510,1.4000,1.1371
2518010,1.4000,1.1556
2518510,1.4000,1.1629
2519010,1.4000,1.1395
2519510,1.4000,1.1475
2520010,1.4000,1.1500
2520510,1.4000,1.1475
2521010,1.4000,1.1500
2521510,1.4000,1.1629
2522010,1.4000,1.1564
2522510,1.4000,1.1451
2523010,1.4000,1.1564
2523510,1.4000,1.1427
2524010,1.4000,1.1564
2524510,1.4000,1.1661
2525010,1.4000,1.1548
2525510,1.4000,1.1475
2526010,1.4000,1.1596
2526510,1.4000,1.1475
2527010,1.4000,1.1443
2527510,1.4000,1.1492
2528010,1.4000,1.1411
2528510,1.4000,1.1540
2529010,1.4000,1.1484
2529510,1.4000,1.1459
2530010,1.4000,1.1467
2530510,1.4000,1.1532
2531010,1.4000,1.1459
2531510,1.4000,1.1467
2532010,1.4000,1.1475
2532510,1.4000,1.1508
2533010,1.4000,1.1475
2533510,1.4000,1.1475
2534010,1.4000,1.1403
2534510,1.4000,1.1524
2535010,1.4000,1.1645
2535510,1.4000,1.1484
2536010,1.4000,1.1564
2536510,1.4000,1.1508
2537010,1.4000,1.1580
2537510,1.4000,1.1395
2538010,1.4000,1.1532
2538510,1.4000,1.1548
2539010,1.4000,1.1492
2539510,1.4000,1.1532
2540010,1.4000,1.1492
2540510,1.4000,1.1500
2541010,1.4000,1.1443
2541510,1.4000,1.1467
2542010,1.4000,1.1475
2542510,1.4000,1.1475
2543010,1.4000,1.1475
2543510,1.4000,1.1516
2544010,1.4000,1.1492
2544510,1.4000,1.1403
2545010,1.4000,1.1516
2545510,1.4000,1.1371
2546010,1.4000,1.1508
2546510,1.4000,1.1564
2547010,1.4000,1.1419
2547510,1.4000,1.1500
2548010,1.4000,1.1492
2548510,1.4000,1.1484
2549010,1.4000,1.1475
2549510,1.4000,1.1484
2550010,1.4000,1.1451
2550510,1.4000,1.1484
2551010,1.4000,1.1588
2551510,1.4000,1.1443
2552010,1.4000,1.1403
2552510,1.4000,1.1467
2553010,1.4000,1.1371
2553510,1.4000,1.1435
2554010,1.4000,1.1621
2554510,1.4000,1.1306
2555010,1.4000,1.1532
2555510,1.4000,1.1484
2556010,1.4000,1.1355
2556510,1.4000,1.1492
2557010,1.4000,1.1443
2557510,1.4000,1.1475
2558010,1.4000,1.1419
2558510,1.4000,1.1484
2559010,1.4000,1.1629
2559510,1.4000,1.1516
2560010,1.4000,1.1621
2560510,1.4000,1.1475
2561010,1.4000,1.1475
2561510,1.4000,1.1459
2562010,1.4000,1.1629
2562510,1.4000,1.1782
2563010,1.4000,1.1580
2563510,1.4000,1.1500
2564010,1.4000,1.1459
2564510,1.4000,1.1500
2565010,1.4000,1.1475
2565510,1.4000,1.1451
2566010,1.4000,1.1524
2566510,1.4000,1.1330
2567010,1.4000,1.1443
2567510,1.4000,1.1484
2568010,1.4000,1.1508
2568510,1.4000,1.1516
2569010,1.4000,1.1532
2569510,1.4000,1.1500
2570010,1.4000,1.1475
2570510,1.4000,1.1484
2571010,1.4000,1.1475
2571510,1.4000,1.1475
2572010,1.4000,1.1475
2572510,1.4000,1.1516
2573010,1.4000,1.1475
2573510,1.4000,1.1548
2574010,1.4000,1.1419
2574510,1.4000,1.1435
2575010,1.4000,1.1475
2575510,1.4000,1.1435
2576010,1.4000,1.1556
2576510,1.4000,1.1548
2577010,1.4000,1.1475
2577510,1.4000,1.1532
2578010,1.4000,1.1500
2578510,1.4000,1.1484
2579010,1.4000,1.1371
2579510,1.4000,1.1532
2580010,1.4000,1.1475
2580510,1.4000,1.1508
2581010,1.4000,1.1347
2581510,1.4000,1.1532
2582010,1.4000,1.1766
2582510,1.4000,1.1492
2583010,1.4000,1.1548
2583510,1.4000,1.1435
2584010,1.4000,1.1484
2584510,1.4000,1.1467
2585010,1.4000,1.1475
2585510,1.4000,1.1403
2586010,1.4000,1.1556
2586510,1.4000,1.1548
2587010,1.4000,1.1475
2587510,1.4000,1.1419
2588010,1.4000,1.1475
2588510,1.4000,1.1443
2589010,1.4000,1.1451
2589510,1.4000,1.1451
2590010,1.4000,1.1475
2590510,1.4000,1.1484
2591010,1.4000,1.1492
2591510,1.4000,1.1435
2592010,1.4000,1.1403
2592510,1.4000,1.1492
2593010,1.4000,1.1725
2593510,1.4000,1.1725
2594010,1.4000,1.1524
2594510,1.4000,1.1475
2595010,1.4000,1.1653
2595510,1.4000,1.1475
2596010,1.4000,1.1564
2596510,1.4000,1.1492
2597010,1.4000,1.1564
2597510,1.4000,1.1532
2598010,1.4000,1.1508
2598510,1.4000,1.1500
2599010,1.4000,1.1484
2599510,1.4000,1.1451
2600010,1.4000,1.1556
2600510,1.4000,1.1475
2601010,1.4000,1.1612
2601510,1.4000,1.1500
2602010,1.4000,1.1556
2602510,1.4000,1.1508
2603010,1.4000,1.1492
2603510,1.4000,1.1347
2604010,1.4000,1.1532
2604510,1.4000,1.1516
2605010,1.4000,1.1516
2605510,1.4000,1.1637
2606010,1.4000,1.1475
2606510,1.4000,1.1492
2607010,1.4000,1.1387
2607510,1.4000,1.1588
2608010,1.4000,1.1484
2608510,1.4000,1.1475
2609010,1.4000,1.1540
2609510,1.4000,1.1564
2610010,1.4000,1.1612
2610510,1.4000,1.1492
2611010,1.4000,1.1524
2611510,1.4000,1.1524
2612010,1.4000,1.1935
2612510,1.4000,1.1459
2613010,1.4000,1.1612
2613510,1.4000,1.1475
2614010,1.4000,1.1516
2614510,1.4000,1.1435
2615010,1.4000,1.1580
2615510,1.4000,1.1596
2616010,1.4000,1.1612
2616510,1.4000,1.1524
2617010,1.4000,1.1524
2617510,1.4000,1.1475
2618010,1.4000,1.1475
2618510,1.4000,1.1371
2619010,1.4000,1.1556
2619510,1.4000,1.1484
2620010,1.4000,1.1516
2620510,1.4000,1.1427
2621010,1.4000,1.1500
2621510,1.4000,1.1516
2622010,1.4000,1.1500
2622510,1.4000,1.1524
2623010,1.4000,1.1532
2623510,1.4000,1.1524
2624010,1.4000,1.1524
2624510,1.4000,1.1395
2625010,1.4000,1.1532
2625510,1.4000,1.1532
2626010,1.4000,1.1475
2626510,1.4000,1.1395
2627010,1.4000,1.1475
2627510,1.4000,1.1612
2628010,1.4000,1.1500
2628510,1.4000,1.1532
2629010,1.4000,1.1621
2629510,1.4000,1.1532
2630010,1.4000,1.1516
2630510,1.4000,1.1475
2631010,1.4000,1.1492
2631510,1.4000,1.1475
2632010,1.4000,1.1435
2632510,1.4000,1.1580
2633010,1.4000,1.1564
2633510,1.4000,1.1588
2634010,1.4000,1.1475
2634510,1.4000,1.1500
2635010,1.4000,1.1580
2635510,1.4000,1.1484
2636010,1.4000,1.1516
2636510,1.4000,1.1612
2637010,1.4000,1.1500
2637510,1.4000,1.1475
2638010,1.4000,1.1588
2638510,1.4000,1.1492
2639010,1.4000,1.1588
2639510,1.4000,1.1564
2640010,1.4000,1.1596
2640510,1.4000,1.1532
2641010,1.4000,1.1588
2641510,1.4000,1.1508
2642010,1.4000,1.1484
2642510,1.4000,1.1532
2643010,1.4000,1.1475
2643510,1.4000,1.1459
2644010,1.4000,1.1572
2644510,1.4000,1.1556
2645010,1.4000,1.1475
2645510,1.4000,1.1588
2646010,1.4000,1.1572
2646510,1.4000,1.1484
2647010,1.4000,1.1500
2647510,1.4000,1.1500
2648010,1.4000,1.1532
2648510,1.4000,1.1733
2649010,1.4000,1.1492
2649510,1.4000,1.1532
2650010,1.4000,1.1516
2650510,1.4000,1.1564
2651010,1.4000,1.1467
2651510,1.4000,1.1629
2652010,1.4000,1.1524
2652510,1.4000,1.1733
2653010,1.4000,1.1556
2653510,1.4000,1.1492
2654010,1.4000,1.1500
2654510,1.4000,1.1451
2655010,1.4000,1.1588
2655510,1.4000,1.1556
2656010,1.4000,1.1475
2656510,1.4000,1.1524
2657010,1.4000,1.1500
2657510,1.4000,1.1532
2658010,1.4000,1.1459
2658510,1.4000,1.1540
2659010,1.4000,1.1467
2659510,1.4000,1.1451
2660010,1.4000,1.1475
2660510,1.4000,1.1588
2661010,1.4000,1.1548
2661510,1.4000,1.1492
2662010,1.4000,1.1484
2662510,1.4000,1.1548
2663010,1.4000,1.1588
2663510,1.4000,1.1338
2664010,1.4000,1.1991
2664510,1.4000,1.1484
2665010,1.4000,1.1201
2665510,1.4000,1.1475
2666010,1.4000,1.1500
2666510,1.4000,1.1588
2667010,1.4000,1.1475
2667510,1.4000,1.1580
2668010,1.4000,1.1475
2668510,1.4000,1.1516
2669010,1.4000,1.1564
2669510,1.4000,1.1500
2670010,1.4000,1.1524
2670510,1.4000,1.1580
2671010,1.4000,1.1508
2671510,1.4000,1.1862
2672010,1.4000,1.1556
2672510,1.4000,1.1516
2673010,1.4000,1.1653
2673510,1.4000,1.1484
2674010,1.4000,1.1508
2674510,1.4000,1.1500
2675010,1.4000,1.1475
2675510,1.4000,1.1403
2676010,1.4000,1.1556
2676510,1.4000,1.1524
2677010,1.4000,1.1564
2677510,1.4000,1.1580
2678010,1.4000,1.1467
2678510,1.4000,1.1475
2679010,1.4000,1.1347
2679510,1.4000,1.1363
2680010,1.4000,1.1484
2680510,1.4000,1.1516
2681010,1.4000,1.1548
2681510,1.4000,1.1290
2682010,1.4000,1.1347
2682510,1.4000,1.1677
2683010,1.4000,1.1564
2683510,1.4000,1.1524
2684010,1.4000,1.1516
2684510,1.4000,1.1548
2685010,1.4000,1.1516
2685510,1.4000,1.1379
2686010,1.4000,1.1580
2686510,1.4000,1.1596
2687010,1.4000,1.1564
2687510,1.4000,1.1604
2688010,1.4000,1.1524
2688510,1.4000,1.1395
2689010,1.4000,1.1580
2689510,1.4000,1.1596
2690010,1.4000,1.1556
2690510,1.4000,1.1612
2691010,1.4000,1.1596
2691510,1.4000,1.1588
2692010,1.4000,1.1725
2692510,1.4000,1.1475
2693010,1.4000,1.1612
2693510,1.4000,1.1629
2694010,1.4000,1.1693
2694510,1.4000,1.1685
2695010,1.4000,1.1475
2695510,1.4000,1.1612
2696010,1.4000,1.1612
2696510,1.4000,1.1564
2697010,1.4000,1.1524
2697510,1.4000,1.1612
2698010,1.4000,1.1637
2698510,1.4000,1.1637
2699010,1.4000,1.1467
2699510,1.4000,1.1564
2700010,1.4000,1.1475
2700510,1.4000,1.1669
2701010,1.4000,1.1508
2701510,1.4000,1.1508
2702010,1.4000,1.1572
2702510,1.4000,1.1484
2703010,1.4000,1.1572
2703510,1.4000,1.1612
2704010,1.4000,1.1532
2704510,1.4000,1.1492
2705010,1.4000,1.1596
2705510,1.4000,1.1588
2706010,1.4000,1.1435
2706510,1.4000,1.1621
2707010,1.4000,1.1500
2707510,1.4000,1.1532
2708010,1.4000,1.1588
2708510,1.4000,1.1524
2709010,1.4000,1.1580
2709510,1.4000,1.1516
2710010,1.4000,1.1596
2710510,1.4000,1.1532
2711010,1.4000,1.1629
2711510,1.4000,1.1580
2712010,1.4000,1.1733
2712510,1.4000,1.1524
2713010,1.4000,1.1564
2713510,1.4000,1.1556
2714010,1.4000,1.1556
2714510,1.4000,1.1774
2715010,1.4000,1.1532
2715510,1.4000,1.1612
2716010,1.4000,1.1814
2716510,1.4000,1.1548
2717010,1.4000,1.1524
2717510,1.4000,1.1629
2718010,1.4000,1.1548
2718510,1.4000,1.1451
2719010,1.4000,1.1492
2719510,1.4000,1.1604
2720010,1.4000,1.1612
2720510,1.4000,1.1516
2721010,1.4000,1.1524
2721510,1.4000,1.1564
2722010,1.4000,1.1637
2722510,1.4000,1.1588
2723010,1.4000,1.1548
2723510,1.4000,1.1612
2724010,1.4000,1.1661
2724510,1.4000,1.1532
2725010,1.4000,1.1475
2725510,1.4000,1.1475
2726010,1.4000,1.1556
2726510,1.4000,1.1484
2727010,1.4000,1.1459
2727510,1.4000,1.1532
2728010,1.4000,1.1492
2728510,1.4000,1.1556
2729010,1.4000,1.1564
2729510,1.4000,1.1612
2730010,1.4000,1.1612
2730510,1.4000,1.1564
2731010,1.4000,1.1524
2731510,1.4000,1.1629
2732010,1.4000,1.1484
2732510,1.4000,1.1580
2733010,1.4000,1.1564
2733510,1.4000,1.1475
2734010,1.4000,1.1556
2734510,1.4000,1.1548
2735010,1.4000,1.1580
2735510,1.4000,1.1564
2736010,1.4000,1.1588
2736510,1.4000,1.1604
2737010,1.4000,1.1435
2737510,1.4000,1.1645
2738010,1.4000,1.1661
2738510,1.4000,1.1612
2739010,1.4000,1.1556
2739510,1.4000,1.1475
2740010,1.4000,1.1508
2740510,1.4000,1.1580
2741010,1.4000,1.1572
2741510,1.4000,1.1475
2742010,1.4000,1.1588
2742510,1.4000,1.1612
2743010,1.4000,1.1532
2743510,1.4000,1.1548
2744010,1.4000,1.1564
2744510,1.4000,1.1556
2745010,1.4000,1.1612
2745510,1.4000,1.1612
2746010,1.4000,1.1524
2746510,1.4000,1.1532
2747010,1.4000,1.1475
2747510,1.4000,1.1564
2748010,1.4000,1.1524
2748510,1.4000,1.1492
2749010,1.4000,1.1532
2749510,1.4000,1.1556
2750010,1.4000,1.1717
2750510,1.4000,1.1629
2751010,1.4000,1.1645
2751510,1.4000,1.1556
2752010,1.4000,1.1556
2752510,1.4000,1.1580
2753010,1.4000,1.1774
2753510,1.4000,1.1524
2754010,1.4000,1.1653
2754510,1.4000,1.1588
2755010,1.4000,1.1500
2755510,1.4000,1.1451
2756010,1.4000,1.1677
2756510,1.4000,1.1612
2757010,1.4000,1.1475
2757510,1.4000,1.1661
2758010,1.4000,1.1524
2758510,1.4000,1.1621
2759010,1.4000,1.1629
2759510,1.4000,1.1588
2760010,1.4000,1.1524
2760510,1.4000,1.1733
2761010,1.4000,1.1653
2761510,1.4000,1.1637
2762010,1.4000,1.1548
2762510,1.4000,1.1484
2763010,1.4000,1.1604
2763510,1.4000,1.1532
2764010,1.4000,1.1621
2764510,1.4000,1.1548
2765010,1.4000,1.1580
2765510,1.4000,1.1588
2766010,1.4000,1.1419
2766510,1.4000,1.1556
2767010,1.4000,1.1629
2767510,1.4000,1.1564
2768010,1.4000,1.1580
2768510,1.4000,1.1596
2769010,1.4000,1.1532
2769510,1.4000,1.1629
2770010,1.4000,1.1629
2770510,1.4000,1.1612
2771010,1.4000,1.1612
2771510,1.4000,1.1403
2772010,1.4000,1.1484
2772510,1.4000,1.1492
2773010,1.4000,1.1612
2773510,1.4000,1.1596
2774010,1.4000,1.1427
2774510,1.4000,1.1588
2775010,1.4000,1.1580
2775510,1.4000,1.1677
2776010,1.4000,1.1612
2776510,1.4000,1.1604
2777010,1.4000,1.1556
2777510,1.4000,1.1588
2778010,1.4000,1.1524
2778510,1.4000,1.1492
2779010,1.4000,1.1637
2779510,1.4000,1.1629
2780010,1.4000,1.1596
2780510,1.4000,1.1629
2781010,1.4000,1.1677
2781510,1.4000,1.1661
2782010,1.4000,1.1580
2782510,1.4000,1.1564
2783010,1.4000,1.1629
2783510,1.4000,1.1661
2784010,1.4000,1.1580
2784510,1.4000,1.1588
2785010,1.4000,1.1500
2785510,1.4000,1.1516
2786010,1.4000,1.1629
2786510,1.4000,1.1516
2787010,1.4000,1.1556
2787510,1.4000,1.1532
2788010,1.4000,1.1564
2788510,1.4000,1.1588
2789010,1.4000,1.1637
2789510,1.4000,1.1661
2790010,1.4000,1.1516
2790510,1.4000,1.1556
2791010,1.4000,1.1548
2791510,1.4000,1.1596
2792010,1.4000,1.1572
2792510,1.4000,1.1580
2793010,1.4000,1.1234
2793510,1.4000,1.1621
2794010,1.4000,1.1588
2794510,1.4000,1.1484
2795010,1.4000,1.1492
2795510,1.4000,1.1564
2796010,1.4000,1.1637
2796510,1.4000,1.1685
2797010,1.4000,1.1580
2797510,1.4000,1.1653
2798010,1.4000,1.1580
2798510,1.4000,1.1475
2799010,1.4000,1.1564
2799510,1.4000,1.1661
2800010,1.4000,1.1701
2800510,1.4000,1.1661
2801010,1.4000,1.1548
2801510,1.4000,1.1661
2802010,1.4000,1.1572
2802510,1.4000,1.1758
2803010,1.4000,1.1564
2803510,1.4000,1.1572
2804010,1.4000,1.1548
2804510,1.4000,1.1604
2805010,1.4000,1.1621
2805510,1.4000,1.1596
2806010,1.4000,1.1435
2806510,1.4000,1.1556
2807010,1.4000,1.1556
2807510,1.4000,1.1596
2808010,1.4000,1.1524
2808510,1.4000,1.1709
2809010,1.4000,1.1548
2809510,1.4000,1.1612
2810010,1.4000,1.1725
2810510,1.4000,1.1588
2811010,1.4000,1.1451
2811510,1.4000,1.1733
2812010,1.4000,1.1596
2812510,1.4000,1.1621
2813010,1.4000,1.1596
2813510,1.4000,1.1596
2814010,1.4000,1.1524
2814510,1.4000,1.1258
2815010,1.4000,1.1669
2815510,1.4000,1.1524
2816010,1.4000,1.1621
2816510,1.4000,1.1596
2817010,1.4000,1.1596
2817510,1.4000,1.1596
2818010,1.4000,1.1621
2818510,1.4000,1.1621
2819010,1.4000,1.1661
2819510,1.4000,1.1604
2820010,1.4000,1.1685
2820510,1.4000,1.1677
2821010,1.4000,1.1532
2821510,1.4000,1.1596
2822010,1.4000,1.1612
2822510,1.4000,1.1653
2823010,1.4000,1.1653
2823510,1.4000,1.1709
2824010,1.4000,1.1717
2824510,1.4000,1.1596
2825010,1.4000,1.1564
2825510,1.4000,1.1653
2826010,1.4000,1.1629
2826510,1.4000,1.1403
2827010,1.4000,1.1580
2827510,1.4000,1.1564
2828010,1.4000,1.1645
2828510,1.4000,1.1548
2829010,1.4000,1.1645
2829510,1.4000,1.1637
2830010,1.4000,1.1838
2830510,1.4000,1.1693
2831010,1.4000,1.1645
2831510,1.4000,1.1604
2832010,1.4000,1.1604
2832510,1.4000,1.1629
2833010,1.4000,1.1645
2833510,1.4000,1.1645
2834010,1.4000,1.1677
2834510,1.4000,1.1604
2835010,1.4000,1.1677
2835510,1.4000,1.1508
2836010,1.4000,1.1653
2836510,1.4000,1.1645
2837010,1.4000,1.1524
2837510,1.4000,1.1588
2838010,1.4000,1.1524
2838510,1.4000,1.1532
2839010,1.4000,1.1661
2839510,1.4000,1.1612
2840010,1.4000,1.1693
2840510,1.4000,1.1677
2841010,1.4000,1.1580
2841510,1.4000,1.1661
2842010,1.4000,1.1564
2842510,1.4000,1.1580
2843010,1.4000,1.1612
2843510,1.4000,1.1709
2844010,1.4000,1.1685
2844510,1.4000,1.1588
2845010,1.4000,1.1645
2845510,1.4000,1.1604
2846010,1.4000,1.1645
2846510,1.4000,1.1588
2847010,1.4000,1.1500
2847510,1.4000,1.1661
2848010,1.4000,1.1596
2848510,1.4000,1.1612
2849010,1.4000,1.1661
2849510,1.4000,1.1645
2850010,1.4000,1.1645
2850510,1.4000,1.1645
2851010,1.4000,1.1645
2851510,1.4000,1.1612
2852010,1.4000,1.1596
2852510,1.4000,1.1661
2853010,1.4000,1.1596
2853510,1.4000,1.1645
2854010,1.4000,1.1758
2854510,1.4000,1.1596
2855010,1.4000,1.1492
2855510,1.4000,1.1379
2856010,1.4000,1.1661
2856510,1.4000,1.1653
2857010,1.4000,1.1733
2857510,1.4000,1.1645
2858010,1.4000,1.1725
2858510,1.4000,1.1475
2859010,1.4000,1.1621
2859510,1.4000,1.1629
2860010,1.4000,1.1733
2860510,1.4000,1.1621
2861010,1.4000,1.1580
2861510,1.4000,1.1532
2862010,1.4000,1.1556
2862510,1.4000,1.1645
2863010,1.4000,1.1653
2863510,1.4000,1.1661
2864010,1.4000,1.1685
2864510,1.4000,1.1604
2865010,1.4000,1.1612
2865510,1.4000,1.1572
2866010,1.4000,1.1661
2866510,1.4000,1.1492
2867010,1.4000,1.1580
2867510,1.4000,1.1637
2868010,1.4000,1.1588
2868510,1.4000,1.1629
2869010,1.4000,1.1838
2869510,1.4000,1.1443
2870010,1.4000,1.1661
2870510,1.4000,1.1556
2871010,1.4000,1.1725
2871510,1.4000,1.1790
2872010,1.4000,1.1685
2872510,1.4000,1.1677
2873010,1.4000,1.1580
2873510,1.4000,1.1645
2874010,1.4000,1.1749
2874510,1.4000,1.1677
2875010,1.4000,1.1621
2875510,1.4000,1.1669
2876010,1.4000,1.1653
2876510,1.4000,1.1629
2877010,1.4000,1.1621
2877510,1.4000,1.1596
2878010,1.4000,1.1653
2878510,1.4000,1.1580
2879010,1.4000,1.1701
2879510,1.4000,1.1685
2880010,1.4000,1.1596
2880510,1.4000,1.1621
2881010,1.4000,1.1492
2881510,1.4000,1.1661
2882010,1.4000,1.1621
2882510,1.4000,1.1701
2883010,1.4000,1.1709
2883510,1.4000,1.1475
2884010,1.4000,1.1709
2884510,1.4000,1.1741
2885010,1.4000,1.1653
2885510,1.4000,1.1733
2886010,1.4000,1.1661
2886510,1.4000,1.1645
2887010,1.4000,1.1685
2887510,1.4000,1.1621
2888010,1.4000,1.1661
2888510,1.4000,1.1604
2889010,1.4000,1.1685
2889510,1.4000,1.1612
2890010,1.4000,1.1588
2890510,1.4000,1.1661
2891010,1.4000,1.1612
2891510,1.4000,1.1733
2892010,1.4000,1.1661
2892510,1.4000,1.1621
2893010,1.4000,1.1588
2893510,1.4000,1.1709
2894010,1.4000,1.1661
2894510,1.4000,1.1766
2895010,1.4000,1.1629
2895510,1.4000,1.1653
2896010,1.4000,1.1709
2896510,1.4000,1.1588
2897010,1.4000,1.1580
2897510,1.4000,1.1629
2898010,1.4000,1.1685
2898510,1.4000,1.1661
2899010,1.4000,1.1621
2899510,1.4000,1.1741
2900010,1.4000,1.1621
2900510,1.4000,1.1604
2901010,1.4000,1.1693
2901510,1.4000,1.1588
2902010,1.4000,1.1645
2902510,1.4000,1.1475
2903010,1.4000,1.1604
2903510,1.4000,1.1661
2904010,1.4000,1.1604
2904510,1.4000,1.1556
2905010,1.4000,1.1564
2905510,1.4000,1.1621
2906010,1.4000,1.1733
2906510,1.4000,1.1709
2907010,1.4000,1.1653
2907510,1.4000,1.1878
2908010,1.4000,1.1693
2908510,1.4000,1.1532
2909010,1.4000,1.1629
2909510,1.4000,1.1677
2910010,1.4000,1.1653
2910510,1.4000,1.1733
2911010,1.4000,1.1677
2911510,1.4000,1.1733
2912010,1.4000,1.1556
2912510,1.4000,1.1588
2913010,1.4000,1.1596
2913510,1.4000,1.1758
2914010,1.4000,1.1580
2914510,1.4000,1.1475
2915010,1.4000,1.1733
2915510,1.4000,1.1701
2916010,1.4000,1.1588
2916510,1.4000,1.1419
2917010,1.4000,1.1661
2917510,1.4000,1.1621
2918010,1.4000,1.1588
2918510,1.4000,1.1733
2919010,1.4000,1.1733
2919510,1.4000,1.1645
2920010,1.4000,1.1612
2920510,1.4000,1.1717
2921010,1.4000,1.1629
2921510,1.4000,1.1693
2922010,1.4000,1.1621
2922510,1.4000,1.1677
2923010,1.4000,1.1733
2923510,1.4000,1.1524
2924010,1.4000,1.1758
2924510,1.4000,1.1693
2925010,1.4000,1.1693
2925510,1.4000,1.1693
2926010,1.4000,1.1685
2926510,1.4000,1.1709
2927010,1.4000,1.1717
2927510,1.4000,1.1709
2928010,1.4000,1.1604
2928510,1.4000,1.1612
2929010,1.4000,1.1653
2929510,1.4000,1.1725
2930010,1.4000,1.1500
2930510,1.4000,1.1709
2931010,1.4000,1.1661
2931510,1.4000,1.1612
2932010,1.4000,1.1733
2932510,1.4000,1.1693
2933010,1.4000,1.1604
2933510,1.4000,1.1516
2934010,1.4000,1.1677
2934510,1.4000,1.1685
2935010,1.4000,1.1532
2935510,1.4000,1.1612
2936010,1.4000,1.1548
2936510,1.4000,1.1596
2937010,1.4000,1.1588
2937510,1.4000,1.1725
2938010,1.4000,1.1741
2938510,1.4000,1.1733
2939010,1.4000,1.1693
2939510,1.4000,1.1653
2940010,1.4000,1.1661
2940510,1.4000,1.1475
2941010,1.4000,1.1612
2941510,1.4000,1.1588
2942010,1.4000,1.1733
2942510,1.4000,1.1709
2943010,1.4000,1.1475
2943510,1.4000,1.1564
2944010,1.4000,1.1621
2944510,1.4000,1.1637
2945010,1.4000,1.1733
2945510,1.4000,1.1395
2946010,1.4000,1.1701
2946510,1.4000,1.1701
2947010,1.4000,1.1621
2947510,1.4000,1.1596
2948010,1.4000,1.1685
2948510,1.4000,1.1629
2949010,1.4000,1.1645
2949510,1.4000,1.1749
2950010,1.4000,1.1733
2950510,1.4000,1.1661
2951010,1.4000,1.1532
2951510,1.4000,1.1725
2952010,1.4000,1.1709
2952510,1.4000,1.1653
2953010,1.4000,1.1580
2953510,1.4000,1.1685
2954010,1.4000,1.1629
2954510,1.4000,1.1701
2955010,1.4000,1.1588
2955510,1.4000,1.1725
2956010,1.4000,1.1612
2956510,1.4000,1.1604
2957010,1.4000,1.1661
2957510,1.4000,1.1693
2958010,1.4000,1.1621
2958510,1.4000,1.1596
2959010,1.4000,1.1717
2959510,1.4000,1.1637
2960010,1.4000,1.1588
2960510,1.4000,1.1637
2961010,1.4000,1.1693
2961510,1.4000,1.1717
2962010,1.4000,1.1645
2962510,1.4000,1.1693
2963010,1.4000,1.1629
2963510,1.4000,1.1725
2964010,1.4000,1.1629
2964510,1.4000,1.1725
2965010,1.4000,1.1685
2965510,1.4000,1.1685
2966010,1.4000,1.1685
2966510,1.4000,1.1532
2967010,1.4000,1.1733
2967510,1.4000,1.1693
2968010,1.4000,1.1621
2968510,1.4000,1.1685
2969010,1.4000,1.1508
2969510,1.4000,1.1604
2970010,1.4000,1.1653
2970510,1.4000,1.1596
2971010,1.4000,1.1532
2971510,1.4000,1.1749
2972010,1.4000,1.1701
2972510,1.4000,1.1637
2973010,1.4000,1.1677
2973510,1.4000,1.1701
2974010,1.4000,1.1427
2974510,1.4000,1.1733
2975010,1.4000,1.1588
2975510,1.4000,1.1588
2976010,1.4000,1.1709
2976510,1.4000,1.1709
2977010,1.4000,1.1709
2977510,1.4000,1.1612
2978010,1.4000,1.1484
2978510,1.4000,1.1677
2979010,1.4000,1.1766
2979510,1.4000,1.1709
2980010,1.4000,1.1677
2980510,1.4000,1.1451
2981010,1.4000,1.1588
2981510,1.4000,1.1645
2982010,1.4000,1.1645
2982510,1.4000,1.1645
2983010,1.4000,1.1725
2983510,1.4000,1.1621
2984010,1.4000,1.1556
2984510,1.4000,1.1661
2985010,1.4000,1.1709
2985510,1.4000,1.1661
2986010,1.4000,1.1645
2986510,1.4000,1.1725
2987010,1.4000,1.1661
2987510,1.4000,1.1733
2988010,1.4000,1.1629
2988510,1.4000,1.1661
2989010,1.4000,1.1645
2989510,1.4000,1.1661
2990010,1.4000,1.1741
2990510,1.4000,1.1564
2991010,1.4000,1.1709
2991510,1.4000,1.1661
2992010,1.4000,1.1621
2992510,1.4000,1.1693
2993010,1.4000,1.1838
2993510,1.4000,1.1621
2994010,1.4000,1.1693
2994510,1.4000,1.1637
2995010,1.4000,1.1621
2995510,1.4000,1.1661
2996010,1.4000,1.1693
2996510,1.4000,1.1629
2997010,1.4000,1.1717
2997510,1.4000,1.1741
2998010,1.4000,1.1661
2998510,1.4000,1.1629
2999010,1.4000,1.1653
2999510,1.4000,1.1532
3000010,1.4000,1.1645
3000510,1.4000,1.1717
3001010,1.4000,1.1693
3001510,1.4000,1.1733
3002010,1.4000,1.1677
3002510,1.4000,1.1693
3003010,1.4000,1.1661
3003510,1.4000,1.1717
3004010,1.4000,1.1709
3004510,1.4000,1.1629
3005010,1.4000,1.1685
3005510,1.4000,1.1669
3006010,1.4000,1.1709
3006510,1.4000,1.1588
3007010,1.4000,1.1669
3007510,1.4000,1.1693
3008010,1.4000,1.1540
3008510,1.4000,1.1612
3009010,1.4000,1.1677
3009510,1.4000,1.1870
3010010,1.4000,1.1564
3010510,1.4000,1.1693
3011010,1.4000,1.1661
3011510,1.4000,1.1661
3012010,1.4000,1.1903
3012510,1.4000,1.1653
3013010,1.4000,1.1685
3013510,1.4000,1.1709
3014010,1.4000,1.1717
3014510,1.4000,1.1758
3015010,1.4000,1.1621
3015510,1.4000,1.1653
3016010,1.4000,1.1733
3016510,1.4000,1.1749
3017010,1.4000,1.1621
3017510,1.4000,1.1645
3018010,1.4000,1.1733
3018510,1.4000,1.1709
3019010,1.4000,1.1508
3019510,1.4000,1.1749
3020010,1.4000,1.1612
3020510,1.4000,1.1475
3021010,1.4000,1.1645
3021510,1.4000,1.1717
3022010,1.4000,1.1693
3022510,1.4000,1.1693
3023010,1.4000,1.1741
3023510,1.4000,1.1878
3024010,1.4000,1.1653
3024510,1.4000,1.1653
3025010,1.4000,1.1653
3025510,1.4000,1.1596
3026010,1.4000,1.1709
3026510,1.4000,1.1717
3027010,1.4000,1.1621
3027510,1.4000,1.1596
3028010,1.4000,1.1645
3028510,1.4000,1.1749
3029010,1.4000,1.1733
3029510,1.4000,1.1629
3030010,1.4000,1.1645
3030510,1.4000,1.1596
3031010,1.4000,1.1733
3031510,1.4000,1.1717
3032010,1.4000,1.1685
3032510,1.4000,1.1790
3033010,1.4000,1.1709
3033510,1.4000,1.1870
3034010,1.4000,1.1741
3034510,1.4000,1.1717
3035010,1.4000,1.1532
3035510,1.4000,1.1733
3036010,1.4000,1.1612
3036510,1.4000,1.1693
3037010,1.4000,1.1629
3037510,1.4000,1.1661
3038010,1.4000,1.1717
3038510,1.4000,1.1661
3039010,1.4000,1.1661
3039510,1.4000,1.1709
3040010,1.4000,1.1556
3040510,1.4000,1.1733
3041010,1.4000,1.1475
3041510,1.4000,1.1733
3042010,1.4000,1.1653
3042510,1.4000,1.1685
3043010,1.4000,1.1645
3043510,1.4000,1.1621
3044010,1.4000,1.1685
3044510,1.4000,1.1693
3045010,1.4000,1.1588
3045510,1.4000,1.1733
3046010,1.4000,1.1661
3046510,1.4000,1.1677
3047010,1.4000,1.1677
3047510,1.4000,1.1838
3048010,1.4000,1.1677
3048510,1.4000,1.1709
3049010,1.4000,1.1580
3049510,1.4000,1.1749
3050010,1.4000,1.1766
3050510,1.4000,1.1621
3051010,1.4000,1.1733
3051510,1.4000,1.1645
3052010,1.4000,1.1629
3052510,1.4000,1.1588
3053010,1.4000,1.1629
3053510,1.4000,1.1693
3054010,1.4000,1.1669
3054510,1.4000,1.1749
3055010,1.4000,1.1701
3055510,1.4000,1.1637
3056010,1.4000,1.1669
3056510,1.4000,1.1717
3057010,1.4000,1.1475
3057510,1.4000,1.1717
3058010,1.4000,1.1645
3058510,1.4000,1.1733
3059010,1.4000,1.1725
3059510,1.4000,1.1798
3060010,1.4000,1.1774
3060510,1.4000,1.1693
3061010,1.4000,1.1661
3061510,1.4000,1.1653
3062010,1.4000,1.1733
3062510,1.4000,1.1548
3063010,1.4000,1.1669
3063510,1.4000,1.1685
3064010,1.4000,1.1532
3064510,1.4000,1.1814
3065010,1.4000,1.1733
3065510,1.4000,1.1749
3066010,1.4000,1.1661
3066510,1.4000,1.1661
3067010,1.4000,1.1733
3067510,1.4000,1.1653
3068010,1.4000,1.1725
3068510,1.4000,1.1637
3069010,1.4000,1.1629
3069510,1.4000,1.1725
3070010,1.4000,1.1629
3070510,1.4000,1.1911
3071010,1.4000,1.1709
3071510,1.4000,1.1677
3072010,1.4000,1.1661
3072510,1.4000,1.1758
3073010,1.4000,1.1645
3073510,1.4000,1.1645
3074010,1.4000,1.1838
3074510,1.4000,1.1653
3075010,1.4000,1.1693
3075510,1.4000,1.1685
3076010,1.4000,1.1612
3076510,1.4000,1.1709
3077010,1.4000,1.1685
3077510,1.4000,1.1733
3078010,1.4000,1.1741
3078510,1.4000,1.1725
3079010,1.4000,1.1725
3079510,1.4000,1.1854
3080010,1.4000,1.1637
3080510,1.4000,1.1677
3081010,1.4000,1.1677
3081510,1.4000,1.1516
3082010,1.4000,1.1661
3082510,1.4000,1.1596
3083010,1.4000,1.1790
3083510,1.4000,1.1677
3084010,1.4000,1.1733
3084510,1.4000,1.1806
3085010,1.4000,1.1604
3085510,1.4000,1.1733
3086010,1.4000,1.1661
3086510,1.4000,1.1725
3087010,1.4000,1.1733
3087510,1.4000,1.1717
3088010,1.4000,1.1717
3088510,1.4000,1.1717
3089010,1.4000,1.1661
3089510,1.4000,1.1733
3090010,1.4000,1.1677
3090510,1.4000,1.1693
3091010,1.4000,1.1612
3091510,1.4000,1.1733
3092010,1.4000,1.1653
3092510,1.4000,1.1733
3093010,1.4000,1.1733
3093510,1.4000,1.1717
3094010,1.4000,1.1685
3094510,1.4000,1.1629
3095010,1.4000,1.1717
3095510,1.4000,1.1733
3096010,1.4000,1.1701
3096510,1.4000,1.1693
3097010,1.4000,1.1717
3097510,1.4000,1.1733
3098010,1.4000,1.1758
3098510,1.4000,1.1717
3099010,1.4000,1.1733
3099510,1.4000,1.1733
3100010,1.4000,1.1629
3100510,1.4000,1.1749
3101010,1.4000,1.1741
3101510,1.4000,1.1693
3102010,1.4000,1.1693
3102510,1.4000,1.1806
3103010,1.4000,1.1733
3103510,1.4000,1.1741
3104010,1.4000,1.1733
3104510,1.4000,1.1709
3105010,1.4000,1.1629
3105510,1.4000,1.1685
3106010,1.4000,1.1774
3106510,1.4000,1.1717
3107010,1.4000,1.1733
3107510,1.4000,1.1725
3108010,1.4000,1.1653
3108510,1.4000,1.1629
3109010,1.4000,1.1733
3109510,1.4000,1.1685
3110010,1.4000,1.1782
3110510,1.4000,1.1709
3111010,1.4000,1.1524
3111510,1.4000,1.1661
3112010,1.4000,1.1725
3112510,1.4000,1.1717
3113010,1.4000,1.1717
3113510,1.4000,1.1621
3114010,1.4000,1.1548
3114510,1.4000,1.1733
3115010,1.4000,1.1725
3115510,1.4000,1.1629
3116010,1.4000,1.1733
3116510,1.4000,1.1709
3117010,1.4000,1.1733
3117510,1.4000,1.1693
3118010,1.4000,1.1854
3118510,1.4000,1.1693
3119010,1.4000,1.1806
3119510,1.4000,1.1661
3120010,1.4000,1.1717
3120510,1.4000,1.1661
3121010,1.4000,1.1725
3121510,1.4000,1.1733
3122010,1.4000,1.1685
3122510,1.4000,1.1685
3123010,1.4000,1.1725
3123510,1.4000,1.1661
3124010,1.4000,1.1629
3124510,1.4000,1.1701
3125010,1.4000,1.1709
3125510,1.4000,1.1604
3126010,1.4000,1.1733
3126510,1.4000,1.1629
3127010,1.4000,1.1653
3127510,1.4000,1.2112
3128010,1.4000,1.1661
3128510,1.4000,1.1733
3129010,1.4000,1.1822
3129510,1.4000,1.1782
3130010,1.4000,1.1685
3130510,1.4000,1.1637
3131010,1.4000,1.1596
3131510,1.4000,1.1717
3132010,1.4000,1.1669
3132510,1.4000,1.1733
3133010,1.4000,1.1580
3133510,1.4000,1.1532
3134010,1.4000,1.1653
3134510,1.4000,1.1645
3135010,1.4000,1.1806
3135510,1.4000,1.1693
3136010,1.4000,1.1701
3136510,1.4000,1.1709
3137010,1.4000,1.1693
3137510,1.4000,1.1806
3138010,1.4000,1.1733
3138510,1.4000,1.1758
3139010,1.4000,1.1580
3139510,1.4000,1.1677
3140010,1.4000,1.1677
3140510,1.4000,1.1733
3141010,1.4000,1.1886
3141510,1.4000,1.1758
3142010,1.4000,1.1669
3142510,1.4000,1.1806
3143010,1.4000,1.1733
3143510,1.4000,1.1685
3144010,1.4000,1.1685
3144510,1.4000,1.1758
3145010,1.4000,1.1725
3145510,1.4000,1.1661
3146010,1.4000,1.1814
3146510,1.4000,1.1653
3147010,1.4000,1.1717
3147510,1.4000,1.1725
3148010,1.4000,1.1862
3148510,1.4000,1.1693
3149010,1.4000,1.1733
3149510,1.4000,1.1790
3150010,1.4000,1.1653
3150510,1.4000,1.1854
3151010,1.4000,1.1693
3151510,1.4000,1.1661
3152010,1.4000,1.1709
3152510,1.4000,1.1701
3153010,1.4000,1.1717
3153510,1.4000,1.1790
3154010,1.4000,1.1475
3154510,1.4000,1.1717
3155010,1.4000,1.1838
3155510,1.4000,1.1677
3156010,1.4000,1.1733
3156510,1.4000,1.1629
3157010,1.4000,1.2136
3157510,1.4000,1.1733
3158010,1.4000,1.1701
3158510,1.4000,1.1645
3159010,1.4000,1.1733
3159510,1.4000,1.1733
3160010,1.4000,1.1733
3160510,1.4000,1.1749
3161010,1.4000,1.1733
3161510,1.4000,1.1733
3162010,1.4000,1.1725
3162510,1.4000,1.1774
3163010,1.4000,1.1733
3163510,1.4000,1.1709
3164010,1.4000,1.1758
3164510,1.4000,1.1838
3165010,1.4000,1.1701
3165510,1.4000,1.1621
3166010,1.4000,1.1693
3166510,1.4000,1.1782
3167010,1.4000,1.1741
3167510,1.4000,1.1701
3168010,1.4000,1.1733
3168510,1.4000,1.1741
3169010,1.4000,1.1814
3169510,1.4000,1.1774
3170010,1.4000,1.1733
3170510,1.4000,1.1758
3171010,1.4000,1.1653
3171510,1.4000,1.1766
3172010,1.4000,1.1653
3172510,1.4000,1.1741
3173010,1.4000,1.1645
3173510,1.4000,1.1733
3174010,1.4000,1.1749
3174510,1.4000,1.1733
3175010,1.4000,1.1596
3175510,1.4000,1.1741
3176010,1.4000,1.1645
3176510,1.4000,1.1911
3177010,1.4000,1.1709
3177510,1.4000,1.1693
3178010,1.4000,1.1645
3178510,1.4000,1.1749
3179010,1.4000,1.1596
3179510,1.4000,1.1677
3180010,1.4000,1.1749
3180510,1.4000,1.1653
3181010,1.4000,1.1556
3181510,1.4000,1.1798
3182010,1.4000,1.1701
3182510,1.4000,1.1725
3183010,1.4000,1.1677
3183510,1.4000,1.1814
3184010,1.4000,1.1741
3184510,1.4000,1.1717
3185010,1.4000,1.1733
3185510,1.4000,1.1709
3186010,1.4000,1.1733
3186510,1.4000,1.1693
3187010,1.4000,1.1661
3187510,1.4000,1.1693
3188010,1.4000,1.1782
3188510,1.4000,1.1733
3189010,1.4000,1.1741
3189510,1.4000,1.1814
3190010,1.4000,1.1741
3190510,1.4000,1.1709
3191010,1.4000,1.1653
3191510,1.4000,1.1733
3192010,1.4000,1.1774
3192510,1.4000,1.1717
3193010,1.4000,1.1709
3193510,1.4000,1.1701
3194010,1.4000,1.1693
3194510,1.4000,1.1709
3195010,1.4000,1.1693
3195510,1.4000,1.1733
3196010,1.4000,1.1733
3196510,1.4000,1.1516
3197010,1.4000,1.1733
3197510,1.4000,1.1903
3198010,1.4000,1.1741
3198510,1.4000,1.1725
3199010,1.4000,1.1717
3199510,1.4000,1.1749
3200010,1.4000,1.1709
3200510,1.4000,1.1693
3201010,1.4000,1.1709
3201510,1.4000,1.1774
3202010,1.4000,1.1878
3202510,1.4000,1.1733
3203010,1.4000,1.1733
3203510,1.4000,1.1693
3204010,1.4000,1.1685
3204510,1.4000,1.1733
3205010,1.4000,1.1790
3205510,1.4000,1.1782
3206010,1.4000,1.1774
3206510,1.4000,1.1717
3207010,1.4000,1.1741
3207510,1.4000,1.1709
3208010,1.4000,1.1717
3208510,1.4000,1.1564
3209010,1.4000,1.1733
3209510,1.4000,1.1725
3210010,1.4000,1.1741
3210510,1.4000,1.1733
3211010,1.4000,1.1733
3211510,1.4000,1.1645
3212010,1.4000,1.1782
3212510,1.4000,1.1822
3213010,1.4000,1.1749
3213510,1.4000,1.1725
3214010,1.4000,1.1733
3214510,1.4000,1.1629
3215010,1.4000,1.1741
3215510,1.4000,1.1790
3216010,1.4000,1.1733
3216510,1.4000,1.1758
3217010,1.4000,1.1733
3217510,1.4000,1.1645
3218010,1.4000,1.1782
3218510,1.4000,1.1766
3219010,1.4000,1.1782
3219510,1.4000,1.1846
3220010,1.4000,1.1758
3220510,1.4000,1.1862
3221010,1.4000,1.1733
3221510,1.4000,1.1758
3222010,1.4000,1.1806
3222510,1.4000,1.1749
3223010,1.4000,1.1733
3223510,1.4000,1.1741
3224010,1.4000,1.1758
3224510,1.4000,1.1733
3225010,1.4000,1.1749
3225510,1.4000,1.1693
3226010,1.4000,1.1774
3226510,1.4000,1.1733
3227010,1.4000,1.1733
3227510,1.4000,1.1717
3228010,1.4000,1.1725
3228510,1.4000,1.1782
3229010,1.4000,1.1693
3229510,1.4000,1.1790
3230010,1.4000,1.1766
3230510,1.4000,1.1806
3231010,1.4000,1.1814
3231510,1.4000,1.1741
3232010,1.4000,1.1806
3232510,1.4000,1.1725
3233010,1.4000,1.1685
3233510,1.4000,1.1814
3234010,1.4000,1.1749
3234510,1.4000,1.1733
3235010,1.4000,1.1758
3235510,1.4000,1.1991
3236010,1.4000,1.1766
3236510,1.4000,1.1733
3237010,1.4000,1.1733
3237510,1.4000,1.1733
3238010,1.4000,1.1733
3238510,1.4000,1.1725
3239010,1.4000,1.1725
3239510,1.4000,1.1822
3240010,1.4000,1.1951
3240510,1.4000,1.1782
3241010,1.4000,1.1766
3241510,1.4000,1.1733
3242010,1.4000,1.1725
3242510,1.4000,1.1693
3243010,1.4000,1.1733
3243510,1.4000,1.1733
3244010,1.4000,1.1741
3244510,1.4000,1.1492
3245010,1.4000,1.1919
3245510,1.4000,1.1758
3246010,1.4000,1.1741
3246510,1.4000,1.1814
3247010,1.4000,1.1838
3247510,1.4000,1.1685
3248010,1.4000,1.1749
3248510,1.4000,1.1838
3249010,1.4000,1.1774
3249510,1.4000,1.1862
3250010,1.4000,1.1774
3250510,1.4000,1.1733
3251010,1.4000,1.1645
3251510,1.4000,1.1733
3252010,1.4000,1.1733
3252510,1.4000,1.1733
3253010,1.4000,1.1790
3253510,1.4000,1.1717
3254010,1.4000,1.1822
3254510,1.4000,1.1790
3255010,1.4000,1.1733
3255510,1.4000,1.1741
3256010,1.4000,1.1838
3256510,1.4000,1.1878
3257010,1.4000,1.1774
3257510,1.4000,1.1846
3258010,1.4000,1.1774
3258510,1.4000,1.1758
3259010,1.4000,1.1758
3259510,1.4000,1.1749
3260010,1.4000,1.1741
3260510,1.4000,1.1774
3261010,1.4000,1.1733
3261510,1.4000,1.1758
3262010,1.4000,1.1741
3262510,1.4000,1.1782
3263010,1.4000,1.1862
3263510,1.4000,1.1766
3264010,1.4000,1.1782
3264510,1.4000,1.1814
3265010,1.4000,1.1629
3265510,1.4000,1.1733
3266010,1.4000,1.1782
3266510,1.4000,1.1741
3267010,1.4000,1.1733
3267510,1.4000,1.1790
3268010,1.4000,1.1862
3268510,1.4000,1.1645
3269010,1.4000,1.1733
3269510,1.4000,1.1717
3270010,1.4000,1.1790
3270510,1.4000,1.1733
3271010,1.4000,1.1782
3271510,1.4000,1.1758
3272010,1.4000,1.1838
3272510,1.4000,1.1749
3273010,1.4000,1.1749
3273510,1.4000,1.1895
3274010,1.4000,1.1741
3274510,1.4000,1.1701
3275010,1.4000,1.1846
3275510,1.4000,1.1741
3276010,1.4000,1.1830
3276510,1.4000,1.1790
3277010,1.4000,1.1790
3277510,1.4000,1.1782
3278010,1.4000,1.1806
3278510,1.4000,1.1709
3279010,1.4000,1.1758
3279510,1.4000,1.1774
3280010,1.4000,1.1806
3280510,1.4000,1.1733
3281010,1.4000,1.1693
3281510,1.4000,1.1758
3282010,1.4000,1.1741
3282510,1.4000,1.1758
3283010,1.4000,1.1806
3283510,1.4000,1.1814
3284010,1.4000,1.1854
3284510,1.4000,1.1846
3285010,1.4000,1.1733
3285510,1.4000,1.1814
3286010,1.4000,1.1878
3286510,1.4000,1.1758
3287010,1.4000,1.1790
3287510,1.4000,1.1814
3288010,1.4000,1.1878
3288510,1.4000,1.1991
3289010,1.4000,1.1782
3289510,1.4000,1.1790
3290010,1.4000,1.1733
3290510,1.4000,1.1822
3291010,1.4000,1.1749
3291510,1.4000,1.1766
3292010,1.4000,1.1741
3292510,1.4000,1.1733
3293010,1.4000,1.1749
3293510,1.4000,1.1782
3294010,1.4000,1.1782
3294510,1.4000,1.1854
3295010,1.4000,1.1790
3295510,1.4000,1.1782
3296010,1.4000,1.1814
3296510,1.4000,1.1637
3297010,1.4000,1.1927
3297510,1.4000,1.1612
3298010,1.4000,1.1741
3298510,1.4000,1.1758
3299010,1.4000,1.1733
3299510,1.4000,1.1870
3300010,1.4000,1.1790
3300510,1.4000,1.1774
3301010,1.4000,1.1749
3301510,1.4000,1.1733
3302010,1.4000,1.1709
3302510,1.4000,1.1862
3303010,1.4000,1.1814
3303510,1.4000,1.1733
3304010,1.4000,1.1774
3304510,1.4000,1.1733
3305010,1.4000,1.1911
3305510,1.4000,1.1790
3306010,1.4000,1.1741
3306510,1.4000,1.1790
3307010,1.4000,1.1701
3307510,1.4000,1.1774
3308010,1.4000,1.1838
3308510,1.4000,1.1846
3309010,1.4000,1.1782
3309510,1.4000,1.1741
3310010,1.4000,1.1741
3310510,1.4000,1.1822
3311010,1.4000,1.1935
3311510,1.4000,1.1741
3312010,1.4000,1.1621
3312510,1.4000,1.1774
3313010,1.4000,1.1790
3313510,1.4000,1.1758
3314010,1.4000,1.1701
3314510,1.4000,1.1758
3315010,1.4000,1.1782
3315510,1.4000,1.1758
3316010,1.4000,1.1878
3316510,1.4000,1.1782
3317010,1.4000,1.1806
3317510,1.4000,1.1733
3318010,1.4000,1.1822
3318510,1.4000,1.1733
3319010,1.4000,1.1782
3319510,1.4000,1.1741
3320010,1.4000,1.1870
3320510,1.4000,1.1733
3321010,1.4000,1.1935
3321510,1.4000,1.1766
3322010,1.4000,1.1725
3322510,1.4000,1.1733
3323010,1.4000,1.1685
3323510,1.4000,1.1749
3324010,1.4000,1.1758
3324510,1.4000,1.1749
3325010,1.4000,1.1741
3325510,1.4000,1.1862
3326010,1.4000,1.1798
3326510,1.4000,1.1838
3327010,1.4000,1.1870
3327510,1.4000,1.1822
3328010,1.4000,1.1758
3328510,1.4000,1.1886
3329010,1.4000,1.1653
3329510,1.4000,1.1862
3330010,1.4000,1.1766
3330510,1.4000,1.1790
3331010,1.4000,1.1790
3331510,1.4000,1.1725
3332010,1.4000,1.1725
3332510,1.4000,1.1782
3333010,1.4000,1.1685
3333510,1.4000,1.1758
3334010,1.4000,1.1758
3334510,1.4000,1.1733
3335010,1.4000,1.1685
3335510,1.4000,1.1790
3336010,1.4000,1.1749
3336510,1.4000,1.1774
3337010,1.4000,1.1862
3337510,1.4000,1.1749
3338010,1.4000,1.1991
3338510,1.4000,1.1806
3339010,1.4000,1.1733
3339510,1.4000,1.1838
3340010,1.4000,1.1782
3340510,1.4000,1.1822
3341010,1.4000,1.1903
3341510,1.4000,1.1846
3342010,1.4000,1.1758
3342510,1.4000,1.1790
3343010,1.4000,1.1790
3343510,1.4000,1.1717
3344010,1.4000,1.1782
3344510,1.4000,1.1733
3345010,1.4000,1.1983
3345510,1.4000,1.1814
3346010,1.4000,1.1725
3346510,1.4000,1.1774
3347010,1.4000,1.1693
3347510,1.4000,1.1814
3348010,1.4000,1.1733
3348510,1.4000,1.1749
3349010,1.4000,1.1806
3349510,1.4000,1.1629
3350010,1.4000,1.1814
3350510,1.4000,1.1749
3351010,1.4000,1.1733
3351510,1.4000,1.1822
3352010,1.4000,1.1782
3352510,1.4000,1.1749
3353010,1.4000,1.1846
3353510,1.4000,1.1733
3354010,1.4000,1.1733
3354510,1.4000,1.1717
3355010,1.4000,1.1774
3355510,1.4000,1.1790
3356010,1.4000,1.1854
3356510,1.4000,1.1806
3357010,1.4000,1.1733
3357510,1.4000,1.1733
3358010,1.4000,1.1741
3358510,1.4000,1.1806
3359010,1.4000,1.1782
3359510,1.4000,1.1733
3360010,1.4000,1.1725
3360510,1.4000,1.1774
3361010,1.4000,1.1782
3361510,1.4000,1.1774
3362010,1.4000,1.1725
3362510,1.4000,1.1854
3363010,1.4000,1.1782
3363510,1.4000,1.1733
3364010,1.4000,1.1822
3364510,1.4000,1.1790
3365010,1.4000,1.1749
3365510,1.4000,1.1814
3366010,1.4000,1.1766
3366510,1.4000,1.1701
3367010,1.4000,1.1838
3367510,1.4000,1.1766
3368010,1.4000,1.1661
3368510,1.4000,1.1717
3369010,1.4000,1.1814
3369510,1.4000,1.1814
3370010,1.4000,1.1758
3370510,1.4000,1.1766
3371010,1.4000,1.1798
3371510,1.4000,1.1790
3372010,1.4000,1.1878
3372510,1.4000,1.1733
3373010,1.4000,1.1758
3373510,1.4000,1.1749
3374010,1.4000,1.1653
3374510,1.4000,1.1733
3375010,1.4000,1.1741
3375510,1.4000,1.1766
3376010,1.4000,1.1830
3376510,1.4000,1.1733
3377010,1.4000,1.1790
3377510,1.4000,1.1661
3378010,1.4000,1.1725
3378510,1.4000,1.1854
3379010,1.4000,1.1725
3379510,1.4000,1.1943
3380010,1.4000,1.1878
3380510,1.4000,1.1749
3381010,1.4000,1.1782
3381510,1.4000,1.1790
3382010,1.4000,1.1766
3382510,1.4000,1.1790
3383010,1.4000,1.1733
3383510,1.4000,1.1741
3384010,1.4000,1.1733
3384510,1.4000,1.1733
3385010,1.4000,1.1774
3385510,1.4000,1.1790
3386010,1.4000,1.1822
3386510,1.4000,1.1749
3387010,1.4000,1.1782
3387510,1.4000,1.1758
3388010,1.4000,1.1693
3388510,1.4000,1.1967
3389010,1.4000,1.1870
3389510,1.4000,1.1790
3390010,1.4000,1.1822
3390510,1.4000,1.1838
3391010,1.4000,1.1822
3391510,1.4000,1.1749
3392010,1.4000,1.1822
3392510,1.4000,1.1741
3393010,1.4000,1.1774
3393510,1.4000,1.1741
3394010,1.4000,1.1814
3394510,1.4000,1.1814
3395010,1.4000,1.1733
3395510,1.4000,1.1822
3396010,1.4000,1.1806
3396510,1.4000,1.1758
3397010,1.4000,1.1838
3397510,1.4000,1.1733
3398010,1.4000,1.1838
3398510,1.4000,1.1733
3399010,1.4000,1.1741
3399510,1.4000,1.1725
3400010,1.4000,1.1870
3400510,1.4000,1.1790
3401010,1.4000,1.1774
3401510,1.4000,1.1798
3402010,1.4000,1.1749
3402510,1.4000,1.1838
3403010,1.4000,1.1741
3403510,1.4000,1.1774
3404010,1.4000,1.1822
3404510,1.4000,1.1798
3405010,1.4000,1.1854
3405510,1.4000,1.1806
3406010,1.4000,1.1814
3406510,1.4000,1.1774
3407010,1.4000,1.1774
3407510,1.4000,1.1814
3408010,1.4000,1.1766
3408510,1.4000,1.1814
3409010,1.4000,1.1838
3409510,1.4000,1.1758
3410010,1.4000,1.1878
3410510,1.4000,1.1886
3411010,1.4000,1.1822
3411510,1.4000,1.1806
3412010,1.4000,1.1806
3412510,1.4000,1.1758
3413010,1.4000,1.1774
3413510,1.4000,1.1790
3414010,1.4000,1.1814
3414510,1.4000,1.1822
3415010,1.4000,1.1991
3415510,1.4000,1.1854
3416010,1.4000,1.1822
3416510,1.4000,1.1878
3417010,1.4000,1.1903
3417510,1.4000,1.1733
3418010,1.4000,1.1749
3418510,1.4000,1.1846
3419010,1.4000,1.1814
3419510,1.4000,1.1782
3420010,1.4000,1.1822
3420510,1.4000,1.1749
3421010,1.4000,1.1862
3421510,1.4000,1.1774
3422010,1.4000,1.1774
3422510,1.4000,1.1862
3423010,1.4000,1.1870
3423510,1.4000,1.1790
3424010,1.4000,1.1758
3424510,1.4000,1.1741
3425010,1.4000,1.1870
3425510,1.4000,1.1701
3426010,1.4000,1.1790
3426510,1.4000,1.1749
3427010,1.4000,1.1854
3427510,1.4000,1.1862
3428010,1.4000,1.1886
3428510,1.4000,1.2023
3429010,1.4000,1.1967
3429510,1.4000,1.1725
3430010,1.4000,1.1733
3430510,1.4000,1.1790
3431010,1.4000,1.1749
3431510,1.4000,1.1741
3432010,1.4000,1.1822
3432510,1.4000,1.1741
3433010,1.4000,1.1782
3433510,1.4000,1.1870
3434010,1.4000,1.1862
3434510,1.4000,1.1766
3435010,1.4000,1.1782
3435510,1.4000,1.1862
3436010,1.4000,1.1854
3436510,1.4000,1.1806
3437010,1.4000,1.1846
3437510,1.4000,1.1733
3438010,1.4000,1.1758
3438510,1.4000,1.1790
3439010,1.4000,1.1830
3439510,1.4000,1.1822
3440010,1.4000,1.1782
3440510,1.4000,1.1951
3441010,1.4000,1.1790
3441510,1.4000,1.1830
3442010,1.4000,1.1862
3442510,1.4000,1.1846
3443010,1.4000,1.1741
3443510,1.4000,1.1798
3444010,1.4000,1.1911
3444510,1.4000,1.1814
3445010,1.4000,1.1758
3445510,1.4000,1.1862
3446010,1.4000,1.1903
3446510,1.4000,1.1878
3447010,1.4000,1.1790
3447510,1.4000,1.1806
3448010,1.4000,1.1612
3448510,1.4000,1.1621
3449010,1.4000,1.1725
3449510,1.4000,1.1685
3450010,1.4000,1.1766
3450510,1.4000,1.1814
3451010,1.4000,1.1862
3451510,1.4000,1.1749
3452010,1.4000,1.1774
3452510,1.4000,1.1822
3453010,1.4000,1.1814
3453510,1.4000,1.1822
3454010,1.4000,1.1733
3454510,1.4000,1.1854
3455010,1.4000,1.1790
3455510,1.4000,1.1782
3456010,1.4000,1.1774
3456510,1.4000,1.1822
3457010,1.4000,1.1790
3457510,1.4000,1.1999
3458010,1.4000,1.1661
3458510,1.4000,1.1758
3459010,1.4000,1.1854
3459510,1.4000,1.1846
3460010,1.4000,1.1854
3460510,1.4000,1.1814
3461010,1.4000,1.1814
3461510,1.4000,1.1782
3462010,1.4000,1.1822
3462510,1.4000,1.1758
3463010,1.4000,1.1814
3463510,1.4000,1.1830
3464010,1.4000,1.1862
3464510,1.4000,1.1814
3465010,1.4000,1.1822
3465510,1.4000,1.1733
3466010,1.4000,1.1798
3466510,1.4000,1.1798
3467010,1.4000,1.2040
3467510,1.4000,1.1725
3468010,1.4000,1.1862
3468510,1.4000,1.1983
3469010,1.4000,1.1822
3469510,1.4000,1.1838
3470010,1.4000,1.1854
3470510,1.4000,1.1886
3471010,1.4000,1.1806
3471510,1.4000,1.1766
3472010,1.4000,1.1814
3472510,1.4000,1.1846
3473010,1.4000,1.1903
3473510,1.4000,1.1838
3474010,1.4000,1.1733
3474510,1.4000,1.1822
3475010,1.4000,1.1774
3475510,1.4000,1.1854
3476010,1.4000,1.1790
3476510,1.4000,1.1814
3477010,1.4000,1.1878
3477510,1.4000,1.1774
3478010,1.4000,1.1903
3478510,1.4000,1.1774
3479010,1.4000,1.1814
3479510,1.4000,1.1685
3480010,1.4000,1.1790
3480510,1.4000,1.1814
3481010,1.4000,1.1822
3481510,1.4000,1.1766
3482010,1.4000,1.1822
3482510,1.4000,1.1822
3483010,1.4000,1.1886
3483510,1.4000,1.1814
3484010,1.4000,1.1814
3484510,1.4000,1.1774
3485010,1.4000,1.1814
3485510,1.4000,1.1766
3486010,1.4000,1.1693
3486510,1.4000,1.1886
3487010,1.4000,1.1846
3487510,1.4000,1.1790
3488010,1.4000,1.1814
3488510,1.4000,1.1822
3489010,1.4000,1.1790
3489510,1.4000,1.1733
3490010,1.4000,1.1838
3490510,1.4000,1.1758
3491010,1.4000,1.1838
3491510,1.4000,1.1919
3492010,1.4000,1.1854
3492510,1.4000,1.2136
3493010,1.4000,1.1862
3493510,1.4000,1.1806
3494010,1.4000,1.1814
3494510,1.4000,1.1758
3495010,1.4000,1.1886
3495510,1.4000,1.1733
3496010,1.4000,1.1878
3496510,1.4000,1.1862
3497010,1.4000,1.1919
3497510,1.4000,1.1870
3498010,1.4000,1.1862
3498510,1.4000,1.1822
3499010,1.4000,1.1822
3499510,1.4000,1.1822
3500010,1.4000,1.1854
3500510,1.4000,1.1790
3501010,1.4000,1.1878
3501510,1.4000,1.1838
3502010,1.4000,1.1741
3502510,1.4000,1.1911
3503010,1.4000,1.1838
3503510,1.4000,1.1886
3504010,1.4000,1.1854
3504510,1.4000,1.1903
3505010,1.4000,1.1758
3505510,1.4000,1.1806
3506010,1.4000,1.1903
3506510,1.4000,1.1870
3507010,1.4000,1.1758
3507510,1.4000,1.1838
3508010,1.4000,1.1854
3508510,1.4000,1.1846
3509010,1.4000,1.1774
3509510,1.4000,1.1862
3510010,1.4000,1.1749
3510510,1.4000,1.1741
3511010,1.4000,1.1758
3511510,1.4000,1.1838
3512010,1.4000,1.1790
3512510,1.4000,1.1822
3513010,1.4000,1.1983
3513510,1.4000,1.1854
3514010,1.4000,1.1790
3514510,1.4000,1.1854
3515010,1.4000,1.1774
3515510,1.4000,1.1782
3516010,1.4000,1.1758
3516510,1.4000,1.1741
3517010,1.4000,1.1822
3517510,1.4000,1.1741
3518010,1.4000,1.1838
3518510,1.4000,1.1886
3519010,1.4000,1.1749
3519510,1.4000,1.1758
3520010,1.4000,1.1886
3520510,1.4000,1.1790
3521010,1.4000,1.1862
3521510,1.4000,1.1878
3522010,1.4000,1.1846
3522510,1.4000,1.1862
3523010,1.4000,1.1790
3523510,1.4000,1.2120
3524010,1.4000,1.1846
3524510,1.4000,1.1830
3525010,1.4000,1.1814
3525510,1.4000,1.2088
3526010,1.4000,1.1806
3526510,1.4000,1.1862
3527010,1.4000,1.1733
3527510,1.4000,1.1870
3528010,1.4000,1.1806
3528510,1.4000,1.1806
3529010,1.4000,1.1870
3529510,1.4000,1.1838
3530010,1.4000,1.1854
3530510,1.4000,1.1862
3531010,1.4000,1.1870
3531510,1.4000,1.1854
3532010,1.4000,1.1895
3532510,1.4000,1.1862
3533010,1.4000,1.1854
3533510,1.4000,1.1870
3534010,1.4000,1.1862
3534510,1.4000,1.1830
3535010,1.4000,1.1806
3535510,1.4000,1.2007
3536010,1.4000,1.1782
3536510,1.4000,1.1967
3537010,1.4000,1.1862
3537510,1.4000,1.1830
3538010,1.4000,1.1733
3538510,1.4000,1.1878
3539010,1.4000,1.1790
3539510,1.4000,1.1854
3540010,1.4000,1.1782
3540510,1.4000,1.1878
3541010,1.4000,1.1951
3541510,1.4000,1.1951
3542010,1.4000,1.1782
3542510,1.4000,1.1830
3543010,1.4000,1.1782
3543510,1.4000,1.1661
3544010,1.4000,1.1798
3544510,1.4000,1.1862
3545010,1.4000,1.1854
3545510,1.4000,1.1975
3546010,1.4000,1.1862
3546510,1.4000,1.1774
3547010,1.4000,1.1741
3547510,1.4000,1.1862
3548010,1.4000,1.1741
3548510,1.4000,1.1733
3549010,1.4000,1.1782
3549510,1.4000,1.1733
3550010,1.4000,1.1854
3550510,1.4000,1.1822
3551010,1.4000,1.1854
3551510,1.4000,1.1749
3552010,1.4000,1.1862
3552510,1.4000,1.1854
3553010,1.4000,1.1854
3553510,1.4000,1.1822
3554010,1.4000,1.1846
3554510,1.4000,1.1782
3555010,1.4000,1.1830
3555510,1.4000,1.1854
3556010,1.4000,1.1806
3556510,1.4000,1.1814
3557010,1.4000,1.1854
3557510,1.4000,1.1822
3558010,1.4000,1.1959
3558510,1.4000,1.1935
3559010,1.4000,1.1854
3559510,1.4000,1.1911
3560010,1.4000,1.1862
3560510,1.4000,1.1878
3561010,1.4000,1.1999
3561510,1.4000,1.1903
3562010,1.4000,1.1846
3562510,1.4000,1.1846
3563010,1.4000,1.1927
3563510,1.4000,1.1774
3564010,1.4000,1.1854
3564510,1.4000,1.1782
3565010,1.4000,1.1854
3565510,1.4000,1.1927
3566010,1.4000,1.1862
3566510,1.4000,1.1975
3567010,1.4000,1.1854
3567510,1.4000,1.1862
3568010,1.4000,1.1822
3568510,1.4000,1.1903
3569010,1.4000,1.1814
3569510,1.4000,1.1862
3570010,1.4000,1.1766
3570510,1.4000,1.1895
3571010,1.4000,1.1886
3571510,1.4000,1.1596
3572010,1.4000,1.1903
3572510,1.4000,1.1854
3573010,1.4000,1.1862
3573510,1.4000,1.1822
3574010,1.4000,1.1782
3574510,1.4000,1.1846
3575010,1.4000,1.1862
3575510,1.4000,1.1967
3576010,1.4000,1.1991
3576510,1.4000,1.1838
3577010,1.4000,1.1814
3577510,1.4000,1.1798
3578010,1.4000,1.1911
3578510,1.4000,1.1814
3579010,1.4000,1.1790
3579510,1.4000,1.1862
3580010,1.4000,1.1991
3580510,1.4000,1.1637
3581010,1.4000,1.1943
3581510,1.4000,1.1951
3582010,1.4000,1.1903
3582510,1.4000,1.1975
3583010,1.4000,1.1733
3583510,1.4000,1.1862
3584010,1.4000,1.1862
3584510,1.4000,1.1878
3585010,1.4000,1.1862
3585510,1.4000,1.1838
3586010,1.4000,1.1862
3586510,1.4000,1.1822
3587010,1.4000,1.1951
3587510,1.4000,1.1790
3588010,1.4000,1.1862
3588510,1.4000,1.1895
3589010,1.4000,1.1870
3589510,1.4000,1.1991
3590010,1.4000,1.1475
3590510,1.4000,1.1878
3591010,1.4000,1.1814
3591510,1.4000,1.1782
3592010,1.4000,1.1911
3592510,1.4000,1.1806
3593010,1.4000,1.1862
3593510,1.4000,1.1806
3594010,1.4000,1.1854
3594510,1.4000,1.1774
3595010,1.4000,1.1935
3595510,1.4000,1.1790
3596010,1.4000,1.1854
3596510,1.4000,1.1782
3597010,1.4000,1.1870
3597510,1.4000,1.1886
3598010,1.4000,1.1903
3598510,1.4000,1.1911
3599010,1.4000,1.1733
3599510,1.4000,1.1919
3600010,1.4000,1.1991
3600510,1.4000,1.1862
3601010,1.4000,1.1959
3601510,1.4000,1.1854
3602010,1.4000,1.1846
3602510,1.4000,1.1991
3603010,1.4000,1.1935
3603510,1.4000,1.1862
3604010,1.4000,1.1870
3604510,1.4000,1.1886
3605010,1.4000,1.1806
3605510,1.4000,1.1846
3606010,1.4000,1.1895
3606510,1.4000,1.1774
3607010,1.4000,1.1951
3607510,1.4000,1.1830
3608010,1.4000,1.1886
3608510,1.4000,1.1854
3609010,1.4000,1.1886
3609510,1.4000,1.1830
3610010,1.4000,1.1741
3610510,1.4000,1.1814
3611010,1.4000,1.1822
3611510,1.4000,1.1733
3612010,1.4000,1.1854
3612510,1.4000,1.1911
3613010,1.4000,1.1935
3613510,1.4000,1.1870
3614010,1.4000,1.1822
3614510,1.4000,1.1935
3615010,1.4000,1.1733
3615510,1.4000,1.1774
3616010,1.4000,1.1862
3616510,1.4000,1.2330
3617010,1.4000,1.1886
3617510,1.4000,1.1951
3618010,1.4000,1.1878
3618510,1.4000,1.2249
3619010,1.4000,1.1895
3619510,1.4000,1.1919
3620010,1.4000,1.1862
3620510,1.4000,1.1822
3621010,1.4000,1.1822
3621510,1.4000,1.1886
3622010,1.4000,1.1951
3622510,1.4000,1.1758
3623010,1.4000,1.1741
3623510,1.4000,1.1862
3624010,1.4000,1.1758
3624510,1.4000,1.1975
3625010,1.4000,1.1870
3625510,1.4000,1.1886
3626010,1.4000,1.1878
3626510,1.4000,1.1774
3627010,1.4000,1.1814
3627510,1.4000,1.1927
3628010,1.4000,1.1927
3628510,1.4000,1.1862
3629010,1.4000,1.1830
3629510,1.4000,1.1846
3630010,1.4000,1.1766
3630510,1.4000,1.1782
3631010,1.4000,1.1822
3631510,1.4000,1.1790
3632010,1.4000,1.1878
3632510,1.4000,1.2056
3633010,1.4000,1.1862
3633510,1.4000,1.1862
3634010,1.4000,1.1870
3634510,1.4000,1.1854
3635010,1.4000,1.1911
3635510,1.4000,1.1991
3636010,1.4000,1.1870
3636510,1.4000,1.1943
3637010,1.4000,1.1951
3637510,1.4000,1.1943
3638010,1.4000,1.1862
3638510,1.4000,1.1983
3639010,1.4000,1.1822
3639510,1.4000,1.1862
3640010,1.4000,1.1782
3640510,1.4000,1.1862
3641010,1.4000,1.1822
3641510,1.4000,1.1854
3642010,1.4000,1.1838
3642510,1.4000,1.1838
3643010,1.4000,1.1919
3643510,1.4000,1.1870
3644010,1.4000,1.1991
3644510,1.4000,1.1967
3645010,1.4000,1.1935
3645510,1.4000,1.1919
3646010,1.4000,1.1927
3646510,1.4000,1.1895
3647010,1.4000,1.1886
3647510,1.4000,1.1983
3648010,1.4000,1.1919
3648510,1.4000,1.1862
3649010,1.4000,1.1862
3649510,1.4000,1.1919
3650010,1.4000,1.1919
3650510,1.4000,1.1878
3651010,1.4000,1.1895
3651510,1.4000,1.1814
3652010,1.4000,1.1870
3652510,1.4000,1.1903
3653010,1.4000,1.1911
3653510,1.4000,1.1846
3654010,1.4000,1.1895
3654510,1.4000,1.1991
3655010,1.4000,1.1911
3655510,1.4000,1.1878
3656010,1.4000,1.1862
3656510,1.4000,1.1935
3657010,1.4000,1.1878
3657510,1.4000,1.1846
3658010,1.4000,1.1854
3658510,1.4000,1.1935
3659010,1.4000,1.2064
3659510,1.4000,1.1975
3660010,1.4000,1.1685
3660510,1.4000,1.1919
3661010,1.4000,1.1790
3661510,1.4000,1.1814
3662010,1.4000,1.1951
3662510,1.4000,1.1782
3663010,1.4000,1.1862
3663510,1.4000,1.1822
3664010,1.4000,1.1991
3664510,1.4000,1.1911
3665010,1.4000,1.1862
3665510,1.4000,1.1919
3666010,1.4000,1.1911
3666510,1.4000,1.1903
3667010,1.4000,1.1886
3667510,1.4000,1.1951
3668010,1.4000,1.1951
3668510,1.4000,1.1782
3669010,1.4000,1.1870
3669510,1.4000,1.1878
3670010,1.4000,1.1862
3670510,1.4000,1.1886
3671010,1.4000,1.1870
3671510,1.4000,1.1919
3672010,1.4000,1.1870
3672510,1.4000,1.1943
3673010,1.4000,1.1991
3673510,1.4000,1.1967
3674010,1.4000,1.2305
3674510,1.4000,1.1943
3675010,1.4000,1.1919
3675510,1.4000,1.1903
3676010,1.4000,1.1886
3676510,1.4000,1.2209
3677010,1.4000,1.1790
3677510,1.4000,1.1790
3678010,1.4000,1.1854
3678510,1.4000,1.1886
3679010,1.4000,1.1895
3679510,1.4000,1.1895
3680010,1.4000,1.1774
3680510,1.4000,1.1991
3681010,1.4000,1.1862
3681510,1.4000,1.2007
3682010,1.4000,1.1870
3682510,1.4000,1.1943
3683010,1.4000,1.1943
3683510,1.4000,1.1967
3684010,1.4000,1.1919
3684510,1.4000,1.1878
3685010,1.4000,1.1951
3685510,1.4000,1.1943
3686010,1.4000,1.1862
3686510,1.4000,1.1935
3687010,1.4000,1.1886
3687510,1.4000,1.1919
3688010,1.4000,1.1886
3688510,1.4000,1.1903
3689010,1.4000,1.1886
3689510,1.4000,1.1975
3690010,1.4000,1.1943
3690510,1.4000,1.1782
3691010,1.4000,1.1991
3691510,1.4000,1.1911
3692010,1.4000,1.1943
3692510,1.4000,1.1903
3693010,1.4000,1.1806
3693510,1.4000,1.1967
3694010,1.4000,1.1919
3694510,1.4000,1.1911
3695010,1.4000,1.1943
3695510,1.4000,1.1903
3696010,1.4000,1.1878
3696510,1.4000,1.1862
3697010,1.4000,1.1903
3697510,1.4000,1.1886
3698010,1.4000,1.1919
3698510,1.4000,1.1878
3699010,1.4000,1.1870
3699510,1.4000,1.1846
3700010,1.4000,1.1886
3700510,1.4000,1.1806
3701010,1.4000,1.1991
3701510,1.4000,1.1870
3702010,1.4000,1.1862
3702510,1.4000,1.1919
3703010,1.4000,1.1951
3703510,1.4000,1.1862
3704010,1.4000,1.1758
3704510,1.4000,1.1999
3705010,1.4000,1.1878
3705510,1.4000,1.1951
3706010,1.4000,1.1999
3706510,1.4000,1.2128
3707010,1.4000,1.1943
3707510,1.4000,1.1935
3708010,1.4000,1.1886
3708510,1.4000,1.1911
3709010,1.4000,1.1733
3709510,1.4000,1.2112
3710010,1.4000,1.1758
3710510,1.4000,1.1919
3711010,1.4000,1.1911
3711510,1.4000,1.1951
3712010,1.4000,1.1911
3712510,1.4000,1.1822
3713010,1.4000,1.1862
3713510,1.4000,1.1911
3714010,1.4000,1.1870
3714510,1.4000,1.1919
3715010,1.4000,1.1903
3715510,1.4000,1.1991
3716010,1.4000,1.1903
3716510,1.4000,1.1991
3717010,1.4000,1.1862
3717510,1.4000,1.1838
3718010,1.4000,1.1919
3718510,1.4000,1.1878
3719010,1.4000,1.1886
3719510,1.4000,1.1854
3720010,1.4000,1.2160
3720510,1.4000,1.1854
3721010,1.4000,1.1935
3721510,1.4000,1.1975
3722010,1.4000,1.1878
3722510,1.4000,1.1983
3723010,1.4000,1.1911
3723510,1.4000,1.1838
3724010,1.4000,1.1943
3724510,1.4000,1.1951
3725010,1.4000,1.1878
3725510,1.4000,1.1886
3726010,1.4000,1.1870
3726510,1.4000,1.1943
3727010,1.4000,1.1838
3727510,1.4000,1.1943
3728010,1.4000,1.1903
3728510,1.4000,1.1870
3729010,1.4000,1.1895
3729510,1.4000,1.1975
3730010,1.4000,1.1975
3730510,1.4000,1.1862
3731010,1.4000,1.1838
3731510,1.4000,1.1822
3732010,1.4000,1.1919
3732510,1.4000,1.1862
3733010,1.4000,1.1870
3733510,1.4000,1.1854
3734010,1.4000,1.1822
3734510,1.4000,1.2048
3735010,1.4000,1.1846
3735510,1.4000,1.1983
3736010,1.4000,1.2120
3736510,1.4000,1.1951
3737010,1.4000,1.1854
3737510,1.4000,1.1846
3738010,1.4000,1.1862
3738510,1.4000,1.2297
3739010,1.4000,1.1854
3739510,1.4000,1.1983
3740010,1.4000,1.1878
3740510,1.4000,1.1782
3741010,1.4000,1.1903
3741510,1.4000,1.1943
3742010,1.4000,1.1830
3742510,1.4000,1.1943
3743010,1.4000,1.1886
3743510,1.4000,1.1911
3744010,1.4000,1.1935
3744510,1.4000,1.1854
3745010,1.4000,1.1878
3745510,1.4000,1.1766
3746010,1.4000,1.1991
3746510,1.4000,1.1935
3747010,1.4000,1.1935
3747510,1.4000,1.1878
3748010,1.4000,1.1846
3748510,1.4000,1.1870
3749010,1.4000,1.1838
3749510,1.4000,1.1935
3750010,1.4000,1.1903
3750510,1.4000,1.1870
3751010,1.4000,1.1862
3751510,1.4000,1.1991
3752010,1.4000,1.1903
3752510,1.4000,1.1975
3753010,1.4000,1.1967
3753510,1.4000,1.1838
3754010,1.4000,1.1846
3754510,1.4000,1.1967
3755010,1.4000,1.1975
3755510,1.4000,1.1991
3756010,1.4000,1.1951
3756510,1.4000,1.1975
3757010,1.4000,1.1927
3757510,1.4000,1.1886
3758010,1.4000,1.1903
3758510,1.4000,1.1951
3759010,1.4000,1.1854
3759510,1.4000,1.1878
3760010,1.4000,1.1991
3760510,1.4000,1.1951
3761010,1.4000,1.1838
3761510,1.4000,1.1951
3762010,1.4000,1.1903
3762510,1.4000,1.1870
3763010,1.4000,1.2032
3763510,1.4000,1.1862
3764010,1.4000,1.1903
3764510,1.4000,1.1951
3765010,1.4000,1.1870
3765510,1.4000,1.1790
3766010,1.4000,1.1911
3766510,1.4000,1.1911
3767010,1.4000,1.1878
3767510,1.4000,1.1895
3768010,1.4000,1.1935
3768510,1.4000,1.1943
3769010,1.4000,1.1911
3769510,1.4000,1.1943
3770010,1.4000,1.1967
3770510,1.4000,1.1919
3771010,1.4000,1.1790
3771510,1.4000,1.1886
3772010,1.4000,1.1903
3772510,1.4000,1.1685
3773010,1.4000,1.1991
3773510,1.4000,1.1935
3774010,1.4000,1.1870
3774510,1.4000,1.1951
3775010,1.4000,1.1870
3775510,1.4000,1.1895
3776010,1.4000,1.1838
3776510,1.4000,1.1975
3777010,1.4000,1.1886
3777510,1.4000,1.2015
3778010,1.4000,1.1903
3778510,1.4000,1.2209
3779010,1.4000,1.1846
3779510,1.4000,1.1919
3780010,1.4000,1.1943
3780510,1.4000,1.1862
3781010,1.4000,1.1854
3781510,1.4000,1.1886
3782010,1.4000,1.2064
3782510,1.4000,1.1935
3783010,1.4000,1.1903
3783510,1.4000,1.1790
3784010,1.4000,1.1935
3784510,1.4000,1.1862
3785010,1.4000,1.2072
3785510,1.4000,1.1854
3786010,1.4000,1.1870
3786510,1.4000,1.2007
3787010,1.4000,1.1870
3787510,1.4000,1.2225
3788010,1.4000,1.1878
3788510,1.4000,1.1790
3789010,1.4000,1.1943
3789510,1.4000,1.1983
3790010,1.4000,1.1943
3790510,1.4000,1.1862
3791010,1.4000,1.1846
3791510,1.4000,1.1983
3792010,1.4000,1.1911
3792510,1.4000,1.1886
3793010,1.4000,1.2007
3793510,1.4000,1.1870
3794010,1.4000,1.1862
3794510,1.4000,1.1830
3795010,1.4000,1.1967
3795510,1.4000,1.1870
3796010,1.4000,1.1774
3796510,1.4000,1.1790
3797010,1.4000,1.1919
3797510,1.4000,1.1951
3798010,1.4000,1.1983
3798510,1.4000,1.1798
3799010,1.4000,1.1951
3799510,1.4000,1.1886
3800010,1.4000,1.1959
3800510,1.4000,1.1903
3801010,1.4000,1.1895
3801510,1.4000,1.2032
3802010,1.4000,1.1967
3802510,1.4000,1.1886
3803010,1.4000,1.1951
3803510,1.4000,1.1911
3804010,1.4000,1.1975
3804510,1.4000,1.1782
3805010,1.4000,1.1886
3805510,1.4000,1.1838
3806010,1.4000,1.1919
3806510,1.4000,1.1862
3807010,1.4000,1.1895
3807510,1.4000,1.1911
3808010,1.4000,1.1895
3808510,1.4000,1.1951
3809010,1.4000,1.1911
3809510,1.4000,1.1741
3810010,1.4000,1.1935
3810510,1.4000,1.1854
3811010,1.4000,1.1903
3811510,1.4000,1.1846
3812010,1.4000,1.1935
3812510,1.4000,1.1903
3813010,1.4000,1.1854
3813510,1.4000,1.1951
3814010,1.4000,1.1991
3814510,1.4000,1.1870
3815010,1.4000,1.1854
3815510,1.4000,1.2007
3816010,1.4000,1.1991
3816510,1.4000,1.1919
3817010,1.4000,1.1862
3817510,1.4000,1.1919
3818010,1.4000,1.1935
3818510,1.4000,1.1895
3819010,1.4000,1.1975
3819510,1.4000,1.1919
3820010,1.4000,1.1854
3820510,1.4000,1.1935
3821010,1.4000,1.1862
3821510,1.4000,1.1903
3822010,1.4000,1.1951
3822510,1.4000,1.1870
3823010,1.4000,1.1886
3823510,1.4000,1.1903
3824010,1.4000,1.1991
3824510,1.4000,1.1903
3825010,1.4000,1.1911
3825510,1.4000,1.1886
3826010,1.4000,1.1838
3826510,1.4000,1.1903
3827010,1.4000,1.1935
3827510,1.4000,1.1911
3828010,1.4000,1.1935
3828510,1.4000,1.1733
3829010,1.4000,1.1862
3829510,1.4000,1.1919
3830010,1.4000,1.1967
3830510,1.4000,1.1935
3831010,1.4000,1.1886
3831510,1.4000,1.1814
3832010,1.4000,1.1951
3832510,1.4000,1.1846
3833010,1.4000,1.1870
3833510,1.4000,1.1991
3834010,1.4000,1.1935
3834510,1.4000,1.1927
3835010,1.4000,1.1975
3835510,1.4000,1.1991
3836010,1.4000,1.1830
3836510,1.4000,1.1886
3837010,1.4000,1.1911
3837510,1.4000,1.1943
3838010,1.4000,1.1733
3838510,1.4000,1.1758
3839010,1.4000,1.1943
3839510,1.4000,1.1983
3840010,1.4000,1.1991
3840510,1.4000,1.1991
3841010,1.4000,1.1991
3841510,1.4000,1.1814
3842010,1.4000,1.1919
3842510,1.4000,1.1991
3843010,1.4000,1.1919
3843510,1.4000,1.1903
3844010,1.4000,1.1854
3844510,1.4000,1.1886
3845010,1.4000,1.1886
3845510,1.4000,1.1854
3846010,1.4000,1.1927
3846510,1.4000,1.1983
3847010,1.4000,1.1911
3847510,1.4000,1.1959
3848010,1.4000,1.1911
3848510,1.4000,1.1911
3849010,1.4000,1.1854
3849510,1.4000,1.1991
3850010,1.4000,1.1709
3850510,1.4000,1.1991
3851010,1.4000,1.2128
3851510,1.4000,1.1838
3852010,1.4000,1.1911
3852510,1.4000,1.1975
3853010,1.4000,1.1967
3853510,1.4000,1.1919
3854010,1.4000,1.1903
3854510,1.4000,1.1733
3855010,1.4000,1.2015
3855510,1.4000,1.2064
3856010,1.4000,1.1935
3856510,1.4000,1.1919
3857010,1.4000,1.1878
3857510,1.4000,1.1878
3858010,1.4000,1.1951
3858510,1.4000,1.1895
3859010,1.4000,1.1903
3859510,1.4000,1.1854
3860010,1.4000,1.1919
3860510,1.4000,1.1991
3861010,1.4000,1.1919
3861510,1.4000,1.1983
3862010,1.4000,1.1951
3862510,1.4000,1.1862
3863010,1.4000,1.1903
3863510,1.4000,1.1951
3864010,1.4000,1.1959
3864510,1.4000,1.1943
3865010,1.4000,1.1991
3865510,1.4000,1.1943
3866010,1.4000,1.1983
3866510,1.4000,1.1943
3867010,1.4000,1.1911
3867510,1.4000,1.1951
3868010,1.4000,1.2023
3868510,1.4000,1.1991
3869010,1.4000,1.1870
3869510,1.4000,1.1919
3870010,1.4000,1.1919
3870510,1.4000,1.1983
3871010,1.4000,1.1766
3871510,1.4000,1.2048
3872010,1.4000,1.1935
3872510,1.4000,1.1878
3873010,1.4000,1.1999
3873510,1.4000,1.1886
3874010,1.4000,1.1733
3874510,1.4000,1.1919
3875010,1.4000,1.1943
3875510,1.4000,1.1903
3876010,1.4000,1.2007
3876510,1.4000,1.1903
3877010,1.4000,1.1975
3877510,1.4000,1.2128
3878010,1.4000,1.1919
3878510,1.4000,1.1919
3879010,1.4000,1.1854
3879510,1.4000,1.1991
3880010,1.4000,1.1951
3880510,1.4000,1.1991
3881010,1.4000,1.1862
3881510,1.4000,1.1919
3882010,1.4000,1.1846
3882510,1.4000,1.1991
3883010,1.4000,1.1975
3883510,1.4000,1.1983
3884010,1.4000,1.1854
3884510,1.4000,1.1895
3885010,1.4000,1.1854
3885510,1.4000,1.1862
3886010,1.4000,1.1967
3886510,1.4000,1.1975
3887010,1.4000,1.1870
3887510,1.4000,1.2225
3888010,1.4000,1.1943
3888510,1.4000,1.1790
3889010,1.4000,1.2032
3889510,1.4000,1.1951
3890010,1.4000,1.2120
3890510,1.4000,1.1895
3891010,1.4000,1.1838
3891510,1.4000,1.1862
3892010,1.4000,1.1999
3892510,1.4000,1.1991
3893010,1.4000,1.2096
3893510,1.4000,1.1951
3894010,1.4000,1.1975
3894510,1.4000,1.1911
3895010,1.4000,1.1870
3895510,1.4000,1.1886
3896010,1.4000,1.1975
3896510,1.4000,1.1903
3897010,1.4000,1.1991
3897510,1.4000,1.1975
3898010,1.4000,1.1919
3898510,1.4000,1.2193
3899010,1.4000,1.1959
3899510,1.4000,1.1935
3900010,1.4000,1.1983
3900510,1.4000,1.1975
3901010,1.4000,1.1959
3901510,1.4000,1.1959
3902010,1.4000,1.1943
3902510,1.4000,1.1975
3903010,1.4000,1.1919
3903510,1.4000,1.1911
3904010,1.4000,1.1943
3904510,1.4000,1.1943
3905010,1.4000,1.1975
3905510,1.4000,1.1870
3906010,1.4000,1.1911
3906510,1.4000,1.1943
3907010,1.4000,1.1661
3907510,1.4000,1.1951
3908010,1.4000,1.1983
3908510,1.4000,1.1878
3909010,1.4000,1.2096
3909510,1.4000,1.1774
3910010,1.4000,1.1975
3910510,1.4000,1.1991
3911010,1.4000,1.1967
3911510,1.4000,1.1991
3912010,1.4000,1.2023
3912510,1.4000,1.2007
3913010,1.4000,1.1983
3913510,1.4000,1.1919
3914010,1.4000,1.1935
3914510,1.4000,1.2040
3915010,1.4000,1.1999
3915510,1.4000,1.1854
3916010,1.4000,1.1895
3916510,1.4000,1.1895
3917010,1.4000,1.1935
3917510,1.4000,1.1975
3918010,1.4000,1.2015
3918510,1.4000,1.1943
3919010,1.4000,1.1911
3919510,1.4000,1.1911
3920010,1.4000,1.1935
3920510,1.4000,1.1878
3921010,1.4000,1.1967
3921510,1.4000,1.1862
3922010,1.4000,1.1862
3922510,1.4000,1.1919
3923010,1.4000,1.1975
3923510,1.4000,1.1919
3924010,1.4000,1.2160
3924510,1.4000,1.1983
3925010,1.4000,1.1967
3925510,1.4000,1.1991
3926010,1.4000,1.1758
3926510,1.4000,1.1846
3927010,1.4000,1.1911
3927510,1.4000,1.1878
3928010,1.4000,1.1967
3928510,1.4000,1.1725
3929010,1.4000,1.1854
3929510,1.4000,1.2104
3930010,1.4000,1.1886
3930510,1.4000,1.1911
3931010,1.4000,1.1870
3931510,1.4000,1.1935
3932010,1.4000,1.1846
3932510,1.4000,1.1903
3933010,1.4000,1.1951
3933510,1.4000,1.1903
3934010,1.4000,1.1975
3934510,1.4000,1.1967
3935010,1.4000,1.1886
3935510,1.4000,1.1911
3936010,1.4000,1.2007
3936510,1.4000,1.1951
3937010,1.4000,1.1911
3937510,1.4000,1.1959
3938010,1.4000,1.2064
3938510,1.4000,1.1967
3939010,1.4000,1.1935
3939510,1.4000,1.1935
3940010,1.4000,1.1943
3940510,1.4000,1.2048
3941010,1.4000,1.1959
3941510,1.4000,1.1935
3942010,1.4000,1.1878
3942510,1.4000,1.2080
3943010,1.4000,1.1895
3943510,1.4000,1.1983
3944010,1.4000,1.1935
3944510,1.4000,1.1967
3945010,1.4000,1.1951
3945510,1.4000,1.1967
3946010,1.4000,1.1975
3946510,1.4000,1.1846
3947010,1.4000,1.1975
3947510,1.4000,1.1983
3948010,1.4000,1.1983
3948510,1.4000,1.2048
3949010,1.4000,1.2040
3949510,1.4000,1.2032
3950010,1.4000,1.1991
3950510,1.4000,1.1991
3951010,1.4000,1.1991
3951510,1.4000,1.2160
3952010,1.4000,1.2007
3952510,1.4000,1.1983
3953010,1.4000,1.1975
3953510,1.4000,1.1943
3954010,1.4000,1.1959
3954510,1.4000,1.2015
3955010,1.4000,1.1935
3955510,1.4000,1.2088
3956010,1.4000,1.1975
3956510,1.4000,1.1983
3957010,1.4000,1.1975
3957510,1.4000,1.1983
3958010,1.4000,1.1943
3958510,1.4000,1.1854
3959010,1.4000,1.1959
3959510,1.4000,1.1878
3960010,1.4000,1.1758
3960510,1.4000,1.1919
3961010,1.4000,1.1943
3961510,1.4000,1.1919
3962010,1.4000,1.1878
3962510,1.4000,1.1935
3963010,1.4000,1.1911
3963510,1.4000,1.1991
3964010,1.4000,1.1935
3964510,1.4000,1.1991
3965010,1.4000,1.2015
3965510,1.4000,1.1975
3966010,1.4000,1.1991
3966510,1.4000,1.2136
3967010,1.4000,1.1935
3967510,1.4000,1.1975
3968010,1.4000,1.1814
3968510,1.4000,1.1991
3969010,1.4000,1.1991
3969510,1.4000,1.1943
3970010,1.4000,1.1886
3970510,1.4000,1.1975
3971010,1.4000,1.2249
3971510,1.4000,1.1943
3972010,1.4000,1.1927
3972510,1.4000,1.1951
3973010,1.4000,1.1975
3973510,1.4000,1.2096
3974010,1.4000,1.1911
3974510,1.4000,1.1806
3975010,1.4000,1.1975
3975510,1.4000,1.1846
3976010,1.4000,1.1999
3976510,1.4000,1.1919
3977010,1.4000,1.2007
3977510,1.4000,1.1919
3978010,1.4000,1.1943
3978510,1.4000,1.1911
3979010,1.4000,1.2048
3979510,1.4000,1.1862
3980010,1.4000,1.1991
3980510,1.4000,1.1886
3981010,1.4000,1.1878
3981510,1.4000,1.1975
3982010,1.4000,1.1975
3982510,1.4000,1.1991
3983010,1.4000,1.1951
3983510,1.4000,1.1959
3984010,1.4000,1.1862
3984510,1.4000,1.1991
3985010,1.4000,1.2040
3985510,1.4000,1.2007
3986010,1.4000,1.1862
3986510,1.4000,1.1951
3987010,1.4000,1.2023
3987510,1.4000,1.1919
3988010,1.4000,1.1903
3988510,1.4000,1.1951
3989010,1.4000,1.1967
3989510,1.4000,1.2032
3990010,1.4000,1.1725
3990510,1.4000,1.1862
3991010,1.4000,1.1943
3991510,1.4000,1.1991
3992010,1.4000,1.1991
3992510,1.4000,1.1903
3993010,1.4000,1.1911
3993510,1.4000,1.1967
3994010,1.4000,1.1943
3994510,1.4000,1.1959
3995010,1.4000,1.1911
3995510,1.4000,1.1919
3996010,1.4000,1.1991
3996510,1.4000,1.1983
3997010,1.4000,1.1991
3997510,1.4000,1.1943
3998010,1.4000,1.1975
3998510,1.4000,1.1943
3999010,1.4000,1.1854
3999510,1.4000,1.1919
4000010,1.4000,1.2015
4000510,1.4000,1.1991
4001010,1.4000,1.1951
4001510,1.4000,1.1991
4002010,1.4000,1.1774
4002510,1.4000,1.1991
4003010,1.4000,1.1653
4003510,1.4000,1.1967
4004010,1.4000,1.2112
4004510,1.4000,1.1999
4005010,1.4000,1.1943
4005510,1.4000,1.1943
4006010,1.4000,1.1951
4006510,1.4000,1.1878
4007010,1.4000,1.1951
4007510,1.4000,1.1870
4008010,1.4000,1.1870
4008510,1.4000,1.1878
4009010,1.4000,1.1983
4009510,1.4000,1.2080
4010010,1.4000,1.1935
4010510,1.4000,1.1967
4011010,1.4000,1.1886
4011510,1.4000,1.1983
4012010,1.4000,1.1991
4012510,1.4000,1.1838
4013010,1.4000,1.1991
4013510,1.4000,1.1975
4014010,1.4000,1.2015
4014510,1.4000,1.1967
4015010,1.4000,1.1951
4015510,1.4000,1.1919
4016010,1.4000,1.2297
4016510,1.4000,1.1935
4017010,1.4000,1.2144
4017510,1.4000,1.2007
4018010,1.4000,1.2007
4018510,1.4000,1.1983
4019010,1.4000,1.1983
4019510,1.4000,1.1911
4020010,1.4000,1.1935
4020510,1.4000,1.1991
4021010,1.4000,1.1903
4021510,1.4000,1.1991
4022010,1.4000,1.1951
4022510,1.4000,1.1983
4023010,1.4000,1.1975
4023510,1.4000,1.1999
4024010,1.4000,1.2048
4024510,1.4000,1.1862
4025010,1.4000,1.1943
4025510,1.4000,1.1991
4026010,1.4000,1.1935
4026510,1.4000,1.1846
4027010,1.4000,1.1709
4027510,1.4000,1.1854
4028010,1.4000,1.2007
4028510,1.4000,1.1991
4029010,1.4000,1.1991
4029510,1.4000,1.1991
4030010,1.4000,1.1999
4030510,1.4000,1.1991
4031010,1.4000,1.2023
4031510,1.4000,1.1983
4032010,1.4000,1.1991
4032510,1.4000,1.1991
4033010,1.4000,1.2015
4033510,1.4000,1.1991
4034010,1.4000,1.1967
4034510,1.4000,1.1854
4035010,1.4000,1.1935
4035510,1.4000,1.1959
4036010,1.4000,1.2032
4036510,1.4000,1.1943
4037010,1.4000,1.1975
4037510,1.4000,1.2177
4038010,1.4000,1.1733
4038510,1.4000,1.1951
4039010,1.4000,1.1959
4039510,1.4000,1.1951
4040010,1.4000,1.2032
4040510,1.4000,1.1935
4041010,1.4000,1.1895
4041510,1.4000,1.1959
4042010,1.4000,1.1951
4042510,1.4000,1.1943
4043010,1.4000,1.1991
4043510,1.4000,1.1862
4044010,1.4000,1.1854
4044510,1.4000,1.1886
4045010,1.4000,1.1943
4045510,1.4000,1.1983
4046010,1.4000,1.2007
4046510,1.4000,1.2007
4047010,1.4000,1.1709
4047510,1.4000,1.1903
4048010,1.4000,1.1991
4048510,1.4000,1.1846
4049010,1.4000,1.1967
4049510,1.4000,1.2080
4050010,1.4000,1.1959
4050510,1.4000,1.1733
4051010,1.4000,1.2249
4051510,1.4000,1.1935
4052010,1.4000,1.1943
4052510,1.4000,1.1822
4053010,1.4000,1.2370
4053510,1.4000,1.1975
4054010,1.4000,1.2064
4054510,1.4000,1.1903
4055010,1.4000,1.2023
4055510,1.4000,1.1903
4056010,1.4000,1.1919
4056510,1.4000,1.1999
4057010,1.4000,1.1878
4057510,1.4000,1.1991
4058010,1.4000,1.1911
4058510,1.4000,1.2096
4059010,1.4000,1.1975
4059510,1.4000,1.1991
4060010,1.4000,1.1919
4060510,1.4000,1.1951
4061010,1.4000,1.1919
4061510,1.4000,1.1870
4062010,1.4000,1.1975
4062510,1.4000,1.2007
4063010,1.4000,1.1967
4063510,1.4000,1.1967
4064010,1.4000,1.1951
4064510,1.4000,1.1951
4065010,1.4000,1.2177
4065510,1.4000,1.1943
4066010,1.4000,1.1967
4066510,1.4000,1.1935
4067010,1.4000,1.1935
4067510,1.4000,1.1991
4068010,1.4000,1.1983
4068510,1.4000,1.1733
4069010,1.4000,1.1991
4069510,1.4000,1.1967
4070010,1.4000,1.1975
4070510,1.4000,1.1911
4071010,1.4000,1.1991
4071510,1.4000,1.1911
4072010,1.4000,1.1983
4072510,1.4000,1.1967
4073010,1.4000,1.1991
4073510,1.4000,1.2007
4074010,1.4000,1.1991
4074510,1.4000,1.1999
4075010,1.4000,1.1943
4075510,1.4000,1.1975
4076010,1.4000,1.1870
4076510,1.4000,1.1975
4077010,1.4000,1.1951
4077510,1.4000,1.2023
4078010,1.4000,1.1951
4078510,1.4000,1.1991
4079010,1.4000,1.2007
4079510,1.4000,1.1959
4080010,1.4000,1.1935
4080510,1.4000,1.1870
4081010,1.4000,1.1935
4081510,1.4000,1.1903
4082010,1.4000,1.1919
4082510,1.4000,1.1967
4083010,1.4000,1.1919
4083510,1.4000,1.2080
4084010,1.4000,1.1862
4084510,1.4000,1.2144
4085010,1.4000,1.1975
4085510,1.4000,1.1911
4086010,1.4000,1.1935
4086510,1.4000,1.1919
4087010,1.4000,1.1943
4087510,1.4000,1.2128
4088010,1.4000,1.2015
4088510,1.4000,1.1903
4089010,1.4000,1.1943
4089510,1.4000,1.1967
4090010,1.4000,1.1991
4090510,1.4000,1.2201
4091010,1.4000,1.1927
4091510,1.4000,1.2007
4092010,1.4000,1.1943
4092510,1.4000,1.1967
4093010,1.4000,1.1991
4093510,1.4000,1.1935
4094010,1.4000,1.1991
4094510,1.4000,1.1919
4095010,1.4000,1.1967
4095510,1.4000,1.2128
4096010,1.4000,1.1991
4096510,1.4000,1.1919
4097010,1.4000,1.1951
4097510,1.4000,1.2048
4098010,1.4000,1.1991
4098510,1.4000,1.2128
4099010,1.4000,1.1999
4099510,1.4000,1.1943
4100010,1.4000,1.1983
4100510,1.4000,1.1862
4101010,1.4000,1.1991
4101510,1.4000,1.1991
4102010,1.4000,1.1959
4102510,1.4000,1.1870
4103010,1.4000,1.1935
4103510,1.4000,1.1991
4104010,1.4000,1.1870
4104510,1.4000,1.1991
4105010,1.4000,1.1991
4105510,1.4000,1.1951
4106010,1.4000,1.1967
4106510,1.4000,1.1991
4107010,1.4000,1.1975
4107510,1.4000,1.1975
4108010,1.4000,1.1911
4108510,1.4000,1.2015
4109010,1.4000,1.1983
4109510,1.4000,1.2023
4110010,1.4000,1.2249
4110510,1.4000,1.2007
4111010,1.4000,1.1991
4111510,1.4000,1.1983
4112010,1.4000,1.1991
4112510,1.4000,1.1983
4113010,1.4000,1.1951
4113510,1.4000,1.1983
4114010,1.4000,1.1911
4114510,1.4000,1.2015
4115010,1.4000,1.1975
4115510,1.4000,1.1959
4116010,1.4000,1.1886
4116510,1.4000,1.1895
4117010,1.4000,1.1943
4117510,1.4000,1.1975
4118010,1.4000,1.2007
4118510,1.4000,1.1943
4119010,1.4000,1.1943
4119510,1.4000,1.1951
4120010,1.4000,1.1991
4120510,1.4000,1.2040
4121010,1.4000,1.1991
4121510,1.4000,1.1959
4122010,1.4000,1.2015
4122510,1.4000,1.1999
4123010,1.4000,1.2015
4123510,1.4000,1.1975
4124010,1.4000,1.1967
4124510,1.4000,1.1911
4125010,1.4000,1.1991
4125510,1.4000,1.1983
4126010,1.4000,1.2007
4126510,1.4000,1.2048
4127010,1.4000,1.1999
4127510,1.4000,1.1870
4128010,1.4000,1.1991
4128510,1.4000,1.1903
4129010,1.4000,1.1878
4129510,1.4000,1.1991
4130010,1.4000,1.1951
4130510,1.4000,1.1999
4131010,1.4000,1.1975
4131510,1.4000,1.1895
4132010,1.4000,1.2007
4132510,1.4000,1.2023
4133010,1.4000,1.1967
4133510,1.4000,1.1935
4134010,1.4000,1.1862
4134510,1.4000,1.1959
4135010,1.4000,1.1919
4135510,1.4000,1.1911
4136010,1.4000,1.1959
4136510,1.4000,1.1903
4137010,1.4000,1.1999
4137510,1.4000,1.1975
4138010,1.4000,1.1886
4138510,1.4000,1.1991
4139010,1.4000,1.1983
4139510,1.4000,1.1951
4140010,1.4000,1.1991
4140510,1.4000,1.1903
4141010,1.4000,1.1959
4141510,1.4000,1.1959
4142010,1.4000,1.1903
4142510,1.4000,1.1991
4143010,1.4000,1.1919
4143510,1.4000,1.1943
4144010,1.4000,1.2040
4144510,1.4000,1.1935
4145010,1.4000,1.1935
4145510,1.4000,1.1991
4146010,1.4000,1.1911
4146510,1.4000,1.2201
4147010,1.4000,1.1951
4147510,1.4000,1.2048
4148010,1.4000,1.1951
4148510,1.4000,1.1983
4149010,1.4000,1.2064
4149510,1.4000,1.2032
4150010,1.4000,1.1943
4150510,1.4000,1.2040
4151010,1.4000,1.1991
4151510,1.4000,1.1846
4152010,1.4000,1.1951
4152510,1.4000,1.1959
4153010,1.4000,1.1951
4153510,1.4000,1.1943
4154010,1.4000,1.1951
4154510,1.4000,1.1862
4155010,1.4000,1.2040
4155510,1.4000,1.1991
4156010,1.4000,1.1959
4156510,1.4000,1.1943
4157010,1.4000,1.1967
4157510,1.4000,1.1991
4158010,1.4000,1.1959
4158510,1.4000,1.1991
4159010,1.4000,1.2072
4159510,1.4000,1.1967
4160010,1.4000,1.1919
4160510,1.4000,1.1814
4161010,1.4000,1.1975
4161510,1.4000,1.1951
4162010,1.4000,1.1967
4162510,1.4000,1.1991
4163010,1.4000,1.1991
4163510,1.4000,1.1919
4164010,1.4000,1.1999
4164510,1.4000,1.1991
4165010,1.4000,1.1943
4165510,1.4000,1.1975
4166010,1.4000,1.1951
4166510,1.4000,1.1991
4167010,1.4000,1.1967
4167510,1.4000,1.2193
4168010,1.4000,1.1862
4168510,1.4000,1.1991
4169010,1.4000,1.1991
4169510,1.4000,1.1967
4170010,1.4000,1.1854
4170510,1.4000,1.2072
4171010,1.4000,1.1975
4171510,1.4000,1.1951
4172010,1.4000,1.1838
4172510,1.4000,1.1919
4173010,1.4000,1.1983
4173510,1.4000,1.2040
4174010,1.4000,1.1967
4174510,1.4000,1.1943
4175010,1.4000,1.1895
4175510,1.4000,1.2160
4176010,1.4000,1.1951
4176510,1.4000,1.2048
4177010,1.4000,1.1959
4177510,1.4000,1.1967
4178010,1.4000,1.1999
4178510,1.4000,1.1854
4179010,1.4000,1.1967
4179510,1.4000,1.2048
4180010,1.4000,1.1983
4180510,1.4000,1.1935
4181010,1.4000,1.2249
4181510,1.4000,1.1991
4182010,1.4000,1.1911
4182510,1.4000,1.1935
4183010,1.4000,1.1983
4183510,1.4000,1.1951
4184010,1.4000,1.1790
4184510,1.4000,1.1991
4185010,1.4000,1.1975
4185510,1.4000,1.1886
4186010,1.4000,1.1983
4186510,1.4000,1.2112
4187010,1.4000,1.1983
4187510,1.4000,1.1975
4188010,1.4000,1.1935
4188510,1.4000,1.1822
4189010,1.4000,1.1959
4189510,1.4000,1.1999
4190010,1.4000,1.1991
4190510,1.4000,1.1967
4191010,1.4000,1.1903
4191510,1.4000,1.1830
4192010,1.4000,1.1935
4192510,1.4000,1.1951
4193010,1.4000,1.1991
4193510,1.4000,1.1999
4194010,1.4000,1.1943
4194510,1.4000,1.1991
4195010,1.4000,1.2040
4195510,1.4000,1.2160
4196010,1.4000,1.1967
4196510,1.4000,1.2040
4197010,1.4000,1.1943
4197510,1.4000,1.1878
4198010,1.4000,1.1999
4198510,1.4000,1.1999
4199010,1.4000,1.1975
4199510,1.4000,1.1991
4200010,1.4000,1.1903
4200510,1.4000,1.1870
4201010,1.4000,1.1975
4201510,1.4000,1.1991
4202010,1.4000,1.2015
4202510,1.4000,1.1903
4203010,1.4000,1.1991
4203510,1.4000,1.1935
4204010,1.4000,1.1870
4204510,1.4000,1.1991
4205010,1.4000,1.1951
4205510,1.4000,1.1919
4206010,1.4000,1.2177
4206510,1.4000,1.1911
4207010,1.4000,1.1943
4207510,1.4000,1.1991
4208010,1.4000,1.1919
4208510,1.4000,1.1991
4209010,1.4000,1.1790
4209510,1.4000,1.1991
4210010,1.4000,1.1951
4210510,1.4000,1.1919
4211010,1.4000,1.1935
4211510,1.4000,1.2023
4212010,1.4000,1.2015
4212510,1.4000,1.1991
4213010,1.4000,1.1886
4213510,1.4000,1.1943
4214010,1.4000,1.1983
4214510,1.4000,1.1975
4215010,1.4000,1.1895
4215510,1.4000,1.1999
4216010,1.4000,1.2096
4216510,1.4000,1.1959
4217010,1.4000,1.2072
4217510,1.4000,1.1959
4218010,1.4000,1.1967
4218510,1.4000,1.1983
4219010,1.4000,1.2032
4219510,1.4000,1.1983
4220010,1.4000,1.1951
4220510,1.4000,1.1983
4221010,1.4000,1.1911
4221510,1.4000,1.2007
4222010,1.4000,1.1991
4222510,1.4000,1.1991
4223010,1.4000,1.1991
4223510,1.4000,1.1951
4224010,1.4000,1.1991
4224510,1.4000,1.1935
4225010,1.4000,1.1999
4225510,1.4000,1.1838
4226010,1.4000,1.1862
4226510,1.4000,1.1975
4227010,1.4000,1.1991
4227510,1.4000,1.1951
4228010,1.4000,1.1886
4228510,1.4000,1.1991
4229010,1.4000,1.1999
4229510,1.4000,1.1951
4230010,1.4000,1.1911
4230510,1.4000,1.2007
4231010,1.4000,1.1991
4231510,1.4000,1.1991
4232010,1.4000,1.2007
4232510,1.4000,1.1903
4233010,1.4000,1.1983
4233510,1.4000,1.2023
4234010,1.4000,1.1983
4234510,1.4000,1.1991
4235010,1.4000,1.1991
4235510,1.4000,1.1991
4236010,1.4000,1.1943
4236510,1.4000,1.1991
4237010,1.4000,1.1999
4237510,1.4000,1.1951
4238010,1.4000,1.1999
4238510,1.4000,1.1935
4239010,1.4000,1.2096
4239510,1.4000,1.1959
4240010,1.4000,1.1967
4240510,1.4000,1.1991
4241010,1.4000,1.1878
4241510,1.4000,1.1991
4242010,1.4000,1.1975
4242510,1.4000,1.1935
4243010,1.4000,1.1967
4243510,1.4000,1.1943
4244010,1.4000,1.2015
4244510,1.4000,1.1967
4245010,1.4000,1.2354
4245510,1.4000,1.1991
4246010,1.4000,1.1943
4246510,1.4000,1.1790
4247010,1.4000,1.1903
4247510,1.4000,1.2249
4248010,1.4000,1.1975
4248510,1.4000,1.1895
4249010,1.4000,1.1927
4249510,1.4000,1.1991
4250010,1.4000,1.1991
4250510,1.4000,1.1999
4251010,1.4000,1.1959
4251510,1.4000,1.1983
4252010,1.4000,1.1935
4252510,1.4000,1.1991
4253010,1.4000,1.1830
4253510,1.4000,1.1959
4254010,1.4000,1.1943
4254510,1.4000,1.1999
4255010,1.4000,1.1983
4255510,1.4000,1.1790
4256010,1.4000,1.1959
4256510,1.4000,1.1951
4257010,1.4000,1.1903
4257510,1.4000,1.1621
4258010,1.4000,1.1919
4258510,1.4000,1.2104
4259010,1.4000,1.1975
4259510,1.4000,1.2015
4260010,1.4000,1.2007
4260510,1.4000,1.1991
4261010,1.4000,1.1951
4261510,1.4000,1.2104
4262010,1.4000,1.1983
4262510,1.4000,1.1886
4263010,1.4000,1.1919
4263510,1.4000,1.2209
4264010,1.4000,1.1967
4264510,1.4000,1.1935
4265010,1.4000,1.1991
4265510,1.4000,1.1927
4266010,1.4000,1.1991
4266510,1.4000,1.1983
4267010,1.4000,1.2032
4267510,1.4000,1.1951
4268010,1.4000,1.2015
4268510,1.4000,1.1919
4269010,1.4000,1.1991
4269510,1.4000,1.1983
4270010,1.4000,1.1959
4270510,1.4000,1.1975
4271010,1.4000,1.1975
4271510,1.4000,1.1991
4272010,1.4000,1.1991
4272510,1.4000,1.2007
4273010,1.4000,1.1991
4273510,1.4000,1.1967
4274010,1.4000,1.1919
4274510,1.4000,1.2048
4275010,1.4000,1.1999
4275510,1.4000,1.1999
4276010,1.4000,1.1991
4276510,1.4000,1.1959
4277010,1.4000,1.2080
4277510,1.4000,1.2040
4278010,1.4000,1.1951
4278510,1.4000,1.1919
4279010,1.4000,1.1911
4279510,1.4000,1.1878
4280010,1.4000,1.2040
4280510,1.4000,1.1935
4281010,1.4000,1.2023
4281510,1.4000,1.1870
4282010,1.4000,1.1991
4282510,1.4000,1.2160
4283010,1.4000,1.1959
4283510,1.4000,1.2015
4284010,1.4000,1.2048
4284510,1.4000,1.2015
4285010,1.4000,1.1951
4285510,1.4000,1.1975
4286010,1.4000,1.2128
4286510,1.4000,1.2015
4287010,1.4000,1.1911
4287510,1.4000,1.1927
4288010,1.4000,1.2015
4288510,1.4000,1.1919
4289010,1.4000,1.1975
4289510,1.4000,1.1967
4290010,1.4000,1.2048
4290510,1.4000,1.1991
4291010,1.4000,1.1975
4291510,1.4000,1.1886
4292010,1.4000,1.2177
4292510,1.4000,1.1983
4293010,1.4000,1.2023
4293510,1.4000,1.1975
4294010,1.4000,1.1983
4294510,1.4000,1.1991
4295010,1.4000,1.1991
4295510,1.4000,1.1959
4296010,1.4000,1.1991
4296510,1.4000,1.2023
4297010,1.4000,1.1991
4297510,1.4000,1.1991
4298010,1.4000,1.2032
4298510,1.4000,1.1959
4299010,1.4000,1.2080
4299510,1.4000,1.2015
4300010,1.4000,1.2056
4300510,1.4000,1.1919
4301010,1.4000,1.1967
4301510,1.4000,1.1975
4302010,1.4000,1.1911
4302510,1.4000,1.1967
4303010,1.4000,1.2048
4303510,1.4000,1.1991
4304010,1.4000,1.1975
4304510,1.4000,1.1999
4305010,1.4000,1.1967
4305510,1.4000,1.2023
4306010,1.4000,1.1983
4306510,1.4000,1.1975
4307010,1.4000,1.1999
4307510,1.4000,1.1919
4308010,1.4000,1.1959
4308510,1.4000,1.1991
4309010,1.4000,1.1975
4309510,1.4000,1.1886
4310010,1.4000,1.2007
4310510,1.4000,1.2032
4311010,1.4000,1.1846
4311510,1.4000,1.2007
4312010,1.4000,1.1975
4312510,1.4000,1.2088
4313010,1.4000,1.1903
4313510,1.4000,1.1919
4314010,1.4000,1.2096
4314510,1.4000,1.1983
4315010,1.4000,1.2015
4315510,1.4000,1.2007
4316010,1.4000,1.1862
4316510,1.4000,1.1975
4317010,1.4000,1.1967
4317510,1.4000,1.2048
4318010,1.4000,1.1999
4318510,1.4000,1.1951
4319010,1.4000,1.1951
4319510,1.4000,1.2112
4320010,1.4000,1.1999
4320510,1.4000,1.1878
4321010,1.4000,1.2015
4321510,1.4000,1.1951
4322010,1.4000,1.2007
4322510,1.4000,1.1991
4323010,1.4000,1.1943
4323510,1.4000,1.1991
4324010,1.4000,1.2015
4324510,1.4000,1.1967
4325010,1.4000,1.1943
4325510,1.4000,1.1951
4326010,1.4000,1.2015
4326510,1.4000,1.1919
4327010,1.4000,1.1895
4327510,1.4000,1.2104
4328010,1.4000,1.1991
4328510,1.4000,1.2015
4329010,1.4000,1.1975
4329510,1.4000,1.2104
4330010,1.4000,1.2048
4330510,1.4000,1.1991
4331010,1.4000,1.1991
4331510,1.4000,1.1975
4332010,1.4000,1.2015
4332510,1.4000,1.1967
4333010,1.4000,1.1999
4333510,1.4000,1.2120
4334010,1.4000,1.2023
4334510,1.4000,1.1886
4335010,1.4000,1.1903
4335510,1.4000,1.2249
4336010,1.4000,1.1991
4336510,1.4000,1.1975
4337010,1.4000,1.1983
4337510,1.4000,1.1911
4338010,1.4000,1.2112
4338510,1.4000,1.1911
4339010,1.4000,1.1991
4339510,1.4000,1.1999
4340010,1.4000,1.2015
4340510,1.4000,1.1991
4341010,1.4000,1.1991
4341510,1.4000,1.2007
4342010,1.4000,1.2007
4342510,1.4000,1.2048
4343010,1.4000,1.1991
4343510,1.4000,1.1991
4344010,1.4000,1.1999
4344510,1.4000,1.1975
4345010,1.4000,1.1991
4345510,1.4000,1.2064
4346010,1.4000,1.1967
4346510,1.4000,1.1991
4347010,1.4000,1.2007
4347510,1.4000,1.1991
4348010,1.4000,1.1975
4348510,1.4000,1.2007
4349010,1.4000,1.2023
4349510,1.4000,1.2007
4350010,1.4000,1.2096
4350510,1.4000,1.1999
4351010,1.4000,1.1983
4351510,1.4000,1.1975
4352010,1.4000,1.2080
4352510,1.4000,1.1991
4353010,1.4000,1.1991
4353510,1.4000,1.1991
4354010,1.4000,1.1991
4354510,1.4000,1.1991
4355010,1.4000,1.1975
4355510,1.4000,1.2160
4356010,1.4000,1.2015
4356510,1.4000,1.1919
4357010,1.4000,1.1991
4357510,1.4000,1.2048
4358010,1.4000,1.1975
4358510,1.4000,1.2136
4359010,1.4000,1.2072
4359510,1.4000,1.1991
4360010,1.4000,1.2048
4360510,1.4000,1.1862
4361010,1.4000,1.2040
4361510,1.4000,1.2080
4362010,1.4000,1.2032
4362510,1.4000,1.2023
4363010,1.4000,1.1991
4363510,1.4000,1.2048
4364010,1.4000,1.1991
4364510,1.4000,1.1967
4365010,1.4000,1.1951
4365510,1.4000,1.2040
4366010,1.4000,1.1951
4366510,1.4000,1.2056
4367010,1.4000,1.2193
4367510,1.4000,1.2080
4368010,1.4000,1.2160
4368510,1.4000,1.1951
4369010,1.4000,1.1911
4369510,1.4000,1.2023
4370010,1.4000,1.1999
4370510,1.4000,1.1967
4371010,1.4000,1.1991
4371510,1.4000,1.1983
4372010,1.4000,1.2104
4372510,1.4000,1.2032
4373010,1.4000,1.2040
4373510,1.4000,1.1911
4374010,1.4000,1.2048
4374510,1.4000,1.1975
4375010,1.4000,1.1975
4375510,1.4000,1.1991
4376010,1.4000,1.2072
4376510,1.4000,1.1991
4377010,1.4000,1.2177
4377510,1.4000,1.2136
4378010,1.4000,1.1870
4378510,1.4000,1.2015
4379010,1.4000,1.2007
4379510,1.4000,1.1991
4380010,1.4000,1.1951
4380510,1.4000,1.2160
4381010,1.4000,1.2080
4381510,1.4000,1.1886
4382010,1.4000,1.2048
4382510,1.4000,1.1951
4383010,1.4000,1.2007
4383510,1.4000,1.1967
4384010,1.4000,1.1991
4384510,1.4000,1.2032
4385010,1.4000,1.2080
4385510,1.4000,1.2144
4386010,1.4000,1.2072
4386510,1.4000,1.2007
4387010,1.4000,1.1999
4387510,1.4000,1.1991
4388010,1.4000,1.1991
4388510,1.4000,1.1983
4389010,1.4000,1.1975
4389510,1.4000,1.1943
4390010,1.4000,1.2040
4390510,1.4000,1.1870
4391010,1.4000,1.2080
4391510,1.4000,1.2048
4392010,1.4000,1.1959
4392510,1.4000,1.1991
4393010,1.4000,1.1991
4393510,1.4000,1.1991
4394010,1.4000,1.2048
4394510,1.4000,1.2048
4395010,1.4000,1.1991
4395510,1.4000,1.1991
4396010,1.4000,1.2032
4396510,1.4000,1.1919
4397010,1.4000,1.2096
4397510,1.4000,1.2032
4398010,1.4000,1.2040
4398510,1.4000,1.1975
4399010,1.4000,1.1943
4399510,1.4000,1.2023
4400010,1.4000,1.1991
4400510,1.4000,1.2048
4401010,1.4000,1.2056
4401510,1.4000,1.2032
4402010,1.4000,1.2104
4402510,1.4000,1.2032
4403010,1.4000,1.1983
4403510,1.4000,1.2048
4404010,1.4000,1.1991
4404510,1.4000,1.2007
4405010,1.4000,1.2080
4405510,1.4000,1.1983
4406010,1.4000,1.2072
4406510,1.4000,1.2007
4407010,1.4000,1.2080
4407510,1.4000,1.1951
4408010,1.4000,1.2193
4408510,1.4000,1.2032
4409010,1.4000,1.1999
4409510,1.4000,1.1741
4410010,1.4000,1.2032
4410510,1.4000,1.1935
4411010,1.4000,1.2032
4411510,1.4000,1.2007
4412010,1.4000,1.2015
4412510,1.4000,1.1991
4413010,1.4000,1.2007
4413510,1.4000,1.1790
4414010,1.4000,1.2080
4414510,1.4000,1.1999
4415010,1.4000,1.2072
4415510,1.4000,1.2112
4416010,1.4000,1.1975
4416510,1.4000,1.1919
4417010,1.4000,1.1975
4417510,1.4000,1.1999
4418010,1.4000,1.2096
4418510,1.4000,1.1983
4419010,1.4000,1.1830
4419510,1.4000,1.2064
4420010,1.4000,1.2040
4420510,1.4000,1.2072
4421010,1.4000,1.2072
4421510,1.4000,1.1991
4422010,1.4000,1.2064
4422510,1.4000,1.1991
4423010,1.4000,1.2007
4423510,1.4000,1.2023
4424010,1.4000,1.1999
4424510,1.4000,1.1862
4425010,1.4000,1.2007
4425510,1.4000,1.2007
4426010,1.4000,1.2032
4426510,1.4000,1.2040
4427010,1.4000,1.1999
4427510,1.4000,1.1991
4428010,1.4000,1.2080
4428510,1.4000,1.1991
4429010,1.4000,1.2120
4429510,1.4000,1.2072
4430010,1.4000,1.2040
4430510,1.4000,1.1991
4431010,1.4000,1.2064
4431510,1.4000,1.1999
4432010,1.4000,1.1999
4432510,1.4000,1.1991
4433010,1.4000,1.1999
4433510,1.4000,1.2152
4434010,1.4000,1.2152
4434510,1.4000,1.2007
4435010,1.4000,1.1991
4435510,1.4000,1.2032
4436010,1.4000,1.1886
4436510,1.4000,1.2080
4437010,1.4000,1.2032
4437510,1.4000,1.1991
4438010,1.4000,1.2160
4438510,1.4000,1.2032
4439010,1.4000,1.2048
4439510,1.4000,1.1983
4440010,1.4000,1.1991
4440510,1.4000,1.2120
4441010,1.4000,1.2007
4441510,1.4000,1.2007
4442010,1.4000,1.2120
4442510,1.4000,1.2112
4443010,1.4000,1.1975
4443510,1.4000,1.1991
4444010,1.4000,1.2080
4444510,1.4000,1.2032
4445010,1.4000,1.2136
4445510,1.4000,1.2023
4446010,1.4000,1.2201
4446510,1.4000,1.1991
4447010,1.4000,1.2015
4447510,1.4000,1.1991
4448010,1.4000,1.2096
4448510,1.4000,1.2072
4449010,1.4000,1.2032
4449510,1.4000,1.2040
4450010,1.4000,1.2023
4450510,1.4000,1.2032
4451010,1.4000,1.2072
4451510,1.4000,1.2177
4452010,1.4000,1.2032
4452510,1.4000,1.2064
4453010,1.4000,1.1991
4453510,1.4000,1.1991
4454010,1.4000,1.1975
4454510,1.4000,1.1991
4455010,1.4000,1.1983
4455510,1.4000,1.2104
4456010,1.4000,1.2112
4456510,1.4000,1.2144
4457010,1.4000,1.2096
4457510,1.4000,1.2007
4458010,1.4000,1.1870
4458510,1.4000,1.1870
4459010,1.4000,1.2040
4459510,1.4000,1.1991
4460010,1.4000,1.1991
4460510,1.4000,1.2080
4461010,1.4000,1.1991
4461510,1.4000,1.1911
4462010,1.4000,1.2015
4462510,1.4000,1.1991
4463010,1.4000,1.2120
4463510,1.4000,1.1991
4464010,1.4000,1.2072
4464510,1.4000,1.1927
4465010,1.4000,1.2048
4465510,1.4000,1.1991
4466010,1.4000,1.2015
4466510,1.4000,1.2007
4467010,1.4000,1.2015
4467510,1.4000,1.2023
4468010,1.4000,1.1999
4468510,1.4000,1.1758
4469010,1.4000,1.1975
4469510,1.4000,1.2007
4470010,1.4000,1.1975
4470510,1.4000,1.2048
4471010,1.4000,1.1991
4471510,1.4000,1.2217
4472010,1.4000,1.2080
4472510,1.4000,1.1999
4473010,1.4000,1.1911
4473510,1.4000,1.2249
4474010,1.4000,1.2023
4474510,1.4000,1.2040
4475010,1.4000,1.2064
4475510,1.4000,1.1991
4476010,1.4000,1.2015
4476510,1.4000,1.2064
4477010,1.4000,1.1943
4477510,1.4000,1.1991
4478010,1.4000,1.2072
4478510,1.4000,1.2056
4479010,1.4000,1.2104
4479510,1.4000,1.2072
4480010,1.4000,1.2072
4480510,1.4000,1.1991
4481010,1.4000,1.2007
4481510,1.4000,1.2040
4482010,1.4000,1.2048
4482510,1.4000,1.2064
4483010,1.4000,1.2023
4483510,1.4000,1.2007
4484010,1.4000,1.1991
4484510,1.4000,1.2104
4485010,1.4000,1.1991
4485510,1.4000,1.2032
4486010,1.4000,1.2007
4486510,1.4000,1.2048
4487010,1.4000,1.2064
4487510,1.4000,1.2217
4488010,1.4000,1.1991
4488510,1.4000,1.2080
4489010,1.4000,1.1975
4489510,1.4000,1.1911
4490010,1.4000,1.1975
4490510,1.4000,1.2015
4491010,1.4000,1.2023
4491510,1.4000,1.1983
4492010,1.4000,1.1991
4492510,1.4000,1.1919
4493010,1.4000,1.2032
4493510,1.4000,1.1999
4494010,1.4000,1.1991
4494510,1.4000,1.2072
4495010,1.4000,1.1983
4495510,1.4000,1.2007
4496010,1.4000,1.1878
4496510,1.4000,1.1999
4497010,1.4000,1.2080
4497510,1.4000,1.1991
4498010,1.4000,1.2177
4498510,1.4000,1.2015
4499010,1.4000,1.2080
4499510,1.4000,1.2056
4500010,1.4000,1.2040
4500510,1.4000,1.2040
4501010,1.4000,1.2007
4501510,1.4000,1.2080
4502010,1.4000,1.2072
4502510,1.4000,1.2257
4503010,1.4000,1.1991
4503510,1.4000,1.1999
4504010,1.4000,1.2128
4504510,1.4000,1.2023
4505010,1.4000,1.1943
4505510,1.4000,1.2032
4506010,1.4000,1.2032
4506510,1.4000,1.1983
4507010,1.4000,1.1870
4507510,1.4000,1.1983
4508010,1.4000,1.2032
4508510,1.4000,1.2032
4509010,1.4000,1.1999
4509510,1.4000,1.1991
4510010,1.4000,1.2072
4510510,1.4000,1.2048
4511010,1.4000,1.2032
4511510,1.4000,1.1975
4512010,1.4000,1.2032
4512510,1.4000,1.2104
4513010,1.4000,1.2040
4513510,1.4000,1.2007
4514010,1.4000,1.2112
4514510,1.4000,1.1975
4515010,1.4000,1.2048
4515510,1.4000,1.2064
4516010,1.4000,1.2064
4516510,1.4000,1.1991
4517010,1.4000,1.2048
4517510,1.4000,1.2354
4518010,1.4000,1.2096
4518510,1.4000,1.2080
4519010,1.4000,1.1975
4519510,1.4000,1.2080
4520010,1.4000,1.1919
4520510,1.4000,1.1919
4521010,1.4000,1.2080
4521510,1.4000,1.2112
4522010,1.4000,1.1903
4522510,1.4000,1.1983
4523010,1.4000,1.2072
4523510,1.4000,1.1991
4524010,1.4000,1.2007
4524510,1.4000,1.1991
4525010,1.4000,1.2225
4525510,1.4000,1.2056
4526010,1.4000,1.2104
4526510,1.4000,1.1991
4527010,1.4000,1.2128
4527510,1.4000,1.2048
4528010,1.4000,1.2193
4528510,1.4000,1.2072
4529010,1.4000,1.2096
4529510,1.4000,1.2128
4530010,1.4000,1.2064
4530510,1.4000,1.2104
4531010,1.4000,1.1991
4531510,1.4000,1.1991
4532010,1.4000,1.2023
4532510,1.4000,1.1983
4533010,1.4000,1.2136
4533510,1.4000,1.1911
4534010,1.4000,1.2032
4534510,1.4000,1.2040
4535010,1.4000,1.2112
4535510,1.4000,1.2233
4536010,1.4000,1.2104
4536510,1.4000,1.2032
4537010,1.4000,1.1991
4537510,1.4000,1.1951
4538010,1.4000,1.2136
4538510,1.4000,1.2080
4539010,1.4000,1.2048
4539510,1.4000,1.2048
4540010,1.4000,1.2072
4540510,1.4000,1.2048
4541010,1.4000,1.2048
4541510,1.4000,1.1999
4542010,1.4000,1.1983
4542510,1.4000,1.1991
4543010,1.4000,1.2144
4543510,1.4000,1.1975
4544010,1.4000,1.2064
4544510,1.4000,1.2048
4545010,1.4000,1.2072
4545510,1.4000,1.2007
4546010,1.4000,1.2080
4546510,1.4000,1.1991
4547010,1.4000,1.2032
4547510,1.4000,1.2152
4548010,1.4000,1.2015
4548510,1.4000,1.1991
4549010,1.4000,1.2064
4549510,1.4000,1.1983
4550010,1.4000,1.1959
4550510,1.4000,1.2136
4551010,1.4000,1.2040
4551510,1.4000,1.2064
4552010,1.4000,1.2241
4552510,1.4000,1.2064
4553010,1.4000,1.2104
4553510,1.4000,1.2104
4554010,1.4000,1.1991
4554510,1.4000,1.2080
4555010,1.4000,1.1983
4555510,1.4000,1.2136
4556010,1.4000,1.2040
4556510,1.4000,1.2064
4557010,1.4000,1.2080
4557510,1.4000,1.2088
4558010,1.4000,1.2144
4558510,1.4000,1.2015
4559010,1.4000,1.2096
4559510,1.4000,1.2048
4560010,1.4000,1.2072
4560510,1.4000,1.2128
4561010,1.4000,1.2096
4561510,1.4000,1.2136
4562010,1.4000,1.2297
4562510,1.4000,1.2136
4563010,1.4000,1.1991
4563510,1.4000,1.2080
4564010,1.4000,1.2064
4564510,1.4000,1.1991
4565010,1.4000,1.1967
4565510,1.4000,1.2007
4566010,1.4000,1.1935
4566510,1.4000,1.1943
4567010,1.4000,1.1991
4567510,1.4000,1.2056
4568010,1.4000,1.2096
4568510,1.4000,1.2080
4569010,1.4000,1.2007
4569510,1.4000,1.1967
4570010,1.4000,1.2007
4570510,1.4000,1.2048
4571010,1.4000,1.2209
4571510,1.4000,1.1999
4572010,1.4000,1.2032
4572510,1.4000,1.2104
4573010,1.4000,1.2015
4573510,1.4000,1.1999
4574010,1.4000,1.2056
4574510,1.4000,1.2007
4575010,1.4000,1.2032
4575510,1.4000,1.2032
4576010,1.4000,1.1878
4576510,1.4000,1.1895
4577010,1.4000,1.2064
4577510,1.4000,1.1903
4578010,1.4000,1.2048
4578510,1.4000,1.2023
4579010,1.4000,1.1991
4579510,1.4000,1.2015
4580010,1.4000,1.2032
4580510,1.4000,1.2023
4581010,1.4000,1.2072
4581510,1.4000,1.2040
4582010,1.4000,1.2032
4582510,1.4000,1.2088
4583010,1.4000,1.2032
4583510,1.4000,1.2112
4584010,1.4000,1.2257
4584510,1.4000,1.2048
4585010,1.4000,1.1911
4585510,1.4000,1.2023
4586010,1.4000,1.1870
4586510,1.4000,1.2040
4587010,1.4000,1.2015
4587510,1.4000,1.2112
4588010,1.4000,1.1943
4588510,1.4000,1.2048
4589010,1.4000,1.1999
4589510,1.4000,1.2096
4590010,1.4000,1.2032
4590510,1.4000,1.2040
4591010,1.4000,1.1967
4591510,1.4000,1.2023
4592010,1.4000,1.2056
4592510,1.4000,1.2040
4593010,1.4000,1.1991
4593510,1.4000,1.2007
4594010,1.4000,1.2096
4594510,1.4000,1.2072
4595010,1.4000,1.2072
4595510,1.4000,1.2120
4596010,1.4000,1.2128
4596510,1.4000,1.1999
4597010,1.4000,1.2168
4597510,1.4000,1.2007
4598010,1.4000,1.2096
4598510,1.4000,1.2048
4599010,1.4000,1.2088
4599510,1.4000,1.2064
4600010,1.4000,1.2064
4600510,1.4000,1.2040
4601010,1.4000,1.2015
4601510,1.4000,1.2225
4602010,1.4000,1.2160
4602510,1.4000,1.2072
4603010,1.4000,1.2032
4603510,1.4000,1.1991
4604010,1.4000,1.2128
4604510,1.4000,1.2056
4605010,1.4000,1.2040
4605510,1.4000,1.1991
4606010,1.4000,1.2072
4606510,1.4000,1.2136
4607010,1.4000,1.1991
4607510,1.4000,1.1991
4608010,1.4000,1.2136
4608510,1.4000,1.1959
4609010,1.4000,1.2032
4609510,1.4000,1.2040
4610010,1.4000,1.2080
4610510,1.4000,1.1991
4611010,1.4000,1.2072
4611510,1.4000,1.2080
4612010,1.4000,1.2265
4612510,1.4000,1.2015
4613010,1.4000,1.2040
4613510,1.4000,1.1774
4614010,1.4000,1.2048
4614510,1.4000,1.2040
4615010,1.4000,1.1975
4615510,1.4000,1.2080
4616010,1.4000,1.2104
4616510,1.4000,1.2007
4617010,1.4000,1.2136
4617510,1.4000,1.2040
4618010,1.4000,1.1999
4618510,1.4000,1.2080
4619010,1.4000,1.1999
4619510,1.4000,1.2168
4620010,1.4000,1.2104
4620510,1.4000,1.1999
4621010,1.4000,1.2128
4621510,1.4000,1.1862
4622010,1.4000,1.2177
4622510,1.4000,1.2112
4623010,1.4000,1.2088
4623510,1.4000,1.2048
4624010,1.4000,1.2136
4624510,1.4000,1.1991
4625010,1.4000,1.2160
4625510,1.4000,1.2048
4626010,1.4000,1.2096
4626510,1.4000,1.2072
4627010,1.4000,1.2136
4627510,1.4000,1.1766
4628010,1.4000,1.2064
4628510,1.4000,1.2040
4629010,1.4000,1.2040
4629510,1.4000,1.2015
4630010,1.4000,1.1991
4630510,1.4000,1.2040
4631010,1.4000,1.2072
4631510,1.4000,1.2080
4632010,1.4000,1.2120
4632510,1.4000,1.2072
4633010,1.4000,1.2096
4633510,1.4000,1.1862
4634010,1.4000,1.2064
4634510,1.4000,1.2048
4635010,1.4000,1.2007
4635510,1.4000,1.2023
4636010,1.4000,1.1951
4636510,1.4000,1.2007
4637010,1.4000,1.2104
4637510,1.4000,1.2160
4638010,1.4000,1.1991
4638510,1.4000,1.2128
4639010,1.4000,1.2120
4639510,1.4000,1.2160
4640010,1.4000,1.2048
4640510,1.4000,1.2104
4641010,1.4000,1.2096
4641510,1.4000,1.2032
4642010,1.4000,1.1959
4642510,1.4000,1.1903
4643010,1.4000,1.1911
4643510,1.4000,1.1999
4644010,1.4000,1.2080
4644510,1.4000,1.1991
4645010,1.4000,1.2048
4645510,1.4000,1.1991
4646010,1.4000,1.2120
4646510,1.4000,1.2249
4647010,1.4000,1.2112
4647510,1.4000,1.2136
4648010,1.4000,1.2032
4648510,1.4000,1.2064
4649010,1.4000,1.2128
4649510,1.4000,1.2032
4650010,1.4000,1.2064
4650510,1.4000,1.2072
4651010,1.4000,1.2015
4651510,1.4000,1.2080
4652010,1.4000,1.2281
4652510,1.4000,1.2032
4653010,1.4000,1.1895
4653510,1.4000,1.2152
4654010,1.4000,1.2088
4654510,1.4000,1.2193
4655010,1.4000,1.2072
4655510,1.4000,1.2152
4656010,1.4000,1.2048
4656510,1.4000,1.2048
4657010,1.4000,1.2120
4657510,1.4000,1.2144
4658010,1.4000,1.2080
4658510,1.4000,1.2128
4659010,1.4000,1.2040
4659510,1.4000,1.2193
4660010,1.4000,1.1999
4660510,1.4000,1.2080
4661010,1.4000,1.2032
4661510,1.4000,1.2072
4662010,1.4000,1.2048
4662510,1.4000,1.2136
4663010,1.4000,1.2032
4663510,1.4000,1.1991
4664010,1.4000,1.1645
4664510,1.4000,1.2112
4665010,1.4000,1.1951
4665510,1.4000,1.2048
4666010,1.4000,1.2064
4666510,1.4000,1.2056
4667010,1.4000,1.2104
4667510,1.4000,1.2023
4668010,1.4000,1.2257
4668510,1.4000,1.1999
4669010,1.4000,1.2128
4669510,1.4000,1.2048
4670010,1.4000,1.2023
4670510,1.4000,1.2201
4671010,1.4000,1.2104
4671510,1.4000,1.2136
4672010,1.4000,1.2120
4672510,1.4000,1.2160
4673010,1.4000,1.1991
4673510,1.4000,1.2136
4674010,1.4000,1.2064
4674510,1.4000,1.2080
4675010,1.4000,1.2072
4675510,1.4000,1.2088
4676010,1.4000,1.2096
4676510,1.4000,1.2112
4677010,1.4000,1.1919
4677510,1.4000,1.1975
4678010,1.4000,1.2040
4678510,1.4000,1.2064
4679010,1.4000,1.2072
4679510,1.4000,1.1991
4680010,1.4000,1.2128
4680510,1.4000,1.2136
4681010,1.4000,1.2048
4681510,1.4000,1.2072
4682010,1.4000,1.1943
4682510,1.4000,1.2023
4683010,1.4000,1.2056
4683510,1.4000,1.2072
4684010,1.4000,1.2007
4684510,1.4000,1.1862
4685010,1.4000,1.2023
4685510,1.4000,1.2136
4686010,1.4000,1.2120
4686510,1.4000,1.2080
4687010,1.4000,1.2120
4687510,1.4000,1.2096
4688010,1.4000,1.2048
4688510,1.4000,1.2032
4689010,1.4000,1.2112
4689510,1.4000,1.2152
4690010,1.4000,1.2088
4690510,1.4000,1.2112
4691010,1.4000,1.2032
4691510,1.4000,1.2112
4692010,1.4000,1.2032
4692510,1.4000,1.2104
4693010,1.4000,1.1991
4693510,1.4000,1.2136
4694010,1.4000,1.1999
4694510,1.4000,1.2104
4695010,1.4000,1.2023
4695510,1.4000,1.2136
4696010,1.4000,1.1967
4696510,1.4000,1.2072
4697010,1.4000,1.2032
4697510,1.4000,1.2064
4698010,1.4000,1.1975
4698510,1.4000,1.2144
4699010,1.4000,1.2080
4699510,1.4000,1.2015
4700010,1.4000,1.2056
4700510,1.4000,1.1991
4701010,1.4000,1.2096
4701510,1.4000,1.2064
4702010,1.4000,1.2080
4702510,1.4000,1.2088
4703010,1.4000,1.1991
4703510,1.4000,1.2048
4704010,1.4000,1.2136
4704510,1.4000,1.2120
4705010,1.4000,1.2048
4705510,1.4000,1.2104
4706010,1.4000,1.1862
4706510,1.4000,1.2128
4707010,1.4000,1.2193
4707510,1.4000,1.2015
4708010,1.4000,1.1991
4708510,1.4000,1.2023
4709010,1.4000,1.2064
4709510,1.4000,1.2080
4710010,1.4000,1.2136
4710510,1.4000,1.2112
4711010,1.4000,1.2032
4711510,1.4000,1.2080
4712010,1.4000,1.2080
4712510,1.4000,1.2104
4713010,1.4000,1.1959
4713510,1.4000,1.2088
4714010,1.4000,1.2104
4714510,1.4000,1.2144
4715010,1.4000,1.2064
4715510,1.4000,1.1999
4716010,1.4000,1.2168
4716510,1.4000,1.2048
4717010,1.4000,1.2120
4717510,1.4000,1.2015
4718010,1.4000,1.2007
4718510,1.4000,1.2048
4719010,1.4000,1.2040
4719510,1.4000,1.1983
4720010,1.4000,1.1991
4720510,1.4000,1.2209
4721010,1.4000,1.2225
4721510,1.4000,1.2048
4722010,1.4000,1.2080
4722510,1.4000,1.2072
4723010,1.4000,1.1991
4723510,1.4000,1.2088
4724010,1.4000,1.2048
4724510,1.4000,1.1991
4725010,1.4000,1.2104
4725510,1.4000,1.1983
4726010,1.4000,1.1991
4726510,1.4000,1.2370
4727010,1.4000,1.1999
4727510,1.4000,1.2064
4728010,1.4000,1.2064
4728510,1.4000,1.2160
4729010,1.4000,1.2064
4729510,1.4000,1.1999
4730010,1.4000,1.2072
4730510,1.4000,1.2104
4731010,1.4000,1.2088
4731510,1.4000,1.2209
4732010,1.4000,1.2112
4732510,1.4000,1.2048
4733010,1.4000,1.2168
4733510,1.4000,1.2096
4734010,1.4000,1.2160
4734510,1.4000,1.1774
4735010,1.4000,1.2080
4735510,1.4000,1.2265
4736010,1.4000,1.2168
4736510,1.4000,1.2072
4737010,1.4000,1.1999
4737510,1.4000,1.2032
4738010,1.4000,1.2040
4738510,1.4000,1.2233
4739010,1.4000,1.2040
4739510,1.4000,1.2064
4740010,1.4000,1.1911
4740510,1.4000,1.2128
4741010,1.4000,1.2088
4741510,1.4000,1.1991
4742010,1.4000,1.2104
4742510,1.4000,1.2007
4743010,1.4000,1.2080
4743510,1.4000,1.2281
4744010,1.4000,1.1991
4744510,1.4000,1.2072
4745010,1.4000,1.2096
4745510,1.4000,1.2104
4746010,1.4000,1.2088
4746510,1.4000,1.1991
4747010,1.4000,1.2040
4747510,1.4000,1.2112
4748010,1.4000,1.2064
4748510,1.4000,1.2152
4749010,1.4000,1.2209
4749510,1.4000,1.2023
4750010,1.4000,1.1935
4750510,1.4000,1.2096
4751010,1.4000,1.1991
4751510,1.4000,1.2056
4752010,1.4000,1.2048
4752510,1.4000,1.2048
4753010,1.4000,1.2048
4753510,1.4000,1.1862
4754010,1.4000,1.2144
4754510,1.4000,1.2040
4755010,1.4000,1.2112
4755510,1.4000,1.2072
4756010,1.4000,1.2064
4756510,1.4000,1.2007
4757010,1.4000,1.2249
4757510,1.4000,1.2080
4758010,1.4000,1.2144
4758510,1.4000,1.2048
4759010,1.4000,1.2015
4759510,1.4000,1.2185
4760010,1.4000,1.2015
4760510,1.4000,1.2104
4761010,1.4000,1.1999
4761510,1.4000,1.1903
4762010,1.4000,1.2007
4762510,1.4000,1.2241
4763010,1.4000,1.2112
4763510,1.4000,1.2096
4764010,1.4000,1.2088
4764510,1.4000,1.2048
4765010,1.4000,1.2128
4765510,1.4000,1.2015
4766010,1.4000,1.2064
4766510,1.4000,1.2185
4767010,1.4000,1.2177
4767510,1.4000,1.2048
4768010,1.4000,1.2048
4768510,1.4000,1.2072
4769010,1.4000,1.2193
4769510,1.4000,1.2370
4770010,1.4000,1.2168
4770510,1.4000,1.1878
4771010,1.4000,1.2096
4771510,1.4000,1.2177
4772010,1.4000,1.2088
4772510,1.4000,1.2048
4773010,1.4000,1.2088
4773510,1.4000,1.2096
4774010,1.4000,1.2177
4774510,1.4000,1.2144
4775010,1.4000,1.2128
4775510,1.4000,1.2112
4776010,1.4000,1.2128
4776510,1.4000,1.2136
4777010,1.4000,1.2136
4777510,1.4000,1.2249
4778010,1.4000,1.2168
4778510,1.4000,1.2128
4779010,1.4000,1.1983
4779510,1.4000,1.1991
4780010,1.4000,1.2160
4780510,1.4000,1.2096
4781010,1.4000,1.2168
4781510,1.4000,1.1903
4782010,1.4000,1.2209
4782510,1.4000,1.2144
4783010,1.4000,1.2128
4783510,1.4000,1.1911
4784010,1.4000,1.2040
4784510,1.4000,1.2136
4785010,1.4000,1.2104
4785510,1.4000,1.2104
4786010,1.4000,1.2120
4786510,1.4000,1.1991
4787010,1.4000,1.1911
4787510,1.4000,1.2209
4788010,1.4000,1.2144
4788510,1.4000,1.1991
4789010,1.4000,1.2080
4789510,1.4000,1.2112
4790010,1.4000,1.2112
4790510,1.4000,1.1991
4791010,1.4000,1.2112
4791510,1.4000,1.2080
4792010,1.4000,1.2080
4792510,1.4000,1.2048
4793010,1.4000,1.2032
4793510,1.4000,1.2120
4794010,1.4000,1.2120
4794510,1.4000,1.2048
4795010,1.4000,1.2305
4795510,1.4000,1.2160
4796010,1.4000,1.1983
4796510,1.4000,1.2136
4797010,1.4000,1.1878
4797510,1.4000,1.2048
4798010,1.4000,1.2080
4798510,1.4000,1.2128
4799010,1.4000,1.2023
4799510,1.4000,1.2136
4800010,1.4000,1.2144
4800510,1.4000,1.2144
4801010,1.4000,1.2104
4801510,1.4000,1.2048
4802010,1.4000,1.2048
4802510,1.4000,1.2104
4803010,1.4000,1.2048
4803510,1.4000,1.2112
4804010,1.4000,1.2120
4804510,1.4000,1.2177
4805010,1.4000,1.2128
4805510,1.4000,1.2064
4806010,1.4000,1.2128
4806510,1.4000,1.2064
4807010,1.4000,1.1975
4807510,1.4000,1.2072
4808010,1.4000,1.1983
4808510,1.4000,1.2023
4809010,1.4000,1.2128
4809510,1.4000,1.2120
4810010,1.4000,1.2048
4810510,1.4000,1.2136
4811010,1.4000,1.2160
4811510,1.4000,1.2080
4812010,1.4000,1.2112
4812510,1.4000,1.2023
4813010,1.4000,1.2128
4813510,1.4000,1.2032
4814010,1.4000,1.2096
4814510,1.4000,1.2120
4815010,1.4000,1.2257
4815510,1.4000,1.2096
4816010,1.4000,1.2128
4816510,1.4000,1.1862
4817010,1.4000,1.2080
4817510,1.4000,1.2112
4818010,1.4000,1.2032
4818510,1.4000,1.2032
4819010,1.4000,1.2112
4819510,1.4000,1.1999
4820010,1.4000,1.2080
4820510,1.4000,1.2120
4821010,1.4000,1.2241
4821510,1.4000,1.2096
4822010,1.4000,1.2040
4822510,1.4000,1.2128
4823010,1.4000,1.2160
4823510,1.4000,1.2120
4824010,1.4000,1.2104
4824510,1.4000,1.2007
4825010,1.4000,1.2209
4825510,1.4000,1.1870
4826010,1.4000,1.2209
4826510,1.4000,1.2120
4827010,1.4000,1.2160
4827510,1.4000,1.2023
4828010,1.4000,1.2072
4828510,1.4000,1.2096
4829010,1.4000,1.2072
4829510,1.4000,1.1983
4830010,1.4000,1.2201
4830510,1.4000,1.2128
4831010,1.4000,1.1790
4831510,1.4000,1.1991
4832010,1.4000,1.2015
4832510,1.4000,1.2088
4833010,1.4000,1.2096
4833510,1.4000,1.2112
4834010,1.4000,1.1935
4834510,1.4000,1.2080
4835010,1.4000,1.2072
4835510,1.4000,1.2177
4836010,1.4000,1.2370
4836510,1.4000,1.2032
4837010,1.4000,1.2040
4837510,1.4000,1.2144
4838010,1.4000,1.2080
4838510,1.4000,1.2112
4839010,1.4000,1.2048
4839510,1.4000,1.2104
4840010,1.4000,1.2531
4840510,1.4000,1.2136
4841010,1.4000,1.2136
4841510,1.4000,1.2096
4842010,1.4000,1.2160
4842510,1.4000,1.2136
4843010,1.4000,1.2168
4843510,1.4000,1.2104
4844010,1.4000,1.2080
4844510,1.4000,1.2112
4845010,1.4000,1.2015
4845510,1.4000,1.2080
4846010,1.4000,1.2168
4846510,1.4000,1.2136
4847010,1.4000,1.2128
4847510,1.4000,1.2112
4848010,1.4000,1.2040
4848510,1.4000,1.2080
4849010,1.4000,1.2120
4849510,1.4000,1.2112
4850010,1.4000,1.2177
4850510,1.4000,1.2032
4851010,1.4000,1.2023
4851510,1.4000,1.2104
4852010,1.4000,1.2144
4852510,1.4000,1.1999
4853010,1.4000,1.2104
4853510,1.4000,1.1975
4854010,1.4000,1.2136
4854510,1.4000,1.2112
4855010,1.4000,1.2064
4855510,1.4000,1.2257
4856010,1.4000,1.2370
4856510,1.4000,1.2104
4857010,1.4000,1.2177
4857510,1.4000,1.2144
4858010,1.4000,1.2104
4858510,1.4000,1.2007
4859010,1.4000,1.2168
4859510,1.4000,1.2160
4860010,1.4000,1.2160
4860510,1.4000,1.2023
4861010,1.4000,1.2007
4861510,1.4000,1.2112
4862010,1.4000,1.2152
4862510,1.4000,1.2112
4863010,1.4000,1.2040
4863510,1.4000,1.2023
4864010,1.4000,1.2080
4864510,1.4000,1.2104
4865010,1.4000,1.2112
4865510,1.4000,1.2370
4866010,1.4000,1.2128
4866510,1.4000,1.2072
4867010,1.4000,1.2193
4867510,1.4000,1.2096
4868010,1.4000,1.2048
4868510,1.4000,1.2064
4869010,1.4000,1.2370
4869510,1.4000,1.2201
4870010,1.4000,1.2257
4870510,1.4000,1.1999
4871010,1.4000,1.2168
4871510,1.4000,1.2080
4872010,1.4000,1.2096
4872510,1.4000,1.2547
4873010,1.4000,1.2040
4873510,1.4000,1.2048
4874010,1.4000,1.2072
4874510,1.4000,1.2096
4875010,1.4000,1.2128
4875510,1.4000,1.2128
4876010,1.4000,1.2249
4876510,1.4000,1.2128
4877010,1.4000,1.2112
4877510,1.4000,1.2032
4878010,1.4000,1.2136
4878510,1.4000,1.2241
4879010,1.4000,1.2072
4879510,1.4000,1.2080
4880010,1.4000,1.2144
4880510,1.4000,1.2048
4881010,1.4000,1.2112
4881510,1.4000,1.2096
4882010,1.4000,1.2128
4882510,1.4000,1.2048
4883010,1.4000,1.2112
4883510,1.4000,1.2032
4884010,1.4000,1.2136
4884510,1.4000,1.2201
4885010,1.4000,1.2144
4885510,1.4000,1.2072
4886010,1.4000,1.2120
4886510,1.4000,1.2104
4887010,1.4000,1.2088
4887510,1.4000,1.2128
4888010,1.4000,1.2185
4888510,1.4000,1.2120
4889010,1.4000,1.2160
4889510,1.4000,1.2128
4890010,1.4000,1.2120
4890510,1.4000,1.2136
4891010,1.4000,1.2136
4891510,1.4000,1.2112
4892010,1.4000,1.2128
4892510,1.4000,1.2160
4893010,1.4000,1.2104
4893510,1.4000,1.2136
4894010,1.4000,1.2201
4894510,1.4000,1.2072
4895010,1.4000,1.2144
4895510,1.4000,1.2128
4896010,1.4000,1.2136
4896510,1.4000,1.1983
4897010,1.4000,1.2136
4897510,1.4000,1.2080
4898010,1.4000,1.2136
4898510,1.4000,1.2064
4899010,1.4000,1.2144
4899510,1.4000,1.2233
4900010,1.4000,1.2088
4900510,1.4000,1.2193
4901010,1.4000,1.2080
4901510,1.4000,1.2144
4902010,1.4000,1.2112
4902510,1.4000,1.2168
4903010,1.4000,1.2209
4903510,1.4000,1.2241
4904010,1.4000,1.2160
4904510,1.4000,1.1999
4905010,1.4000,1.2104
4905510,1.4000,1.2112
4906010,1.4000,1.2177
4906510,1.4000,1.2136
4907010,1.4000,1.2370
4907510,1.4000,1.2177
4908010,1.4000,1.2168
4908510,1.4000,1.2265
4909010,1.4000,1.2193
4909510,1.4000,1.2080
4910010,1.4000,1.2160
4910510,1.4000,1.2160
4911010,1.4000,1.2112
4911510,1.4000,1.2160
4912010,1.4000,1.2104
4912510,1.4000,1.2104
4913010,1.4000,1.2209
4913510,1.4000,1.2007
4914010,1.4000,1.2072
4914510,1.4000,1.2193
4915010,1.4000,1.2168
4915510,1.4000,1.2128
4916010,1.4000,1.2080
4916510,1.4000,1.2168
4917010,1.4000,1.2072
4917510,1.4000,1.2096
4918010,1.4000,1.2168
4918510,1.4000,1.2128
4919010,1.4000,1.2168
4919510,1.4000,1.2072
4920010,1.4000,1.2096
4920510,1.4000,1.2136
4921010,1.4000,1.2040
4921510,1.4000,1.2201
4922010,1.4000,1.2160
4922510,1.4000,1.2144
4923010,1.4000,1.2112
4923510,1.4000,1.2007
4924010,1.4000,1.2096
4924510,1.4000,1.2168
4925010,1.4000,1.2177
4925510,1.4000,1.2305
4926010,1.4000,1.2257
4926510,1.4000,1.2160
4927010,1.4000,1.2072
4927510,1.4000,1.2338
4928010,1.4000,1.2112
4928510,1.4000,1.2104
4929010,1.4000,1.2209
4929510,1.4000,1.2160
4930010,1.4000,1.2144
4930510,1.4000,1.2088
4931010,1.4000,1.2265
4931510,1.4000,1.2080
4932010,1.4000,1.1895
4932510,1.4000,1.2152
4933010,1.4000,1.2144
4933510,1.4000,1.2233
4934010,1.4000,1.2144
4934510,1.4000,1.2370
4935010,1.4000,1.2160
4935510,1.4000,1.2177
4936010,1.4000,1.2096
4936510,1.4000,1.2032
4937010,1.4000,1.2144
4937510,1.4000,1.2177
4938010,1.4000,1.2136
4938510,1.4000,1.2177
4939010,1.4000,1.2136
4939510,1.4000,1.2136
4940010,1.4000,1.2120
4940510,1.4000,1.2233
4941010,1.4000,1.2088
4941510,1.4000,1.1999
4942010,1.4000,1.2193
4942510,1.4000,1.2096
4943010,1.4000,1.2136
4943510,1.4000,1.2104
4944010,1.4000,1.2120
4944510,1.4000,1.2144
4945010,1.4000,1.2354
4945510,1.4000,1.2128
4946010,1.4000,1.2249
4946510,1.4000,1.2096
4947010,1.4000,1.1790
4947510,1.4000,1.1999
4948010,1.4000,1.2112
4948510,1.4000,1.2136
4949010,1.4000,1.2160
4949510,1.4000,1.2168
4950010,1.4000,1.2128
4950510,1.4000,1.2209
4951010,1.4000,1.2136
4951510,1.4000,1.2120
4952010,1.4000,1.2249
4952510,1.4000,1.2112
4953010,1.4000,1.2104
4953510,1.4000,1.2104
4954010,1.4000,1.1943
4954510,1.4000,1.2080
4955010,1.4000,1.2136
4955510,1.4000,1.1991
4956010,1.4000,1.2144
4956510,1.4000,1.2064
4957010,1.4000,1.2104
4957510,1.4000,1.2177
4958010,1.4000,1.2152
4958510,1.4000,1.2104
4959010,1.4000,1.2136
4959510,1.4000,1.1975
4960010,1.4000,1.2257
4960510,1.4000,1.2112
4961010,1.4000,1.2104
4961510,1.4000,1.2120
4962010,1.4000,1.2297
4962510,1.4000,1.2088
4963010,1.4000,1.2249
4963510,1.4000,1.2136
4964010,1.4000,1.2144
4964510,1.4000,1.2128
4965010,1.4000,1.2080
4965510,1.4000,1.2144
4966010,1.4000,1.2177
4966510,1.4000,1.2136
4967010,1.4000,1.2104
4967510,1.4000,1.2136
4968010,1.4000,1.2023
4968510,1.4000,1.2233
4969010,1.4000,1.2048
4969510,1.4000,1.2160
4970010,1.4000,1.2112
4970510,1.4000,1.2160
4971010,1.4000,1.2096
4971510,1.4000,1.2144
4972010,1.4000,1.2096
4972510,1.4000,1.2080
4973010,1.4000,1.2217
4973510,1.4000,1.2104
4974010,1.4000,1.2048
4974510,1.4000,1.2322
4975010,1.4000,1.2112
4975510,1.4000,1.2104
4976010,1.4000,1.2177
4976510,1.4000,1.2177
4977010,1.4000,1.2104
4977510,1.4000,1.2104
4978010,1.4000,1.2136
4978510,1.4000,1.2032
4979010,1.4000,1.2225
4979510,1.4000,1.2096
4980010,1.4000,1.2072
4980510,1.4000,1.2193
4981010,1.4000,1.2128
4981510,1.4000,1.2104
4982010,1.4000,1.2233
4982510,1.4000,1.2144
4983010,1.4000,1.2177
4983510,1.4000,1.2096
4984010,1.4000,1.2185
4984510,1.4000,1.2088
4985010,1.4000,1.2096
4985510,1.4000,1.2160
4986010,1.4000,1.2032
4986510,1.4000,1.2273
4987010,1.4000,1.2040
4987510,1.4000,1.2136
4988010,1.4000,1.2120
4988510,1.4000,1.2112
4989010,1.4000,1.1903
4989510,1.4000,1.2136
4990010,1.4000,1.2185
4990510,1.4000,1.2136
4991010,1.4000,1.2233
4991510,1.4000,1.2201
4992010,1.4000,1.2104
4992510,1.4000,1.2152
4993010,1.4000,1.2128
4993510,1.4000,1.2128
4994010,1.4000,1.2136
4994510,1.4000,1.2177
4995010,1.4000,1.2152
4995510,1.4000,1.2152
4996010,1.4000,1.2249
4996510,1.4000,1.2128
4997010,1.4000,1.2177
4997510,1.4000,1.2209
4998010,1.4000,1.2032
4998510,1.4000,1.2177
4999010,1.4000,1.2136
4999510,1.4000,1.2128
5000010,1.4000,1.2168
5000510,1.4000,1.2160
5001010,1.4000,1.2088
5001510,1.4000,1.2168
5002010,1.4000,1.2056
5002510,1.4000,1.2209
5003010,1.4000,1.2209
5003510,1.4000,1.2160
5004010,1.4000,1.2144
5004510,1.4000,1.2120
5005010,1.4000,1.2370
5005510,1.4000,1.2136
5006010,1.4000,1.2088
5006510,1.4000,1.2104
5007010,1.4000,1.2177
5007510,1.4000,1.2104
5008010,1.4000,1.2120
5008510,1.4000,1.2177
5009010,1.4000,1.2136
5009510,1.4000,1.2128
5010010,1.4000,1.2080
5010510,1.4000,1.1935
5011010,1.4000,1.2160
5011510,1.4000,1.2048
5012010,1.4000,1.2112
5012510,1.4000,1.2080
5013010,1.4000,1.2241
5013510,1.4000,1.2112
5014010,1.4000,1.2120
5014510,1.4000,1.2112
5015010,1.4000,1.2144
5015510,1.4000,1.2088
5016010,1.4000,1.2080
5016510,1.4000,1.2096
5017010,1.4000,1.2032
5017510,1.4000,1.2128
5018010,1.4000,1.2104
5018510,1.4000,1.2015
5019010,1.4000,1.2144
5019510,1.4000,1.2249
5020010,1.4000,1.2112
5020510,1.4000,1.2128
5021010,1.4000,1.2112
5021510,1.4000,1.2120
5022010,1.4000,1.2023
5022510,1.4000,1.2160
5023010,1.4000,1.2064
5023510,1.4000,1.2104
5024010,1.4000,1.2120
5024510,1.4000,1.2040
5025010,1.4000,1.2144
5025510,1.4000,1.2112
5026010,1.4000,1.2144
5026510,1.4000,1.2128
5027010,1.4000,1.2160
5027510,1.4000,1.2015
5028010,1.4000,1.2330
5028510,1.4000,1.2112
5029010,1.4000,1.2209
5029510,1.4000,1.2249
5030010,1.4000,1.2072
5030510,1.4000,1.2144
5031010,1.4000,1.2104
5031510,1.4000,1.2136
5032010,1.4000,1.2160
5032510,1.4000,1.2048
5033010,1.4000,1.2249
5033510,1.4000,1.2273
5034010,1.4000,1.2177
5034510,1.4000,1.2273
5035010,1.4000,1.2112
5035510,1.4000,1.2120
5036010,1.4000,1.2032
5036510,1.4000,1.2104
5037010,1.4000,1.2160
5037510,1.4000,1.2136
5038010,1.4000,1.2185
5038510,1.4000,1.2168
5039010,1.4000,1.2201
5039510,1.4000,1.2160
5040010,1.4000,1.2040
5040510,1.4000,1.1991
5041010,1.4000,1.2096
5041510,1.4000,1.2160
5042010,1.4000,1.2257
5042510,1.4000,1.2136
5043010,1.4000,1.2177
5043510,1.4000,1.2120
5044010,1.4000,1.2152
5044510,1.4000,1.2136
5045010,1.4000,1.2040
5045510,1.4000,1.2104
5046010,1.4000,1.2128
5046510,1.4000,1.2120
5047010,1.4000,1.2209
5047510,1.4000,1.2177
5048010,1.4000,1.2072
5048510,1.4000,1.2136
5049010,1.4000,1.1951
5049510,1.4000,1.2160
5050010,1.4000,1.2160
5050510,1.4000,1.2160
5051010,1.4000,1.2136
5051510,1.4000,1.2193
5052010,1.4000,1.2040
5052510,1.4000,1.2233
5053010,1.4000,1.2168
5053510,1.4000,1.2185
5054010,1.4000,1.2160
5054510,1.4000,1.2193
5055010,1.4000,1.2144
5055510,1.4000,1.2160
5056010,1.4000,1.2104
5056510,1.4000,1.2128
5057010,1.4000,1.2265
5057510,1.4000,1.2112
5058010,1.4000,1.2370
5058510,1.4000,1.2249
5059010,1.4000,1.2128
5059510,1.4000,1.2225
5060010,1.4000,1.2128
5060510,1.4000,1.2136
5061010,1.4000,1.2265
5061510,1.4000,1.2193
5062010,1.4000,1.2168
5062510,1.4000,1.2177
5063010,1.4000,1.2088
5063510,1.4000,1.2023
5064010,1.4000,1.2201
5064510,1.4000,1.2152
5065010,1.4000,1.2136
5065510,1.4000,1.2040
5066010,1.4000,1.2096
5066510,1.4000,1.2096
5067010,1.4000,1.2128
5067510,1.4000,1.2136
5068010,1.4000,1.2120
5068510,1.4000,1.2370
5069010,1.4000,1.2112
5069510,1.4000,1.2112
5070010,1.4000,1.2539
5070510,1.4000,1.2032
5071010,1.4000,1.2160
5071510,1.4000,1.2160
5072010,1.4000,1.2177
5072510,1.4000,1.2032
5073010,1.4000,1.2096
5073510,1.4000,1.2160
5074010,1.4000,1.2249
5074510,1.4000,1.2128
5075010,1.4000,1.2128
5075510,1.4000,1.2193
5076010,1.4000,1.1999
5076510,1.4000,1.2144
5077010,1.4000,1.2281
5077510,1.4000,1.2136
5078010,1.4000,1.2096
5078510,1.4000,1.2112
5079010,1.4000,1.2112
5079510,1.4000,1.2144
5080010,1.4000,1.2136
5080510,1.4000,1.2096
5081010,1.4000,1.2136
5081510,1.4000,1.1983
5082010,1.4000,1.2201
5082510,1.4000,1.2249
5083010,1.4000,1.2128
5083510,1.4000,1.2056
5084010,1.4000,1.2217
5084510,1.4000,1.2177
5085010,1.4000,1.2193
5085510,1.4000,1.2241
5086010,1.4000,1.2160
5086510,1.4000,1.2128
5087010,1.4000,1.2136
5087510,1.4000,1.2104
5088010,1.4000,1.2136
5088510,1.4000,1.2265
5089010,1.4000,1.2201
5089510,1.4000,1.2177
5090010,1.4000,1.2120
5090510,1.4000,1.2209
5091010,1.4000,1.2072
5091510,1.4000,1.2168
5092010,1.4000,1.2104
5092510,1.4000,1.2152
5093010,1.4000,1.2160
5093510,1.4000,1.2152
5094010,1.4000,1.2104
5094510,1.4000,1.2370
5095010,1.4000,1.2185
5095510,1.4000,1.2096
5096010,1.4000,1.2072
5096510,1.4000,1.2249
5097010,1.4000,1.2104
5097510,1.4000,1.2096
5098010,1.4000,1.2273
5098510,1.4000,1.2040
5099010,1.4000,1.2209
5099510,1.4000,1.2209
5100010,1.4000,1.2209
5100510,1.4000,1.2193
5101010,1.4000,1.2072
5101510,1.4000,1.2265
5102010,1.4000,1.2177
5102510,1.4000,1.2177
5103010,1.4000,1.2112
5103510,1.4000,1.2136
5104010,1.4000,1.2144
5104510,1.4000,1.2040
5105010,1.4000,1.2209
5105510,1.4000,1.2160
5106010,1.4000,1.2160
5106510,1.4000,1.2136
5107010,1.4000,1.2112
5107510,1.4000,1.2160
5108010,1.4000,1.2128
5108510,1.4000,1.2136
5109010,1.4000,1.2088
5109510,1.4000,1.2104
5110010,1.4000,1.2185
5110510,1.4000,1.1991
5111010,1.4000,1.2168
5111510,1.4000,1.2201
5112010,1.4000,1.1991
5112510,1.4000,1.2104
5113010,1.4000,1.2128
5113510,1.4000,1.2233
5114010,1.4000,1.2088
5114510,1.4000,1.2168
5115010,1.4000,1.2152
5115510,1.4000,1.2322
5116010,1.4000,1.2233
5116510,1.4000,1.2193
5117010,1.4000,1.2193
5117510,1.4000,1.2128
5118010,1.4000,1.2193
5118510,1.4000,1.2144
5119010,1.4000,1.2032
5119510,1.4000,1.2354
5120010,1.4000,1.2112
5120510,1.4000,1.2112
5121010,1.4000,1.2080
5121510,1.4000,1.2144
5122010,1.4000,1.1991
5122510,1.4000,1.2136
5123010,1.4000,1.2233
5123510,1.4000,1.2177
5124010,1.4000,1.2160
5124510,1.4000,1.2104
5125010,1.4000,1.2048
5125510,1.4000,1.2209
5126010,1.4000,1.2080
5126510,1.4000,1.2177
5127010,1.4000,1.2249
5127510,1.4000,1.2128
5128010,1.4000,1.2370
5128510,1.4000,1.2128
5129010,1.4000,1.2120
5129510,1.4000,1.2064
5130010,1.4000,1.2136
5130510,1.4000,1.2289
5131010,1.4000,1.2225
5131510,1.4000,1.2233
5132010,1.4000,1.2104
5132510,1.4000,1.2080
5133010,1.4000,1.2233
5133510,1.4000,1.2136
5134010,1.4000,1.2104
5134510,1.4000,1.2023
5135010,1.4000,1.2177
5135510,1.4000,1.2128
5136010,1.4000,1.2112
5136510,1.4000,1.2168
5137010,1.4000,1.2048
5137510,1.4000,1.2112
5138010,1.4000,1.2177
5138510,1.4000,1.2144
5139010,1.4000,1.1991
5139510,1.4000,1.2015
5140010,1.4000,1.2257
5140510,1.4000,1.2048
5141010,1.4000,1.2120
5141510,1.4000,1.2144
5142010,1.4000,1.2160
5142510,1.4000,1.2128
5143010,1.4000,1.2152
5143510,1.4000,1.2104
5144010,1.4000,1.2136
5144510,1.4000,1.2354
5145010,1.4000,1.2096
5145510,1.4000,1.2185
5146010,1.4000,1.2128
5146510,1.4000,1.2160
5147010,1.4000,1.2209
5147510,1.4000,1.2193
5148010,1.4000,1.2144
5148510,1.4000,1.2249
5149010,1.4000,1.2064
5149510,1.4000,1.2136
5150010,1.4000,1.2007
5150510,1.4000,1.2217
5151010,1.4000,1.2265
5151510,1.4000,1.2144
5152010,1.4000,1.2104
5152510,1.4000,1.2080
5153010,1.4000,1.2177
5153510,1.4000,1.2136
5154010,1.4000,1.2096
5154510,1.4000,1.2112
5155010,1.4000,1.2144
5155510,1.4000,1.2193
5156010,1.4000,1.2177
5156510,1.4000,1.2233
5157010,1.4000,1.1886
5157510,1.4000,1.2048
5158010,1.4000,1.2088
5158510,1.4000,1.2112
5159010,1.4000,1.2225
5159510,1.4000,1.2072
5160010,1.4000,1.2120
5160510,1.4000,1.2168
5161010,1.4000,1.2144
5161510,1.4000,1.2160
5162010,1.4000,1.2136
5162510,1.4000,1.2249
5163010,1.4000,1.2128
5163510,1.4000,1.2249
5164010,1.4000,1.2217
5164510,1.4000,1.2112
5165010,1.4000,1.2273
5165510,1.4000,1.2249
5166010,1.4000,1.2160
5166510,1.4000,1.2128
5167010,1.4000,1.1838
5167510,1.4000,1.2136
5168010,1.4000,1.2209
5168510,1.4000,1.2177
5169010,1.4000,1.2048
5169510,1.4000,1.2032
5170010,1.4000,1.2217
5170510,1.4000,1.2225
5171010,1.4000,1.2104
5171510,1.4000,1.2136
5172010,1.4000,1.2249
5172510,1.4000,1.2160
5173010,1.4000,1.2128
5173510,1.4000,1.2152
5174010,1.4000,1.2265
5174510,1.4000,1.2168
5175010,1.4000,1.2064
5175510,1.4000,1.2128
5176010,1.4000,1.2136
5176510,1.4000,1.2249
5177010,1.4000,1.2201
5177510,1.4000,1.2370
5178010,1.4000,1.2209
5178510,1.4000,1.1983
5179010,1.4000,1.2144
5179510,1.4000,1.2193
5180010,1.4000,1.2128
5180510,1.4000,1.2241
5181010,1.4000,1.2168
5181510,1.4000,1.2096
5182010,1.4000,1.2136
5182510,1.4000,1.2177
5183010,1.4000,1.2015
5183510,1.4000,1.2209
5184010,1.4000,1.2177
5184510,1.4000,1.2144
5185010,1.4000,1.2112
5185510,1.4000,1.2104
5186010,1.4000,1.2128
5186510,1.4000,1.2193
5187010,1.4000,1.2136
5187510,1.4000,1.2177
5188010,1.4000,1.2177
5188510,1.4000,1.2160
5189010,1.4000,1.2128
5189510,1.4000,1.2112
5190010,1.4000,1.2072
5190510,1.4000,1.2177
5191010,1.4000,1.2136
5191510,1.4000,1.2136
5192010,1.4000,1.2160
5192510,1.4000,1.2112
5193010,1.4000,1.2128
5193510,1.4000,1.2225
5194010,1.4000,1.2209
5194510,1.4000,1.2201
5195010,1.4000,1.2104
5195510,1.4000,1.2112
5196010,1.4000,1.2104
5196510,1.4000,1.2096
5197010,1.4000,1.2225
5197510,1.4000,1.2112
5198010,1.4000,1.2168
5198510,1.4000,1.2185
5199010,1.4000,1.2080
5199510,1.4000,1.2160
5200010,1.4000,1.1991
5200510,1.4000,1.2112
5201010,1.4000,1.2193
5201510,1.4000,1.2241
5202010,1.4000,1.2160
5202510,1.4000,1.2370
5203010,1.4000,1.1951
5203510,1.4000,1.2168
5204010,1.4000,1.2120
5204510,1.4000,1.2096
5205010,1.4000,1.2112
5205510,1.4000,1.2136
5206010,1.4000,1.2370
5206510,1.4000,1.2023
5207010,1.4000,1.2104
5207510,1.4000,1.2144
5208010,1.4000,1.2048
5208510,1.4000,1.2096
5209010,1.4000,1.2168
5209510,1.4000,1.2160
5210010,1.4000,1.2080
5210510,1.4000,1.2233
5211010,1.4000,1.2136
5211510,1.4000,1.2144
5212010,1.4000,1.2136
5212510,1.4000,1.2144
5213010,1.4000,1.2144
5213510,1.4000,1.2160
5214010,1.4000,1.1814
5214510,1.4000,1.2088
5215010,1.4000,1.2168
5215510,1.4000,1.2104
5216010,1.4000,1.2249
5216510,1.4000,1.2160
5217010,1.4000,1.2193
5217510,1.4000,1.2104
5218010,1.4000,1.2370
5218510,1.4000,1.2370
5219010,1.4000,1.2201
5219510,1.4000,1.2201
5220010,1.4000,1.2177
5220510,1.4000,1.2160
5221010,1.4000,1.2177
5221510,1.4000,1.2225
5222010,1.4000,1.2177
5222510,1.4000,1.2056
5223010,1.4000,1.2177
5223510,1.4000,1.2241
5224010,1.4000,1.2233
5224510,1.4000,1.2217
5225010,1.4000,1.2265
5225510,1.4000,1.2152
5226010,1.4000,1.2048
5226510,1.4000,1.2136
5227010,1.4000,1.2233
5227510,1.4000,1.2193
5228010,1.4000,1.2032
5228510,1.4000,1.2201
5229010,1.4000,1.2152
5229510,1.4000,1.2160
5230010,1.4000,1.2128
5230510,1.4000,1.2273
5231010,1.4000,1.2177
5231510,1.4000,1.2209
5232010,1.4000,1.2160
5232510,1.4000,1.2096
5233010,1.4000,1.2249
5233510,1.4000,1.2265
5234010,1.4000,1.2112
5234510,1.4000,1.2265
5235010,1.4000,1.2064
5235510,1.4000,1.2249
5236010,1.4000,1.2177
5236510,1.4000,1.2080
5237010,1.4000,1.2225
5237510,1.4000,1.2249
5238010,1.4000,1.2370
5238510,1.4000,1.2096
5239010,1.4000,1.2249
5239510,1.4000,1.2249
5240010,1.4000,1.2201
5240510,1.4000,1.2346
5241010,1.4000,1.2168
5241510,1.4000,1.2201
5242010,1.4000,1.2080
5242510,1.4000,1.2217
5243010,1.4000,1.2177
5243510,1.4000,1.2104
5244010,1.4000,1.2354
5244510,1.4000,1.2088
5245010,1.4000,1.2112
5245510,1.4000,1.2209
5246010,1.4000,1.2152
5246510,1.4000,1.2249
5247010,1.4000,1.2249
5247510,1.4000,1.2249
5248010,1.4000,1.2249
5248510,1.4000,1.2249
5249010,1.4000,1.2160
5249510,1.4000,1.2241
5250010,1.4000,1.2160
5250510,1.4000,1.2273
5251010,1.4000,1.2193
5251510,1.4000,1.2168
5252010,1.4000,1.2168
5252510,1.4000,1.2048
5253010,1.4000,1.2168
5253510,1.4000,1.2201
5254010,1.4000,1.2305
5254510,1.4000,1.2249
5255010,1.4000,1.2177
5255510,1.4000,1.2080
5256010,1.4000,1.2160
5256510,1.4000,1.2040
5257010,1.4000,1.2289
5257510,1.4000,1.2120
5258010,1.4000,1.2168
5258510,1.4000,1.1935
5259010,1.4000,1.2144
5259510,1.4000,1.2225
5260010,1.4000,1.2032
5260510,1.4000,1.2152
5261010,1.4000,1.2209
5261510,1.4000,1.2136
5262010,1.4000,1.2160
5262510,1.4000,1.2177
5263010,1.4000,1.2225
5263510,1.4000,1.2265
5264010,1.4000,1.2249
5264510,1.4000,1.2201
5265010,1.4000,1.2185
5265510,1.4000,1.2225
5266010,1.4000,1.2144
5266510,1.4000,1.2225
5267010,1.4000,1.2241
5267510,1.4000,1.2080
5268010,1.4000,1.2201
5268510,1.4000,1.2177
5269010,1.4000,1.2249
5269510,1.4000,1.2177
5270010,1.4000,1.2241
5270510,1.4000,1.2168
5271010,1.4000,1.2160
5271510,1.4000,1.2241
5272010,1.4000,1.2177
5272510,1.4000,1.2168
5273010,1.4000,1.2015
5273510,1.4000,1.2273
5274010,1.4000,1.2249
5274510,1.4000,1.2168
5275010,1.4000,1.2152
5275510,1.4000,1.2209
5276010,1.4000,1.2668
5276510,1.4000,1.2273
5277010,1.4000,1.2177
5277510,1.4000,1.2136
5278010,1.4000,1.2225
5278510,1.4000,1.2297
5279010,1.4000,1.2128
5279510,1.4000,1.2152
5280010,1.4000,1.2249
5280510,1.4000,1.2249
5281010,1.4000,1.2168
5281510,1.4000,1.2168
5282010,1.4000,1.1943
5282510,1.4000,1.2160
5283010,1.4000,1.2177
5283510,1.4000,1.2177
5284010,1.4000,1.2160
5284510,1.4000,1.2160
5285010,1.4000,1.2144
5285510,1.4000,1.2144
5286010,1.4000,1.2136
5286510,1.4000,1.2305
5287010,1.4000,1.2112
5287510,1.4000,1.2233
5288010,1.4000,1.2249
5288510,1.4000,1.2136
5289010,1.4000,1.2201
5289510,1.4000,1.2112
5290010,1.4000,1.2249
5290510,1.4000,1.2305
5291010,1.4000,1.2225
5291510,1.4000,1.2112
5292010,1.4000,1.2265
5292510,1.4000,1.2177
5293010,1.4000,1.2225
5293510,1.4000,1.2112
5294010,1.4000,1.2233
5294510,1.4000,1.2177
5295010,1.4000,1.2193
5295510,1.4000,1.2241
5296010,1.4000,1.2177
5296510,1.4000,1.2112
5297010,1.4000,1.2209
5297510,1.4000,1.2185
5298010,1.4000,1.2217
5298510,1.4000,1.2136
5299010,1.4000,1.2177
5299510,1.4000,1.2225
5300010,1.4000,1.2160
5300510,1.4000,1.2177
5301010,1.4000,1.2338
5301510,1.4000,1.2273
5302010,1.4000,1.2249
5302510,1.4000,1.2249
5303010,1.4000,1.2225
5303510,1.4000,1.2265
5304010,1.4000,1.2144
5304510,1.4000,1.2160
5305010,1.4000,1.2225
5305510,1.4000,1.2177
5306010,1.4000,1.2072
5306510,1.4000,1.2225
5307010,1.4000,1.2177
5307510,1.4000,1.2249
5308010,1.4000,1.2104
5308510,1.4000,1.2112
5309010,1.4000,1.2193
5309510,1.4000,1.2249
5310010,1.4000,1.2225
5310510,1.4000,1.2249
5311010,1.4000,1.2160
5311510,1.4000,1.2257
5312010,1.4000,1.2370
5312510,1.4000,1.2370
5313010,1.4000,1.2193
5313510,1.4000,1.2225
5314010,1.4000,1.2201
5314510,1.4000,1.2128
5315010,1.4000,1.2136
5315510,1.4000,1.2314
5316010,1.4000,1.2201
5316510,1.4000,1.1991
5317010,1.4000,1.2249
5317510,1.4000,1.2241
5318010,1.4000,1.2193
5318510,1.4000,1.2177
5319010,1.4000,1.2193
5319510,1.4000,1.2177
5320010,1.4000,1.2233
5320510,1.4000,1.2193
5321010,1.4000,1.2177
5321510,1.4000,1.2104
5322010,1.4000,1.2249
5322510,1.4000,1.2144
5323010,1.4000,1.2265
5323510,1.4000,1.2168
5324010,1.4000,1.2249
5324510,1.4000,1.2032
5325010,1.4000,1.2193
5325510,1.4000,1.2177
5326010,1.4000,1.2128
5326510,1.4000,1.2168
5327010,1.4000,1.2136
5327510,1.4000,1.2225
5328010,1.4000,1.2160
5328510,1.4000,1.2346
5329010,1.4000,1.2177
5329510,1.4000,1.2096
5330010,1.4000,1.2144
5330510,1.4000,1.2241
5331010,1.4000,1.2048
5331510,1.4000,1.2233
5332010,1.4000,1.2249
5332510,1.4000,1.2249
5333010,1.4000,1.2249
5333510,1.4000,1.2225
5334010,1.4000,1.2370
5334510,1.4000,1.2160
5335010,1.4000,1.2193
5335510,1.4000,1.2249
5336010,1.4000,1.2177
5336510,1.4000,1.2193
5337010,1.4000,1.2120
5337510,1.4000,1.2273
5338010,1.4000,1.2144
5338510,1.4000,1.2273
5339010,1.4000,1.2217
5339510,1.4000,1.2144
5340010,1.4000,1.2168
5340510,1.4000,1.2168
5341010,1.4000,1.2249
5341510,1.4000,1.2160
5342010,1.4000,1.2233
5342510,1.4000,1.2370
5343010,1.4000,1.2201
5343510,1.4000,1.2048
5344010,1.4000,1.2120
5344510,1.4000,1.2370
5345010,1.4000,1.2233
5345510,1.4000,1.2177
5346010,1.4000,1.2249
5346510,1.4000,1.2056
5347010,1.4000,1.2209
5347510,1.4000,1.2072
5348010,1.4000,1.2265
5348510,1.4000,1.2064
5349010,1.4000,1.2225
5349510,1.4000,1.2209
5350010,1.4000,1.2330
5350510,1.4000,1.2225
5351010,1.4000,1.2096
5351510,1.4000,1.2193
5352010,1.4000,1.2201
5352510,1.4000,1.2257
5353010,1.4000,1.2265
5353510,1.4000,1.2338
5354010,1.4000,1.1870
5354510,1.4000,1.2249
5355010,1.4000,1.2249
5355510,1.4000,1.2209
5356010,1.4000,1.2144
5356510,1.4000,1.2144
5357010,1.4000,1.2225
5357510,1.4000,1.2160
5358010,1.4000,1.2201
5358510,1.4000,1.2177
5359010,1.4000,1.2370
5359510,1.4000,1.2241
5360010,1.4000,1.2088
5360510,1.4000,1.2201
5361010,1.4000,1.2249
5361510,1.4000,1.2265
5362010,1.4000,1.2289
5362510,1.4000,1.2233
5363010,1.4000,1.2177
5363510,1.4000,1.2225
5364010,1.4000,1.2209
5364510,1.4000,1.2297
5365010,1.4000,1.2120
5365510,1.4000,1.2265
5366010,1.4000,1.2160
5366510,1.4000,1.2370
5367010,1.4000,1.2249
5367510,1.4000,1.2201
5368010,1.4000,1.2120
5368510,1.4000,1.2160
5369010,1.4000,1.2096
5369510,1.4000,1.2249
5370010,1.4000,1.2209
5370510,1.4000,1.2201
5371010,1.4000,1.2128
5371510,1.4000,1.2160
5372010,1.4000,1.2233
5372510,1.4000,1.2160
5373010,1.4000,1.2249
5373510,1.4000,1.2354
5374010,1.4000,1.2209
5374510,1.4000,1.2112
5375010,1.4000,1.2177
5375510,1.4000,1.2096
5376010,1.4000,1.2040
5376510,1.4000,1.2104
5377010,1.4000,1.2257
5377510,1.4000,1.2177
5378010,1.4000,1.2265
5378510,1.4000,1.2225
5379010,1.4000,1.2241
5379510,1.4000,1.2217
5380010,1.4000,1.2160
5380510,1.4000,1.2015
5381010,1.4000,1.2144
5381510,1.4000,1.2160
5382010,1.4000,1.2233
5382510,1.4000,1.2338
5383010,1.4000,1.2233
5383510,1.4000,1.2112
5384010,1.4000,1.2112
5384510,1.4000,1.2233
5385010,1.4000,1.2225
5385510,1.4000,1.2136
5386010,1.4000,1.2209
5386510,1.4000,1.2080
5387010,1.4000,1.1991
5387510,1.4000,1.2144
5388010,1.4000,1.2177
5388510,1.4000,1.2072
5389010,1.4000,1.2185
5389510,1.4000,1.2249
5390010,1.4000,1.2354
5390510,1.4000,1.2144
5391010,1.4000,1.2144
5391510,1.4000,1.2233
5392010,1.4000,1.2088
5392510,1.4000,1.2249
5393010,1.4000,1.2136
5393510,1.4000,1.2168
5394010,1.4000,1.2225
5394510,1.4000,1.2249
5395010,1.4000,1.2225
5395510,1.4000,1.2152
5396010,1.4000,1.2330
5396510,1.4000,1.2249
5397010,1.4000,1.2112
5397510,1.4000,1.2289
5398010,1.4000,1.2257
5398510,1.4000,1.2168
5399010,1.4000,1.2112
5399510,1.4000,1.2241
5400010,1.4000,1.2144
5400510,1.4000,1.2168
5401010,1.4000,1.2201
5401510,1.4000,1.2249
5402010,1.4000,1.2249
5402510,1.4000,1.2160
5403010,1.4000,1.2193
5403510,1.4000,1.2265
5404010,1.4000,1.2233
5404510,1.4000,1.2249
5405010,1.4000,1.2177
5405510,1.4000,1.2168
5406010,1.4000,1.2241
5406510,1.4000,1.2136
5407010,1.4000,1.2144
5407510,1.4000,1.2104
5408010,1.4000,1.2136
5408510,1.4000,1.1991
5409010,1.4000,1.2048
5409510,1.4000,1.2160
5410010,1.4000,1.2249
5410510,1.4000,1.2265
5411010,1.4000,1.2160
5411510,1.4000,1.2072
5412010,1.4000,1.2257
5412510,1.4000,1.2362
5413010,1.4000,1.2273
5413510,1.4000,1.2160
5414010,1.4000,1.2241
5414510,1.4000,1.2168
5415010,1.4000,1.2322
5415510,1.4000,1.2193
5416010,1.4000,1.2249
5416510,1.4000,1.2209
5417010,1.4000,1.2209
5417510,1.4000,1.2136
5418010,1.4000,1.2233
5418510,1.4000,1.2177
5419010,1.4000,1.2209
5419510,1.4000,1.2177
5420010,1.4000,1.2249
5420510,1.4000,1.2225
5421010,1.4000,1.2209
5421510,1.4000,1.2370
5422010,1.4000,1.2177
5422510,1.4000,1.2112
5423010,1.4000,1.2201
5423510,1.4000,1.2201
5424010,1.4000,1.2160
5424510,1.4000,1.2265
5425010,1.4000,1.2112
5425510,1.4000,1.2112
5426010,1.4000,1.2177
5426510,1.4000,1.2209
5427010,1.4000,1.2128
5427510,1.4000,1.2273
5428010,1.4000,1.2177
5428510,1.4000,1.2209
5429010,1.4000,1.2177
5429510,1.4000,1.2370
5430010,1.4000,1.2160
5430510,1.4000,1.2209
5431010,1.4000,1.2305
5431510,1.4000,1.2273
5432010,1.4000,1.2168
5432510,1.4000,1.2201
5433010,1.4000,1.2136
5433510,1.4000,1.2136
5434010,1.4000,1.2112
5434510,1.4000,1.2249
5435010,1.4000,1.2112
5435510,1.4000,1.2104
5436010,1.4000,1.2209
5436510,1.4000,1.2128
5437010,1.4000,1.2152
5437510,1.4000,1.2160
5438010,1.4000,1.2160
5438510,1.4000,1.2370
5439010,1.4000,1.2201
5439510,1.4000,1.2265
5440010,1.4000,1.2032
5440510,1.4000,1.2241
5441010,1.4000,1.2362
5441510,1.4000,1.2168
5442010,1.4000,1.2209
5442510,1.4000,1.2144
5443010,1.4000,1.2241
5443510,1.4000,1.2273
5444010,1.4000,1.2257
5444510,1.4000,1.2265
5445010,1.4000,1.2120
5445510,1.4000,1.2040
5446010,1.4000,1.2112
5446510,1.4000,1.2112
5447010,1.4000,1.2249
5447510,1.4000,1.2249
5448010,1.4000,1.2144
5448510,1.4000,1.2217
5449010,1.4000,1.2136
5449510,1.4000,1.2168
5450010,1.4000,1.2072
5450510,1.4000,1.2249
5451010,1.4000,1.1975
5451510,1.4000,1.2177
5452010,1.4000,1.2112
5452510,1.4000,1.1935
5453010,1.4000,1.2177
5453510,1.4000,1.2160
5454010,1.4000,1.2225
5454510,1.4000,1.2128
5455010,1.4000,1.2370
5455510,1.4000,1.2370
5456010,1.4000,1.2249
5456510,1.4000,1.2177
5457010,1.4000,1.2233
5457510,1.4000,1.2193
5458010,1.4000,1.2225
5458510,1.4000,1.2233
5459010,1.4000,1.2209
5459510,1.4000,1.2362
5460010,1.4000,1.2249
5460510,1.4000,1.2120
5461010,1.4000,1.2128
5461510,1.4000,1.2144
5462010,1.4000,1.2225
5462510,1.4000,1.2265
5463010,1.4000,1.2112
5463510,1.4000,1.2160
5464010,1.4000,1.2185
5464510,1.4000,1.2281
5465010,1.4000,1.2193
5465510,1.4000,1.2193
5466010,1.4000,1.2249
5466510,1.4000,1.2168
5467010,1.4000,1.2120
5467510,1.4000,1.2225
5468010,1.4000,1.2249
5468510,1.4000,1.2193
5469010,1.4000,1.2209
5469510,1.4000,1.2716
5470010,1.4000,1.2160
5470510,1.4000,1.2144
5471010,1.4000,1.2354
5471510,1.4000,1.2209
5472010,1.4000,1.2233
5472510,1.4000,1.2297
5473010,1.4000,1.2193
5473510,1.4000,1.2144
5474010,1.4000,1.2160
5474510,1.4000,1.2233
5475010,1.4000,1.2160
5475510,1.4000,1.2273
5476010,1.4000,1.2233
5476510,1.4000,1.2128
5477010,1.4000,1.2144
5477510,1.4000,1.2209
5478010,1.4000,1.2201
5478510,1.4000,1.2104
5479010,1.4000,1.2193
5479510,1.4000,1.2241
5480010,1.4000,1.2297
5480510,1.4000,1.2201
5481010,1.4000,1.2144
5481510,1.4000,1.2201
5482010,1.4000,1.2241
5482510,1.4000,1.2209
5483010,1.4000,1.2305
5483510,1.4000,1.2136
5484010,1.4000,1.2233
5484510,1.4000,1.2193
5485010,1.4000,1.2249
5485510,1.4000,1.2015
5486010,1.4000,1.2273
5486510,1.4000,1.2201
5487010,1.4000,1.2177
5487510,1.4000,1.2249
5488010,1.4000,1.2112
5488510,1.4000,1.2322
5489010,1.4000,1.2193
5489510,1.4000,1.2233