timestamp_ms,setpoint_v,sensor_v
0,0.0000,0.7406
500,0.0000,0.7309
1000,0.0000,0.7349
1500,0.0000,0.7301
2000,0.0000,0.7309
2500,0.0000,0.7341
3010,2.1000,0.7688
3510,2.1000,0.7793
4010,2.1000,0.7857
4510,2.1000,0.7607
5010,2.1000,0.7849
5510,2.1000,0.7865
6010,2.1000,0.7833
6510,2.1000,0.7841
7010,2.1000,0.7914
7510,2.1000,0.7825
8010,2.1000,0.7922
8510,2.1000,0.7857
9010,2.1000,0.7632
9510,2.1000,0.7897
10010,2.1000,0.7849
10510,2.1000,0.7857
11010,2.1000,0.7857
11510,2.1000,0.7857
12010,2.1000,0.7865
12510,2.1000,0.8091
13010,2.1000,0.7809
13510,2.1000,0.7817
14010,2.1000,0.7865
14510,2.1000,0.7809
15010,2.1000,0.7881
15510,2.1000,0.7849
16010,2.1000,0.8002
16510,2.1000,0.7841
17010,2.1000,0.7873
17510,2.1000,0.7793
18010,2.1000,0.7865
18510,2.1000,0.7736
19010,2.1000,0.7922
19510,2.1000,0.7865
20010,2.1000,0.7857
20510,2.1000,0.7865
21010,2.1000,0.7954
21510,2.1000,0.7873
22010,2.1000,0.7881
22510,2.1000,0.7849
23010,2.1000,0.7946
23510,2.1000,0.9896
24010,2.1000,1.0081
24510,2.1000,1.0162
25010,2.1000,1.0210
25510,2.1000,1.0017
26010,2.1000,1.0218
26510,2.1000,1.0242
27010,2.1000,1.2144
27510,2.1000,1.1967
28010,2.1000,1.1846
28510,2.1000,1.1935
29010,2.1000,1.2064
29510,2.1000,1.1991
30010,2.1000,1.2015
30510,2.1000,1.1886
31010,2.1000,1.0009
31510,2.1000,1.1991
32010,2.1000,1.2007
32510,2.1000,1.2048
33010,2.1000,1.2080
33510,2.1000,1.2040
34010,2.1000,1.1983
34510,2.1000,1.1919
35010,2.1000,1.2144
35510,2.1000,1.2040
36010,2.1000,1.2136
36510,2.1000,1.2636
37010,2.1000,1.1991
37510,2.1000,1.2048
38010,2.1000,1.2015
38510,2.1000,1.1959
39010,2.1000,1.1999
39510,2.1000,1.2096
40010,2.1000,1.2072
40510,2.1000,1.2048
41010,2.1000,1.1999
41510,2.1000,1.2193
42010,2.1000,1.2080
42510,2.1000,1.2032
43010,2.1000,1.2096
43510,2.1000,1.2104
44010,2.1000,1.2112
44510,2.1000,1.2032
45010,2.1000,1.2080
45510,2.1000,1.2338
46010,2.1000,1.2072
46510,2.1000,1.1991
47010,2.1000,1.1999
47510,2.1000,1.2007
48010,2.1000,1.2040
48510,2.1000,1.2144
49010,2.1000,1.2007
49510,2.1000,1.2048
50010,2.1000,1.2023
50510,2.1000,1.2128
51010,2.1000,1.2088
51510,2.1000,1.2064
52010,2.1000,1.1959
52510,2.1000,1.2104
53010,2.1000,1.2064
53510,2.1000,1.2032
54010,2.1000,1.2080
54510,2.1000,1.2056
55010,2.1000,1.2048
55510,2.1000,1.2120
56010,2.1000,1.2040
56510,2.1000,1.2370
57010,2.1000,1.1991
57510,2.1000,1.2104
58010,2.1000,1.2088
58510,2.1000,1.2112
59010,2.1000,1.2080
59510,2.1000,1.2048
60010,2.1000,1.2064
60510,2.1000,1.2072
61010,2.1000,1.2064
61510,2.1000,1.2056
62010,2.1000,1.2096
62510,2.1000,1.2096
63010,2.1000,1.2080
63510,2.1000,1.2015
64010,2.1000,1.2040
64510,2.1000,1.2096
65010,2.1000,1.2249
65510,2.1000,1.2048
66010,2.1000,1.2064
66510,2.1000,1.2040
67010,2.1000,1.2128
67510,2.1000,1.2023
68010,2.1000,1.2080
68510,2.1000,1.2096
69010,2.1000,1.1999
69510,2.1000,1.1991
70010,2.1000,1.1999
70510,2.1000,1.2273
71010,2.1000,1.2201
71510,2.1000,1.2193
72010,2.1000,1.0130
72510,2.1000,1.0444
73010,2.1000,1.0339
73510,2.1000,1.0323
74010,2.1000,0.9872
74510,2.1000,1.0331
75010,2.1000,1.0404
75510,2.1000,1.0331
76010,2.1000,1.0363
76510,2.1000,1.0307
77010,2.1000,1.0299
77510,2.1000,1.0315
78010,2.1000,1.0331
78510,2.1000,1.0259
79010,2.1000,1.0242
79510,2.1000,1.0307
80010,2.1000,1.0347
80510,2.1000,1.0331
81010,2.1000,1.0404
81510,2.1000,1.0291
82010,2.1000,1.0315
82510,2.1000,1.0234
83010,2.1000,1.0267
83510,2.1000,1.0307
84010,2.1000,1.0444
84510,2.1000,1.0291
85010,2.1000,1.0242
85510,2.1000,1.0323
86010,2.1000,1.0444
86510,2.1000,1.0275
87010,2.1000,1.0267
87510,2.1000,1.0267
88010,2.1000,1.0146
88510,2.1000,1.0355
89010,2.1000,1.0339
89510,2.1000,1.0315
90010,2.1000,1.0234
90510,2.1000,1.0371
91010,2.1000,1.0388
91510,2.1000,1.0355
92010,2.1000,1.0452
92510,2.1000,1.0428
93010,2.1000,1.0210
93510,2.1000,1.0404
94010,2.1000,0.9719
94510,2.1000,0.9686
95010,2.1000,1.0404
95510,2.1000,1.0420
96010,2.1000,1.0323
96510,2.1000,1.0299
97010,2.1000,1.0339
97510,2.1000,1.0396
98010,2.1000,1.0388
98510,2.1000,1.0347
99010,2.1000,1.0371
99510,2.1000,1.0355
100010,2.1000,1.0371
100510,2.1000,1.0444
101010,2.1000,1.0355
101510,2.1000,1.0307
102010,2.1000,1.0412
102510,2.1000,1.0363
103010,2.1000,1.0388
103510,2.1000,1.0291
104010,2.1000,1.0323
104510,2.1000,1.0355
105010,2.1000,1.0331
105510,2.1000,1.0436
106010,2.1000,1.0339
106510,2.1000,1.0597
107010,2.1000,1.0363
107510,2.1000,1.0500
108010,2.1000,1.0363
108510,2.1000,1.0412
109010,2.1000,1.0363
109510,2.1000,1.0420
110010,2.1000,1.0396
110510,2.1000,1.0307
111010,2.1000,1.0404
111510,2.1000,1.0436
112010,2.1000,1.0363
112510,2.1000,1.0355
113010,2.1000,1.0388
113510,2.1000,1.0371
114010,2.1000,1.0404
114510,2.1000,1.0444
115010,2.1000,1.0420
115510,2.1000,1.0323
116010,2.1000,1.0452
116510,2.1000,1.0444
117010,2.1000,1.0452
117510,2.1000,1.0315
118010,2.1000,1.0396
118510,2.1000,1.0315
119010,2.1000,1.0388
119510,2.1000,1.0420
120010,2.1000,1.0452
120510,2.1000,0.9856
121010,2.1000,1.0404
121510,2.1000,1.0371
122010,2.1000,1.0468
122510,2.1000,1.0371
123010,2.1000,1.0363
123510,2.1000,1.0492
124010,2.1000,1.0404
124510,2.1000,1.0500
125010,2.1000,1.0323
125510,2.1000,1.0565
126010,2.1000,1.0404
126510,2.1000,1.0291
127010,2.1000,1.0500
127510,2.1000,1.0371
128010,2.1000,1.0444
128510,2.1000,1.0436
129010,2.1000,1.0420
129510,2.1000,1.0452
130010,2.1000,1.0428
130510,2.1000,1.0331
131010,2.1000,1.0436
131510,2.1000,1.0444
132010,2.1000,1.0444
132510,2.1000,1.0468
133010,2.1000,1.0525
133510,2.1000,1.0452
134010,2.1000,1.0573
134510,2.1000,1.0468
135010,2.1000,1.0444
135510,2.1000,1.0460
136010,2.1000,1.0444
136510,2.1000,1.0363
137010,2.1000,1.0452
137510,2.1000,0.9872
138010,2.1000,1.1475
138510,2.1000,1.1016
139010,2.1000,1.0992
139510,2.1000,1.0936
140010,2.1000,1.0952
140510,2.1000,1.0782
141010,2.1000,1.0742
141510,2.1000,1.0831
142010,2.1000,1.0799
142510,2.1000,1.0839
143010,2.1000,1.0815
143510,2.1000,1.0831
144010,2.1000,1.0782
144510,2.1000,1.0790
145010,2.1000,1.0726
145510,2.1000,1.0678
146010,2.1000,1.0823
146510,2.1000,1.0670
147010,2.1000,1.0549
147510,2.1000,1.0605
148010,2.1000,1.0694
148510,2.1000,1.0589
149010,2.1000,1.0573
149510,2.1000,1.0581
150010,2.1000,1.0589
150510,2.1000,1.0605
151010,2.1000,1.0533
151510,2.1000,1.0541
152010,2.1000,1.0573
152510,2.1000,1.0686
153010,2.1000,1.0492
153510,2.1000,1.0645
154010,2.1000,1.0557
154510,2.1000,1.0589
155010,2.1000,1.0484
155510,2.1000,1.0694
156010,2.1000,1.0686
156510,2.1000,1.0613
157010,2.1000,1.0573
157510,2.1000,1.0589
158010,2.1000,1.0525
158510,2.1000,1.0597
159010,2.1000,1.0549
159510,2.1000,1.0565
160010,2.1000,1.0581
160510,2.1000,1.0589
161010,2.1000,1.0605
161510,2.1000,1.0589
162010,2.1000,1.0533
162510,2.1000,1.0533
163010,2.1000,1.0533
163510,2.1000,1.0549
164010,2.1000,1.0500
164510,2.1000,1.0565
165010,2.1000,1.0533
165510,2.1000,1.0629
166010,2.1000,1.0621
166510,2.1000,1.0702
167010,2.1000,1.0468
167510,2.1000,1.0573
168010,2.1000,1.0234
168510,2.1000,1.0484
169010,2.1000,1.0686
169510,2.1000,1.0662
170010,2.1000,1.0613
170510,2.1000,1.0742
171010,2.1000,1.0653
171510,2.1000,1.0686
172010,2.1000,1.0726
172510,2.1000,1.0613
173010,2.1000,1.0565
173510,2.1000,1.0662
174010,2.1000,1.0645
174510,2.1000,1.0694
175010,2.1000,1.0565
175510,2.1000,1.0653
176010,2.1000,1.0694
176510,2.1000,1.0662
177010,2.1000,1.0678
177510,2.1000,1.0597
178010,2.1000,1.0629
178510,2.1000,1.0597
179010,2.1000,1.0653
179510,2.1000,1.0621
180010,2.1000,1.0613
180510,2.1000,1.0686
181010,2.1000,1.0597
181510,2.1000,1.0613
182010,2.1000,1.0589
182510,2.1000,1.0653
183010,2.1000,1.0662
183510,2.1000,1.0645
184010,2.1000,1.0355
184510,2.1000,1.0847
185010,2.1000,1.0589
185510,2.1000,1.0613
186010,2.1000,1.0726
186510,2.1000,1.0597
187010,2.1000,1.0662
187510,2.1000,1.0678
188010,2.1000,1.0533
188510,2.1000,1.0686
189010,2.1000,1.0662
189510,2.1000,1.0597
190010,2.1000,1.0621
190510,2.1000,1.0629
191010,2.1000,1.0678
191510,2.1000,1.0629
192010,2.1000,1.0694
192510,2.1000,1.0597
193010,2.1000,1.0653
193510,2.1000,1.0629
194010,2.1000,1.0670
194510,2.1000,1.0500
195010,2.1000,1.0573
195510,2.1000,1.0637
196010,2.1000,1.0581
196510,2.1000,1.0645
197010,2.1000,1.0597
197510,2.1000,1.0694
198010,2.1000,1.0645
198510,2.1000,1.0629
199010,2.1000,1.0686
199510,2.1000,1.0597
200010,2.1000,1.0662
200510,2.1000,1.0565
201010,2.1000,1.0686
201510,2.1000,1.0678
202010,2.1000,1.0670
202510,2.1000,1.0645
203010,2.1000,1.0605
203510,2.1000,1.0629
204010,2.1000,1.0653
204510,2.1000,1.0742
205010,2.1000,1.0726
205510,2.1000,1.0702
206010,2.1000,1.0678
206510,2.1000,1.0823
207010,2.1000,1.0823
207510,2.1000,1.0662
208010,2.1000,1.0694
208510,2.1000,1.0613
209010,2.1000,1.0678
209510,2.1000,1.0718
210010,2.1000,1.0702
210510,2.1000,1.0629
211010,2.1000,1.0662
211510,2.1000,1.0718
212010,2.1000,1.0726
212510,2.1000,1.0726
213010,2.1000,1.0702
213510,2.1000,1.0702
214010,2.1000,1.0686
214510,2.1000,1.0678
215010,2.1000,1.0855
215510,2.1000,1.0500
216010,2.1000,1.0662
216510,2.1000,1.0702
217010,2.1000,1.0726
217510,2.1000,1.0597
218010,2.1000,1.0662
218510,2.1000,1.0702
219010,2.1000,1.0702
219510,2.1000,1.0678
220010,2.1000,1.0597
220510,2.1000,1.0758
221010,2.1000,1.0702
221510,2.1000,1.0662
222010,2.1000,1.0718
222510,2.1000,1.0782
223010,2.1000,1.0678
223510,2.1000,1.0686
224010,2.1000,1.0702
224510,2.1000,1.0694
225010,2.1000,1.0694
225510,2.1000,1.0831
226010,2.1000,1.0653
226510,2.1000,1.0686
227010,2.1000,1.0702
227510,2.1000,1.0686
228010,2.1000,1.0726
228510,2.1000,1.0589
229010,2.1000,1.0589
229510,2.1000,1.0702
230010,2.1000,1.0686
230510,2.1000,1.0645
231010,2.1000,1.0702
231510,2.1000,1.0782
232010,2.1000,1.0702
232510,2.1000,1.0734
233010,2.1000,1.0702
233510,2.1000,1.0702
234010,2.1000,1.0678
234510,2.1000,1.0702
235010,2.1000,1.0758
235510,2.1000,1.0750
236010,2.1000,1.0444
236510,2.1000,1.0557
237010,2.1000,1.0710
237510,2.1000,1.0694
238010,2.1000,1.0662
238510,2.1000,1.0734
239010,2.1000,1.0710
239510,2.1000,1.0710
240010,2.1000,1.0782
240510,2.1000,1.0903
241010,2.1000,1.0694
241510,2.1000,1.0726
242010,2.1000,1.0823
242510,2.1000,1.0750
243010,2.1000,1.0823
243510,2.1000,1.0702
244010,2.1000,1.0807
244510,2.1000,1.0726
245010,2.1000,1.0694
245510,2.1000,1.0742
246010,2.1000,1.0831
246510,2.1000,1.0782
247010,2.1000,1.0750
247510,2.1000,1.0726
248010,2.1000,1.0678
248510,2.1000,1.0726
249010,2.1000,1.0758
249510,2.1000,1.0831
250010,2.1000,1.0823
250510,2.1000,1.0823
251010,2.1000,1.0911
251510,2.1000,1.0750
252010,2.1000,1.0774
252510,2.1000,1.0839
253010,2.1000,1.0670
253510,2.1000,1.0774
254010,2.1000,1.0855
254510,2.1000,1.0944
255010,2.1000,1.0815
255510,2.1000,1.0839
256010,2.1000,1.0831
256510,2.1000,1.0976
257010,2.1000,1.0774
257510,2.1000,1.0831
258010,2.1000,1.0847
258510,2.1000,1.0871
259010,2.1000,1.0879
259510,2.1000,1.0847
260010,2.1000,1.0815
260510,2.1000,1.0984
261010,2.1000,1.0782
261510,2.1000,1.0863
262010,2.1000,1.0839
262510,2.1000,1.0855
263010,2.1000,1.0863
263510,2.1000,1.0919
264010,2.1000,1.0911
264510,2.1000,1.0839
265010,2.1000,1.0960
265510,2.1000,1.0879
266010,2.1000,1.0887
266510,2.1000,1.0863
267010,2.1000,1.0944
267510,2.1000,1.0799
268010,2.1000,1.0976
268510,2.1000,1.0960
269010,2.1000,1.0952
269510,2.1000,1.0879
270010,2.1000,1.0927
270510,2.1000,1.0944
271010,2.1000,1.0976
271510,2.1000,1.0960
272010,2.1000,1.0774
272510,2.1000,1.0936
273010,2.1000,1.0976
273510,2.1000,1.0919
274010,2.1000,1.0960
274510,2.1000,1.0960
275010,2.1000,1.0960
275510,2.1000,1.1145
276010,2.1000,1.0895
276510,2.1000,1.1000
277010,2.1000,1.0944
277510,2.1000,1.0936
278010,2.1000,1.0960
278510,2.1000,1.1016
279010,2.1000,1.0960
279510,2.1000,1.1073
280010,2.1000,1.0887
280510,2.1000,1.0976
281010,2.1000,1.0903
281510,2.1000,1.0960
282010,2.1000,1.1113
282510,2.1000,1.1000
283010,2.1000,1.0911
283510,2.1000,1.0960
284010,2.1000,1.0960
284510,2.1000,1.0960
285010,2.1000,1.0936
285510,2.1000,1.1145
286010,2.1000,1.0944
286510,2.1000,1.0984
287010,2.1000,1.0976
287510,2.1000,1.1081
288010,2.1000,1.0960
288510,2.1000,1.1032
289010,2.1000,1.1040
289510,2.1000,1.0976
290010,2.1000,1.0960
290510,2.1000,1.1024
291010,2.1000,1.0992
291510,2.1000,1.1008
292010,2.1000,1.1032
292510,2.1000,1.1105
293010,2.1000,1.1008
293510,2.1000,1.1008
294010,2.1000,1.1089
294510,2.1000,1.0976
295010,2.1000,1.1000
295510,2.1000,1.1097
296010,2.1000,1.0984
296510,2.1000,1.1097
297010,2.1000,1.1064
297510,2.1000,1.1000
298010,2.1000,1.0952
298510,2.1000,1.0968
299010,2.1000,1.1008
299510,2.1000,1.1048
300010,2.1000,1.1113
300510,2.1000,1.1048
301010,2.1000,1.1024
301510,2.1000,1.1097
302010,2.1000,1.1105
302510,2.1000,1.1056
303010,2.1000,1.1129
303510,2.1000,1.0960
304010,2.1000,1.1064
304510,2.1000,1.1032
305010,2.1000,1.1089
305510,2.1000,1.1032
306010,2.1000,1.0960
306510,2.1000,1.1056
307010,2.1000,1.1210
307510,2.1000,1.1081
308010,2.1000,1.1113
308510,2.1000,1.0911
309010,2.1000,1.1081
309510,2.1000,1.1081
310010,2.1000,1.1113
310510,2.1000,1.1137
311010,2.1000,1.1145
311510,2.1000,1.1169
312010,2.1000,1.1121
312510,2.1000,1.1097
313010,2.1000,1.1097
313510,2.1000,1.1145
314010,2.1000,1.1089
314510,2.1000,1.1185
315010,2.1000,1.1113
315510,2.1000,1.1089
316010,2.1000,1.1193
316510,2.1000,1.1081
317010,2.1000,1.1113
317510,2.1000,1.1105
318010,2.1000,1.1081
318510,2.1000,1.1226
319010,2.1000,1.1193
319510,2.1000,1.1137
320010,2.1000,1.1234
320510,2.1000,1.1193
321010,2.1000,1.1242
321510,2.1000,1.1218
322010,2.1000,1.1226
322510,2.1000,1.1113
323010,2.1000,1.1097
323510,2.1000,1.1210
324010,2.1000,1.1218
324510,2.1000,1.1218
325010,2.1000,1.1226
325510,2.1000,1.1210
326010,2.1000,1.1234
326510,2.1000,1.1193
327010,2.1000,1.1242
327510,2.1000,1.1274
328010,2.1000,1.1218
328510,2.1000,1.1338
329010,2.1000,1.1338
329510,2.1000,1.1322
330010,2.1000,1.1330
330510,2.1000,1.1234
331010,2.1000,1.1274
331510,2.1000,1.1210
332010,2.1000,1.1218
332510,2.1000,1.1395
333010,2.1000,1.1242
333510,2.1000,1.1258
334010,2.1000,1.1218
334510,2.1000,1.1218
335010,2.1000,1.1210
335510,2.1000,1.1201
336010,2.1000,1.1459
336510,2.1000,1.1355
337010,2.1000,1.1274
337510,2.1000,1.1218
338010,2.1000,1.1218
338510,2.1000,1.1226
339010,2.1000,1.1459
339510,2.1000,1.1298
340010,2.1000,1.1347
340510,2.1000,1.1604
341010,2.1000,1.1306
341510,2.1000,1.1250
342010,2.1000,1.1322
342510,2.1000,1.1387
343010,2.1000,1.1774
343510,2.1000,1.1266
344010,2.1000,1.1234
344510,2.1000,1.1387
345010,2.1000,1.1355
345510,2.1000,1.1347
346010,2.1000,1.1226
346510,2.1000,1.1403
347010,2.1000,1.1355
347510,2.1000,1.1322
348010,2.1000,1.1242
348510,2.1000,1.1298
349010,2.1000,1.1274
349510,2.1000,1.1363
350010,2.1000,1.1290
350510,2.1000,1.1492
351010,2.1000,1.1475
351510,2.1000,1.1355
352010,2.1000,1.1347
352510,2.1000,1.1314
353010,2.1000,1.1419
353510,2.1000,1.1306
354010,2.1000,1.1338
354510,2.1000,1.1451
355010,2.1000,1.1371
355510,2.1000,1.1387
356010,2.1000,1.1355
356510,2.1000,1.1395
357010,2.1000,1.1322
357510,2.1000,1.1403
358010,2.1000,1.1347
358510,2.1000,1.1355
359010,2.1000,1.1419
359510,2.1000,1.1347
360010,2.1000,1.1338
360510,2.1000,1.1355
361010,2.1000,1.1258
361510,2.1000,1.1435
362010,2.1000,1.1403
362510,2.1000,1.1379
363010,2.1000,1.1435
363510,2.1000,1.1459
364010,2.1000,1.1427
364510,2.1000,1.1338
365010,2.1000,1.1516
365510,2.1000,1.1306
366010,2.1000,1.1475
366510,2.1000,1.1467
367010,2.1000,1.1500
367510,2.1000,1.1459
368010,2.1000,1.1475
368510,2.1000,1.1484
369010,2.1000,1.1532
369510,2.1000,1.1435
370010,2.1000,1.1475
370510,2.1000,1.1484
371010,2.1000,1.1516
371510,2.1000,1.1524
372010,2.1000,1.1862
372510,2.1000,1.1548
373010,2.1000,1.1524
373510,2.1000,1.1395
374010,2.1000,1.1475
374510,2.1000,1.1475
375010,2.1000,1.1435
375510,2.1000,1.1556
376010,2.1000,1.1419
376510,2.1000,1.1484
377010,2.1000,1.1492
377510,2.1000,1.1475
378010,2.1000,1.1451
378510,2.1000,1.1475
379010,2.1000,1.1484
379510,2.1000,1.1500
380010,2.1000,1.1475
380510,2.1000,1.1475
381010,2.1000,1.1500
381510,2.1000,1.1475
382010,2.1000,1.1548
382510,2.1000,1.1588
383010,2.1000,1.1475
383510,2.1000,1.1564
384010,2.1000,1.1564
384510,2.1000,1.1516
385010,2.1000,1.1604
385510,2.1000,1.1532
386010,2.1000,1.1572
386510,2.1000,1.1443
387010,2.1000,1.1564
387510,2.1000,1.1524
388010,2.1000,1.1532
388510,2.1000,1.1580
389010,2.1000,1.1556
389510,2.1000,1.1532
390010,2.1000,1.1621
390510,2.1000,1.1596
391010,2.1000,1.1685
391510,2.1000,1.1492
392010,2.1000,1.1564
392510,2.1000,1.1604
393010,2.1000,1.1588
393510,2.1000,1.1653
394010,2.1000,1.1596
394510,2.1000,1.1621
395010,2.1000,1.1596
395510,2.1000,1.1677
396010,2.1000,1.1580
396510,2.1000,1.1588
397010,2.1000,1.1612
397510,2.1000,1.1709
398010,2.1000,1.1645
398510,2.1000,1.1604
399010,2.1000,1.1387
399510,2.1000,1.1532
400010,2.1000,1.1838
400510,2.1000,1.1709
401010,2.1000,1.1645
401510,2.1000,1.1733
402010,2.1000,1.1588
402510,2.1000,1.1532
403010,2.1000,1.1701
403510,2.1000,1.1661
404010,2.1000,1.1661
404510,2.1000,1.1661
405010,2.1000,1.1580
405510,2.1000,1.1653
406010,2.1000,1.1830
406510,2.1000,1.1685
407010,2.1000,1.1403
407510,2.1000,1.1733
408010,2.1000,1.1693
408510,2.1000,1.1709
409010,2.1000,1.1709
409510,2.1000,1.1733
410010,2.1000,1.1709
410510,2.1000,1.1621
411010,2.1000,1.1612
411510,2.1000,1.1717
412010,2.1000,1.1693
412510,2.1000,1.1733
413010,2.1000,1.1693
413510,2.1000,1.1661
414010,2.1000,1.1758
414510,2.1000,1.1717
415010,2.1000,1.1629
415510,2.1000,1.1782
416010,2.1000,1.1709
416510,2.1000,1.1645
417010,2.1000,1.1661
417510,2.1000,1.1733
418010,2.1000,1.1733
418510,2.1000,1.1749
419010,2.1000,1.1733
419510,2.1000,1.1693
420010,2.1000,1.1758
420510,2.1000,1.1725
421010,2.1000,1.1733
421510,2.1000,1.1725
422010,2.1000,1.1733
422510,2.1000,1.1822
423010,2.1000,1.1701
423510,2.1000,1.1749
424010,2.1000,1.1749
424510,2.1000,1.1774
425010,2.1000,1.1774
425510,2.1000,1.1733
426010,2.1000,1.1862
426510,2.1000,1.1749
427010,2.1000,1.1749
427510,2.1000,1.1733
428010,2.1000,1.1822
428510,2.1000,1.1733
429010,2.1000,1.1701
429510,2.1000,1.1830
430010,2.1000,1.1733
430510,2.1000,1.1766
431010,2.1000,1.1758
431510,2.1000,1.1774
432010,2.1000,1.1814
432510,2.1000,1.1733
433010,2.1000,1.1862
433510,2.1000,1.1782
434010,2.1000,1.1749
434510,2.1000,1.1806
435010,2.1000,1.1846
435510,2.1000,1.1862
436010,2.1000,1.1854
436510,2.1000,1.1862
437010,2.1000,1.1806
437510,2.1000,1.1854
438010,2.1000,1.1846
438510,2.1000,1.1943
439010,2.1000,1.1878
439510,2.1000,1.1838
440010,2.1000,1.1862
440510,2.1000,1.1830
441010,2.1000,1.1830
441510,2.1000,1.1846
442010,2.1000,1.1814
442510,2.1000,1.1886
443010,2.1000,1.1862
443510,2.1000,1.1822
444010,2.1000,1.1854
444510,2.1000,1.1862
445010,2.1000,1.1733
445510,2.1000,1.1830
446010,2.1000,1.1846
446510,2.1000,1.1814
447010,2.1000,1.1870
447510,2.1000,1.1774
448010,2.1000,1.1790
448510,2.1000,1.1983
449010,2.1000,1.1838
449510,2.1000,1.2015
450010,2.1000,1.1870
450510,2.1000,1.1903
451010,2.1000,1.1878
451510,2.1000,1.1846
452010,2.1000,1.1967
452510,2.1000,1.1870
453010,2.1000,1.1886
453510,2.1000,1.1903
454010,2.1000,1.1782
454510,2.1000,1.1991
455010,2.1000,1.1838
455510,2.1000,1.1886
456010,2.1000,1.1959
456510,2.1000,1.1919
457010,2.1000,1.1733
457510,2.1000,1.1725
458010,2.1000,1.1991
458510,2.1000,1.1951
459010,2.1000,1.1903
459510,2.1000,1.1919
460010,2.1000,1.1878
460510,2.1000,1.1903
461010,2.1000,1.1919
461510,2.1000,1.1854
462010,2.1000,1.1967
462510,2.1000,1.1967
463010,2.1000,1.1911
463510,2.1000,1.1951
464010,2.1000,1.1983
464510,2.1000,1.1878
465010,2.1000,1.1911
465510,2.1000,1.1862
466010,2.1000,1.2064
466510,2.1000,1.2015
467010,2.1000,1.1975
467510,2.1000,1.1935
468010,2.1000,1.1991
468510,2.1000,1.1983
469010,2.1000,1.2007
469510,2.1000,1.2048
470010,2.1000,1.2032
470510,2.1000,1.1991
471010,2.1000,1.2048
471510,2.1000,1.2048
472010,2.1000,1.2032
472510,2.1000,1.1967
473010,2.1000,1.2048
473510,2.1000,1.1862
474010,2.1000,1.1991
474510,2.1000,1.1991
475010,2.1000,1.1991
475510,2.1000,1.1991
476010,2.1000,1.2023
476510,2.1000,1.2015
477010,2.1000,1.2048
477510,2.1000,1.2048
478010,2.1000,1.2023
478510,2.1000,1.1991
479010,2.1000,1.2080
479510,2.1000,1.1991
480010,2.1000,1.2217
480510,2.1000,1.1999
481010,2.1000,1.2040
481510,2.1000,1.2023
482010,2.1000,1.2040
482510,2.1000,1.2112
483010,2.1000,1.2072
483510,2.1000,1.2193
484010,2.1000,1.2072
484510,2.1000,1.2023
485010,2.1000,1.2048
485510,2.1000,1.2096
486010,2.1000,1.2096
486510,2.1000,1.2007
487010,2.1000,1.2120
487510,2.1000,1.2144
488010,2.1000,1.2015
488510,2.1000,1.2080
489010,2.1000,1.2104
489510,2.1000,1.2088
490010,2.1000,1.2080
490510,2.1000,1.2096
491010,2.1000,1.2015
491510,2.1000,1.2112
492010,2.1000,1.2080
492510,2.1000,1.2209
493010,2.1000,1.2096
493510,2.1000,1.2096
494010,2.1000,1.2144
494510,2.1000,1.2096
495010,2.1000,1.1991
495510,2.1000,1.2104
496010,2.1000,1.2370
496510,2.1000,1.2096
497010,2.1000,1.2096
497510,2.1000,1.2080
498010,2.1000,1.1991
498510,2.1000,1.2177
499010,2.1000,1.2177
499510,2.1000,1.1967
500010,2.1000,1.2209
500510,2.1000,1.1943
501010,2.1000,1.2136
501510,2.1000,1.2225
502010,2.1000,1.2160
502510,2.1000,1.2160
503010,2.1000,1.2201
503510,2.1000,1.2015
504010,2.1000,1.2249
504510,2.1000,1.2096
505010,2.1000,1.2112
505510,2.1000,1.2209
506010,2.1000,1.2217
506510,2.1000,1.1919
507010,2.1000,1.2209
507510,2.1000,1.1862
508010,2.1000,1.2249
508510,2.1000,1.2249
509010,2.1000,1.2209
509510,2.1000,1.2330
510010,2.1000,1.2177
510510,2.1000,1.2225
511010,2.1000,1.2249
511510,2.1000,1.2209
512010,2.1000,1.2249
512510,2.1000,1.2249
513010,2.1000,1.2177
513510,2.1000,1.2168
514010,2.1000,1.2241
514510,2.1000,1.2225
515010,2.1000,1.2233
515510,2.1000,1.2193
516010,2.1000,1.2297
516510,2.1000,1.2104
517010,2.1000,1.2136
517510,2.1000,1.2193
518010,2.1000,1.2249
518510,2.1000,1.2201
519010,2.1000,1.2201
519510,2.1000,1.2225
520010,2.1000,1.2289
520510,2.1000,1.2144
521010,2.1000,1.2273
521510,2.1000,1.2048
522010,2.1000,1.2249
522510,2.1000,1.2193
523010,2.1000,1.2362
523510,2.1000,1.2249
524010,2.1000,1.2305
524510,2.1000,1.2370
525010,2.1000,1.2338
525510,2.1000,1.2104
526010,2.1000,1.2249
526510,2.1000,1.2096
527010,2.1000,1.2297
527510,2.1000,1.2257
528010,2.1000,1.2289
528510,2.1000,1.2217
529010,2.1000,1.2289
529510,2.1000,1.2330
530010,2.1000,1.2265
530510,2.1000,1.2185
531010,2.1000,1.2273
531510,2.1000,1.2249
532010,2.1000,1.2297
532510,2.1000,1.2257
533010,2.1000,1.2354
533510,2.1000,1.2249
534010,2.1000,1.2370
534510,2.1000,1.2338
535010,2.1000,1.2305
535510,2.1000,1.2305
536010,2.1000,1.2120
536510,2.1000,1.2370
537010,2.1000,1.2322
537510,2.1000,1.2209
538010,2.1000,1.2338
538510,2.1000,1.2257
539010,2.1000,1.2322
539510,2.1000,1.2370
540010,2.1000,1.2322
540510,2.1000,1.2289
541010,2.1000,1.2265
541510,2.1000,1.2370
542010,2.1000,1.2370
542510,2.1000,1.2322
543010,2.1000,1.2297
543510,2.1000,1.2370
544010,2.1000,1.2338
544510,2.1000,1.2547
545010,2.1000,1.2338
545510,2.1000,1.2322
546010,2.1000,1.2370
546510,2.1000,1.2370
547010,2.1000,1.2370
547510,2.1000,1.2370
548010,2.1000,1.2362
548510,2.1000,1.2330
549010,2.1000,1.2370
549510,2.1000,1.2362
550010,2.1000,1.2370
550510,2.1000,1.2370
551010,2.1000,1.2338
551510,2.1000,1.2370
552010,2.1000,1.2523
552510,2.1000,1.2370
553010,2.1000,1.2370
553510,2.1000,1.2370
554010,2.1000,1.2346
554510,2.1000,1.2330
555010,2.1000,1.2370
555510,2.1000,1.2370
556010,2.1000,1.2265
556510,2.1000,1.2370
557010,2.1000,1.2370
557510,2.1000,1.2322
558010,2.1000,1.2370
558510,2.1000,1.2370
559010,2.1000,1.2370
559510,2.1000,1.2370
560010,2.1000,1.2370
560510,2.1000,1.2370
561010,2.1000,1.2354
561510,2.1000,1.2370
562010,2.1000,1.2370
562510,2.1000,1.2700
563010,2.1000,1.2370
563510,2.1000,1.2370
564010,2.1000,1.2370
564510,2.1000,1.2370
565010,2.1000,1.2370
565510,2.1000,1.2515
566010,2.1000,1.2370
566510,2.1000,1.2370
567010,2.1000,1.2370
567510,2.1000,1.2370
568010,2.1000,1.2370
568510,2.1000,1.2257
569010,2.1000,1.2531
569510,2.1000,1.2588
570010,2.1000,1.2499
570510,2.1000,1.2531
571010,2.1000,1.2523
571510,2.1000,1.2370
572010,2.1000,1.2523
572510,2.1000,1.2370
573010,2.1000,1.2338
573510,2.1000,1.2370
574010,2.1000,1.2563
574510,2.1000,1.2370
575010,2.1000,1.2370
575510,2.1000,1.2539
576010,2.1000,1.2370
576510,2.1000,1.2370
577010,2.1000,1.2676
577510,2.1000,1.2555
578010,2.1000,1.2620
578510,2.1000,1.2563
579010,2.1000,1.2563
579510,2.1000,1.2563
580010,2.1000,1.2579
580510,2.1000,1.2644
581010,2.1000,1.2547
581510,2.1000,1.2596
582010,2.1000,1.2370
582510,2.1000,1.2370
583010,2.1000,1.2612
583510,2.1000,1.2523
584010,2.1000,1.2676
584510,2.1000,1.2636
585010,2.1000,1.2370
585510,2.1000,1.2201
586010,2.1000,1.2555
586510,2.1000,1.2563
587010,2.1000,1.2579
587510,2.1000,1.2620
588010,2.1000,1.2547
588510,2.1000,1.2620
589010,2.1000,1.2579
589510,2.1000,1.2636
590010,2.1000,1.2628
590510,2.1000,1.2588
591010,2.1000,1.2644
591510,2.1000,1.2628
592010,2.1000,1.2636
592510,2.1000,1.2588
593010,2.1000,1.2636
593510,2.1000,1.2620
594010,2.1000,1.2523
594510,2.1000,1.2620
595010,2.1000,1.2652
595510,2.1000,1.2579
596010,2.1000,1.2612
596510,2.1000,1.2579
597010,2.1000,1.2636
597510,2.1000,1.2612
598010,2.1000,1.2596
598510,2.1000,1.2652
599010,2.1000,1.2668
599510,2.1000,1.2644
600010,2.1000,1.2660
600510,2.1000,1.2579
601010,2.1000,1.2676
601510,2.1000,1.2660
602010,2.1000,1.2620
602510,2.1000,1.2894
603010,2.1000,1.2628
603510,2.1000,1.2596
604010,2.1000,1.2612
604510,2.1000,1.2636
605010,2.1000,1.2652
605510,2.1000,1.2660
606010,2.1000,1.2733
606510,2.1000,1.2676
607010,2.1000,1.2692
607510,2.1000,1.2716
608010,2.1000,1.2684
608510,2.1000,1.2692
609010,2.1000,1.2636
609510,2.1000,1.2676
610010,2.1000,1.2644
610510,2.1000,1.2684
611010,2.1000,1.2741
611510,2.1000,1.2588
612010,2.1000,1.2692
612510,2.1000,1.2821
613010,2.1000,1.2765
613510,2.1000,1.2716
614010,2.1000,1.2628
614510,2.1000,1.2620
615010,2.1000,1.2692
615510,2.1000,1.2757
616010,2.1000,1.2765
616510,2.1000,1.2507
617010,2.1000,1.2765
617510,2.1000,1.2716
618010,2.1000,1.2781
618510,2.1000,1.2741
619010,2.1000,1.2781
619510,2.1000,1.2660
620010,2.1000,1.2781
620510,2.1000,1.2765
621010,2.1000,1.2749
621510,2.1000,1.2684
622010,2.1000,1.2805
622510,2.1000,1.2741
623010,2.1000,1.2805
623510,2.1000,1.2837
624010,2.1000,1.2765
624510,2.1000,1.2765
625010,2.1000,1.2773
625510,2.1000,1.2716
626010,2.1000,1.2765
626510,2.1000,1.2813
627010,2.1000,1.2765
627510,2.1000,1.2684
628010,2.1000,1.2765
628510,2.1000,1.2805
629010,2.1000,1.2805
629510,2.1000,1.2757
630010,2.1000,1.3023
630510,2.1000,1.2845
631010,2.1000,1.2789
631510,2.1000,1.2716
632010,2.1000,1.2853
632510,2.1000,1.2797
633010,2.1000,1.2781
633510,2.1000,1.2636
634010,2.1000,1.2813
634510,2.1000,1.2942
635010,2.1000,1.3023
635510,2.1000,1.2845
636010,2.1000,1.2789
636510,2.1000,1.2781
637010,2.1000,1.2773
637510,2.1000,1.2845
638010,2.1000,1.2878
638510,2.1000,1.2781
639010,2.1000,1.2773
639510,2.1000,1.2805
640010,2.1000,1.2950
640510,2.1000,1.2813
641010,2.1000,1.2781
641510,2.1000,1.3047
642010,2.1000,1.2821
642510,2.1000,1.2604
643010,2.1000,1.2878
643510,2.1000,1.2765
644010,2.1000,1.2660
644510,2.1000,1.2741
645010,2.1000,1.2934
645510,2.1000,1.2870
646010,2.1000,1.2821
646510,2.1000,1.2853
647010,2.1000,1.2773
647510,2.1000,1.2894
648010,2.1000,1.2870
648510,2.1000,1.2878
649010,2.1000,1.2773
649510,2.1000,1.2829
650010,2.1000,1.2821
650510,2.1000,1.2789
651010,2.1000,1.2813
651510,2.1000,1.2894
652010,2.1000,1.2813
652510,2.1000,1.2821
653010,2.1000,1.2813
653510,2.1000,1.2652
654010,2.1000,1.2845
654510,2.1000,1.2837
655010,2.1000,1.2862
655510,2.1000,1.2757
656010,2.1000,1.2974
656510,2.1000,1.2878
657010,2.1000,1.2894
657510,2.1000,1.2853
658010,2.1000,1.2853
658510,2.1000,1.2676
659010,2.1000,1.2805
659510,2.1000,1.2894
660010,2.1000,1.2870
660510,2.1000,1.2845
661010,2.1000,1.3023
661510,2.1000,1.2894
662010,2.1000,1.2789
662510,2.1000,1.2999
663010,2.1000,1.2789
663510,2.1000,1.2862
664010,2.1000,1.2845
664510,2.1000,1.2813
665010,2.1000,1.2886
665510,2.1000,1.2942
666010,2.1000,1.2862
666510,2.1000,1.2942
667010,2.1000,1.2894
667510,2.1000,1.2894
668010,2.1000,1.2918
668510,2.1000,1.2684
669010,2.1000,1.2870
669510,2.1000,1.3023
670010,2.1000,1.2716
670510,2.1000,1.2894
671010,2.1000,1.2870
671510,2.1000,1.2870
672010,2.1000,1.2974
672510,2.1000,1.2942
673010,2.1000,1.2878
673510,2.1000,1.2789
674010,2.1000,1.3007
674510,2.1000,1.2918
675010,2.1000,1.3095
675510,2.1000,1.2878
676010,2.1000,1.2870
676510,2.1000,1.2910
677010,2.1000,1.2926
677510,2.1000,1.3031
678010,2.1000,1.2990
678510,2.1000,1.2773
679010,2.1000,1.2886
679510,2.1000,1.2918
680010,2.1000,1.3023
680510,2.1000,1.2926
681010,2.1000,1.2926
681510,2.1000,1.2942
682010,2.1000,1.2918
682510,2.1000,1.2902
683010,2.1000,1.3007
683510,2.1000,1.2966
684010,2.1000,1.2886
684510,2.1000,1.2894
685010,2.1000,1.2918
685510,2.1000,1.2934
686010,2.1000,1.3119
686510,2.1000,1.2942
687010,2.1000,1.2999
687510,2.1000,1.2942
688010,2.1000,1.3007
688510,2.1000,1.2918
689010,2.1000,1.3007
689510,2.1000,1.2934
690010,2.1000,1.2821
690510,2.1000,1.2894
691010,2.1000,1.2966
691510,2.1000,1.2894
692010,2.1000,1.3039
692510,2.1000,1.3023
693010,2.1000,1.2966
693510,2.1000,1.3007
694010,2.1000,1.2910
694510,2.1000,1.2950
695010,2.1000,1.2982
695510,2.1000,1.3039
696010,2.1000,1.2950
696510,2.1000,1.3007
697010,2.1000,1.2894
697510,2.1000,1.2918
698010,2.1000,1.2966
698510,2.1000,1.2950
699010,2.1000,1.3079
699510,2.1000,1.2934
700010,2.1000,1.3063
700510,2.1000,1.2966
701010,2.1000,1.2982
701510,2.1000,1.2966
702010,2.1000,1.2999
702510,2.1000,1.2950
703010,2.1000,1.2982
703510,2.1000,1.3015
704010,2.1000,1.2999
704510,2.1000,1.3015
705010,2.1000,1.3071
705510,2.1000,1.3007
706010,2.1000,1.3079
706510,2.1000,1.3023
707010,2.1000,1.2999
707510,2.1000,1.3031
708010,2.1000,1.3007
708510,2.1000,1.2999
709010,2.1000,1.3015
709510,2.1000,1.2958
710010,2.1000,1.2958
710510,2.1000,1.3039
711010,2.1000,1.2894
711510,2.1000,1.3023
712010,2.1000,1.3039
712510,2.1000,1.2982
713010,2.1000,1.3103
713510,2.1000,1.3136
714010,2.1000,1.3023
714510,2.1000,1.2934
715010,2.1000,1.2918
715510,2.1000,1.3047
716010,2.1000,1.3015
716510,2.1000,1.2974
717010,2.1000,1.3144
717510,2.1000,1.3063
718010,2.1000,1.3023
718510,2.1000,1.3023
719010,2.1000,1.3055
719510,2.1000,1.2966
720010,2.1000,1.3023
720510,2.1000,1.3144
721010,2.1000,1.3095
721510,2.1000,1.3047
722010,2.1000,1.3111
722510,2.1000,1.3103
723010,2.1000,1.3039
723510,2.1000,1.3095
724010,2.1000,1.3208
724510,2.1000,1.3055
725010,2.1000,1.3103
725510,2.1000,1.3079
726010,2.1000,1.3079
726510,2.1000,1.3079
727010,2.1000,1.3144
727510,2.1000,1.3127
728010,2.1000,1.3023
728510,2.1000,1.3063
729010,2.1000,1.3256
729510,2.1000,1.3047
730010,2.1000,1.3071
730510,2.1000,1.3224
731010,2.1000,1.3031
731510,2.1000,1.3119
732010,2.1000,1.3071
732510,2.1000,1.3111
733010,2.1000,1.3071
733510,2.1000,1.3079
734010,2.1000,1.3095
734510,2.1000,1.3152
735010,2.1000,1.2966
735510,2.1000,1.3152
736010,2.1000,1.3119
736510,2.1000,1.3160
737010,2.1000,1.3144
737510,2.1000,1.3071
738010,2.1000,1.3152
738510,2.1000,1.3200
739010,2.1000,1.3160
739510,2.1000,1.3281
740010,2.1000,1.3111
740510,2.1000,1.3144
741010,2.1000,1.3127
741510,2.1000,1.3119
742010,2.1000,1.2733
742510,2.1000,1.3192
743010,2.1000,1.3095
743510,2.1000,1.3127
744010,2.1000,1.3208
744510,2.1000,1.3152
745010,2.1000,1.3111
745510,2.1000,1.3144
746010,2.1000,1.3144
746510,2.1000,1.3071
747010,2.1000,1.3152
747510,2.1000,1.3144
748010,2.1000,1.3071
748510,2.1000,1.3192
749010,2.1000,1.3385
749510,2.1000,1.3281
750010,2.1000,1.3200
750510,2.1000,1.3160
751010,2.1000,1.3200
751510,2.1000,1.3168
752010,2.1000,1.3168
752510,2.1000,1.3168
753010,2.1000,1.3168
753510,2.1000,1.3401
754010,2.1000,1.3264
754510,2.1000,1.3200
755010,2.1000,1.3023
755510,2.1000,1.3152
756010,2.1000,1.3168
756510,2.1000,1.3127
757010,2.1000,1.3208
757510,2.1000,1.3127
758010,2.1000,1.2999
758510,2.1000,1.3144
759010,2.1000,1.3119
759510,2.1000,1.3152
760010,2.1000,1.3281
760510,2.1000,1.3281
761010,2.1000,1.3305
761510,2.1000,1.3240
762010,2.1000,1.3216
762510,2.1000,1.3208
763010,2.1000,1.3144
763510,2.1000,1.3168
764010,2.1000,1.3264
764510,2.1000,1.3256
765010,2.1000,1.3281
765510,2.1000,1.3200
766010,2.1000,1.3273
766510,2.1000,1.3273
767010,2.1000,1.3240
767510,2.1000,1.3321
768010,2.1000,1.3256
768510,2.1000,1.3248
769010,2.1000,1.3208
769510,2.1000,1.3256
770010,2.1000,1.3184
770510,2.1000,1.3289
771010,2.1000,1.3321
771510,2.1000,1.3240
772010,2.1000,1.3289
772510,2.1000,1.3256
773010,2.1000,1.3192
773510,2.1000,1.3305
774010,2.1000,1.3329
774510,2.1000,1.3208
775010,2.1000,1.3329
775510,2.1000,1.3256
776010,2.1000,1.3256
776510,2.1000,1.3168
777010,2.1000,1.3184
777510,2.1000,1.3273
778010,2.1000,1.3176
778510,2.1000,1.3240
779010,2.1000,1.3281
779510,2.1000,1.3208
780010,2.1000,1.3023
780510,2.1000,1.3305
781010,2.1000,1.3224
781510,2.1000,1.3281
782010,2.1000,1.3313
782510,2.1000,1.3305
783010,2.1000,1.3410
783510,2.1000,1.3321
784010,2.1000,1.3353
784510,2.1000,1.3224
785010,2.1000,1.3281
785510,2.1000,1.3281
786010,2.1000,1.3289
786510,2.1000,1.3136
787010,2.1000,1.3281
787510,2.1000,1.3224
788010,2.1000,1.3281
788510,2.1000,1.3361
789010,2.1000,1.3329
789510,2.1000,1.3305
790010,2.1000,1.3385
790510,2.1000,1.3305
791010,2.1000,1.3329
791510,2.1000,1.3297
792010,2.1000,1.3281
792510,2.1000,1.3264
793010,2.1000,1.3273
793510,2.1000,1.3305
794010,2.1000,1.3369
794510,2.1000,1.3321
795010,2.1000,1.3321
795510,2.1000,1.3321
796010,2.1000,1.3329
796510,2.1000,1.3240
797010,2.1000,1.3321
797510,2.1000,1.3281
798010,2.1000,1.3538
798510,2.1000,1.3401
799010,2.1000,1.3393
799510,2.1000,1.3329
800010,2.1000,1.3369
800510,2.1000,1.3434
801010,2.1000,1.3305
801510,2.1000,1.3297
802010,2.1000,1.3337
802510,2.1000,1.3369
803010,2.1000,1.3369
803510,2.1000,1.3136
804010,2.1000,1.3289
804510,2.1000,1.3321
805010,2.1000,1.3289
805510,2.1000,1.3248
806010,2.1000,1.3321
806510,2.1000,1.3305
807010,2.1000,1.3321
807510,2.1000,1.3297
808010,2.1000,1.3385
808510,2.1000,1.3321
809010,2.1000,1.3337
809510,2.1000,1.3361
810010,2.1000,1.3490
810510,2.1000,1.3538
811010,2.1000,1.3313
811510,2.1000,1.3385
812010,2.1000,1.3393
812510,2.1000,1.3305
813010,2.1000,1.3369
813510,2.1000,1.3410
814010,2.1000,1.3337
814510,2.1000,1.3410
815010,2.1000,1.3305
815510,2.1000,1.3466
816010,2.1000,1.3514
816510,2.1000,1.3297
817010,2.1000,1.3353
817510,2.1000,1.3450
818010,2.1000,1.3651
818510,2.1000,1.3361
819010,2.1000,1.3410
819510,2.1000,1.3377
820010,2.1000,1.3329
820510,2.1000,1.3410
821010,2.1000,1.3385
821510,2.1000,1.3450
822010,2.1000,1.3393
822510,2.1000,1.3369
823010,2.1000,1.3329
823510,2.1000,1.3401
824010,2.1000,1.3385
824510,2.1000,1.3337
825010,2.1000,1.3514
825510,2.1000,1.3321
826010,2.1000,1.3393
826510,2.1000,1.3418
827010,2.1000,1.3377
827510,2.1000,1.3450
828010,2.1000,1.3289
828510,2.1000,1.3442
829010,2.1000,1.3329
829510,2.1000,1.3401
830010,2.1000,1.3410
830510,2.1000,1.3434
831010,2.1000,1.3450
831510,2.1000,1.3410
832010,2.1000,1.3498
832510,2.1000,1.3401
833010,2.1000,1.3426
833510,2.1000,1.3393
834010,2.1000,1.3401
834510,2.1000,1.3418
835010,2.1000,1.3410
835510,2.1000,1.3410
836010,2.1000,1.3498
836510,2.1000,1.3434
837010,2.1000,1.3450
837510,2.1000,1.3410
838010,2.1000,1.3547
838510,2.1000,1.3337
839010,2.1000,1.3434
839510,2.1000,1.3313
840010,2.1000,1.3595
840510,2.1000,1.3418
841010,2.1000,1.3498
841510,2.1000,1.3450
842010,2.1000,1.3410
842510,2.1000,1.3418
843010,2.1000,1.3426
843510,2.1000,1.3514
844010,2.1000,1.3530
844510,2.1000,1.3385
845010,2.1000,1.3547
845510,2.1000,1.3538
846010,2.1000,1.3369
846510,2.1000,1.3547
847010,2.1000,1.3458
847510,2.1000,1.3450
848010,2.1000,1.3450
848510,2.1000,1.3410
849010,2.1000,1.3393
849510,2.1000,1.3522
850010,2.1000,1.3530
850510,2.1000,1.3434
851010,2.1000,1.3434
851510,2.1000,1.3466
852010,2.1000,1.3611
852510,2.1000,1.3466
853010,2.1000,1.3538
853510,2.1000,1.3434
854010,2.1000,1.3538
854510,2.1000,1.3490
855010,2.1000,1.3458
855510,2.1000,1.3410
856010,2.1000,1.3498
856510,2.1000,1.3490
857010,2.1000,1.3538
857510,2.1000,1.3410
858010,2.1000,1.3538
858510,2.1000,1.3450
859010,2.1000,1.3458
859510,2.1000,1.3514
860010,2.1000,1.3538
860510,2.1000,1.3434
861010,2.1000,1.3530
861510,2.1000,1.3538
862010,2.1000,1.3434
862510,2.1000,1.3522
863010,2.1000,1.3522
863510,2.1000,1.3498
864010,2.1000,1.3450
864510,2.1000,1.3522
865010,2.1000,1.3538
865510,2.1000,1.3498
866010,2.1000,1.3627
866510,2.1000,1.3490
867010,2.1000,1.3538
867510,2.1000,1.3538
868010,2.1000,1.3619
868510,2.1000,1.3506
869010,2.1000,1.3490
869510,2.1000,1.3587
870010,2.1000,1.3538
870510,2.1000,1.3547
871010,2.1000,1.3522
871510,2.1000,1.3522
872010,2.1000,1.3498
872510,2.1000,1.3514
873010,2.1000,1.3538
873510,2.1000,1.3563
874010,2.1000,1.3490
874510,2.1000,1.3611
875010,2.1000,1.3466
875510,2.1000,1.3538
876010,2.1000,1.3619
876510,2.1000,1.3619
877010,2.1000,1.3538
877510,2.1000,1.3498
878010,2.1000,1.3482
878510,2.1000,1.3530
879010,2.1000,1.3506
879510,2.1000,1.3490
880010,2.1000,1.3538
880510,2.1000,1.3458
881010,2.1000,1.3643
881510,2.1000,1.3538
882010,2.1000,1.3514
882510,2.1000,1.3555
883010,2.1000,1.3579
883510,2.1000,1.3458
884010,2.1000,1.3538
884510,2.1000,1.3466
885010,2.1000,1.3522
885510,2.1000,1.3538
886010,2.1000,1.3651
886510,2.1000,1.3675
887010,2.1000,1.3651
887510,2.1000,1.3490
888010,2.1000,1.3522
888510,2.1000,1.3595
889010,2.1000,1.3603
889510,2.1000,1.3555
890010,2.1000,1.3643
890510,2.1000,1.3563
891010,2.1000,1.3579
891510,2.1000,1.3611
892010,2.1000,1.3538
892510,2.1000,1.3547
893010,2.1000,1.3563
893510,2.1000,1.3917
894010,2.1000,1.3579
894510,2.1000,1.3410
895010,2.1000,1.3571
895510,2.1000,1.3659
896010,2.1000,1.3651
896510,2.1000,1.3571
897010,2.1000,1.3555
897510,2.1000,1.3490
898010,2.1000,1.3627
898510,2.1000,1.3643
899010,2.1000,1.3579
899510,2.1000,1.3587
900010,2.1000,1.3571
900510,2.1000,1.3821
901010,2.1000,1.3538
901510,2.1000,1.3611
902010,2.1000,1.3643
902510,2.1000,1.3627
903010,2.1000,1.3853
903510,2.1000,1.3498
904010,2.1000,1.3756
904510,2.1000,1.3627
905010,2.1000,1.3643
905510,2.1000,1.3684
906010,2.1000,1.3692
906510,2.1000,1.3692
907010,2.1000,1.3764
907510,2.1000,1.4038
908010,2.1000,1.3538
908510,2.1000,1.3595
909010,2.1000,1.3692
909510,2.1000,1.3643
910010,2.1000,1.3659
910510,2.1000,1.3667
911010,2.1000,1.3740
911510,2.1000,1.3627
912010,2.1000,1.3684
912510,2.1000,1.3643
913010,2.1000,1.3643
913510,2.1000,1.3627
914010,2.1000,1.3772
914510,2.1000,1.3587
915010,2.1000,1.3716
915510,2.1000,1.3708
916010,2.1000,1.3659
916510,2.1000,1.3643
917010,2.1000,1.3635
917510,2.1000,1.3611
918010,2.1000,1.3595
918510,2.1000,1.3772
919010,2.1000,1.3667
919510,2.1000,1.3684
920010,2.1000,1.3667
920510,2.1000,1.3724
921010,2.1000,1.3675
921510,2.1000,1.3692
922010,2.1000,1.3538
922510,2.1000,1.3538
923010,2.1000,1.3635
923510,2.1000,1.3684
924010,2.1000,1.3643
924510,2.1000,1.3788
925010,2.1000,1.3764
925510,2.1000,1.3619
926010,2.1000,1.3708
926510,2.1000,1.3724
927010,2.1000,1.3692
927510,2.1000,1.3724
928010,2.1000,1.3675
928510,2.1000,1.3885
929010,2.1000,1.3724
929510,2.1000,1.3724
930010,2.1000,1.3708
930510,2.1000,1.3756
931010,2.1000,1.3651
931510,2.1000,1.3579
932010,2.1000,1.3571
932510,2.1000,1.3748
933010,2.1000,1.3684
933510,2.1000,1.3708
934010,2.1000,1.3756
934510,2.1000,1.3772
935010,2.1000,1.3764
935510,2.1000,1.3651
936010,2.1000,1.3772
936510,2.1000,1.3788
937010,2.1000,1.3740
937510,2.1000,1.3756
938010,2.1000,1.3796
938510,2.1000,1.3788
939010,2.1000,1.3796
939510,2.1000,1.3780
940010,2.1000,1.3796
940510,2.1000,1.3796
941010,2.1000,1.3764
941510,2.1000,1.3796
942010,2.1000,1.3780
942510,2.1000,1.3788
943010,2.1000,1.3788
943510,2.1000,1.3796
944010,2.1000,1.3764
944510,2.1000,1.3885
945010,2.1000,1.3796
945510,2.1000,1.3675
946010,2.1000,1.3772
946510,2.1000,1.3796
947010,2.1000,1.3796
947510,2.1000,1.3772
948010,2.1000,1.3772
948510,2.1000,1.3796
949010,2.1000,1.3772
949510,2.1000,1.3756
950010,2.1000,1.3829
950510,2.1000,1.3772
951010,2.1000,1.3901
951510,2.1000,1.3804
952010,2.1000,1.3748
952510,2.1000,1.3788
953010,2.1000,1.3780
953510,2.1000,1.3804
954010,2.1000,1.3804
954510,2.1000,1.4038
955010,2.1000,1.3821
955510,2.1000,1.3812
956010,2.1000,1.3716
956510,2.1000,1.3780
957010,2.1000,1.3796
957510,2.1000,1.3804
958010,2.1000,1.3941
958510,2.1000,1.3796
959010,2.1000,1.3796
959510,2.1000,1.3764
960010,2.1000,1.3788
960510,2.1000,1.3796
961010,2.1000,1.3885
961510,2.1000,1.3869
962010,2.1000,1.3780
962510,2.1000,1.3812
963010,2.1000,1.3692
963510,2.1000,1.3796
964010,2.1000,1.3804
964510,2.1000,1.3788
965010,2.1000,1.3837
965510,2.1000,1.3821
966010,2.1000,1.3821
966510,2.1000,1.3837
967010,2.1000,1.3821
967510,2.1000,1.3796
968010,2.1000,1.3740
968510,2.1000,1.3821
969010,2.1000,1.3925
969510,2.1000,1.3917
970010,2.1000,1.3796
970510,2.1000,1.3812
971010,2.1000,1.3845
971510,2.1000,1.3804
972010,2.1000,1.3796
972510,2.1000,1.3796
973010,2.1000,1.3909
973510,2.1000,1.3837
974010,2.1000,1.3788
974510,2.1000,1.3966
975010,2.1000,1.3853
975510,2.1000,1.3893
976010,2.1000,1.3853
976510,2.1000,1.3796
977010,2.1000,1.3869
977510,2.1000,1.3925
978010,2.1000,1.3917
978510,2.1000,1.3821
979010,2.1000,1.3796
979510,2.1000,1.3796
980010,2.1000,1.3821
980510,2.1000,1.3877
981010,2.1000,1.3901
981510,2.1000,1.3804
982010,2.1000,1.3804
982510,2.1000,1.3949
983010,2.1000,1.4022
983510,2.1000,1.3974
984010,2.1000,1.3788
984510,2.1000,1.3917
985010,2.1000,1.3941
985510,2.1000,1.3812
986010,2.1000,1.3837
986510,2.1000,1.3877
987010,2.1000,1.4070
987510,2.1000,1.3885
988010,2.1000,1.3837
988510,2.1000,1.3925
989010,2.1000,1.3909
989510,2.1000,1.3885
990010,2.1000,1.3708
990510,2.1000,1.3893
991010,2.1000,1.3877
991510,2.1000,1.3869
992010,2.1000,1.4006
992510,2.1000,1.3708
993010,2.1000,1.3917
993510,2.1000,1.3853
994010,2.1000,1.4006
994510,2.1000,1.3885
995010,2.1000,1.3804
995510,2.1000,1.3925
996010,2.1000,1.3885
996510,2.1000,1.4030
997010,2.1000,1.3893
997510,2.1000,1.3925
998010,2.1000,1.3812
998510,2.1000,1.3877
999010,2.1000,1.3788
999510,2.1000,1.3796
1000010,2.1000,1.3837
1000510,2.1000,1.3901
1001010,2.1000,1.3925
1001510,2.1000,1.3966
1002010,2.1000,1.3845
1002510,2.1000,1.3829
1003010,2.1000,1.3925
1003510,2.1000,1.3788
1004010,2.1000,1.3853
1004510,2.1000,1.3845
1005010,2.1000,1.4038
1005510,2.1000,1.3845
1006010,2.1000,1.3901
1006510,2.1000,1.3941
1007010,2.1000,1.4038
1007510,2.1000,1.3933
1008010,2.1000,1.3885
1008510,2.1000,1.3933
1009010,2.1000,1.3925
1009510,2.1000,1.3917
1010010,2.1000,1.4070
1010510,2.1000,1.3909
1011010,2.1000,1.3909
1011510,2.1000,1.3756
1012010,2.1000,1.3885
1012510,2.1000,1.3917
1013010,2.1000,1.3901
1013510,2.1000,1.3917
1014010,2.1000,1.3925
1014510,2.1000,1.3877
1015010,2.1000,1.3949
1015510,2.1000,1.3958
1016010,2.1000,1.3941
1016510,2.1000,1.3949
1017010,2.1000,1.3877
1017510,2.1000,1.3933
1018010,2.1000,1.3877
1018510,2.1000,1.3909
1019010,2.1000,1.3933
1019510,2.1000,1.3941
1020010,2.1000,1.3958
1020510,2.1000,1.3966
1021010,2.1000,1.4054
1021510,2.1000,1.4030
1022010,2.1000,1.4046
1022510,2.1000,1.4054
1023010,2.1000,1.4054
1023510,2.1000,1.3966
1024010,2.1000,1.3990
1024510,2.1000,1.3949
1025010,2.1000,1.3966
1025510,2.1000,1.3966
1026010,2.1000,1.3958
1026510,2.1000,1.3796
1027010,2.1000,1.4038
1027510,2.1000,1.3974
1028010,2.1000,1.4046
1028510,2.1000,1.3958
1029010,2.1000,1.3933
1029510,2.1000,1.3933
1030010,2.1000,1.3917
1030510,2.1000,1.3941
1031010,2.1000,1.3925
1031510,2.1000,1.4022
1032010,2.1000,1.3941
1032510,2.1000,1.4038
1033010,2.1000,1.3949
1033510,2.1000,1.3925
1034010,2.1000,1.3909
1034510,2.1000,1.3909
1035010,2.1000,1.3933
1035510,2.1000,1.3909
1036010,2.1000,1.3933
1036510,2.1000,1.4038
1037010,2.1000,1.3966
1037510,2.1000,1.4022
1038010,2.1000,1.4030
1038510,2.1000,1.3982
1039010,2.1000,1.3901
1039510,2.1000,1.3925
1040010,2.1000,1.3998
1040510,2.1000,1.4030
1041010,2.1000,1.3974
1041510,2.1000,1.3974
1042010,2.1000,1.4054
1042510,2.1000,1.3966
1043010,2.1000,1.4038
1043510,2.1000,1.3998
1044010,2.1000,1.4030
1044510,2.1000,1.3941
1045010,2.1000,1.4038
1045510,2.1000,1.3966
1046010,2.1000,1.3925
1046510,2.1000,1.3966
1047010,2.1000,1.4006
1047510,2.1000,1.4006
1048010,2.1000,1.4151
1048510,2.1000,1.4030
1049010,2.1000,1.4030
1049510,2.1000,1.4046
1050010,2.1000,1.4014
1050510,2.1000,1.4054
1051010,2.1000,1.3740
1051510,2.1000,1.4062
1052010,2.1000,1.3982
1052510,2.1000,1.3974
1053010,2.1000,1.3941
1053510,2.1000,1.4014
1054010,2.1000,1.4054
1054510,2.1000,1.4030
1055010,2.1000,1.4046
1055510,2.1000,1.3917
1056010,2.1000,1.4054
1056510,2.1000,1.4054
1057010,2.1000,1.4054
1057510,2.1000,1.4054
1058010,2.1000,1.4014
1058510,2.1000,1.3925
1059010,2.1000,1.4111
1059510,2.1000,1.3998
1060010,2.1000,1.4038
1060510,2.1000,1.4038
1061010,2.1000,1.4038
1061510,2.1000,1.4046
1062010,2.1000,1.4135
1062510,2.1000,1.4006
1063010,2.1000,1.4030
1063510,2.1000,1.4078
1064010,2.1000,1.4054
1064510,2.1000,1.4070
1065010,2.1000,1.4054
1065510,2.1000,1.4135
1066010,2.1000,1.4030
1066510,2.1000,1.4070
1067010,2.1000,1.4054
1067510,2.1000,1.4046
1068010,2.1000,1.4086
1068510,2.1000,1.4078
1069010,2.1000,1.4022
1069510,2.1000,1.4103
1070010,2.1000,1.4054
1070510,2.1000,1.4095
1071010,2.1000,1.4062
1071510,2.1000,1.4103
1072010,2.1000,1.4054
1072510,2.1000,1.4095
1073010,2.1000,1.4054
1073510,2.1000,1.4062
1074010,2.1000,1.4054
1074510,2.1000,1.4046
1075010,2.1000,1.4054
1075510,2.1000,1.4078
1076010,2.1000,1.4054
1076510,2.1000,1.4054
1077010,2.1000,1.4006
1077510,2.1000,1.4095
1078010,2.1000,1.4070
1078510,2.1000,1.4095
1079010,2.1000,1.4054
1079510,2.1000,1.4054
1080010,2.1000,1.4070
1080510,2.1000,1.4078
1081010,2.1000,1.4086
1081510,2.1000,1.4103
1082010,2.1000,1.4054
1082510,2.1000,1.4054
1083010,2.1000,1.4054
1083510,2.1000,1.4054
1084010,2.1000,1.4095
1084510,2.1000,1.4054
1085010,2.1000,1.4054
1085510,2.1000,1.4078
1086010,2.1000,1.4046
1086510,2.1000,1.4062
1087010,2.1000,1.4078
1087510,2.1000,1.4103
1088010,2.1000,1.4272
1088510,2.1000,1.4070
1089010,2.1000,1.4175
1089510,2.1000,1.4135
1090010,2.1000,1.4183
1090510,2.1000,1.4127
1091010,2.1000,1.4103
1091510,2.1000,1.3933
1092010,2.1000,1.4086
1092510,2.1000,1.4103
1093010,2.1000,1.4111
1093510,2.1000,1.4143
1094010,2.1000,1.4103
1094510,2.1000,1.4143
1095010,2.1000,1.4191
1095510,2.1000,1.4143
1096010,2.1000,1.4167
1096510,2.1000,1.4078
1097010,2.1000,1.4159
1097510,2.1000,1.4078
1098010,2.1000,1.4199
1098510,2.1000,1.4151
1099010,2.1000,1.4135
1099510,2.1000,1.4159
1100010,2.1000,1.4054
1100510,2.1000,1.4103
1101010,2.1000,1.4167
1101510,2.1000,1.4159
1102010,2.1000,1.4078
1102510,2.1000,1.4175
1103010,2.1000,1.4175
1103510,2.1000,1.4215
1104010,2.1000,1.4151
1104510,2.1000,1.4111
1105010,2.1000,1.4215
1105510,2.1000,1.4159
1106010,2.1000,1.4167
1106510,2.1000,1.4159
1107010,2.1000,1.4151
1107510,2.1000,1.4143
1108010,2.1000,1.4207
1108510,2.1000,1.4288
1109010,2.1000,1.4191
1109510,2.1000,1.4127
1110010,2.1000,1.4151
1110510,2.1000,1.4232
1111010,2.1000,1.4175
1111510,2.1000,1.4175
1112010,2.1000,1.4143
1112510,2.1000,1.4127
1113010,2.1000,1.4159
1113510,2.1000,1.4232
1114010,2.1000,1.4159
1114510,2.1000,1.4151
1115010,2.1000,1.4288
1115510,2.1000,1.4183
1116010,2.1000,1.4167
1116510,2.1000,1.4223
1117010,2.1000,1.4240
1117510,2.1000,1.4167
1118010,2.1000,1.4207
1118510,2.1000,1.4062
1119010,2.1000,1.4183
1119510,2.1000,1.4167
1120010,2.1000,1.4151
1120510,2.1000,1.4183
1121010,2.1000,1.4215
1121510,2.1000,1.4095
1122010,2.1000,1.3514
1122510,2.1000,1.4232
1123010,2.1000,1.4175
1123510,2.1000,1.4143
1124010,2.1000,1.4183
1124510,2.1000,1.4127
1125010,2.1000,1.4191
1125510,2.1000,1.4232
1126010,2.1000,1.4288
1126510,2.1000,1.4159
1127010,2.1000,1.4054
1127510,2.1000,1.4111
1128010,2.1000,1.4223
1128510,2.1000,1.4232
1129010,2.1000,1.4207
1129510,2.1000,1.4232
1130010,2.1000,1.4232
1130510,2.1000,1.4256
1131010,2.1000,1.4111
1131510,2.1000,1.4199
1132010,2.1000,1.4320
1132510,2.1000,1.4320
1133010,2.1000,1.4167
1133510,2.1000,1.4223
1134010,2.1000,1.4280
1134510,2.1000,1.4272
1135010,2.1000,1.4167
1135510,2.1000,1.4288
1136010,2.1000,1.4232
1136510,2.1000,1.4183
1137010,2.1000,1.4264
1137510,2.1000,1.4312
1138010,2.1000,1.4264
1138510,2.1000,1.4223
1139010,2.1000,1.4167
1139510,2.1000,1.4256
1140010,2.1000,1.4151
1140510,2.1000,1.4207
1141010,2.1000,1.4199
1141510,2.1000,1.4240
1142010,2.1000,1.4240
1142510,2.1000,1.4240
1143010,2.1000,1.4215
1143510,2.1000,1.4095
1144010,2.1000,1.4175
1144510,2.1000,1.4256
1145010,2.1000,1.4328
1145510,2.1000,1.4232
1146010,2.1000,1.4207
1146510,2.1000,1.4199
1147010,2.1000,1.4256
1147510,2.1000,1.4304
1148010,2.1000,1.4240
1148510,2.1000,1.4304
1149010,2.1000,1.4312
1149510,2.1000,1.4191
1150010,2.1000,1.4256
1150510,2.1000,1.4288
1151010,2.1000,1.4054
1151510,2.1000,1.4240
1152010,2.1000,1.4240
1152510,2.1000,1.4312
1153010,2.1000,1.4078
1153510,2.1000,1.4288
1154010,2.1000,1.4288
1154510,2.1000,1.4272
1155010,2.1000,1.4352
1155510,2.1000,1.4256
1156010,2.1000,1.4296
1156510,2.1000,1.4240
1157010,2.1000,1.4272
1157510,2.1000,1.4360
1158010,2.1000,1.4240
1158510,2.1000,1.4272
1159010,2.1000,1.4159
1159510,2.1000,1.4207
1160010,2.1000,1.4272
1160510,2.1000,1.4191
1161010,2.1000,1.4441
1161510,2.1000,1.4304
1162010,2.1000,1.4264
1162510,2.1000,1.4272
1163010,2.1000,1.4304
1163510,2.1000,1.4377
1164010,2.1000,1.4183
1164510,2.1000,1.4312
1165010,2.1000,1.4312
1165510,2.1000,1.4320
1166010,2.1000,1.4304
1166510,2.1000,1.4312
1167010,2.1000,1.4312
1167510,2.1000,1.4522
1168010,2.1000,1.4312
1168510,2.1000,1.4328
1169010,2.1000,1.4385
1169510,2.1000,1.4320
1170010,2.1000,1.4320
1170510,2.1000,1.4223
1171010,2.1000,1.4336
1171510,2.1000,1.4336
1172010,2.1000,1.4264
1172510,2.1000,1.4288
1173010,2.1000,1.4288
1173510,2.1000,1.4272
1174010,2.1000,1.4328
1174510,2.1000,1.4304
1175010,2.1000,1.4425
1175510,2.1000,1.4336
1176010,2.1000,1.4441
1176510,2.1000,1.4296
1177010,2.1000,1.4328
1177510,2.1000,1.4159
1178010,2.1000,1.4320
1178510,2.1000,1.4312
1179010,2.1000,1.4320
1179510,2.1000,1.4312
1180010,2.1000,1.4328
1180510,2.1000,1.4159
1181010,2.1000,1.4320
1181510,2.1000,1.4264
1182010,2.1000,1.4312
1182510,2.1000,1.4312
1183010,2.1000,1.4264
1183510,2.1000,1.4336
1184010,2.1000,1.4336
1184510,2.1000,1.4393
1185010,2.1000,1.4288
1185510,2.1000,1.4280
1186010,2.1000,1.4522
1186510,2.1000,1.4312
1187010,2.1000,1.4401
1187510,2.1000,1.4368
1188010,2.1000,1.4312
1188510,2.1000,1.4312
1189010,2.1000,1.4344
1189510,2.1000,1.4336
1190010,2.1000,1.4336
1190510,2.1000,1.4320
1191010,2.1000,1.4344
1191510,2.1000,1.4401
1192010,2.1000,1.4304
1192510,2.1000,1.4433
1193010,2.1000,1.4401
1193510,2.1000,1.4288
1194010,2.1000,1.4368
1194510,2.1000,1.4296
1195010,2.1000,1.4304
1195510,2.1000,1.4489
1196010,2.1000,1.4441
1196510,2.1000,1.4360
1197010,2.1000,1.4336
1197510,2.1000,1.4352
1198010,2.1000,1.4433
1198510,2.1000,1.4352
1199010,2.1000,1.4304
1199510,2.1000,1.4312
1200010,2.1000,1.4336
1200510,2.1000,1.4312
1201010,2.1000,1.4336
1201510,2.1000,1.4393
1202010,2.1000,1.4312
1202510,2.1000,1.4336
1203010,2.1000,1.4360
1203510,2.1000,1.4312
1204010,2.1000,1.4352
1204510,2.1000,1.4417
1205010,2.1000,1.4417
1205510,2.1000,1.4441
1206010,2.1000,1.4360
1206510,2.1000,1.4312
1207010,2.1000,1.4352
1207510,2.1000,1.4401
1208010,2.1000,1.4328
1208510,2.1000,1.4497
1209010,2.1000,1.4360
1209510,2.1000,1.4336
1210010,2.1000,1.4264
1210510,2.1000,1.4368
1211010,2.1000,1.4360
1211510,2.1000,1.4505
1212010,2.1000,1.4304
1212510,2.1000,1.4328
1213010,2.1000,1.4336
1213510,2.1000,1.4642
1214010,2.1000,1.4465
1214510,2.1000,1.4344
1215010,2.1000,1.4441
1215510,2.1000,1.4368
1216010,2.1000,1.4328
1216510,2.1000,1.4312
1217010,2.1000,1.4417
1217510,2.1000,1.4425
1218010,2.1000,1.4175
1218510,2.1000,1.4457
1219010,2.1000,1.4360
1219510,2.1000,1.4505
1220010,2.1000,1.4344
1220510,2.1000,1.4514
1221010,2.1000,1.4312
1221510,2.1000,1.4312
1222010,2.1000,1.4401
1222510,2.1000,1.4368
1223010,2.1000,1.4385
1223510,2.1000,1.4497
1224010,2.1000,1.4441
1224510,2.1000,1.4352
1225010,2.1000,1.4328
1225510,2.1000,1.4385
1226010,2.1000,1.4393
1226510,2.1000,1.4352
1227010,2.1000,1.4344
1227510,2.1000,1.4336
1228010,2.1000,1.4417
1228510,2.1000,1.4457
1229010,2.1000,1.4425
1229510,2.1000,1.4312
1230010,2.1000,1.4433
1230510,2.1000,1.4401
1231010,2.1000,1.4232
1231510,2.1000,1.4336
1232010,2.1000,1.4385
1232510,2.1000,1.4651
1233010,2.1000,1.4312
1233510,2.1000,1.4433
1234010,2.1000,1.4360
1234510,2.1000,1.4465
1235010,2.1000,1.4328
1235510,2.1000,1.4264
1236010,2.1000,1.4441
1236510,2.1000,1.4336
1237010,2.1000,1.4312
1237510,2.1000,1.4401
1238010,2.1000,1.4191
1238510,2.1000,1.4417
1239010,2.1000,1.4360
1239510,2.1000,1.4570
1240010,2.1000,1.4352
1240510,2.1000,1.4425
1241010,2.1000,1.4433
1241510,2.1000,1.4368
1242010,2.1000,1.4514
1242510,2.1000,1.4167
1243010,2.1000,1.4360
1243510,2.1000,1.4433
1244010,2.1000,1.4393
1244510,2.1000,1.4481
1245010,2.1000,1.4344
1245510,2.1000,1.4441
1246010,2.1000,1.4393
1246510,2.1000,1.4449
1247010,2.1000,1.4441
1247510,2.1000,1.4554
1248010,2.1000,1.4360
1248510,2.1000,1.4393
1249010,2.1000,1.4433
1249510,2.1000,1.4481
1250010,2.1000,1.4312
1250510,2.1000,1.4433
1251010,2.1000,1.4473
1251510,2.1000,1.4497
1252010,2.1000,1.4530
1252510,2.1000,1.4417
1253010,2.1000,1.4385
1253510,2.1000,1.4546
1254010,2.1000,1.4417
1254510,2.1000,1.4417
1255010,2.1000,1.4385
1255510,2.1000,1.4417
1256010,2.1000,1.4489
1256510,2.1000,1.4385
1257010,2.1000,1.4385
1257510,2.1000,1.4417
1258010,2.1000,1.4465
1258510,2.1000,1.4401
1259010,2.1000,1.4368
1259510,2.1000,1.4401
1260010,2.1000,1.4360
1260510,2.1000,1.4401
1261010,2.1000,1.4401
1261510,2.1000,1.4385
1262010,2.1000,1.4385
1262510,2.1000,1.4489
1263010,2.1000,1.4368
1263510,2.1000,1.4312
1264010,2.1000,1.4425
1264510,2.1000,1.4441
1265010,2.1000,1.4312
1265510,2.1000,1.4344
1266010,2.1000,1.4401
1266510,2.1000,1.4352
1267010,2.1000,1.4312
1267510,2.1000,1.4425
1268010,2.1000,1.4401
1268510,2.1000,1.4336
1269010,2.1000,1.4465
1269510,2.1000,1.4360
1270010,2.1000,1.4425
1270510,2.1000,1.4417
1271010,2.1000,1.4554
1271510,2.1000,1.4497
1272010,2.1000,1.4465
1272510,2.1000,1.4441
1273010,2.1000,1.4788
1273510,2.1000,1.4433
1274010,2.1000,1.4441
1274510,2.1000,1.4457
1275010,2.1000,1.4425
1275510,2.1000,1.4449
1276010,2.1000,1.4441
1276510,2.1000,1.4465
1277010,2.1000,1.4433
1277510,2.1000,1.4578
1278010,2.1000,1.4401
1278510,2.1000,1.4393
1279010,2.1000,1.4328
1279510,2.1000,1.4457
1280010,2.1000,1.4360
1280510,2.1000,1.4352
1281010,2.1000,1.4514
1281510,2.1000,1.4570
1282010,2.1000,1.4514
1282510,2.1000,1.4514
1283010,2.1000,1.4530
1283510,2.1000,1.4465
1284010,2.1000,1.4522
1284510,2.1000,1.4441
1285010,2.1000,1.4497
1285510,2.1000,1.4449
1286010,2.1000,1.4328
1286510,2.1000,1.4409
1287010,2.1000,1.4425
1287510,2.1000,1.4425
1288010,2.1000,1.4465
1288510,2.1000,1.4497
1289010,2.1000,1.4417
1289510,2.1000,1.4457
1290010,2.1000,1.4481
1290510,2.1000,1.4465
1291010,2.1000,1.4449
1291510,2.1000,1.4457
1292010,2.1000,1.4481
1292510,2.1000,1.4634
1293010,2.1000,1.4594
1293510,2.1000,1.4530
1294010,2.1000,1.4505
1294510,2.1000,1.4481
1295010,2.1000,1.4586
1295510,2.1000,1.4570
1296010,2.1000,1.4417
1296510,2.1000,1.4522
1297010,2.1000,1.4514
1297510,2.1000,1.4489
1298010,2.1000,1.4457
1298510,2.1000,1.4425
1299010,2.1000,1.4465
1299510,2.1000,1.4401
1300010,2.1000,1.4570
1300510,2.1000,1.4433
1301010,2.1000,1.4481
1301510,2.1000,1.4433
1302010,2.1000,1.4578
1302510,2.1000,1.4417
1303010,2.1000,1.4489
1303510,2.1000,1.4530
1304010,2.1000,1.4546
1304510,2.1000,1.4836
1305010,2.1000,1.4546
1305510,2.1000,1.4449
1306010,2.1000,1.4554
1306510,2.1000,1.4618
1307010,2.1000,1.4465
1307510,2.1000,1.4554
1308010,2.1000,1.4312
1308510,2.1000,1.4562
1309010,2.1000,1.4457
1309510,2.1000,1.4481
1310010,2.1000,1.4505
1310510,2.1000,1.4554
1311010,2.1000,1.4135
1311510,2.1000,1.4272
1312010,2.1000,1.4489
1312510,2.1000,1.4626
1313010,2.1000,1.4514
1313510,2.1000,1.4465
1314010,2.1000,1.4489
1314510,2.1000,1.4594
1315010,2.1000,1.4586
1315510,2.1000,1.4554
1316010,2.1000,1.4570
1316510,2.1000,1.4312
1317010,2.1000,1.4538
1317510,2.1000,1.4497
1318010,2.1000,1.4514
1318510,2.1000,1.4538
1319010,2.1000,1.4683
1319510,2.1000,1.4497
1320010,2.1000,1.4481
1320510,2.1000,1.4578
1321010,2.1000,1.4747
1321510,2.1000,1.4546
1322010,2.1000,1.4578
1322510,2.1000,1.4562
1323010,2.1000,1.4570
1323510,2.1000,1.4570
1324010,2.1000,1.4570
1324510,2.1000,1.4570
1325010,2.1000,1.4570
1325510,2.1000,1.4570
1326010,2.1000,1.4562
1326510,2.1000,1.4546
1327010,2.1000,1.4578
1327510,2.1000,1.4368
1328010,2.1000,1.4570
1328510,2.1000,1.4530
1329010,2.1000,1.4610
1329510,2.1000,1.4497
1330010,2.1000,1.4457
1330510,2.1000,1.4570
1331010,2.1000,1.4433
1331510,2.1000,1.4586
1332010,2.1000,1.4594
1332510,2.1000,1.4417
1333010,2.1000,1.4586
1333510,2.1000,1.4489
1334010,2.1000,1.4570
1334510,2.1000,1.4538
1335010,2.1000,1.4570
1335510,2.1000,1.4570
1336010,2.1000,1.4586
1336510,2.1000,1.4497
1337010,2.1000,1.4570
1337510,2.1000,1.4594
1338010,2.1000,1.4538
1338510,2.1000,1.4570
1339010,2.1000,1.4570
1339510,2.1000,1.4602
1340010,2.1000,1.4562
1340510,2.1000,1.4586
1341010,2.1000,1.4570
1341510,2.1000,1.4586
1342010,2.1000,1.4626
1342510,2.1000,1.4554
1343010,2.1000,1.4554
1343510,2.1000,1.4594
1344010,2.1000,1.4675
1344510,2.1000,1.4610
1345010,2.1000,1.4570
1345510,2.1000,1.4554
1346010,2.1000,1.4683
1346510,2.1000,1.4651
1347010,2.1000,1.4401
1347510,2.1000,1.4578
1348010,2.1000,1.4586
1348510,2.1000,1.4570
1349010,2.1000,1.4659
1349510,2.1000,1.4497
1350010,2.1000,1.4578
1350510,2.1000,1.4497
1351010,2.1000,1.4626
1351510,2.1000,1.4554
1352010,2.1000,1.4489
1352510,2.1000,1.4570
1353010,2.1000,1.4618
1353510,2.1000,1.4715
1354010,2.1000,1.4626
1354510,2.1000,1.4578
1355010,2.1000,1.4610
1355510,2.1000,1.4651
1356010,2.1000,1.4489
1356510,2.1000,1.4610
1357010,2.1000,1.4626
1357510,2.1000,1.4659
1358010,2.1000,1.4554
1358510,2.1000,1.4586
1359010,2.1000,1.4570
1359510,2.1000,1.4626
1360010,2.1000,1.4610
1360510,2.1000,1.4699
1361010,2.1000,1.4626
1361510,2.1000,1.4489
1362010,2.1000,1.4642
1362510,2.1000,1.4691
1363010,2.1000,1.4626
1363510,2.1000,1.4578
1364010,2.1000,1.4618
1364510,2.1000,1.4586
1365010,2.1000,1.4933
1365510,2.1000,1.4594
1366010,2.1000,1.4610
1366510,2.1000,1.4594
1367010,2.1000,1.4651
1367510,2.1000,1.4884
1368010,2.1000,1.4570
1368510,2.1000,1.4570
1369010,2.1000,1.4578
1369510,2.1000,1.4610
1370010,2.1000,1.4626
1370510,2.1000,1.4651
1371010,2.1000,1.4602
1371510,2.1000,1.4610
1372010,2.1000,1.4699
1372510,2.1000,1.4586
1373010,2.1000,1.4659
1373510,2.1000,1.4659
1374010,2.1000,1.4779
1374510,2.1000,1.4626
1375010,2.1000,1.4659
1375510,2.1000,1.4707
1376010,2.1000,1.4659
1376510,2.1000,1.4570
1377010,2.1000,1.4586
1377510,2.1000,1.4618
1378010,2.1000,1.4675
1378510,2.1000,1.4578
1379010,2.1000,1.4812
1379510,2.1000,1.4659
1380010,2.1000,1.4691
1380510,2.1000,1.4626
1381010,2.1000,1.4820
1381510,2.1000,1.4626
1382010,2.1000,1.4586
1382510,2.1000,1.4626
1383010,2.1000,1.4610
1383510,2.1000,1.4675
1384010,2.1000,1.4771
1384510,2.1000,1.4715
1385010,2.1000,1.4659
1385510,2.1000,1.4723
1386010,2.1000,1.4651
1386510,2.1000,1.4659
1387010,2.1000,1.4771
1387510,2.1000,1.4715
1388010,2.1000,1.4723
1388510,2.1000,1.4691
1389010,2.1000,1.4723
1389510,2.1000,1.4675
1390010,2.1000,1.4675
1390510,2.1000,1.4610
1391010,2.1000,1.4667
1391510,2.1000,1.4683
1392010,2.1000,1.4675
1392510,2.1000,1.4401
1393010,2.1000,1.4691
1393510,2.1000,1.4715
1394010,2.1000,1.4707
1394510,2.1000,1.4699
1395010,2.1000,1.4651
1395510,2.1000,1.4659
1396010,2.1000,1.4731
1396510,2.1000,1.4570
1397010,2.1000,1.4667
1397510,2.1000,1.4707
1398010,2.1000,1.4723
1398510,2.1000,1.4683
1399010,2.1000,1.4626
1399510,2.1000,1.4675
1400010,2.1000,1.4779
1400510,2.1000,1.4771
1401010,2.1000,1.4707
1401510,2.1000,1.4659
1402010,2.1000,1.4731
1402510,2.1000,1.4691
1403010,2.1000,1.4683
1403510,2.1000,1.4828
1404010,2.1000,1.4626
1404510,2.1000,1.4723
1405010,2.1000,1.4739
1405510,2.1000,1.4747
1406010,2.1000,1.4715
1406510,2.1000,1.4675
1407010,2.1000,1.4828
1407510,2.1000,1.4731
1408010,2.1000,1.4723
1408510,2.1000,1.4788
1409010,2.1000,1.4651
1409510,2.1000,1.4723
1410010,2.1000,1.4796
1410510,2.1000,1.4779
1411010,2.1000,1.4828
1411510,2.1000,1.4755
1412010,2.1000,1.4707
1412510,2.1000,1.4796
1413010,2.1000,1.4683
1413510,2.1000,1.4747
1414010,2.1000,1.4804
1414510,2.1000,1.4755
1415010,2.1000,1.4755
1415510,2.1000,1.4715
1416010,2.1000,1.4747
1416510,2.1000,1.4828
1417010,2.1000,1.4788
1417510,2.1000,1.4747
1418010,2.1000,1.4699
1418510,2.1000,1.4828
1419010,2.1000,1.4788
1419510,2.1000,1.4788
1420010,2.1000,1.4941
1420510,2.1000,1.4699
1421010,2.1000,1.4836
1421510,2.1000,1.4715
1422010,2.1000,1.4731
1422510,2.1000,1.4731
1423010,2.1000,1.4933
1423510,2.1000,1.4651
1424010,2.1000,1.4788
1424510,2.1000,1.4812
1425010,2.1000,1.4739
1425510,2.1000,1.4707
1426010,2.1000,1.4747
1426510,2.1000,1.4788
1427010,2.1000,1.4723
1427510,2.1000,1.4755
1428010,2.1000,1.4755
1428510,2.1000,1.4715
1429010,2.1000,1.4683
1429510,2.1000,1.4812
1430010,2.1000,1.4788
1430510,2.1000,1.4828
1431010,2.1000,1.4771
1431510,2.1000,1.4852
1432010,2.1000,1.4788
1432510,2.1000,1.4618
1433010,2.1000,1.4586
1433510,2.1000,1.4731
1434010,2.1000,1.4731
1434510,2.1000,1.4723
1435010,2.1000,1.4594
1435510,2.1000,1.4788
1436010,2.1000,1.4844
1436510,2.1000,1.4973
1437010,2.1000,1.4779
1437510,2.1000,1.4820
1438010,2.1000,1.4771
1438510,2.1000,1.4755
1439010,2.1000,1.4804
1439510,2.1000,1.4788
1440010,2.1000,1.4949
1440510,2.1000,1.4779
1441010,2.1000,1.4755
1441510,2.1000,1.4779
1442010,2.1000,1.4755
1442510,2.1000,1.4755
1443010,2.1000,1.4868
1443510,2.1000,1.4731
1444010,2.1000,1.4812
1444510,2.1000,1.4755
1445010,2.1000,1.4812
1445510,2.1000,1.4779
1446010,2.1000,1.4820
1446510,2.1000,1.4796
1447010,2.1000,1.4723
1447510,2.1000,1.4876
1448010,2.1000,1.4739
1448510,2.1000,1.4828
1449010,2.1000,1.4731
1449510,2.1000,1.4594
1450010,2.1000,1.4828
1450510,2.1000,1.4739
1451010,2.1000,1.4916
1451510,2.1000,1.4796
1452010,2.1000,1.4779
1452510,2.1000,1.4796
1453010,2.1000,1.4884
1453510,2.1000,1.4836
1454010,2.1000,1.4828
1454510,2.1000,1.4812
1455010,2.1000,1.4828
1455510,2.1000,1.4836
1456010,2.1000,1.4828
1456510,2.1000,1.4820
1457010,2.1000,1.4828
1457510,2.1000,1.4804
1458010,2.1000,1.4844
1458510,2.1000,1.4820
1459010,2.1000,1.4828
1459510,2.1000,1.4828
1460010,2.1000,1.4755
1460510,2.1000,1.4796
1461010,2.1000,1.4908
1461510,2.1000,1.4828
1462010,2.1000,1.4828
1462510,2.1000,1.4884
1463010,2.1000,1.4788
1463510,2.1000,1.4836
1464010,2.1000,1.4828
1464510,2.1000,1.4828
1465010,2.1000,1.4723
1465510,2.1000,1.4852
1466010,2.1000,1.4884
1466510,2.1000,1.4812
1467010,2.1000,1.4771
1467510,2.1000,1.4747
1468010,2.1000,1.4852
1468510,2.1000,1.4828
1469010,2.1000,1.4828
1469510,2.1000,1.4925
1470010,2.1000,1.4425
1470510,2.1000,1.4828
1471010,2.1000,1.4828
1471510,2.1000,1.4876
1472010,2.1000,1.4828
1472510,2.1000,1.4868
1473010,2.1000,1.4779
1473510,2.1000,1.4828
1474010,2.1000,1.4949
1474510,2.1000,1.4884
1475010,2.1000,1.4900
1475510,2.1000,1.4804
1476010,2.1000,1.4788
1476510,2.1000,1.4852
1477010,2.1000,1.4820
1477510,2.1000,1.4844
1478010,2.1000,1.4957
1478510,2.1000,1.4908
1479010,2.1000,1.4941
1479510,2.1000,1.4908
1480010,2.1000,1.4957
1480510,2.1000,1.4957
1481010,2.1000,1.4916
1481510,2.1000,1.4852
1482010,2.1000,1.4868
1482510,2.1000,1.4788
1483010,2.1000,1.4941
1483510,2.1000,1.4828
1484010,2.1000,1.4828
1484510,2.1000,1.4836
1485010,2.1000,1.4916
1485510,2.1000,1.4804
1486010,2.1000,1.4908
1486510,2.1000,1.4908
1487010,2.1000,1.4836
1487510,2.1000,1.4844
1488010,2.1000,1.4900
1488510,2.1000,1.4828
1489010,2.1000,1.4933
1489510,2.1000,1.4860
1490010,2.1000,1.4868
1490510,2.1000,1.4933
1491010,2.1000,1.4844
1491510,2.1000,1.5062
1492010,2.1000,1.4933
1492510,2.1000,1.4900
1493010,2.1000,1.4828
1493510,2.1000,1.4908
1494010,2.1000,1.4844
1494510,2.1000,1.4908
1495010,2.1000,1.4860
1495510,2.1000,1.4852
1496010,2.1000,1.4908
1496510,2.1000,1.4973
1497010,2.1000,1.4900
1497510,2.1000,1.4916
1498010,2.1000,1.4941
1498510,2.1000,1.4852
1499010,2.1000,1.4949
1499510,2.1000,1.4900
1500010,2.1000,1.4916
1500510,2.1000,1.5166
1501010,2.1000,1.4916
1501510,2.1000,1.4908
1502010,2.1000,1.4828
1502510,2.1000,1.4941
1503010,2.1000,1.4908
1503510,2.1000,1.4973
1504010,2.1000,1.4997
1504510,2.1000,1.4836
1505010,2.1000,1.4933
1505510,2.1000,1.4916
1506010,2.1000,1.4925
1506510,2.1000,1.4916
1507010,2.1000,1.4973
1507510,2.1000,1.4860
1508010,2.1000,1.4723
1508510,2.1000,1.4908
1509010,2.1000,1.4916
1509510,2.1000,1.4312
1510010,2.1000,1.4957
1510510,2.1000,1.4916
1511010,2.1000,1.4965
1511510,2.1000,1.4933
1512010,2.1000,1.4949
1512510,2.1000,1.4916
1513010,2.1000,1.5215
1513510,2.1000,1.4989
1514010,2.1000,1.5037
1514510,2.1000,1.4981
1515010,2.1000,1.4892
1515510,2.1000,1.4852
1516010,2.1000,1.4900
1516510,2.1000,1.4973
1517010,2.1000,1.4933
1517510,2.1000,1.4876
1518010,2.1000,1.4828
1518510,2.1000,1.4916
1519010,2.1000,1.4933
1519510,2.1000,1.4925
1520010,2.1000,1.4933
1520510,2.1000,1.4828
1521010,2.1000,1.4908
1521510,2.1000,1.4981
1522010,2.1000,1.4981
1522510,2.1000,1.4965
1523010,2.1000,1.5037
1523510,2.1000,1.4828
1524010,2.1000,1.5045
1524510,2.1000,1.4981
1525010,2.1000,1.4884
1525510,2.1000,1.4965
1526010,2.1000,1.4973
1526510,2.1000,1.4723
1527010,2.1000,1.4868
1527510,2.1000,1.4868
1528010,2.1000,1.4973
1528510,2.1000,1.4965
1529010,2.1000,1.5005
1529510,2.1000,1.4973
1530010,2.1000,1.4916
1530510,2.1000,1.4933
1531010,2.1000,1.4973
1531510,2.1000,1.5013
1532010,2.1000,1.4892
1532510,2.1000,1.5134
1533010,2.1000,1.4836
1533510,2.1000,1.4941
1534010,2.1000,1.4884
1534510,2.1000,1.5045
1535010,2.1000,1.4933
1535510,2.1000,1.5037
1536010,2.1000,1.4965
1536510,2.1000,1.4908
1537010,2.1000,1.4949
1537510,2.1000,1.4989
1538010,2.1000,1.4957
1538510,2.1000,1.4949
1539010,2.1000,1.4844
1539510,2.1000,1.5086
1540010,2.1000,1.5062
1540510,2.1000,1.4973
1541010,2.1000,1.5045
1541510,2.1000,1.4965
1542010,2.1000,1.4957
1542510,2.1000,1.4884
1543010,2.1000,1.4941
1543510,2.1000,1.5005
1544010,2.1000,1.4965
1544510,2.1000,1.5013
1545010,2.1000,1.4828
1545510,2.1000,1.5078
1546010,2.1000,1.5005
1546510,2.1000,1.5062
1547010,2.1000,1.4997
1547510,2.1000,1.4941
1548010,2.1000,1.4973
1548510,2.1000,1.4965
1549010,2.1000,1.4884
1549510,2.1000,1.4941
1550010,2.1000,1.5207
1550510,2.1000,1.5037
1551010,2.1000,1.5207
1551510,2.1000,1.5005
1552010,2.1000,1.5029
1552510,2.1000,1.5029
1553010,2.1000,1.5013
1553510,2.1000,1.4997
1554010,2.1000,1.5029
1554510,2.1000,1.5078
1555010,2.1000,1.5070
1555510,2.1000,1.5029
1556010,2.1000,1.4957
1556510,2.1000,1.5053
1557010,2.1000,1.5078
1557510,2.1000,1.5045
1558010,2.1000,1.5070
1558510,2.1000,1.5013
1559010,2.1000,1.4925
1559510,2.1000,1.4981
1560010,2.1000,1.4973
1560510,2.1000,1.5086
1561010,2.1000,1.4981
1561510,2.1000,1.5029
1562010,2.1000,1.5005
1562510,2.1000,1.5086
1563010,2.1000,1.5078
1563510,2.1000,1.4981
1564010,2.1000,1.5037
1564510,2.1000,1.5013
1565010,2.1000,1.5037
1565510,2.1000,1.4973
1566010,2.1000,1.5086
1566510,2.1000,1.4916
1567010,2.1000,1.5013
1567510,2.1000,1.5029
1568010,2.1000,1.5029
1568510,2.1000,1.5029
1569010,2.1000,1.5045
1569510,2.1000,1.5021
1570010,2.1000,1.5029
1570510,2.1000,1.5013
1571010,2.1000,1.5086
1571510,2.1000,1.5086
1572010,2.1000,1.5005
1572510,2.1000,1.5086
1573010,2.1000,1.4957
1573510,2.1000,1.5094
1574010,2.1000,1.4949
1574510,2.1000,1.5086
1575010,2.1000,1.5005
1575510,2.1000,1.5086
1576010,2.1000,1.5013
1576510,2.1000,1.4981
1577010,2.1000,1.5037
1577510,2.1000,1.5166
1578010,2.1000,1.5094
1578510,2.1000,1.4973
1579010,2.1000,1.5045
1579510,2.1000,1.5126
1580010,2.1000,1.4949
1580510,2.1000,1.5078
1581010,2.1000,1.5070
1581510,2.1000,1.5134
1582010,2.1000,1.5037
1582510,2.1000,1.5118
1583010,2.1000,1.5142
1583510,2.1000,1.5174
1584010,2.1000,1.5078
1584510,2.1000,1.5110
1585010,2.1000,1.5086
1585510,2.1000,1.5086
1586010,2.1000,1.5086
1586510,2.1000,1.5062
1587010,2.1000,1.5045
1587510,2.1000,1.5086
1588010,2.1000,1.5037
1588510,2.1000,1.4957
1589010,2.1000,1.5053
1589510,2.1000,1.5013
1590010,2.1000,1.5078
1590510,2.1000,1.5013
1591010,2.1000,1.5013
1591510,2.1000,1.5070
1592010,2.1000,1.5166
1592510,2.1000,1.5118
1593010,2.1000,1.5094
1593510,2.1000,1.5102
1594010,2.1000,1.5102
1594510,2.1000,1.5271
1595010,2.1000,1.5086
1595510,2.1000,1.5086
1596010,2.1000,1.5102
1596510,2.1000,1.5102
1597010,2.1000,1.5094
1597510,2.1000,1.5094
1598010,2.1000,1.5102
1598510,2.1000,1.5255
1599010,2.1000,1.5062
1599510,2.1000,1.5013
1600010,2.1000,1.5086
1600510,2.1000,1.5086
1601010,2.1000,1.5086
1601510,2.1000,1.5166
1602010,2.1000,1.5279
1602510,2.1000,1.5005
1603010,2.1000,1.5070
1603510,2.1000,1.5078
1604010,2.1000,1.5102
1604510,2.1000,1.5231
1605010,2.1000,1.5086
1605510,2.1000,1.5078
1606010,2.1000,1.5086
1606510,2.1000,1.5126
1607010,2.1000,1.5110
1607510,2.1000,1.5062
1608010,2.1000,1.5110
1608510,2.1000,1.4989
1609010,2.1000,1.5110
1609510,2.1000,1.5045
1610010,2.1000,1.5190
1610510,2.1000,1.5078
1611010,2.1000,1.5102
1611510,2.1000,1.5158
1612010,2.1000,1.5078
1612510,2.1000,1.5223
1613010,2.1000,1.5102
1613510,2.1000,1.5086
1614010,2.1000,1.5352
1614510,2.1000,1.5190
1615010,2.1000,1.5086
1615510,2.1000,1.5086
1616010,2.1000,1.5134
1616510,2.1000,1.5199
1617010,2.1000,1.5271
1617510,2.1000,1.5005
1618010,2.1000,1.5126
1618510,2.1000,1.5239
1619010,2.1000,1.5102
1619510,2.1000,1.5126
1620010,2.1000,1.5086
1620510,2.1000,1.5094
1621010,2.1000,1.5142
1621510,2.1000,1.5094
1622010,2.1000,1.5174
1622510,2.1000,1.5086
1623010,2.1000,1.5134
1623510,2.1000,1.5110
1624010,2.1000,1.5086
1624510,2.1000,1.5158
1625010,2.1000,1.5279
1625510,2.1000,1.5086
1626010,2.1000,1.5110
1626510,2.1000,1.5158
1627010,2.1000,1.5126
1627510,2.1000,1.5102
1628010,2.1000,1.5223
1628510,2.1000,1.5255
1629010,2.1000,1.5319
1629510,2.1000,1.5207
1630010,2.1000,1.5078
1630510,2.1000,1.5078
1631010,2.1000,1.5086
1631510,2.1000,1.5078
1632010,2.1000,1.5045
1632510,2.1000,1.5102
1633010,2.1000,1.5110
1633510,2.1000,1.5086
1634010,2.1000,1.5142
1634510,2.1000,1.5166
1635010,2.1000,1.5376
1635510,2.1000,1.5231
1636010,2.1000,1.5086
1636510,2.1000,1.5118
1637010,2.1000,1.5231
1637510,2.1000,1.5166
1638010,2.1000,1.5110
1638510,2.1000,1.5174
1639010,2.1000,1.5190
1639510,2.1000,1.5134
1640010,2.1000,1.5086
1640510,2.1000,1.5174
1641010,2.1000,1.5142
1641510,2.1000,1.5199
1642010,2.1000,1.5126
1642510,2.1000,1.5424
1643010,2.1000,1.5166
1643510,2.1000,1.5215
1644010,2.1000,1.5174
1644510,2.1000,1.5174
1645010,2.1000,1.5158
1645510,2.1000,1.5134
1646010,2.1000,1.5190
1646510,2.1000,1.5255
1647010,2.1000,1.5601
1647510,2.1000,1.5207
1648010,2.1000,1.5247
1648510,2.1000,1.5199
1649010,2.1000,1.5303
1649510,2.1000,1.5207
1650010,2.1000,1.5126
1650510,2.1000,1.5231
1651010,2.1000,1.5207
1651510,2.1000,1.5199
1652010,2.1000,1.5295
1652510,2.1000,1.5223
1653010,2.1000,1.5158
1653510,2.1000,1.5094
1654010,2.1000,1.5142
1654510,2.1000,1.5142
1655010,2.1000,1.5190
1655510,2.1000,1.5207
1656010,2.1000,1.5166
1656510,2.1000,1.5142
1657010,2.1000,1.5174
1657510,2.1000,1.5086
1658010,2.1000,1.5239
1658510,2.1000,1.5231
1659010,2.1000,1.5223
1659510,2.1000,1.5231
1660010,2.1000,1.5158
1660510,2.1000,1.5174
1661010,2.1000,1.5295
1661510,2.1000,1.5215
1662010,2.1000,1.5239
1662510,2.1000,1.5207
1663010,2.1000,1.5239
1663510,2.1000,1.5215
1664010,2.1000,1.5223
1664510,2.1000,1.5215
1665010,2.1000,1.4925
1665510,2.1000,1.5207
1666010,2.1000,1.5207
1666510,2.1000,1.5190
1667010,2.1000,1.5231
1667510,2.1000,1.5239
1668010,2.1000,1.5255
1668510,2.1000,1.5247
1669010,2.1000,1.5239
1669510,2.1000,1.5231
1670010,2.1000,1.5287
1670510,2.1000,1.5199
1671010,2.1000,1.5271
1671510,2.1000,1.5231
1672010,2.1000,1.5239
1672510,2.1000,1.5303
1673010,2.1000,1.5231
1673510,2.1000,1.5360
1674010,2.1000,1.5344
1674510,2.1000,1.5182
1675010,2.1000,1.5215
1675510,2.1000,1.5319
1676010,2.1000,1.5287
1676510,2.1000,1.5319
1677010,2.1000,1.5311
1677510,2.1000,1.5344
1678010,2.1000,1.5263
1678510,2.1000,1.5319
1679010,2.1000,1.5215
1679510,2.1000,1.5295
1680010,2.1000,1.5336
1680510,2.1000,1.5190
1681010,2.1000,1.5231
1681510,2.1000,1.5223
1682010,2.1000,1.5239
1682510,2.1000,1.5303
1683010,2.1000,1.5263
1683510,2.1000,1.5166
1684010,2.1000,1.5336
1684510,2.1000,1.5319
1685010,2.1000,1.5271
1685510,2.1000,1.5295
1686010,2.1000,1.5295
1686510,2.1000,1.5223
1687010,2.1000,1.5190
1687510,2.1000,1.5311
1688010,2.1000,1.5376
1688510,2.1000,1.5247
1689010,2.1000,1.5263
1689510,2.1000,1.5319
1690010,2.1000,1.5295
1690510,2.1000,1.5344
1691010,2.1000,1.5344
1691510,2.1000,1.5319
1692010,2.1000,1.5295
1692510,2.1000,1.5255
1693010,2.1000,1.5311
1693510,2.1000,1.5271
1694010,2.1000,1.5174
1694510,2.1000,1.5207
1695010,2.1000,1.5319
1695510,2.1000,1.5207
1696010,2.1000,1.5271
1696510,2.1000,1.5271
1697010,2.1000,1.5344
1697510,2.1000,1.5271
1698010,2.1000,1.5384
1698510,2.1000,1.5344
1699010,2.1000,1.5271
1699510,2.1000,1.5448
1700010,2.1000,1.5295
1700510,2.1000,1.5239
1701010,2.1000,1.5344
1701510,2.1000,1.5287
1702010,2.1000,1.5336
1702510,2.1000,1.5327
1703010,2.1000,1.5295
1703510,2.1000,1.5303
1704010,2.1000,1.5255
1704510,2.1000,1.5207
1705010,2.1000,1.5400
1705510,2.1000,1.5336
1706010,2.1000,1.5336
1706510,2.1000,1.5344
1707010,2.1000,1.5319
1707510,2.1000,1.5344
1708010,2.1000,1.5336
1708510,2.1000,1.5344
1709010,2.1000,1.5336
1709510,2.1000,1.5497
1710010,2.1000,1.5360
1710510,2.1000,1.5360
1711010,2.1000,1.5327
1711510,2.1000,1.5360
1712010,2.1000,1.5239
1712510,2.1000,1.5239
1713010,2.1000,1.5352
1713510,2.1000,1.5384
1714010,2.1000,1.5327
1714510,2.1000,1.5327
1715010,2.1000,1.5368
1715510,2.1000,1.5271
1716010,2.1000,1.5279
1716510,2.1000,1.5344
1717010,2.1000,1.5344
1717510,2.1000,1.5231
1718010,2.1000,1.5344
1718510,2.1000,1.5336
1719010,2.1000,1.5231
1719510,2.1000,1.5303
1720010,2.1000,1.5327
1720510,2.1000,1.5344
1721010,2.1000,1.5336
1721510,2.1000,1.5352
1722010,2.1000,1.5287
1722510,2.1000,1.5263
1723010,2.1000,1.5319
1723510,2.1000,1.5336
1724010,2.1000,1.5360
1724510,2.1000,1.5327
1725010,2.1000,1.5360
1725510,2.1000,1.5368
1726010,2.1000,1.5344
1726510,2.1000,1.5344
1727010,2.1000,1.5344
1727510,2.1000,1.5400
1728010,2.1000,1.5344
1728510,2.1000,1.5360
1729010,2.1000,1.5352
1729510,2.1000,1.5190
1730010,2.1000,1.5384
1730510,2.1000,1.5336
1731010,2.1000,1.5384
1731510,2.1000,1.5368
1732010,2.1000,1.5344
1732510,2.1000,1.5344
1733010,2.1000,1.5384
1733510,2.1000,1.5360
1734010,2.1000,1.5400
1734510,2.1000,1.5303
1735010,2.1000,1.5384
1735510,2.1000,1.5440
1736010,2.1000,1.5344
1736510,2.1000,1.5352
1737010,2.1000,1.5448
1737510,2.1000,1.5368
1738010,2.1000,1.5481
1738510,2.1000,1.5352
1739010,2.1000,1.5344
1739510,2.1000,1.5344
1740010,2.1000,1.5368
1740510,2.1000,1.5368
1741010,2.1000,1.5440
1741510,2.1000,1.5368
1742010,2.1000,1.5392
1742510,2.1000,1.5464
1743010,2.1000,1.5400
1743510,2.1000,1.5400
1744010,2.1000,1.5384
1744510,2.1000,1.5360
1745010,2.1000,1.5440
1745510,2.1000,1.5440
1746010,2.1000,1.5416
1746510,2.1000,1.5456
1747010,2.1000,1.5384
1747510,2.1000,1.5400
1748010,2.1000,1.5432
1748510,2.1000,1.5368
1749010,2.1000,1.5400
1749510,2.1000,1.5473
1750010,2.1000,1.5327
1750510,2.1000,1.5473
1751010,2.1000,1.5295
1751510,2.1000,1.5384
1752010,2.1000,1.5529
1752510,2.1000,1.5360
1753010,2.1000,1.5432
1753510,2.1000,1.5336
1754010,2.1000,1.5368
1754510,2.1000,1.5424
1755010,2.1000,1.5497
1755510,2.1000,1.5432
1756010,2.1000,1.5456
1756510,2.1000,1.5327
1757010,2.1000,1.5505
1757510,2.1000,1.5424
1758010,2.1000,1.5344
1758510,2.1000,1.5473
1759010,2.1000,1.5456
1759510,2.1000,1.5416
1760010,2.1000,1.5529
1760510,2.1000,1.5456
1761010,2.1000,1.5352
1761510,2.1000,1.5521
1762010,2.1000,1.5352
1762510,2.1000,1.5384
1763010,2.1000,1.5473
1763510,2.1000,1.5440
1764010,2.1000,1.5336
1764510,2.1000,1.5384
1765010,2.1000,1.5360
1765510,2.1000,1.5360
1766010,2.1000,1.5473
1766510,2.1000,1.5440
1767010,2.1000,1.5327
1767510,2.1000,1.5392
1768010,2.1000,1.5344
1768510,2.1000,1.5481
1769010,2.1000,1.5344
1769510,2.1000,1.5473
1770010,2.1000,1.5384
1770510,2.1000,1.5618
1771010,2.1000,1.5295
1771510,2.1000,1.5142
1772010,2.1000,1.5432
1772510,2.1000,1.5424
1773010,2.1000,1.5448
1773510,2.1000,1.5553
1774010,2.1000,1.5392
1774510,2.1000,1.5456
1775010,2.1000,1.5432
1775510,2.1000,1.5464
1776010,2.1000,1.5456
1776510,2.1000,1.5473
1777010,2.1000,1.5513
1777510,2.1000,1.5344
1778010,2.1000,1.5424
1778510,2.1000,1.5368
1779010,2.1000,1.5360
1779510,2.1000,1.5464
1780010,2.1000,1.5360
1780510,2.1000,1.5360
1781010,2.1000,1.5416
1781510,2.1000,1.5440
1782010,2.1000,1.5368
1782510,2.1000,1.5473
1783010,2.1000,1.5432
1783510,2.1000,1.5529
1784010,2.1000,1.5432
1784510,2.1000,1.5416
1785010,2.1000,1.5481
1785510,2.1000,1.5448
1786010,2.1000,1.5650
1786510,2.1000,1.5384
1787010,2.1000,1.5344
1787510,2.1000,1.5424
1788010,2.1000,1.5424
1788510,2.1000,1.5513
1789010,2.1000,1.5473
1789510,2.1000,1.5344
1790010,2.1000,1.5392
1790510,2.1000,1.5456
1791010,2.1000,1.5464
1791510,2.1000,1.5481
1792010,2.1000,1.5448
1792510,2.1000,1.5513
1793010,2.1000,1.5392
1793510,2.1000,1.5529
1794010,2.1000,1.5432
1794510,2.1000,1.5384
1795010,2.1000,1.5513
1795510,2.1000,1.5521
1796010,2.1000,1.5473
1796510,2.1000,1.5481
1797010,2.1000,1.5561
1797510,2.1000,1.5513
1798010,2.1000,1.5481
1798510,2.1000,1.5497
1799010,2.1000,1.5400
1799510,2.1000,1.5577
1800010,2.1000,1.5561
1800510,2.1000,1.5489
1801010,2.1000,1.5545
1801510,2.1000,1.5473
1802010,2.1000,1.5489
1802510,2.1000,1.5481
1803010,2.1000,1.5626
1803510,2.1000,1.5440
1804010,2.1000,1.5464
1804510,2.1000,1.5473
1805010,2.1000,1.5424
1805510,2.1000,1.5448
1806010,2.1000,1.5505
1806510,2.1000,1.5424
1807010,2.1000,1.5521
1807510,2.1000,1.5344
1808010,2.1000,1.5513
1808510,2.1000,1.5545
1809010,2.1000,1.5601
1809510,2.1000,1.5464
1810010,2.1000,1.5529
1810510,2.1000,1.5545
1811010,2.1000,1.5529
1811510,2.1000,1.5505
1812010,2.1000,1.5456
1812510,2.1000,1.5481
1813010,2.1000,1.5392
1813510,2.1000,1.5497
1814010,2.1000,1.5521
1814510,2.1000,1.5489
1815010,2.1000,1.5473
1815510,2.1000,1.5521
1816010,2.1000,1.5448
1816510,2.1000,1.5674
1817010,2.1000,1.5513
1817510,2.1000,1.5473
1818010,2.1000,1.5601
1818510,2.1000,1.5473
1819010,2.1000,1.5545
1819510,2.1000,1.5601
1820010,2.1000,1.5456
1820510,2.1000,1.5561
1821010,2.1000,1.5489
1821510,2.1000,1.5553
1822010,2.1000,1.5577
1822510,2.1000,1.5553
1823010,2.1000,1.5473
1823510,2.1000,1.5601
1824010,2.1000,1.5497
1824510,2.1000,1.5481
1825010,2.1000,1.5448
1825510,2.1000,1.5231
1826010,2.1000,1.5561
1826510,2.1000,1.5497
1827010,2.1000,1.5481
1827510,2.1000,1.5601
1828010,2.1000,1.5545
1828510,2.1000,1.5497
1829010,2.1000,1.5416
1829510,2.1000,1.5601
1830010,2.1000,1.5722
1830510,2.1000,1.5593
1831010,2.1000,1.5618
1831510,2.1000,1.5561
1832010,2.1000,1.5231
1832510,2.1000,1.5497
1833010,2.1000,1.5521
1833510,2.1000,1.5497
1834010,2.1000,1.5513
1834510,2.1000,1.5529
1835010,2.1000,1.5561
1835510,2.1000,1.5521
1836010,2.1000,1.5545
1836510,2.1000,1.5319
1837010,2.1000,1.5601
1837510,2.1000,1.5585
1838010,2.1000,1.5513
1838510,2.1000,1.5497
1839010,2.1000,1.5585
1839510,2.1000,1.5537
1840010,2.1000,1.5553
1840510,2.1000,1.5634
1841010,2.1000,1.5577
1841510,2.1000,1.5561
1842010,2.1000,1.5553
1842510,2.1000,1.5610
1843010,2.1000,1.5473
1843510,2.1000,1.5553
1844010,2.1000,1.5577
1844510,2.1000,1.5529
1845010,2.1000,1.5561
1845510,2.1000,1.5601
1846010,2.1000,1.5601
1846510,2.1000,1.5529
1847010,2.1000,1.5416
1847510,2.1000,1.5505
1848010,2.1000,1.5601
1848510,2.1000,1.5618
1849010,2.1000,1.5601
1849510,2.1000,1.5561
1850010,2.1000,1.5618
1850510,2.1000,1.5521
1851010,2.1000,1.5593
1851510,2.1000,1.5610
1852010,2.1000,1.5601
1852510,2.1000,1.5553
1853010,2.1000,1.5545
1853510,2.1000,1.5561
1854010,2.1000,1.5601
1854510,2.1000,1.5537
1855010,2.1000,1.5545
1855510,2.1000,1.5658
1856010,2.1000,1.5601
1856510,2.1000,1.5722
1857010,2.1000,1.5577
1857510,2.1000,1.5626
1858010,2.1000,1.5585
1858510,2.1000,1.5650
1859010,2.1000,1.5593
1859510,2.1000,1.5875
1860010,2.1000,1.5569
1860510,2.1000,1.5650
1861010,2.1000,1.5569
1861510,2.1000,1.5577
1862010,2.1000,1.5601
1862510,2.1000,1.5690
1863010,2.1000,1.5585
1863510,2.1000,1.5601
1864010,2.1000,1.5682
1864510,2.1000,1.5577
1865010,2.1000,1.5626
1865510,2.1000,1.5553
1866010,2.1000,1.5618
1866510,2.1000,1.5593
1867010,2.1000,1.5545
1867510,2.1000,1.5626
1868010,2.1000,1.5601
1868510,2.1000,1.5674
1869010,2.1000,1.5706
1869510,2.1000,1.5626
1870010,2.1000,1.5601
1870510,2.1000,1.5642
1871010,2.1000,1.5577
1871510,2.1000,1.5577
1872010,2.1000,1.5577
1872510,2.1000,1.5747
1873010,2.1000,1.5642
1873510,2.1000,1.5537
1874010,2.1000,1.5642
1874510,2.1000,1.5618
1875010,2.1000,1.5601
1875510,2.1000,1.5569
1876010,2.1000,1.5658
1876510,2.1000,1.5618
1877010,2.1000,1.5610
1877510,2.1000,1.5585
1878010,2.1000,1.5481
1878510,2.1000,1.5618
1879010,2.1000,1.5553
1879510,2.1000,1.5690
1880010,2.1000,1.5618
1880510,2.1000,1.5634
1881010,2.1000,1.5593
1881510,2.1000,1.5610
1882010,2.1000,1.5593
1882510,2.1000,1.5505
1883010,2.1000,1.5553
1883510,2.1000,1.5618
1884010,2.1000,1.5601
1884510,2.1000,1.5658
1885010,2.1000,1.5577
1885510,2.1000,1.5473
1886010,2.1000,1.5513
1886510,2.1000,1.5642
1887010,2.1000,1.5650
1887510,2.1000,1.5601
1888010,2.1000,1.5610
1888510,2.1000,1.5585
1889010,2.1000,1.5626
1889510,2.1000,1.5779
1890010,2.1000,1.5698
1890510,2.1000,1.5585
1891010,2.1000,1.5601
1891510,2.1000,1.5642
1892010,2.1000,1.5690
1892510,2.1000,1.5690
1893010,2.1000,1.5618
1893510,2.1000,1.5601
1894010,2.1000,1.5634
1894510,2.1000,1.5601
1895010,2.1000,1.5626
1895510,2.1000,1.5585
1896010,2.1000,1.5819
1896510,2.1000,1.5610
1897010,2.1000,1.5658
1897510,2.1000,1.5698
1898010,2.1000,1.5618
1898510,2.1000,1.5618
1899010,2.1000,1.5674
1899510,2.1000,1.5690
1900010,2.1000,1.5690
1900510,2.1000,1.5650
1901010,2.1000,1.5545
1901510,2.1000,1.5601
1902010,2.1000,1.5642
1902510,2.1000,1.5601
1903010,2.1000,1.5714
1903510,2.1000,1.5642
1904010,2.1000,1.5569
1904510,2.1000,1.5626
1905010,2.1000,1.5626
1905510,2.1000,1.5650
1906010,2.1000,1.5690
1906510,2.1000,1.5650
1907010,2.1000,1.5626
1907510,2.1000,1.5682
1908010,2.1000,1.5650
1908510,2.1000,1.5634
1909010,2.1000,1.5658
1909510,2.1000,1.5626
1910010,2.1000,1.5714
1910510,2.1000,1.5642
1911010,2.1000,1.5690
1911510,2.1000,1.5730
1912010,2.1000,1.5553
1912510,2.1000,1.5722
1913010,2.1000,1.5626
1913510,2.1000,1.5706
1914010,2.1000,1.5690
1914510,2.1000,1.5682
1915010,2.1000,1.5690
1915510,2.1000,1.5634
1916010,2.1000,1.5650
1916510,2.1000,1.5730
1917010,2.1000,1.5674
1917510,2.1000,1.5489
1918010,2.1000,1.5610
1918510,2.1000,1.5722
1919010,2.1000,1.5730
1919510,2.1000,1.5706
1920010,2.1000,1.5682
1920510,2.1000,1.5674
1921010,2.1000,1.5819
1921510,2.1000,1.5618
1922010,2.1000,1.5706
1922510,2.1000,1.5819
1923010,2.1000,1.5690
1923510,2.1000,1.5738
1924010,2.1000,1.5722
1924510,2.1000,1.5730
1925010,2.1000,1.5722
1925510,2.1000,1.5618
1926010,2.1000,1.5859
1926510,2.1000,1.5642
1927010,2.1000,1.5714
1927510,2.1000,1.5473
1928010,2.1000,1.5706
1928510,2.1000,1.5771
1929010,2.1000,1.5811
1929510,2.1000,1.5738
1930010,2.1000,1.5674
1930510,2.1000,1.5738
1931010,2.1000,1.5682
1931510,2.1000,1.5690
1932010,2.1000,1.5714
1932510,2.1000,1.5747
1933010,2.1000,1.5497
1933510,2.1000,1.5738
1934010,2.1000,1.5763
1934510,2.1000,1.5674
1935010,2.1000,1.5698
1935510,2.1000,1.5714
1936010,2.1000,1.5690
1936510,2.1000,1.5835
1937010,2.1000,1.5690
1937510,2.1000,1.5610
1938010,2.1000,1.5336
1938510,2.1000,1.5706
1939010,2.1000,1.5811
1939510,2.1000,1.5755
1940010,2.1000,1.5714
1940510,2.1000,1.5763
1941010,2.1000,1.5650
1941510,2.1000,1.5658
1942010,2.1000,1.5771
1942510,2.1000,1.5755
1943010,2.1000,1.5714
1943510,2.1000,1.5650
1944010,2.1000,1.5714
1944510,2.1000,1.5658
1945010,2.1000,1.5738
1945510,2.1000,1.5722
1946010,2.1000,1.5747
1946510,2.1000,1.5722
1947010,2.1000,1.5706
1947510,2.1000,1.5738
1948010,2.1000,1.5650
1948510,2.1000,1.5690
1949010,2.1000,1.5626
1949510,2.1000,1.5714
1950010,2.1000,1.5706
1950510,2.1000,1.5827
1951010,2.1000,1.5650
1951510,2.1000,1.5738
1952010,2.1000,1.5714
1952510,2.1000,1.5859
1953010,2.1000,1.5755
1953510,2.1000,1.5722
1954010,2.1000,1.5771
1954510,2.1000,1.5779
1955010,2.1000,1.5811
1955510,2.1000,1.5738
1956010,2.1000,1.5787
1956510,2.1000,1.5755
1957010,2.1000,1.5843
1957510,2.1000,1.5827
1958010,2.1000,1.5577
1958510,2.1000,1.5859
1959010,2.1000,1.5650
1959510,2.1000,1.5722
1960010,2.1000,1.5738
1960510,2.1000,1.5690
1961010,2.1000,1.5747
1961510,2.1000,1.5722
1962010,2.1000,1.5916
1962510,2.1000,1.5722
1963010,2.1000,1.5787
1963510,2.1000,1.5738
1964010,2.1000,1.5714
1964510,2.1000,1.5650
1965010,2.1000,1.5730
1965510,2.1000,1.5634
1966010,2.1000,1.5730
1966510,2.1000,1.5787
1967010,2.1000,1.5706
1967510,2.1000,1.5755
1968010,2.1000,1.5738
1968510,2.1000,1.5682
1969010,2.1000,1.5424
1969510,2.1000,1.5843
1970010,2.1000,1.5747
1970510,2.1000,1.5722
1971010,2.1000,1.5972
1971510,2.1000,1.5787
1972010,2.1000,1.5674
1972510,2.1000,1.5601
1973010,2.1000,1.5811
1973510,2.1000,1.5658
1974010,2.1000,1.5747
1974510,2.1000,1.5811
1975010,2.1000,1.5771
1975510,2.1000,1.5714
1976010,2.1000,1.5714
1976510,2.1000,1.5972
1977010,2.1000,1.5618
1977510,2.1000,1.5722
1978010,2.1000,1.5763
1978510,2.1000,1.5747
1979010,2.1000,1.5360
1979510,2.1000,1.5690
1980010,2.1000,1.5722
1980510,2.1000,1.5714
1981010,2.1000,1.5787
1981510,2.1000,1.5787
1982010,2.1000,1.5956
1982510,2.1000,1.5698
1983010,2.1000,1.5779
1983510,2.1000,1.5674
1984010,2.1000,1.5803
1984510,2.1000,1.5738
1985010,2.1000,1.5803
1985510,2.1000,1.5884
1986010,2.1000,1.5803
1986510,2.1000,1.5795
1987010,2.1000,1.5819
1987510,2.1000,1.5827
1988010,2.1000,1.5803
1988510,2.1000,1.5859
1989010,2.1000,1.5787
1989510,2.1000,1.5819
1990010,2.1000,1.5779
1990510,2.1000,1.5819
1991010,2.1000,1.5787
1991510,2.1000,1.5843
1992010,2.1000,1.5634
1992510,2.1000,1.5682
1993010,2.1000,1.5763
1993510,2.1000,1.5875
1994010,2.1000,1.5803
1994510,2.1000,1.5771
1995010,2.1000,1.5747
1995510,2.1000,1.5755
1996010,2.1000,1.5682
1996510,2.1000,1.5722
1997010,2.1000,1.5779
1997510,2.1000,1.5650
1998010,2.1000,1.5819
1998510,2.1000,1.5722
1999010,2.1000,1.5819
1999510,2.1000,1.5771
2000010,2.1000,1.5819
2000510,2.1000,1.5819
2001010,2.1000,1.5819
2001510,2.1000,1.5867
2002010,2.1000,1.5916
2002510,2.1000,1.5738
2003010,2.1000,1.5658
2003510,2.1000,1.5819
2004010,2.1000,1.5747
2004510,2.1000,1.5779
2005010,2.1000,1.5892
2005510,2.1000,1.5884
2006010,2.1000,1.5811
2006510,2.1000,1.5755
2007010,2.1000,1.5859
2007510,2.1000,1.5779
2008010,2.1000,1.5859
2008510,2.1000,1.5851
2009010,2.1000,1.5819
2009510,2.1000,1.5827
2010010,2.1000,1.5811
2010510,2.1000,1.5811
2011010,2.1000,1.5843
2011510,2.1000,1.5859
2012010,2.1000,1.5787
2012510,2.1000,1.5827
2013010,2.1000,1.5859
2013510,2.1000,1.6375
2014010,2.1000,1.5787
2014510,2.1000,1.5859
2015010,2.1000,1.5730
2015510,2.1000,1.5859
2016010,2.1000,1.5787
2016510,2.1000,1.5819
2017010,2.1000,1.5859
2017510,2.1000,1.5859
2018010,2.1000,1.5835
2018510,2.1000,1.5859
2019010,2.1000,1.5859
2019510,2.1000,1.5892
2020010,2.1000,1.5859
2020510,2.1000,1.5795
2021010,2.1000,1.5811
2021510,2.1000,1.5835
2022010,2.1000,1.5851
2022510,2.1000,1.5811
2023010,2.1000,1.5819
2023510,2.1000,1.5867
2024010,2.1000,1.5859
2024510,2.1000,1.5811
2025010,2.1000,1.5819
2025510,2.1000,1.5867
2026010,2.1000,1.5859
2026510,2.1000,1.5819
2027010,2.1000,1.5859
2027510,2.1000,1.5884
2028010,2.1000,1.5827
2028510,2.1000,1.5787
2029010,2.1000,1.5964
2029510,2.1000,1.5875
2030010,2.1000,1.5787
2030510,2.1000,1.5908
2031010,2.1000,1.5859
2031510,2.1000,1.5859
2032010,2.1000,1.5859
2032510,2.1000,1.5900
2033010,2.1000,1.5811
2033510,2.1000,1.5682
2034010,2.1000,1.5867
2034510,2.1000,1.5884
2035010,2.1000,1.5932
2035510,2.1000,1.5859
2036010,2.1000,1.5843
2036510,2.1000,1.5771
2037010,2.1000,1.5859
2037510,2.1000,1.5900
2038010,2.1000,1.5819
2038510,2.1000,1.5884
2039010,2.1000,1.5859
2039510,2.1000,1.5988
2040010,2.1000,1.5859
2040510,2.1000,1.5884
2041010,2.1000,1.6012
2041510,2.1000,1.6198
2042010,2.1000,1.5940
2042510,2.1000,1.6069
2043010,2.1000,1.5980
2043510,2.1000,1.5908
2044010,2.1000,1.5916
2044510,2.1000,1.5803
2045010,2.1000,1.5851
2045510,2.1000,1.5916
2046010,2.1000,1.5900
2046510,2.1000,1.5803
2047010,2.1000,1.5867
2047510,2.1000,1.5940
2048010,2.1000,1.5940
2048510,2.1000,1.5900
2049010,2.1000,1.5875
2049510,2.1000,1.5747
2050010,2.1000,1.5875
2050510,2.1000,1.5892
2051010,2.1000,1.5851
2051510,2.1000,1.5916
2052010,2.1000,1.5835
2052510,2.1000,1.5875
2053010,2.1000,1.5908
2053510,2.1000,1.5900
2054010,2.1000,1.5980
2054510,2.1000,1.5932
2055010,2.1000,1.5916
2055510,2.1000,1.5859
2056010,2.1000,1.5916
2056510,2.1000,1.5908
2057010,2.1000,1.5932
2057510,2.1000,1.5988
2058010,2.1000,1.5884
2058510,2.1000,1.5964
2059010,2.1000,1.5900
2059510,2.1000,1.5916
2060010,2.1000,1.5916
2060510,2.1000,1.5916
2061010,2.1000,1.5908
2061510,2.1000,1.5940
2062010,2.1000,1.5859
2062510,2.1000,1.5884
2063010,2.1000,1.6077
2063510,2.1000,1.5884
2064010,2.1000,1.5916
2064510,2.1000,1.5980
2065010,2.1000,1.6004
2065510,2.1000,1.5940
2066010,2.1000,1.5900
2066510,2.1000,1.5859
2067010,2.1000,1.5964
2067510,2.1000,1.5908
2068010,2.1000,1.5884
2068510,2.1000,1.5859
2069010,2.1000,1.5867
2069510,2.1000,1.5932
2070010,2.1000,1.5900
2070510,2.1000,1.5811
2071010,2.1000,1.5964
2071510,2.1000,1.5964
2072010,2.1000,1.5859
2072510,2.1000,1.5908
2073010,2.1000,1.5892
2073510,2.1000,1.5972
2074010,2.1000,1.6029
2074510,2.1000,1.5972
2075010,2.1000,1.5867
2075510,2.1000,1.5980
2076010,2.1000,1.6029
2076510,2.1000,1.5948
2077010,2.1000,1.5996
2077510,2.1000,1.5948
2078010,2.1000,1.5900
2078510,2.1000,1.5900
2079010,2.1000,1.5956
2079510,2.1000,1.5980
2080010,2.1000,1.5956
2080510,2.1000,1.5988
2081010,2.1000,1.5932
2081510,2.1000,1.5892
2082010,2.1000,1.5924
2082510,2.1000,1.5900
2083010,2.1000,1.5972
2083510,2.1000,1.6004
2084010,2.1000,1.5996
2084510,2.1000,1.5867
2085010,2.1000,1.5900
2085510,2.1000,1.5916
2086010,2.1000,1.5940
2086510,2.1000,1.5892
2087010,2.1000,1.7020
2087510,2.1000,1.6633
2088010,2.1000,1.6681
2088510,2.1000,1.6657
2089010,2.1000,1.6689
2089510,2.1000,1.6673
2090010,2.1000,1.6657
2090510,2.1000,1.6649
2091010,2.1000,1.6641
2091510,2.1000,1.6738
2092010,2.1000,1.6665
2092510,2.1000,1.6681
2093010,2.1000,1.6689
2093510,2.1000,1.6673
2094010,2.1000,1.6714
2094510,2.1000,1.6673
2095010,2.1000,1.6673
2095510,2.1000,1.6577
2096010,2.1000,1.6633
2096510,2.1000,1.6641
2097010,2.1000,1.6665
2097510,2.1000,1.6625
2098010,2.1000,1.6633
2098510,2.1000,1.6593
2099010,2.1000,1.6472
2099510,2.1000,1.6617
2100010,2.1000,1.6423
2100510,2.1000,1.6609
2101010,2.1000,1.6689
2101510,2.1000,1.6633
2102010,2.1000,1.6705
2102510,2.1000,1.6633
2103010,2.1000,1.6609
2103510,2.1000,1.6633
2104010,2.1000,1.6528
2104510,2.1000,1.6657
2105010,2.1000,1.6625
2105510,2.1000,1.6633
2106010,2.1000,1.6609
2106510,2.1000,1.6746
2107010,2.1000,1.6544
2107510,2.1000,1.6681
2108010,2.1000,1.6633
2108510,2.1000,1.6875
2109010,2.1000,1.6593
2109510,2.1000,1.6585
2110010,2.1000,1.6593
2110510,2.1000,1.6601
2111010,2.1000,1.6609
2111510,2.1000,1.6625
2112010,2.1000,1.6641
2112510,2.1000,1.6633
2113010,2.1000,1.6633
2113510,2.1000,1.6730
2114010,2.1000,1.6641
2114510,2.1000,1.6593
2115010,2.1000,1.6633
2115510,2.1000,1.6746
2116010,2.1000,1.6617
2116510,2.1000,1.6560
2117010,2.1000,1.6657
2117510,2.1000,1.6673
2118010,2.1000,1.6351
2118510,2.1000,1.6625
2119010,2.1000,1.6633
2119510,2.1000,1.6649
2120010,2.1000,1.6496
2120510,2.1000,1.6633
2121010,2.1000,1.6641
2121510,2.1000,1.6633
2122010,2.1000,1.6689
2122510,2.1000,1.6705
2123010,2.1000,1.6625
2123510,2.1000,1.6689
2124010,2.1000,1.6633
2124510,2.1000,1.6472
2125010,2.1000,1.6762
2125510,2.1000,1.6633
2126010,2.1000,1.6641
2126510,2.1000,1.6593
2127010,2.1000,1.6649
2127510,2.1000,1.6633
2128010,2.1000,1.6665
2128510,2.1000,1.6633
2129010,2.1000,1.6464
2129510,2.1000,1.6681
2130010,2.1000,1.6585
2130510,2.1000,1.6633
2131010,2.1000,1.6633
2131510,2.1000,1.6657
2132010,2.1000,1.6577
2132510,2.1000,1.6496
2133010,2.1000,1.6681
2133510,2.1000,1.6617
2134010,2.1000,1.6689
2134510,2.1000,1.6609
2135010,2.1000,1.6714
2135510,2.1000,1.6867
2136010,2.1000,1.6673
2136510,2.1000,1.6544
2137010,2.1000,1.6649
2137510,2.1000,1.6568
2138010,2.1000,1.6593
2138510,2.1000,1.6609
2139010,2.1000,1.6432
2139510,2.1000,1.6625
2140010,2.1000,1.6681
2140510,2.1000,1.6633
2141010,2.1000,1.6633
2141510,2.1000,1.6496
2142010,2.1000,1.6633
2142510,2.1000,1.6617
2143010,2.1000,1.6633
2143510,2.1000,1.6689
2144010,2.1000,1.6617
2144510,2.1000,1.6649
2145010,2.1000,1.6407
2145510,2.1000,1.6585
2146010,2.1000,1.6585
2146510,2.1000,1.6641
2147010,2.1000,1.6633
2147510,2.1000,1.6633
2148010,2.1000,1.6641
2148510,2.1000,1.6585
2149010,2.1000,1.6641
2149510,2.1000,1.6899
2150010,2.1000,1.6689
2150510,2.1000,1.6609
2151010,2.1000,1.6625
2151510,2.1000,1.6625
2152010,2.1000,1.6488
2152510,2.1000,1.6625
2153010,2.1000,1.6552
2153510,2.1000,1.6560
2154010,2.1000,1.6496
2154510,2.1000,1.6609
2155010,2.1000,1.6544
2155510,2.1000,1.6367
2156010,2.1000,1.6577
2156510,2.1000,1.6617
2157010,2.1000,1.6609
2157510,2.1000,1.6633
2158010,2.1000,1.6593
2158510,2.1000,1.6552
2159010,2.1000,1.6633
2159510,2.1000,1.6593
2160010,2.1000,1.6617
2160510,2.1000,1.6593
2161010,2.1000,1.6577
2161510,2.1000,1.6689
2162010,2.1000,1.6617
2162510,2.1000,1.6609
2163010,2.1000,1.6681
2163510,2.1000,1.6496
2164010,2.1000,1.6633
2164510,2.1000,1.6633
2165010,2.1000,1.6625
2165510,2.1000,1.6762
2166010,2.1000,1.6617
2166510,2.1000,1.6593
2167010,2.1000,1.6633
2167510,2.1000,1.6544
2168010,2.1000,1.6633
2168510,2.1000,1.6577
2169010,2.1000,1.6560
2169510,2.1000,1.6633
2170010,2.1000,1.6657
2170510,2.1000,1.6633
2171010,2.1000,1.6585
2171510,2.1000,1.6593
2172010,2.1000,1.6633
2172510,2.1000,1.6359
2173010,2.1000,1.6697
2173510,2.1000,1.6633
2174010,2.1000,1.6842
2174510,2.1000,1.6633
2175010,2.1000,1.6665
2175510,2.1000,1.6383
2176010,2.1000,1.6746
2176510,2.1000,1.6617
2177010,2.1000,1.6560
2177510,2.1000,1.6577
2178010,2.1000,1.6641
2178510,2.1000,1.6649
2179010,2.1000,1.6625
2179510,2.1000,1.6633
2180010,2.1000,1.6577
2180510,2.1000,1.6617
2181010,2.1000,1.6633
2181510,2.1000,1.6617
2182010,2.1000,1.6552
2182510,2.1000,1.6657
2183010,2.1000,1.6585
2183510,2.1000,1.6633
2184010,2.1000,1.6633
2184510,2.1000,1.6633
2185010,2.1000,1.6456
2185510,2.1000,1.6746
2186010,2.1000,1.6585
2186510,2.1000,1.6544
2187010,2.1000,1.6568
2187510,2.1000,1.6641
2188010,2.1000,1.6577
2188510,2.1000,1.6617
2189010,2.1000,1.6568
2189510,2.1000,1.6585
2190010,2.1000,1.6593
2190510,2.1000,1.6577
2191010,2.1000,1.6617
2191510,2.1000,1.6633
2192010,2.1000,1.6778
2192510,2.1000,1.6633
2193010,2.1000,1.6762
2193510,2.1000,1.5859
2194010,2.1000,1.6415
2194510,2.1000,1.6560
2195010,2.1000,1.6593
2195510,2.1000,1.6496
2196010,2.1000,1.6617
2196510,2.1000,1.6641
2197010,2.1000,1.6585
2197510,2.1000,1.6415
2198010,2.1000,1.6633
2198510,2.1000,1.6593
2199010,2.1000,1.6593
2199510,2.1000,1.6246
2200010,2.1000,1.6657
2200510,2.1000,1.6770
2201010,2.1000,1.6770
2201510,2.1000,1.6633
2202010,2.1000,1.6681
2202510,2.1000,1.6657
2203010,2.1000,1.6625
2203510,2.1000,1.6641
2204010,2.1000,1.6649
2204510,2.1000,1.6625
2205010,2.1000,1.6681
2205510,2.1000,1.6681
2206010,2.1000,1.6705
2206510,2.1000,1.6633
2207010,2.1000,1.6568
2207510,2.1000,1.6617
2208010,2.1000,1.6657
2208510,2.1000,1.6641
2209010,2.1000,1.6625
2209510,2.1000,1.6560
2210010,2.1000,1.6689
2210510,2.1000,1.6633
2211010,2.1000,1.6593
2211510,2.1000,1.6609
2212010,2.1000,1.6544
2212510,2.1000,1.6649
2213010,2.1000,1.6714
2213510,2.1000,1.6617
2214010,2.1000,1.6633
2214510,2.1000,1.6673
2215010,2.1000,1.6673
2215510,2.1000,1.6577
2216010,2.1000,1.6633
2216510,2.1000,1.6633
2217010,2.1000,1.6585
2217510,2.1000,1.6496
2218010,2.1000,1.6609
2218510,2.1000,1.6665
2219010,2.1000,1.6480
2219510,2.1000,1.6649
2220010,2.1000,1.6633
2220510,2.1000,1.6641
2221010,2.1000,1.6625
2221510,2.1000,1.6633
2222010,2.1000,1.6552
2222510,2.1000,1.6544
2223010,2.1000,1.6399
2223510,2.1000,1.6633
2224010,2.1000,1.6633
2224510,2.1000,1.6641
2225010,2.1000,1.6641
2225510,2.1000,1.6617
2226010,2.1000,1.6456
2226510,2.1000,1.6633
2227010,2.1000,1.6625
2227510,2.1000,1.6762
2228010,2.1000,1.6593
2228510,2.1000,1.6625
2229010,2.1000,1.6673
2229510,2.1000,1.6722
2230010,2.1000,1.6649
2230510,2.1000,1.6649
2231010,2.1000,1.6633
2231510,2.1000,1.6625
2232010,2.1000,1.6633
2232510,2.1000,1.6641
2233010,2.1000,1.6641
2233510,2.1000,1.6657
2234010,2.1000,1.6649
2234510,2.1000,1.6633
2235010,2.1000,1.6496
2235510,2.1000,1.6633
2236010,2.1000,1.6681
2236510,2.1000,1.6617
2237010,2.1000,1.6714
2237510,2.1000,1.6552
2238010,2.1000,1.6480
2238510,2.1000,1.6633
2239010,2.1000,1.6657
2239510,2.1000,1.6593
2240010,2.1000,1.6488
2240510,2.1000,1.6641
2241010,2.1000,1.6649
2241510,2.1000,1.6649
2242010,2.1000,1.6641
2242510,2.1000,1.6560
2243010,2.1000,1.6722
2243510,2.1000,1.6714
2244010,2.1000,1.6665
2244510,2.1000,1.6641
2245010,2.1000,1.6673
2245510,2.1000,1.6657
2246010,2.1000,1.6617
2246510,2.1000,1.6689
2247010,2.1000,1.6633
2247510,2.1000,1.6649
2248010,2.1000,1.6754
2248510,2.1000,1.6585
2249010,2.1000,1.6633
2249510,2.1000,1.6633
2250010,2.1000,1.6730
2250510,2.1000,1.6633
2251010,2.1000,1.6649
2251510,2.1000,1.6633
2252010,2.1000,1.6617
2252510,2.1000,1.6673
2253010,2.1000,1.6633
2253510,2.1000,1.6625
2254010,2.1000,1.6633
2254510,2.1000,1.6617
2255010,2.1000,1.6633
2255510,2.1000,1.6649
2256010,2.1000,1.6657
2256510,2.1000,1.6617
2257010,2.1000,1.6641
2257510,2.1000,1.6673
2258010,2.1000,1.6705
2258510,2.1000,1.6681
2259010,2.1000,1.6657
2259510,2.1000,1.6722
2260010,2.1000,1.6673
2260510,2.1000,1.6657
2261010,2.1000,1.6641
2261510,2.1000,1.6593
2262010,2.1000,1.6705
2262510,2.1000,1.6649
2263010,2.1000,1.6633
2263510,2.1000,1.6714
2264010,2.1000,1.6681
2264510,2.1000,1.6705
2265010,2.1000,1.6617
2265510,2.1000,1.6689
2266010,2.1000,1.6681
2266510,2.1000,1.6601
2267010,2.1000,1.6641
2267510,2.1000,1.6673
2268010,2.1000,1.6673
2268510,2.1000,1.6705
2269010,2.1000,1.6617
2269510,2.1000,1.6625
2270010,2.1000,1.6673
2270510,2.1000,1.6746
2271010,2.1000,1.6633
2271510,2.1000,1.6754
2272010,2.1000,1.6641
2272510,2.1000,1.6714
2273010,2.1000,1.6673
2273510,2.1000,1.6762
2274010,2.1000,1.6673
2274510,2.1000,1.6730
2275010,2.1000,1.6641
2275510,2.1000,1.6657
2276010,2.1000,1.6657
2276510,2.1000,1.6625
2277010,2.1000,1.6609
2277510,2.1000,1.6714
2278010,2.1000,1.6496
2278510,2.1000,1.6786
2279010,2.1000,1.6722
2279510,2.1000,1.6722
2280010,2.1000,1.6649
2280510,2.1000,1.6641
2281010,2.1000,1.6746
2281510,2.1000,1.6633
2282010,2.1000,1.6577
2282510,2.1000,1.6714
2283010,2.1000,1.6673
2283510,2.1000,1.6722
2284010,2.1000,1.6609
2284510,2.1000,1.6633
2285010,2.1000,1.6665
2285510,2.1000,1.6657
2286010,2.1000,1.6641
2286510,2.1000,1.6705
2287010,2.1000,1.6657
2287510,2.1000,1.6633
2288010,2.1000,1.6705
2288510,2.1000,1.6681
2289010,2.1000,1.6577
2289510,2.1000,1.6617
2290010,2.1000,1.6681
2290510,2.1000,1.6681
2291010,2.1000,1.6641
2291510,2.1000,1.6689
2292010,2.1000,1.6794
2292510,2.1000,1.6681
2293010,2.1000,1.6673
2293510,2.1000,1.6423
2294010,2.1000,1.6609
2294510,2.1000,1.6641
2295010,2.1000,1.6730
2295510,2.1000,1.6681
2296010,2.1000,1.6552
2296510,2.1000,1.6641
2297010,2.1000,1.6633
2297510,2.1000,1.6722
2298010,2.1000,1.6649
2298510,2.1000,1.6714
2299010,2.1000,1.6633
2299510,2.1000,1.6625
2300010,2.1000,1.6585
2300510,2.1000,1.6689
2301010,2.1000,1.6657
2301510,2.1000,1.6770
2302010,2.1000,1.6722
2302510,2.1000,1.6657
2303010,2.1000,1.6891
2303510,2.1000,1.6657
2304010,2.1000,1.6730
2304510,2.1000,1.6577
2305010,2.1000,1.6818
2305510,2.1000,1.6552
2306010,2.1000,1.6657
2306510,2.1000,1.6689
2307010,2.1000,1.6633
2307510,2.1000,1.6689
2308010,2.1000,1.6649
2308510,2.1000,1.6689
2309010,2.1000,1.6722
2309510,2.1000,1.6754
2310010,2.1000,1.6770
2310510,2.1000,1.6722
2311010,2.1000,1.6617
2311510,2.1000,1.6883
2312010,2.1000,1.6681
2312510,2.1000,1.6689
2313010,2.1000,1.6754
2313510,2.1000,1.6681
2314010,2.1000,1.6649
2314510,2.1000,1.6641
2315010,2.1000,1.6432
2315510,2.1000,1.6665
2316010,2.1000,1.6544
2316510,2.1000,1.6714
2317010,2.1000,1.6722
2317510,2.1000,1.6633
2318010,2.1000,1.6762
2318510,2.1000,1.6891
2319010,2.1000,1.6722
2319510,2.1000,1.6649
2320010,2.1000,1.6689
2320510,2.1000,1.6673
2321010,2.1000,1.6649
2321510,2.1000,1.6722
2322010,2.1000,1.6681
2322510,2.1000,1.6883
2323010,2.1000,1.6673
2323510,2.1000,1.6689
2324010,2.1000,1.6738
2324510,2.1000,1.6689
2325010,2.1000,1.6722
2325510,2.1000,1.6770
2326010,2.1000,1.6738
2326510,2.1000,1.6754
2327010,2.1000,1.6681
2327510,2.1000,1.6641
2328010,2.1000,1.6738
2328510,2.1000,1.6673
2329010,2.1000,1.6770
2329510,2.1000,1.6657
2330010,2.1000,1.6714
2330510,2.1000,1.6657
2331010,2.1000,1.6754
2331510,2.1000,1.6633
2332010,2.1000,1.6705
2332510,2.1000,1.6673
2333010,2.1000,1.6633
2333510,2.1000,1.6689
2334010,2.1000,1.6456
2334510,2.1000,1.6649
2335010,2.1000,1.6746
2335510,2.1000,1.6738
2336010,2.1000,1.6689
2336510,2.1000,1.6641
2337010,2.1000,1.6673
2337510,2.1000,1.6705
2338010,2.1000,1.6778
2338510,2.1000,1.6722
2339010,2.1000,1.6770
2339510,2.1000,1.6657
2340010,2.1000,1.6681
2340510,2.1000,1.6778
2341010,2.1000,1.6738
2341510,2.1000,1.6633
2342010,2.1000,1.6722
2342510,2.1000,1.6641
2343010,2.1000,1.6770
2343510,2.1000,1.6842
2344010,2.1000,1.6689
2344510,2.1000,1.6730
2345010,2.1000,1.6633
2345510,2.1000,1.6673
2346010,2.1000,1.6802
2346510,2.1000,1.6681
2347010,2.1000,1.6649
2347510,2.1000,1.6730
2348010,2.1000,1.6810
2348510,2.1000,1.6778
2349010,2.1000,1.6746
2349510,2.1000,1.6681
2350010,2.1000,1.6407
2350510,2.1000,1.6641
2351010,2.1000,1.6689
2351510,2.1000,1.6786
2352010,2.1000,1.6722
2352510,2.1000,1.6722
2353010,2.1000,1.6705
2353510,2.1000,1.6625
2354010,2.1000,1.6657
2354510,2.1000,1.6722
2355010,2.1000,1.6633
2355510,2.1000,1.6714
2356010,2.1000,1.6851
2356510,2.1000,1.6705
2357010,2.1000,1.6665
2357510,2.1000,1.6681
2358010,2.1000,1.6834
2358510,2.1000,1.6633
2359010,2.1000,1.6689
2359510,2.1000,1.6714
2360010,2.1000,1.6746
2360510,2.1000,1.6754
2361010,2.1000,1.6738
2361510,2.1000,1.6770
2362010,2.1000,1.6875
2362510,2.1000,1.6649
2363010,2.1000,1.6681
2363510,2.1000,1.6705
2364010,2.1000,1.6730
2364510,2.1000,1.6722
2365010,2.1000,1.6689
2365510,2.1000,1.6842
2366010,2.1000,1.6714
2366510,2.1000,1.6681
2367010,2.1000,1.6778
2367510,2.1000,1.6778
2368010,2.1000,1.6665
2368510,2.1000,1.6633
2369010,2.1000,1.6786
2369510,2.1000,1.6722
2370010,2.1000,1.6722
2370510,2.1000,1.6730
2371010,2.1000,1.6633
2371510,2.1000,1.6577
2372010,2.1000,1.6754
2372510,2.1000,1.6770
2373010,2.1000,1.6778
2373510,2.1000,1.6705
2374010,2.1000,1.6689
2374510,2.1000,1.6673
2375010,2.1000,1.6714
2375510,2.1000,1.6697
2376010,2.1000,1.6746
2376510,2.1000,1.6657
2377010,2.1000,1.6705
2377510,2.1000,1.6714
2378010,2.1000,1.6738
2378510,2.1000,1.6770
2379010,2.1000,1.6722
2379510,2.1000,1.6730
2380010,2.1000,1.6714
2380510,2.1000,1.6681
2381010,2.1000,1.6891
2381510,2.1000,1.6794
2382010,2.1000,1.6673
2382510,2.1000,1.6641
2383010,2.1000,1.6762
2383510,2.1000,1.6746
2384010,2.1000,1.6714
2384510,2.1000,1.6770
2385010,2.1000,1.6722
2385510,2.1000,1.6722
2386010,2.1000,1.6714
2386510,2.1000,1.6738
2387010,2.1000,1.6778
2387510,2.1000,1.6673
2388010,2.1000,1.6730
2388510,2.1000,1.6633
2389010,2.1000,1.6714
2389510,2.1000,1.6665
2390010,2.1000,1.6689
2390510,2.1000,1.6705
2391010,2.1000,1.6746
2391510,2.1000,1.6689
2392010,2.1000,1.6746
2392510,2.1000,1.6778
2393010,2.1000,1.6673
2393510,2.1000,1.6585
2394010,2.1000,1.6722
2394510,2.1000,1.6633
2395010,2.1000,1.6609
2395510,2.1000,1.6842
2396010,2.1000,1.6770
2396510,2.1000,1.6738
2397010,2.1000,1.6770
2397510,2.1000,1.6770
2398010,2.1000,1.6899
2398510,2.1000,1.6770
2399010,2.1000,1.6722
2399510,2.1000,1.6705
2400010,2.1000,1.6730
2400510,2.1000,1.6633
2401010,2.1000,1.6649
2401510,2.1000,1.6722
2402010,2.1000,1.6641
2402510,2.1000,1.6609
2403010,2.1000,1.6770
2403510,2.1000,1.6907
2404010,2.1000,1.6738
2404510,2.1000,1.6722
2405010,2.1000,1.6802
2405510,2.1000,1.6979
2406010,2.1000,1.6705
2406510,2.1000,1.6818
2407010,2.1000,1.6738
2407510,2.1000,1.6681
2408010,2.1000,1.6746
2408510,2.1000,1.6762
2409010,2.1000,1.6746
2409510,2.1000,1.6770
2410010,2.1000,1.6770
2410510,2.1000,1.6730
2411010,2.1000,1.6689
2411510,2.1000,1.6681
2412010,2.1000,1.6770
2412510,2.1000,1.6722
2413010,2.1000,1.6762
2413510,2.1000,1.6762
2414010,2.1000,1.6867
2414510,2.1000,1.6818
2415010,2.1000,1.6770
2415510,2.1000,1.6754
2416010,2.1000,1.6722
2416510,2.1000,1.6818
2417010,2.1000,1.6810
2417510,2.1000,1.6786
2418010,2.1000,1.6738
2418510,2.1000,1.6786
2419010,2.1000,1.6722
2419510,2.1000,1.6738
2420010,2.1000,1.6859
2420510,2.1000,1.6673
2421010,2.1000,1.6738
2421510,2.1000,1.6746
2422010,2.1000,1.6762
2422510,2.1000,1.6754
2423010,2.1000,1.6770
2423510,2.1000,1.6931
2424010,2.1000,1.6754
2424510,2.1000,1.6778
2425010,2.1000,1.6891
2425510,2.1000,1.6818
2426010,2.1000,1.6778
2426510,2.1000,1.6689
2427010,2.1000,1.6754
2427510,2.1000,1.6770
2428010,2.1000,1.6802
2428510,2.1000,1.6786
2429010,2.1000,1.6762
2429510,2.1000,1.6786
2430010,2.1000,1.6722
2430510,2.1000,1.6786
2431010,2.1000,1.6770
2431510,2.1000,1.6681
2432010,2.1000,1.6754
2432510,2.1000,1.6697
2433010,2.1000,1.6633
2433510,2.1000,1.6810
2434010,2.1000,1.6810
2434510,2.1000,1.6867
2435010,2.1000,1.6754
2435510,2.1000,1.6802
2436010,2.1000,1.6818
2436510,2.1000,1.6762
2437010,2.1000,1.6810
2437510,2.1000,1.6738
2438010,2.1000,1.6762
2438510,2.1000,1.6705
2439010,2.1000,1.6770
2439510,2.1000,1.6818
2440010,2.1000,1.6673
2440510,2.1000,1.6746
2441010,2.1000,1.6560
2441510,2.1000,1.6802
2442010,2.1000,1.6714
2442510,2.1000,1.6689
2443010,2.1000,1.6738
2443510,2.1000,1.6770
2444010,2.1000,1.6762
2444510,2.1000,1.6770
2445010,2.1000,1.6762
2445510,2.1000,1.6802
2446010,2.1000,1.6770
2446510,2.1000,1.6746
2447010,2.1000,1.6818
2447510,2.1000,1.6770
2448010,2.1000,1.6818
2448510,2.1000,1.6730
2449010,2.1000,1.6891
2449510,2.1000,1.6778
2450010,2.1000,1.6867
2450510,2.1000,1.6810
2451010,2.1000,1.6705
2451510,2.1000,1.6875
2452010,2.1000,1.6810
2452510,2.1000,1.6778
2453010,2.1000,1.6754
2453510,2.1000,1.6633
2454010,2.1000,1.6802
2454510,2.1000,1.6859
2455010,2.1000,1.6786
2455510,2.1000,1.7044
2456010,2.1000,1.6754
2456510,2.1000,1.6762
2457010,2.1000,1.6778
2457510,2.1000,1.6730
2458010,2.1000,1.6778
2458510,2.1000,1.6754
2459010,2.1000,1.6754
2459510,2.1000,1.6657
2460010,2.1000,1.6762
2460510,2.1000,1.6842
2461010,2.1000,1.6802
2461510,2.1000,1.6738
2462010,2.1000,1.6883
2462510,2.1000,1.6899
2463010,2.1000,1.6786
2463510,2.1000,1.6891
2464010,2.1000,1.6891
2464510,2.1000,1.6826
2465010,2.1000,1.6818
2465510,2.1000,1.6778
2466010,2.1000,1.6859
2466510,2.1000,1.6810
2467010,2.1000,1.6770
2467510,2.1000,1.6697
2468010,2.1000,1.6786
2468510,2.1000,1.6689
2469010,2.1000,1.6842
2469510,2.1000,1.6891
2470010,2.1000,1.6762
2470510,2.1000,1.6641
2471010,2.1000,1.6794
2471510,2.1000,1.7189
2472010,2.1000,1.6818
2472510,2.1000,1.6786
2473010,2.1000,1.6689
2473510,2.1000,1.6834
2474010,2.1000,1.6883
2474510,2.1000,1.6834
2475010,2.1000,1.6842
2475510,2.1000,1.6746
2476010,2.1000,1.6762
2476510,2.1000,1.6730
2477010,2.1000,1.6778
2477510,2.1000,1.6746
2478010,2.1000,1.6810
2478510,2.1000,1.6705
2479010,2.1000,1.6802
2479510,2.1000,1.6705
2480010,2.1000,1.6810
2480510,2.1000,1.6786
2481010,2.1000,1.6641
2481510,2.1000,1.6875
2482010,2.1000,1.6786
2482510,2.1000,1.6746
2483010,2.1000,1.6891
2483510,2.1000,1.6770
2484010,2.1000,1.6810
2484510,2.1000,1.6842
2485010,2.1000,1.6867
2485510,2.1000,1.6891
2486010,2.1000,1.6705
2486510,2.1000,1.6834
2487010,2.1000,1.6842
2487510,2.1000,1.6907
2488010,2.1000,1.6867
2488510,2.1000,1.6818
2489010,2.1000,1.6802
2489510,2.1000,1.6891
2490010,2.1000,1.6778
2490510,2.1000,1.6770
2491010,2.1000,1.6778
2491510,2.1000,1.6802
2492010,2.1000,1.6802
2492510,2.1000,1.6834
2493010,2.1000,1.6810
2493510,2.1000,1.6818
2494010,2.1000,1.6754
2494510,2.1000,1.6810
2495010,2.1000,1.6770
2495510,2.1000,1.6842
2496010,2.1000,1.6786
2496510,2.1000,1.6891
2497010,2.1000,1.6883
2497510,2.1000,1.6714
2498010,2.1000,1.6770
2498510,2.1000,1.6818
2499010,2.1000,1.6883
2499510,2.1000,1.6689
2500010,2.1000,1.6947
2500510,2.1000,1.6754
2501010,2.1000,1.6681
2501510,2.1000,1.6842
2502010,2.1000,1.6810
2502510,2.1000,1.6746
2503010,2.1000,1.6818
2503510,2.1000,1.6810
2504010,2.1000,1.6818
2504510,2.1000,1.6842
2505010,2.1000,1.6810
2505510,2.1000,1.6778
2506010,2.1000,1.6802
2506510,2.1000,1.6689
2507010,2.1000,1.6754
2507510,2.1000,1.6834
2508010,2.1000,1.6738
2508510,2.1000,1.6851
2509010,2.1000,1.6891
2509510,2.1000,1.6810
2510010,2.1000,1.6891
2510510,2.1000,1.6786
2511010,2.1000,1.6851
2511510,2.1000,1.6899
2512010,2.1000,1.6794
2512510,2.1000,1.6834
2513010,2.1000,1.6802
2513510,2.1000,1.6802
2514010,2.1000,1.6867
2514510,2.1000,1.6730
2515010,2.1000,1.6681
2515510,2.1000,1.7012
2516010,2.1000,1.6891
2516510,2.1000,1.6625
2517010,2.1000,1.6810
2517510,2.1000,1.6834
2518010,2.1000,1.6778
2518510,2.1000,1.6834
2519010,2.1000,1.6867
2519510,2.1000,1.6722
2520010,2.1000,1.6738
2520510,2.1000,1.6891
2521010,2.1000,1.6842
2521510,2.1000,1.6802
2522010,2.1000,1.6818
2522510,2.1000,1.6786
2523010,2.1000,1.6842
2523510,2.1000,1.6770
2524010,2.1000,1.6875
2524510,2.1000,1.6786
2525010,2.1000,1.6891
2525510,2.1000,1.6859
2526010,2.1000,1.6842
2526510,2.1000,1.6746
2527010,2.1000,1.6867
2527510,2.1000,1.6786
2528010,2.1000,1.6834
2528510,2.1000,1.6834
2529010,2.1000,1.6867
2529510,2.1000,1.6778
2530010,2.1000,1.6802
2530510,2.1000,1.7060
2531010,2.1000,1.6802
2531510,2.1000,1.6818
2532010,2.1000,1.6818
2532510,2.1000,1.6875
2533010,2.1000,1.7149
2533510,2.1000,1.6859
2534010,2.1000,1.6786
2534510,2.1000,1.6867
2535010,2.1000,1.6818
2535510,2.1000,1.7020
2536010,2.1000,1.6802
2536510,2.1000,1.6851
2537010,2.1000,1.6883
2537510,2.1000,1.6810
2538010,2.1000,1.6810
2538510,2.1000,1.6875
2539010,2.1000,1.6810
2539510,2.1000,1.6834
2540010,2.1000,1.6891
2540510,2.1000,1.6867
2541010,2.1000,1.6851
2541510,2.1000,1.6834
2542010,2.1000,1.6891
2542510,2.1000,1.6915
2543010,2.1000,1.6867
2543510,2.1000,1.6786
2544010,2.1000,1.6907
2544510,2.1000,1.6891
2545010,2.1000,1.6891
2545510,2.1000,1.7020
2546010,2.1000,1.6867
2546510,2.1000,1.6851
2547010,2.1000,1.6834
2547510,2.1000,1.6891
2548010,2.1000,1.6988
2548510,2.1000,1.6891
2549010,2.1000,1.6842
2549510,2.1000,1.6722
2550010,2.1000,1.6931
2550510,2.1000,1.6883
2551010,2.1000,1.6867
2551510,2.1000,1.6891
2552010,2.1000,1.6851
2552510,2.1000,1.6891
2553010,2.1000,1.6867
2553510,2.1000,1.6939
2554010,2.1000,1.6867
2554510,2.1000,1.6867
2555010,2.1000,1.6891
2555510,2.1000,1.6891
2556010,2.1000,1.6867
2556510,2.1000,1.6867
2557010,2.1000,1.6899
2557510,2.1000,1.6891
2558010,2.1000,1.6794
2558510,2.1000,1.6867
2559010,2.1000,1.6923
2559510,2.1000,1.7020
2560010,2.1000,1.6842
2560510,2.1000,1.6979
2561010,2.1000,1.6867
2561510,2.1000,1.6891
2562010,2.1000,1.6891
2562510,2.1000,1.6907
2563010,2.1000,1.6891
2563510,2.1000,1.6875
2564010,2.1000,1.6883
2564510,2.1000,1.6867
2565010,2.1000,1.6923
2565510,2.1000,1.6891
2566010,2.1000,1.6899
2566510,2.1000,1.6939
2567010,2.1000,1.6778
2567510,2.1000,1.6834
2568010,2.1000,1.7004
2568510,2.1000,1.6891
2569010,2.1000,1.6907
2569510,2.1000,1.7084
2570010,2.1000,1.6883
2570510,2.1000,1.6883
2571010,2.1000,1.6891
2571510,2.1000,1.6923
2572010,2.1000,1.6899
2572510,2.1000,1.6947
2573010,2.1000,1.6883
2573510,2.1000,1.6842
2574010,2.1000,1.6891
2574510,2.1000,1.6883
2575010,2.1000,1.7068
2575510,2.1000,1.6875
2576010,2.1000,1.6915
2576510,2.1000,1.6891
2577010,2.1000,1.6867
2577510,2.1000,1.6899
2578010,2.1000,1.6963
2578510,2.1000,1.6939
2579010,2.1000,1.6915
2579510,2.1000,1.6883
2580010,2.1000,1.6923
2580510,2.1000,1.6818
2581010,2.1000,1.7036
2581510,2.1000,1.6915
2582010,2.1000,1.6979
2582510,2.1000,1.6891
2583010,2.1000,1.6818
2583510,2.1000,1.6802
2584010,2.1000,1.6931
2584510,2.1000,1.6834
2585010,2.1000,1.6996
2585510,2.1000,1.6883
2586010,2.1000,1.6899
2586510,2.1000,1.6971
2587010,2.1000,1.6891
2587510,2.1000,1.6754
2588010,2.1000,1.6891
2588510,2.1000,1.7004
2589010,2.1000,1.6899
2589510,2.1000,1.6875
2590010,2.1000,1.6891
2590510,2.1000,1.6923
2591010,2.1000,1.6923
2591510,2.1000,1.7012
2592010,2.1000,1.6883
2592510,2.1000,1.6899
2593010,2.1000,1.6899
2593510,2.1000,1.6891
2594010,2.1000,1.6923
2594510,2.1000,1.6891
2595010,2.1000,1.6931
2595510,2.1000,1.6923
2596010,2.1000,1.6931
2596510,2.1000,1.7020
2597010,2.1000,1.6891
2597510,2.1000,1.6842
2598010,2.1000,1.6899
2598510,2.1000,1.6867
2599010,2.1000,1.6955
2599510,2.1000,1.6931
2600010,2.1000,1.6931
2600510,2.1000,1.6939
2601010,2.1000,1.6907
2601510,2.1000,1.6810
2602010,2.1000,1.6899
2602510,2.1000,1.6971
2603010,2.1000,1.6891
2603510,2.1000,1.6867
2604010,2.1000,1.6851
2604510,2.1000,1.6923
2605010,2.1000,1.6979
2605510,2.1000,1.6891
2606010,2.1000,1.6939
2606510,2.1000,1.6891
2607010,2.1000,1.6851
2607510,2.1000,1.6899
2608010,2.1000,1.6891
2608510,2.1000,1.6754
2609010,2.1000,1.6891
2609510,2.1000,1.6851
2610010,2.1000,1.6883
2610510,2.1000,1.6891
2611010,2.1000,1.6891
2611510,2.1000,1.6988
2612010,2.1000,1.6891
2612510,2.1000,1.6899
2613010,2.1000,1.6883
2613510,2.1000,1.6939
2614010,2.1000,1.6778
2614510,2.1000,1.6947
2615010,2.1000,1.6915
2615510,2.1000,1.6947
2616010,2.1000,1.6891
2616510,2.1000,1.6891
2617010,2.1000,1.6891
2617510,2.1000,1.6923
2618010,2.1000,1.6851
2618510,2.1000,1.6923
2619010,2.1000,1.7012
2619510,2.1000,1.6859
2620010,2.1000,1.6891
2620510,2.1000,1.7004
2621010,2.1000,1.6979
2621510,2.1000,1.6818
2622010,2.1000,1.6891
2622510,2.1000,1.6971
2623010,2.1000,1.6915
2623510,2.1000,1.6955
2624010,2.1000,1.6971
2624510,2.1000,1.6988
2625010,2.1000,1.6609
2625510,2.1000,1.6681
2626010,2.1000,1.6867
2626510,2.1000,1.6947
2627010,2.1000,1.6963
2627510,2.1000,1.7020
2628010,2.1000,1.6891
2628510,2.1000,1.6883
2629010,2.1000,1.6891
2629510,2.1000,1.6899
2630010,2.1000,1.6891
2630510,2.1000,1.6899
2631010,2.1000,1.6762
2631510,2.1000,1.6971
2632010,2.1000,1.6754
2632510,2.1000,1.6907
2633010,2.1000,1.6923
2633510,2.1000,1.6891
2634010,2.1000,1.6931
2634510,2.1000,1.6907
2635010,2.1000,1.6947
2635510,2.1000,1.6955
2636010,2.1000,1.6939
2636510,2.1000,1.6907
2637010,2.1000,1.6907
2637510,2.1000,1.6988
2638010,2.1000,1.6915
2638510,2.1000,1.6923
2639010,2.1000,1.7068
2639510,2.1000,1.6971
2640010,2.1000,1.7004
2640510,2.1000,1.6915
2641010,2.1000,1.6939
2641510,2.1000,1.7020
2642010,2.1000,1.6963
2642510,2.1000,1.6923
2643010,2.1000,1.6923
2643510,2.1000,1.6867
2644010,2.1000,1.6891
2644510,2.1000,1.6915
2645010,2.1000,1.6891
2645510,2.1000,1.6947
2646010,2.1000,1.6851
2646510,2.1000,1.6955
2647010,2.1000,1.6665
2647510,2.1000,1.6899
2648010,2.1000,1.6939
2648510,2.1000,1.6971
2649010,2.1000,1.6979
2649510,2.1000,1.6947
2650010,2.1000,1.7004
2650510,2.1000,1.6891
2651010,2.1000,1.6971
2651510,2.1000,1.6979
2652010,2.1000,1.7141
2652510,2.1000,1.6907
2653010,2.1000,1.7012
2653510,2.1000,1.6963
2654010,2.1000,1.6988
2654510,2.1000,1.6730
2655010,2.1000,1.7020
2655510,2.1000,1.7157
2656010,2.1000,1.6931
2656510,2.1000,1.6931
2657010,2.1000,1.6947
2657510,2.1000,1.6891
2658010,2.1000,1.6875
2658510,2.1000,1.6786
2659010,2.1000,1.6963
2659510,2.1000,1.6915
2660010,2.1000,1.6931
2660510,2.1000,1.7004
2661010,2.1000,1.6963
2661510,2.1000,1.7125
2662010,2.1000,1.6939
2662510,2.1000,1.6947
2663010,2.1000,1.7125
2663510,2.1000,1.6947
2664010,2.1000,1.6947
2664510,2.1000,1.6899
2665010,2.1000,1.6947
2665510,2.1000,1.6971
2666010,2.1000,1.7020
2666510,2.1000,1.6947
2667010,2.1000,1.6963
2667510,2.1000,1.6947
2668010,2.1000,1.7004
2668510,2.1000,1.7060
2669010,2.1000,1.7036
2669510,2.1000,1.6891
2670010,2.1000,1.6915
2670510,2.1000,1.6979
2671010,2.1000,1.6963
2671510,2.1000,1.6979
2672010,2.1000,1.7060
2672510,2.1000,1.7149
2673010,2.1000,1.6891
2673510,2.1000,1.6963
2674010,2.1000,1.6939
2674510,2.1000,1.7012
2675010,2.1000,1.7004
2675510,2.1000,1.7004
2676010,2.1000,1.6939
2676510,2.1000,1.6891
2677010,2.1000,1.6915
2677510,2.1000,1.6947
2678010,2.1000,1.7004
2678510,2.1000,1.7020
2679010,2.1000,1.6883
2679510,2.1000,1.7004
2680010,2.1000,1.6939
2680510,2.1000,1.6955
2681010,2.1000,1.6891
2681510,2.1000,1.6979
2682010,2.1000,1.6939
2682510,2.1000,1.6939
2683010,2.1000,1.6979
2683510,2.1000,1.7012
2684010,2.1000,1.6971
2684510,2.1000,1.6883
2685010,2.1000,1.7116
2685510,2.1000,1.6947
2686010,2.1000,1.7020
2686510,2.1000,1.6996
2687010,2.1000,1.7149
2687510,2.1000,1.6947
2688010,2.1000,1.6947
2688510,2.1000,1.6979
2689010,2.1000,1.6899
2689510,2.1000,1.7020
2690010,2.1000,1.6818
2690510,2.1000,1.7068
2691010,2.1000,1.7036
2691510,2.1000,1.6907
2692010,2.1000,1.7004
2692510,2.1000,1.6971
2693010,2.1000,1.6947
2693510,2.1000,1.7076
2694010,2.1000,1.6947
2694510,2.1000,1.6947
2695010,2.1000,1.6971
2695510,2.1000,1.7004
2696010,2.1000,1.7020
2696510,2.1000,1.7060
2697010,2.1000,1.6915
2697510,2.1000,1.7100
2698010,2.1000,1.7036
2698510,2.1000,1.7060
2699010,2.1000,1.7020
2699510,2.1000,1.6907
2700010,2.1000,1.7149
2700510,2.1000,1.7044
2701010,2.1000,1.7076
2701510,2.1000,1.7060
2702010,2.1000,1.7100
2702510,2.1000,1.6979
2703010,2.1000,1.7012
2703510,2.1000,1.6947
2704010,2.1000,1.7012
2704510,2.1000,1.7020
2705010,2.1000,1.6971
2705510,2.1000,1.7044
2706010,2.1000,1.6996
2706510,2.1000,1.6899
2707010,2.1000,1.6979
2707510,2.1000,1.7036
2708010,2.1000,1.7012
2708510,2.1000,1.6907
2709010,2.1000,1.6875
2709510,2.1000,1.7036
2710010,2.1000,1.6996
2710510,2.1000,1.6979
2711010,2.1000,1.7028
2711510,2.1000,1.6971
2712010,2.1000,1.7108
2712510,2.1000,1.7020
2713010,2.1000,1.7020
2713510,2.1000,1.7020
2714010,2.1000,1.7052
2714510,2.1000,1.7036
2715010,2.1000,1.6963
2715510,2.1000,1.6947
2716010,2.1000,1.7028
2716510,2.1000,1.7012
2717010,2.1000,1.7100
2717510,2.1000,1.7149
2718010,2.1000,1.7036
2718510,2.1000,1.7108
2719010,2.1000,1.7624
2719510,2.1000,1.7004
2720010,2.1000,1.6971
2720510,2.1000,1.7149
2721010,2.1000,1.7020
2721510,2.1000,1.7020
2722010,2.1000,1.7020
2722510,2.1000,1.6971
2723010,2.1000,1.7068
2723510,2.1000,1.7044
2724010,2.1000,1.7068
2724510,2.1000,1.7044
2725010,2.1000,1.7076
2725510,2.1000,1.7020
2726010,2.1000,1.6996
2726510,2.1000,1.7020
2727010,2.1000,1.6971
2727510,2.1000,1.7012
2728010,2.1000,1.7076
2728510,2.1000,1.6996
2729010,2.1000,1.7012
2729510,2.1000,1.7157
2730010,2.1000,1.7084
2730510,2.1000,1.6907
2731010,2.1000,1.6979
2731510,2.1000,1.7004
2732010,2.1000,1.7044
2732510,2.1000,1.6939
2733010,2.1000,1.7020
2733510,2.1000,1.7036
2734010,2.1000,1.7076
2734510,2.1000,1.7100
2735010,2.1000,1.7028
2735510,2.1000,1.7020
2736010,2.1000,1.7060
2736510,2.1000,1.7028
2737010,2.1000,1.7060
2737510,2.1000,1.7012
2738010,2.1000,1.7020
2738510,2.1000,1.6923
2739010,2.1000,1.7036
2739510,2.1000,1.7100
2740010,2.1000,1.7100
2740510,2.1000,1.7020
2741010,2.1000,1.7044
2741510,2.1000,1.7036
2742010,2.1000,1.7076
2742510,2.1000,1.7044
2743010,2.1000,1.7125
2743510,2.1000,1.7060
2744010,2.1000,1.7100
2744510,2.1000,1.6963
2745010,2.1000,1.7165
2745510,2.1000,1.7052
2746010,2.1000,1.7004
2746510,2.1000,1.7076
2747010,2.1000,1.6979
2747510,2.1000,1.7004
2748010,2.1000,1.7141
2748510,2.1000,1.5223
2749010,2.1000,1.5110
2749510,2.1000,1.5142
2750010,2.1000,1.5086
2750510,2.1000,1.5255
2751010,2.1000,1.5263
2751510,2.1000,1.5094
2752010,2.1000,1.5062
2752510,2.1000,1.5166
2753010,2.1000,1.5094
2753510,2.1000,1.5086
2754010,2.1000,1.5118
2754510,2.1000,1.5158
2755010,2.1000,1.5142
2755510,2.1000,1.5174
2756010,2.1000,1.5086
2756510,2.1000,1.5102
2757010,2.1000,1.5094
2757510,2.1000,1.5070
2758010,2.1000,1.5118
2758510,2.1000,1.5150
2759010,2.1000,1.5118
2759510,2.1000,1.5134
2760010,2.1000,1.5086
2760510,2.1000,1.5134
2761010,2.1000,1.5086
2761510,2.1000,1.4957
2762010,2.1000,1.5166
2762510,2.1000,1.5013
2763010,2.1000,1.5158
2763510,2.1000,1.5094
2764010,2.1000,1.5190
2764510,2.1000,1.5126
2765010,2.1000,1.5142
2765510,2.1000,1.5134
2766010,2.1000,1.5166
2766510,2.1000,1.5142
2767010,2.1000,1.5110
2767510,2.1000,1.5102
2768010,2.1000,1.5207
2768510,2.1000,1.5182
2769010,2.1000,1.5142
2769510,2.1000,1.5086
2770010,2.1000,1.5094
2770510,2.1000,1.4642
2771010,2.1000,1.5062
2771510,2.1000,1.5255
2772010,2.1000,1.4997
2772510,2.1000,1.5110
2773010,2.1000,1.5166
2773510,2.1000,1.5166
2774010,2.1000,1.5102
2774510,2.1000,1.5118
2775010,2.1000,1.5150
2775510,2.1000,1.5199
2776010,2.1000,1.5110
2776510,2.1000,1.5239
2777010,2.1000,1.5110
2777510,2.1000,1.5190
2778010,2.1000,1.5158
2778510,2.1000,1.5207
2779010,2.1000,1.5086
2779510,2.1000,1.5094
2780010,2.1000,1.5086
2780510,2.1000,1.5166
2781010,2.1000,1.5207
2781510,2.1000,1.5134
2782010,2.1000,1.5102
2782510,2.1000,1.5199
2783010,2.1000,1.5166
2783510,2.1000,1.5150
2784010,2.1000,1.5110
2784510,2.1000,1.5037
2785010,2.1000,1.5110
2785510,2.1000,1.5086
2786010,2.1000,1.5070
2786510,2.1000,1.5319
2787010,2.1000,1.5207
2787510,2.1000,1.5174
2788010,2.1000,1.5231
2788510,2.1000,1.5142
2789010,2.1000,1.5126
2789510,2.1000,1.5094
2790010,2.1000,1.5102
2790510,2.1000,1.5207
2791010,2.1000,1.5142
2791510,2.1000,1.5174
2792010,2.1000,1.5182
2792510,2.1000,1.5029
2793010,2.1000,1.5174
2793510,2.1000,1.5239
2794010,2.1000,1.5102
2794510,2.1000,1.5126
2795010,2.1000,1.5303
2795510,2.1000,1.5013
2796010,2.1000,1.5344
2796510,2.1000,1.5199
2797010,2.1000,1.5207
2797510,2.1000,1.5174
2798010,2.1000,1.5190
2798510,2.1000,1.5110
2799010,2.1000,1.5142
2799510,2.1000,1.5593
2800010,2.1000,1.5126
2800510,2.1000,1.5207
2801010,2.1000,1.5215
2801510,2.1000,1.5263
2802010,2.1000,1.5207
2802510,2.1000,1.5158
2803010,2.1000,1.5271
2803510,2.1000,1.5174
2804010,2.1000,1.5158
2804510,2.1000,1.5174
2805010,2.1000,1.5255
2805510,2.1000,1.5110
2806010,2.1000,1.5223
2806510,2.1000,1.5231
2807010,2.1000,1.5126
2807510,2.1000,1.5166
2808010,2.1000,1.5174
2808510,2.1000,1.5190
2809010,2.1000,1.5142
2809510,2.1000,1.5102
2810010,2.1000,1.5199
2810510,2.1000,1.5231
2811010,2.1000,1.5215
2811510,2.1000,1.5432
2812010,2.1000,1.5424
2812510,2.1000,1.5199
2813010,2.1000,1.5231
2813510,2.1000,1.5166
2814010,2.1000,1.5215
2814510,2.1000,1.5134
2815010,2.1000,1.5110
2815510,2.1000,1.5142
2816010,2.1000,1.5231
2816510,2.1000,1.5231
2817010,2.1000,1.5336
2817510,2.1000,1.5086
2818010,2.1000,1.5215
2818510,2.1000,1.5215
2819010,2.1000,1.5231
2819510,2.1000,1.5190
2820010,2.1000,1.5239
2820510,2.1000,1.5239
2821010,2.1000,1.5255
2821510,2.1000,1.5190
2822010,2.1000,1.5166
2822510,2.1000,1.5231
2823010,2.1000,1.5199
2823510,2.1000,1.5247
2824010,2.1000,1.5287
2824510,2.1000,1.5239
2825010,2.1000,1.5239
2825510,2.1000,1.5199
2826010,2.1000,1.5303
2826510,2.1000,1.5142
2827010,2.1000,1.5199
2827510,2.1000,1.5223
2828010,2.1000,1.5166
2828510,2.1000,1.5223
2829010,2.1000,1.5158
2829510,2.1000,1.5174
2830010,2.1000,1.5215
2830510,2.1000,1.5142
2831010,2.1000,1.5336
2831510,2.1000,1.5271
2832010,2.1000,1.5215
2832510,2.1000,1.5263
2833010,2.1000,1.5344
2833510,2.1000,1.5166
2834010,2.1000,1.5303
2834510,2.1000,1.5255
2835010,2.1000,1.5231
2835510,2.1000,1.5255
2836010,2.1000,1.5271
2836510,2.1000,1.5207
2837010,2.1000,1.5279
2837510,2.1000,1.5239
2838010,2.1000,1.5271
2838510,2.1000,1.5142
2839010,2.1000,1.5215
2839510,2.1000,1.5263
2840010,2.1000,1.5336
2840510,2.1000,1.5239
2841010,2.1000,1.5215
2841510,2.1000,1.5255
2842010,2.1000,1.5303
2842510,2.1000,1.5199
2843010,2.1000,1.5215
2843510,2.1000,1.5199
2844010,2.1000,1.5344
2844510,2.1000,1.5239
2845010,2.1000,1.5344
2845510,2.1000,1.5271
2846010,2.1000,1.5190
2846510,2.1000,1.5473
2847010,2.1000,1.5078
2847510,2.1000,1.5271
2848010,2.1000,1.5295
2848510,2.1000,1.5255
2849010,2.1000,1.5239
2849510,2.1000,1.5223
2850010,2.1000,1.5255
2850510,2.1000,1.5384
2851010,2.1000,1.5190
2851510,2.1000,1.5174
2852010,2.1000,1.5239
2852510,2.1000,1.5327
2853010,2.1000,1.5352
2853510,2.1000,1.5327
2854010,2.1000,1.5239
2854510,2.1000,1.5271
2855010,2.1000,1.5400
2855510,2.1000,1.5287
2856010,2.1000,1.5303
2856510,2.1000,1.5142
2857010,2.1000,1.5303
2857510,2.1000,1.5319
2858010,2.1000,1.5255
2858510,2.1000,1.5255
2859010,2.1000,1.5424
2859510,2.1000,1.5336
2860010,2.1000,1.5368
2860510,2.1000,1.5271
2861010,2.1000,1.5384
2861510,2.1000,1.5255
2862010,2.1000,1.5239
2862510,2.1000,1.5303
2863010,2.1000,1.5295
2863510,2.1000,1.5344
2864010,2.1000,1.5392
2864510,2.1000,1.5255
2865010,2.1000,1.5303
2865510,2.1000,1.5360
2866010,2.1000,1.5344
2866510,2.1000,1.5126
2867010,2.1000,1.5424
2867510,2.1000,1.5344
2868010,2.1000,1.5336
2868510,2.1000,1.5086
2869010,2.1000,1.5319
2869510,2.1000,1.5344
2870010,2.1000,1.5311
2870510,2.1000,1.5295
2871010,2.1000,1.5352
2871510,2.1000,1.5295
2872010,2.1000,1.5303
2872510,2.1000,1.5295
2873010,2.1000,1.5223
2873510,2.1000,1.5392
2874010,2.1000,1.5094
2874510,2.1000,1.5327
2875010,2.1000,1.5319
2875510,2.1000,1.5336
2876010,2.1000,1.5344
2876510,2.1000,1.5239
2877010,2.1000,1.5166
2877510,2.1000,1.5384
2878010,2.1000,1.5255
2878510,2.1000,1.5271
2879010,2.1000,1.5295
2879510,2.1000,1.5311
2880010,2.1000,1.5303
2880510,2.1000,1.5263
2881010,2.1000,1.5239
2881510,2.1000,1.5344
2882010,2.1000,1.5263
2882510,2.1000,1.5336
2883010,2.1000,1.5319
2883510,2.1000,1.5319
2884010,2.1000,1.5360
2884510,2.1000,1.5336
2885010,2.1000,1.5344
2885510,2.1000,1.5287
2886010,2.1000,1.5384
2886510,2.1000,1.5344
2887010,2.1000,1.5045
2887510,2.1000,1.5368
2888010,2.1000,1.5344
2888510,2.1000,1.5344
2889010,2.1000,1.5344
2889510,2.1000,1.5352
2890010,2.1000,1.5537
2890510,2.1000,1.5416
2891010,2.1000,1.5319
2891510,2.1000,1.5344
2892010,2.1000,1.5271
2892510,2.1000,1.5263
2893010,2.1000,1.5255
2893510,2.1000,1.5336
2894010,2.1000,1.5336
2894510,2.1000,1.5295
2895010,2.1000,1.5327
2895510,2.1000,1.5497
2896010,2.1000,1.5295
2896510,2.1000,1.5448
2897010,2.1000,1.5336
2897510,2.1000,1.5295
2898010,2.1000,1.5400
2898510,2.1000,1.5456
2899010,2.1000,1.5352
2899510,2.1000,1.5344
2900010,2.1000,1.5368
2900510,2.1000,1.5190
2901010,2.1000,1.5336
2901510,2.1000,1.5392
2902010,2.1000,1.5368
2902510,2.1000,1.5368
2903010,2.1000,1.5384
2903510,2.1000,1.5255
2904010,2.1000,1.5344
2904510,2.1000,1.5529
2905010,2.1000,1.5344
2905510,2.1000,1.5319
2906010,2.1000,1.5344
2906510,2.1000,1.5481
2907010,2.1000,1.5215
2907510,2.1000,1.5473
2908010,2.1000,1.5424
2908510,2.1000,1.5303
2909010,2.1000,1.5344
2909510,2.1000,1.5327
2910010,2.1000,1.5344
2910510,2.1000,1.5287
2911010,2.1000,1.5456
2911510,2.1000,1.5360
2912010,2.1000,1.5448
2912510,2.1000,1.5400
2913010,2.1000,1.5336
2913510,2.1000,1.5215
2914010,2.1000,1.5464
2914510,2.1000,1.5368
2915010,2.1000,1.5456
2915510,2.1000,1.5384
2916010,2.1000,1.5400
2916510,2.1000,1.5456
2917010,2.1000,1.5344
2917510,2.1000,1.5344
2918010,2.1000,1.5424
2918510,2.1000,1.5432
2919010,2.1000,1.5400
2919510,2.1000,1.5432
2920010,2.1000,1.5352
2920510,2.1000,1.5408
2921010,2.1000,1.5529
2921510,2.1000,1.5432
2922010,2.1000,1.5384
2922510,2.1000,1.5424
2923010,2.1000,1.5400
2923510,2.1000,1.5263
2924010,2.1000,1.5344
2924510,2.1000,1.5400
2925010,2.1000,1.5392
2925510,2.1000,1.5464
2926010,2.1000,1.5456
2926510,2.1000,1.5400
2927010,2.1000,1.5464
2927510,2.1000,1.5448
2928010,2.1000,1.5344
2928510,2.1000,1.5392
2929010,2.1000,1.5344
2929510,2.1000,1.5215
2930010,2.1000,1.5432
2930510,2.1000,1.5456
2931010,2.1000,1.5344
2931510,2.1000,1.5336
2932010,2.1000,1.5473
2932510,2.1000,1.5448
2933010,2.1000,1.5440
2933510,2.1000,1.5416
2934010,2.1000,1.5489
2934510,2.1000,1.5400
2935010,2.1000,1.5489
2935510,2.1000,1.5400
2936010,2.1000,1.5424
2936510,2.1000,1.5400
2937010,2.1000,1.5481
2937510,2.1000,1.5569
2938010,2.1000,1.5432
2938510,2.1000,1.5440
2939010,2.1000,1.5392
2939510,2.1000,1.5424
2940010,2.1000,1.5497
2940510,2.1000,1.5392
2941010,2.1000,1.5400
2941510,2.1000,1.5344
2942010,2.1000,1.5464
2942510,2.1000,1.5400
2943010,2.1000,1.5384
2943510,2.1000,1.5545
2944010,2.1000,1.5456
2944510,2.1000,1.5448
2945010,2.1000,1.5448
2945510,2.1000,1.5456
2946010,2.1000,1.5513
2946510,2.1000,1.5392
2947010,2.1000,1.5360
2947510,2.1000,1.5545
2948010,2.1000,1.5448
2948510,2.1000,1.5344
2949010,2.1000,1.5497
2949510,2.1000,1.5481
2950010,2.1000,1.5585
2950510,2.1000,1.5424
2951010,2.1000,1.5432
2951510,2.1000,1.5456
2952010,2.1000,1.5400
2952510,2.1000,1.5424
2953010,2.1000,1.5464
2953510,2.1000,1.5489
2954010,2.1000,1.5489
2954510,2.1000,1.5497
2955010,2.1000,1.5464
2955510,2.1000,1.5497
2956010,2.1000,1.5513
2956510,2.1000,1.5585
2957010,2.1000,1.5473
2957510,2.1000,1.5384
2958010,2.1000,1.5585
2958510,2.1000,1.5497
2959010,2.1000,1.5505
2959510,2.1000,1.5464
2960010,2.1000,1.5400
2960510,2.1000,1.5344
2961010,2.1000,1.5577
2961510,2.1000,1.5416
2962010,2.1000,1.5448
2962510,2.1000,1.5456
2963010,2.1000,1.5473
2963510,2.1000,1.5456
2964010,2.1000,1.5513
2964510,2.1000,1.5545
2965010,2.1000,1.5545
2965510,2.1000,1.5521
2966010,2.1000,1.5432
2966510,2.1000,1.5464
2967010,2.1000,1.5521
2967510,2.1000,1.5497
2968010,2.1000,1.5593
2968510,2.1000,1.5513
2969010,2.1000,1.5400
2969510,2.1000,1.5448
2970010,2.1000,1.5529
2970510,2.1000,1.5416
2971010,2.1000,1.5481
2971510,2.1000,1.5481
2972010,2.1000,1.5481
2972510,2.1000,1.5489
2973010,2.1000,1.5424
2973510,2.1000,1.5448
2974010,2.1000,1.5497
2974510,2.1000,1.5561
2975010,2.1000,1.5432
2975510,2.1000,1.5577
2976010,2.1000,1.5464
2976510,2.1000,1.5610
2977010,2.1000,1.5593
2977510,2.1000,1.5593
2978010,2.1000,1.5553
2978510,2.1000,1.5489
2979010,2.1000,1.5448
2979510,2.1000,1.5497
2980010,2.1000,1.5593
2980510,2.1000,1.5585
2981010,2.1000,1.5489
2981510,2.1000,1.5585
2982010,2.1000,1.5473
2982510,2.1000,1.5376
2983010,2.1000,1.5601
2983510,2.1000,1.5601
2984010,2.1000,1.5545
2984510,2.1000,1.5464
2985010,2.1000,1.5481
2985510,2.1000,1.5481
2986010,2.1000,1.5593
2986510,2.1000,1.5593
2987010,2.1000,1.5545
2987510,2.1000,1.5601
2988010,2.1000,1.5529
2988510,2.1000,1.5561
2989010,2.1000,1.5473
2989510,2.1000,1.5489
2990010,2.1000,1.5601
2990510,2.1000,1.5521
2991010,2.1000,1.5577
2991510,2.1000,1.5593
2992010,2.1000,1.5601
2992510,2.1000,1.5505
2993010,2.1000,1.5440
2993510,2.1000,1.5561
2994010,2.1000,1.5585
2994510,2.1000,1.5642
2995010,2.1000,1.5577
2995510,2.1000,1.5601
2996010,2.1000,1.5577
2996510,2.1000,1.5344
2997010,2.1000,1.5553
2997510,2.1000,1.5601
2998010,2.1000,1.5601
2998510,2.1000,1.5086
2999010,2.1000,1.5553
2999510,2.1000,1.5593
3000010,2.1000,1.5601
3000510,2.1000,1.5521
3001010,2.1000,1.5505
3001510,2.1000,1.5618
3002010,2.1000,1.5553
3002510,2.1000,1.5585
3003010,2.1000,1.5585
3003510,2.1000,1.5577
3004010,2.1000,1.5577
3004510,2.1000,1.5601
3005010,2.1000,1.5601
3005510,2.1000,1.5601
3006010,2.1000,1.5601
3006510,2.1000,1.5561
3007010,2.1000,1.5593
3007510,2.1000,1.5561
3008010,2.1000,1.5601
3008510,2.1000,1.5626
3009010,2.1000,1.5618
3009510,2.1000,1.5489
3010010,2.1000,1.5658
3010510,2.1000,1.5601
3011010,2.1000,1.5674
3011510,2.1000,1.5610
3012010,2.1000,1.5601
3012510,2.1000,1.5601
3013010,2.1000,1.5626
3013510,2.1000,1.5601
3014010,2.1000,1.5585
3014510,2.1000,1.5601
3015010,2.1000,1.5610
3015510,2.1000,1.5610
3016010,2.1000,1.5593
3016510,2.1000,1.5561
3017010,2.1000,1.5505
3017510,2.1000,1.5610
3018010,2.1000,1.5626
3018510,2.1000,1.5577
3019010,2.1000,1.5577
3019510,2.1000,1.5618
3020010,2.1000,1.5674
3020510,2.1000,1.5690
3021010,2.1000,1.5585
3021510,2.1000,1.5642
3022010,2.1000,1.5650
3022510,2.1000,1.5610
3023010,2.1000,1.5771
3023510,2.1000,1.5601
3024010,2.1000,1.5601
3024510,2.1000,1.5561
3025010,2.1000,1.5601
3025510,2.1000,1.5593
3026010,2.1000,1.5626
3026510,2.1000,1.5585
3027010,2.1000,1.5601
3027510,2.1000,1.5642
3028010,2.1000,1.5610
3028510,2.1000,1.5634
3029010,2.1000,1.5626
3029510,2.1000,1.5634
3030010,2.1000,1.5610
3030510,2.1000,1.5601
3031010,2.1000,1.5626
3031510,2.1000,1.5601
3032010,2.1000,1.5545
3032510,2.1000,1.5521
3033010,2.1000,1.5610
3033510,2.1000,1.5601
3034010,2.1000,1.5489
3034510,2.1000,1.5601
3035010,2.1000,1.5481
3035510,2.1000,1.5642
3036010,2.1000,1.5658
3036510,2.1000,1.5658
3037010,2.1000,1.5642
3037510,2.1000,1.5658
3038010,2.1000,1.5859
3038510,2.1000,1.5674
3039010,2.1000,1.5682
3039510,2.1000,1.5561
3040010,2.1000,1.5601
3040510,2.1000,1.5626
3041010,2.1000,1.5666
3041510,2.1000,1.5706
3042010,2.1000,1.5553
3042510,2.1000,1.5610
3043010,2.1000,1.5642
3043510,2.1000,1.5771
3044010,2.1000,1.5658
3044510,2.1000,1.5642
3045010,2.1000,1.5650
3045510,2.1000,1.6230
3046010,2.1000,1.5086
3046510,2.1000,1.5690
3047010,2.1000,1.5650
3047510,2.1000,1.5618
3048010,2.1000,1.5730
3048510,2.1000,1.5674
3049010,2.1000,1.5730
3049510,2.1000,1.5618
3050010,2.1000,1.5738
3050510,2.1000,1.5642
3051010,2.1000,1.5682
3051510,2.1000,1.5771
3052010,2.1000,1.5698
3052510,2.1000,1.5682
3053010,2.1000,1.5722
3053510,2.1000,1.5618
3054010,2.1000,1.5545
3054510,2.1000,1.5730
3055010,2.1000,1.5690
3055510,2.1000,1.5642
3056010,2.1000,1.5601
3056510,2.1000,1.5569
3057010,2.1000,1.5714
3057510,2.1000,1.5714
3058010,2.1000,1.5601
3058510,2.1000,1.5610
3059010,2.1000,1.5513
3059510,2.1000,1.5610
3060010,2.1000,1.5658
3060510,2.1000,1.5682
3061010,2.1000,1.5722
3061510,2.1000,1.5811
3062010,2.1000,1.5448
3062510,2.1000,1.5738
3063010,2.1000,1.5674
3063510,2.1000,1.5738
3064010,2.1000,1.5714
3064510,2.1000,1.5658
3065010,2.1000,1.5601
3065510,2.1000,1.5706
3066010,2.1000,1.5747
3066510,2.1000,1.5714
3067010,2.1000,1.5755
3067510,2.1000,1.5771
3068010,2.1000,1.5771
3068510,2.1000,1.5585
3069010,2.1000,1.5690
3069510,2.1000,1.5722
3070010,2.1000,1.5803
3070510,2.1000,1.5722
3071010,2.1000,1.5771
3071510,2.1000,1.6012
3072010,2.1000,1.5755
3072510,2.1000,1.5747
3073010,2.1000,1.5755
3073510,2.1000,1.5738
3074010,2.1000,1.5714
3074510,2.1000,1.5755
3075010,2.1000,1.5738
3075510,2.1000,1.5779
3076010,2.1000,1.5803
3076510,2.1000,1.5658
3077010,2.1000,1.5730
3077510,2.1000,1.5803
3078010,2.1000,1.5843
3078510,2.1000,1.5747
3079010,2.1000,1.5722
3079510,2.1000,1.5771
3080010,2.1000,1.5690
3080510,2.1000,1.5706
3081010,2.1000,1.5730
3081510,2.1000,1.5755
3082010,2.1000,1.5722
3082510,2.1000,1.5747
3083010,2.1000,1.5755
3083510,2.1000,1.5738
3084010,2.1000,1.5610
3084510,2.1000,1.5738
3085010,2.1000,1.5730
3085510,2.1000,1.5738
3086010,2.1000,1.5787
3086510,2.1000,1.5875
3087010,2.1000,1.5521
3087510,2.1000,1.5730
3088010,2.1000,1.5730
3088510,2.1000,1.5658
3089010,2.1000,1.5674
3089510,2.1000,1.5867
3090010,2.1000,1.5811
3090510,2.1000,1.5682
3091010,2.1000,1.5755
3091510,2.1000,1.5803
3092010,2.1000,1.5722
3092510,2.1000,1.5755
3093010,2.1000,1.5738
3093510,2.1000,1.5803
3094010,2.1000,1.5755
3094510,2.1000,1.5900
3095010,2.1000,1.5714
3095510,2.1000,1.5859
3096010,2.1000,1.5763
3096510,2.1000,1.5738
3097010,2.1000,1.5747
3097510,2.1000,1.5738
3098010,2.1000,1.5811
3098510,2.1000,1.5730
3099010,2.1000,1.5803
3099510,2.1000,1.5787
3100010,2.1000,1.5738
3100510,2.1000,1.5819
3101010,2.1000,1.5747
3101510,2.1000,1.5779
3102010,2.1000,1.5803
3102510,2.1000,1.5730
3103010,2.1000,1.5819
3103510,2.1000,1.5859
3104010,2.1000,1.5835
3104510,2.1000,1.5988
3105010,2.1000,1.5819
3105510,2.1000,1.5819
3106010,2.1000,1.5811
3106510,2.1000,1.5779
3107010,2.1000,1.5819
3107510,2.1000,1.5787
3108010,2.1000,1.5722
3108510,2.1000,1.5811
3109010,2.1000,1.5779
3109510,2.1000,1.5803
3110010,2.1000,1.5843
3110510,2.1000,1.5747
3111010,2.1000,1.5859
3111510,2.1000,1.5835
3112010,2.1000,1.5779
3112510,2.1000,1.5787
3113010,2.1000,1.5771
3113510,2.1000,1.5835
3114010,2.1000,1.5851
3114510,2.1000,1.5875
3115010,2.1000,1.5819
3115510,2.1000,1.5819
3116010,2.1000,1.5730
3116510,2.1000,1.5851
3117010,2.1000,1.5859
3117510,2.1000,1.5787
3118010,2.1000,1.5771
3118510,2.1000,1.5819
3119010,2.1000,1.5690
3119510,2.1000,1.5634
3120010,2.1000,1.5803
3120510,2.1000,1.6012
3121010,2.1000,1.5875
3121510,2.1000,1.5859
3122010,2.1000,1.5964
3122510,2.1000,1.5851
3123010,2.1000,1.5843
3123510,2.1000,1.5835
3124010,2.1000,1.5908
3124510,2.1000,1.5835
3125010,2.1000,1.5819
3125510,2.1000,1.5827
3126010,2.1000,1.5827
3126510,2.1000,1.5819
3127010,2.1000,1.5859
3127510,2.1000,1.5859
3128010,2.1000,1.5859
3128510,2.1000,1.5892
3129010,2.1000,1.5859
3129510,2.1000,1.5916
3130010,2.1000,1.5779
3130510,2.1000,1.5859
3131010,2.1000,1.5843
3131510,2.1000,1.5859
3132010,2.1000,1.5771
3132510,2.1000,1.5835
3133010,2.1000,1.5779
3133510,2.1000,1.5859
3134010,2.1000,1.5835
3134510,2.1000,1.5835
3135010,2.1000,1.5827
3135510,2.1000,1.5867
3136010,2.1000,1.5811
3136510,2.1000,1.5827
3137010,2.1000,1.5867
3137510,2.1000,1.5835
3138010,2.1000,1.5843
3138510,2.1000,1.5859
3139010,2.1000,1.5843
3139510,2.1000,1.5859
3140010,2.1000,1.5932
3140510,2.1000,1.5851
3141010,2.1000,1.5811
3141510,2.1000,1.5859
3142010,2.1000,1.5771
3142510,2.1000,1.5867
3143010,2.1000,1.5811
3143510,2.1000,1.5859
3144010,2.1000,1.5851
3144510,2.1000,1.5843
3145010,2.1000,1.5875
3145510,2.1000,1.5859
3146010,2.1000,1.5859
3146510,2.1000,1.5859
3147010,2.1000,1.5851
3147510,2.1000,1.5972
3148010,2.1000,1.5843
3148510,2.1000,1.5859
3149010,2.1000,1.5916
3149510,2.1000,1.5884
3150010,2.1000,1.5835
3150510,2.1000,1.5932
3151010,2.1000,1.5835
3151510,2.1000,1.5948
3152010,2.1000,1.5964
3152510,2.1000,1.5948
3153010,2.1000,1.5988
3153510,2.1000,1.5835
3154010,2.1000,1.5916
3154510,2.1000,1.5859
3155010,2.1000,1.5859
3155510,2.1000,1.5875
3156010,2.1000,1.5956
3156510,2.1000,1.5908
3157010,2.1000,1.5843
3157510,2.1000,1.5932
3158010,2.1000,1.5916
3158510,2.1000,1.5980
3159010,2.1000,1.5948
3159510,2.1000,1.5819
3160010,2.1000,1.5900
3160510,2.1000,1.5892
3161010,2.1000,1.5859
3161510,2.1000,1.5908
3162010,2.1000,1.5916
3162510,2.1000,1.5916
3163010,2.1000,1.5859
3163510,2.1000,1.5859
3164010,2.1000,1.5859
3164510,2.1000,1.5916
3165010,2.1000,1.5803
3165510,2.1000,1.5996
3166010,2.1000,1.5859
3166510,2.1000,1.5859
3167010,2.1000,1.5980
3167510,2.1000,1.5980
3168010,2.1000,1.5875
3168510,2.1000,1.5940
3169010,2.1000,1.5900
3169510,2.1000,1.5811
3170010,2.1000,1.5867
3170510,2.1000,1.5884
3171010,2.1000,1.5972
3171510,2.1000,1.5867
3172010,2.1000,1.5867
3172510,2.1000,1.5948
3173010,2.1000,1.5964
3173510,2.1000,1.5859
3174010,2.1000,1.5875
3174510,2.1000,1.5859
3175010,2.1000,1.5884
3175510,2.1000,1.5948
3176010,2.1000,1.5908
3176510,2.1000,1.5859
3177010,2.1000,1.5892
3177510,2.1000,1.5972
3178010,2.1000,1.5940
3178510,2.1000,1.5714
3179010,2.1000,1.5755
3179510,2.1000,1.5884
3180010,2.1000,1.5884
3180510,2.1000,1.5747
3181010,2.1000,1.5916
3181510,2.1000,1.5867
3182010,2.1000,1.5884
3182510,2.1000,1.5972
3183010,2.1000,1.5996
3183510,2.1000,1.5924
3184010,2.1000,1.5932
3184510,2.1000,1.5972
3185010,2.1000,1.5980
3185510,2.1000,1.5859
3186010,2.1000,1.5859
3186510,2.1000,1.5996
3187010,2.1000,1.5996
3187510,2.1000,1.5884
3188010,2.1000,1.5916
3188510,2.1000,1.6286
3189010,2.1000,1.5916
3189510,2.1000,1.5948
3190010,2.1000,1.5908
3190510,2.1000,1.5980
3191010,2.1000,1.5932
3191510,2.1000,1.5948
3192010,2.1000,1.6012
3192510,2.1000,1.5859
3193010,2.1000,1.5964
3193510,2.1000,1.5940
3194010,2.1000,1.5892
3194510,2.1000,1.5916
3195010,2.1000,1.5859
3195510,2.1000,1.5867
3196010,2.1000,1.5875
3196510,2.1000,1.5964
3197010,2.1000,1.6029
3197510,2.1000,1.5980
3198010,2.1000,1.5908
3198510,2.1000,1.6004
3199010,2.1000,1.5851
3199510,2.1000,1.5875
3200010,2.1000,1.5932
3200510,2.1000,1.5859
3201010,2.1000,1.5940
3201510,2.1000,1.5924
3202010,2.1000,1.5867
3202510,2.1000,1.5932
3203010,2.1000,1.5964
3203510,2.1000,1.5972
3204010,2.1000,1.5988
3204510,2.1000,1.5988
3205010,2.1000,1.5996
3205510,2.1000,1.5972
3206010,2.1000,1.5948
3206510,2.1000,1.5940
3207010,2.1000,1.5900
3207510,2.1000,1.5988
3208010,2.1000,1.5867
3208510,2.1000,1.5940
3209010,2.1000,1.5916
3209510,2.1000,1.5972
3210010,2.1000,1.5948
3210510,2.1000,1.6037
3211010,2.1000,1.5948
3211510,2.1000,1.5980
3212010,2.1000,1.5988
3212510,2.1000,1.5884
3213010,2.1000,1.5956
3213510,2.1000,1.5972
3214010,2.1000,1.5908
3214510,2.1000,1.5988
3215010,2.1000,1.6029
3215510,2.1000,1.5948
3216010,2.1000,1.5948
3216510,2.1000,1.6101
3217010,2.1000,1.5996
3217510,2.1000,1.6101
3218010,2.1000,1.5948
3218510,2.1000,1.5827
3219010,2.1000,1.6061
3219510,2.1000,1.6004
3220010,2.1000,1.5964
3220510,2.1000,1.5980
3221010,2.1000,1.6029
3221510,2.1000,1.6117
3222010,2.1000,1.5980
3222510,2.1000,1.5940
3223010,2.1000,1.5900
3223510,2.1000,1.5956
3224010,2.1000,1.6012
3224510,2.1000,1.6190
3225010,2.1000,1.5996
3225510,2.1000,1.5948
3226010,2.1000,1.6069
3226510,2.1000,1.5964
3227010,2.1000,1.5988
3227510,2.1000,1.6077
3228010,2.1000,1.6012
3228510,2.1000,1.6037
3229010,2.1000,1.5940
3229510,2.1000,1.6004
3230010,2.1000,1.5900
3230510,2.1000,1.5964
3231010,2.1000,1.6029
3231510,2.1000,1.6021
3232010,2.1000,1.5988
3232510,2.1000,1.5980
3233010,2.1000,1.5932
3233510,2.1000,1.5996
3234010,2.1000,1.6012
3234510,2.1000,1.5988
3235010,2.1000,1.6045
3235510,2.1000,1.6037
3236010,2.1000,1.6045
3236510,2.1000,1.6029
3237010,2.1000,1.6012
3237510,2.1000,1.6029
3238010,2.1000,1.6061
3238510,2.1000,1.6012
3239010,2.1000,1.6029
3239510,2.1000,1.5996
3240010,2.1000,1.5972
3240510,2.1000,1.6077
3241010,2.1000,1.6069
3241510,2.1000,1.5996
3242010,2.1000,1.6045
3242510,2.1000,1.6037
3243010,2.1000,1.6117
3243510,2.1000,1.6117
3244010,2.1000,1.6085
3244510,2.1000,1.6069
3245010,2.1000,1.6045
3245510,2.1000,1.5940
3246010,2.1000,1.6012
3246510,2.1000,1.6166
3247010,2.1000,1.6029
3247510,2.1000,1.6029
3248010,2.1000,1.6174
3248510,2.1000,1.6069
3249010,2.1000,1.5988
3249510,2.1000,1.6351
3250010,2.1000,1.6045
3250510,2.1000,1.6117
3251010,2.1000,1.6029
3251510,2.1000,1.6069
3252010,2.1000,1.6012
3252510,2.1000,1.6077
3253010,2.1000,1.6045
3253510,2.1000,1.6021
3254010,2.1000,1.6101
3254510,2.1000,1.6101
3255010,2.1000,1.6117
3255510,2.1000,1.6093
3256010,2.1000,1.6045
3256510,2.1000,1.6117
3257010,2.1000,1.6061
3257510,2.1000,1.6061
3258010,2.1000,1.5996
3258510,2.1000,1.6037
3259010,2.1000,1.6141
3259510,2.1000,1.6045
3260010,2.1000,1.6077
3260510,2.1000,1.6053
3261010,2.1000,1.6141
3261510,2.1000,1.6085
3262010,2.1000,1.6029
3262510,2.1000,1.6117
3263010,2.1000,1.6166
3263510,2.1000,1.6077
3264010,2.1000,1.6085
3264510,2.1000,1.6109
3265010,2.1000,1.6093
3265510,2.1000,1.6117
3266010,2.1000,1.6295
3266510,2.1000,1.6045
3267010,2.1000,1.6061
3267510,2.1000,1.6117
3268010,2.1000,1.6133
3268510,2.1000,1.6037
3269010,2.1000,1.6117
3269510,2.1000,1.6045
3270010,2.1000,1.6109
3270510,2.1000,1.6053
3271010,2.1000,1.6117
3271510,2.1000,1.6391
3272010,2.1000,1.6125
3272510,2.1000,1.6125
3273010,2.1000,1.6012
3273510,2.1000,1.6117
3274010,2.1000,1.6262
3274510,2.1000,1.6069
3275010,2.1000,1.6158
3275510,2.1000,1.6125
3276010,2.1000,1.6206
3276510,2.1000,1.6158
3277010,2.1000,1.6141
3277510,2.1000,1.6069
3278010,2.1000,1.6101
3278510,2.1000,1.6117
3279010,2.1000,1.6021
3279510,2.1000,1.6069
3280010,2.1000,1.6141
3280510,2.1000,1.6101
3281010,2.1000,1.6238
3281510,2.1000,1.6198
3282010,2.1000,1.6214
3282510,2.1000,1.6158
3283010,2.1000,1.6133
3283510,2.1000,1.6101
3284010,2.1000,1.6117
3284510,2.1000,1.6077
3285010,2.1000,1.6174
3285510,2.1000,1.6093
3286010,2.1000,1.6093
3286510,2.1000,1.6166
3287010,2.1000,1.6166
3287510,2.1000,1.6101
3288010,2.1000,1.6174
3288510,2.1000,1.6117
3289010,2.1000,1.6174
3289510,2.1000,1.6158
3290010,2.1000,1.6133
3290510,2.1000,1.6045
3291010,2.1000,1.6109
3291510,2.1000,1.6117
3292010,2.1000,1.5948
3292510,2.1000,1.6069
3293010,2.1000,1.6045
3293510,2.1000,1.6141
3294010,2.1000,1.6246
3294510,2.1000,1.6375
3295010,2.1000,1.6125
3295510,2.1000,1.6117
3296010,2.1000,1.6125
3296510,2.1000,1.6125
3297010,2.1000,1.6166
3297510,2.1000,1.6133
3298010,2.1000,1.6222
3298510,2.1000,1.6149
3299010,2.1000,1.6117
3299510,2.1000,1.6141
3300010,2.1000,1.6117
3300510,2.1000,1.6295
3301010,2.1000,1.6174
3301510,2.1000,1.6109
3302010,2.1000,1.6117
3302510,2.1000,1.6174
3303010,2.1000,1.6133
3303510,2.1000,1.6262
3304010,2.1000,1.6117
3304510,2.1000,1.6158
3305010,2.1000,1.6117
3305510,2.1000,1.6093
3306010,2.1000,1.6158
3306510,2.1000,1.6166
3307010,2.1000,1.6101
3307510,2.1000,1.6093
3308010,2.1000,1.6133
3308510,2.1000,1.6262
3309010,2.1000,1.6117
3309510,2.1000,1.6117
3310010,2.1000,1.6133
3310510,2.1000,1.6158
3311010,2.1000,1.6141
3311510,2.1000,1.6133
3312010,2.1000,1.6117
3312510,2.1000,1.6125
3313010,2.1000,1.6077
3313510,2.1000,1.6158
3314010,2.1000,1.6206
3314510,2.1000,1.6117
3315010,2.1000,1.6456
3315510,2.1000,1.6141
3316010,2.1000,1.6158
3316510,2.1000,1.6021
3317010,2.1000,1.6343
3317510,2.1000,1.6399
3318010,2.1000,1.6158
3318510,2.1000,1.6166
3319010,2.1000,1.6174
3319510,2.1000,1.6246
3320010,2.1000,1.6158
3320510,2.1000,1.6206
3321010,2.1000,1.6133
3321510,2.1000,1.6158
3322010,2.1000,1.6343
3322510,2.1000,1.6174
3323010,2.1000,1.6230
3323510,2.1000,1.6117
3324010,2.1000,1.6125
3324510,2.1000,1.6158
3325010,2.1000,1.6464
3325510,2.1000,1.6093
3326010,2.1000,1.6077
3326510,2.1000,1.6012
3327010,2.1000,1.5908
3327510,2.1000,1.6158
3328010,2.1000,1.6190
3328510,2.1000,1.6093
3329010,2.1000,1.5996
3329510,2.1000,1.6004
3330010,2.1000,1.6069
3330510,2.1000,1.6093
3331010,2.1000,1.5972
3331510,2.1000,1.6101
3332010,2.1000,1.6117
3332510,2.1000,1.6069
3333010,2.1000,1.6125
3333510,2.1000,1.6158
3334010,2.1000,1.6069
3334510,2.1000,1.6093
3335010,2.1000,1.6061
3335510,2.1000,1.6077
3336010,2.1000,1.6021
3336510,2.1000,1.5948
3337010,2.1000,1.6109
3337510,2.1000,1.6085
3338010,2.1000,1.6117
3338510,2.1000,1.6117
3339010,2.1000,1.6117
3339510,2.1000,1.5867
3340010,2.1000,1.6319
3340510,2.1000,1.6021
3341010,2.1000,1.6004
3341510,2.1000,1.6069
3342010,2.1000,1.6117
3342510,2.1000,1.6117
3343010,2.1000,1.6198
3343510,2.1000,1.6117
3344010,2.1000,1.6045
3344510,2.1000,1.6109
3345010,2.1000,1.6101
3345510,2.1000,1.6085
3346010,2.1000,1.5964
3346510,2.1000,1.6069
3347010,2.1000,1.6117
3347510,2.1000,1.6198
3348010,2.1000,1.6045
3348510,2.1000,1.6125
3349010,2.1000,1.6029
3349510,2.1000,1.6133
3350010,2.1000,1.6069
3350510,2.1000,1.6117
3351010,2.1000,1.6335
3351510,2.1000,1.6101
3352010,2.1000,1.6109
3352510,2.1000,1.6101
3353010,2.1000,1.6045
3353510,2.1000,1.6117
3354010,2.1000,1.6077
3354510,2.1000,1.6117
3355010,2.1000,1.6117
3355510,2.1000,1.5908
3356010,2.1000,1.6133
3356510,2.1000,1.6182
3357010,2.1000,1.6125
3357510,2.1000,1.6117
3358010,2.1000,1.6109
3358510,2.1000,1.6141
3359010,2.1000,1.6117
3359510,2.1000,1.6117
3360010,2.1000,1.6093
3360510,2.1000,1.6069
3361010,2.1000,1.6077
3361510,2.1000,1.6166
3362010,2.1000,1.6166
3362510,2.1000,1.6109
3363010,2.1000,1.6117
3363510,2.1000,1.6117
3364010,2.1000,1.6174
3364510,2.1000,1.6149
3365010,2.1000,1.5996
3365510,2.1000,1.6125
3366010,2.1000,1.6158
3366510,2.1000,1.6117
3367010,2.1000,1.6174
3367510,2.1000,1.6158
3368010,2.1000,1.6109
3368510,2.1000,1.6117
3369010,2.1000,1.6206
3369510,2.1000,1.6117
3370010,2.1000,1.6077
3370510,2.1000,1.6141
3371010,2.1000,1.6295
3371510,2.1000,1.6109
3372010,2.1000,1.6117
3372510,2.1000,1.6117
3373010,2.1000,1.6117
3373510,2.1000,1.6117
3374010,2.1000,1.6133
3374510,2.1000,1.6117
3375010,2.1000,1.6174
3375510,2.1000,1.6012
3376010,2.1000,1.6133
3376510,2.1000,1.6133
3377010,2.1000,1.6125
3377510,2.1000,1.6206
3378010,2.1000,1.6198
3378510,2.1000,1.6045
3379010,2.1000,1.6262
3379510,2.1000,1.6174
3380010,2.1000,1.6149
3380510,2.1000,1.6117
3381010,2.1000,1.6198
3381510,2.1000,1.6198
3382010,2.1000,1.6077
3382510,2.1000,1.6077
3383010,2.1000,1.6141
3383510,2.1000,1.6125
3384010,2.1000,1.6174
3384510,2.1000,1.6117
3385010,2.1000,1.6133
3385510,2.1000,1.6133
3386010,2.1000,1.6117
3386510,2.1000,1.6141
3387010,2.1000,1.6141
3387510,2.1000,1.6133
3388010,2.1000,1.6383
3388510,2.1000,1.6198
3389010,2.1000,1.6190
3389510,2.1000,1.6141
3390010,2.1000,1.6158
3390510,2.1000,1.6125
3391010,2.1000,1.6149
3391510,2.1000,1.6190
3392010,2.1000,1.6198
3392510,2.1000,1.6198
3393010,2.1000,1.6133
3393510,2.1000,1.6141
3394010,2.1000,1.6230
3394510,2.1000,1.6174
3395010,2.1000,1.6174
3395510,2.1000,1.6166
3396010,2.1000,1.6158
3396510,2.1000,1.6101
3397010,2.1000,1.6141
3397510,2.1000,1.6198
3398010,2.1000,1.6270
3398510,2.1000,1.6206
3399010,2.1000,1.6206
3399510,2.1000,1.6117
3400010,2.1000,1.6125
3400510,2.1000,1.6174
3401010,2.1000,1.6440
3401510,2.1000,1.6174
3402010,2.1000,1.6222
3402510,2.1000,1.6109
3403010,2.1000,1.6069
3403510,2.1000,1.6222
3404010,2.1000,1.6206
3404510,2.1000,1.6174
3405010,2.1000,1.6238
3405510,2.1000,1.6206
3406010,2.1000,1.6141
3406510,2.1000,1.6230
3407010,2.1000,1.6133
3407510,2.1000,1.6141
3408010,2.1000,1.6335
3408510,2.1000,1.6117
3409010,2.1000,1.6206
3409510,2.1000,1.6198
3410010,2.1000,1.6166
3410510,2.1000,1.6133
3411010,2.1000,1.6246
3411510,2.1000,1.6125
3412010,2.1000,1.6158
3412510,2.1000,1.6190
3413010,2.1000,1.6174
3413510,2.1000,1.6045
3414010,2.1000,1.6238
3414510,2.1000,1.6254
3415010,2.1000,1.6230
3415510,2.1000,1.6174
3416010,2.1000,1.6117
3416510,2.1000,1.6238
3417010,2.1000,1.6174
3417510,2.1000,1.6254
3418010,2.1000,1.6174
3418510,2.1000,1.6303
3419010,2.1000,1.6295
3419510,2.1000,1.6166
3420010,2.1000,1.6278
3420510,2.1000,1.6222
3421010,2.1000,1.6109
3421510,2.1000,1.6311
3422010,2.1000,1.5996
3422510,2.1000,1.6254
3423010,2.1000,1.6206
3423510,2.1000,1.6295
3424010,2.1000,1.6270
3424510,2.1000,1.6174
3425010,2.1000,1.6270
3425510,2.1000,1.6254
3426010,2.1000,1.6254
3426510,2.1000,1.6254
3427010,2.1000,1.6182
3427510,2.1000,1.6238
3428010,2.1000,1.6238
3428510,2.1000,1.6270
3429010,2.1000,1.6375
3429510,2.1000,1.6359
3430010,2.1000,1.6166
3430510,2.1000,1.6222
3431010,2.1000,1.6262
3431510,2.1000,1.6109
3432010,2.1000,1.6375
3432510,2.1000,1.6286
3433010,2.1000,1.6303
3433510,2.1000,1.6303
3434010,2.1000,1.6230
3434510,2.1000,1.6206
3435010,2.1000,1.5988
3435510,2.1000,1.6222
3436010,2.1000,1.6359
3436510,2.1000,1.6440
3437010,2.1000,1.6190
3437510,2.1000,1.6278
3438010,2.1000,1.6335
3438510,2.1000,1.6254
3439010,2.1000,1.6407
3439510,2.1000,1.6214
3440010,2.1000,1.6222
3440510,2.1000,1.6303
3441010,2.1000,1.6198
3441510,2.1000,1.6214
3442010,2.1000,1.6367
3442510,2.1000,1.6238
3443010,2.1000,1.6222
3443510,2.1000,1.6278
3444010,2.1000,1.6327
3444510,2.1000,1.6327
3445010,2.1000,1.6335
3445510,2.1000,1.6295
3446010,2.1000,1.6254
3446510,2.1000,1.6230
3447010,2.1000,1.6270
3447510,2.1000,1.6166
3448010,2.1000,1.6238
3448510,2.1000,1.6222
3449010,2.1000,1.6335
3449510,2.1000,1.6262
3450010,2.1000,1.6238
3450510,2.1000,1.6270
3451010,2.1000,1.6206
3451510,2.1000,1.6464
3452010,2.1000,1.6286
3452510,2.1000,1.6351
3453010,2.1000,1.6278
3453510,2.1000,1.6037
3454010,2.1000,1.6198
3454510,2.1000,1.6351
3455010,2.1000,1.6238
3455510,2.1000,1.6133
3456010,2.1000,1.6174
3456510,2.1000,1.6303
3457010,2.1000,1.6254
3457510,2.1000,1.6246
3458010,2.1000,1.6303
3458510,2.1000,1.6295
3459010,2.1000,1.6399
3459510,2.1000,1.6238
3460010,2.1000,1.6174
3460510,2.1000,1.6206
3461010,2.1000,1.6238
3461510,2.1000,1.6238
3462010,2.1000,1.6270
3462510,2.1000,1.6149
3463010,2.1000,1.6311
3463510,2.1000,1.6238
3464010,2.1000,1.6238
3464510,2.1000,1.6158
3465010,2.1000,1.6230
3465510,2.1000,1.6254
3466010,2.1000,1.6158
3466510,2.1000,1.6238
3467010,2.1000,1.6222
3467510,2.1000,1.6351
3468010,2.1000,1.6254
3468510,2.1000,1.6230
3469010,2.1000,1.6254
3469510,2.1000,1.6174
3470010,2.1000,1.6270
3470510,2.1000,1.6198
3471010,2.1000,1.6375
3471510,2.1000,1.6254
3472010,2.1000,1.6327
3472510,2.1000,1.5932
3473010,2.1000,1.6230
3473510,2.1000,1.6206
3474010,2.1000,1.6198
3474510,2.1000,1.6190
3475010,2.1000,1.6286
3475510,2.1000,1.6303
3476010,2.1000,1.6198
3476510,2.1000,1.6230
3477010,2.1000,1.6351
3477510,2.1000,1.6093
3478010,2.1000,1.6117
3478510,2.1000,1.6166
3479010,2.1000,1.6295
3479510,2.1000,1.6238
3480010,2.1000,1.6238
3480510,2.1000,1.6270
3481010,2.1000,1.5859
3481510,2.1000,1.6278
3482010,2.1000,1.6141
3482510,2.1000,1.6295
3483010,2.1000,1.6238
3483510,2.1000,1.6238
3484010,2.1000,1.6174
3484510,2.1000,1.6351
3485010,2.1000,1.6367
3485510,2.1000,1.6238
3486010,2.1000,1.6238
3486510,2.1000,1.6399
3487010,2.1000,1.6262
3487510,2.1000,1.6222
3488010,2.1000,1.6303
3488510,2.1000,1.6303
3489010,2.1000,1.6222
3489510,2.1000,1.6286
3490010,2.1000,1.6158
3490510,2.1000,1.6246
3491010,2.1000,1.6158
3491510,2.1000,1.6335
3492010,2.1000,1.6254
3492510,2.1000,1.6375
3493010,2.1000,1.6262
3493510,2.1000,1.6286
3494010,2.1000,1.6415
3494510,2.1000,1.6246
3495010,2.1000,1.6286
3495510,2.1000,1.6278
3496010,2.1000,1.6303
3496510,2.1000,1.6335
3497010,2.1000,1.6270
3497510,2.1000,1.6222
3498010,2.1000,1.6286
3498510,2.1000,1.6335
3499010,2.1000,1.6303
3499510,2.1000,1.6262
3500010,2.1000,1.6367
3500510,2.1000,1.6270
3501010,2.1000,1.6238
3501510,2.1000,1.6254
3502010,2.1000,1.6230
3502510,2.1000,1.6286
3503010,2.1000,1.6295
3503510,2.1000,1.6351
3504010,2.1000,1.6262
3504510,2.1000,1.6286
3505010,2.1000,1.6295
3505510,2.1000,1.6246
3506010,2.1000,1.6327
3506510,2.1000,1.6303
3507010,2.1000,1.6238
3507510,2.1000,1.6319
3508010,2.1000,1.6246
3508510,2.1000,1.6270
3509010,2.1000,1.6375
3509510,2.1000,1.6286
3510010,2.1000,1.6270
3510510,2.1000,1.6117
3511010,2.1000,1.6286
3511510,2.1000,1.6190
3512010,2.1000,1.6335
3512510,2.1000,1.6375
3513010,2.1000,1.6262
3513510,2.1000,1.6270
3514010,2.1000,1.6230
3514510,2.1000,1.6230
3515010,2.1000,1.6222
3515510,2.1000,1.6375
3516010,2.1000,1.6286
3516510,2.1000,1.6286
3517010,2.1000,1.6254
3517510,2.1000,1.6448
3518010,2.1000,1.6270
3518510,2.1000,1.6319
3519010,2.1000,1.6375
3519510,2.1000,1.6270
3520010,2.1000,1.6407
3520510,2.1000,1.6343
3521010,2.1000,1.6327
3521510,2.1000,1.6375
3522010,2.1000,1.6327
3522510,2.1000,1.6246
3523010,2.1000,1.6375
3523510,2.1000,1.6270
3524010,2.1000,1.6286
3524510,2.1000,1.6303
3525010,2.1000,1.6335
3525510,2.1000,1.6327
3526010,2.1000,1.6335
3526510,2.1000,1.6262
3527010,2.1000,1.6367
3527510,2.1000,1.6375
3528010,2.1000,1.6415
3528510,2.1000,1.6270
3529010,2.1000,1.6375
3529510,2.1000,1.6367
3530010,2.1000,1.6375
3530510,2.1000,1.6375
3531010,2.1000,1.6367
3531510,2.1000,1.6440
3532010,2.1000,1.6367
3532510,2.1000,1.6375
3533010,2.1000,1.6407
3533510,2.1000,1.6367
3534010,2.1000,1.6407
3534510,2.1000,1.6391
3535010,2.1000,1.6359
3535510,2.1000,1.6375
3536010,2.1000,1.6367
3536510,2.1000,1.6327
3537010,2.1000,1.6391
3537510,2.1000,1.6440
3538010,2.1000,1.6375
3538510,2.1000,1.6327
3539010,2.1000,1.6351
3539510,2.1000,1.6327
3540010,2.1000,1.6375
3540510,2.1000,1.6391
3541010,2.1000,1.6383
3541510,2.1000,1.6415
3542010,2.1000,1.6327
3542510,2.1000,1.6391
3543010,2.1000,1.6415
3543510,2.1000,1.6311
3544010,2.1000,1.6262
3544510,2.1000,1.6391
3545010,2.1000,1.6335
3545510,2.1000,1.6399
3546010,2.1000,1.6367
3546510,2.1000,1.6262
3547010,2.1000,1.6407
3547510,2.1000,1.6399
3548010,2.1000,1.6303
3548510,2.1000,1.6375
3549010,2.1000,1.6303
3549510,2.1000,1.6432
3550010,2.1000,1.6375
3550510,2.1000,1.6448
3551010,2.1000,1.6278
3551510,2.1000,1.6359
3552010,2.1000,1.6399
3552510,2.1000,1.6262
3553010,2.1000,1.6593
3553510,2.1000,1.6456
3554010,2.1000,1.6391
3554510,2.1000,1.6383
3555010,2.1000,1.6568
3555510,2.1000,1.6367
3556010,2.1000,1.6432
3556510,2.1000,1.6472
3557010,2.1000,1.6375
3557510,2.1000,1.6367
3558010,2.1000,1.6399
3558510,2.1000,1.6432
3559010,2.1000,1.6472
3559510,2.1000,1.6206
3560010,2.1000,1.6383
3560510,2.1000,1.6351
3561010,2.1000,1.6238
3561510,2.1000,1.6391
3562010,2.1000,1.6375
3562510,2.1000,1.6375
3563010,2.1000,1.6383
3563510,2.1000,1.6375
3564010,2.1000,1.6367
3564510,2.1000,1.6488
3565010,2.1000,1.6367
3565510,2.1000,1.6295
3566010,2.1000,1.6383
3566510,2.1000,1.6423
3567010,2.1000,1.6375
3567510,2.1000,1.6399
3568010,2.1000,1.6423
3568510,2.1000,1.6327
3569010,2.1000,1.6448
3569510,2.1000,1.6174
3570010,2.1000,1.6464
3570510,2.1000,1.6391
3571010,2.1000,1.6375
3571510,2.1000,1.6367
3572010,2.1000,1.6375
3572510,2.1000,1.6480
3573010,2.1000,1.6391
3573510,2.1000,1.6391
3574010,2.1000,1.6480
3574510,2.1000,1.6383
3575010,2.1000,1.6375
3575510,2.1000,1.6415
3576010,2.1000,1.6432
3576510,2.1000,1.6488
3577010,2.1000,1.6335
3577510,2.1000,1.6456
3578010,2.1000,1.6464
3578510,2.1000,1.6617
3579010,2.1000,1.6415
3579510,2.1000,1.6423
3580010,2.1000,1.6391
3580510,2.1000,1.6448
3581010,2.1000,1.6552
3581510,2.1000,1.6464
3582010,2.1000,1.6383
3582510,2.1000,1.6432
3583010,2.1000,1.6415
3583510,2.1000,1.6456
3584010,2.1000,1.6488
3584510,2.1000,1.6375
3585010,2.1000,1.6391
3585510,2.1000,1.6415
3586010,2.1000,1.6375
3586510,2.1000,1.6415
3587010,2.1000,1.6488
3587510,2.1000,1.6375
3588010,2.1000,1.6367
3588510,2.1000,1.6496
3589010,2.1000,1.6496
3589510,2.1000,1.6593
3590010,2.1000,1.6432
3590510,2.1000,1.6375
3591010,2.1000,1.6375
3591510,2.1000,1.6375
3592010,2.1000,1.6117
3592510,2.1000,1.6391
3593010,2.1000,1.6480
3593510,2.1000,1.6391
3594010,2.1000,1.6480
3594510,2.1000,1.6415
3595010,2.1000,1.6391
3595510,2.1000,1.6383
3596010,2.1000,1.6391
3596510,2.1000,1.6383
3597010,2.1000,1.6488
3597510,2.1000,1.6375
3598010,2.1000,1.6657
3598510,2.1000,1.6375
3599010,2.1000,1.6448
3599510,2.1000,1.6560
3600010,2.1000,1.6415
3600510,2.1000,1.6375
3601010,2.1000,1.6577
3601510,2.1000,1.6464
3602010,2.1000,1.6456
3602510,2.1000,1.6496
3603010,2.1000,1.6448
3603510,2.1000,1.6464
3604010,2.1000,1.6423
3604510,2.1000,1.6399
3605010,2.1000,1.6230
3605510,2.1000,1.6472
3606010,2.1000,1.6230
3606510,2.1000,1.6488
3607010,2.1000,1.6432
3607510,2.1000,1.6456
3608010,2.1000,1.6472
3608510,2.1000,1.6480
3609010,2.1000,1.6472
3609510,2.1000,1.6714
3610010,2.1000,1.6464
3610510,2.1000,1.6432
3611010,2.1000,1.6456
3611510,2.1000,1.6399
3612010,2.1000,1.6601
3612510,2.1000,1.6432
3613010,2.1000,1.6415
3613510,2.1000,1.6456
3614010,2.1000,1.6432
3614510,2.1000,1.6423
3615010,2.1000,1.6496
3615510,2.1000,1.6432
3616010,2.1000,1.6423
3616510,2.1000,1.6399
3617010,2.1000,1.6536
3617510,2.1000,1.6488
3618010,2.1000,1.6464
3618510,2.1000,1.6286
3619010,2.1000,1.6472
3619510,2.1000,1.6472
3620010,2.1000,1.6496
3620510,2.1000,1.6375
3621010,2.1000,1.6423
3621510,2.1000,1.6432
3622010,2.1000,1.6496
3622510,2.1000,1.6593
3623010,2.1000,1.6560
3623510,2.1000,1.6375
3624010,2.1000,1.6472
3624510,2.1000,1.6480
3625010,2.1000,1.6480
3625510,2.1000,1.6295
3626010,2.1000,1.6496
3626510,2.1000,1.6423
3627010,2.1000,1.6383
3627510,2.1000,1.6633
3628010,2.1000,1.6496
3628510,2.1000,1.6641
3629010,2.1000,1.6601
3629510,2.1000,1.6407
3630010,2.1000,1.6488
3630510,2.1000,1.6560
3631010,2.1000,1.6560
3631510,2.1000,1.6375
3632010,2.1000,1.6383
3632510,2.1000,1.6633
3633010,2.1000,1.6456
3633510,2.1000,1.6544
3634010,2.1000,1.6633
3634510,2.1000,1.6633
3635010,2.1000,1.6633
3635510,2.1000,1.6560
3636010,2.1000,1.6552
3636510,2.1000,1.6601
3637010,2.1000,1.6536
3637510,2.1000,1.6641
3638010,2.1000,1.6633
3638510,2.1000,1.6415
3639010,2.1000,1.6641
3639510,2.1000,1.6472
3640010,2.1000,1.6641
3640510,2.1000,1.6609
3641010,2.1000,1.6448
3641510,2.1000,1.6375
3642010,2.1000,1.6456
3642510,2.1000,1.6464
3643010,2.1000,1.6601
3643510,2.1000,1.6617
3644010,2.1000,1.6383
3644510,2.1000,1.6552
3645010,2.1000,1.6488
3645510,2.1000,1.6496
3646010,2.1000,1.6407
3646510,2.1000,1.6585
3647010,2.1000,1.6295
3647510,2.1000,1.6496
3648010,2.1000,1.6681
3648510,2.1000,1.6480
3649010,2.1000,1.6786
3649510,2.1000,1.6496
3650010,2.1000,1.6464
3650510,2.1000,1.6577
3651010,2.1000,1.6432
3651510,2.1000,1.6625
3652010,2.1000,1.6423
3652510,2.1000,1.6488
3653010,2.1000,1.6544
3653510,2.1000,1.6375
3654010,2.1000,1.6609
3654510,2.1000,1.6552
3655010,2.1000,1.6448
3655510,2.1000,1.6496
3656010,2.1000,1.6496
3656510,2.1000,1.6633
3657010,2.1000,1.6544
3657510,2.1000,1.6617
3658010,2.1000,1.6641
3658510,2.1000,1.6705
3659010,2.1000,1.6544
3659510,2.1000,1.6480
3660010,2.1000,1.6633
3660510,2.1000,1.6633
3661010,2.1000,1.6544
3661510,2.1000,1.6560
3662010,2.1000,1.6593
3662510,2.1000,1.6746
3663010,2.1000,1.6730
3663510,2.1000,1.6649
3664010,2.1000,1.6617
3664510,2.1000,1.6496
3665010,2.1000,1.6480
3665510,2.1000,1.6633
3666010,2.1000,1.6464
3666510,2.1000,1.6496
3667010,2.1000,1.6560
3667510,2.1000,1.6488
3668010,2.1000,1.6432
3668510,2.1000,1.6480
3669010,2.1000,1.6464
3669510,2.1000,1.6657
3670010,2.1000,1.6496
3670510,2.1000,1.6560
3671010,2.1000,1.6552
3671510,2.1000,1.6456
3672010,2.1000,1.6544
3672510,2.1000,1.6625
3673010,2.1000,1.6617
3673510,2.1000,1.6488
3674010,2.1000,1.6617
3674510,2.1000,1.6415
3675010,2.1000,1.6464
3675510,2.1000,1.6488
3676010,2.1000,1.6496
3676510,2.1000,1.6488
3677010,2.1000,1.6552
3677510,2.1000,1.6472
3678010,2.1000,1.6198
3678510,2.1000,1.6568
3679010,2.1000,1.6472
3679510,2.1000,1.6568
3680010,2.1000,1.6423
3680510,2.1000,1.6464
3681010,2.1000,1.6585
3681510,2.1000,1.6423
3682010,2.1000,1.6601
3682510,2.1000,1.6464
3683010,2.1000,1.6488
3683510,2.1000,1.6705
3684010,2.1000,1.6456
3684510,2.1000,1.6560
3685010,2.1000,1.6544
3685510,2.1000,1.6399
3686010,2.1000,1.6544
3686510,2.1000,1.6601
3687010,2.1000,1.6552
3687510,2.1000,1.6496
3688010,2.1000,1.6391
3688510,2.1000,1.6391
3689010,2.1000,1.6464
3689510,2.1000,1.6496
3690010,2.1000,1.6488
3690510,2.1000,1.6448
3691010,2.1000,1.6480
3691510,2.1000,1.6488
3692010,2.1000,1.6496
3692510,2.1000,1.6464
3693010,2.1000,1.6383
3693510,2.1000,1.6432
3694010,2.1000,1.6464
3694510,2.1000,1.6367
3695010,2.1000,1.6472
3695510,2.1000,1.6633
3696010,2.1000,1.6560
3696510,2.1000,1.6399
3697010,2.1000,1.6560
3697510,2.1000,1.6423
3698010,2.1000,1.6375
3698510,2.1000,1.6456
3699010,2.1000,1.6552
3699510,2.1000,1.6496
3700010,2.1000,1.6577
3700510,2.1000,1.6657
3701010,2.1000,1.6560
3701510,2.1000,1.6552
3702010,2.1000,1.6705
3702510,2.1000,1.6560
3703010,2.1000,1.6633
3703510,2.1000,1.6496
3704010,2.1000,1.6480
3704510,2.1000,1.6552
3705010,2.1000,1.6464
3705510,2.1000,1.6617
3706010,2.1000,1.6560
3706510,2.1000,1.6496
3707010,2.1000,1.6609
3707510,2.1000,1.6585
3708010,2.1000,1.6633
3708510,2.1000,1.6577
3709010,2.1000,1.6617
3709510,2.1000,1.6472
3710010,2.1000,1.6585
3710510,2.1000,1.6464
3711010,2.1000,1.6496
3711510,2.1000,1.6456
3712010,2.1000,1.6657
3712510,2.1000,1.6609
3713010,2.1000,1.6496
3713510,2.1000,1.6432
3714010,2.1000,1.6641
3714510,2.1000,1.6649
3715010,2.1000,1.6601
3715510,2.1000,1.6722
3716010,2.1000,1.6617
3716510,2.1000,1.6649
3717010,2.1000,1.6633
3717510,2.1000,1.6335
3718010,2.1000,1.6609
3718510,2.1000,1.6560
3719010,2.1000,1.6633
3719510,2.1000,1.6625
3720010,2.1000,1.6657
3720510,2.1000,1.6609
3721010,2.1000,1.6609
3721510,2.1000,1.6633
3722010,2.1000,1.6641
3722510,2.1000,1.6673
3723010,2.1000,1.6633
3723510,2.1000,1.6496
3724010,2.1000,1.6552
3724510,2.1000,1.6633
3725010,2.1000,1.6617
3725510,2.1000,1.6633
3726010,2.1000,1.6633
3726510,2.1000,1.6601
3727010,2.1000,1.6601
3727510,2.1000,1.6633
3728010,2.1000,1.6593
3728510,2.1000,1.6633
3729010,2.1000,1.6746
3729510,2.1000,1.6641
3730010,2.1000,1.6641
3730510,2.1000,1.6641
3731010,2.1000,1.6746
3731510,2.1000,1.6633
3732010,2.1000,1.6601
3732510,2.1000,1.6593
3733010,2.1000,1.6633
3733510,2.1000,1.6625
3734010,2.1000,1.6673
3734510,2.1000,1.6625
3735010,2.1000,1.6552
3735510,2.1000,1.6577
3736010,2.1000,1.6633
3736510,2.1000,1.6657
3737010,2.1000,1.6577
3737510,2.1000,1.6472
3738010,2.1000,1.6633
3738510,2.1000,1.7028
3739010,2.1000,1.6552
3739510,2.1000,1.6746
3740010,2.1000,1.6633
3740510,2.1000,1.6633
3741010,2.1000,1.6722
3741510,2.1000,1.6681
3742010,2.1000,1.6488
3742510,2.1000,1.6391
3743010,2.1000,1.6649
3743510,2.1000,1.6633
3744010,2.1000,1.6609
3744510,2.1000,1.6754
3745010,2.1000,1.6665
3745510,2.1000,1.6432
3746010,2.1000,1.6568
3746510,2.1000,1.6633
3747010,2.1000,1.6617
3747510,2.1000,1.6641
3748010,2.1000,1.6617
3748510,2.1000,1.6633
3749010,2.1000,1.6673
3749510,2.1000,1.6689
3750010,2.1000,1.6681
3750510,2.1000,1.6617
3751010,2.1000,1.6633
3751510,2.1000,1.6464
3752010,2.1000,1.6593
3752510,2.1000,1.6673
3753010,2.1000,1.6577
3753510,2.1000,1.6560
3754010,2.1000,1.6633
3754510,2.1000,1.6633
3755010,2.1000,1.6625
3755510,2.1000,1.6593
3756010,2.1000,1.6778
3756510,2.1000,1.6705
3757010,2.1000,1.6641
3757510,2.1000,1.6689
3758010,2.1000,1.6609
3758510,2.1000,1.6665
3759010,2.1000,1.6496
3759510,2.1000,1.6738
3760010,2.1000,1.6633
3760510,2.1000,1.6617
3761010,2.1000,1.6641
3761510,2.1000,1.6609
3762010,2.1000,1.6705
3762510,2.1000,1.6633
3763010,2.1000,1.6730
3763510,2.1000,1.6657
3764010,2.1000,1.6770
3764510,2.1000,1.6722
3765010,2.1000,1.6762
3765510,2.1000,1.6730
3766010,2.1000,1.6633
3766510,2.1000,1.6681
3767010,2.1000,1.6657
3767510,2.1000,1.6633
3768010,2.1000,1.6649
3768510,2.1000,1.6601
3769010,2.1000,1.6617
3769510,2.1000,1.6649
3770010,2.1000,1.6609
3770510,2.1000,1.6633
3771010,2.1000,1.6633
3771510,2.1000,1.6552
3772010,2.1000,1.6665
3772510,2.1000,1.6641
3773010,2.1000,1.6480
3773510,2.1000,1.6641
3774010,2.1000,1.6657
3774510,2.1000,1.6722
3775010,2.1000,1.6585
3775510,2.1000,1.6697
3776010,2.1000,1.6778
3776510,2.1000,1.6689
3777010,2.1000,1.6593
3777510,2.1000,1.6722
3778010,2.1000,1.6955
3778510,2.1000,1.6705
3779010,2.1000,1.6593
3779510,2.1000,1.6697
3780010,2.1000,1.6649
3780510,2.1000,1.6754
3781010,2.1000,1.6834
3781510,2.1000,1.6657
3782010,2.1000,1.6722
3782510,2.1000,1.6681
3783010,2.1000,1.6794
3783510,2.1000,1.6681
3784010,2.1000,1.6746
3784510,2.1000,1.6633
3785010,2.1000,1.6689
3785510,2.1000,1.6649
3786010,2.1000,1.6689
3786510,2.1000,1.6625
3787010,2.1000,1.6649
3787510,2.1000,1.6633
3788010,2.1000,1.6722
3788510,2.1000,1.6689
3789010,2.1000,1.6681
3789510,2.1000,1.6778
3790010,2.1000,1.6754
3790510,2.1000,1.6746
3791010,2.1000,1.6746
3791510,2.1000,1.6746
3792010,2.1000,1.6681
3792510,2.1000,1.6738
3793010,2.1000,1.6593
3793510,2.1000,1.6762
3794010,2.1000,1.6722
3794510,2.1000,1.6681
3795010,2.1000,1.6778
3795510,2.1000,1.6738
3796010,2.1000,1.6746
3796510,2.1000,1.6770
3797010,2.1000,1.6786
3797510,2.1000,1.6891
3798010,2.1000,1.6714
3798510,2.1000,1.6730
3799010,2.1000,1.6714
3799510,2.1000,1.6746
3800010,2.1000,1.6738
3800510,2.1000,1.6681
3801010,2.1000,1.6722
3801510,2.1000,1.6746
3802010,2.1000,1.6907
3802510,2.1000,1.6738
3803010,2.1000,1.6738
3803510,2.1000,1.6738
3804010,2.1000,1.6585
3804510,2.1000,1.6722
3805010,2.1000,1.6689
3805510,2.1000,1.6641
3806010,2.1000,1.6641
3806510,2.1000,1.6689
3807010,2.1000,1.6665
3807510,2.1000,1.6714
3808010,2.1000,1.6770
3808510,2.1000,1.6673
3809010,2.1000,1.6722
3809510,2.1000,1.6714
3810010,2.1000,1.6705
3810510,2.1000,1.6705
3811010,2.1000,1.6802
3811510,2.1000,1.6705
3812010,2.1000,1.6705
3812510,2.1000,1.6673
3813010,2.1000,1.6754
3813510,2.1000,1.6722
3814010,2.1000,1.6939
3814510,2.1000,1.6754
3815010,2.1000,1.6746
3815510,2.1000,1.6778
3816010,2.1000,1.6842
3816510,2.1000,1.6754
3817010,2.1000,1.6657
3817510,2.1000,1.6794
3818010,2.1000,1.6625
3818510,2.1000,1.6891
3819010,2.1000,1.6746
3819510,2.1000,1.6746
3820010,2.1000,1.6842
3820510,2.1000,1.6722
3821010,2.1000,1.6722
3821510,2.1000,1.6714
3822010,2.1000,1.6834
3822510,2.1000,1.6738
3823010,2.1000,1.6778
3823510,2.1000,1.6770
3824010,2.1000,1.6754
3824510,2.1000,1.6754
3825010,2.1000,1.6826
3825510,2.1000,1.6762
3826010,2.1000,1.6746
3826510,2.1000,1.6818
3827010,2.1000,1.6883
3827510,2.1000,1.6423
3828010,2.1000,1.6786
3828510,2.1000,1.6778
3829010,2.1000,1.6786
3829510,2.1000,1.6722
3830010,2.1000,1.6738
3830510,2.1000,1.6722
3831010,2.1000,1.6722
3831510,2.1000,1.6754
3832010,2.1000,1.6770
3832510,2.1000,1.6714
3833010,2.1000,1.6673
3833510,2.1000,1.6971
3834010,2.1000,1.6810
3834510,2.1000,1.7020
3835010,2.1000,1.6738
3835510,2.1000,1.6842
3836010,2.1000,1.6778
3836510,2.1000,1.6963
3837010,2.1000,1.6802
3837510,2.1000,1.6931
3838010,2.1000,1.6818
3838510,2.1000,1.6802
3839010,2.1000,1.6770
3839510,2.1000,1.6730
3840010,2.1000,1.6867
3840510,2.1000,1.7068
3841010,2.1000,1.6754
3841510,2.1000,1.6738
3842010,2.1000,1.6810
3842510,2.1000,1.6834
3843010,2.1000,1.6891
3843510,2.1000,1.6770
3844010,2.1000,1.6786
3844510,2.1000,1.6842
3845010,2.1000,1.6762
3845510,2.1000,1.6867
3846010,2.1000,1.6851
3846510,2.1000,1.6802
3847010,2.1000,1.6891
3847510,2.1000,1.6714
3848010,2.1000,1.6891
3848510,2.1000,1.6754
3849010,2.1000,1.6786
3849510,2.1000,1.6826
3850010,2.1000,1.6883
3850510,2.1000,1.6851
3851010,2.1000,1.6762
3851510,2.1000,1.6762
3852010,2.1000,1.6818
3852510,2.1000,1.6818
3853010,2.1000,1.6730
3853510,2.1000,1.6851
3854010,2.1000,1.6891
3854510,2.1000,1.6818
3855010,2.1000,1.6738
3855510,2.1000,1.6786
3856010,2.1000,1.6762
3856510,2.1000,1.6738
3857010,2.1000,1.6891
3857510,2.1000,1.6899
3858010,2.1000,1.6714
3858510,2.1000,1.6746
3859010,2.1000,1.6875
3859510,2.1000,1.6762
3860010,2.1000,1.6746
3860510,2.1000,1.6915
3861010,2.1000,1.6891
3861510,2.1000,1.6818
3862010,2.1000,1.6778
3862510,2.1000,1.6818
3863010,2.1000,1.6786
3863510,2.1000,1.6754
3864010,2.1000,1.6899
3864510,2.1000,1.6834
3865010,2.1000,1.6891
3865510,2.1000,1.6851
3866010,2.1000,1.6722
3866510,2.1000,1.6842
3867010,2.1000,1.6842
3867510,2.1000,1.6738
3868010,2.1000,1.6891
3868510,2.1000,1.6770
3869010,2.1000,1.6907
3869510,2.1000,1.6810
3870010,2.1000,1.6842
3870510,2.1000,1.7012
3871010,2.1000,1.6891
3871510,2.1000,1.6810
3872010,2.1000,1.6818
3872510,2.1000,1.6907
3873010,2.1000,1.6891
3873510,2.1000,1.6762
3874010,2.1000,1.6875
3874510,2.1000,1.6875
3875010,2.1000,1.6786
3875510,2.1000,1.6867
3876010,2.1000,1.6851
3876510,2.1000,1.6802
3877010,2.1000,1.6802
3877510,2.1000,1.6794
3878010,2.1000,1.6891
3878510,2.1000,1.6891
3879010,2.1000,1.6714
3879510,2.1000,1.6818
3880010,2.1000,1.6883
3880510,2.1000,1.6891
3881010,2.1000,1.6842
3881510,2.1000,1.6883
3882010,2.1000,1.6851
3882510,2.1000,1.6891
3883010,2.1000,1.6875
3883510,2.1000,1.6939
3884010,2.1000,1.6867
3884510,2.1000,1.6891
3885010,2.1000,1.6883
3885510,2.1000,1.6842
3886010,2.1000,1.6818
3886510,2.1000,1.6939
3887010,2.1000,1.6971
3887510,2.1000,1.6875
3888010,2.1000,1.6859
3888510,2.1000,1.6851
3889010,2.1000,1.6834
3889510,2.1000,1.6794
3890010,2.1000,1.6867
3890510,2.1000,1.6899
3891010,2.1000,1.6722
3891510,2.1000,1.6842
3892010,2.1000,1.6810
3892510,2.1000,1.6996
3893010,2.1000,1.6867
3893510,2.1000,1.6891
3894010,2.1000,1.6891
3894510,2.1000,1.6802
3895010,2.1000,1.6891
3895510,2.1000,1.6899
3896010,2.1000,1.6818
3896510,2.1000,1.6979
3897010,2.1000,1.6786
3897510,2.1000,1.6891
3898010,2.1000,1.6859
3898510,2.1000,1.6891
3899010,2.1000,1.6891
3899510,2.1000,1.6899
3900010,2.1000,1.6883
3900510,2.1000,1.6851
3901010,2.1000,1.6891
3901510,2.1000,1.6834
3902010,2.1000,1.6947
3902510,2.1000,1.6851
3903010,2.1000,1.6875
3903510,2.1000,1.6947
3904010,2.1000,1.6907
3904510,2.1000,1.6891
3905010,2.1000,1.6883
3905510,2.1000,1.6899
3906010,2.1000,1.6939
3906510,2.1000,1.6883
3907010,2.1000,1.6842
3907510,2.1000,1.6907
3908010,2.1000,1.6931
3908510,2.1000,1.6939
3909010,2.1000,1.6915
3909510,2.1000,1.6891
3910010,2.1000,1.6899
3910510,2.1000,1.6915
3911010,2.1000,1.6875
3911510,2.1000,1.6915
3912010,2.1000,1.6907
3912510,2.1000,1.6891
3913010,2.1000,1.6899
3913510,2.1000,1.6996
3914010,2.1000,1.6899
3914510,2.1000,1.6891
3915010,2.1000,1.6891
3915510,2.1000,1.6818
3916010,2.1000,1.6996
3916510,2.1000,1.6939
3917010,2.1000,1.6891
3917510,2.1000,1.7020
3918010,2.1000,1.6834
3918510,2.1000,1.6915
3919010,2.1000,1.6947
3919510,2.1000,1.6883
3920010,2.1000,1.7068
3920510,2.1000,1.6915
3921010,2.1000,1.6931
3921510,2.1000,1.6907
3922010,2.1000,1.7149
3922510,2.1000,1.6859
3923010,2.1000,1.6988
3923510,2.1000,1.6762
3924010,2.1000,1.6875
3924510,2.1000,1.6891
3925010,2.1000,1.6883
3925510,2.1000,1.6883
3926010,2.1000,1.6947
3926510,2.1000,1.6875
3927010,2.1000,1.6931
3927510,2.1000,1.6939
3928010,2.1000,1.7052
3928510,2.1000,1.6907
3929010,2.1000,1.6891
3929510,2.1000,1.6947
3930010,2.1000,1.6939
3930510,2.1000,1.6867
3931010,2.1000,1.6891
3931510,2.1000,1.6963
3932010,2.1000,1.6891
3932510,2.1000,1.6891
3933010,2.1000,1.6875
3933510,2.1000,1.6947
3934010,2.1000,1.6947
3934510,2.1000,1.6851
3935010,2.1000,1.6907
3935510,2.1000,1.6955
3936010,2.1000,1.6907
3936510,2.1000,1.6891
3937010,2.1000,1.6988
3937510,2.1000,1.6907
3938010,2.1000,1.6979
3938510,2.1000,1.7092
3939010,2.1000,1.6988
3939510,2.1000,1.6875
3940010,2.1000,1.6971
3940510,2.1000,1.6899
3941010,2.1000,1.6899
3941510,2.1000,1.6931
3942010,2.1000,1.6851
3942510,2.1000,1.6891
3943010,2.1000,1.6931
3943510,2.1000,1.6915
3944010,2.1000,1.6931
3944510,2.1000,1.7149
3945010,2.1000,1.6867
3945510,2.1000,1.7004
3946010,2.1000,1.6883
3946510,2.1000,1.6899
3947010,2.1000,1.6947
3947510,2.1000,1.6923
3948010,2.1000,1.7004
3948510,2.1000,1.6907
3949010,2.1000,1.6915
3949510,2.1000,1.6947
3950010,2.1000,1.7020
3950510,2.1000,1.6939
3951010,2.1000,1.6907
3951510,2.1000,1.6931
3952010,2.1000,1.6947
3952510,2.1000,1.7004
3953010,2.1000,1.7004
3953510,2.1000,1.7012
3954010,2.1000,1.7004
3954510,2.1000,1.6923
3955010,2.1000,1.6931
3955510,2.1000,1.6899
3956010,2.1000,1.6971
3956510,2.1000,1.7020
3957010,2.1000,1.6979
3957510,2.1000,1.6947
3958010,2.1000,1.6931
3958510,2.1000,1.6996
3959010,2.1000,1.7012
3959510,2.1000,1.6891
3960010,2.1000,1.7004
3960510,2.1000,1.6923
3961010,2.1000,1.6842
3961510,2.1000,1.6907
3962010,2.1000,1.6883
3962510,2.1000,1.6907
3963010,2.1000,1.6891
3963510,2.1000,1.6963
3964010,2.1000,1.7125
3964510,2.1000,1.7004
3965010,2.1000,1.6939
3965510,2.1000,1.7012
3966010,2.1000,1.6947
3966510,2.1000,1.7229
3967010,2.1000,1.6810
3967510,2.1000,1.6996
3968010,2.1000,1.6907
3968510,2.1000,1.6963
3969010,2.1000,1.6899
3969510,2.1000,1.7213
3970010,2.1000,1.6979
3970510,2.1000,1.7004
3971010,2.1000,1.7004
3971510,2.1000,1.6923
3972010,2.1000,1.6963
3972510,2.1000,1.7044
3973010,2.1000,1.6931
3973510,2.1000,1.7020
3974010,2.1000,1.6786
3974510,2.1000,1.6931
3975010,2.1000,1.7020
3975510,2.1000,1.6996
3976010,2.1000,1.6996
3976510,2.1000,1.6979
3977010,2.1000,1.7012
3977510,2.1000,1.7157
3978010,2.1000,1.7004
3978510,2.1000,1.7012
3979010,2.1000,1.7004
3979510,2.1000,1.6963
3980010,2.1000,1.7036
3980510,2.1000,1.7036
3981010,2.1000,1.6915
3981510,2.1000,1.6891
3982010,2.1000,1.7197
3982510,2.1000,1.7020
3983010,2.1000,1.7004
3983510,2.1000,1.7036
3984010,2.1000,1.6996
3984510,2.1000,1.6947
3985010,2.1000,1.6996
3985510,2.1000,1.6939
3986010,2.1000,1.7068
3986510,2.1000,1.6923
3987010,2.1000,1.6915
3987510,2.1000,1.7012
3988010,2.1000,1.7020
3988510,2.1000,1.6939
3989010,2.1000,1.6988
3989510,2.1000,1.7012
3990010,2.1000,1.6979
3990510,2.1000,1.7036
3991010,2.1000,1.6899
3991510,2.1000,1.6979
3992010,2.1000,1.7149
3992510,2.1000,1.6988
3993010,2.1000,1.6754
3993510,2.1000,1.7012
3994010,2.1000,1.6971
3994510,2.1000,1.7020
3995010,2.1000,1.7044
3995510,2.1000,1.6947
3996010,2.1000,1.7044
3996510,2.1000,1.6939
3997010,2.1000,1.6891
3997510,2.1000,1.6891
3998010,2.1000,1.7060
3998510,2.1000,1.7060
3999010,2.1000,1.6891
3999510,2.1000,1.7052
4000010,2.1000,1.7012
4000510,2.1000,1.6979
4001010,2.1000,1.7020
4001510,2.1000,1.7012
4002010,2.1000,1.7020
4002510,2.1000,1.7068
4003010,2.1000,1.7052
4003510,2.1000,1.7028
4004010,2.1000,1.7100
4004510,2.1000,1.6963
4005010,2.1000,1.7012
4005510,2.1000,1.6979
4006010,2.1000,1.7020
4006510,2.1000,1.7004
4007010,2.1000,1.7108
4007510,2.1000,1.6971
4008010,2.1000,1.7068
4008510,2.1000,1.7044
4009010,2.1000,1.7004
4009510,2.1000,1.7020
4010010,2.1000,1.7044
4010510,2.1000,1.7028
4011010,2.1000,1.7149
4011510,2.1000,1.6996
4012010,2.1000,1.6996
4012510,2.1000,1.7020
4013010,2.1000,1.7028
4013510,2.1000,1.6665
4014010,2.1000,1.7044
4014510,2.1000,1.7020
4015010,2.1000,1.7068
4015510,2.1000,1.7020
4016010,2.1000,1.6996
4016510,2.1000,1.7149
4017010,2.1000,1.7125
4017510,2.1000,1.7020
4018010,2.1000,1.7004
4018510,2.1000,1.6947
4019010,2.1000,1.7036
4019510,2.1000,1.7020
4020010,2.1000,1.7052
4020510,2.1000,1.7060
4021010,2.1000,1.7020
4021510,2.1000,1.7181
4022010,2.1000,1.6996
4022510,2.1000,1.6915
4023010,2.1000,1.7100
4023510,2.1000,1.7076
4024010,2.1000,1.7092
4024510,2.1000,1.6996
4025010,2.1000,1.7165
4025510,2.1000,1.7108
4026010,2.1000,1.7052
4026510,2.1000,1.7012
4027010,2.1000,1.7028
4027510,2.1000,1.7044
4028010,2.1000,1.7020
4028510,2.1000,1.7036
4029010,2.1000,1.7068
4029510,2.1000,1.7149
4030010,2.1000,1.7149
4030510,2.1000,1.7044
4031010,2.1000,1.7116
4031510,2.1000,1.7036
4032010,2.1000,1.7020
4032510,2.1000,1.7092
4033010,2.1000,1.7262
4033510,2.1000,1.7028
4034010,2.1000,1.7020
4034510,2.1000,1.7036
4035010,2.1000,1.7068
4035510,2.1000,1.7068
4036010,2.1000,1.7052
4036510,2.1000,1.7092
4037010,2.1000,1.7076
4037510,2.1000,1.7253
4038010,2.1000,1.6988
4038510,2.1000,1.7052
4039010,2.1000,1.7004
4039510,2.1000,1.7012
4040010,2.1000,1.7092
4040510,2.1000,1.7020
4041010,2.1000,1.6988
4041510,2.1000,1.7141
4042010,2.1000,1.7036
4042510,2.1000,1.7076
4043010,2.1000,1.7004
4043510,2.1000,1.7149
4044010,2.1000,1.6971
4044510,2.1000,1.6947
4045010,2.1000,1.7100
4045510,2.1000,1.7060
4046010,2.1000,1.7020
4046510,2.1000,1.7060
4047010,2.1000,1.6963
4047510,2.1000,1.7044
4048010,2.1000,1.7157
4048510,2.1000,1.6996
4049010,2.1000,1.7116
4049510,2.1000,1.7052
4050010,2.1000,1.6891
4050510,2.1000,1.7020
4051010,2.1000,1.7141
4051510,2.1000,1.7100
4052010,2.1000,1.7068
4052510,2.1000,1.7044
4053010,2.1000,1.7044
4053510,2.1000,1.7149
4054010,2.1000,1.7116
4054510,2.1000,1.7141
4055010,2.1000,1.7044
4055510,2.1000,1.7012
4056010,2.1000,1.7044
4056510,2.1000,1.7100
4057010,2.1000,1.7068
4057510,2.1000,1.7116
4058010,2.1000,1.7165
4058510,2.1000,1.7076
4059010,2.1000,1.7157
4059510,2.1000,1.7020
4060010,2.1000,1.7108
4060510,2.1000,1.7060
4061010,2.1000,1.7028
4061510,2.1000,1.7092
4062010,2.1000,1.7028
4062510,2.1000,1.7044
4063010,2.1000,1.7149
4063510,2.1000,1.7149
4064010,2.1000,1.7052
4064510,2.1000,1.7020
4065010,2.1000,1.7060
4065510,2.1000,1.7100
4066010,2.1000,1.7044
4066510,2.1000,1.7044
4067010,2.1000,1.7125
4067510,2.1000,1.7100
4068010,2.1000,1.7044
4068510,2.1000,1.7141
4069010,2.1000,1.7108
4069510,2.1000,1.6996
4070010,2.1000,1.7173
4070510,2.1000,1.7100
4071010,2.1000,1.7116
4071510,2.1000,1.7060
4072010,2.1000,1.7020
4072510,2.1000,1.7157
4073010,2.1000,1.7108
4073510,2.1000,1.7149
4074010,2.1000,1.7036
4074510,2.1000,1.7149
4075010,2.1000,1.7149
4075510,2.1000,1.7076
4076010,2.1000,1.7100
4076510,2.1000,1.7205
4077010,2.1000,1.7189
4077510,2.1000,1.7108
4078010,2.1000,1.6891
4078510,2.1000,1.7149
4079010,2.1000,1.7068
4079510,2.1000,1.7125
4080010,2.1000,1.7133
4080510,2.1000,1.7149
4081010,2.1000,1.7108
4081510,2.1000,1.7149
4082010,2.1000,1.7084
4082510,2.1000,1.7012
4083010,2.1000,1.7052
4083510,2.1000,1.7060
4084010,2.1000,1.7044
4084510,2.1000,1.7076
4085010,2.1000,1.7100
4085510,2.1000,1.7028
4086010,2.1000,1.7108
4086510,2.1000,1.7020
4087010,2.1000,1.7060
4087510,2.1000,1.7036
4088010,2.1000,1.7149
4088510,2.1000,1.7060
4089010,2.1000,1.7052
4089510,2.1000,1.7060
4090010,2.1000,1.7133
4090510,2.1000,1.7141
4091010,2.1000,1.7012
4091510,2.1000,1.7165
4092010,2.1000,1.7133
4092510,2.1000,1.7149
4093010,2.1000,1.7028
4093510,2.1000,1.7149
4094010,2.1000,1.7173
4094510,2.1000,1.7108
4095010,2.1000,1.7141
4095510,2.1000,1.7076
4096010,2.1000,1.7028
4096510,2.1000,1.7125
4097010,2.1000,1.7197
4097510,2.1000,1.7141
4098010,2.1000,1.7116
4098510,2.1000,1.7149
4099010,2.1000,1.7100
4099510,2.1000,1.7149
4100010,2.1000,1.7076
4100510,2.1000,1.7028
4101010,2.1000,1.7149
4101510,2.1000,1.7141
4102010,2.1000,1.7108
4102510,2.1000,1.7068
4103010,2.1000,1.7141
4103510,2.1000,1.7141
4104010,2.1000,1.7044
4104510,2.1000,1.7125
4105010,2.1000,1.7149
4105510,2.1000,1.6891
4106010,2.1000,1.7108
4106510,2.1000,1.7141
4107010,2.1000,1.7157
4107510,2.1000,1.7149
4108010,2.1000,1.7133
4108510,2.1000,1.7286
4109010,2.1000,1.7004
4109510,2.1000,1.7116
4110010,2.1000,1.7108
4110510,2.1000,1.7108
4111010,2.1000,1.7149
4111510,2.1000,1.7149
4112010,2.1000,1.7149
4112510,2.1000,1.7141
4113010,2.1000,1.7149
4113510,2.1000,1.7028
4114010,2.1000,1.7149
4114510,2.1000,1.7028
4115010,2.1000,1.7165
4115510,2.1000,1.7108
4116010,2.1000,1.7205
4116510,2.1000,1.7076
4117010,2.1000,1.7149
4117510,2.1000,1.7157
4118010,2.1000,1.7237
4118510,2.1000,1.6875
4119010,2.1000,1.7157
4119510,2.1000,1.7020
4120010,2.1000,1.7141
4120510,2.1000,1.6770
4121010,2.1000,1.7092
4121510,2.1000,1.7141
4122010,2.1000,1.7108
4122510,2.1000,1.7173
4123010,2.1000,1.7052
4123510,2.1000,1.7149
4124010,2.1000,1.7149
4124510,2.1000,1.7165
4125010,2.1000,1.7173
4125510,2.1000,1.7133
4126010,2.1000,1.7149
4126510,2.1000,1.7165
4127010,2.1000,1.7116
4127510,2.1000,1.7149
4128010,2.1000,1.7108
4128510,2.1000,1.7141
4129010,2.1000,1.7149
4129510,2.1000,1.7149
4130010,2.1000,1.7149
4130510,2.1000,1.7149
4131010,2.1000,1.7141
4131510,2.1000,1.7173
4132010,2.1000,1.7245
4132510,2.1000,1.7108
4133010,2.1000,1.6988
4133510,2.1000,1.7092
4134010,2.1000,1.7100
4134510,2.1000,1.7133
4135010,2.1000,1.7100
4135510,2.1000,1.7141
4136010,2.1000,1.7165
4136510,2.1000,1.7165
4137010,2.1000,1.7221
4137510,2.1000,1.7165
4138010,2.1000,1.7157
4138510,2.1000,1.7149
4139010,2.1000,1.7076
4139510,2.1000,1.7141
4140010,2.1000,1.7149
4140510,2.1000,1.7157
4141010,2.1000,1.7189
4141510,2.1000,1.7141
4142010,2.1000,1.7294
4142510,2.1000,1.7149
4143010,2.1000,1.7165
4143510,2.1000,1.7165
4144010,2.1000,1.7173
4144510,2.1000,1.7253
4145010,2.1000,1.7197
4145510,2.1000,1.7092
4146010,2.1000,1.7173
4146510,2.1000,1.7141
4147010,2.1000,1.7149
4147510,2.1000,1.7302
4148010,2.1000,1.7189
4148510,2.1000,1.7173
4149010,2.1000,1.7165
4149510,2.1000,1.7157
4150010,2.1000,1.7205
4150510,2.1000,1.7189
4151010,2.1000,1.7221
4151510,2.1000,1.7189
4152010,2.1000,1.7092
4152510,2.1000,1.7149
4153010,2.1000,1.7149
4153510,2.1000,1.7028
4154010,2.1000,1.7165
4154510,2.1000,1.7165
4155010,2.1000,1.7165
4155510,2.1000,1.7262
4156010,2.1000,1.7173
4156510,2.1000,1.7173
4157010,2.1000,1.7141
4157510,2.1000,1.7407
4158010,2.1000,1.7302
4158510,2.1000,1.7205
4159010,2.1000,1.7278
4159510,2.1000,1.7189
4160010,2.1000,1.7141
4160510,2.1000,1.7173
4161010,2.1000,1.7189
4161510,2.1000,1.7149
4162010,2.1000,1.7157
4162510,2.1000,1.7165
4163010,2.1000,1.7125
4163510,2.1000,1.7229
4164010,2.1000,1.7189
4164510,2.1000,1.7213
4165010,2.1000,1.7157
4165510,2.1000,1.7141
4166010,2.1000,1.7229
4166510,2.1000,1.7229
4167010,2.1000,1.7189
4167510,2.1000,1.7262
4168010,2.1000,1.7270
4168510,2.1000,1.7036
4169010,2.1000,1.7624
4169510,2.1000,1.7165
4170010,2.1000,1.7221
4170510,2.1000,1.7197
4171010,2.1000,1.7334
4171510,2.1000,1.7221
4172010,2.1000,1.7060
4172510,2.1000,1.7149
4173010,2.1000,1.7197
4173510,2.1000,1.7237
4174010,2.1000,1.7149
4174510,2.1000,1.7358
4175010,2.1000,1.7270
4175510,2.1000,1.7197
4176010,2.1000,1.7350
4176510,2.1000,1.7149
4177010,2.1000,1.7173
4177510,2.1000,1.7173
4178010,2.1000,1.7237
4178510,2.1000,1.7318
4179010,2.1000,1.7342
4179510,2.1000,1.7044
4180010,2.1000,1.7318
4180510,2.1000,1.7294
4181010,2.1000,1.7092
4181510,2.1000,1.7004
4182010,2.1000,1.7253
4182510,2.1000,1.7213
4183010,2.1000,1.7173
4183510,2.1000,1.7149
4184010,2.1000,1.7237
4184510,2.1000,1.7189
4185010,2.1000,1.7366
4185510,2.1000,1.7253
4186010,2.1000,1.7036
4186510,2.1000,1.7221
4187010,2.1000,1.7189
4187510,2.1000,1.7262
4188010,2.1000,1.7205
4188510,2.1000,1.7278
4189010,2.1000,1.7237
4189510,2.1000,1.7205
4190010,2.1000,1.7253
4190510,2.1000,1.7262
4191010,2.1000,1.7278
4191510,2.1000,1.7084
4192010,2.1000,1.7149
4192510,2.1000,1.7270
4193010,2.1000,1.7262
4193510,2.1000,1.7253
4194010,2.1000,1.7253
4194510,2.1000,1.7270
4195010,2.1000,1.7294
4195510,2.1000,1.7149
4196010,2.1000,1.7237
4196510,2.1000,1.7334
4197010,2.1000,1.7205
4197510,2.1000,1.7229
4198010,2.1000,1.7108
4198510,2.1000,1.7173
4199010,2.1000,1.7366
4199510,2.1000,1.7294
4200010,2.1000,1.7294
4200510,2.1000,1.7237
4201010,2.1000,1.7358
4201510,2.1000,1.7310
4202010,2.1000,1.7318
4202510,2.1000,1.7237
4203010,2.1000,1.7253
4203510,2.1000,1.7294
4204010,2.1000,1.7479
4204510,2.1000,1.7302
4205010,2.1000,1.7237
4205510,2.1000,1.7221
4206010,2.1000,1.7278
4206510,2.1000,1.7245
4207010,2.1000,1.7221
4207510,2.1000,1.7350
4208010,2.1000,1.7181
4208510,2.1000,1.7286
4209010,2.1000,1.7326
4209510,2.1000,1.7237
4210010,2.1000,1.7237
4210510,2.1000,1.7262
4211010,2.1000,1.7366
4211510,2.1000,1.7302
4212010,2.1000,1.7326
4212510,2.1000,1.7205
4213010,2.1000,1.7262
4213510,2.1000,1.7294
4214010,2.1000,1.7189
4214510,2.1000,1.7237
4215010,2.1000,1.7294
4215510,2.1000,1.7270
4216010,2.1000,1.7205
4216510,2.1000,1.7286
4217010,2.1000,1.7253
4217510,2.1000,1.7302
4218010,2.1000,1.7318
4218510,2.1000,1.7374
4219010,2.1000,1.6907
4219510,2.1000,1.7270
4220010,2.1000,1.7278
4220510,2.1000,1.7262
4221010,2.1000,1.7382
4221510,2.1000,1.7262
4222010,2.1000,1.7358
4222510,2.1000,1.7270
4223010,2.1000,1.7286
4223510,2.1000,1.7270
4224010,2.1000,1.7318
4224510,2.1000,1.7270
4225010,2.1000,1.7358
4225510,2.1000,1.7302
4226010,2.1000,1.7326
4226510,2.1000,1.7262
4227010,2.1000,1.7253
4227510,2.1000,1.7262
4228010,2.1000,1.7270
4228510,2.1000,1.7431
4229010,2.1000,1.7205
4229510,2.1000,1.7350
4230010,2.1000,1.7221
4230510,2.1000,1.7326
4231010,2.1000,1.7149
4231510,2.1000,1.7270
4232010,2.1000,1.7278
4232510,2.1000,1.7318
4233010,2.1000,1.7366
4233510,2.1000,1.7407
4234010,2.1000,1.7326
4234510,2.1000,1.7278
4235010,2.1000,1.7213
4235510,2.1000,1.7366
4236010,2.1000,1.7374
4236510,2.1000,1.7302
4237010,2.1000,1.7294
4237510,2.1000,1.7334
4238010,2.1000,1.7237
4238510,2.1000,1.7527
4239010,2.1000,1.7407
4239510,2.1000,1.7253
4240010,2.1000,1.7173
4240510,2.1000,1.7237
4241010,2.1000,1.7334
4241510,2.1000,1.7358
4242010,2.1000,1.7262
4242510,2.1000,1.7302
4243010,2.1000,1.7366
4243510,2.1000,1.7407
4244010,2.1000,1.7286
4244510,2.1000,1.7205
4245010,2.1000,1.7390
4245510,2.1000,1.7423
4246010,2.1000,1.7278
4246510,2.1000,1.7399
4247010,2.1000,1.7326
4247510,2.1000,1.7713
4248010,2.1000,1.7423
4248510,2.1000,1.7350
4249010,2.1000,1.7270
4249510,2.1000,1.7479
4250010,2.1000,1.7302
4250510,2.1000,1.7262
4251010,2.1000,1.7366
4251510,2.1000,1.7382
4252010,2.1000,1.7415
4252510,2.1000,1.7286
4253010,2.1000,1.7326
4253510,2.1000,1.7358
4254010,2.1000,1.7407
4254510,2.1000,1.7382
4255010,2.1000,1.7350
4255510,2.1000,1.7334
4256010,2.1000,1.7318
4256510,2.1000,1.7294
4257010,2.1000,1.7366
4257510,2.1000,1.7294
4258010,2.1000,1.7334
4258510,2.1000,1.7318
4259010,2.1000,1.7407
4259510,2.1000,1.7382
4260010,2.1000,1.7237
4260510,2.1000,1.7262
4261010,2.1000,1.7302
4261510,2.1000,1.7616
4262010,2.1000,1.7390
4262510,2.1000,1.7536
4263010,2.1000,1.7318
4263510,2.1000,1.7302
4264010,2.1000,1.7407
4264510,2.1000,1.7382
4265010,2.1000,1.7560
4265510,2.1000,1.7390
4266010,2.1000,1.7382
4266510,2.1000,1.7334
4267010,2.1000,1.7326
4267510,2.1000,1.7431
4268010,2.1000,1.7366
4268510,2.1000,1.7431
4269010,2.1000,1.7197
4269510,2.1000,1.7407
4270010,2.1000,1.7382
4270510,2.1000,1.7278
4271010,2.1000,1.7463
4271510,2.1000,1.7366
4272010,2.1000,1.7463
4272510,2.1000,1.7399
4273010,2.1000,1.7511
4273510,2.1000,1.7415
4274010,2.1000,1.7358
4274510,2.1000,1.7278
4275010,2.1000,1.7455
4275510,2.1000,1.7318
4276010,2.1000,1.7399
4276510,2.1000,1.7350
4277010,2.1000,1.7334
4277510,2.1000,1.7334
4278010,2.1000,1.7302
4278510,2.1000,1.7318
4279010,2.1000,1.7366
4279510,2.1000,1.7536
4280010,2.1000,1.7350
4280510,2.1000,1.7358
4281010,2.1000,1.7245
4281510,2.1000,1.7407
4282010,2.1000,1.7350
4282510,2.1000,1.7399
4283010,2.1000,1.7374
4283510,2.1000,1.7358
4284010,2.1000,1.7334
4284510,2.1000,1.7600
4285010,2.1000,1.7407
4285510,2.1000,1.7407
4286010,2.1000,1.7415
4286510,2.1000,1.7536
4287010,2.1000,1.7390
4287510,2.1000,1.7358
4288010,2.1000,1.7350
4288510,2.1000,1.7326
4289010,2.1000,1.7407
4289510,2.1000,1.7463
4290010,2.1000,1.7358
4290510,2.1000,1.7286
4291010,2.1000,1.7415
4291510,2.1000,1.7358
4292010,2.1000,1.7407
4292510,2.1000,1.7407
4293010,2.1000,1.7415
4293510,2.1000,1.7270
4294010,2.1000,1.7407
4294510,2.1000,1.7358
4295010,2.1000,1.7407
4295510,2.1000,1.7536
4296010,2.1000,1.7463
4296510,2.1000,1.7423
4297010,2.1000,1.7294
4297510,2.1000,1.7374
4298010,2.1000,1.7334
4298510,2.1000,1.7294
4299010,2.1000,1.7366
4299510,2.1000,1.7407
4300010,2.1000,1.7399
4300510,2.1000,1.7447
4301010,2.1000,1.7374
4301510,2.1000,1.7407
4302010,2.1000,1.7334
4302510,2.1000,1.7390
4303010,2.1000,1.7358
4303510,2.1000,1.7390
4304010,2.1000,1.7407
4304510,2.1000,1.7431
4305010,2.1000,1.7407
4305510,2.1000,1.7423
4306010,2.1000,1.7415
4306510,2.1000,1.7390
4307010,2.1000,1.7681
4307510,2.1000,1.7463
4308010,2.1000,1.7326
4308510,2.1000,1.7399
4309010,2.1000,1.7447
4309510,2.1000,1.7407
4310010,2.1000,1.7310
4310510,2.1000,1.7423
4311010,2.1000,1.7431
4311510,2.1000,1.7407
4312010,2.1000,1.7431
4312510,2.1000,1.7544
4313010,2.1000,1.7342
4313510,2.1000,1.7407
4314010,2.1000,1.7294
4314510,2.1000,1.7503
4315010,2.1000,1.7423
4315510,2.1000,1.7374
4316010,2.1000,1.7399
4316510,2.1000,1.7366
4317010,2.1000,1.7390
4317510,2.1000,1.7447
4318010,2.1000,1.7334
4318510,2.1000,1.7455
4319010,2.1000,1.7431
4319510,2.1000,1.7407
4320010,2.1000,1.7334
4320510,2.1000,1.6947
4321010,2.1000,1.7407
4321510,2.1000,1.7374
4322010,2.1000,1.7519
4322510,2.1000,1.7415
4323010,2.1000,1.7407
4323510,2.1000,1.7415
4324010,2.1000,1.7407
4324510,2.1000,1.7302
4325010,2.1000,1.7382
4325510,2.1000,1.7390
4326010,2.1000,1.7415
4326510,2.1000,1.7407
4327010,2.1000,1.7407
4327510,2.1000,1.7447
4328010,2.1000,1.7479
4328510,2.1000,1.7479
4329010,2.1000,1.7407
4329510,2.1000,1.7318
4330010,2.1000,1.7447
4330510,2.1000,1.7495
4331010,2.1000,1.7407
4331510,2.1000,1.7439
4332010,2.1000,1.7447
4332510,2.1000,1.7431
4333010,2.1000,1.7407
4333510,2.1000,1.7407
4334010,2.1000,1.7390
4334510,2.1000,1.7423
4335010,2.1000,1.7415
4335510,2.1000,1.7407
4336010,2.1000,1.7310
4336510,2.1000,1.7616
4337010,2.1000,1.7519
4337510,2.1000,1.7407
4338010,2.1000,1.7439
4338510,2.1000,1.7431
4339010,2.1000,1.7399
4339510,2.1000,1.7552
4340010,2.1000,1.7407
4340510,2.1000,1.7632
4341010,2.1000,1.7487
4341510,2.1000,1.7471
4342010,2.1000,1.7447
4342510,2.1000,1.7407
4343010,2.1000,1.7407
4343510,2.1000,1.7399
4344010,2.1000,1.7431
4344510,2.1000,1.7407
4345010,2.1000,1.7536
4345510,2.1000,1.7431
4346010,2.1000,1.7519
4346510,2.1000,1.7423
4347010,2.1000,1.7455
4347510,2.1000,1.7415
4348010,2.1000,1.7431
4348510,2.1000,1.7366
4349010,2.1000,1.7495
4349510,2.1000,1.7431
4350010,2.1000,1.7415
4350510,2.1000,1.7447
4351010,2.1000,1.7624
4351510,2.1000,1.7407
4352010,2.1000,1.7487
4352510,2.1000,1.7415
4353010,2.1000,1.7407
4353510,2.1000,1.7407
4354010,2.1000,1.7511
4354510,2.1000,1.7431
4355010,2.1000,1.7560
4355510,2.1000,1.7431
4356010,2.1000,1.7479
4356510,2.1000,1.7415
4357010,2.1000,1.7407
4357510,2.1000,1.7463
4358010,2.1000,1.7334
4358510,2.1000,1.7407
4359010,2.1000,1.7519
4359510,2.1000,1.7519
4360010,2.1000,1.7407
4360510,2.1000,1.7423
4361010,2.1000,1.7399
4361510,2.1000,1.7390
4362010,2.1000,1.7536
4362510,2.1000,1.7415
4363010,2.1000,1.7407
4363510,2.1000,1.7439
4364010,2.1000,1.7463
4364510,2.1000,1.7447
4365010,2.1000,1.7511
4365510,2.1000,1.7455
4366010,2.1000,1.7463
4366510,2.1000,1.7407
4367010,2.1000,1.7415
4367510,2.1000,1.7552
4368010,2.1000,1.7407
4368510,2.1000,1.7390
4369010,2.1000,1.7455
4369510,2.1000,1.7536
4370010,2.1000,1.7431
4370510,2.1000,1.7463
4371010,2.1000,1.7407
4371510,2.1000,1.7431
4372010,2.1000,1.7495
4372510,2.1000,1.7439
4373010,2.1000,1.7407
4373510,2.1000,1.7511
4374010,2.1000,1.7447
4374510,2.1000,1.7511
4375010,2.1000,1.7487
4375510,2.1000,1.7390
4376010,2.1000,1.7431
4376510,2.1000,1.7519
4377010,2.1000,1.7423
4377510,2.1000,1.7479
4378010,2.1000,1.7447
4378510,2.1000,1.7431
4379010,2.1000,1.7503
4379510,2.1000,1.7415
4380010,2.1000,1.7423
4380510,2.1000,1.7407
4381010,2.1000,1.7511
4381510,2.1000,1.7423
4382010,2.1000,1.7536
4382510,2.1000,1.7495
4383010,2.1000,1.7407
4383510,2.1000,1.7407
4384010,2.1000,1.7455
4384510,2.1000,1.7407
4385010,2.1000,1.7664
4385510,2.1000,1.7407
4386010,2.1000,1.7463
4386510,2.1000,1.7681
4387010,2.1000,1.7495
4387510,2.1000,1.7527
4388010,2.1000,1.7455
4388510,2.1000,1.7447
4389010,2.1000,1.7568
4389510,2.1000,1.7552
4390010,2.1000,1.7447
4390510,2.1000,1.7544
4391010,2.1000,1.7463
4391510,2.1000,1.7536
4392010,2.1000,1.7463
4392510,2.1000,1.7487
4393010,2.1000,1.7511
4393510,2.1000,1.7487
4394010,2.1000,1.7552
4394510,2.1000,1.7527
4395010,2.1000,1.7431
4395510,2.1000,1.7503
4396010,2.1000,1.7584
4396510,2.1000,1.7431
4397010,2.1000,1.7536
4397510,2.1000,1.7455
4398010,2.1000,1.7407
4398510,2.1000,1.7536
4399010,2.1000,1.7415
4399510,2.1000,1.7463
4400010,2.1000,1.7455
4400510,2.1000,1.7455
4401010,2.1000,1.7527
4401510,2.1000,1.7584
4402010,2.1000,1.7527
4402510,2.1000,1.7487
4403010,2.1000,1.7463
4403510,2.1000,1.7455
4404010,2.1000,1.7527
4404510,2.1000,1.7407
4405010,2.1000,1.7479
4405510,2.1000,1.7487
4406010,2.1000,1.7495
4406510,2.1000,1.7624
4407010,2.1000,1.7511
4407510,2.1000,1.7519
4408010,2.1000,1.7463
4408510,2.1000,1.7415
4409010,2.1000,1.7407
4409510,2.1000,1.7487
4410010,2.1000,1.7527
4410510,2.1000,1.7423
4411010,2.1000,1.7527
4411510,2.1000,1.7568
4412010,2.1000,1.7495
4412510,2.1000,1.7487
4413010,2.1000,1.7415
4413510,2.1000,1.7407
4414010,2.1000,1.7495
4414510,2.1000,1.7519
4415010,2.1000,1.7527
4415510,2.1000,1.7487
4416010,2.1000,1.7592
4416510,2.1000,1.7568
4417010,2.1000,1.7519
4417510,2.1000,1.7423
4418010,2.1000,1.7479
4418510,2.1000,1.7608
4419010,2.1000,1.7407
4419510,2.1000,1.7544
4420010,2.1000,1.7407
4420510,2.1000,1.7479
4421010,2.1000,1.7415
4421510,2.1000,1.7415
4422010,2.1000,1.7382
4422510,2.1000,1.7447
4423010,2.1000,1.7415
4423510,2.1000,1.7350
4424010,2.1000,1.7584
4424510,2.1000,1.7495
4425010,2.1000,1.7431
4425510,2.1000,1.7455
4426010,2.1000,1.7584
4426510,2.1000,1.7536
4427010,2.1000,1.7358
4427510,2.1000,1.7495
4428010,2.1000,1.7455
4428510,2.1000,1.7552
4429010,2.1000,1.7495
4429510,2.1000,1.7407
4430010,2.1000,1.7503
4430510,2.1000,1.7519
4431010,2.1000,1.7608
4431510,2.1000,1.7455
4432010,2.1000,1.7632
4432510,2.1000,1.7527
4433010,2.1000,1.7519
4433510,2.1000,1.7519
4434010,2.1000,1.7536
4434510,2.1000,1.7624
4435010,2.1000,1.7616
4435510,2.1000,1.7495
4436010,2.1000,1.7487
4436510,2.1000,1.7527
4437010,2.1000,1.7552
4437510,2.1000,1.7536
4438010,2.1000,1.7519
4438510,2.1000,1.7576
4439010,2.1000,1.7527
4439510,2.1000,1.7576
4440010,2.1000,1.7447
4440510,2.1000,1.7495
4441010,2.1000,1.7431
4441510,2.1000,1.7648
4442010,2.1000,1.7568
4442510,2.1000,1.7495
4443010,2.1000,1.7503
4443510,2.1000,1.7536
4444010,2.1000,1.7753
4444510,2.1000,1.7463
4445010,2.1000,1.7584
4445510,2.1000,1.7431
4446010,2.1000,1.7536
4446510,2.1000,1.7423
4447010,2.1000,1.7463
4447510,2.1000,1.7648
4448010,2.1000,1.7511
4448510,2.1000,1.7479
4449010,2.1000,1.7552
4449510,2.1000,1.7584
4450010,2.1000,1.7479
4450510,2.1000,1.7447
4451010,2.1000,1.7479
4451510,2.1000,1.7527
4452010,2.1000,1.7447
4452510,2.1000,1.7519
4453010,2.1000,1.7519
4453510,2.1000,1.7584
4454010,2.1000,1.7737
4454510,2.1000,1.7527
4455010,2.1000,1.7439
4455510,2.1000,1.7439
4456010,2.1000,1.7576
4456510,2.1000,1.7536
4457010,2.1000,1.7664
4457510,2.1000,1.7527
4458010,2.1000,1.7552
4458510,2.1000,1.7415
4459010,2.1000,1.7576
4459510,2.1000,1.7503
4460010,2.1000,1.7503
4460510,2.1000,1.7511
4461010,2.1000,1.7495
4461510,2.1000,1.7576
4462010,2.1000,1.7576
4462510,2.1000,1.7423
4463010,2.1000,1.7544
4463510,2.1000,1.7544
4464010,2.1000,1.7487
4464510,2.1000,1.7527
4465010,2.1000,1.7536
4465510,2.1000,1.7536
4466010,2.1000,1.7544
4466510,2.1000,1.7527
4467010,2.1000,1.7415
4467510,2.1000,1.7382
4468010,2.1000,1.7423
4468510,2.1000,1.7592
4469010,2.1000,1.7479
4469510,2.1000,1.7616
4470010,2.1000,1.7487
4470510,2.1000,1.7536
4471010,2.1000,1.7455
4471510,2.1000,1.7431
4472010,2.1000,1.7487
4472510,2.1000,1.7544
4473010,2.1000,1.7527
4473510,2.1000,1.7519
4474010,2.1000,1.7463
4474510,2.1000,1.7552
4475010,2.1000,1.7519
4475510,2.1000,1.7560
4476010,2.1000,1.7495
4476510,2.1000,1.7439
4477010,2.1000,1.7544
4477510,2.1000,1.7584
4478010,2.1000,1.7584
4478510,2.1000,1.7511
4479010,2.1000,1.7519
4479510,2.1000,1.7487
4480010,2.1000,1.7544
4480510,2.1000,1.7511
4481010,2.1000,1.7592
4481510,2.1000,1.7536
4482010,2.1000,1.7560
4482510,2.1000,1.7552
4483010,2.1000,1.7616
4483510,2.1000,1.7536
4484010,2.1000,1.7463
4484510,2.1000,1.7503
4485010,2.1000,1.7544
4485510,2.1000,1.7527
4486010,2.1000,1.7624
4486510,2.1000,1.7487
4487010,2.1000,1.7536
4487510,2.1000,1.7552
4488010,2.1000,1.7576
4488510,2.1000,1.7536
4489010,2.1000,1.7536
4489510,2.1000,1.7503
4490010,2.1000,1.7656
4490510,2.1000,1.7544
4491010,2.1000,1.7544
4491510,2.1000,1.7560
4492010,2.1000,1.7624
4492510,2.1000,1.7648
4493010,2.1000,1.7536
4493510,2.1000,1.7503
4494010,2.1000,1.7536
4494510,2.1000,1.7495
4495010,2.1000,1.7552
4495510,2.1000,1.7584
4496010,2.1000,1.7568
4496510,2.1000,1.7624
4497010,2.1000,1.7519
4497510,2.1000,1.7632
4498010,2.1000,1.7536
4498510,2.1000,1.7616
4499010,2.1000,1.7544
4499510,2.1000,1.7536
4500010,2.1000,1.7632
4500510,2.1000,1.7511
4501010,2.1000,1.7560
4501510,2.1000,1.7560
4502010,2.1000,1.7560
4502510,2.1000,1.7584
4503010,2.1000,1.7648
4503510,2.1000,1.7527
4504010,2.1000,1.7407
4504510,2.1000,1.7560
4505010,2.1000,1.7495
4505510,2.1000,1.7519
4506010,2.1000,1.7527
4506510,2.1000,1.7624
4507010,2.1000,1.7584
4507510,2.1000,1.7648
4508010,2.1000,1.7552
4508510,2.1000,1.7536
4509010,2.1000,1.7536
4509510,2.1000,1.7576
4510010,2.1000,1.7536
4510510,2.1000,1.7552
4511010,2.1000,1.7664
4511510,2.1000,1.7656
4512010,2.1000,1.7648
4512510,2.1000,1.7560
4513010,2.1000,1.7552
4513510,2.1000,1.7664
4514010,2.1000,1.7592
4514510,2.1000,1.7495
4515010,2.1000,1.7503
4515510,2.1000,1.7495
4516010,2.1000,1.7664
4516510,2.1000,1.7576
4517010,2.1000,1.7640
4517510,2.1000,1.7616
4518010,2.1000,1.7527
4518510,2.1000,1.7568
4519010,2.1000,1.7560
4519510,2.1000,1.7608
4520010,2.1000,1.7656
4520510,2.1000,1.7527
4521010,2.1000,1.7632
4521510,2.1000,1.7536
4522010,2.1000,1.7592
4522510,2.1000,1.7536
4523010,2.1000,1.7463
4523510,2.1000,1.7560
4524010,2.1000,1.7656
4524510,2.1000,1.7536
4525010,2.1000,1.7640
4525510,2.1000,1.7568
4526010,2.1000,1.7648
4526510,2.1000,1.7705
4527010,2.1000,1.7584
4527510,2.1000,1.7536
4528010,2.1000,1.7552
4528510,2.1000,1.7592
4529010,2.1000,1.7552
4529510,2.1000,1.7519
4530010,2.1000,1.7568
4530510,2.1000,1.7592
4531010,2.1000,1.7552
4531510,2.1000,1.7576
4532010,2.1000,1.7584
4532510,2.1000,1.7560
4533010,2.1000,1.7560
4533510,2.1000,1.7624
4534010,2.1000,1.7560
4534510,2.1000,1.7560
4535010,2.1000,1.7592
4535510,2.1000,1.7753
4536010,2.1000,1.7681
4536510,2.1000,1.7624
4537010,2.1000,1.7527
4537510,2.1000,1.7536
4538010,2.1000,1.7624
4538510,2.1000,1.7656
4539010,2.1000,1.7664
4539510,2.1000,1.7584
4540010,2.1000,1.7664
4540510,2.1000,1.7673
4541010,2.1000,1.7407
4541510,2.1000,1.7777
4542010,2.1000,1.7648
4542510,2.1000,1.7648
4543010,2.1000,1.7664
4543510,2.1000,1.7600
4544010,2.1000,1.7624
4544510,2.1000,1.7503
4545010,2.1000,1.7423
4545510,2.1000,1.7624
4546010,2.1000,1.7664
4546510,2.1000,1.7673
4547010,2.1000,1.7592
4547510,2.1000,1.7544
4548010,2.1000,1.7616
4548510,2.1000,1.7624
4549010,2.1000,1.7624
4549510,2.1000,1.7608
4550010,2.1000,1.7664
4550510,2.1000,1.7632
4551010,2.1000,1.7584
4551510,2.1000,1.7592
4552010,2.1000,1.7616
4552510,2.1000,1.7616
4553010,2.1000,1.7664
4553510,2.1000,1.7608
4554010,2.1000,1.7689
4554510,2.1000,1.7664
4555010,2.1000,1.7656
4555510,2.1000,1.7640
4556010,2.1000,1.7544
4556510,2.1000,1.7664
4557010,2.1000,1.7648
4557510,2.1000,1.7576
4558010,2.1000,1.7536
4558510,2.1000,1.7616
4559010,2.1000,1.7584
4559510,2.1000,1.7673
4560010,2.1000,1.7656
4560510,2.1000,1.7632
4561010,2.1000,1.7664
4561510,2.1000,1.7681
4562010,2.1000,1.7262
4562510,2.1000,1.7656
4563010,2.1000,1.7624
4563510,2.1000,1.7648
4564010,2.1000,1.7592
4564510,2.1000,1.7632
4565010,2.1000,1.7624
4565510,2.1000,1.7592
4566010,2.1000,1.7648
4566510,2.1000,1.7318
4567010,2.1000,1.7592
4567510,2.1000,1.7648
4568010,2.1000,1.7648
4568510,2.1000,1.7664
4569010,2.1000,1.7753
4569510,2.1000,1.7664
4570010,2.1000,1.7664
4570510,2.1000,1.7632
4571010,2.1000,1.7761
4571510,2.1000,1.7673
4572010,2.1000,1.7664
4572510,2.1000,1.7640
4573010,2.1000,1.7673
4573510,2.1000,1.7673
4574010,2.1000,1.7689
4574510,2.1000,1.7664
4575010,2.1000,1.7584
4575510,2.1000,1.7705
4576010,2.1000,1.7640
4576510,2.1000,1.7729
4577010,2.1000,1.7793
4577510,2.1000,1.7640
4578010,2.1000,1.7624
4578510,2.1000,1.7592
4579010,2.1000,1.7648
4579510,2.1000,1.7664
4580010,2.1000,1.7681
4580510,2.1000,1.7664
4581010,2.1000,1.7656
4581510,2.1000,1.7648
4582010,2.1000,1.7656
4582510,2.1000,1.7640
4583010,2.1000,1.7664
4583510,2.1000,1.7721
4584010,2.1000,1.7576
4584510,2.1000,1.7664
4585010,2.1000,1.7664
4585510,2.1000,1.7624
4586010,2.1000,1.7793
4586510,2.1000,1.7624
4587010,2.1000,1.7592
4587510,2.1000,1.7664
4588010,2.1000,1.7640
4588510,2.1000,1.7664
4589010,2.1000,1.7640
4589510,2.1000,1.7673
4590010,2.1000,1.7664
4590510,2.1000,1.7713
4591010,2.1000,1.7664
4591510,2.1000,1.7697
4592010,2.1000,1.7632
4592510,2.1000,1.7664
4593010,2.1000,1.7681
4593510,2.1000,1.7664
4594010,2.1000,1.7697
4594510,2.1000,1.7656
4595010,2.1000,1.7729
4595510,2.1000,1.7640
4596010,2.1000,1.7519
4596510,2.1000,1.7713
4597010,2.1000,1.7689
4597510,2.1000,1.7664
4598010,2.1000,1.7697
4598510,2.1000,1.7664
4599010,2.1000,1.7656
4599510,2.1000,1.7713
4600010,2.1000,1.7721
4600510,2.1000,1.7664
4601010,2.1000,1.7689
4601510,2.1000,1.7681
4602010,2.1000,1.7664
4602510,2.1000,1.7842
4603010,2.1000,1.7664
4603510,2.1000,1.7664
4604010,2.1000,1.7705
4604510,2.1000,1.7648
4605010,2.1000,1.7810
4605510,2.1000,1.7705
4606010,2.1000,1.7656
4606510,2.1000,1.7536
4607010,2.1000,1.7664
4607510,2.1000,1.7673
4608010,2.1000,1.7648
4608510,2.1000,1.7745
4609010,2.1000,1.7681
4609510,2.1000,1.7584
4610010,2.1000,1.7648
4610510,2.1000,1.7673
4611010,2.1000,1.7737
4611510,2.1000,1.7648
4612010,2.1000,1.7648
4612510,2.1000,1.7689
4613010,2.1000,1.7673
4613510,2.1000,1.7673
4614010,2.1000,1.7689
4614510,2.1000,1.7664
4615010,2.1000,1.7689
4615510,2.1000,1.7664
4616010,2.1000,1.7664
4616510,2.1000,1.7705
4617010,2.1000,1.7753
4617510,2.1000,1.7705
4618010,2.1000,1.7769
4618510,2.1000,1.7713
4619010,2.1000,1.7664
4619510,2.1000,1.7705
4620010,2.1000,1.7713
4620510,2.1000,1.7664
4621010,2.1000,1.7681
4621510,2.1000,1.7656
4622010,2.1000,1.7697
4622510,2.1000,1.7914
4623010,2.1000,1.7681
4623510,2.1000,1.7834
4624010,2.1000,1.7713
4624510,2.1000,1.7656
4625010,2.1000,1.7664
4625510,2.1000,1.7705
4626010,2.1000,1.7697
4626510,2.1000,1.7705
4627010,2.1000,1.7664
4627510,2.1000,1.7689
4628010,2.1000,1.7656
4628510,2.1000,1.7656
4629010,2.1000,1.7737
4629510,2.1000,1.7697
4630010,2.1000,1.7713
4630510,2.1000,1.7519
4631010,2.1000,1.7769
4631510,2.1000,1.7697
4632010,2.1000,1.7624
4632510,2.1000,1.7922
4633010,2.1000,1.7664
4633510,2.1000,1.7737
4634010,2.1000,1.7600
4634510,2.1000,1.7681
4635010,2.1000,1.7600
4635510,2.1000,1.7753
4636010,2.1000,1.7737
4636510,2.1000,1.7842
4637010,2.1000,1.7705
4637510,2.1000,1.7705
4638010,2.1000,1.7689
4638510,2.1000,1.7705
4639010,2.1000,1.7721
4639510,2.1000,1.7689
4640010,2.1000,1.7697
4640510,2.1000,1.7721
4641010,2.1000,1.7713
4641510,2.1000,1.7673
4642010,2.1000,1.7721
4642510,2.1000,1.7745
4643010,2.1000,1.7689
4643510,2.1000,1.7697
4644010,2.1000,1.7938
4644510,2.1000,1.7648
4645010,2.1000,1.7681
4645510,2.1000,1.7681
4646010,2.1000,1.7673
4646510,2.1000,1.7713
4647010,2.1000,1.7737
4647510,2.1000,1.7664
4648010,2.1000,1.7785
4648510,2.1000,1.7681
4649010,2.1000,1.7697
4649510,2.1000,1.7737
4650010,2.1000,1.7922
4650510,2.1000,1.7737
4651010,2.1000,1.7689
4651510,2.1000,1.7705
4652010,2.1000,1.7689
4652510,2.1000,1.7673
4653010,2.1000,1.7834
4653510,2.1000,1.7753
4654010,2.1000,1.7769
4654510,2.1000,1.7664
4655010,2.1000,1.7753
4655510,2.1000,1.7648
4656010,2.1000,1.7664
4656510,2.1000,1.7713
4657010,2.1000,1.7673
4657510,2.1000,1.7689
4658010,2.1000,1.7858
4658510,2.1000,1.7761
4659010,2.1000,1.7721
4659510,2.1000,1.7624
4660010,2.1000,1.7713
4660510,2.1000,1.7777
4661010,2.1000,1.7745
4661510,2.1000,1.7689
4662010,2.1000,1.7745
4662510,2.1000,1.7648
4663010,2.1000,1.7681
4663510,2.1000,1.7681
4664010,2.1000,1.7656
4664510,2.1000,1.7664
4665010,2.1000,1.7584
4665510,2.1000,1.7769
4666010,2.1000,1.7664
4666510,2.1000,1.7640
4667010,2.1000,1.7664
4667510,2.1000,1.7745
4668010,2.1000,1.7673
4668510,2.1000,1.7673
4669010,2.1000,1.7689
4669510,2.1000,1.7737
4670010,2.1000,1.7785
4670510,2.1000,1.7769
4671010,2.1000,1.7842
4671510,2.1000,1.7681
4672010,2.1000,1.7705
4672510,2.1000,1.7769
4673010,2.1000,1.7681
4673510,2.1000,1.7721
4674010,2.1000,1.7745
4674510,2.1000,1.7721
4675010,2.1000,1.7721
4675510,2.1000,1.7745
4676010,2.1000,1.7689
4676510,2.1000,1.7842
4677010,2.1000,1.7721
4677510,2.1000,1.7769
4678010,2.1000,1.7673
4678510,2.1000,1.7793
4679010,2.1000,1.7689
4679510,2.1000,1.7737
4680010,2.1000,1.7673
4680510,2.1000,1.7753
4681010,2.1000,1.7737
4681510,2.1000,1.7689
4682010,2.1000,1.7906
4682510,2.1000,1.7818
4683010,2.1000,1.7527
4683510,2.1000,1.7866
4684010,2.1000,1.7737
4684510,2.1000,1.7673
4685010,2.1000,1.7826
4685510,2.1000,1.7689
4686010,2.1000,1.7737
4686510,2.1000,1.7681
4687010,2.1000,1.7729
4687510,2.1000,1.7664
4688010,2.1000,1.7753
4688510,2.1000,1.7769
4689010,2.1000,1.7664
4689510,2.1000,1.7882
4690010,2.1000,1.7769
4690510,2.1000,1.7753
4691010,2.1000,1.7721
4691510,2.1000,1.7729
4692010,2.1000,1.7656
4692510,2.1000,1.7801
4693010,2.1000,1.7745
4693510,2.1000,1.7793
4694010,2.1000,1.7681
4694510,2.1000,1.7753
4695010,2.1000,1.7681
4695510,2.1000,1.7664
4696010,2.1000,1.7407
4696510,2.1000,1.7793
4697010,2.1000,1.7705
4697510,2.1000,1.7713
4698010,2.1000,1.7785
4698510,2.1000,1.7874
4699010,2.1000,1.7769
4699510,2.1000,1.7664
4700010,2.1000,1.7681
4700510,2.1000,1.7777
4701010,2.1000,1.7753
4701510,2.1000,1.7777
4702010,2.1000,1.7818
4702510,2.1000,1.7689
4703010,2.1000,1.7648
4703510,2.1000,1.7761
4704010,2.1000,1.7834
4704510,2.1000,1.7721
4705010,2.1000,1.7769
4705510,2.1000,1.7777
4706010,2.1000,1.7818
4706510,2.1000,1.7834
4707010,2.1000,1.7801
4707510,2.1000,1.7664
4708010,2.1000,1.7681
4708510,2.1000,1.7689
4709010,2.1000,1.7689
4709510,2.1000,1.7689
4710010,2.1000,1.7745
4710510,2.1000,1.7834
4711010,2.1000,1.8084
4711510,2.1000,1.7801
4712010,2.1000,1.7769
4712510,2.1000,1.7713
4713010,2.1000,1.7785
4713510,2.1000,1.7801
4714010,2.1000,1.7874
4714510,2.1000,1.7810
4715010,2.1000,1.7753
4715510,2.1000,1.7777
4716010,2.1000,1.7801
4716510,2.1000,1.7753
4717010,2.1000,1.7769
4717510,2.1000,1.7584
4718010,2.1000,1.7761
4718510,2.1000,1.7834
4719010,2.1000,1.7810
4719510,2.1000,1.7777
4720010,2.1000,1.7721
4720510,2.1000,1.7922
4721010,2.1000,1.7777
4721510,2.1000,1.7898
4722010,2.1000,1.7777
4722510,2.1000,1.7745
4723010,2.1000,1.7801
4723510,2.1000,1.7793
4724010,2.1000,1.7874
4724510,2.1000,1.7761
4725010,2.1000,1.7713
4725510,2.1000,1.7810
4726010,2.1000,1.7689
4726510,2.1000,1.7777
4727010,2.1000,1.7753
4727510,2.1000,1.7801
4728010,2.1000,1.7810
4728510,2.1000,1.7737
4729010,2.1000,1.7922
4729510,2.1000,1.7793
4730010,2.1000,1.7721
4730510,2.1000,1.7810
4731010,2.1000,1.7979
4731510,2.1000,1.7785
4732010,2.1000,1.7801
4732510,2.1000,1.7801
4733010,2.1000,1.7801
4733510,2.1000,1.7761
4734010,2.1000,1.7850
4734510,2.1000,1.7914
4735010,2.1000,1.7664
4735510,2.1000,1.7898
4736010,2.1000,1.7810
4736510,2.1000,1.7801
4737010,2.1000,1.7777
4737510,2.1000,1.7721
4738010,2.1000,1.7810
4738510,2.1000,1.7785
4739010,2.1000,1.7842
4739510,2.1000,1.7834
4740010,2.1000,1.7753
4740510,2.1000,1.7818
4741010,2.1000,1.7850
4741510,2.1000,1.7753
4742010,2.1000,1.7721
4742510,2.1000,1.7737
4743010,2.1000,1.7801
4743510,2.1000,1.7745
4744010,2.1000,1.7801
4744510,2.1000,1.7818
4745010,2.1000,1.7882
4745510,2.1000,1.7834
4746010,2.1000,1.7793
4746510,2.1000,1.7785
4747010,2.1000,1.7640
4747510,2.1000,1.7689
4748010,2.1000,1.7810
4748510,2.1000,1.7681
4749010,2.1000,1.7818
4749510,2.1000,1.7930
4750010,2.1000,1.7777
4750510,2.1000,1.7793
4751010,2.1000,1.7818
4751510,2.1000,1.7777
4752010,2.1000,1.7810
4752510,2.1000,1.7769
4753010,2.1000,1.7818
4753510,2.1000,1.7785
4754010,2.1000,1.7922
4754510,2.1000,1.7834
4755010,2.1000,1.7818
4755510,2.1000,1.7777
4756010,2.1000,1.7721
4756510,2.1000,1.7769
4757010,2.1000,1.7890
4757510,2.1000,1.7834
4758010,2.1000,1.7818
4758510,2.1000,1.7777
4759010,2.1000,1.7664
4759510,2.1000,1.7914
4760010,2.1000,1.7834
4760510,2.1000,1.7721
4761010,2.1000,1.7777
4761510,2.1000,1.7818
4762010,2.1000,1.7890
4762510,2.1000,1.7850
4763010,2.1000,1.7842
4763510,2.1000,1.7842
4764010,2.1000,1.7906
4764510,2.1000,1.7801
4765010,2.1000,1.7818
4765510,2.1000,1.7874
4766010,2.1000,1.7834
4766510,2.1000,1.7793
4767010,2.1000,1.7850
4767510,2.1000,1.7785
4768010,2.1000,1.7801
4768510,2.1000,1.7850
4769010,2.1000,1.7866
4769510,2.1000,1.7705
4770010,2.1000,1.7785
4770510,2.1000,1.7753
4771010,2.1000,1.7801
4771510,2.1000,1.7793
4772010,2.1000,1.7818
4772510,2.1000,1.7842
4773010,2.1000,1.7850
4773510,2.1000,1.7810
4774010,2.1000,1.7834
4774510,2.1000,1.7890
4775010,2.1000,1.7801
4775510,2.1000,1.7810
4776010,2.1000,1.7818
4776510,2.1000,1.7882
4777010,2.1000,1.7793
4777510,2.1000,1.7866
4778010,2.1000,1.7963
4778510,2.1000,1.7866
4779010,2.1000,1.7793
4779510,2.1000,1.7906
4780010,2.1000,1.7963
4780510,2.1000,1.7834
4781010,2.1000,1.7769
4781510,2.1000,1.7922
4782010,2.1000,1.7898
4782510,2.1000,1.7882
4783010,2.1000,1.7793
4783510,2.1000,1.7793
4784010,2.1000,1.7793
4784510,2.1000,1.7801
4785010,2.1000,1.7882
4785510,2.1000,1.7826
4786010,2.1000,1.7922
4786510,2.1000,1.7793
4787010,2.1000,1.7834
4787510,2.1000,1.7826
4788010,2.1000,1.7818
4788510,2.1000,1.7826
4789010,2.1000,1.7850
4789510,2.1000,1.7890
4790010,2.1000,1.7882
4790510,2.1000,1.7785
4791010,2.1000,1.7979
4791510,2.1000,1.7785
4792010,2.1000,1.7801
4792510,2.1000,1.8067
4793010,2.1000,1.7922
4793510,2.1000,1.7769
4794010,2.1000,1.7664
4794510,2.1000,1.7810
4795010,2.1000,1.7777
4795510,2.1000,1.7922
4796010,2.1000,1.7842
4796510,2.1000,1.7810
4797010,2.1000,1.7850
4797510,2.1000,1.7818
4798010,2.1000,1.7866
4798510,2.1000,1.7753
4799010,2.1000,1.7810
4799510,2.1000,1.7882
4800010,2.1000,1.7842
4800510,2.1000,1.7818
4801010,2.1000,1.7842
4801510,2.1000,1.7834
4802010,2.1000,1.7842
4802510,2.1000,1.7898
4803010,2.1000,1.7810
4803510,2.1000,1.7810
4804010,2.1000,1.7801
4804510,2.1000,1.7834
4805010,2.1000,1.7842
4805510,2.1000,1.7834
4806010,2.1000,1.7850
4806510,2.1000,1.7801
4807010,2.1000,1.7834
4807510,2.1000,1.7866
4808010,2.1000,1.7850
4808510,2.1000,1.7818
4809010,2.1000,1.7777
4809510,2.1000,1.7826
4810010,2.1000,1.7673
4810510,2.1000,1.7922
4811010,2.1000,1.7801
4811510,2.1000,1.7810
4812010,2.1000,1.7801
4812510,2.1000,1.7842
4813010,2.1000,1.7906
4813510,2.1000,1.7785
4814010,2.1000,1.7834
4814510,2.1000,1.7882
4815010,2.1000,1.7890
4815510,2.1000,1.7648
4816010,2.1000,1.7842
4816510,2.1000,1.7689
4817010,2.1000,1.7906
4817510,2.1000,1.7850
4818010,2.1000,1.7793
4818510,2.1000,1.7890
4819010,2.1000,1.7850
4819510,2.1000,1.7866
4820010,2.1000,1.7745
4820510,2.1000,1.7874
4821010,2.1000,1.7842
4821510,2.1000,1.7818
4822010,2.1000,1.7866
4822510,2.1000,1.7890
4823010,2.1000,1.7906
4823510,2.1000,1.7874
4824010,2.1000,1.7818
4824510,2.1000,1.7793
4825010,2.1000,1.7850
4825510,2.1000,1.7801
4826010,2.1000,1.7842
4826510,2.1000,1.7801
4827010,2.1000,1.7898
4827510,2.1000,1.7664
4828010,2.1000,1.7818
4828510,2.1000,1.7882
4829010,2.1000,1.7922
4829510,2.1000,1.7818
4830010,2.1000,1.7777
4830510,2.1000,1.7850
4831010,2.1000,1.7801
4831510,2.1000,1.7810
4832010,2.1000,1.7922
4832510,2.1000,1.7834
4833010,2.1000,1.7785
4833510,2.1000,1.7850
4834010,2.1000,1.7874
4834510,2.1000,1.7922
4835010,2.1000,1.7818
4835510,2.1000,1.7850
4836010,2.1000,1.7874
4836510,2.1000,1.7930
4837010,2.1000,1.7874
4837510,2.1000,1.7930
4838010,2.1000,1.7906
4838510,2.1000,1.7801
4839010,2.1000,1.7914
4839510,2.1000,1.7922
4840010,2.1000,1.7882
4840510,2.1000,1.7963
4841010,2.1000,1.7882
4841510,2.1000,1.7793
4842010,2.1000,1.7922
4842510,2.1000,1.7866
4843010,2.1000,1.7882
4843510,2.1000,1.7906
4844010,2.1000,1.7818
4844510,2.1000,1.7874
4845010,2.1000,1.7858
4845510,2.1000,1.7890
4846010,2.1000,1.7818
4846510,2.1000,1.7801
4847010,2.1000,1.7834
4847510,2.1000,1.7834
4848010,2.1000,1.7834
4848510,2.1000,1.7858
4849010,2.1000,1.7834
4849510,2.1000,1.7914
4850010,2.1000,1.7874
4850510,2.1000,1.8196
4851010,2.1000,1.7705
4851510,2.1000,1.7882
4852010,2.1000,1.7842
4852510,2.1000,1.7842
4853010,2.1000,1.7801
4853510,2.1000,1.7769
4854010,2.1000,1.7866
4854510,2.1000,1.7834
4855010,2.1000,1.7963
4855510,2.1000,1.7850
4856010,2.1000,1.8035
4856510,2.1000,1.7858
4857010,2.1000,1.7882
4857510,2.1000,1.7882
4858010,2.1000,1.7882
4858510,2.1000,1.7922
4859010,2.1000,1.7930
4859510,2.1000,1.7874
4860010,2.1000,1.7906
4860510,2.1000,1.7818
4861010,2.1000,1.7818
4861510,2.1000,1.7914
4862010,2.1000,1.7914
4862510,2.1000,1.7818
4863010,2.1000,1.7914
4863510,2.1000,1.7866
4864010,2.1000,1.7850
4864510,2.1000,1.7922
4865010,2.1000,1.7834
4865510,2.1000,1.7922
4866010,2.1000,1.7801
4866510,2.1000,1.7898
4867010,2.1000,1.7890
4867510,2.1000,1.7882
4868010,2.1000,1.7890
4868510,2.1000,1.7906
4869010,2.1000,1.7858
4869510,2.1000,1.7906
4870010,2.1000,1.7898
4870510,2.1000,1.7898
4871010,2.1000,1.7874
4871510,2.1000,1.8027
4872010,2.1000,1.7834
4872510,2.1000,1.7793
4873010,2.1000,1.7850
4873510,2.1000,1.8043
4874010,2.1000,1.7930
4874510,2.1000,1.7882
4875010,2.1000,1.7866
4875510,2.1000,1.7930
4876010,2.1000,1.7882
4876510,2.1000,1.7922
4877010,2.1000,1.7882
4877510,2.1000,1.7922
4878010,2.1000,1.7922
4878510,2.1000,1.7882
4879010,2.1000,1.7922
4879510,2.1000,1.7963
4880010,2.1000,1.7922
4880510,2.1000,1.7890
4881010,2.1000,1.7906
4881510,2.1000,1.7664
4882010,2.1000,1.7866
4882510,2.1000,1.7681
4883010,2.1000,1.8051
4883510,2.1000,1.7922
4884010,2.1000,1.7922
4884510,2.1000,1.7979
4885010,2.1000,1.7882
4885510,2.1000,1.7906
4886010,2.1000,1.7922
4886510,2.1000,1.7664
4887010,2.1000,1.7922
4887510,2.1000,1.7922
4888010,2.1000,1.7898
4888510,2.1000,1.8188
4889010,2.1000,1.8011
4889510,2.1000,1.7906
4890010,2.1000,1.7971
4890510,2.1000,1.7938
4891010,2.1000,1.7801
4891510,2.1000,1.7914
4892010,2.1000,1.7882
4892510,2.1000,1.8108
4893010,2.1000,1.7874
4893510,2.1000,1.7979
4894010,2.1000,1.8092
4894510,2.1000,1.7963
4895010,2.1000,1.8003
4895510,2.1000,1.7922
4896010,2.1000,1.7882
4896510,2.1000,1.7979
4897010,2.1000,1.7947
4897510,2.1000,1.7963
4898010,2.1000,1.7971
4898510,2.1000,1.8051
4899010,2.1000,1.7906
4899510,2.1000,1.7971
4900010,2.1000,1.7914
4900510,2.1000,1.7955
4901010,2.1000,1.7930
4901510,2.1000,1.8067
4902010,2.1000,1.7914
4902510,2.1000,1.8027
4903010,2.1000,1.7979
4903510,2.1000,1.7979
4904010,2.1000,1.7922
4904510,2.1000,1.7979
4905010,2.1000,1.7947
4905510,2.1000,1.7963
4906010,2.1000,1.7947
4906510,2.1000,1.7882
4907010,2.1000,1.7922
4907510,2.1000,1.7963
4908010,2.1000,1.7906
4908510,2.1000,1.7987
4909010,2.1000,1.7947
4909510,2.1000,1.7898
4910010,2.1000,1.7922
4910510,2.1000,1.7850
4911010,2.1000,1.8035
4911510,2.1000,1.7971
4912010,2.1000,1.7922
4912510,2.1000,1.7914
4913010,2.1000,1.7995
4913510,2.1000,1.7914
4914010,2.1000,1.8051
4914510,2.1000,1.8132
4915010,2.1000,1.7906
4915510,2.1000,1.7769
4916010,2.1000,1.8003
4916510,2.1000,1.7922
4917010,2.1000,1.7947
4917510,2.1000,1.8011
4918010,2.1000,1.7914
4918510,2.1000,1.7963
4919010,2.1000,1.7922
4919510,2.1000,1.7834
4920010,2.1000,1.7938
4920510,2.1000,1.7914
4921010,2.1000,1.7922
4921510,2.1000,1.7930
4922010,2.1000,1.7882
4922510,2.1000,1.7971
4923010,2.1000,1.7963
4923510,2.1000,1.7922
4924010,2.1000,1.7922
4924510,2.1000,1.8027
4925010,2.1000,1.7890
4925510,2.1000,1.8011
4926010,2.1000,1.7947
4926510,2.1000,1.7995
4927010,2.1000,1.7979
4927510,2.1000,1.7834
4928010,2.1000,1.7898
4928510,2.1000,1.8124
4929010,2.1000,1.7979
4929510,2.1000,1.7922
4930010,2.1000,1.7955
4930510,2.1000,1.7922
4931010,2.1000,1.8027
4931510,2.1000,1.7874
4932010,2.1000,1.7785
4932510,2.1000,1.7898
4933010,2.1000,1.7906
4933510,2.1000,1.7971
4934010,2.1000,1.8051
4934510,2.1000,1.7898
4935010,2.1000,1.8051
4935510,2.1000,1.8035
4936010,2.1000,1.7938
4936510,2.1000,1.7914
4937010,2.1000,1.7922
4937510,2.1000,1.7922
4938010,2.1000,1.7971
4938510,2.1000,1.7922
4939010,2.1000,1.7963
4939510,2.1000,1.8011
4940010,2.1000,1.7906
4940510,2.1000,1.8003
4941010,2.1000,1.7922
4941510,2.1000,1.7906
4942010,2.1000,1.8027
4942510,2.1000,1.8035
4943010,2.1000,1.7922
4943510,2.1000,1.7914
4944010,2.1000,1.7898
4944510,2.1000,1.7963
4945010,2.1000,1.8011
4945510,2.1000,1.8180
4946010,2.1000,1.7689
4946510,2.1000,1.7890
4947010,2.1000,1.7947
4947510,2.1000,1.7922
4948010,2.1000,1.8027
4948510,2.1000,1.7898
4949010,2.1000,1.7922
4949510,2.1000,1.7922
4950010,2.1000,1.7930
4950510,2.1000,1.7689
4951010,2.1000,1.7922
4951510,2.1000,1.7979
4952010,2.1000,1.7963
4952510,2.1000,1.7938
4953010,2.1000,1.7914
4953510,2.1000,1.7922
4954010,2.1000,1.7922
4954510,2.1000,1.7906
4955010,2.1000,1.7914
4955510,2.1000,1.7922
4956010,2.1000,1.7938
4956510,2.1000,1.7947
4957010,2.1000,1.8067
4957510,2.1000,1.7922
4958010,2.1000,1.7995
4958510,2.1000,1.7874
4959010,2.1000,1.7930
4959510,2.1000,1.7971
4960010,2.1000,1.7898
4960510,2.1000,1.7922
4961010,2.1000,1.7930
4961510,2.1000,1.7963
4962010,2.1000,1.8164
4962510,2.1000,1.7979
4963010,2.1000,1.8019
4963510,2.1000,1.7801
4964010,2.1000,1.7947
4964510,2.1000,1.7955
4965010,2.1000,1.7947
4965510,2.1000,1.7938
4966010,2.1000,1.8027
4966510,2.1000,1.7850
4967010,2.1000,1.7906
4967510,2.1000,1.8051
4968010,2.1000,1.7898
4968510,2.1000,1.7979
4969010,2.1000,1.8003
4969510,2.1000,1.7898
4970010,2.1000,1.8003
4970510,2.1000,1.7947
4971010,2.1000,1.7930
4971510,2.1000,1.7955
4972010,2.1000,1.7922
4972510,2.1000,1.7922
4973010,2.1000,1.7890
4973510,2.1000,1.8019
4974010,2.1000,1.7922
4974510,2.1000,1.7963
4975010,2.1000,1.7971
4975510,2.1000,1.7971
4976010,2.1000,1.8011
4976510,2.1000,1.7963
4977010,2.1000,1.7818
4977510,2.1000,1.7947
4978010,2.1000,1.7955
4978510,2.1000,1.7947
4979010,2.1000,1.7415
4979510,2.1000,1.7866
4980010,2.1000,1.7753
4980510,2.1000,1.7850
4981010,2.1000,1.7898
4981510,2.1000,1.7930
4982010,2.1000,1.7882
4982510,2.1000,1.7979
4983010,2.1000,1.7914
4983510,2.1000,1.7947
4984010,2.1000,1.7914
4984510,2.1000,1.7938
4985010,2.1000,1.7906
4985510,2.1000,1.7906
4986010,2.1000,1.7963
4986510,2.1000,1.7947
4987010,2.1000,1.7971
4987510,2.1000,1.8059
4988010,2.1000,1.7930
4988510,2.1000,1.8172
4989010,2.1000,1.7922
4989510,2.1000,1.7874
4990010,2.1000,1.7947
4990510,2.1000,1.8067
4991010,2.1000,1.7938
4991510,2.1000,1.8011
4992010,2.1000,1.7947
4992510,2.1000,1.7955
4993010,2.1000,1.7938
4993510,2.1000,1.7930
4994010,2.1000,1.8277
4994510,2.1000,1.8003
4995010,2.1000,1.8124
4995510,2.1000,1.7938
4996010,2.1000,1.7922
4996510,2.1000,1.8027
4997010,2.1000,1.7922
4997510,2.1000,1.8180
4998010,2.1000,1.7995
4998510,2.1000,1.7930
4999010,2.1000,1.7979
4999510,2.1000,1.8003
5000010,2.1000,1.8035
5000510,2.1000,1.8003
5001010,2.1000,1.8051
5001510,2.1000,1.7979
5002010,2.1000,1.8035
5002510,2.1000,1.7971
5003010,2.1000,1.7963
5003510,2.1000,1.8043
5004010,2.1000,1.7947
5004510,2.1000,1.8003
5005010,2.1000,1.7922
5005510,2.1000,1.7930
5006010,2.1000,1.7963
5006510,2.1000,1.7721
5007010,2.1000,1.7938
5007510,2.1000,1.7947
5008010,2.1000,1.8051
5008510,2.1000,1.7947
5009010,2.1000,1.7922
5009510,2.1000,1.7963
5010010,2.1000,1.8043
5010510,2.1000,1.8100
5011010,2.1000,1.7914
5011510,2.1000,1.7995
5012010,2.1000,1.7979
5012510,2.1000,1.8051
5013010,2.1000,1.7721
5013510,2.1000,1.7947
5014010,2.1000,1.8003
5014510,2.1000,1.8011
5015010,2.1000,1.8027
5015510,2.1000,1.8003
5016010,2.1000,1.8011
5016510,2.1000,1.7947
5017010,2.1000,1.7930
5017510,2.1000,1.7971
5018010,2.1000,1.7979
5018510,2.1000,1.7914
5019010,2.1000,1.7947
5019510,2.1000,1.7995
5020010,2.1000,1.7971
5020510,2.1000,1.7971
5021010,2.1000,1.8035
5021510,2.1000,1.7938
5022010,2.1000,1.8011
5022510,2.1000,1.7979
5023010,2.1000,1.8051
5023510,2.1000,1.7963
5024010,2.1000,1.8019
5024510,2.1000,1.7947
5025010,2.1000,1.8011
5025510,2.1000,1.7963
5026010,2.1000,1.8059
5026510,2.1000,1.8043
5027010,2.1000,1.8011
5027510,2.1000,1.8019
5028010,2.1000,1.8204
5028510,2.1000,1.7971
5029010,2.1000,1.7930
5029510,2.1000,1.7930
5030010,2.1000,1.8003
5030510,2.1000,1.8035
5031010,2.1000,1.8172
5031510,2.1000,1.7922
5032010,2.1000,1.8011
5032510,2.1000,1.8051
5033010,2.1000,1.7963
5033510,2.1000,1.8229
5034010,2.1000,1.7963
5034510,2.1000,1.8051
5035010,2.1000,1.8043
5035510,2.1000,1.8019
5036010,2.1000,1.8043
5036510,2.1000,1.7979
5037010,2.1000,1.8075
5037510,2.1000,1.8011
5038010,2.1000,1.8043
5038510,2.1000,1.8043
5039010,2.1000,1.7922
5039510,2.1000,1.8043
5040010,2.1000,1.7930
5040510,2.1000,1.8051
5041010,2.1000,1.8180
5041510,2.1000,1.8067
5042010,2.1000,1.8003
5042510,2.1000,1.7995
5043010,2.1000,1.8092
5043510,2.1000,1.8196
5044010,2.1000,1.7914
5044510,2.1000,1.8051
5045010,2.1000,1.8196
5045510,2.1000,1.7995
5046010,2.1000,1.8164
5046510,2.1000,1.7930
5047010,2.1000,1.8059
5047510,2.1000,1.8059
5048010,2.1000,1.7947
5048510,2.1000,1.8035
5049010,2.1000,1.8156
5049510,2.1000,1.8035
5050010,2.1000,1.8051
5050510,2.1000,1.8027
5051010,2.1000,1.7979
5051510,2.1000,1.8180
5052010,2.1000,1.7987
5052510,2.1000,1.8003
5053010,2.1000,1.8027
5053510,2.1000,1.7963
5054010,2.1000,1.8035
5054510,2.1000,1.8011
5055010,2.1000,1.7995
5055510,2.1000,1.8059
5056010,2.1000,1.8148
5056510,2.1000,1.7963
5057010,2.1000,1.8027
5057510,2.1000,1.8035
5058010,2.1000,1.8011
5058510,2.1000,1.8059
5059010,2.1000,1.8035
5059510,2.1000,1.8035
5060010,2.1000,1.8043
5060510,2.1000,1.7963
5061010,2.1000,1.8051
5061510,2.1000,1.7963
5062010,2.1000,1.8124
5062510,2.1000,1.8180
5063010,2.1000,1.7963
5063510,2.1000,1.8051
5064010,2.1000,1.8067
5064510,2.1000,1.8124
5065010,2.1000,1.8092
5065510,2.1000,1.8196
5066010,2.1000,1.7947
5066510,2.1000,1.8108
5067010,2.1000,1.8051
5067510,2.1000,1.8567
5068010,2.1000,1.8019
5068510,2.1000,1.8204
5069010,2.1000,1.8043
5069510,2.1000,1.8172
5070010,2.1000,1.7850
5070510,2.1000,1.8108
5071010,2.1000,1.7971
5071510,2.1000,1.8027
5072010,2.1000,1.8035
5072510,2.1000,1.8003
5073010,2.1000,1.8204
5073510,2.1000,1.8043
5074010,2.1000,1.8003
5074510,2.1000,1.8011
5075010,2.1000,1.8180
5075510,2.1000,1.8196
5076010,2.1000,1.8003
5076510,2.1000,1.8027
5077010,2.1000,1.8051
5077510,2.1000,1.8035
5078010,2.1000,1.7995
5078510,2.1000,1.8003
5079010,2.1000,1.8035
5079510,2.1000,1.8075
5080010,2.1000,1.8027
5080510,2.1000,1.8075
5081010,2.1000,1.8011
5081510,2.1000,1.8043
5082010,2.1000,1.8011
5082510,2.1000,1.8051
5083010,2.1000,1.8059
5083510,2.1000,1.7979
5084010,2.1000,1.8100
5084510,2.1000,1.7971
5085010,2.1000,1.8035
5085510,2.1000,1.7995
5086010,2.1000,1.8140
5086510,2.1000,1.8092
5087010,2.1000,1.8075
5087510,2.1000,1.8100
5088010,2.1000,1.8092
5088510,2.1000,1.8035
5089010,2.1000,1.8011
5089510,2.1000,1.8092
5090010,2.1000,1.8035
5090510,2.1000,1.8100
5091010,2.1000,1.8092
5091510,2.1000,1.8019
5092010,2.1000,1.8011
5092510,2.1000,1.8092
5093010,2.1000,1.8011
5093510,2.1000,1.7995
5094010,2.1000,1.8003
5094510,2.1000,1.7955
5095010,2.1000,1.8092
5095510,2.1000,1.8035
5096010,2.1000,1.8043
5096510,2.1000,1.8027
5097010,2.1000,1.8156
5097510,2.1000,1.7979
5098010,2.1000,1.8051
5098510,2.1000,1.8043
5099010,2.1000,1.7979
5099510,2.1000,1.8188
5100010,2.1000,1.8164
5100510,2.1000,1.7930
5101010,2.1000,1.8027
5101510,2.1000,1.7922
5102010,2.1000,1.8051
5102510,2.1000,1.8092
5103010,2.1000,1.7979
5103510,2.1000,1.8059
5104010,2.1000,1.8051
5104510,2.1000,1.7979
5105010,2.1000,1.8075
5105510,2.1000,1.8043
5106010,2.1000,1.7979
5106510,2.1000,1.7971
5107010,2.1000,1.8027
5107510,2.1000,1.7826
5108010,2.1000,1.8003
5108510,2.1000,1.8059
5109010,2.1000,1.8011
5109510,2.1000,1.7979
5110010,2.1000,1.7995
5110510,2.1000,1.8043
5111010,2.1000,1.8075
5111510,2.1000,1.8075
5112010,2.1000,1.7995
5112510,2.1000,1.8035
5113010,2.1000,1.8067
5113510,2.1000,1.7995
5114010,2.1000,1.7995
5114510,2.1000,1.8003
5115010,2.1000,1.8035
5115510,2.1000,1.8180
5116010,2.1000,1.8027
5116510,2.1000,1.8027
5117010,2.1000,1.8043
5117510,2.1000,1.8051
5118010,2.1000,1.8204
5118510,2.1000,1.8051
5119010,2.1000,1.8003
5119510,2.1000,1.8003
5120010,2.1000,1.7995
5120510,2.1000,1.8003
5121010,2.1000,1.8067
5121510,2.1000,1.8019
5122010,2.1000,1.8180
5122510,2.1000,1.8075
5123010,2.1000,1.8156
5123510,2.1000,1.8092
5124010,2.1000,1.8092
5124510,2.1000,1.8132
5125010,2.1000,1.7971
5125510,2.1000,1.8100
5126010,2.1000,1.7971
5126510,2.1000,1.8084
5127010,2.1000,1.8059
5127510,2.1000,1.8003
5128010,2.1000,1.8092
5128510,2.1000,1.7995
5129010,2.1000,1.8092
5129510,2.1000,1.8011
5130010,2.1000,1.7995
5130510,2.1000,1.7963
5131010,2.1000,1.8164
5131510,2.1000,1.7979
5132010,2.1000,1.8035
5132510,2.1000,1.8132
5133010,2.1000,1.8237
5133510,2.1000,1.8051
5134010,2.1000,1.8108
5134510,2.1000,1.7995
5135010,2.1000,1.8043
5135510,2.1000,1.7971
5136010,2.1000,1.8140
5136510,2.1000,1.8043
5137010,2.1000,1.8108
5137510,2.1000,1.8140
5138010,2.1000,1.8075
5138510,2.1000,1.8027
5139010,2.1000,1.8051
5139510,2.1000,1.8011
5140010,2.1000,1.8100
5140510,2.1000,1.8011
5141010,2.1000,1.8027
5141510,2.1000,1.8108
5142010,2.1000,1.8059
5142510,2.1000,1.7979
5143010,2.1000,1.8059
5143510,2.1000,1.8059
5144010,2.1000,1.8075
5144510,2.1000,1.8229
5145010,2.1000,1.8059
5145510,2.1000,1.8043
5146010,2.1000,1.8221
5146510,2.1000,1.8164
5147010,2.1000,1.8237
5147510,2.1000,1.8059
5148010,2.1000,1.8084
5148510,2.1000,1.8092
5149010,2.1000,1.8180
5149510,2.1000,1.8051
5150010,2.1000,1.8140
5150510,2.1000,1.8011
5151010,2.1000,1.7922
5151510,2.1000,1.8132
5152010,2.1000,1.8075
5152510,2.1000,1.8051
5153010,2.1000,1.8092
5153510,2.1000,1.8261
5154010,2.1000,1.8100
5154510,2.1000,1.8003
5155010,2.1000,1.8196
5155510,2.1000,1.8180
5156010,2.1000,1.8035
5156510,2.1000,1.8140
5157010,2.1000,1.8108
5157510,2.1000,1.7987
5158010,2.1000,1.8051
5158510,2.1000,1.8043
5159010,2.1000,1.8092
5159510,2.1000,1.8301
5160010,2.1000,1.8092
5160510,2.1000,1.7995
5161010,2.1000,1.8108
5161510,2.1000,1.8035
5162010,2.1000,1.8156
5162510,2.1000,1.8075
5163010,2.1000,1.8027
5163510,2.1000,1.8221
5164010,2.1000,1.8043
5164510,2.1000,1.8035
5165010,2.1000,1.8067
5165510,2.1000,1.8019
5166010,2.1000,1.8059
5166510,2.1000,1.8075
5167010,2.1000,1.8116
5167510,2.1000,1.8067
5168010,2.1000,1.8043
5168510,2.1000,1.8100
5169010,2.1000,1.8108
5169510,2.1000,1.8108
5170010,2.1000,1.8043
5170510,2.1000,1.8051
5171010,2.1000,1.8092
5171510,2.1000,1.8172
5172010,2.1000,1.8092
5172510,2.1000,1.8196
5173010,2.1000,1.8019
5173510,2.1000,1.8092
5174010,2.1000,1.7850
5174510,2.1000,1.8059
5175010,2.1000,1.8075
5175510,2.1000,1.8108
5176010,2.1000,1.8148
5176510,2.1000,1.8084
5177010,2.1000,1.8180
5177510,2.1000,1.8124
5178010,2.1000,1.7995
5178510,2.1000,1.8108
5179010,2.1000,1.8067
5179510,2.1000,1.7922
5180010,2.1000,1.8108
5180510,2.1000,1.8180
5181010,2.1000,1.8140
5181510,2.1000,1.8043
5182010,2.1000,1.7898
5182510,2.1000,1.8059
5183010,2.1000,1.8108
5183510,2.1000,1.8051
5184010,2.1000,1.8067
5184510,2.1000,1.8067
5185010,2.1000,1.8011
5185510,2.1000,1.8067
5186010,2.1000,1.8059
5186510,2.1000,1.8108
5187010,2.1000,1.7955
5187510,2.1000,1.8277
5188010,2.1000,1.8075
5188510,2.1000,1.8067
5189010,2.1000,1.7938
5189510,2.1000,1.8059
5190010,2.1000,1.8108
5190510,2.1000,1.8229
5191010,2.1000,1.8051
5191510,2.1000,1.8043
5192010,2.1000,1.8059
5192510,2.1000,1.8180
5193010,2.1000,1.8011
5193510,2.1000,1.8100
5194010,2.1000,1.7995
5194510,2.1000,1.8164
5195010,2.1000,1.8043
5195510,2.1000,1.8164
5196010,2.1000,1.8067
5196510,2.1000,1.8027
5197010,2.1000,1.7979
5197510,2.1000,1.8124
5198010,2.1000,1.8059
5198510,2.1000,1.8011
5199010,2.1000,1.8100
5199510,2.1000,1.8100
5200010,2.1000,1.7979
5200510,2.1000,1.8035
5201010,2.1000,1.7874
5201510,2.1000,1.8035
5202010,2.1000,1.8140
5202510,2.1000,1.8140
5203010,2.1000,1.8011
5203510,2.1000,1.8051
5204010,2.1000,1.8067
5204510,2.1000,1.8108
5205010,2.1000,1.8084
5205510,2.1000,1.8043
5206010,2.1000,1.7882
5206510,2.1000,1.8043
5207010,2.1000,1.8156
5207510,2.1000,1.8092
5208010,2.1000,1.8156
5208510,2.1000,1.8059
5209010,2.1000,1.8172
5209510,2.1000,1.8100
5210010,2.1000,1.8100
5210510,2.1000,1.8156
5211010,2.1000,1.8164
5211510,2.1000,1.8059
5212010,2.1000,1.8043
5212510,2.1000,1.8132
5213010,2.1000,1.8051
5213510,2.1000,1.8100
5214010,2.1000,1.7971
5214510,2.1000,1.8011
5215010,2.1000,1.8180
5215510,2.1000,1.8124
5216010,2.1000,1.8043
5216510,2.1000,1.8067
5217010,2.1000,1.8051
5217510,2.1000,1.8229
5218010,2.1000,1.8140
5218510,2.1000,1.8172
5219010,2.1000,1.8140
5219510,2.1000,1.8075
5220010,2.1000,1.8140
5220510,2.1000,1.8092
5221010,2.1000,1.8148
5221510,2.1000,1.8092
5222010,2.1000,1.8051
5222510,2.1000,1.8156
5223010,2.1000,1.8100
5223510,2.1000,1.8059
5224010,2.1000,1.8196
5224510,2.1000,1.8212
5225010,2.1000,1.8100
5225510,2.1000,1.8092
5226010,2.1000,1.8059
5226510,2.1000,1.8067
5227010,2.1000,1.8293
5227510,2.1000,1.8172
5228010,2.1000,1.8124
5228510,2.1000,1.8108
5229010,2.1000,1.8092
5229510,2.1000,1.8084
5230010,2.1000,1.8059
5230510,2.1000,1.8100
5231010,2.1000,1.8051
5231510,2.1000,1.8067
5232010,2.1000,1.8116
5232510,2.1000,1.8196
5233010,2.1000,1.8051
5233510,2.1000,1.8100
5234010,2.1000,1.8180
5234510,2.1000,1.8059
5235010,2.1000,1.8043
5235510,2.1000,1.8043
5236010,2.1000,1.7979
5236510,2.1000,1.8164
5237010,2.1000,1.8132
5237510,2.1000,1.7963
5238010,2.1000,1.7995
5238510,2.1000,1.8204
5239010,2.1000,1.8067
5239510,2.1000,1.8140
5240010,2.1000,1.8156
5240510,2.1000,1.8164
5241010,2.1000,1.7971
5241510,2.1000,1.8092
5242010,2.1000,1.8059
5242510,2.1000,1.8148
5243010,2.1000,1.8180
5243510,2.1000,1.8132
5244010,2.1000,1.8148
5244510,2.1000,1.8180
5245010,2.1000,1.8084
5245510,2.1000,1.8164
5246010,2.1000,1.8172
5246510,2.1000,1.8156
5247010,2.1000,1.8414
5247510,2.1000,1.8237
5248010,2.1000,1.8124
5248510,2.1000,1.8100
5249010,2.1000,1.8269
5249510,2.1000,1.8132
5250010,2.1000,1.8140
5250510,2.1000,1.8148
5251010,2.1000,1.8100
5251510,2.1000,1.8108
5252010,2.1000,1.8027
5252510,2.1000,1.8309
5253010,2.1000,1.8092
5253510,2.1000,1.8156
5254010,2.1000,1.8212
5254510,2.1000,1.8229
5255010,2.1000,1.8075
5255510,2.1000,1.8092
5256010,2.1000,1.8164
5256510,2.1000,1.8100
5257010,2.1000,1.8204
5257510,2.1000,1.8172
5258010,2.1000,1.8100
5258510,2.1000,1.8180
5259010,2.1000,1.8333
5259510,2.1000,1.7922
5260010,2.1000,1.8075
5260510,2.1000,1.8132
5261010,2.1000,1.8067
5261510,2.1000,1.8132
5262010,2.1000,1.8124
5262510,2.1000,1.8092
5263010,2.1000,1.8212
5263510,2.1000,1.8164
5264010,2.1000,1.8035
5264510,2.1000,1.8108
5265010,2.1000,1.8132
5265510,2.1000,1.8309
5266010,2.1000,1.8051
5266510,2.1000,1.8349
5267010,2.1000,1.8164
5267510,2.1000,1.8092
5268010,2.1000,1.8196
5268510,2.1000,1.8108
5269010,2.1000,1.8140
5269510,2.1000,1.8140
5270010,2.1000,1.8108
5270510,2.1000,1.8172
5271010,2.1000,1.8075
5271510,2.1000,1.7938
5272010,2.1000,1.8204
5272510,2.1000,1.8180
5273010,2.1000,1.8164
5273510,2.1000,1.8124
5274010,2.1000,1.8180
5274510,2.1000,1.8100
5275010,2.1000,1.8051
5275510,2.1000,1.8132
5276010,2.1000,1.8067
5276510,2.1000,1.8108
5277010,2.1000,1.8358
5277510,2.1000,1.8229
5278010,2.1000,1.8196
5278510,2.1000,1.8148
5279010,2.1000,1.8043
5279510,2.1000,1.8422
5280010,2.1000,1.8092
5280510,2.1000,1.8140
5281010,2.1000,1.8124
5281510,2.1000,1.8422
5282010,2.1000,1.8140
5282510,2.1000,1.8100
5283010,2.1000,1.8092
5283510,2.1000,1.8156
5284010,2.1000,1.8156
5284510,2.1000,1.8108
5285010,2.1000,1.8237
5285510,2.1000,1.8156
5286010,2.1000,1.8027
5286510,2.1000,1.8188
5287010,2.1000,1.8075
5287510,2.1000,1.8027
5288010,2.1000,1.8156
5288510,2.1000,1.8180
5289010,2.1000,1.8027
5289510,2.1000,1.8140
5290010,2.1000,1.8084
5290510,2.1000,1.7979
5291010,2.1000,1.8180
5291510,2.1000,1.8180
5292010,2.1000,1.8140
5292510,2.1000,1.8148
5293010,2.1000,1.8140
5293510,2.1000,1.8011
5294010,2.1000,1.8132
5294510,2.1000,1.8180
5295010,2.1000,1.8172
5295510,2.1000,1.8212
5296010,2.1000,1.8075
5296510,2.1000,1.8180
5297010,2.1000,1.8140
5297510,2.1000,1.8132
5298010,2.1000,1.8124
5298510,2.1000,1.8140
5299010,2.1000,1.8204
5299510,2.1000,1.8188
5300010,2.1000,1.8132
5300510,2.1000,1.8188
5301010,2.1000,1.8140
5301510,2.1000,1.8309
5302010,2.1000,1.8108
5302510,2.1000,1.8188
5303010,2.1000,1.8164
5303510,2.1000,1.8204
5304010,2.1000,1.8140
5304510,2.1000,1.8164
5305010,2.1000,1.8019
5305510,2.1000,1.8148
5306010,2.1000,1.8229
5306510,2.1000,1.7979
5307010,2.1000,1.8196
5307510,2.1000,1.8059
5308010,2.1000,1.8221
5308510,2.1000,1.8124
5309010,2.1000,1.8164
5309510,2.1000,1.8204
5310010,2.1000,1.8221
5310510,2.1000,1.8148
5311010,2.1000,1.8156
5311510,2.1000,1.8229
5312010,2.1000,1.8390
5312510,2.1000,1.8204
5313010,2.1000,1.8035
5313510,2.1000,1.8059
5314010,2.1000,1.8092
5314510,2.1000,1.8293
5315010,2.1000,1.8180
5315510,2.1000,1.8172
5316010,2.1000,1.8212
5316510,2.1000,1.8180
5317010,2.1000,1.8164
5317510,2.1000,1.8124
5318010,2.1000,1.8124
5318510,2.1000,1.8188
5319010,2.1000,1.8196
5319510,2.1000,1.8172
5320010,2.1000,1.8164
5320510,2.1000,1.8067
5321010,2.1000,1.8092
5321510,2.1000,1.8132
5322010,2.1000,1.8132
5322510,2.1000,1.8092
5323010,2.1000,1.8124
5323510,2.1000,1.8059
5324010,2.1000,1.8188
5324510,2.1000,1.8124
5325010,2.1000,1.8221
5325510,2.1000,1.8172
5326010,2.1000,1.8301
5326510,2.1000,1.8196
5327010,2.1000,1.8100
5327510,2.1000,1.8180
5328010,2.1000,1.8164
5328510,2.1000,1.8140
5329010,2.1000,1.8333
5329510,2.1000,1.8188
5330010,2.1000,1.8237
5330510,2.1000,1.8140
5331010,2.1000,1.8196
5331510,2.1000,1.8172
5332010,2.1000,1.8196
5332510,2.1000,1.8124
5333010,2.1000,1.8204
5333510,2.1000,1.8051
5334010,2.1000,1.8196
5334510,2.1000,1.8051
5335010,2.1000,1.8180
5335510,2.1000,1.8067
5336010,2.1000,1.8204
5336510,2.1000,1.8180
5337010,2.1000,1.8172
5337510,2.1000,1.8164
5338010,2.1000,1.7938
5338510,2.1000,1.7971
5339010,2.1000,1.8164
5339510,2.1000,1.8204
5340010,2.1000,1.8293
5340510,2.1000,1.8204
5341010,2.1000,1.8140
5341510,2.1000,1.8148
5342010,2.1000,1.8422
5342510,2.1000,1.8035
5343010,2.1000,1.8196
5343510,2.1000,1.8188
5344010,2.1000,1.8140
5344510,2.1000,1.8075
5345010,2.1000,1.8180
5345510,2.1000,1.8180
5346010,2.1000,1.8204
5346510,2.1000,1.8229
5347010,2.1000,1.8140
5347510,2.1000,1.8204
5348010,2.1000,1.8164
5348510,2.1000,1.8180
5349010,2.1000,1.8140
5349510,2.1000,1.8140
5350010,2.1000,1.8188
5350510,2.1000,1.8140
5351010,2.1000,1.8237
5351510,2.1000,1.8229
5352010,2.1000,1.8293
5352510,2.1000,1.8108
5353010,2.1000,1.7922
5353510,2.1000,1.8092
5354010,2.1000,1.8180
5354510,2.1000,1.8212
5355010,2.1000,1.7930
5355510,2.1000,1.8172
5356010,2.1000,1.8172
5356510,2.1000,1.8180
5357010,2.1000,1.8180
5357510,2.1000,1.8237
5358010,2.1000,1.8180
5358510,2.1000,1.8229
5359010,2.1000,1.8212
5359510,2.1000,1.8164
5360010,2.1000,1.8140
5360510,2.1000,1.8132
5361010,2.1000,1.8140
5361510,2.1000,1.8301
5362010,2.1000,1.8172
5362510,2.1000,1.8212
5363010,2.1000,1.8180
5363510,2.1000,1.8229
5364010,2.1000,1.8358
5364510,2.1000,1.8180
5365010,2.1000,1.8221
5365510,2.1000,1.8180
5366010,2.1000,1.8092
5366510,2.1000,1.8204
5367010,2.1000,1.8108
5367510,2.1000,1.8180
5368010,2.1000,1.8180
5368510,2.1000,1.8059
5369010,2.1000,1.8124
5369510,2.1000,1.8196
5370010,2.1000,1.8180
5370510,2.1000,1.8301
5371010,2.1000,1.8156
5371510,2.1000,1.8204
5372010,2.1000,1.8188
5372510,2.1000,1.8229
5373010,2.1000,1.8180
5373510,2.1000,1.8188
5374010,2.1000,1.8204
5374510,2.1000,1.8075
5375010,2.1000,1.8301
5375510,2.1000,1.8221
5376010,2.1000,1.8180
5376510,2.1000,1.8221
5377010,2.1000,1.8309
5377510,2.1000,1.8269
5378010,2.1000,1.8164
5378510,2.1000,1.8180
5379010,2.1000,1.8664
5379510,2.1000,1.8164
5380010,2.1000,1.8148
5380510,2.1000,1.8188
5381010,2.1000,1.8180
5381510,2.1000,1.8188
5382010,2.1000,1.8108
5382510,2.1000,1.8204
5383010,2.1000,1.8180
5383510,2.1000,1.8261
5384010,2.1000,1.8253
5384510,2.1000,1.8196
5385010,2.1000,1.8196
5385510,2.1000,1.8180
5386010,2.1000,1.8140
5386510,2.1000,1.8180
5387010,2.1000,1.8164
5387510,2.1000,1.8180
5388010,2.1000,1.8188
5388510,2.1000,1.8132
5389010,2.1000,1.8132
5389510,2.1000,1.8196
5390010,2.1000,1.8043
5390510,2.1000,1.8196
5391010,2.1000,1.8398
5391510,2.1000,1.8261
5392010,2.1000,1.8229
5392510,2.1000,1.8269
5393010,2.1000,1.8164
5393510,2.1000,1.8204
5394010,2.1000,1.8156
5394510,2.1000,1.8462
5395010,2.1000,1.8180
5395510,2.1000,1.8196
5396010,2.1000,1.8229
5396510,2.1000,1.8221
5397010,2.1000,1.8043
5397510,2.1000,1.8180
5398010,2.1000,1.8309
5398510,2.1000,1.8325
5399010,2.1000,1.8124
5399510,2.1000,1.8269
5400010,2.1000,1.8204
5400510,2.1000,1.8108
5401010,2.1000,1.8180
5401510,2.1000,1.8237
5402010,2.1000,1.8180
5402510,2.1000,1.8237
5403010,2.1000,1.7971
5403510,2.1000,1.8092
5404010,2.1000,1.8317
5404510,2.1000,1.8293
5405010,2.1000,1.8180
5405510,2.1000,1.8188
5406010,2.1000,1.8333
5406510,2.1000,1.8180
5407010,2.1000,1.8180
5407510,2.1000,1.8180
5408010,2.1000,1.8221
5408510,2.1000,1.8196
5409010,2.1000,1.8188
5409510,2.1000,1.8075
5410010,2.1000,1.8325
5410510,2.1000,1.8221
5411010,2.1000,1.8390
5411510,2.1000,1.8253
5412010,2.1000,1.8180
5412510,2.1000,1.8188
5413010,2.1000,1.8188
5413510,2.1000,1.8221
5414010,2.1000,1.8269
5414510,2.1000,1.8188
5415010,2.1000,1.8180
5415510,2.1000,1.8180
5416010,2.1000,1.8293
5416510,2.1000,1.8140
5417010,2.1000,1.8204
5417510,2.1000,1.8140
5418010,2.1000,1.8229
5418510,2.1000,1.8188
5419010,2.1000,1.8237
5419510,2.1000,1.8140
5420010,2.1000,1.8156
5420510,2.1000,1.8196
5421010,2.1000,1.8261
5421510,2.1000,1.8204
5422010,2.1000,1.8075
5422510,2.1000,1.8180
5423010,2.1000,1.8349
5423510,2.1000,1.8100
5424010,2.1000,1.8293
5424510,2.1000,1.8325
5425010,2.1000,1.8261
5425510,2.1000,1.8180
5426010,2.1000,1.8374
5426510,2.1000,1.8237
5427010,2.1000,1.8196
5427510,2.1000,1.8285
5428010,2.1000,1.8180
5428510,2.1000,1.8237
5429010,2.1000,1.8132
5429510,2.1000,1.8245
5430010,2.1000,1.8253
5430510,2.1000,1.8309
5431010,2.1000,1.8180
5431510,2.1000,1.8188
5432010,2.1000,1.8204
5432510,2.1000,1.8309
5433010,2.1000,1.8180
5433510,2.1000,1.8196
5434010,2.1000,1.8309
5434510,2.1000,1.8229
5435010,2.1000,1.8180
5435510,2.1000,1.8309
5436010,2.1000,1.8253
5436510,2.1000,1.8212
5437010,2.1000,1.8285
5437510,2.1000,1.8172
5438010,2.1000,1.8293
5438510,2.1000,1.8293
5439010,2.1000,1.8212
5439510,2.1000,1.8229
5440010,2.1000,1.8156
5440510,2.1000,1.8301
5441010,2.1000,1.8204
5441510,2.1000,1.8212
5442010,2.1000,1.8204
5442510,2.1000,1.8180
5443010,2.1000,1.8269
5443510,2.1000,1.8253
5444010,2.1000,1.8229
5444510,2.1000,1.8269
5445010,2.1000,1.8180
5445510,2.1000,1.8212
5446010,2.1000,1.8180
5446510,2.1000,1.8196
5447010,2.1000,1.8221
5447510,2.1000,1.8285
5448010,2.1000,1.8221
5448510,2.1000,1.8237
5449010,2.1000,1.8237
5449510,2.1000,1.8229
5450010,2.1000,1.8188
5450510,2.1000,1.8180
5451010,2.1000,1.8237
5451510,2.1000,1.8229
5452010,2.1000,1.8229
5452510,2.1000,1.8229
5453010,2.1000,1.8132
5453510,2.1000,1.8204
5454010,2.1000,1.8486
5454510,2.1000,1.8221
5455010,2.1000,1.8261
5455510,2.1000,1.8221
5456010,2.1000,1.8269
5456510,2.1000,1.8229
5457010,2.1000,1.8204
5457510,2.1000,1.8325
5458010,2.1000,1.8261
5458510,2.1000,1.8309
5459010,2.1000,1.8285
5459510,2.1000,1.8253
5460010,2.1000,1.8180
5460510,2.1000,1.8204
5461010,2.1000,1.8180
5461510,2.1000,1.8237
5462010,2.1000,1.8156
5462510,2.1000,1.8229
5463010,2.1000,1.8229
5463510,2.1000,1.8180
5464010,2.1000,1.8285
5464510,2.1000,1.8237
5465010,2.1000,1.8253
5465510,2.1000,1.8132
5466010,2.1000,1.8212
5466510,2.1000,1.8237
5467010,2.1000,1.8317
5467510,2.1000,1.8309
5468010,2.1000,1.8301
5468510,2.1000,1.8237
5469010,2.1000,1.8237
5469510,2.1000,1.8446
5470010,2.1000,1.8132
5470510,2.1000,1.8285
5471010,2.1000,1.8261
5471510,2.1000,1.8188
5472010,2.1000,1.8237
5472510,2.1000,1.8301
5473010,2.1000,1.8204
5473510,2.1000,1.8237
5474010,2.1000,1.8366
5474510,2.1000,1.8277
5475010,2.1000,1.8374
5475510,2.1000,1.8269
5476010,2.1000,1.8245
5476510,2.1000,1.8229
5477010,2.1000,1.8196
5477510,2.1000,1.8180
5478010,2.1000,1.8333
5478510,2.1000,1.8229
5479010,2.1000,1.8180
5479510,2.1000,1.8317
5480010,2.1000,1.8253
5480510,2.1000,1.8221
5481010,2.1000,1.8221
5481510,2.1000,1.8204
5482010,2.1000,1.8237
5482510,2.1000,1.8293
5483010,2.1000,1.8067
5483510,2.1000,1.8333
5484010,2.1000,1.8406
5484510,2.1000,1.8196
5485010,2.1000,1.8366
5485510,2.1000,1.8309
5486010,2.1000,1.8495
5486510,2.1000,1.8301
5487010,2.1000,1.8406
5487510,2.1000,1.8043
5488010,2.1000,1.8253
5488510,2.1000,1.8325
5489010,2.1000,1.8317
5489510,2.1000,1.8293
5490010,2.1000,1.8221
5490510,2.1000,1.8285
5491010,2.1000,1.8229
5491510,2.1000,1.8269
5492010,2.1000,1.8325
5492510,2.1000,1.8341
5493010,2.1000,1.8293
5493510,2.1000,1.8229
5494010,2.1000,1.8204
5494510,2.1000,1.8221
5495010,2.1000,1.8261
5495510,2.1000,1.8285
5496010,2.1000,1.8454
5496510,2.1000,1.8309
5497010,2.1000,1.8261
5497510,2.1000,1.8293
5498010,2.1000,1.8317
5498510,2.1000,1.8301
5499010,2.1000,1.8188
5499510,2.1000,1.8140
5500010,2.1000,1.8349
5500510,2.1000,1.8454
5501010,2.1000,1.8398
5501510,2.1000,1.8261
5502010,2.1000,1.8269
5502510,2.1000,1.8293
5503010,2.1000,1.8414
5503510,2.1000,1.8221
5504010,2.1000,1.8358
5504510,2.1000,1.8317
5505010,2.1000,1.8325
5505510,2.1000,1.8301
5506010,2.1000,1.8446
5506510,2.1000,1.8358
5507010,2.1000,1.8317
5507510,2.1000,1.8438
5508010,2.1000,1.8269
5508510,2.1000,1.8253
5509010,2.1000,1.8269
5509510,2.1000,1.8301
5510010,2.1000,1.8422
5510510,2.1000,1.8317
5511010,2.1000,1.8333
5511510,2.1000,1.8253
5512010,2.1000,1.8398
5512510,2.1000,1.8180
5513010,2.1000,1.8261
5513510,2.1000,1.8221
5514010,2.1000,1.8277
5514510,2.1000,1.8317
5515010,2.1000,1.8349
5515510,2.1000,1.8277
5516010,2.1000,1.8293
5516510,2.1000,1.8317
5517010,2.1000,1.8293
5517510,2.1000,1.8293
5518010,2.1000,1.8333
5518510,2.1000,1.8325
5519010,2.1000,1.8204
5519510,2.1000,1.8317
5520010,2.1000,1.8325
5520510,2.1000,1.8317
5521010,2.1000,1.8358
5521510,2.1000,1.8229
5522010,2.1000,1.8293
5522510,2.1000,1.8317
5523010,2.1000,1.8309
5523510,2.1000,1.8293
5524010,2.1000,1.8438
5524510,2.1000,1.8172
5525010,2.1000,1.8204
5525510,2.1000,1.8454
5526010,2.1000,1.8261
5526510,2.1000,1.8438
5527010,2.1000,1.8341
5527510,2.1000,1.8293
5528010,2.1000,1.8180
5528510,2.1000,1.8358
5529010,2.1000,1.8164
5529510,2.1000,1.8277
5530010,2.1000,1.8366
5530510,2.1000,1.8317
5531010,2.1000,1.8269
5531510,2.1000,1.8349
5532010,2.1000,1.8293
5532510,2.1000,1.8575
5533010,2.1000,1.8366
5533510,2.1000,1.8438
5534010,2.1000,1.8470
5534510,2.1000,1.8261
5535010,2.1000,1.8285
5535510,2.1000,1.8188
5536010,2.1000,1.8462
5536510,2.1000,1.8414
5537010,2.1000,1.8301
5537510,2.1000,1.8358
5538010,2.1000,1.8382
5538510,2.1000,1.8237
5539010,2.1000,1.8309
5539510,2.1000,1.8438
5540010,2.1000,1.8301
5540510,2.1000,1.8180
5541010,2.1000,1.8285
5541510,2.1000,1.8325
5542010,2.1000,1.8317
5542510,2.1000,1.8414
5543010,2.1000,1.8341
5543510,2.1000,1.8285
5544010,2.1000,1.8398
5544510,2.1000,1.8269
5545010,2.1000,1.8221
5545510,2.1000,1.8309
5546010,2.1000,1.8269
5546510,2.1000,1.8430
5547010,2.1000,1.8301
5547510,2.1000,1.8358
5548010,2.1000,1.8293
5548510,2.1000,1.8301
5549010,2.1000,1.8261
5549510,2.1000,1.8285
5550010,2.1000,1.8261
5550510,2.1000,1.8382
5551010,2.1000,1.8301
5551510,2.1000,1.8285
5552010,2.1000,1.7777
5552510,2.1000,1.8277
5553010,2.1000,1.8301
5553510,2.1000,1.8277
5554010,2.1000,1.8293
5554510,2.1000,1.8301
5555010,2.1000,1.8237
5555510,2.1000,1.8301
5556010,2.1000,1.8317
5556510,2.1000,1.8293
5557010,2.1000,1.8156
5557510,2.1000,1.8309
5558010,2.1000,1.8349
5558510,2.1000,1.8390
5559010,2.1000,1.8043
5559510,2.1000,1.8285
5560010,2.1000,1.8430
5560510,2.1000,1.8261
5561010,2.1000,1.8309
5561510,2.1000,1.8333
5562010,2.1000,1.8382
5562510,2.1000,1.8301
5563010,2.1000,1.8269
5563510,2.1000,1.8140
5564010,2.1000,1.8317
5564510,2.1000,1.8325
5565010,2.1000,1.8390
5565510,2.1000,1.8341
5566010,2.1000,1.8156
5566510,2.1000,1.8269
5567010,2.1000,1.8221
5567510,2.1000,1.8454
5568010,2.1000,1.8366
5568510,2.1000,1.8301
5569010,2.1000,1.8462
5569510,2.1000,1.8341
5570010,2.1000,1.8325
5570510,2.1000,1.8551
5571010,2.1000,1.8341
5571510,2.1000,1.8349
5572010,2.1000,1.8358
5572510,2.1000,1.8358
5573010,2.1000,1.8317
5573510,2.1000,1.8325
5574010,2.1000,1.8293
5574510,2.1000,1.8285
5575010,2.1000,1.8349
5575510,2.1000,1.8358
5576010,2.1000,1.8333
5576510,2.1000,1.8277
5577010,2.1000,1.8309
5577510,2.1000,1.8349
5578010,2.1000,1.8317
5578510,2.1000,1.8349
5579010,2.1000,1.8414
5579510,2.1000,1.8349
5580010,2.1000,1.8309
5580510,2.1000,1.8309
5581010,2.1000,1.8148
5581510,2.1000,1.8366
5582010,2.1000,1.8382
5582510,2.1000,1.8301
5583010,2.1000,1.8366
5583510,2.1000,1.8333
5584010,2.1000,1.8454
5584510,2.1000,1.8301
5585010,2.1000,1.8438
5585510,2.1000,1.8293
5586010,2.1000,1.8309
5586510,2.1000,1.8390
5587010,2.1000,1.8333
5587510,2.1000,1.8333
5588010,2.1000,1.8269
5588510,2.1000,1.8358
5589010,2.1000,1.8269
5589510,2.1000,1.8261
5590010,2.1000,1.8398
5590510,2.1000,1.8253
5591010,2.1000,1.8366
5591510,2.1000,1.8341
5592010,2.1000,1.8317
5592510,2.1000,1.8341
5593010,2.1000,1.8180
5593510,2.1000,1.8349
5594010,2.1000,1.8285
5594510,2.1000,1.8253
5595010,2.1000,1.8358
5595510,2.1000,1.8358
5596010,2.1000,1.8422
5596510,2.1000,1.8285
5597010,2.1000,1.8390
5597510,2.1000,1.8237
5598010,2.1000,1.8422
5598510,2.1000,1.8317
5599010,2.1000,1.8325
5599510,2.1000,1.8366
5600010,2.1000,1.8398
5600510,2.1000,1.8438
5601010,2.1000,1.8349
5601510,2.1000,1.8358
5602010,2.1000,1.8325
5602510,2.1000,1.8293
5603010,2.1000,1.8333
5603510,2.1000,1.8325
5604010,2.1000,1.8422
5604510,2.1000,1.8349
5605010,2.1000,1.8269
5605510,2.1000,1.8374
5606010,2.1000,1.8317
5606510,2.1000,1.8293
5607010,2.1000,1.8293
5607510,2.1000,1.8366
5608010,2.1000,1.8333
5608510,2.1000,1.8358
5609010,2.1000,1.8398
5609510,2.1000,1.8293
5610010,2.1000,1.8261
5610510,2.1000,1.8358
5611010,2.1000,1.8382
5611510,2.1000,1.8382
5612010,2.1000,1.8430
5612510,2.1000,1.8358
5613010,2.1000,1.8382
5613510,2.1000,1.8341
5614010,2.1000,1.8325
5614510,2.1000,1.8301
5615010,2.1000,1.8341
5615510,2.1000,1.8309
5616010,2.1000,1.8438
5616510,2.1000,1.8341
5617010,2.1000,1.8333
5617510,2.1000,1.8366
5618010,2.1000,1.8446
5618510,2.1000,1.8366
5619010,2.1000,1.8366
5619510,2.1000,1.8317
5620010,2.1000,1.8309
5620510,2.1000,1.8325
5621010,2.1000,1.8309
5621510,2.1000,1.8221
5622010,2.1000,1.8341
5622510,2.1000,1.8333
5623010,2.1000,1.8293
5623510,2.1000,1.8341
5624010,2.1000,1.8349
5624510,2.1000,1.8196
5625010,2.1000,1.8277
5625510,2.1000,1.8446
5626010,2.1000,1.8406
5626510,2.1000,1.8398
5627010,2.1000,1.8390
5627510,2.1000,1.8309
5628010,2.1000,1.8317
5628510,2.1000,1.8446
5629010,2.1000,1.8341
5629510,2.1000,1.8341
5630010,2.1000,1.8333
5630510,2.1000,1.8349
5631010,2.1000,1.8333
5631510,2.1000,1.8366
5632010,2.1000,1.8446
5632510,2.1000,1.8366
5633010,2.1000,1.8446
5633510,2.1000,1.8382
5634010,2.1000,1.8358
5634510,2.1000,1.8390
5635010,2.1000,1.8446
5635510,2.1000,1.8341
5636010,2.1000,1.8341
5636510,2.1000,1.8285
5637010,2.1000,1.8422
5637510,2.1000,1.8430
5638010,2.1000,1.8333
5638510,2.1000,1.8438
5639010,2.1000,1.8349
5639510,2.1000,1.8446
5640010,2.1000,1.8390
5640510,2.1000,1.8325
5641010,2.1000,1.8269
5641510,2.1000,1.8366
5642010,2.1000,1.8438
5642510,2.1000,1.8390
5643010,2.1000,1.8317
5643510,2.1000,1.8398
5644010,2.1000,1.8366
5644510,2.1000,1.8358
5645010,2.1000,1.8333
5645510,2.1000,1.8438
5646010,2.1000,1.8406
5646510,2.1000,1.8438
5647010,2.1000,1.8462
5647510,2.1000,1.8349
5648010,2.1000,1.8438
5648510,2.1000,1.8422
5649010,2.1000,1.8221
5649510,2.1000,1.8422
5650010,2.1000,1.8462
5650510,2.1000,1.8430
5651010,2.1000,1.8349
5651510,2.1000,1.8438
5652010,2.1000,1.8325
5652510,2.1000,1.8349
5653010,2.1000,1.8172
5653510,2.1000,1.8180
5654010,2.1000,1.8430
5654510,2.1000,1.8333
5655010,2.1000,1.8358
5655510,2.1000,1.8341
5656010,2.1000,1.8414
5656510,2.1000,1.8382
5657010,2.1000,1.8366
5657510,2.1000,1.8366
5658010,2.1000,1.8438
5658510,2.1000,1.8358
5659010,2.1000,1.8438
5659510,2.1000,1.8309
5660010,2.1000,1.8422
5660510,2.1000,1.8422
5661010,2.1000,1.8422
5661510,2.1000,1.8398
5662010,2.1000,1.8390
5662510,2.1000,1.8398
5663010,2.1000,1.8438
5663510,2.1000,1.8349
5664010,2.1000,1.8390
5664510,2.1000,1.7834
5665010,2.1000,1.8349
5665510,2.1000,1.8422
5666010,2.1000,1.8438
5666510,2.1000,1.8406
5667010,2.1000,1.8237
5667510,2.1000,1.8301
5668010,2.1000,1.8269
5668510,2.1000,1.8358
5669010,2.1000,1.8414
5669510,2.1000,1.8438
5670010,2.1000,1.8438
5670510,2.1000,1.8390
5671010,2.1000,1.8398
5671510,2.1000,1.8309
5672010,2.1000,1.8422
5672510,2.1000,1.8567
5673010,2.1000,1.8309
5673510,2.1000,1.8398
5674010,2.1000,1.8358
5674510,2.1000,1.8430
5675010,2.1000,1.8430
5675510,2.1000,1.8333
5676010,2.1000,1.8237
5676510,2.1000,1.8374
5677010,2.1000,1.8188
5677510,2.1000,1.8293
5678010,2.1000,1.8349
5678510,2.1000,1.8390
5679010,2.1000,1.8317
5679510,2.1000,1.8285
5680010,2.1000,1.8349
5680510,2.1000,1.8333
5681010,2.1000,1.8398
5681510,2.1000,1.8454
5682010,2.1000,1.8382
5682510,2.1000,1.8358
5683010,2.1000,1.8406
5683510,2.1000,1.8414
5684010,2.1000,1.8591
5684510,2.1000,1.8398
5685010,2.1000,1.8325
5685510,2.1000,1.8358
5686010,2.1000,1.8438
5686510,2.1000,1.8422
5687010,2.1000,1.8478
5687510,2.1000,1.8293
5688010,2.1000,1.8414
5688510,2.1000,1.8382
5689010,2.1000,1.8398
5689510,2.1000,1.8438
5690010,2.1000,1.8398
5690510,2.1000,1.8422
5691010,2.1000,1.8438
5691510,2.1000,1.8414
5692010,2.1000,1.8398
5692510,2.1000,1.8406
5693010,2.1000,1.8422
5693510,2.1000,1.8140
5694010,2.1000,1.8462
5694510,2.1000,1.8358
5695010,2.1000,1.8398
5695510,2.1000,1.8366
5696010,2.1000,1.8454
5696510,2.1000,1.8333
5697010,2.1000,1.8317
5697510,2.1000,1.8430
5698010,2.1000,1.8446
5698510,2.1000,1.8511
5699010,2.1000,1.8438
5699510,2.1000,1.8341
5700010,2.1000,1.8390
5700510,2.1000,1.8438
5701010,2.1000,1.8438
5701510,2.1000,1.8366
5702010,2.1000,1.8422
5702510,2.1000,1.8398
5703010,2.1000,1.8349
5703510,2.1000,1.8430
5704010,2.1000,1.8486
5704510,2.1000,1.8382
5705010,2.1000,1.8438
5705510,2.1000,1.8430
5706010,2.1000,1.8543
5706510,2.1000,1.8438
5707010,2.1000,1.8196
5707510,2.1000,1.8325
5708010,2.1000,1.8438
5708510,2.1000,1.8422
5709010,2.1000,1.8390
5709510,2.1000,1.8358
5710010,2.1000,1.8341
5710510,2.1000,1.8358
5711010,2.1000,1.8358
5711510,2.1000,1.8430
5712010,2.1000,1.8422
5712510,2.1000,1.8398
5713010,2.1000,1.8430
5713510,2.1000,1.8430
5714010,2.1000,1.8438
5714510,2.1000,1.8285
5715010,2.1000,1.8382
5715510,2.1000,1.8454
5716010,2.1000,1.8398
5716510,2.1000,1.8317
5717010,2.1000,1.8430
5717510,2.1000,1.8382
5718010,2.1000,1.8285
5718510,2.1000,1.8438
5719010,2.1000,1.8414
5719510,2.1000,1.8430
5720010,2.1000,1.8333
5720510,2.1000,1.8341
5721010,2.1000,1.8454
5721510,2.1000,1.8382
5722010,2.1000,1.8462
5722510,2.1000,1.8414
5723010,2.1000,1.8390
5723510,2.1000,1.8591
5724010,2.1000,1.8390
5724510,2.1000,1.8438
5725010,2.1000,1.8486
5725510,2.1000,1.8430
5726010,2.1000,1.8382
5726510,2.1000,1.8446
5727010,2.1000,1.8382
5727510,2.1000,1.8414
5728010,2.1000,1.8406
5728510,2.1000,1.8462
5729010,2.1000,1.8422
5729510,2.1000,1.8349
5730010,2.1000,1.8358
5730510,2.1000,1.8398
5731010,2.1000,1.8503
5731510,2.1000,1.8390
5732010,2.1000,1.8366
5732510,2.1000,1.8446
5733010,2.1000,1.8454
5733510,2.1000,1.8358
5734010,2.1000,1.8398
5734510,2.1000,1.8414
5735010,2.1000,1.8293
5735510,2.1000,1.8317
5736010,2.1000,1.8301
5736510,2.1000,1.8349
5737010,2.1000,1.8366
5737510,2.1000,1.8438
5738010,2.1000,1.8495
5738510,2.1000,1.8438
5739010,2.1000,1.8398
5739510,2.1000,1.8180
5740010,2.1000,1.8478
5740510,2.1000,1.8398
5741010,2.1000,1.8438
5741510,2.1000,1.8511
5742010,2.1000,1.8438
5742510,2.1000,1.8398
5743010,2.1000,1.8180
5743510,2.1000,1.8406
5744010,2.1000,1.8430
5744510,2.1000,1.8551
5745010,2.1000,1.8398
5745510,2.1000,1.8390
5746010,2.1000,1.8438
5746510,2.1000,1.8478
5747010,2.1000,1.8366
5747510,2.1000,1.8390
5748010,2.1000,1.8390
5748510,2.1000,1.8366
5749010,2.1000,1.8422
5749510,2.1000,1.8438
5750010,2.1000,1.8398
5750510,2.1000,1.8180
5751010,2.1000,1.8462
5751510,2.1000,1.8438
5752010,2.1000,1.8390
5752510,2.1000,1.8478
5753010,2.1000,1.8301
5753510,2.1000,1.8382
5754010,2.1000,1.8511
5754510,2.1000,1.8398
5755010,2.1000,1.8438
5755510,2.1000,1.8422
5756010,2.1000,1.8390
5756510,2.1000,1.8430
5757010,2.1000,1.8398
5757510,2.1000,1.8446
5758010,2.1000,1.8317
5758510,2.1000,1.8229
5759010,2.1000,1.8430
5759510,2.1000,1.8333
5760010,2.1000,1.8390
5760510,2.1000,1.8414
5761010,2.1000,1.8422
5761510,2.1000,1.8366
5762010,2.1000,1.8438
5762510,2.1000,1.8446
5763010,2.1000,1.8414
5763510,2.1000,1.8486
5764010,2.1000,1.8382
5764510,2.1000,1.8438
5765010,2.1000,1.8398
5765510,2.1000,1.8398
5766010,2.1000,1.8366
5766510,2.1000,1.8398
5767010,2.1000,1.8237
5767510,2.1000,1.8317
5768010,2.1000,1.8406
5768510,2.1000,1.8366
5769010,2.1000,1.8390
5769510,2.1000,1.8333
5770010,2.1000,1.8438
5770510,2.1000,1.8430
5771010,2.1000,1.8390
5771510,2.1000,1.8382
5772010,2.1000,1.8559
5772510,2.1000,1.8551
5773010,2.1000,1.8349
5773510,2.1000,1.8366
5774010,2.1000,1.8438
5774510,2.1000,1.8495
5775010,2.1000,1.8462
5775510,2.1000,1.8366
5776010,2.1000,1.8390
5776510,2.1000,1.8221
5777010,2.1000,1.8454
5777510,2.1000,1.8438
5778010,2.1000,1.8422
5778510,2.1000,1.8398
5779010,2.1000,1.8446
5779510,2.1000,1.8309
5780010,2.1000,1.8341
5780510,2.1000,1.8527
5781010,2.1000,1.8414
5781510,2.1000,1.8422
5782010,2.1000,1.8390
5782510,2.1000,1.8406
5783010,2.1000,1.8358
5783510,2.1000,1.8446
5784010,2.1000,1.8438
5784510,2.1000,1.8438
5785010,2.1000,1.8285
5785510,2.1000,1.8454
5786010,2.1000,1.8358
5786510,2.1000,1.8478
5787010,2.1000,1.8430
5787510,2.1000,1.8438
5788010,2.1000,1.8414
5788510,2.1000,1.8438
5789010,2.1000,1.8430
5789510,2.1000,1.8438
5790010,2.1000,1.8406
5790510,2.1000,1.8382
5791010,2.1000,1.8462
5791510,2.1000,1.8438
5792010,2.1000,1.8430
5792510,2.1000,1.8438
5793010,2.1000,1.8358
5793510,2.1000,1.8414
5794010,2.1000,1.8301
5794510,2.1000,1.8446
5795010,2.1000,1.8454
5795510,2.1000,1.8454
5796010,2.1000,1.8438
5796510,2.1000,1.8293
5797010,2.1000,1.8680
5797510,2.1000,1.8470
5798010,2.1000,1.8414
5798510,2.1000,1.8430
5799010,2.1000,1.8430
5799510,2.1000,1.8366
5800010,2.1000,1.8341
5800510,2.1000,1.8301
5801010,2.1000,1.8333
5801510,2.1000,1.8438
5802010,2.1000,1.8430
5802510,2.1000,1.8438
5803010,2.1000,1.8438
5803510,2.1000,1.8478
5804010,2.1000,1.8454
5804510,2.1000,1.8438
5805010,2.1000,1.8478