timestamp_ms,setpoint_v,sensor_v
107511,1.8000,0.7954
108011,1.8000,0.8123
108511,1.8000,0.8051
109011,1.8000,0.8123
109511,1.8000,0.8107
110011,1.8000,0.8034
110511,1.8000,0.8083
111011,1.8000,0.7914
111511,1.8000,0.8018
112011,1.8000,0.8051
112511,1.8000,0.8099
113011,1.8000,0.8075
113511,1.8000,0.8204
114011,1.8000,0.8123
114511,1.8000,0.7881
115011,1.8000,0.8163
115511,1.8000,0.8018
116011,1.8000,0.8034
116511,1.8000,0.8099
117011,1.8000,0.8179
117511,1.8000,0.8067
118011,1.8000,0.8107
118511,1.8000,0.8179
119011,1.8000,0.8123
119511,1.8000,0.8123
120011,1.8000,0.8147
120511,1.8000,0.8034
121011,1.8000,0.7615
121511,1.8000,0.8147
122011,1.8000,0.7962
122511,1.8000,0.8155
123011,1.8000,0.8099
123511,1.8000,0.8179
124011,1.8000,0.8163
124511,1.8000,0.7978
125011,1.8000,0.8123
125511,1.8000,0.7946
126011,1.8000,0.8123
126511,1.8000,0.8131
127011,1.8000,0.8131
127511,1.8000,0.8236
128011,1.8000,0.8067
128511,1.8000,0.8018
129011,1.8000,0.7978
129511,1.8000,0.8131
130011,1.8000,0.8083
130511,1.8000,0.8131
131011,1.8000,0.8099
131511,1.8000,0.8123
132011,1.8000,0.8002
132511,1.8000,0.7938
133011,1.8000,0.8179
133511,1.8000,0.7922
134011,1.8000,0.8171
134511,1.8000,0.8147
135011,1.8000,0.8163
135511,1.8000,0.8131
136011,1.8000,0.8075
136511,1.8000,0.8123
137011,1.8000,0.8123
137511,1.8000,0.8244
138011,1.8000,0.8163
138511,1.8000,0.8244
139011,1.8000,0.8115
139511,1.8000,0.8131
140011,1.8000,0.8236
140511,1.8000,0.8123
141011,1.8000,0.8139
141511,1.8000,0.8244
142011,1.8000,0.8244
142511,1.8000,0.8244
143011,1.8000,0.8171
143511,1.8000,0.8244
144011,1.8000,0.8453
144511,1.8000,0.8107
145011,1.8000,0.8204
145511,1.8000,0.8204
146011,1.8000,0.8325
146511,1.8000,0.8244
147011,1.8000,0.8179
147511,1.8000,0.8147
148011,1.8000,0.8196
148511,1.8000,0.8244
149011,1.8000,0.8244
149511,1.8000,0.8123
150011,1.8000,0.8244
150511,1.8000,0.8188
151011,1.8000,0.8147
151511,1.8000,0.8155
152011,1.8000,0.8196
152511,1.8000,0.8244
153011,1.8000,0.8405
153511,1.8000,0.8179
154011,1.8000,0.8357
154511,1.8000,0.8518
155011,1.8000,0.7962
155511,1.8000,0.8244
156011,1.8000,0.8228
156511,1.8000,0.8244
157011,1.8000,0.8421
157511,1.8000,0.8179
158011,1.8000,0.8228
158511,1.8000,0.8236
159011,1.8000,0.8236
159511,1.8000,0.8437
160011,1.8000,0.8590
160511,1.8000,0.8365
161011,1.8000,0.8397
161511,1.8000,0.8381
162011,1.8000,0.8333
162511,1.8000,0.8429
163011,1.8000,0.8437
163511,1.8000,0.8341
164011,1.8000,0.8244
164511,1.8000,0.8333
165011,1.8000,0.8462
165511,1.8000,0.8365
166011,1.8000,0.8381
166511,1.8000,0.8236
167011,1.8000,0.8171
167511,1.8000,0.8381
168011,1.8000,0.8397
168511,1.8000,0.8445
169011,1.8000,0.8373
169511,1.8000,0.8316
170011,1.8000,0.8437
170511,1.8000,0.8244
171011,1.8000,0.8470
171511,1.8000,0.8470
172011,1.8000,0.8228
172511,1.8000,0.8405
173011,1.8000,0.8381
173511,1.8000,0.8526
174011,1.8000,0.8389
174511,1.8000,0.8397
175011,1.8000,0.8381
175511,1.8000,0.8429
176011,1.8000,0.8357
176511,1.8000,0.8405
177011,1.8000,0.8429
177511,1.8000,0.8478
178011,1.8000,0.8357
178511,1.8000,0.8421
179011,1.8000,0.8244
179511,1.8000,0.8244
180011,1.8000,0.8381
180511,1.8000,0.8244
181011,1.8000,0.8462
181511,1.8000,0.8405
182011,1.8000,0.8381
182511,1.8000,0.8510
183011,1.8000,0.8349
183511,1.8000,0.8429
184011,1.8000,0.8494
184511,1.8000,0.8421
185011,1.8000,0.8453
185511,1.8000,0.8453
186011,1.8000,0.8405
186511,1.8000,0.8550
187011,1.8000,0.8357
187511,1.8000,0.8405
188011,1.8000,0.8494
188511,1.8000,0.8341
189011,1.8000,0.8405
189511,1.8000,0.8486
190011,1.8000,0.8502
190511,1.8000,0.8381
191011,1.8000,0.8510
191511,1.8000,0.8381
192011,1.8000,0.8550
192511,1.8000,0.8566
193011,1.8000,0.8502
193511,1.8000,0.8639
194011,1.8000,0.8220
194511,1.8000,0.8711
195011,1.8000,0.8582
195511,1.8000,0.8502
196011,1.8000,0.8453
196511,1.8000,0.8341
197011,1.8000,0.8526
197511,1.8000,0.8437
198011,1.8000,0.8518
198511,1.8000,0.8486
199011,1.8000,0.8550
199511,1.8000,0.8599
200011,1.8000,0.8719
200511,1.8000,0.8494
201011,1.8000,0.8486
201511,1.8000,0.8558
202011,1.8000,0.8639
202511,1.8000,0.8607
203011,1.8000,0.8590
203511,1.8000,0.8470
204011,1.8000,0.8550
204511,1.8000,0.8494
205011,1.8000,0.8518
205511,1.8000,0.8526
206011,1.8000,0.8760
206511,1.8000,0.8655
207011,1.8000,0.8590
207511,1.8000,0.8623
208011,1.8000,0.8623
208511,1.8000,0.8486
209011,1.8000,0.8615
209511,1.8000,0.8639
210011,1.8000,0.8655
210511,1.8000,0.8647
211011,1.8000,0.8510
211511,1.8000,0.8550
212011,1.8000,0.8913
212511,1.8000,0.8744
213011,1.8000,0.8502
213511,1.8000,0.8671
214011,1.8000,0.8615
214511,1.8000,0.8639
215011,1.8000,0.8623
215511,1.8000,0.8639
216011,1.8000,0.8824
216511,1.8000,0.8510
217011,1.8000,0.8534
217511,1.8000,0.8663
218011,1.8000,0.8599
218511,1.8000,0.8582
219011,1.8000,0.8655
219511,1.8000,0.8655
220011,1.8000,0.8663
220511,1.8000,0.8639
221011,1.8000,0.8542
221511,1.8000,0.8727
222011,1.8000,0.8679
222511,1.8000,0.8639
223011,1.8000,0.8550
223511,1.8000,0.8711
224011,1.8000,0.8695
224511,1.8000,0.8848
225011,1.8000,0.8768
225511,1.8000,0.8695
226011,1.8000,0.8639
226511,1.8000,0.8752
227011,1.8000,0.8711
227511,1.8000,0.8639
228011,1.8000,0.8655
228511,1.8000,0.8631
229011,1.8000,0.8719
229511,1.8000,0.8671
230011,1.8000,0.8623
230511,1.8000,0.8752
231011,1.8000,0.8945
231511,1.8000,0.8655
232011,1.8000,0.8671
232511,1.8000,0.8695
233011,1.8000,0.8639
233511,1.8000,0.8719
234011,1.8000,0.8985
234511,1.8000,0.8776
235011,1.8000,0.8760
235511,1.8000,0.8752
236011,1.8000,0.8760
236511,1.8000,0.8792
237011,1.8000,0.8687
237511,1.8000,0.8760
238011,1.8000,0.8808
238511,1.8000,0.8784
239011,1.8000,0.8663
239511,1.8000,0.8808
240011,1.8000,0.8776
240511,1.8000,0.8711
241011,1.8000,0.8808
241511,1.8000,0.8808
242011,1.8000,0.8752
242511,1.8000,0.8768
243011,1.8000,0.8768
243511,1.8000,0.8768
244011,1.8000,0.8808
244511,1.8000,0.8784
245011,1.8000,0.8768
245511,1.8000,0.8768
246011,1.8000,0.8824
246511,1.8000,0.8856
247011,1.8000,0.8647
247511,1.8000,0.8792
248011,1.8000,0.8760
248511,1.8000,0.8816
249011,1.8000,0.8808
249511,1.8000,0.8824
250011,1.8000,0.8897
250511,1.8000,0.8921
251011,1.8000,0.8808
251511,1.8000,0.8945
252011,1.8000,0.8623
252511,1.8000,0.8808
253011,1.8000,0.8897
253511,1.8000,0.8824
254011,1.8000,0.8840
254511,1.8000,0.9042
255011,1.8000,0.8768
255511,1.8000,0.8873
256011,1.8000,0.8848
256511,1.8000,0.8897
257011,1.8000,0.8889
257511,1.8000,0.8873
258011,1.8000,0.8873
258511,1.8000,0.8647
259011,1.8000,0.8897
259511,1.8000,0.8945
260011,1.8000,0.8897
260511,1.8000,0.8719
261011,1.8000,0.8897
261511,1.8000,0.8856
262011,1.8000,0.9034
262511,1.8000,0.8655
263011,1.8000,0.9155
263511,1.8000,0.8816
264011,1.8000,0.8864
264511,1.8000,0.8889
265011,1.8000,0.8993
265511,1.8000,0.8856
266011,1.8000,0.8897
266511,1.8000,0.8897
267011,1.8000,0.8913
267511,1.8000,0.8897
268011,1.8000,0.8913
268511,1.8000,0.8897
269011,1.8000,0.8921
269511,1.8000,0.8889
270011,1.8000,0.8897
270511,1.8000,0.8897
271011,1.8000,0.8905
271511,1.8000,0.8905
272011,1.8000,0.8921
272511,1.8000,0.8945
273011,1.8000,0.8953
273511,1.8000,0.8881
274011,1.8000,0.9010
274511,1.8000,0.8881
275011,1.8000,0.8881
275511,1.8000,0.8921
276011,1.8000,0.8985
276511,1.8000,0.8905
277011,1.8000,0.8929
277511,1.8000,0.8977
278011,1.8000,0.9034
278511,1.8000,0.8953
279011,1.8000,0.8913
279511,1.8000,0.9010
280011,1.8000,0.9138
280511,1.8000,0.9066
281011,1.8000,0.8550
281511,1.8000,0.9034
282011,1.8000,0.9066
282511,1.8000,0.9058
283011,1.8000,0.9074
283511,1.8000,0.9018
284011,1.8000,0.8840
284511,1.8000,0.8993
285011,1.8000,0.8969
285511,1.8000,0.9066
286011,1.8000,0.9114
286511,1.8000,0.9066
287011,1.8000,0.9050
287511,1.8000,0.9106
288011,1.8000,0.8937
288511,1.8000,0.9010
289011,1.8000,0.9203
289511,1.8000,0.9074
290011,1.8000,0.9155
290511,1.8000,0.9155
291011,1.8000,0.8784
291511,1.8000,0.9412
292011,1.8000,0.9122
292511,1.8000,0.9074
293011,1.8000,0.9138
293511,1.8000,0.9187
294011,1.8000,0.9300
294511,1.8000,0.9211
295011,1.8000,0.9130
295511,1.8000,0.9034
296011,1.8000,0.9114
296511,1.8000,0.9227
297011,1.8000,0.9034
297511,1.8000,0.9130
298011,1.8000,0.9155
298511,1.8000,0.9155
299011,1.8000,0.9147
299511,1.8000,0.9050
300011,1.8000,0.8985
300511,1.8000,0.9155
301011,1.8000,0.9130
301511,1.8000,0.9259
302011,1.8000,0.9018
302511,1.8000,0.9082
303011,1.8000,0.9179
303511,1.8000,0.9082
304011,1.8000,0.9138
304511,1.8000,0.9155
305011,1.8000,0.9074
305511,1.8000,0.9396
306011,1.8000,0.9179
306511,1.8000,0.8993
307011,1.8000,0.9340
307511,1.8000,0.9243
308011,1.8000,0.9187
308511,1.8000,0.9163
309011,1.8000,0.9227
309511,1.8000,0.9324
310011,1.8000,0.9227
310511,1.8000,0.9235
311011,1.8000,0.9243
311511,1.8000,0.9155
312011,1.8000,0.9259
312511,1.8000,0.9267
313011,1.8000,0.9275
313511,1.8000,0.9267
314011,1.8000,0.9203
314511,1.8000,0.9259
315011,1.8000,0.9227
315511,1.8000,0.9243
316011,1.8000,0.9372
316511,1.8000,0.9308
317011,1.8000,0.9300
317511,1.8000,0.9267
318011,1.8000,0.9284
318511,1.8000,0.9155
319011,1.8000,0.9163
319511,1.8000,0.9316
320011,1.8000,0.9300
320511,1.8000,0.9259
321011,1.8000,0.9227
321511,1.8000,0.9147
322011,1.8000,0.9340
322511,1.8000,0.9147
323011,1.8000,0.9292
323511,1.8000,0.9211
324011,1.8000,0.9340
324511,1.8000,0.9308
325011,1.8000,0.9332
325511,1.8000,0.9364
326011,1.8000,0.9187
326511,1.8000,0.9356
327011,1.8000,0.9429
327511,1.8000,0.9324
328011,1.8000,0.9396
328511,1.8000,0.9461
329011,1.8000,0.9372
329511,1.8000,0.9292
330011,1.8000,0.9155
330511,1.8000,0.9275
331011,1.8000,0.9364
331511,1.8000,0.9324
332011,1.8000,0.9372
332511,1.8000,0.9348
333011,1.8000,0.9453
333511,1.8000,0.9372
334011,1.8000,0.9493
334511,1.8000,0.9485
335011,1.8000,0.9453
335511,1.8000,0.9364
336011,1.8000,0.9396
336511,1.8000,0.9437
337011,1.8000,0.9412
337511,1.8000,0.9396
338011,1.8000,0.9558
338511,1.8000,0.9421
339011,1.8000,0.9284
339511,1.8000,0.9445
340011,1.8000,0.9461
340511,1.8000,0.9412
341011,1.8000,0.9445
341511,1.8000,0.9493
342011,1.8000,0.9501
342511,1.8000,0.9308
343011,1.8000,0.9445
343511,1.8000,0.9461
344011,1.8000,0.9501
344511,1.8000,0.9469
345011,1.8000,0.9421
345511,1.8000,0.9558
346011,1.8000,0.9453
346511,1.8000,0.9412
347011,1.8000,0.9453
347511,1.8000,0.9630
348011,1.8000,0.9493
348511,1.8000,0.9388
349011,1.8000,0.9412
349511,1.8000,0.9558
350011,1.8000,0.9541
350511,1.8000,0.9453
351011,1.8000,0.9445
351511,1.8000,0.9501
352011,1.8000,0.9606
352511,1.8000,0.9566
353011,1.8000,0.9574
353511,1.8000,0.9566
354011,1.8000,0.9525
354511,1.8000,0.9598
355011,1.8000,0.9517
355511,1.8000,0.9493
356011,1.8000,0.9412
356511,1.8000,0.9429
357011,1.8000,0.9590
357511,1.8000,0.9622
358011,1.8000,0.9517
358511,1.8000,0.9292
359011,1.8000,0.9678
359511,1.8000,0.9856
360011,1.8000,0.9412
360511,1.8000,0.9517
361011,1.8000,0.9549
361511,1.8000,0.9695
362011,1.8000,0.9501
362511,1.8000,0.9598
363011,1.8000,0.9412
363511,1.8000,0.9549
364011,1.8000,0.9517
364511,1.8000,0.9558
365011,1.8000,0.9437
365511,1.8000,0.9686
366011,1.8000,0.9662
366511,1.8000,0.9525
367011,1.8000,0.9549
367511,1.8000,0.9598
368011,1.8000,0.9461
368511,1.8000,0.9541
369011,1.8000,0.9654
369511,1.8000,0.9485
370011,1.8000,0.9412
370511,1.8000,0.9670
371011,1.8000,0.9614
371511,1.8000,0.9630
372011,1.8000,0.9622
372511,1.8000,0.9622
373011,1.8000,0.9558
373511,1.8000,0.9703
374011,1.8000,0.9630
374511,1.8000,0.9670
375011,1.8000,0.9719
375511,1.8000,0.9670
376011,1.8000,0.9654
376511,1.8000,0.9590
377011,1.8000,0.9566
377511,1.8000,0.9630
378011,1.8000,0.9904
378511,1.8000,0.9654
379011,1.8000,0.9662
379511,1.8000,0.9678
380011,1.8000,0.9461
380511,1.8000,0.9525
381011,1.8000,0.9783
381511,1.8000,0.9751
382011,1.8000,0.9703
382511,1.8000,0.9670
383011,1.8000,0.9614
383511,1.8000,0.9654
384011,1.8000,0.9678
384511,1.8000,0.9848
385011,1.8000,0.9638
385511,1.8000,0.9759
386011,1.8000,0.9703
386511,1.8000,0.9840
387011,1.8000,0.9719
387511,1.8000,0.9751
388011,1.8000,0.9727
388511,1.8000,0.9799
389011,1.8000,0.9719
389511,1.8000,0.9598
390011,1.8000,0.9751
390511,1.8000,0.9695
391011,1.8000,0.9759
391511,1.8000,0.9832
392011,1.8000,0.9799
392511,1.8000,0.9695
393011,1.8000,0.9840
393511,1.8000,0.9759
394011,1.8000,0.9711
394511,1.8000,0.9727
395011,1.8000,0.9711
395511,1.8000,0.9815
396011,1.8000,0.9670
396511,1.8000,0.9888
397011,1.8000,0.9928
397511,1.8000,0.9767
398011,1.8000,0.9840
398511,1.8000,0.9775
399011,1.8000,0.9719
399511,1.8000,0.9807
400011,1.8000,0.9799
400511,1.8000,0.9840
401011,1.8000,0.9783
401511,1.8000,0.9759
402011,1.8000,0.9759
402511,1.8000,0.9848
403011,1.8000,0.9807
403511,1.8000,0.9783
404011,1.8000,0.9815
404511,1.8000,0.9823
405011,1.8000,0.9872
405511,1.8000,0.9928
406011,1.8000,0.9751
406511,1.8000,0.9856
407011,1.8000,0.9848
407511,1.8000,0.9815
408011,1.8000,0.9840
408511,1.8000,0.9832
409011,1.8000,0.9799
409511,1.8000,0.9799
410011,1.8000,0.9864
410511,1.8000,0.9928
411011,1.8000,0.9823
411511,1.8000,0.9840
412011,1.8000,0.9799
412511,1.8000,0.9904
413011,1.8000,0.9904
413511,1.8000,0.9864
414011,1.8000,0.9823
414511,1.8000,0.9928
415011,1.8000,1.0073
415511,1.8000,0.9928
416011,1.8000,0.9840
416511,1.8000,0.9872
417011,1.8000,0.9928
417511,1.8000,0.9840
418011,1.8000,0.9928
418511,1.8000,0.9807
419011,1.8000,0.9936
419511,1.8000,1.0009
420011,1.8000,0.9880
420511,1.8000,0.9952
421011,1.8000,0.9960
421511,1.8000,0.9928
422011,1.8000,0.9904
422511,1.8000,0.9952
423011,1.8000,0.9944
423511,1.8000,0.9960
424011,1.8000,0.9968
424511,1.8000,0.9928
425011,1.8000,0.9985
425511,1.8000,0.9952
426011,1.8000,0.9928
426511,1.8000,0.9928
427011,1.8000,0.9880
427511,1.8000,1.0041
428011,1.8000,0.9896
428511,1.8000,0.9912
429011,1.8000,0.9944
429511,1.8000,0.9840
430011,1.8000,0.9928
430511,1.8000,1.0041
431011,1.8000,1.0001
431511,1.8000,0.9944
432011,1.8000,0.9936
432511,1.8000,1.0065
433011,1.8000,1.0097
433511,1.8000,1.0089
434011,1.8000,0.9952
434511,1.8000,1.0017
435011,1.8000,1.0009
435511,1.8000,1.0025
436011,1.8000,1.0315
436511,1.8000,1.0017
437011,1.8000,1.0017
437511,1.8000,1.0186
438011,1.8000,0.9936
438511,1.8000,0.9856
439011,1.8000,0.9928
439511,1.8000,1.0275
440011,1.8000,0.9928
440511,1.8000,1.0033
441011,1.8000,1.0105
441511,1.8000,0.9985
442011,1.8000,1.0017
442511,1.8000,1.0339
443011,1.8000,0.9936
443511,1.8000,1.0065
444011,1.8000,1.0065
444511,1.8000,1.0097
445011,1.8000,1.0202
445511,1.8000,1.0114
446011,1.8000,1.0041
446511,1.8000,1.0114
447011,1.8000,0.9952
447511,1.8000,1.0105
448011,1.8000,1.0114
448511,1.8000,1.0218
449011,1.8000,1.0041
449511,1.8000,1.0025
450011,1.8000,1.0130
450511,1.8000,1.0057
451011,1.8000,1.0057
451511,1.8000,1.0138
452011,1.8000,1.0186
452511,1.8000,1.0178
453011,1.8000,1.0138
453511,1.8000,0.9985
454011,1.8000,1.0194
454511,1.8000,1.0226
455011,1.8000,1.0146
455511,1.8000,1.0097
456011,1.8000,1.0186
456511,1.8000,0.9848
457011,1.8000,1.0114
457511,1.8000,1.0226
458011,1.8000,0.9928
458511,1.8000,1.0105
459011,1.8000,0.9936
459511,1.8000,1.0065
460011,1.8000,1.0114
460511,1.8000,1.0186
461011,1.8000,1.0065
461511,1.8000,1.0033
462011,1.8000,1.0162
462511,1.8000,1.0130
463011,1.8000,1.0170
463511,1.8000,1.0186
464011,1.8000,1.0347
464511,1.8000,1.0081
465011,1.8000,1.0081
465511,1.8000,1.0202
466011,1.8000,1.0194
466511,1.8000,1.0202
467011,1.8000,1.0170
467511,1.8000,1.0251
468011,1.8000,1.0259
468511,1.8000,1.0186
469011,1.8000,1.0089
469511,1.8000,1.0275
470011,1.8000,1.0186
470511,1.8000,1.0073
471011,1.8000,1.0073
471511,1.8000,1.0226
472011,1.8000,1.0178
472511,1.8000,1.0210
473011,1.8000,1.0347
473511,1.8000,1.0226
474011,1.8000,1.0186
474511,1.8000,1.0186
475011,1.8000,1.0210
475511,1.8000,1.0242
476011,1.8000,1.0275
476511,1.8000,1.0267
477011,1.8000,1.0242
477511,1.8000,1.0234
478011,1.8000,1.0242
478511,1.8000,1.0315
479011,1.8000,1.0283
479511,1.8000,1.0202
480011,1.8000,1.0275
480511,1.8000,1.0210
481011,1.8000,1.0242
481511,1.8000,1.0275
482011,1.8000,1.0331
482511,1.8000,1.0218
483011,1.8000,1.0186
483511,1.8000,1.0267
484011,1.8000,1.0299
484511,1.8000,1.0210
485011,1.8000,1.0307
485511,1.8000,1.0299
486011,1.8000,1.0291
486511,1.8000,1.0388
487011,1.8000,1.0291
487511,1.8000,1.0307
488011,1.8000,1.0315
488511,1.8000,1.0234
489011,1.8000,1.0331
489511,1.8000,1.0484
490011,1.8000,1.0315
490511,1.8000,1.0291
491011,1.8000,1.0460
491511,1.8000,1.0307
492011,1.8000,1.0283
492511,1.8000,1.0484
493011,1.8000,1.0267
493511,1.8000,1.0162
494011,1.8000,1.0404
494511,1.8000,1.0444
495011,1.8000,1.0347
495511,1.8000,1.0299
496011,1.8000,1.0242
496511,1.8000,1.0500
497011,1.8000,1.0396
497511,1.8000,1.0275
498011,1.8000,1.0339
498511,1.8000,1.0388
499011,1.8000,1.0267
499511,1.8000,1.0420
500011,1.8000,1.0234
500511,1.8000,1.0371
501011,1.8000,1.0371
501511,1.8000,1.0460
502011,1.8000,1.0315
502511,1.8000,1.0347
503011,1.8000,1.0388
503511,1.8000,1.0379
504011,1.8000,1.0396
504511,1.8000,1.0420
505011,1.8000,1.0444
505511,1.8000,1.0371
506011,1.8000,1.0444
506511,1.8000,1.0444
507011,1.8000,1.0371
507511,1.8000,1.0388
508011,1.8000,1.0331
508511,1.8000,1.0355
509011,1.8000,1.0339
509511,1.8000,1.0404
510011,1.8000,1.0428
510511,1.8000,1.0557
511011,1.8000,1.0412
511511,1.8000,1.0388
512011,1.8000,1.0097
512511,1.8000,1.0436
513011,1.8000,1.0404
513511,1.8000,1.0444
514011,1.8000,1.0597
514511,1.8000,1.0444
515011,1.8000,1.0484
515511,1.8000,1.0371
516011,1.8000,1.0436
516511,1.8000,1.0460
517011,1.8000,1.0396
517511,1.8000,1.0516
518011,1.8000,1.0460
518511,1.8000,1.0460
519011,1.8000,1.0444
519511,1.8000,1.0565
520011,1.8000,1.0452
520511,1.8000,1.0468
521011,1.8000,1.0557
521511,1.8000,1.0605
522011,1.8000,1.0597
522511,1.8000,1.0492
523011,1.8000,1.0355
523511,1.8000,1.0460
524011,1.8000,1.0500
524511,1.8000,1.0581
525011,1.8000,1.0444
525511,1.8000,1.0557
526011,1.8000,1.0621
526511,1.8000,1.0476
527011,1.8000,1.0452
527511,1.8000,1.0557
528011,1.8000,1.0565
528511,1.8000,1.0436
529011,1.8000,1.0549
529511,1.8000,1.0597
530011,1.8000,1.0581
530511,1.8000,1.0549
531011,1.8000,1.0565
531511,1.8000,1.0516
532011,1.8000,1.0444
532511,1.8000,1.0565
533011,1.8000,1.0549
533511,1.8000,1.0694
534011,1.8000,1.0573
534511,1.8000,1.0444
535011,1.8000,1.0573
535511,1.8000,1.0573
536011,1.8000,1.0428
536511,1.8000,1.0500
537011,1.8000,1.0605
537511,1.8000,1.0702
538011,1.8000,1.0492
538511,1.8000,1.0573
539011,1.8000,1.0605
539511,1.8000,1.0613
540011,1.8000,1.0525
540511,1.8000,1.0549
541011,1.8000,1.0226
541511,1.8000,1.0597
542011,1.8000,1.0549
542511,1.8000,1.0484
543011,1.8000,1.0589
543511,1.8000,1.0629
544011,1.8000,1.0597
544511,1.8000,1.0629
545011,1.8000,1.0605
545511,1.8000,1.0589
546011,1.8000,1.0589
546511,1.8000,1.0702
547011,1.8000,1.0516
547511,1.8000,1.0589
548011,1.8000,1.0670
548511,1.8000,1.0629
549011,1.8000,1.0702
549511,1.8000,1.0597
550011,1.8000,1.0678
550511,1.8000,1.0533
551011,1.8000,1.0686
551511,1.8000,1.0597
552011,1.8000,1.0629
552511,1.8000,1.0702
553011,1.8000,1.0790
553511,1.8000,1.0750
554011,1.8000,1.0710
554511,1.8000,1.0629
555011,1.8000,1.0645
555511,1.8000,1.0645
556011,1.8000,1.0734
556511,1.8000,1.0702
557011,1.8000,1.0589
557511,1.8000,1.0790
558011,1.8000,1.0702
558511,1.8000,1.0500
559011,1.8000,1.0694
559511,1.8000,1.0662
560011,1.8000,1.0581
560511,1.8000,1.0565
561011,1.8000,1.0686
561511,1.8000,1.0589
562011,1.8000,1.0702
562511,1.8000,1.0782
563011,1.8000,1.0686
563511,1.8000,1.0726
564011,1.8000,1.0694
564511,1.8000,1.0621
565011,1.8000,1.0678
565511,1.8000,1.0702
566011,1.8000,1.0557
566511,1.8000,1.0718
567011,1.8000,1.0710
567511,1.8000,1.0702
568011,1.8000,1.0597
568511,1.8000,1.0726
569011,1.8000,1.0782
569511,1.8000,1.0678
570011,1.8000,1.0823
570511,1.8000,1.0702
571011,1.8000,1.0589
571511,1.8000,1.0790
572011,1.8000,1.0589
572511,1.8000,1.0702
573011,1.8000,1.0774
573511,1.8000,1.0758
574011,1.8000,1.0726
574511,1.8000,1.0750
575011,1.8000,1.0718
575511,1.8000,1.0702
576011,1.8000,1.0831
576511,1.8000,1.0686
577011,1.8000,1.0702
577511,1.8000,1.0782
578011,1.8000,1.0718
578511,1.8000,1.0726
579011,1.8000,1.0847
579511,1.8000,1.0613
580011,1.8000,1.0670
580511,1.8000,1.0782
581011,1.8000,1.0726
581511,1.8000,1.0702
582011,1.8000,1.0839
582511,1.8000,1.0758
583011,1.8000,1.0774
583511,1.8000,1.0887
584011,1.8000,1.0758
584511,1.8000,1.0742
585011,1.8000,1.0750
585511,1.8000,1.0742
586011,1.8000,1.0718
586511,1.8000,1.0694
587011,1.8000,1.0686
587511,1.8000,1.0774
588011,1.8000,1.0807
588511,1.8000,1.0823
589011,1.8000,1.0839
589511,1.8000,1.0790
590011,1.8000,1.0702
590511,1.8000,1.0911
591011,1.8000,1.0799
591511,1.8000,1.0774
592011,1.8000,1.0782
592511,1.8000,1.0774
593011,1.8000,1.0839
593511,1.8000,1.0782
594011,1.8000,1.0799
594511,1.8000,1.0774
595011,1.8000,1.0782
595511,1.8000,1.0823
596011,1.8000,1.0839
596511,1.8000,1.0823
597011,1.8000,1.1073
597511,1.8000,1.0911
598011,1.8000,1.0952
598511,1.8000,1.0903
599011,1.8000,1.0831
599511,1.8000,1.0662
600011,1.8000,1.0879
600511,1.8000,1.0645
601011,1.8000,1.0968
601511,1.8000,1.0879
602011,1.8000,1.0807
602511,1.8000,1.0879
603011,1.8000,1.0879
603511,1.8000,1.0839
604011,1.8000,1.0831
604511,1.8000,1.0919
605011,1.8000,1.0944
605511,1.8000,1.0839
606011,1.8000,1.0952
606511,1.8000,1.0847
607011,1.8000,1.0847
607511,1.8000,1.0807
608011,1.8000,1.0887
608511,1.8000,1.0863
609011,1.8000,1.1048
609511,1.8000,1.0871
610011,1.8000,1.0936
610511,1.8000,1.0952
611011,1.8000,1.0919
611511,1.8000,1.0831
612011,1.8000,1.1008
612511,1.8000,1.0879
613011,1.8000,1.1193
613511,1.8000,1.0911
614011,1.8000,1.1000
614511,1.8000,1.0855
615011,1.8000,1.0629
615511,1.8000,1.0871
616011,1.8000,1.0919
616511,1.8000,1.0887
617011,1.8000,1.0960
617511,1.8000,1.0919
618011,1.8000,1.0960
618511,1.8000,1.0919
619011,1.8000,1.0919
619511,1.8000,1.0911
620011,1.8000,1.0911
620511,1.8000,1.0944
621011,1.8000,1.0807
621511,1.8000,1.0815
622011,1.8000,1.1064
622511,1.8000,1.0968
623011,1.8000,1.0968
623511,1.8000,1.0887
624011,1.8000,1.0960
624511,1.8000,1.0823
625011,1.8000,1.0903
625511,1.8000,1.0879
626011,1.8000,1.0960
626511,1.8000,1.1048
627011,1.8000,1.1177
627511,1.8000,1.0960
628011,1.8000,1.0887
628511,1.8000,1.0960
629011,1.8000,1.1040
629511,1.8000,1.1169
630011,1.8000,1.1064
630511,1.8000,1.1185
631011,1.8000,1.1081
631511,1.8000,1.1032
632011,1.8000,1.1064
632511,1.8000,1.0879
633011,1.8000,1.0960
633511,1.8000,1.1008
634011,1.8000,1.1040
634511,1.8000,1.0960
635011,1.8000,1.1048
635511,1.8000,1.1081
636011,1.8000,1.0984
636511,1.8000,1.0984
637011,1.8000,1.0960
637511,1.8000,1.1016
638011,1.8000,1.1008
638511,1.8000,1.0952
639011,1.8000,1.1113
639511,1.8000,1.0919
640011,1.8000,1.1016
640511,1.8000,1.0887
641011,1.8000,1.1073
641511,1.8000,1.1089
642011,1.8000,1.0968
642511,1.8000,1.1081
643011,1.8000,1.0750
643511,1.8000,1.0911
644011,1.8000,1.1073
644511,1.8000,1.1008
645011,1.8000,1.1097
645511,1.8000,1.1137
646011,1.8000,1.1097
646511,1.8000,1.1048
647011,1.8000,1.1089
647511,1.8000,1.1048
648011,1.8000,1.1137
648511,1.8000,1.1089
649011,1.8000,1.1089
649511,1.8000,1.1089
650011,1.8000,1.1193
650511,1.8000,1.1008
651011,1.8000,1.1145
651511,1.8000,1.1064
652011,1.8000,1.1113
652511,1.8000,1.1218
653011,1.8000,1.1081
653511,1.8000,1.1218
654011,1.8000,1.1089
654511,1.8000,1.1193
655011,1.8000,1.1113
655511,1.8000,1.1089
656011,1.8000,1.1056
656511,1.8000,1.1218
657011,1.8000,1.1048
657511,1.8000,1.1137
658011,1.8000,1.1081
658511,1.8000,1.1258
659011,1.8000,1.1129
659511,1.8000,1.1201
660011,1.8000,1.1048
660511,1.8000,1.1089
661011,1.8000,1.1210
661511,1.8000,1.1137
662011,1.8000,1.1129
662511,1.8000,1.1137
663011,1.8000,1.1185
663511,1.8000,1.1242
664011,1.8000,1.1008
664511,1.8000,1.1177
665011,1.8000,1.1169
665511,1.8000,1.0984
666011,1.8000,1.1371
666511,1.8000,1.1645
667011,1.8000,1.1226
667511,1.8000,1.1161
668011,1.8000,1.1137
668511,1.8000,1.1403
669011,1.8000,1.1226
669511,1.8000,1.1113
670011,1.8000,1.1210
670511,1.8000,1.1113
671011,1.8000,1.1210
671511,1.8000,1.1201
672011,1.8000,1.1056
672511,1.8000,1.1218
673011,1.8000,1.1193
673511,1.8000,1.1210
674011,1.8000,1.1218
674511,1.8000,1.1210
675011,1.8000,1.1210
675511,1.8000,1.1145
676011,1.8000,1.1169
676511,1.8000,1.1161
677011,1.8000,1.1210
677511,1.8000,1.1129
678011,1.8000,1.1210
678511,1.8000,1.1218
679011,1.8000,1.1226
679511,1.8000,1.1395
680011,1.8000,1.1250
680511,1.8000,1.1210
681011,1.8000,1.1322
681511,1.8000,1.1242
682011,1.8000,1.1258
682511,1.8000,1.1234
683011,1.8000,1.1338
683511,1.8000,1.1234
684011,1.8000,1.1226
684511,1.8000,1.1258
685011,1.8000,1.1242
685511,1.8000,1.1201
686011,1.8000,1.1274
686511,1.8000,1.1548
687011,1.8000,1.1330
687511,1.8000,1.1218
688011,1.8000,1.1218
688511,1.8000,1.1226
689011,1.8000,1.1306
689511,1.8000,1.1177
690011,1.8000,1.1226
690511,1.8000,1.1290
691011,1.8000,1.1218
691511,1.8000,1.1371
692011,1.8000,1.1201
692511,1.8000,1.1363
693011,1.8000,1.1338
693511,1.8000,1.1306
694011,1.8000,1.1298
694511,1.8000,1.1330
695011,1.8000,1.1322
695511,1.8000,1.1242
696011,1.8000,1.1242
696511,1.8000,1.1266
697011,1.8000,1.1218
697511,1.8000,1.1161
698011,1.8000,1.1338
698511,1.8000,1.1306
699011,1.8000,1.1306
699511,1.8000,1.1266
700011,1.8000,1.1338
700511,1.8000,1.1371
701011,1.8000,1.1306
701511,1.8000,1.1298
702011,1.8000,1.1290
702511,1.8000,1.1306
703011,1.8000,1.1242
703511,1.8000,1.1347
704011,1.8000,1.1451
704511,1.8000,1.1218
705011,1.8000,1.1290
705511,1.8000,1.1298
706011,1.8000,1.1338
706511,1.8000,1.1258
707011,1.8000,1.1395
707511,1.8000,1.1347
708011,1.8000,1.1314
708511,1.8000,1.1347
709011,1.8000,1.1338
709511,1.8000,1.1484
710011,1.8000,1.1347
710511,1.8000,1.1330
711011,1.8000,1.1290
711511,1.8000,1.1363
712011,1.8000,1.1371
712511,1.8000,1.1330
713011,1.8000,1.1387
713511,1.8000,1.1403
714011,1.8000,1.1314
714511,1.8000,1.1443
715011,1.8000,1.1419
715511,1.8000,1.1604
716011,1.8000,1.1338
716511,1.8000,1.1338
717011,1.8000,1.1355
717511,1.8000,1.1355
718011,1.8000,1.1419
718511,1.8000,1.1387
719011,1.8000,1.1556
719511,1.8000,1.1379
720011,1.8000,1.1387
720511,1.8000,1.1387
721011,1.8000,1.1338
721511,1.8000,1.1475
722011,1.8000,1.1355
722511,1.8000,1.1580
723011,1.8000,1.1371
723511,1.8000,1.1403
724011,1.8000,1.1306
724511,1.8000,1.1419
725011,1.8000,1.1347
725511,1.8000,1.1484
726011,1.8000,1.1355
726511,1.8000,1.1347
727011,1.8000,1.1475
727511,1.8000,1.1492
728011,1.8000,1.1475
728511,1.8000,1.1427
729011,1.8000,1.1395
729511,1.8000,1.1403
730011,1.8000,1.1443
730511,1.8000,1.1435
731011,1.8000,1.1266
731511,1.8000,1.1443
732011,1.8000,1.1459
732511,1.8000,1.1532
733011,1.8000,1.1459
733511,1.8000,1.1330
734011,1.8000,1.1371
734511,1.8000,1.1258
735011,1.8000,1.1475
735511,1.8000,1.1467
736011,1.8000,1.1451
736511,1.8000,1.1540
737011,1.8000,1.1403
737511,1.8000,1.1475
738011,1.8000,1.1500
738511,1.8000,1.1435
739011,1.8000,1.1403
739511,1.8000,1.1467
740011,1.8000,1.1475
740511,1.8000,1.1475
741011,1.8000,1.1492
741511,1.8000,1.1403
742011,1.8000,1.1475
742511,1.8000,1.1435
743011,1.8000,1.1484
743511,1.8000,1.1580
744011,1.8000,1.1516
744511,1.8000,1.1556
745011,1.8000,1.1475
745511,1.8000,1.1475
746011,1.8000,1.1475
746511,1.8000,1.1306
747011,1.8000,1.1596
747511,1.8000,1.1532
748011,1.8000,1.1363
748511,1.8000,1.1492
749011,1.8000,1.1475
749511,1.8000,1.1492
750011,1.8000,1.1508
750511,1.8000,1.1500
751011,1.8000,1.1548
751511,1.8000,1.1427
752011,1.8000,1.1467
752511,1.8000,1.1475
753011,1.8000,1.1338
753511,1.8000,1.1516
754011,1.8000,1.1572
754511,1.8000,1.1532
755011,1.8000,1.1540
755511,1.8000,1.1492
756011,1.8000,1.1492
756511,1.8000,1.1564
757011,1.8000,1.1733
757511,1.8000,1.1451
758011,1.8000,1.1532
758511,1.8000,1.1733
759011,1.8000,1.1604
759511,1.8000,1.1435
760011,1.8000,1.1395
760511,1.8000,1.1564
761011,1.8000,1.1556
761511,1.8000,1.1556
762011,1.8000,1.1548
762511,1.8000,1.1475
763011,1.8000,1.1621
763511,1.8000,1.1484
764011,1.8000,1.1604
764511,1.8000,1.1508
765011,1.8000,1.1403
765511,1.8000,1.1492
766011,1.8000,1.1653
766511,1.8000,1.1548
767011,1.8000,1.1685
767511,1.8000,1.1604
768011,1.8000,1.1846
768511,1.8000,1.1580
769011,1.8000,1.1596
769511,1.8000,1.1766
770011,1.8000,1.1774
770511,1.8000,1.1572
771011,1.8000,1.1596
771511,1.8000,1.1653
772011,1.8000,1.1653
772511,1.8000,1.1645
773011,1.8000,1.1556
773511,1.8000,1.1645
774011,1.8000,1.1629
774511,1.8000,1.1564
775011,1.8000,1.1492
775511,1.8000,1.1927
776011,1.8000,1.1733
776511,1.8000,1.1621
777011,1.8000,1.1717
777511,1.8000,1.1725
778011,1.8000,1.1596
778511,1.8000,1.1645
779011,1.8000,1.1596
779511,1.8000,1.1685
780011,1.8000,1.1532
780511,1.8000,1.1701
781011,1.8000,1.1774
781511,1.8000,1.1693
782011,1.8000,1.1604
782511,1.8000,1.1266
783011,1.8000,1.1733
783511,1.8000,1.1782
784011,1.8000,1.1749
784511,1.8000,1.1629
785011,1.8000,1.1814
785511,1.8000,1.1701
786011,1.8000,1.1733
786511,1.8000,1.1733
787011,1.8000,1.1572
787511,1.8000,1.1733
788011,1.8000,1.1612
788511,1.8000,1.1524
789011,1.8000,1.1645
789511,1.8000,1.1564
790011,1.8000,1.1749
790511,1.8000,1.1661
791011,1.8000,1.1741
791511,1.8000,1.1782
792011,1.8000,1.1733
792511,1.8000,1.1677
793011,1.8000,1.1709
793511,1.8000,1.1790
794011,1.8000,1.1709
794511,1.8000,1.1588
795011,1.8000,1.1838
795511,1.8000,1.1790
796011,1.8000,1.1677
796511,1.8000,1.1741
797011,1.8000,1.1806
797511,1.8000,1.1725
798011,1.8000,1.1685
798511,1.8000,1.1685
799011,1.8000,1.1725
799511,1.8000,1.1782
800011,1.8000,1.1774
800511,1.8000,1.1725
801011,1.8000,1.1733
801511,1.8000,1.1588
802011,1.8000,1.1596
802511,1.8000,1.1733
803011,1.8000,1.1782
803511,1.8000,1.1621
804011,1.8000,1.1669
804511,1.8000,1.1701
805011,1.8000,1.1717
805511,1.8000,1.1717
806011,1.8000,1.1758
806511,1.8000,1.1790
807011,1.8000,1.1758
807511,1.8000,1.1814
808011,1.8000,1.1685
808511,1.8000,1.1733
809011,1.8000,1.1814
809511,1.8000,1.1733
810011,1.8000,1.1782
810511,1.8000,1.1774
811011,1.8000,1.1733
811511,1.8000,1.1782
812011,1.8000,1.1822
812511,1.8000,1.1846
813011,1.8000,1.1806
813511,1.8000,1.1733
814011,1.8000,1.1733
814511,1.8000,1.1733
815011,1.8000,1.1870
815511,1.8000,1.1645
816011,1.8000,1.1806
816511,1.8000,1.1814
817011,1.8000,1.1758
817511,1.8000,1.1774
818011,1.8000,1.1870
818511,1.8000,1.1741
819011,1.8000,1.1903
819511,1.8000,1.1758
820011,1.8000,1.1806
820511,1.8000,1.1766
821011,1.8000,1.1782
821511,1.8000,1.1693
822011,1.8000,1.1822
822511,1.8000,1.1862
823011,1.8000,1.1854
823511,1.8000,1.1838
824011,1.8000,1.1774
824511,1.8000,1.1733
825011,1.8000,1.1782
825511,1.8000,1.1903
826011,1.8000,1.1862
826511,1.8000,1.1790
827011,1.8000,1.1782
827511,1.8000,1.2032
828011,1.8000,1.1919
828511,1.8000,1.1854
829011,1.8000,1.1959
829511,1.8000,1.1830
830011,1.8000,1.1886
830511,1.8000,1.1572
831011,1.8000,1.1862
831511,1.8000,1.1903
832011,1.8000,1.1830
832511,1.8000,1.1758
833011,1.8000,1.1645
833511,1.8000,1.1733
834011,1.8000,1.1862
834511,1.8000,1.1854
835011,1.8000,1.1862
835511,1.8000,1.1903
836011,1.8000,1.1870
836511,1.8000,1.1822
837011,1.8000,1.1991
837511,1.8000,1.1886
838011,1.8000,1.1838
838511,1.8000,1.1870
839011,1.8000,1.1862
839511,1.8000,1.1588
840011,1.8000,1.1903
840511,1.8000,1.1854
841011,1.8000,1.1911
841511,1.8000,1.1838
842011,1.8000,1.1886
842511,1.8000,1.1911
843011,1.8000,1.1903
843511,1.8000,1.1951
844011,1.8000,1.1854
844511,1.8000,1.1838
845011,1.8000,1.1758
845511,1.8000,1.1919
846011,1.8000,1.1959
846511,1.8000,1.1991
847011,1.8000,1.1999
847511,1.8000,1.1991
848011,1.8000,1.1903
848511,1.8000,1.1911
849011,1.8000,1.1878
849511,1.8000,1.1846
850011,1.8000,1.1903
850511,1.8000,1.1870
851011,1.8000,1.1870
851511,1.8000,1.1935
852011,1.8000,1.1991
852511,1.8000,1.2015
853011,1.8000,1.1975
853511,1.8000,1.1983
854011,1.8000,1.2015
854511,1.8000,1.1967
855011,1.8000,1.1951
855511,1.8000,1.1967
856011,1.8000,1.1911
856511,1.8000,1.1870
857011,1.8000,1.1790
857511,1.8000,1.2048
858011,1.8000,1.1999
858511,1.8000,1.2015
859011,1.8000,1.1975
859511,1.8000,1.2160
860011,1.8000,1.1983
860511,1.8000,1.1919
861011,1.8000,1.1991
861511,1.8000,1.1983
862011,1.8000,1.1991
862511,1.8000,1.1975
863011,1.8000,1.1822
863511,1.8000,1.2040
864011,1.8000,1.1991
864511,1.8000,1.1911
865011,1.8000,1.1975
865511,1.8000,1.2015
866011,1.8000,1.2032
866511,1.8000,1.1911
867011,1.8000,1.2015
867511,1.8000,1.2040
868011,1.8000,1.1878
868511,1.8000,1.2096
869011,1.8000,1.2136
869511,1.8000,1.2193
870011,1.8000,1.1991
870511,1.8000,1.1991
871011,1.8000,1.1991
871511,1.8000,1.2152
872011,1.8000,1.1975
872511,1.8000,1.2015
873011,1.8000,1.1846
873511,1.8000,1.1991
874011,1.8000,1.2120
874511,1.8000,1.1999
875011,1.8000,1.1975
875511,1.8000,1.2032
876011,1.8000,1.2080
876511,1.8000,1.1967
877011,1.8000,1.2040
877511,1.8000,1.2048
878011,1.8000,1.2080
878511,1.8000,1.1991
879011,1.8000,1.2064
879511,1.8000,1.1870
880011,1.8000,1.2112
880511,1.8000,1.2112
881011,1.8000,1.2136
881511,1.8000,1.2064
882011,1.8000,1.2322
882511,1.8000,1.2104
883011,1.8000,1.2104
883511,1.8000,1.2032
884011,1.8000,1.2040
884511,1.8000,1.2168
885011,1.8000,1.2032
885511,1.8000,1.2048
886011,1.8000,1.2072
886511,1.8000,1.2128
887011,1.8000,1.2015
887511,1.8000,1.2193
888011,1.8000,1.1943
888511,1.8000,1.2168
889011,1.8000,1.2112
889511,1.8000,1.2241
890011,1.8000,1.2048
890511,1.8000,1.2064
891011,1.8000,1.2104
891511,1.8000,1.2080
892011,1.8000,1.2048
892511,1.8000,1.2072
893011,1.8000,1.2177
893511,1.8000,1.2032
894011,1.8000,1.2233
894511,1.8000,1.2217
895011,1.8000,1.2112
895511,1.8000,1.2177
896011,1.8000,1.2096
896511,1.8000,1.2128
897011,1.8000,1.2112
897511,1.8000,1.2096
898011,1.8000,1.2136
898511,1.8000,1.2072
899011,1.8000,1.2088
899511,1.8000,1.2048
900011,1.8000,1.2201
900511,1.8000,1.2120
901011,1.8000,1.2120
901511,1.8000,1.2160
902011,1.8000,1.2201
902511,1.8000,1.2144
903011,1.8000,1.2201
903511,1.8000,1.1967
904011,1.8000,1.2209
904511,1.8000,1.2112
905011,1.8000,1.2209
905511,1.8000,1.2144
906011,1.8000,1.2209
906511,1.8000,1.2201
907011,1.8000,1.2185
907511,1.8000,1.2160
908011,1.8000,1.2177
908511,1.8000,1.2112
909011,1.8000,1.2249
909511,1.8000,1.2265
910011,1.8000,1.2209
910511,1.8000,1.2120
911011,1.8000,1.2225
911511,1.8000,1.2249
912011,1.8000,1.2144
912511,1.8000,1.2241
913011,1.8000,1.2249
913511,1.8000,1.2330
914011,1.8000,1.2209
914511,1.8000,1.2249
915011,1.8000,1.2160
915511,1.8000,1.2289
916011,1.8000,1.2225
916511,1.8000,1.2370
917011,1.8000,1.2241
917511,1.8000,1.2249
918011,1.8000,1.2104
918511,1.8000,1.2225
919011,1.8000,1.2152
919511,1.8000,1.2249
920011,1.8000,1.2177
920511,1.8000,1.2265
921011,1.8000,1.2692
921511,1.8000,1.2241
922011,1.8000,1.2249
922511,1.8000,1.2273
923011,1.8000,1.2217
923511,1.8000,1.2193
924011,1.8000,1.2265
924511,1.8000,1.2241
925011,1.8000,1.2096
925511,1.8000,1.2314
926011,1.8000,1.2257
926511,1.8000,1.2257
927011,1.8000,1.2249
927511,1.8000,1.2209
928011,1.8000,1.2257
928511,1.8000,1.2370
929011,1.8000,1.2370
929511,1.8000,1.2249
930011,1.8000,1.2289
930511,1.8000,1.2201
931011,1.8000,1.2136
931511,1.8000,1.2281
932011,1.8000,1.2305
932511,1.8000,1.2209
933011,1.8000,1.2241
933511,1.8000,1.2265
934011,1.8000,1.2168
934511,1.8000,1.2305
935011,1.8000,1.2523
935511,1.8000,1.2370
936011,1.8000,1.2104
936511,1.8000,1.2249
937011,1.8000,1.2257
937511,1.8000,1.2265
938011,1.8000,1.2370
938511,1.8000,1.2112
939011,1.8000,1.2297
939511,1.8000,1.2249
940011,1.8000,1.2370
940511,1.8000,1.2297
941011,1.8000,1.2305
941511,1.8000,1.2297
942011,1.8000,1.2370
942511,1.8000,1.2257
943011,1.8000,1.2346
943511,1.8000,1.2257
944011,1.8000,1.2338
944511,1.8000,1.2249
945011,1.8000,1.2289
945511,1.8000,1.2136
946011,1.8000,1.2297
946511,1.8000,1.2297
947011,1.8000,1.2305
947511,1.8000,1.2370
948011,1.8000,1.2273
948511,1.8000,1.2249
949011,1.8000,1.2354
949511,1.8000,1.2136
950011,1.8000,1.2370
950511,1.8000,1.2370
951011,1.8000,1.2588
951511,1.8000,1.2370
952011,1.8000,1.2289
952511,1.8000,1.2289
953011,1.8000,1.2370
953511,1.8000,1.2322
954011,1.8000,1.2370
954511,1.8000,1.2370
955011,1.8000,1.2249
955511,1.8000,1.2354
956011,1.8000,1.2346
956511,1.8000,1.2168
957011,1.8000,1.2370
957511,1.8000,1.2257
958011,1.8000,1.2370
958511,1.8000,1.2354
959011,1.8000,1.2370
959511,1.8000,1.2370
960011,1.8000,1.2515
960511,1.8000,1.2265
961011,1.8000,1.2289
961511,1.8000,1.2370
962011,1.8000,1.2144
962511,1.8000,1.2370
963011,1.8000,1.2346
963511,1.8000,1.2322
964011,1.8000,1.2370
964511,1.8000,1.2346
965011,1.8000,1.2571
965511,1.8000,1.2555
966011,1.8000,1.2305
966511,1.8000,1.2289
967011,1.8000,1.2547
967511,1.8000,1.2531
968011,1.8000,1.2547
968511,1.8000,1.2370
969011,1.8000,1.2370
969511,1.8000,1.2370
970011,1.8000,1.2330
970511,1.8000,1.2370
971011,1.8000,1.2628
971511,1.8000,1.2281
972011,1.8000,1.2370
972511,1.8000,1.2370
973011,1.8000,1.2515
973511,1.8000,1.2370
974011,1.8000,1.2370
974511,1.8000,1.2636
975011,1.8000,1.2370
975511,1.8000,1.2370
976011,1.8000,1.2370
976511,1.8000,1.2370
977011,1.8000,1.2370
977511,1.8000,1.2370
978011,1.8000,1.2362
978511,1.8000,1.2370
979011,1.8000,1.2370
979511,1.8000,1.2370
980011,1.8000,1.2660
980511,1.8000,1.2370
981011,1.8000,1.2370
981511,1.8000,1.2716
982011,1.8000,1.2370
982511,1.8000,1.2370
983011,1.8000,1.2370
983511,1.8000,1.2370
984011,1.8000,1.2338
984511,1.8000,1.2370
985011,1.8000,1.2370
985511,1.8000,1.2370
986011,1.8000,1.2370
986511,1.8000,1.2370
987011,1.8000,1.2370
987511,1.8000,1.2370
988011,1.8000,1.2370
988511,1.8000,1.2370
989011,1.8000,1.2370
989511,1.8000,1.2547
990011,1.8000,1.2370
990511,1.8000,1.2370
991011,1.8000,1.2370
991511,1.8000,1.2531
992011,1.8000,1.2596
992511,1.8000,1.2620
993011,1.8000,1.2370
993511,1.8000,1.2370
994011,1.8000,1.2612
994511,1.8000,1.2370
995011,1.8000,1.2370
995511,1.8000,1.2588
996011,1.8000,1.2716
996511,1.8000,1.2547
997011,1.8000,1.2370
997511,1.8000,1.2523
998011,1.8000,1.2620
998511,1.8000,1.2894
999011,1.8000,1.2563
999511,1.8000,1.2604
1000011,1.8000,1.2588
1000511,1.8000,1.2370
1001011,1.8000,1.2523
1001511,1.8000,1.2563
1002011,1.8000,1.2330
1002511,1.8000,1.2579
1003011,1.8000,1.2555
1003511,1.8000,1.2563
1004011,1.8000,1.2249
1004511,1.8000,1.2579
1005011,1.8000,1.2596
1005511,1.8000,1.2370
1006011,1.8000,1.2370
1006511,1.8000,1.2370
1007011,1.8000,1.2515
1007511,1.8000,1.2620
1008011,1.8000,1.2531
1008511,1.8000,1.2612
1009011,1.8000,1.2370
1009511,1.8000,1.2547
1010011,1.8000,1.2652
1010511,1.8000,1.2370
1011011,1.8000,1.2563
1011511,1.8000,1.2660
1012011,1.8000,1.2596
1012511,1.8000,1.2563
1013011,1.8000,1.2620
1013511,1.8000,1.2644
1014011,1.8000,1.2370
1014511,1.8000,1.2547
1015011,1.8000,1.2845
1015511,1.8000,1.2547
1016011,1.8000,1.2370
1016511,1.8000,1.2628
1017011,1.8000,1.2660
1017511,1.8000,1.2789
1018011,1.8000,1.2563
1018511,1.8000,1.2628
1019011,1.8000,1.2660
1019511,1.8000,1.2620
1020011,1.8000,1.2596
1020511,1.8000,1.2370
1021011,1.8000,1.2716
1021511,1.8000,1.2660
1022011,1.8000,1.2660
1022511,1.8000,1.2620
1023011,1.8000,1.2660
1023511,1.8000,1.2725
1024011,1.8000,1.2596
1024511,1.8000,1.2612
1025011,1.8000,1.2636
1025511,1.8000,1.2249
1026011,1.8000,1.2741
1026511,1.8000,1.2765
1027011,1.8000,1.2725
1027511,1.8000,1.2563
1028011,1.8000,1.2620
1028511,1.8000,1.2588
1029011,1.8000,1.2644
1029511,1.8000,1.2660
1030011,1.8000,1.2765
1030511,1.8000,1.2773
1031011,1.8000,1.2676
1031511,1.8000,1.2676
1032011,1.8000,1.2716
1032511,1.8000,1.2676
1033011,1.8000,1.2668
1033511,1.8000,1.2644
1034011,1.8000,1.2636
1034511,1.8000,1.2725
1035011,1.8000,1.2684
1035511,1.8000,1.2982
1036011,1.8000,1.2628
1036511,1.8000,1.2773
1037011,1.8000,1.2555
1037511,1.8000,1.2870
1038011,1.8000,1.2805
1038511,1.8000,1.2749
1039011,1.8000,1.2652
1039511,1.8000,1.2725
1040011,1.8000,1.2652
1040511,1.8000,1.2773
1041011,1.8000,1.2676
1041511,1.8000,1.2660
1042011,1.8000,1.2725
1042511,1.8000,1.2692
1043011,1.8000,1.2716
1043511,1.8000,1.2773
1044011,1.8000,1.2765
1044511,1.8000,1.2765
1045011,1.8000,1.2797
1045511,1.8000,1.2725
1046011,1.8000,1.2660
1046511,1.8000,1.2628
1047011,1.8000,1.2708
1047511,1.8000,1.2757
1048011,1.8000,1.2725
1048511,1.8000,1.2765
1049011,1.8000,1.2741
1049511,1.8000,1.2781
1050011,1.8000,1.2684
1050511,1.8000,1.2652
1051011,1.8000,1.2765
1051511,1.8000,1.2716
1052011,1.8000,1.2765
1052511,1.8000,1.2765
1053011,1.8000,1.2813
1053511,1.8000,1.2652
1054011,1.8000,1.2773
1054511,1.8000,1.2692
1055011,1.8000,1.2781
1055511,1.8000,1.2773
1056011,1.8000,1.2725
1056511,1.8000,1.2805
1057011,1.8000,1.2716
1057511,1.8000,1.2725
1058011,1.8000,1.2789
1058511,1.8000,1.2805
1059011,1.8000,1.2765
1059511,1.8000,1.2676
1060011,1.8000,1.2813
1060511,1.8000,1.2781
1061011,1.8000,1.2652
1061511,1.8000,1.2636
1062011,1.8000,1.2676
1062511,1.8000,1.2773
1063011,1.8000,1.2870
1063511,1.8000,1.2757
1064011,1.8000,1.2765
1064511,1.8000,1.2910
1065011,1.8000,1.2797
1065511,1.8000,1.2789
1066011,1.8000,1.2765
1066511,1.8000,1.2708
1067011,1.8000,1.2813
1067511,1.8000,1.2918
1068011,1.8000,1.2845
1068511,1.8000,1.2797
1069011,1.8000,1.2773
1069511,1.8000,1.2999
1070011,1.8000,1.2765
1070511,1.8000,1.2370
1071011,1.8000,1.2765
1071511,1.8000,1.2966
1072011,1.8000,1.2644
1072511,1.8000,1.2918
1073011,1.8000,1.2765
1073511,1.8000,1.2797
1074011,1.8000,1.2765
1074511,1.8000,1.2870
1075011,1.8000,1.2813
1075511,1.8000,1.2805
1076011,1.8000,1.2773
1076511,1.8000,1.2789
1077011,1.8000,1.2765
1077511,1.8000,1.2805
1078011,1.8000,1.2757
1078511,1.8000,1.2716
1079011,1.8000,1.2741
1079511,1.8000,1.2765
1080011,1.8000,1.2821
1080511,1.8000,1.2805
1081011,1.8000,1.2870
1081511,1.8000,1.2918
1082011,1.8000,1.2813
1082511,1.8000,1.2894
1083011,1.8000,1.2773
1083511,1.8000,1.2853
1084011,1.8000,1.2781
1084511,1.8000,1.2934
1085011,1.8000,1.2781
1085511,1.8000,1.2853
1086011,1.8000,1.2789
1086511,1.8000,1.2853
1087011,1.8000,1.2886
1087511,1.8000,1.2894
1088011,1.8000,1.3047
1088511,1.8000,1.2894
1089011,1.8000,1.2853
1089511,1.8000,1.2942
1090011,1.8000,1.2918
1090511,1.8000,1.2837
1091011,1.8000,1.3015
1091511,1.8000,1.2853
1092011,1.8000,1.2950
1092511,1.8000,1.2982
1093011,1.8000,1.2894
1093511,1.8000,1.2902
1094011,1.8000,1.2700
1094511,1.8000,1.2950
1095011,1.8000,1.3079
1095511,1.8000,1.3015
1096011,1.8000,1.2950
1096511,1.8000,1.2982
1097011,1.8000,1.2974
1097511,1.8000,1.2894
1098011,1.8000,1.2765
1098511,1.8000,1.2950
1099011,1.8000,1.2934
1099511,1.8000,1.2894
1100011,1.8000,1.2894
1100511,1.8000,1.2926
1101011,1.8000,1.2950
1101511,1.8000,1.2894
1102011,1.8000,1.2894
1102511,1.8000,1.2910
1103011,1.8000,1.2934
1103511,1.8000,1.2999
1104011,1.8000,1.2886
1104511,1.8000,1.2886
1105011,1.8000,1.2894
1105511,1.8000,1.2918
1106011,1.8000,1.3031
1106511,1.8000,1.2934
1107011,1.8000,1.2942
1107511,1.8000,1.2934
1108011,1.8000,1.3023
1108511,1.8000,1.2982
1109011,1.8000,1.2878
1109511,1.8000,1.2894
1110011,1.8000,1.2894
1110511,1.8000,1.2974
1111011,1.8000,1.2878
1111511,1.8000,1.3007
1112011,1.8000,1.2878
1112511,1.8000,1.2870
1113011,1.8000,1.2918
1113511,1.8000,1.2845
1114011,1.8000,1.2990
1114511,1.8000,1.2886
1115011,1.8000,1.2902
1115511,1.8000,1.3023
1116011,1.8000,1.2894
1116511,1.8000,1.2902
1117011,1.8000,1.3023
1117511,1.8000,1.3023
1118011,1.8000,1.2918
1118511,1.8000,1.2942
1119011,1.8000,1.2918
1119511,1.8000,1.2918
1120011,1.8000,1.3015
1120511,1.8000,1.2934
1121011,1.8000,1.2966
1121511,1.8000,1.3015
1122011,1.8000,1.3023
1122511,1.8000,1.2982
1123011,1.8000,1.2894
1123511,1.8000,1.3023
1124011,1.8000,1.2918
1124511,1.8000,1.2974
1125011,1.8000,1.2982
1125511,1.8000,1.3103
1126011,1.8000,1.3007
1126511,1.8000,1.3071
1127011,1.8000,1.2999
1127511,1.8000,1.2942
1128011,1.8000,1.3015
1128511,1.8000,1.2982
1129011,1.8000,1.3111
1129511,1.8000,1.3144
1130011,1.8000,1.3256
1130511,1.8000,1.3023
1131011,1.8000,1.3111
1131511,1.8000,1.3007
1132011,1.8000,1.3023
1132511,1.8000,1.3007
1133011,1.8000,1.3007
1133511,1.8000,1.2853
1134011,1.8000,1.2934
1134511,1.8000,1.3031
1135011,1.8000,1.3031
1135511,1.8000,1.3007
1136011,1.8000,1.2974
1136511,1.8000,1.2853
1137011,1.8000,1.3023
1137511,1.8000,1.3031
1138011,1.8000,1.2982
1138511,1.8000,1.3039
1139011,1.8000,1.3007
1139511,1.8000,1.2974
1140011,1.8000,1.3031
1140511,1.8000,1.3007
1141011,1.8000,1.3039
1141511,1.8000,1.3063
1142011,1.8000,1.3031
1142511,1.8000,1.3144
1143011,1.8000,1.3031
1143511,1.8000,1.2934
1144011,1.8000,1.2942
1144511,1.8000,1.3023
1145011,1.8000,1.3079
1145511,1.8000,1.3047
1146011,1.8000,1.3039
1146511,1.8000,1.3023
1147011,1.8000,1.2894
1147511,1.8000,1.2982
1148011,1.8000,1.2982
1148511,1.8000,1.2974
1149011,1.8000,1.3095
1149511,1.8000,1.2886
1150011,1.8000,1.3224
1150511,1.8000,1.3023
1151011,1.8000,1.2974
1151511,1.8000,1.3039
1152011,1.8000,1.3079
1152511,1.8000,1.3103
1153011,1.8000,1.3007
1153511,1.8000,1.3047
1154011,1.8000,1.3087
1154511,1.8000,1.2999
1155011,1.8000,1.3015
1155511,1.8000,1.3039
1156011,1.8000,1.3023
1156511,1.8000,1.3047
1157011,1.8000,1.3047
1157511,1.8000,1.3023
1158011,1.8000,1.3039
1158511,1.8000,1.3111
1159011,1.8000,1.3079
1159511,1.8000,1.3039
1160011,1.8000,1.3039
1160511,1.8000,1.2966
1161011,1.8000,1.3079
1161511,1.8000,1.3039
1162011,1.8000,1.2821
1162511,1.8000,1.3063
1163011,1.8000,1.3071
1163511,1.8000,1.3023
1164011,1.8000,1.3103
1164511,1.8000,1.2942
1165011,1.8000,1.3087
1165511,1.8000,1.3079
1166011,1.8000,1.3063
1166511,1.8000,1.3031
1167011,1.8000,1.3071
1167511,1.8000,1.3176
1168011,1.8000,1.2845
1168511,1.8000,1.2982
1169011,1.8000,1.3055
1169511,1.8000,1.3063
1170011,1.8000,1.3152
1170511,1.8000,1.3127
1171011,1.8000,1.2870
1171511,1.8000,1.3071
1172011,1.8000,1.3208
1172511,1.8000,1.2974
1173011,1.8000,1.3111
1173511,1.8000,1.3007
1174011,1.8000,1.3095
1174511,1.8000,1.2974
1175011,1.8000,1.3071
1175511,1.8000,1.3039
1176011,1.8000,1.2950
1176511,1.8000,1.3079
1177011,1.8000,1.3200
1177511,1.8000,1.3144
1178011,1.8000,1.3136
1178511,1.8000,1.3152
1179011,1.8000,1.3095
1179511,1.8000,1.3168
1180011,1.8000,1.3152
1180511,1.8000,1.3168
1181011,1.8000,1.3192
1181511,1.8000,1.3168
1182011,1.8000,1.3127
1182511,1.8000,1.3136
1183011,1.8000,1.3152
1183511,1.8000,1.2990
1184011,1.8000,1.3224
1184511,1.8000,1.3111
1185011,1.8000,1.3144
1185511,1.8000,1.3136
1186011,1.8000,1.3192
1186511,1.8000,1.3103
1187011,1.8000,1.3144
1187511,1.8000,1.3273
1188011,1.8000,1.3127
1188511,1.8000,1.3103
1189011,1.8000,1.3168
1189511,1.8000,1.3136
1190011,1.8000,1.3111
1190511,1.8000,1.3160
1191011,1.8000,1.3119
1191511,1.8000,1.3144
1192011,1.8000,1.3224
1192511,1.8000,1.3047
1193011,1.8000,1.3168
1193511,1.8000,1.3281
1194011,1.8000,1.3136
1194511,1.8000,1.3216
1195011,1.8000,1.3248
1195511,1.8000,1.3208
1196011,1.8000,1.3240
1196511,1.8000,1.3208
1197011,1.8000,1.3168
1197511,1.8000,1.3160
1198011,1.8000,1.3192
1198511,1.8000,1.3168
1199011,1.8000,1.3289
1199511,1.8000,1.3240
1200011,1.8000,1.3200
1200511,1.8000,1.3136
1201011,1.8000,1.3023
1201511,1.8000,1.3208
1202011,1.8000,1.3200
1202511,1.8000,1.3208
1203011,1.8000,1.3208
1203511,1.8000,1.3208
1204011,1.8000,1.3208
1204511,1.8000,1.3111
1205011,1.8000,1.3256
1205511,1.8000,1.3264
1206011,1.8000,1.3289
1206511,1.8000,1.3256
1207011,1.8000,1.3273
1207511,1.8000,1.3192
1208011,1.8000,1.3160
1208511,1.8000,1.3192
1209011,1.8000,1.3224
1209511,1.8000,1.3200
1210011,1.8000,1.3240
1210511,1.8000,1.3184
1211011,1.8000,1.3208
1211511,1.8000,1.3248
1212011,1.8000,1.3248
1212511,1.8000,1.3200
1213011,1.8000,1.3377
1213511,1.8000,1.3240
1214011,1.8000,1.3144
1214511,1.8000,1.3224
1215011,1.8000,1.3144
1215511,1.8000,1.3208
1216011,1.8000,1.3208
1216511,1.8000,1.3273
1217011,1.8000,1.3168
1217511,1.8000,1.3240
1218011,1.8000,1.3256
1218511,1.8000,1.3281
1219011,1.8000,1.3281
1219511,1.8000,1.3208
1220011,1.8000,1.3208
1220511,1.8000,1.3192
1221011,1.8000,1.3273
1221511,1.8000,1.3256
1222011,1.8000,1.3192
1222511,1.8000,1.3232
1223011,1.8000,1.3305
1223511,1.8000,1.3321
1224011,1.8000,1.3297
1224511,1.8000,1.3281
1225011,1.8000,1.3264
1225511,1.8000,1.3281
1226011,1.8000,1.3264
1226511,1.8000,1.3273
1227011,1.8000,1.3264
1227511,1.8000,1.3208
1228011,1.8000,1.3281
1228511,1.8000,1.3208
1229011,1.8000,1.3208
1229511,1.8000,1.3208
1230011,1.8000,1.3208
1230511,1.8000,1.3281
1231011,1.8000,1.3289
1231511,1.8000,1.3232
1232011,1.8000,1.3176
1232511,1.8000,1.3385
1233011,1.8000,1.3273
1233511,1.8000,1.3305
1234011,1.8000,1.3232
1234511,1.8000,1.3297
1235011,1.8000,1.3321
1235511,1.8000,1.3337
1236011,1.8000,1.3264
1236511,1.8000,1.3281
1237011,1.8000,1.3377
1237511,1.8000,1.3273
1238011,1.8000,1.3281
1238511,1.8000,1.3281
1239011,1.8000,1.3281
1239511,1.8000,1.3393
1240011,1.8000,1.3305
1240511,1.8000,1.3095
1241011,1.8000,1.3281
1241511,1.8000,1.3079
1242011,1.8000,1.3273
1242511,1.8000,1.3329
1243011,1.8000,1.3281
1243511,1.8000,1.3240
1244011,1.8000,1.3216
1244511,1.8000,1.3281
1245011,1.8000,1.3273
1245511,1.8000,1.3321
1246011,1.8000,1.3708
1246511,1.8000,1.3329
1247011,1.8000,1.3401
1247511,1.8000,1.3200
1248011,1.8000,1.3240
1248511,1.8000,1.3289
1249011,1.8000,1.3353
1249511,1.8000,1.3111
1250011,1.8000,1.3313
1250511,1.8000,1.3329
1251011,1.8000,1.3401
1251511,1.8000,1.3144
1252011,1.8000,1.3329
1252511,1.8000,1.3313
1253011,1.8000,1.3305
1253511,1.8000,1.3321
1254011,1.8000,1.3281
1254511,1.8000,1.3305
1255011,1.8000,1.3385
1255511,1.8000,1.3393
1256011,1.8000,1.3353
1256511,1.8000,1.3297
1257011,1.8000,1.3281
1257511,1.8000,1.3289
1258011,1.8000,1.3401
1258511,1.8000,1.3337
1259011,1.8000,1.3329
1259511,1.8000,1.3361
1260011,1.8000,1.3305
1260511,1.8000,1.3410
1261011,1.8000,1.3538
1261511,1.8000,1.3426
1262011,1.8000,1.3289
1262511,1.8000,1.3353
1263011,1.8000,1.3385
1263511,1.8000,1.3273
1264011,1.8000,1.3434
1264511,1.8000,1.3393
1265011,1.8000,1.3337
1265511,1.8000,1.3466
1266011,1.8000,1.3393
1266511,1.8000,1.3313
1267011,1.8000,1.3337
1267511,1.8000,1.3264
1268011,1.8000,1.3337
1268511,1.8000,1.3305
1269011,1.8000,1.3442
1269511,1.8000,1.3305
1270011,1.8000,1.3369
1270511,1.8000,1.3385
1271011,1.8000,1.3434
1271511,1.8000,1.3200
1272011,1.8000,1.3418
1272511,1.8000,1.3297
1273011,1.8000,1.3369
1273511,1.8000,1.3361
1274011,1.8000,1.3313
1274511,1.8000,1.3313
1275011,1.8000,1.3329
1275511,1.8000,1.3385
1276011,1.8000,1.3410
1276511,1.8000,1.3426
1277011,1.8000,1.3418
1277511,1.8000,1.3490
1278011,1.8000,1.3418
1278511,1.8000,1.3281
1279011,1.8000,1.3514
1279511,1.8000,1.3369
1280011,1.8000,1.3434
1280511,1.8000,1.3450
1281011,1.8000,1.3297
1281511,1.8000,1.3337
1282011,1.8000,1.3385
1282511,1.8000,1.3466
1283011,1.8000,1.3264
1283511,1.8000,1.3401
1284011,1.8000,1.3410
1284511,1.8000,1.3458
1285011,1.8000,1.3410
1285511,1.8000,1.3410
1286011,1.8000,1.3434
1286511,1.8000,1.3361
1287011,1.8000,1.3538
1287511,1.8000,1.3377
1288011,1.8000,1.3538
1288511,1.8000,1.3410
1289011,1.8000,1.3337
1289511,1.8000,1.3547
1290011,1.8000,1.3498
1290511,1.8000,1.3450
1291011,1.8000,1.3410
1291511,1.8000,1.3458
1292011,1.8000,1.3450
1292511,1.8000,1.3393
1293011,1.8000,1.3555
1293511,1.8000,1.3482
1294011,1.8000,1.3498
1294511,1.8000,1.3458
1295011,1.8000,1.3458
1295511,1.8000,1.3450
1296011,1.8000,1.3418
1296511,1.8000,1.3466
1297011,1.8000,1.3426
1297511,1.8000,1.3426
1298011,1.8000,1.3337
1298511,1.8000,1.3514
1299011,1.8000,1.3498
1299511,1.8000,1.3466
1300011,1.8000,1.3442
1300511,1.8000,1.3410
1301011,1.8000,1.3410
1301511,1.8000,1.3410
1302011,1.8000,1.3514
1302511,1.8000,1.3418
1303011,1.8000,1.3281
1303511,1.8000,1.3450
1304011,1.8000,1.3426
1304511,1.8000,1.3369
1305011,1.8000,1.3434
1305511,1.8000,1.3410
1306011,1.8000,1.3547
1306511,1.8000,1.3426
1307011,1.8000,1.3450
1307511,1.8000,1.3506
1308011,1.8000,1.3514
1308511,1.8000,1.3410
1309011,1.8000,1.3426
1309511,1.8000,1.3530
1310011,1.8000,1.3498
1310511,1.8000,1.3410
1311011,1.8000,1.3538
1311511,1.8000,1.3514
1312011,1.8000,1.3490
1312511,1.8000,1.3490
1313011,1.8000,1.3410
1313511,1.8000,1.3530
1314011,1.8000,1.3458
1314511,1.8000,1.3498
1315011,1.8000,1.3466
1315511,1.8000,1.3506
1316011,1.8000,1.3490
1316511,1.8000,1.3426
1317011,1.8000,1.3418
1317511,1.8000,1.3482
1318011,1.8000,1.3498
1318511,1.8000,1.3466
1319011,1.8000,1.3345
1319511,1.8000,1.3595
1320011,1.8000,1.3538
1320511,1.8000,1.3474
1321011,1.8000,1.3627
1321511,1.8000,1.3538
1322011,1.8000,1.3538
1322511,1.8000,1.3538
1323011,1.8000,1.3434
1323511,1.8000,1.3538
1324011,1.8000,1.3555
1324511,1.8000,1.3538
1325011,1.8000,1.3547
1325511,1.8000,1.3498
1326011,1.8000,1.3530
1326511,1.8000,1.3466
1327011,1.8000,1.3506
1327511,1.8000,1.3530
1328011,1.8000,1.3490
1328511,1.8000,1.3538
1329011,1.8000,1.3538
1329511,1.8000,1.3555
1330011,1.8000,1.3579
1330511,1.8000,1.3498
1331011,1.8000,1.3240
1331511,1.8000,1.3482
1332011,1.8000,1.3410
1332511,1.8000,1.3458
1333011,1.8000,1.3563
1333511,1.8000,1.3490
1334011,1.8000,1.3579
1334511,1.8000,1.3393
1335011,1.8000,1.3538
1335511,1.8000,1.3651
1336011,1.8000,1.3538
1336511,1.8000,1.3522
1337011,1.8000,1.3538
1337511,1.8000,1.3538
1338011,1.8000,1.3530
1338511,1.8000,1.3522
1339011,1.8000,1.3442
1339511,1.8000,1.3538
1340011,1.8000,1.3716
1340511,1.8000,1.3595
1341011,1.8000,1.3522
1341511,1.8000,1.3675
1342011,1.8000,1.3563
1342511,1.8000,1.3547
1343011,1.8000,1.3595
1343511,1.8000,1.3595
1344011,1.8000,1.3595
1344511,1.8000,1.3498
1345011,1.8000,1.3555
1345511,1.8000,1.3538
1346011,1.8000,1.3538
1346511,1.8000,1.3530
1347011,1.8000,1.3538
1347511,1.8000,1.3538
1348011,1.8000,1.3538
1348511,1.8000,1.3538
1349011,1.8000,1.3498
1349511,1.8000,1.3514
1350011,1.8000,1.3522
1350511,1.8000,1.3869
1351011,1.8000,1.3563
1351511,1.8000,1.3538
1352011,1.8000,1.3538
1352511,1.8000,1.3555
1353011,1.8000,1.3563
1353511,1.8000,1.3530
1354011,1.8000,1.3555
1354511,1.8000,1.3555
1355011,1.8000,1.3675
1355511,1.8000,1.3579
1356011,1.8000,1.3490
1356511,1.8000,1.3724
1357011,1.8000,1.3595
1357511,1.8000,1.3442
1358011,1.8000,1.3692
1358511,1.8000,1.3329
1359011,1.8000,1.3659
1359511,1.8000,1.3563
1360011,1.8000,1.3555
1360511,1.8000,1.3538
1361011,1.8000,1.3579
1361511,1.8000,1.3627
1362011,1.8000,1.3579
1362511,1.8000,1.3579
1363011,1.8000,1.3611
1363511,1.8000,1.3587
1364011,1.8000,1.3595
1364511,1.8000,1.3595
1365011,1.8000,1.3571
1365511,1.8000,1.3490
1366011,1.8000,1.3643
1366511,1.8000,1.3587
1367011,1.8000,1.3482
1367511,1.8000,1.3748
1368011,1.8000,1.3071
1368511,1.8000,1.3619
1369011,1.8000,1.3627
1369511,1.8000,1.3555
1370011,1.8000,1.3651
1370511,1.8000,1.3643
1371011,1.8000,1.3587
1371511,1.8000,1.3675
1372011,1.8000,1.3538
1372511,1.8000,1.3514
1373011,1.8000,1.3555
1373511,1.8000,1.3563
1374011,1.8000,1.3651
1374511,1.8000,1.3611
1375011,1.8000,1.3555
1375511,1.8000,1.3547
1376011,1.8000,1.3643
1376511,1.8000,1.3788
1377011,1.8000,1.3627
1377511,1.8000,1.3877
1378011,1.8000,1.3796
1378511,1.8000,1.3909
1379011,1.8000,1.3627
1379511,1.8000,1.3555
1380011,1.8000,1.3619
1380511,1.8000,1.3627
1381011,1.8000,1.3579
1381511,1.8000,1.3643
1382011,1.8000,1.3611
1382511,1.8000,1.3643
1383011,1.8000,1.3732
1383511,1.8000,1.3659
1384011,1.8000,1.3595
1384511,1.8000,1.3627
1385011,1.8000,1.3659
1385511,1.8000,1.3708
1386011,1.8000,1.3700
1386511,1.8000,1.3563
1387011,1.8000,1.3659
1387511,1.8000,1.3692
1388011,1.8000,1.3627
1388511,1.8000,1.3667
1389011,1.8000,1.3659
1389511,1.8000,1.3651
1390011,1.8000,1.3643
1390511,1.8000,1.3821
1391011,1.8000,1.3418
1391511,1.8000,1.3659
1392011,1.8000,1.3667
1392511,1.8000,1.3667
1393011,1.8000,1.3506
1393511,1.8000,1.3587
1394011,1.8000,1.3595
1394511,1.8000,1.3643
1395011,1.8000,1.3659
1395511,1.8000,1.3555
1396011,1.8000,1.3780
1396511,1.8000,1.3538
1397011,1.8000,1.3716
1397511,1.8000,1.3708
1398011,1.8000,1.3635
1398511,1.8000,1.3684
1399011,1.8000,1.3684
1399511,1.8000,1.3659
1400011,1.8000,1.3708
1400511,1.8000,1.3659
1401011,1.8000,1.3643
1401511,1.8000,1.3692
1402011,1.8000,1.3700
1402511,1.8000,1.3772
1403011,1.8000,1.3845
1403511,1.8000,1.3740
1404011,1.8000,1.3716
1404511,1.8000,1.3659
1405011,1.8000,1.3579
1405511,1.8000,1.3684
1406011,1.8000,1.3780
1406511,1.8000,1.3563
1407011,1.8000,1.3796
1407511,1.8000,1.3675
1408011,1.8000,1.3667
1408511,1.8000,1.3538
1409011,1.8000,1.3684
1409511,1.8000,1.3635
1410011,1.8000,1.3740
1410511,1.8000,1.3667
1411011,1.8000,1.3708
1411511,1.8000,1.3780
1412011,1.8000,1.3716
1412511,1.8000,1.3667
1413011,1.8000,1.3659
1413511,1.8000,1.3796
1414011,1.8000,1.3708
1414511,1.8000,1.3772
1415011,1.8000,1.3684
1415511,1.8000,1.3772
1416011,1.8000,1.3740
1416511,1.8000,1.3740
1417011,1.8000,1.3716
1417511,1.8000,1.3692
1418011,1.8000,1.3740
1418511,1.8000,1.3675
1419011,1.8000,1.3812
1419511,1.8000,1.3732
1420011,1.8000,1.3675
1420511,1.8000,1.3788
1421011,1.8000,1.3740
1421511,1.8000,1.3748
1422011,1.8000,1.3708
1422511,1.8000,1.3506
1423011,1.8000,1.3748
1423511,1.8000,1.3796
1424011,1.8000,1.3788
1424511,1.8000,1.3788
1425011,1.8000,1.3796
1425511,1.8000,1.3974
1426011,1.8000,1.3740
1426511,1.8000,1.3756
1427011,1.8000,1.3788
1427511,1.8000,1.3796
1428011,1.8000,1.3732
1428511,1.8000,1.3796
1429011,1.8000,1.3772
1429511,1.8000,1.3812
1430011,1.8000,1.3788
1430511,1.8000,1.3684
1431011,1.8000,1.3522
1431511,1.8000,1.3796
1432011,1.8000,1.3716
1432511,1.8000,1.3845
1433011,1.8000,1.3716
1433511,1.8000,1.3643
1434011,1.8000,1.3780
1434511,1.8000,1.3756
1435011,1.8000,1.3804
1435511,1.8000,1.3772
1436011,1.8000,1.3812
1436511,1.8000,1.3853
1437011,1.8000,1.3788
1437511,1.8000,1.3869
1438011,1.8000,1.3716
1438511,1.8000,1.3692
1439011,1.8000,1.3667
1439511,1.8000,1.3724
1440011,1.8000,1.3812
1440511,1.8000,1.3748
1441011,1.8000,1.3748
1441511,1.8000,1.3756
1442011,1.8000,1.3788
1442511,1.8000,1.3700
1443011,1.8000,1.3812
1443511,1.8000,1.3812
1444011,1.8000,1.3869
1444511,1.8000,1.3796
1445011,1.8000,1.3812
1445511,1.8000,1.3772
1446011,1.8000,1.3716
1446511,1.8000,1.4046
1447011,1.8000,1.3796
1447511,1.8000,1.3845
1448011,1.8000,1.3909
1448511,1.8000,1.3949
1449011,1.8000,1.3724
1449511,1.8000,1.3796
1450011,1.8000,1.3812
1450511,1.8000,1.3772
1451011,1.8000,1.3708
1451511,1.8000,1.3796
1452011,1.8000,1.3821
1452511,1.8000,1.3651
1453011,1.8000,1.3788
1453511,1.8000,1.3885
1454011,1.8000,1.3780
1454511,1.8000,1.3587
1455011,1.8000,1.3796
1455511,1.8000,1.3877
1456011,1.8000,1.3651
1456511,1.8000,1.3837
1457011,1.8000,1.3909
1457511,1.8000,1.3788
1458011,1.8000,1.3780
1458511,1.8000,1.3796
1459011,1.8000,1.3748
1459511,1.8000,1.3748
1460011,1.8000,1.3756
1460511,1.8000,1.3796
1461011,1.8000,1.3812
1461511,1.8000,1.3909
1462011,1.8000,1.3788
1462511,1.8000,1.3812
1463011,1.8000,1.3869
1463511,1.8000,1.3853
1464011,1.8000,1.3812
1464511,1.8000,1.3796
1465011,1.8000,1.3788
1465511,1.8000,1.3796
1466011,1.8000,1.3893
1466511,1.8000,1.3837
1467011,1.8000,1.3796
1467511,1.8000,1.3877
1468011,1.8000,1.3861
1468511,1.8000,1.3796
1469011,1.8000,1.3845
1469511,1.8000,1.3796
1470011,1.8000,1.3788
1470511,1.8000,1.3821
1471011,1.8000,1.3853
1471511,1.8000,1.3837
1472011,1.8000,1.3941
1472511,1.8000,1.3885
1473011,1.8000,1.3804
1473511,1.8000,1.3796
1474011,1.8000,1.3829
1474511,1.8000,1.3821
1475011,1.8000,1.3869
1475511,1.8000,1.3869
1476011,1.8000,1.3925
1476511,1.8000,1.3853
1477011,1.8000,1.3853
1477511,1.8000,1.3796
1478011,1.8000,1.3869
1478511,1.8000,1.3796
1479011,1.8000,1.3796
1479511,1.8000,1.3869
1480011,1.8000,1.3853
1480511,1.8000,1.3821
1481011,1.8000,1.3845
1481511,1.8000,1.3853
1482011,1.8000,1.3877
1482511,1.8000,1.3845
1483011,1.8000,1.3804
1483511,1.8000,1.3804
1484011,1.8000,1.3780
1484511,1.8000,1.3837
1485011,1.8000,1.3837
1485511,1.8000,1.3925
1486011,1.8000,1.3732
1486511,1.8000,1.3893
1487011,1.8000,1.3853
1487511,1.8000,1.3853
1488011,1.8000,1.3869
1488511,1.8000,1.3925
1489011,1.8000,1.3909
1489511,1.8000,1.3780
1490011,1.8000,1.3724
1490511,1.8000,1.3837
1491011,1.8000,1.3917
1491511,1.8000,1.3788
1492011,1.8000,1.3821
1492511,1.8000,1.3925
1493011,1.8000,1.4006
1493511,1.8000,1.3796
1494011,1.8000,1.3772
1494511,1.8000,1.4038
1495011,1.8000,1.3812
1495511,1.8000,1.3941
1496011,1.8000,1.3845
1496511,1.8000,1.3877
1497011,1.8000,1.3885
1497511,1.8000,1.3901
1498011,1.8000,1.3877
1498511,1.8000,1.3796
1499011,1.8000,1.3853
1499511,1.8000,1.3885
1500011,1.8000,1.3917
1500511,1.8000,1.3853
1501011,1.8000,1.3925
1501511,1.8000,1.3829
1502011,1.8000,1.3893
1502511,1.8000,1.3853
1503011,1.8000,1.3925
1503511,1.8000,1.3877
1504011,1.8000,1.3845
1504511,1.8000,1.3901
1505011,1.8000,1.4078
1505511,1.8000,1.3845
1506011,1.8000,1.3901
1506511,1.8000,1.3837
1507011,1.8000,1.3853
1507511,1.8000,1.3877
1508011,1.8000,1.3933
1508511,1.8000,1.4006
1509011,1.8000,1.3909
1509511,1.8000,1.3885
1510011,1.8000,1.3901
1510511,1.8000,1.3853
1511011,1.8000,1.4046
1511511,1.8000,1.3885
1512011,1.8000,1.3877
1512511,1.8000,1.3901
1513011,1.8000,1.3893
1513511,1.8000,1.3853
1514011,1.8000,1.3861
1514511,1.8000,1.3877
1515011,1.8000,1.3837
1515511,1.8000,1.3949
1516011,1.8000,1.3933
1516511,1.8000,1.3853
1517011,1.8000,1.3845
1517511,1.8000,1.3909
1518011,1.8000,1.3925
1518511,1.8000,1.3982
1519011,1.8000,1.4006
1519511,1.8000,1.3901
1520011,1.8000,1.3925
1520511,1.8000,1.3958
1521011,1.8000,1.3974
1521511,1.8000,1.3917
1522011,1.8000,1.4030
1522511,1.8000,1.3925
1523011,1.8000,1.3941
1523511,1.8000,1.3925
1524011,1.8000,1.4014
1524511,1.8000,1.3933
1525011,1.8000,1.3917
1525511,1.8000,1.3917
1526011,1.8000,1.4014
1526511,1.8000,1.4014
1527011,1.8000,1.3974
1527511,1.8000,1.4006
1528011,1.8000,1.3990
1528511,1.8000,1.3909
1529011,1.8000,1.3974
1529511,1.8000,1.3925
1530011,1.8000,1.3885
1530511,1.8000,1.3958
1531011,1.8000,1.4054
1531511,1.8000,1.4159
1532011,1.8000,1.3853
1532511,1.8000,1.3933
1533011,1.8000,1.3925
1533511,1.8000,1.3974
1534011,1.8000,1.3933
1534511,1.8000,1.3933
1535011,1.8000,1.3941
1535511,1.8000,1.3966
1536011,1.8000,1.3966
1536511,1.8000,1.4030
1537011,1.8000,1.4054
1537511,1.8000,1.3998
1538011,1.8000,1.4014
1538511,1.8000,1.3877
1539011,1.8000,1.4022
1539511,1.8000,1.4054
1540011,1.8000,1.3885
1540511,1.8000,1.4006
1541011,1.8000,1.3998
1541511,1.8000,1.4232
1542011,1.8000,1.3982
1542511,1.8000,1.4014
1543011,1.8000,1.3901
1543511,1.8000,1.3966
1544011,1.8000,1.4014
1544511,1.8000,1.4143
1545011,1.8000,1.4062
1545511,1.8000,1.3949
1546011,1.8000,1.3917
1546511,1.8000,1.3949
1547011,1.8000,1.4030
1547511,1.8000,1.3982
1548011,1.8000,1.3885
1548511,1.8000,1.4030
1549011,1.8000,1.3958
1549511,1.8000,1.3925
1550011,1.8000,1.3917
1550511,1.8000,1.4070
1551011,1.8000,1.3974
1551511,1.8000,1.4054
1552011,1.8000,1.4054
1552511,1.8000,1.4014
1553011,1.8000,1.3925
1553511,1.8000,1.4054
1554011,1.8000,1.4014
1554511,1.8000,1.4022
1555011,1.8000,1.3974
1555511,1.8000,1.4054
1556011,1.8000,1.4175
1556511,1.8000,1.4070
1557011,1.8000,1.3949
1557511,1.8000,1.3949
1558011,1.8000,1.3909
1558511,1.8000,1.4038
1559011,1.8000,1.3925
1559511,1.8000,1.4022
1560011,1.8000,1.4038
1560511,1.8000,1.4054
1561011,1.8000,1.4054
1561511,1.8000,1.3974
1562011,1.8000,1.4103
1562511,1.8000,1.4030
1563011,1.8000,1.4030
1563511,1.8000,1.4054
1564011,1.8000,1.4046
1564511,1.8000,1.4078
1565011,1.8000,1.3941
1565511,1.8000,1.4046
1566011,1.8000,1.4070
1566511,1.8000,1.4054
1567011,1.8000,1.4046
1567511,1.8000,1.4054
1568011,1.8000,1.4046
1568511,1.8000,1.3974
1569011,1.8000,1.3966
1569511,1.8000,1.4006
1570011,1.8000,1.4054
1570511,1.8000,1.4006
1571011,1.8000,1.4006
1571511,1.8000,1.4070
1572011,1.8000,1.4014
1572511,1.8000,1.4054
1573011,1.8000,1.4014
1573511,1.8000,1.4014
1574011,1.8000,1.4095
1574511,1.8000,1.4078
1575011,1.8000,1.4054
1575511,1.8000,1.4054
1576011,1.8000,1.4103
1576511,1.8000,1.4022
1577011,1.8000,1.4119
1577511,1.8000,1.4159
1578011,1.8000,1.3941
1578511,1.8000,1.4078
1579011,1.8000,1.4264
1579511,1.8000,1.4103
1580011,1.8000,1.4086
1580511,1.8000,1.4054
1581011,1.8000,1.4433
1581511,1.8000,1.4054
1582011,1.8000,1.4038
1582511,1.8000,1.4014
1583011,1.8000,1.4207
1583511,1.8000,1.4070
1584011,1.8000,1.3925
1584511,1.8000,1.4014
1585011,1.8000,1.4143
1585511,1.8000,1.4054
1586011,1.8000,1.4006
1586511,1.8000,1.4062
1587011,1.8000,1.4030
1587511,1.8000,1.4199
1588011,1.8000,1.4119
1588511,1.8000,1.4078
1589011,1.8000,1.4054
1589511,1.8000,1.4006
1590011,1.8000,1.4054
1590511,1.8000,1.3966
1591011,1.8000,1.4054
1591511,1.8000,1.4070
1592011,1.8000,1.4143
1592511,1.8000,1.4095
1593011,1.8000,1.4103
1593511,1.8000,1.4054
1594011,1.8000,1.4054
1594511,1.8000,1.4328
1595011,1.8000,1.4127
1595511,1.8000,1.4111
1596011,1.8000,1.4070
1596511,1.8000,1.4151
1597011,1.8000,1.4054
1597511,1.8000,1.4022
1598011,1.8000,1.4127
1598511,1.8000,1.4078
1599011,1.8000,1.4127
1599511,1.8000,1.4167
1600011,1.8000,1.3982
1600511,1.8000,1.3998
1601011,1.8000,1.4054
1601511,1.8000,1.4070
1602011,1.8000,1.4111
1602511,1.8000,1.4062
1603011,1.8000,1.4143
1603511,1.8000,1.4159
1604011,1.8000,1.4135
1604511,1.8000,1.3933
1605011,1.8000,1.4103
1605511,1.8000,1.4111
1606011,1.8000,1.4054
1606511,1.8000,1.4070
1607011,1.8000,1.4111
1607511,1.8000,1.4199
1608011,1.8000,1.4054
1608511,1.8000,1.4159
1609011,1.8000,1.4062
1609511,1.8000,1.4175
1610011,1.8000,1.4135
1610511,1.8000,1.4159
1611011,1.8000,1.4103
1611511,1.8000,1.4159
1612011,1.8000,1.4111
1612511,1.8000,1.4127
1613011,1.8000,1.4086
1613511,1.8000,1.4127
1614011,1.8000,1.4127
1614511,1.8000,1.4030
1615011,1.8000,1.4191
1615511,1.8000,1.4062
1616011,1.8000,1.4062
1616511,1.8000,1.4062
1617011,1.8000,1.4103
1617511,1.8000,1.4151
1618011,1.8000,1.4022
1618511,1.8000,1.4175
1619011,1.8000,1.4199
1619511,1.8000,1.4127
1620011,1.8000,1.4143
1620511,1.8000,1.3982
1621011,1.8000,1.4264
1621511,1.8000,1.4159
1622011,1.8000,1.4296
1622511,1.8000,1.4127
1623011,1.8000,1.4175
1623511,1.8000,1.4127
1624011,1.8000,1.4135
1624511,1.8000,1.4183
1625011,1.8000,1.4111
1625511,1.8000,1.4199
1626011,1.8000,1.4288
1626511,1.8000,1.4167
1627011,1.8000,1.4264
1627511,1.8000,1.4264
1628011,1.8000,1.4336
1628511,1.8000,1.4143
1629011,1.8000,1.4151
1629511,1.8000,1.4103
1630011,1.8000,1.4272
1630511,1.8000,1.4086
1631011,1.8000,1.4272
1631511,1.8000,1.3990
1632011,1.8000,1.4207
1632511,1.8000,1.4143
1633011,1.8000,1.4207
1633511,1.8000,1.4159
1634011,1.8000,1.4159
1634511,1.8000,1.4070
1635011,1.8000,1.4175
1635511,1.8000,1.4207
1636011,1.8000,1.4070
1636511,1.8000,1.4159
1637011,1.8000,1.4167
1637511,1.8000,1.4296
1638011,1.8000,1.4038
1638511,1.8000,1.4272
1639011,1.8000,1.4167
1639511,1.8000,1.4191
1640011,1.8000,1.4143
1640511,1.8000,1.4328
1641011,1.8000,1.4054
1641511,1.8000,1.4207
1642011,1.8000,1.4272
1642511,1.8000,1.4159
1643011,1.8000,1.4248
1643511,1.8000,1.4151
1644011,1.8000,1.4199
1644511,1.8000,1.4232
1645011,1.8000,1.4199
1645511,1.8000,1.4095
1646011,1.8000,1.4288
1646511,1.8000,1.4240
1647011,1.8000,1.4135
1647511,1.8000,1.4127
1648011,1.8000,1.4296
1648511,1.8000,1.4288
1649011,1.8000,1.4199
1649511,1.8000,1.4207
1650011,1.8000,1.4223
1650511,1.8000,1.4232
1651011,1.8000,1.4103
1651511,1.8000,1.4103
1652011,1.8000,1.4207
1652511,1.8000,1.4232
1653011,1.8000,1.4167
1653511,1.8000,1.4175
1654011,1.8000,1.4248
1654511,1.8000,1.4167
1655011,1.8000,1.4143
1655511,1.8000,1.4223
1656011,1.8000,1.4223
1656511,1.8000,1.4312
1657011,1.8000,1.4070
1657511,1.8000,1.4240
1658011,1.8000,1.4232
1658511,1.8000,1.4272
1659011,1.8000,1.4215
1659511,1.8000,1.4175
1660011,1.8000,1.4199
1660511,1.8000,1.4232
1661011,1.8000,1.4207
1661511,1.8000,1.4288
1662011,1.8000,1.4207
1662511,1.8000,1.4191
1663011,1.8000,1.4143
1663511,1.8000,1.4151
1664011,1.8000,1.4401
1664511,1.8000,1.4207
1665011,1.8000,1.4288
1665511,1.8000,1.4223
1666011,1.8000,1.4095
1666511,1.8000,1.4215
1667011,1.8000,1.4385
1667511,1.8000,1.4127
1668011,1.8000,1.4385
1668511,1.8000,1.4223
1669011,1.8000,1.4546
1669511,1.8000,1.4070
1670011,1.8000,1.4191
1670511,1.8000,1.4111
1671011,1.8000,1.4240
1671511,1.8000,1.4223
1672011,1.8000,1.4312
1672511,1.8000,1.4352
1673011,1.8000,1.4272
1673511,1.8000,1.4441
1674011,1.8000,1.4312
1674511,1.8000,1.4296
1675011,1.8000,1.4232
1675511,1.8000,1.4465
1676011,1.8000,1.4232
1676511,1.8000,1.4191
1677011,1.8000,1.4368
1677511,1.8000,1.4207
1678011,1.8000,1.4223
1678511,1.8000,1.4207
1679011,1.8000,1.4441
1679511,1.8000,1.4272
1680011,1.8000,1.4296
1680511,1.8000,1.4207
1681011,1.8000,1.4223
1681511,1.8000,1.4207
1682011,1.8000,1.4272
1682511,1.8000,1.4304
1683011,1.8000,1.4280
1683511,1.8000,1.4272
1684011,1.8000,1.4143
1684511,1.8000,1.4111
1685011,1.8000,1.4304
1685511,1.8000,1.4320
1686011,1.8000,1.4312
1686511,1.8000,1.3974
1687011,1.8000,1.4377
1687511,1.8000,1.4272
1688011,1.8000,1.4425
1688511,1.8000,1.4223
1689011,1.8000,1.4417
1689511,1.8000,1.4288
1690011,1.8000,1.4360
1690511,1.8000,1.4256
1691011,1.8000,1.4312
1691511,1.8000,1.4232
1692011,1.8000,1.4312
1692511,1.8000,1.4360
1693011,1.8000,1.4143
1693511,1.8000,1.4707
1694011,1.8000,1.4328
1694511,1.8000,1.4288
1695011,1.8000,1.4368
1695511,1.8000,1.4272
1696011,1.8000,1.4167
1696511,1.8000,1.4240
1697011,1.8000,1.4264
1697511,1.8000,1.4320
1698011,1.8000,1.4385
1698511,1.8000,1.4296
1699011,1.8000,1.4449
1699511,1.8000,1.4312
1700011,1.8000,1.4312
1700511,1.8000,1.4272
1701011,1.8000,1.4232
1701511,1.8000,1.4288
1702011,1.8000,1.4304
1702511,1.8000,1.4240
1703011,1.8000,1.4312
1703511,1.8000,1.4135
1704011,1.8000,1.4312
1704511,1.8000,1.4312
1705011,1.8000,1.4304
1705511,1.8000,1.4095
1706011,1.8000,1.4143
1706511,1.8000,1.4280
1707011,1.8000,1.4320
1707511,1.8000,1.4272
1708011,1.8000,1.4256
1708511,1.8000,1.4352
1709011,1.8000,1.4360
1709511,1.8000,1.4272
1710011,1.8000,1.4312
1710511,1.8000,1.4199
1711011,1.8000,1.4320
1711511,1.8000,1.4336
1712011,1.8000,1.4336
1712511,1.8000,1.4288
1713011,1.8000,1.4417
1713511,1.8000,1.4393
1714011,1.8000,1.4360
1714511,1.8000,1.4344
1715011,1.8000,1.4304
1715511,1.8000,1.4352
1716011,1.8000,1.4312
1716511,1.8000,1.4272
1717011,1.8000,1.4264
1717511,1.8000,1.4312
1718011,1.8000,1.4199
1718511,1.8000,1.4175
1719011,1.8000,1.4304
1719511,1.8000,1.4360
1720011,1.8000,1.4352
1720511,1.8000,1.4312
1721011,1.8000,1.4328
1721511,1.8000,1.4296
1722011,1.8000,1.4385
1722511,1.8000,1.4336
1723011,1.8000,1.4320
1723511,1.8000,1.4393
1724011,1.8000,1.4368
1724511,1.8000,1.4312
1725011,1.8000,1.4232
1725511,1.8000,1.4336
1726011,1.8000,1.4135
1726511,1.8000,1.4175
1727011,1.8000,1.4441
1727511,1.8000,1.4401
1728011,1.8000,1.4312
1728511,1.8000,1.4312
1729011,1.8000,1.4433
1729511,1.8000,1.4368
1730011,1.8000,1.4417
1730511,1.8000,1.4304
1731011,1.8000,1.4417
1731511,1.8000,1.4368
1732011,1.8000,1.4328
1732511,1.8000,1.4546
1733011,1.8000,1.4296
1733511,1.8000,1.4312
1734011,1.8000,1.4344
1734511,1.8000,1.4264
1735011,1.8000,1.4425
1735511,1.8000,1.4368
1736011,1.8000,1.4368
1736511,1.8000,1.4433
1737011,1.8000,1.4530
1737511,1.8000,1.4272
1738011,1.8000,1.4336
1738511,1.8000,1.4352
1739011,1.8000,1.4296
1739511,1.8000,1.4344
1740011,1.8000,1.4481
1740511,1.8000,1.4409
1741011,1.8000,1.4159
1741511,1.8000,1.4368
1742011,1.8000,1.4312
1742511,1.8000,1.4288
1743011,1.8000,1.4385
1743511,1.8000,1.4457
1744011,1.8000,1.4385
1744511,1.8000,1.4280
1745011,1.8000,1.4368
1745511,1.8000,1.4465
1746011,1.8000,1.4465
1746511,1.8000,1.4264
1747011,1.8000,1.4433
1747511,1.8000,1.4441
1748011,1.8000,1.4401
1748511,1.8000,1.4514
1749011,1.8000,1.4409
1749511,1.8000,1.4328
1750011,1.8000,1.4473
1750511,1.8000,1.4352
1751011,1.8000,1.4481
1751511,1.8000,1.4312
1752011,1.8000,1.4441
1752511,1.8000,1.4320
1753011,1.8000,1.4401
1753511,1.8000,1.4312
1754011,1.8000,1.4465
1754511,1.8000,1.4385
1755011,1.8000,1.4489
1755511,1.8000,1.4368
1756011,1.8000,1.4272
1756511,1.8000,1.4336
1757011,1.8000,1.4368
1757511,1.8000,1.4393
1758011,1.8000,1.4433
1758511,1.8000,1.4272
1759011,1.8000,1.4497
1759511,1.8000,1.4240
1760011,1.8000,1.4642
1760511,1.8000,1.4417
1761011,1.8000,1.4514
1761511,1.8000,1.4449
1762011,1.8000,1.4417
1762511,1.8000,1.4497
1763011,1.8000,1.4328
1763511,1.8000,1.4489
1764011,1.8000,1.4401
1764511,1.8000,1.4377
1765011,1.8000,1.4433
1765511,1.8000,1.4449
1766011,1.8000,1.4368
1766511,1.8000,1.4433
1767011,1.8000,1.4546
1767511,1.8000,1.4522
1768011,1.8000,1.4425
1768511,1.8000,1.4409
1769011,1.8000,1.4473
1769511,1.8000,1.4385
1770011,1.8000,1.4514
1770511,1.8000,1.4433
1771011,1.8000,1.4417
1771511,1.8000,1.4417
1772011,1.8000,1.4449
1772511,1.8000,1.4344
1773011,1.8000,1.4352
1773511,1.8000,1.4449
1774011,1.8000,1.4368
1774511,1.8000,1.4425
1775011,1.8000,1.4489
1775511,1.8000,1.4368
1776011,1.8000,1.4360
1776511,1.8000,1.4264
1777011,1.8000,1.4320
1777511,1.8000,1.4530
1778011,1.8000,1.4393
1778511,1.8000,1.4401
1779011,1.8000,1.4336
1779511,1.8000,1.4449
1780011,1.8000,1.4368
1780511,1.8000,1.4385
1781011,1.8000,1.4256
1781511,1.8000,1.4481
1782011,1.8000,1.4481
1782511,1.8000,1.4530
1783011,1.8000,1.4465
1783511,1.8000,1.4457
1784011,1.8000,1.4368
1784511,1.8000,1.4522
1785011,1.8000,1.4433
1785511,1.8000,1.4514
1786011,1.8000,1.4481
1786511,1.8000,1.4465
1787011,1.8000,1.4425
1787511,1.8000,1.4497
1788011,1.8000,1.4401
1788511,1.8000,1.4449
1789011,1.8000,1.4449
1789511,1.8000,1.4328
1790011,1.8000,1.4497
1790511,1.8000,1.4393
1791011,1.8000,1.4304
1791511,1.8000,1.4465
1792011,1.8000,1.4473
1792511,1.8000,1.4409
1793011,1.8000,1.4320
1793511,1.8000,1.4481
1794011,1.8000,1.4441
1794511,1.8000,1.4481
1795011,1.8000,1.4449
1795511,1.8000,1.4465
1796011,1.8000,1.4618
1796511,1.8000,1.4433
1797011,1.8000,1.4723
1797511,1.8000,1.4457
1798011,1.8000,1.4578
1798511,1.8000,1.4522
1799011,1.8000,1.4401
1799511,1.8000,1.4554
1800011,1.8000,1.4473
1800511,1.8000,1.4570
1801011,1.8000,1.4465
1801511,1.8000,1.4489
1802011,1.8000,1.4433
1802511,1.8000,1.4433
1803011,1.8000,1.4473
1803511,1.8000,1.4530
1804011,1.8000,1.4320
1804511,1.8000,1.4352
1805011,1.8000,1.4554
1805511,1.8000,1.4433
1806011,1.8000,1.4465
1806511,1.8000,1.4481
1807011,1.8000,1.4497
1807511,1.8000,1.4530
1808011,1.8000,1.4489
1808511,1.8000,1.4530
1809011,1.8000,1.4489
1809511,1.8000,1.4473
1810011,1.8000,1.4457
1810511,1.8000,1.4489
1811011,1.8000,1.4538
1811511,1.8000,1.4175
1812011,1.8000,1.4570
1812511,1.8000,1.4433
1813011,1.8000,1.4562
1813511,1.8000,1.4554
1814011,1.8000,1.4522
1814511,1.8000,1.4473
1815011,1.8000,1.4481
1815511,1.8000,1.4570
1816011,1.8000,1.4522
1816511,1.8000,1.4505
1817011,1.8000,1.4570
1817511,1.8000,1.4538
1818011,1.8000,1.4473
1818511,1.8000,1.4530
1819011,1.8000,1.4465
1819511,1.8000,1.4481
1820011,1.8000,1.4659
1820511,1.8000,1.4546
1821011,1.8000,1.4546
1821511,1.8000,1.4514
1822011,1.8000,1.4449
1822511,1.8000,1.4530
1823011,1.8000,1.4497
1823511,1.8000,1.4570
1824011,1.8000,1.4602
1824511,1.8000,1.4497
1825011,1.8000,1.4481
1825511,1.8000,1.4457
1826011,1.8000,1.4522
1826511,1.8000,1.4522
1827011,1.8000,1.4594
1827511,1.8000,1.4570
1828011,1.8000,1.4570
1828511,1.8000,1.4546
1829011,1.8000,1.4425
1829511,1.8000,1.4465
1830011,1.8000,1.4610
1830511,1.8000,1.4514
1831011,1.8000,1.4497
1831511,1.8000,1.4570
1832011,1.8000,1.4546
1832511,1.8000,1.4441
1833011,1.8000,1.4481
1833511,1.8000,1.4586
1834011,1.8000,1.4570
1834511,1.8000,1.4449
1835011,1.8000,1.4530
1835511,1.8000,1.4562
1836011,1.8000,1.4586
1836511,1.8000,1.4570
1837011,1.8000,1.4562
1837511,1.8000,1.4570
1838011,1.8000,1.4546
1838511,1.8000,1.4812
1839011,1.8000,1.4723
1839511,1.8000,1.4570
1840011,1.8000,1.4489
1840511,1.8000,1.4570
1841011,1.8000,1.4594
1841511,1.8000,1.4497
1842011,1.8000,1.4570
1842511,1.8000,1.4546
1843011,1.8000,1.4610
1843511,1.8000,1.4779
1844011,1.8000,1.4522
1844511,1.8000,1.4538
1845011,1.8000,1.4562
1845511,1.8000,1.4659
1846011,1.8000,1.4570
1846511,1.8000,1.4570
1847011,1.8000,1.4530
1847511,1.8000,1.4562
1848011,1.8000,1.4570
1848511,1.8000,1.4538
1849011,1.8000,1.4594
1849511,1.8000,1.4522
1850011,1.8000,1.4570
1850511,1.8000,1.4626
1851011,1.8000,1.4497
1851511,1.8000,1.4497
1852011,1.8000,1.4554
1852511,1.8000,1.4457
1853011,1.8000,1.4425
1853511,1.8000,1.4489
1854011,1.8000,1.4546
1854511,1.8000,1.4570
1855011,1.8000,1.4570
1855511,1.8000,1.4594
1856011,1.8000,1.4497
1856511,1.8000,1.4514
1857011,1.8000,1.4723
1857511,1.8000,1.4570
1858011,1.8000,1.4570
1858511,1.8000,1.4449
1859011,1.8000,1.4731
1859511,1.8000,1.4497
1860011,1.8000,1.4546
1860511,1.8000,1.4610
1861011,1.8000,1.4570
1861511,1.8000,1.4578
1862011,1.8000,1.4489
1862511,1.8000,1.4586
1863011,1.8000,1.4562
1863511,1.8000,1.4554
1864011,1.8000,1.4626
1864511,1.8000,1.4425
1865011,1.8000,1.4594
1865511,1.8000,1.4618
1866011,1.8000,1.4610
1866511,1.8000,1.4642
1867011,1.8000,1.4578
1867511,1.8000,1.4626
1868011,1.8000,1.4449
1868511,1.8000,1.4683
1869011,1.8000,1.4562
1869511,1.8000,1.4570
1870011,1.8000,1.4779
1870511,1.8000,1.4691
1871011,1.8000,1.4586
1871511,1.8000,1.4570
1872011,1.8000,1.4618
1872511,1.8000,1.4481
1873011,1.8000,1.4570
1873511,1.8000,1.4755
1874011,1.8000,1.4626
1874511,1.8000,1.4651
1875011,1.8000,1.4570
1875511,1.8000,1.5086
1876011,1.8000,1.4659
1876511,1.8000,1.4884
1877011,1.8000,1.4618
1877511,1.8000,1.4642
1878011,1.8000,1.4675
1878511,1.8000,1.4570
1879011,1.8000,1.4675
1879511,1.8000,1.4522
1880011,1.8000,1.4497
1880511,1.8000,1.4828
1881011,1.8000,1.4642
1881511,1.8000,1.4852
1882011,1.8000,1.4675
1882511,1.8000,1.4570
1883011,1.8000,1.4602
1883511,1.8000,1.4675
1884011,1.8000,1.4602
1884511,1.8000,1.4530
1885011,1.8000,1.4594
1885511,1.8000,1.4707
1886011,1.8000,1.4642
1886511,1.8000,1.4659
1887011,1.8000,1.4570
1887511,1.8000,1.4570
1888011,1.8000,1.4626
1888511,1.8000,1.4828
1889011,1.8000,1.4546
1889511,1.8000,1.4522
1890011,1.8000,1.4707
1890511,1.8000,1.4675
1891011,1.8000,1.4610
1891511,1.8000,1.4586
1892011,1.8000,1.4699
1892511,1.8000,1.4570
1893011,1.8000,1.4699
1893511,1.8000,1.4626
1894011,1.8000,1.4659
1894511,1.8000,1.4618
1895011,1.8000,1.4586
1895511,1.8000,1.4457
1896011,1.8000,1.4602
1896511,1.8000,1.4457
1897011,1.8000,1.4683
1897511,1.8000,1.4659
1898011,1.8000,1.4610
1898511,1.8000,1.4651
1899011,1.8000,1.4634
1899511,1.8000,1.4554
1900011,1.8000,1.4667
1900511,1.8000,1.4755
1901011,1.8000,1.4626
1901511,1.8000,1.4594
1902011,1.8000,1.4618
1902511,1.8000,1.4651
1903011,1.8000,1.4715
1903511,1.8000,1.4667
1904011,1.8000,1.4570
1904511,1.8000,1.4788
1905011,1.8000,1.4651
1905511,1.8000,1.4554
1906011,1.8000,1.4755
1906511,1.8000,1.4570
1907011,1.8000,1.4755
1907511,1.8000,1.4675
1908011,1.8000,1.4828
1908511,1.8000,1.4852
1909011,1.8000,1.4651
1909511,1.8000,1.4651
1910011,1.8000,1.4723
1910511,1.8000,1.4586
1911011,1.8000,1.4626
1911511,1.8000,1.4554
1912011,1.8000,1.4691
1912511,1.8000,1.4546
1913011,1.8000,1.4771
1913511,1.8000,1.4828
1914011,1.8000,1.4715
1914511,1.8000,1.4562
1915011,1.8000,1.4683
1915511,1.8000,1.4788
1916011,1.8000,1.4570
1916511,1.8000,1.4755
1917011,1.8000,1.4618
1917511,1.8000,1.4659
1918011,1.8000,1.4691
1918511,1.8000,1.4876
1919011,1.8000,1.4570
1919511,1.8000,1.4626
1920011,1.8000,1.4651
1920511,1.8000,1.4691
1921011,1.8000,1.4675
1921511,1.8000,1.4828
1922011,1.8000,1.4602
1922511,1.8000,1.4763
1923011,1.8000,1.4747
1923511,1.8000,1.4691
1924011,1.8000,1.4675
1924511,1.8000,1.4699
1925011,1.8000,1.4699
1925511,1.8000,1.4723
1926011,1.8000,1.4594
1926511,1.8000,1.4723
1927011,1.8000,1.4522
1927511,1.8000,1.4804
1928011,1.8000,1.4836
1928511,1.8000,1.4618
1929011,1.8000,1.4618
1929511,1.8000,1.4707
1930011,1.8000,1.4707
1930511,1.8000,1.4788
1931011,1.8000,1.4771
1931511,1.8000,1.4570
1932011,1.8000,1.4739
1932511,1.8000,1.4642
1933011,1.8000,1.4546
1933511,1.8000,1.4731
1934011,1.8000,1.4707
1934511,1.8000,1.4844
1935011,1.8000,1.4771
1935511,1.8000,1.4626
1936011,1.8000,1.4683
1936511,1.8000,1.4699
1937011,1.8000,1.4747
1937511,1.8000,1.4747
1938011,1.8000,1.4618
1938511,1.8000,1.4852
1939011,1.8000,1.4610
1939511,1.8000,1.4747
1940011,1.8000,1.4651
1940511,1.8000,1.4675
1941011,1.8000,1.4779
1941511,1.8000,1.4691
1942011,1.8000,1.4602
1942511,1.8000,1.4659
1943011,1.8000,1.4755
1943511,1.8000,1.4626
1944011,1.8000,1.4715
1944511,1.8000,1.4683
1945011,1.8000,1.4739
1945511,1.8000,1.4731
1946011,1.8000,1.4812
1946511,1.8000,1.4747
1947011,1.8000,1.5110
1947511,1.8000,1.4691
1948011,1.8000,1.4788
1948511,1.8000,1.4844
1949011,1.8000,1.4804
1949511,1.8000,1.4804
1950011,1.8000,1.4747
1950511,1.8000,1.4747
1951011,1.8000,1.4828
1951511,1.8000,1.4667
1952011,1.8000,1.4723
1952511,1.8000,1.4788
1953011,1.8000,1.4755
1953511,1.8000,1.4739
1954011,1.8000,1.4852
1954511,1.8000,1.4739
1955011,1.8000,1.4723
1955511,1.8000,1.4691
1956011,1.8000,1.4763
1956511,1.8000,1.4804
1957011,1.8000,1.4707
1957511,1.8000,1.4755
1958011,1.8000,1.4699
1958511,1.8000,1.4755
1959011,1.8000,1.4828
1959511,1.8000,1.4739
1960011,1.8000,1.4788
1960511,1.8000,1.4820
1961011,1.8000,1.4771
1961511,1.8000,1.4715
1962011,1.8000,1.4723
1962511,1.8000,1.4707
1963011,1.8000,1.4820
1963511,1.8000,1.4755
1964011,1.8000,1.4570
1964511,1.8000,1.4683
1965011,1.8000,1.4723
1965511,1.8000,1.4747
1966011,1.8000,1.4812
1966511,1.8000,1.4820
1967011,1.8000,1.4763
1967511,1.8000,1.4723
1968011,1.8000,1.4691
1968511,1.8000,1.4755
1969011,1.8000,1.4755
1969511,1.8000,1.4771
1970011,1.8000,1.4812
1970511,1.8000,1.4707
1971011,1.8000,1.4916
1971511,1.8000,1.4804
1972011,1.8000,1.4884
1972511,1.8000,1.4771
1973011,1.8000,1.4755
1973511,1.8000,1.4812
1974011,1.8000,1.4804
1974511,1.8000,1.4779
1975011,1.8000,1.4779
1975511,1.8000,1.4812
1976011,1.8000,1.4747
1976511,1.8000,1.4804
1977011,1.8000,1.4828
1977511,1.8000,1.4868
1978011,1.8000,1.4618
1978511,1.8000,1.4812
1979011,1.8000,1.4779
1979511,1.8000,1.4788
1980011,1.8000,1.4828
1980511,1.8000,1.4812
1981011,1.8000,1.4933
1981511,1.8000,1.4804
1982011,1.8000,1.4812
1982511,1.8000,1.4852
1983011,1.8000,1.4828
1983511,1.8000,1.4941
1984011,1.8000,1.4788
1984511,1.8000,1.4779
1985011,1.8000,1.4699
1985511,1.8000,1.4828
1986011,1.8000,1.4844
1986511,1.8000,1.4884
1987011,1.8000,1.4828
1987511,1.8000,1.5029
1988011,1.8000,1.5005
1988511,1.8000,1.4715
1989011,1.8000,1.4820
1989511,1.8000,1.4804
1990011,1.8000,1.4828
1990511,1.8000,1.4804
1991011,1.8000,1.4828
1991511,1.8000,1.4852
1992011,1.8000,1.4884
1992511,1.8000,1.4715
1993011,1.8000,1.4852
1993511,1.8000,1.4828
1994011,1.8000,1.4779
1994511,1.8000,1.4828
1995011,1.8000,1.4828
1995511,1.8000,1.4755
1996011,1.8000,1.4828
1996511,1.8000,1.4965
1997011,1.8000,1.4884
1997511,1.8000,1.4828
1998011,1.8000,1.4868
1998511,1.8000,1.4804
1999011,1.8000,1.4949
1999511,1.8000,1.4828
2000011,1.8000,1.4868
2000511,1.8000,1.4812
2001011,1.8000,1.4820
2001511,1.8000,1.4876
2002011,1.8000,1.4828
2002511,1.8000,1.4876
2003011,1.8000,1.4860
2003511,1.8000,1.4828
2004011,1.8000,1.4836
2004511,1.8000,1.4941
2005011,1.8000,1.4755
2005511,1.8000,1.4916
2006011,1.8000,1.4868
2006511,1.8000,1.4820
2007011,1.8000,1.4788
2007511,1.8000,1.4916
2008011,1.8000,1.4562
2008511,1.8000,1.4844
2009011,1.8000,1.4844
2009511,1.8000,1.4828
2010011,1.8000,1.4949
2010511,1.8000,1.4828
2011011,1.8000,1.4892
2011511,1.8000,1.4868
2012011,1.8000,1.4836
2012511,1.8000,1.4828
2013011,1.8000,1.4868
2013511,1.8000,1.4908
2014011,1.8000,1.4989
2014511,1.8000,1.4820
2015011,1.8000,1.4715
2015511,1.8000,1.4820
2016011,1.8000,1.4828
2016511,1.8000,1.4723
2017011,1.8000,1.4812
2017511,1.8000,1.4916
2018011,1.8000,1.4916
2018511,1.8000,1.4812
2019011,1.8000,1.4788
2019511,1.8000,1.4828
2020011,1.8000,1.4892
2020511,1.8000,1.4860
2021011,1.8000,1.4892
2021511,1.8000,1.4916
2022011,1.8000,1.4876
2022511,1.8000,1.4933
2023011,1.8000,1.4997
2023511,1.8000,1.4933
2024011,1.8000,1.4884
2024511,1.8000,1.4957
2025011,1.8000,1.4812
2025511,1.8000,1.4884
2026011,1.8000,1.4868
2026511,1.8000,1.4828
2027011,1.8000,1.4820
2027511,1.8000,1.4973
2028011,1.8000,1.4844
2028511,1.8000,1.4828
2029011,1.8000,1.4916
2029511,1.8000,1.4715
2030011,1.8000,1.4836
2030511,1.8000,1.4844
2031011,1.8000,1.4900
2031511,1.8000,1.4796
2032011,1.8000,1.4949
2032511,1.8000,1.4852
2033011,1.8000,1.4852
2033511,1.8000,1.4852
2034011,1.8000,1.4852
2034511,1.8000,1.4900
2035011,1.8000,1.4916
2035511,1.8000,1.4941
2036011,1.8000,1.4884
2036511,1.8000,1.4828
2037011,1.8000,1.4812
2037511,1.8000,1.4836
2038011,1.8000,1.4900
2038511,1.8000,1.4828
2039011,1.8000,1.4747
2039511,1.8000,1.4852
2040011,1.8000,1.4779
2040511,1.8000,1.4949
2041011,1.8000,1.4908
2041511,1.8000,1.4965
2042011,1.8000,1.4844
2042511,1.8000,1.4852
2043011,1.8000,1.4868
2043511,1.8000,1.4941
2044011,1.8000,1.4812
2044511,1.8000,1.4884
2045011,1.8000,1.4852
2045511,1.8000,1.4916
2046011,1.8000,1.4916
2046511,1.8000,1.4876
2047011,1.8000,1.4965
2047511,1.8000,1.4852
2048011,1.8000,1.4876
2048511,1.8000,1.4965
2049011,1.8000,1.4900
2049511,1.8000,1.4900
2050011,1.8000,1.4908
2050511,1.8000,1.4828
2051011,1.8000,1.4860
2051511,1.8000,1.4860
2052011,1.8000,1.4828
2052511,1.8000,1.4828
2053011,1.8000,1.5086
2053511,1.8000,1.4465
2054011,1.8000,1.4908
2054511,1.8000,1.4908
2055011,1.8000,1.4876
2055511,1.8000,1.4908
2056011,1.8000,1.4941
2056511,1.8000,1.4933
2057011,1.8000,1.4908
2057511,1.8000,1.4973
2058011,1.8000,1.5126
2058511,1.8000,1.4828
2059011,1.8000,1.4844
2059511,1.8000,1.4925
2060011,1.8000,1.4844
2060511,1.8000,1.4900
2061011,1.8000,1.4860
2061511,1.8000,1.4884
2062011,1.8000,1.4820
2062511,1.8000,1.4908
2063011,1.8000,1.4973
2063511,1.8000,1.4908
2064011,1.8000,1.5013
2064511,1.8000,1.4916
2065011,1.8000,1.4949
2065511,1.8000,1.4949
2066011,1.8000,1.4916
2066511,1.8000,1.5102
2067011,1.8000,1.5005
2067511,1.8000,1.4933
2068011,1.8000,1.4828
2068511,1.8000,1.4933
2069011,1.8000,1.4771
2069511,1.8000,1.5070
2070011,1.8000,1.4828
2070511,1.8000,1.5045
2071011,1.8000,1.4949
2071511,1.8000,1.4949
2072011,1.8000,1.4997
2072511,1.8000,1.4828
2073011,1.8000,1.4933
2073511,1.8000,1.4892
2074011,1.8000,1.4900
2074511,1.8000,1.4828
2075011,1.8000,1.5053
2075511,1.8000,1.4957
2076011,1.8000,1.4957
2076511,1.8000,1.4981
2077011,1.8000,1.5013
2077511,1.8000,1.4755
2078011,1.8000,1.4973
2078511,1.8000,1.4981
2079011,1.8000,1.4965
2079511,1.8000,1.4925
2080011,1.8000,1.4941
2080511,1.8000,1.5086
2081011,1.8000,1.5029
2081511,1.8000,1.4949
2082011,1.8000,1.4957
2082511,1.8000,1.5174
2083011,1.8000,1.5360
2083511,1.8000,1.4965
2084011,1.8000,1.4933
2084511,1.8000,1.4957
2085011,1.8000,1.5053
2085511,1.8000,1.4836
2086011,1.8000,1.5037
2086511,1.8000,1.4973
2087011,1.8000,1.4933
2087511,1.8000,1.4876
2088011,1.8000,1.4933
2088511,1.8000,1.4884
2089011,1.8000,1.5013
2089511,1.8000,1.4989
2090011,1.8000,1.4844
2090511,1.8000,1.4828
2091011,1.8000,1.4973
2091511,1.8000,1.4973
2092011,1.8000,1.4997
2092511,1.8000,1.4981
2093011,1.8000,1.4884
2093511,1.8000,1.4957
2094011,1.8000,1.4828
2094511,1.8000,1.4957
2095011,1.8000,1.4957
2095511,1.8000,1.4957
2096011,1.8000,1.4957
2096511,1.8000,1.4925
2097011,1.8000,1.4916
2097511,1.8000,1.4957
2098011,1.8000,1.4981
2098511,1.8000,1.4949
2099011,1.8000,1.5045
2099511,1.8000,1.5037
2100011,1.8000,1.4933
2100511,1.8000,1.5086
2101011,1.8000,1.5013
2101511,1.8000,1.4828
2102011,1.8000,1.4973
2102511,1.8000,1.4949
2103011,1.8000,1.4916
2103511,1.8000,1.5078
2104011,1.8000,1.4957
2104511,1.8000,1.5142
2105011,1.8000,1.5037
2105511,1.8000,1.4973
2106011,1.8000,1.4981
2106511,1.8000,1.4876
2107011,1.8000,1.4957
2107511,1.8000,1.4973
2108011,1.8000,1.4884
2108511,1.8000,1.4916
2109011,1.8000,1.5086
2109511,1.8000,1.5190
2110011,1.8000,1.4997
2110511,1.8000,1.4941
2111011,1.8000,1.5045
2111511,1.8000,1.4973
2112011,1.8000,1.4973
2112511,1.8000,1.4997
2113011,1.8000,1.4965
2113511,1.8000,1.4997
2114011,1.8000,1.5110
2114511,1.8000,1.5013
2115011,1.8000,1.4981
2115511,1.8000,1.4965
2116011,1.8000,1.4884
2116511,1.8000,1.4957
2117011,1.8000,1.4933
2117511,1.8000,1.4973
2118011,1.8000,1.4965
2118511,1.8000,1.5086
2119011,1.8000,1.4957
2119511,1.8000,1.4828
2120011,1.8000,1.4997
2120511,1.8000,1.4957
2121011,1.8000,1.5102
2121511,1.8000,1.5110
2122011,1.8000,1.4965
2122511,1.8000,1.4965
2123011,1.8000,1.5110
2123511,1.8000,1.5062
2124011,1.8000,1.4884
2124511,1.8000,1.5013
2125011,1.8000,1.4997
2125511,1.8000,1.5005
2126011,1.8000,1.5070
2126511,1.8000,1.5013
2127011,1.8000,1.4965
2127511,1.8000,1.5013
2128011,1.8000,1.4965
2128511,1.8000,1.4957
2129011,1.8000,1.5013
2129511,1.8000,1.5045
2130011,1.8000,1.5013
2130511,1.8000,1.4997
2131011,1.8000,1.5086
2131511,1.8000,1.5013
2132011,1.8000,1.4941
2132511,1.8000,1.5021
2133011,1.8000,1.5037
2133511,1.8000,1.4973
2134011,1.8000,1.5086
2134511,1.8000,1.4852
2135011,1.8000,1.5086
2135511,1.8000,1.5078
2136011,1.8000,1.5416
2136511,1.8000,1.5062
2137011,1.8000,1.5102
2137511,1.8000,1.5070
2138011,1.8000,1.5053
2138511,1.8000,1.4997
2139011,1.8000,1.4949
2139511,1.8000,1.4828
2140011,1.8000,1.4941
2140511,1.8000,1.5045
2141011,1.8000,1.5078
2141511,1.8000,1.5078
2142011,1.8000,1.4852
2142511,1.8000,1.5029
2143011,1.8000,1.5134
2143511,1.8000,1.4965
2144011,1.8000,1.4957
2144511,1.8000,1.4981
2145011,1.8000,1.5062
2145511,1.8000,1.4981
2146011,1.8000,1.5045
2146511,1.8000,1.5190
2147011,1.8000,1.5086
2147511,1.8000,1.5174
2148011,1.8000,1.4973
2148511,1.8000,1.4916
2149011,1.8000,1.5078
2149511,1.8000,1.5070
2150011,1.8000,1.5086
2150511,1.8000,1.4981
2151011,1.8000,1.5086
2151511,1.8000,1.5110
2152011,1.8000,1.4965
2152511,1.8000,1.5174
2153011,1.8000,1.5070
2153511,1.8000,1.4860
2154011,1.8000,1.5086
2154511,1.8000,1.5062
2155011,1.8000,1.5190
2155511,1.8000,1.5094
2156011,1.8000,1.5166
2156511,1.8000,1.5142
2157011,1.8000,1.5086
2157511,1.8000,1.5094
2158011,1.8000,1.5134
2158511,1.8000,1.5118
2159011,1.8000,1.5037
2159511,1.8000,1.5142
2160011,1.8000,1.5029
2160511,1.8000,1.5086
2161011,1.8000,1.5045
2161511,1.8000,1.5053
2162011,1.8000,1.5021
2162511,1.8000,1.5174
2163011,1.8000,1.5327
2163511,1.8000,1.5070
2164011,1.8000,1.5126
2164511,1.8000,1.5247
2165011,1.8000,1.5086
2165511,1.8000,1.5045
2166011,1.8000,1.4997
2166511,1.8000,1.5037
2167011,1.8000,1.5086
2167511,1.8000,1.5070
2168011,1.8000,1.4997
2168511,1.8000,1.5062
2169011,1.8000,1.5239
2169511,1.8000,1.5110
2170011,1.8000,1.5126
2170511,1.8000,1.5134
2171011,1.8000,1.5037
2171511,1.8000,1.5102
2172011,1.8000,1.5263
2172511,1.8000,1.5158
2173011,1.8000,1.5150
2173511,1.8000,1.5086
2174011,1.8000,1.5215
2174511,1.8000,1.5086
2175011,1.8000,1.5078
2175511,1.8000,1.5005
2176011,1.8000,1.4997
2176511,1.8000,1.5110
2177011,1.8000,1.5102
2177511,1.8000,1.5086
2178011,1.8000,1.5037
2178511,1.8000,1.5005
2179011,1.8000,1.5110
2179511,1.8000,1.5094
2180011,1.8000,1.5142
2180511,1.8000,1.5078
2181011,1.8000,1.5094
2181511,1.8000,1.4973
2182011,1.8000,1.5053
2182511,1.8000,1.5045
2183011,1.8000,1.4788
2183511,1.8000,1.5110
2184011,1.8000,1.5045
2184511,1.8000,1.5110
2185011,1.8000,1.5094
2185511,1.8000,1.5078
2186011,1.8000,1.5086
2186511,1.8000,1.5142
2187011,1.8000,1.5158
2187511,1.8000,1.5094
2188011,1.8000,1.5086
2188511,1.8000,1.5134
2189011,1.8000,1.5158
2189511,1.8000,1.5086
2190011,1.8000,1.5142
2190511,1.8000,1.5094
2191011,1.8000,1.5086
2191511,1.8000,1.5110
2192011,1.8000,1.5102
2192511,1.8000,1.5142
2193011,1.8000,1.5070
2193511,1.8000,1.5126
2194011,1.8000,1.5094
2194511,1.8000,1.5094
2195011,1.8000,1.5239
2195511,1.8000,1.5271
2196011,1.8000,1.5142
2196511,1.8000,1.5215
2197011,1.8000,1.5158
2197511,1.8000,1.5102
2198011,1.8000,1.5368
2198511,1.8000,1.4755
2199011,1.8000,1.5118
2199511,1.8000,1.5070
2200011,1.8000,1.5126
2200511,1.8000,1.5134
2201011,1.8000,1.5086
2201511,1.8000,1.5134
2202011,1.8000,1.5086
2202511,1.8000,1.5094
2203011,1.8000,1.5174
2203511,1.8000,1.5255
2204011,1.8000,1.5134
2204511,1.8000,1.5215
2205011,1.8000,1.5174
2205511,1.8000,1.5199
2206011,1.8000,1.5142
2206511,1.8000,1.5102
2207011,1.8000,1.5118
2207511,1.8000,1.5013
2208011,1.8000,1.5223
2208511,1.8000,1.5287
2209011,1.8000,1.5158
2209511,1.8000,1.5142
2210011,1.8000,1.5207
2210511,1.8000,1.5158
2211011,1.8000,1.5086
2211511,1.8000,1.5158
2212011,1.8000,1.5045
2212511,1.8000,1.5207
2213011,1.8000,1.5166
2213511,1.8000,1.5190
2214011,1.8000,1.5190
2214511,1.8000,1.5070
2215011,1.8000,1.5263
2215511,1.8000,1.5215
2216011,1.8000,1.5102
2216511,1.8000,1.5126
2217011,1.8000,1.5223
2217511,1.8000,1.5199
2218011,1.8000,1.4884
2218511,1.8000,1.5166
2219011,1.8000,1.5199
2219511,1.8000,1.5134
2220011,1.8000,1.5142
2220511,1.8000,1.5207
2221011,1.8000,1.5207
2221511,1.8000,1.5327
2222011,1.8000,1.5368
2222511,1.8000,1.5182
2223011,1.8000,1.5142
2223511,1.8000,1.5126
2224011,1.8000,1.5166
2224511,1.8000,1.5327
2225011,1.8000,1.5142
2225511,1.8000,1.5199
2226011,1.8000,1.5207
2226511,1.8000,1.5174
2227011,1.8000,1.5086
2227511,1.8000,1.5255
2228011,1.8000,1.5199
2228511,1.8000,1.5231
2229011,1.8000,1.5215
2229511,1.8000,1.5190
2230011,1.8000,1.5174
2230511,1.8000,1.5303
2231011,1.8000,1.5190
2231511,1.8000,1.5094
2232011,1.8000,1.5239
2232511,1.8000,1.5086
2233011,1.8000,1.5086
2233511,1.8000,1.5207
2234011,1.8000,1.5207
2234511,1.8000,1.5166
2235011,1.8000,1.5062
2235511,1.8000,1.5207
2236011,1.8000,1.5255
2236511,1.8000,1.5223
2237011,1.8000,1.5166
2237511,1.8000,1.5142
2238011,1.8000,1.5344
2238511,1.8000,1.5368
2239011,1.8000,1.5239
2239511,1.8000,1.5190
2240011,1.8000,1.5336
2240511,1.8000,1.5174
2241011,1.8000,1.5239
2241511,1.8000,1.5239
2242011,1.8000,1.5319
2242511,1.8000,1.5190
2243011,1.8000,1.5239
2243511,1.8000,1.5142
2244011,1.8000,1.5190
2244511,1.8000,1.5223
2245011,1.8000,1.5344
2245511,1.8000,1.5223
2246011,1.8000,1.5207
2246511,1.8000,1.5190
2247011,1.8000,1.5271
2247511,1.8000,1.5255
2248011,1.8000,1.5231
2248511,1.8000,1.5231
2249011,1.8000,1.5263
2249511,1.8000,1.5231
2250011,1.8000,1.5295
2250511,1.8000,1.5190
2251011,1.8000,1.5263
2251511,1.8000,1.5263
2252011,1.8000,1.5231
2252511,1.8000,1.5174
2253011,1.8000,1.5303
2253511,1.8000,1.5577
2254011,1.8000,1.5199
2254511,1.8000,1.5118
2255011,1.8000,1.5207
2255511,1.8000,1.5352
2256011,1.8000,1.5327
2256511,1.8000,1.5231
2257011,1.8000,1.5319
2257511,1.8000,1.5287
2258011,1.8000,1.5448
2258511,1.8000,1.5166
2259011,1.8000,1.5271
2259511,1.8000,1.5319
2260011,1.8000,1.5174
2260511,1.8000,1.5497
2261011,1.8000,1.4973
2261511,1.8000,1.5327
2262011,1.8000,1.5303
2262511,1.8000,1.5327
2263011,1.8000,1.5255
2263511,1.8000,1.5215
2264011,1.8000,1.5142
2264511,1.8000,1.5239
2265011,1.8000,1.5223
2265511,1.8000,1.5327
2266011,1.8000,1.5295
2266511,1.8000,1.5327
2267011,1.8000,1.5223
2267511,1.8000,1.5263
2268011,1.8000,1.5344
2268511,1.8000,1.5360
2269011,1.8000,1.5295
2269511,1.8000,1.5319
2270011,1.8000,1.5215
2270511,1.8000,1.5311
2271011,1.8000,1.5271
2271511,1.8000,1.5247
2272011,1.8000,1.5303
2272511,1.8000,1.5344
2273011,1.8000,1.5263
2273511,1.8000,1.5400
2274011,1.8000,1.5182
2274511,1.8000,1.5134
2275011,1.8000,1.5295
2275511,1.8000,1.5223
2276011,1.8000,1.5223
2276511,1.8000,1.5158
2277011,1.8000,1.5529
2277511,1.8000,1.5102
2278011,1.8000,1.5352
2278511,1.8000,1.5263
2279011,1.8000,1.5336
2279511,1.8000,1.5352
2280011,1.8000,1.5287
2280511,1.8000,1.5255
2281011,1.8000,1.5303
2281511,1.8000,1.5303
2282011,1.8000,1.5303
2282511,1.8000,1.5344
2283011,1.8000,1.5327
2283511,1.8000,1.5336
2284011,1.8000,1.5118
2284511,1.8000,1.5327
2285011,1.8000,1.5303
2285511,1.8000,1.5344
2286011,1.8000,1.5327
2286511,1.8000,1.5360
2287011,1.8000,1.5255
2287511,1.8000,1.5368
2288011,1.8000,1.5344
2288511,1.8000,1.5255
2289011,1.8000,1.5255
2289511,1.8000,1.5336
2290011,1.8000,1.5344
2290511,1.8000,1.5223
2291011,1.8000,1.5263
2291511,1.8000,1.5400
2292011,1.8000,1.5295
2292511,1.8000,1.5174
2293011,1.8000,1.5344
2293511,1.8000,1.5263
2294011,1.8000,1.5344
2294511,1.8000,1.5368
2295011,1.8000,1.5263
2295511,1.8000,1.5271
2296011,1.8000,1.5182
2296511,1.8000,1.5344
2297011,1.8000,1.5303
2297511,1.8000,1.5255
2298011,1.8000,1.5344
2298511,1.8000,1.5601
2299011,1.8000,1.5255
2299511,1.8000,1.5247
2300011,1.8000,1.5287
2300511,1.8000,1.5142
2301011,1.8000,1.5384
2301511,1.8000,1.5344
2302011,1.8000,1.5344
2302511,1.8000,1.5368
2303011,1.8000,1.5360
2303511,1.8000,1.5231
2304011,1.8000,1.5400
2304511,1.8000,1.5352
2305011,1.8000,1.5255
2305511,1.8000,1.5231
2306011,1.8000,1.5497
2306511,1.8000,1.5327
2307011,1.8000,1.5344
2307511,1.8000,1.5271
2308011,1.8000,1.5344
2308511,1.8000,1.5360
2309011,1.8000,1.5336
2309511,1.8000,1.5336
2310011,1.8000,1.5352
2310511,1.8000,1.5199
2311011,1.8000,1.5295
2311511,1.8000,1.5344
2312011,1.8000,1.5344
2312511,1.8000,1.5336
2313011,1.8000,1.5360
2313511,1.8000,1.5344
2314011,1.8000,1.5303
2314511,1.8000,1.5336
2315011,1.8000,1.5344
2315511,1.8000,1.5360
2316011,1.8000,1.5360
2316511,1.8000,1.5327
2317011,1.8000,1.5473
2317511,1.8000,1.5255
2318011,1.8000,1.5319
2318511,1.8000,1.5255
2319011,1.8000,1.5327
2319511,1.8000,1.5336
2320011,1.8000,1.5384
2320511,1.8000,1.5231
2321011,1.8000,1.5336
2321511,1.8000,1.5271
2322011,1.8000,1.5352
2322511,1.8000,1.5448
2323011,1.8000,1.5344
2323511,1.8000,1.5344
2324011,1.8000,1.5344
2324511,1.8000,1.5344
2325011,1.8000,1.5344
2325511,1.8000,1.5263
2326011,1.8000,1.5368
2326511,1.8000,1.5384
2327011,1.8000,1.5279
2327511,1.8000,1.5239
2328011,1.8000,1.5432
2328511,1.8000,1.5344
2329011,1.8000,1.5336
2329511,1.8000,1.5416
2330011,1.8000,1.5408
2330511,1.8000,1.5336
2331011,1.8000,1.5344
2331511,1.8000,1.5448
2332011,1.8000,1.5376
2332511,1.8000,1.5432
2333011,1.8000,1.5384
2333511,1.8000,1.5303
2334011,1.8000,1.5368
2334511,1.8000,1.5344
2335011,1.8000,1.5336
2335511,1.8000,1.5336
2336011,1.8000,1.5319
2336511,1.8000,1.5634
2337011,1.8000,1.5199
2337511,1.8000,1.5416
2338011,1.8000,1.5360
2338511,1.8000,1.5448
2339011,1.8000,1.5416
2339511,1.8000,1.5344
2340011,1.8000,1.5303
2340511,1.8000,1.5368
2341011,1.8000,1.5352
2341511,1.8000,1.5384
2342011,1.8000,1.5674
2342511,1.8000,1.5424
2343011,1.8000,1.5400
2343511,1.8000,1.5424
2344011,1.8000,1.5424
2344511,1.8000,1.5311
2345011,1.8000,1.5400
2345511,1.8000,1.5392
2346011,1.8000,1.5344
2346511,1.8000,1.5481
2347011,1.8000,1.5239
2347511,1.8000,1.5174
2348011,1.8000,1.5287
2348511,1.8000,1.5384
2349011,1.8000,1.5440
2349511,1.8000,1.5263
2350011,1.8000,1.5481
2350511,1.8000,1.5497
2351011,1.8000,1.5344
2351511,1.8000,1.5384
2352011,1.8000,1.5392
2352511,1.8000,1.5384
2353011,1.8000,1.5424
2353511,1.8000,1.5376
2354011,1.8000,1.5432
2354511,1.8000,1.5400
2355011,1.8000,1.5497
2355511,1.8000,1.5416
2356011,1.8000,1.5352
2356511,1.8000,1.5529
2357011,1.8000,1.5448
2357511,1.8000,1.5344
2358011,1.8000,1.5344
2358511,1.8000,1.5585
2359011,1.8000,1.5432
2359511,1.8000,1.5601
2360011,1.8000,1.5344
2360511,1.8000,1.5360
2361011,1.8000,1.5368
2361511,1.8000,1.5400
2362011,1.8000,1.5360
2362511,1.8000,1.5416
2363011,1.8000,1.5392
2363511,1.8000,1.5456
2364011,1.8000,1.5368
2364511,1.8000,1.5344
2365011,1.8000,1.5368
2365511,1.8000,1.5360
2366011,1.8000,1.5344
2366511,1.8000,1.5166
2367011,1.8000,1.5368
2367511,1.8000,1.5432
2368011,1.8000,1.5456
2368511,1.8000,1.5424
2369011,1.8000,1.5295
2369511,1.8000,1.5448
2370011,1.8000,1.5424
2370511,1.8000,1.5400
2371011,1.8000,1.5352
2371511,1.8000,1.5448
2372011,1.8000,1.5456
2372511,1.8000,1.5360
2373011,1.8000,1.5561
2373511,1.8000,1.5464
2374011,1.8000,1.5489
2374511,1.8000,1.5287
2375011,1.8000,1.5424
2375511,1.8000,1.5190
2376011,1.8000,1.5392
2376511,1.8000,1.5440
2377011,1.8000,1.5432
2377511,1.8000,1.5448
2378011,1.8000,1.5368
2378511,1.8000,1.5456
2379011,1.8000,1.5376
2379511,1.8000,1.5489
2380011,1.8000,1.5448
2380511,1.8000,1.5473
2381011,1.8000,1.5360
2381511,1.8000,1.5424
2382011,1.8000,1.5456
2382511,1.8000,1.5400
2383011,1.8000,1.5545
2383511,1.8000,1.5368
2384011,1.8000,1.5392
2384511,1.8000,1.5368
2385011,1.8000,1.5344
2385511,1.8000,1.5464
2386011,1.8000,1.5400
2386511,1.8000,1.5456
2387011,1.8000,1.5352
2387511,1.8000,1.5384
2388011,1.8000,1.5473
2388511,1.8000,1.5489
2389011,1.8000,1.5392
2389511,1.8000,1.5368
2390011,1.8000,1.5569
2390511,1.8000,1.5473
2391011,1.8000,1.5440
2391511,1.8000,1.5424
2392011,1.8000,1.5424
2392511,1.8000,1.5440
2393011,1.8000,1.5166
2393511,1.8000,1.5368
2394011,1.8000,1.5207
2394511,1.8000,1.5481
2395011,1.8000,1.5448
2395511,1.8000,1.5610
2396011,1.8000,1.5327
2396511,1.8000,1.5529
2397011,1.8000,1.5497
2397511,1.8000,1.5481
2398011,1.8000,1.5400
2398511,1.8000,1.5489
2399011,1.8000,1.5360
2399511,1.8000,1.5601
2400011,1.8000,1.5650
2400511,1.8000,1.5384
2401011,1.8000,1.5392
2401511,1.8000,1.5448
2402011,1.8000,1.5400
2402511,1.8000,1.5464
2403011,1.8000,1.5360
2403511,1.8000,1.5464
2404011,1.8000,1.5473
2404511,1.8000,1.5440
2405011,1.8000,1.5344
2405511,1.8000,1.5392
2406011,1.8000,1.5529
2406511,1.8000,1.5368
2407011,1.8000,1.5440
2407511,1.8000,1.5440
2408011,1.8000,1.5400
2408511,1.8000,1.5464
2409011,1.8000,1.5464
2409511,1.8000,1.5448
2410011,1.8000,1.5352
2410511,1.8000,1.5561
2411011,1.8000,1.5440
2411511,1.8000,1.5392
2412011,1.8000,1.5344
2412511,1.8000,1.5352
2413011,1.8000,1.5464
2413511,1.8000,1.5456
2414011,1.8000,1.5448
2414511,1.8000,1.5529
2415011,1.8000,1.5432
2415511,1.8000,1.5464
2416011,1.8000,1.5545
2416511,1.8000,1.5432
2417011,1.8000,1.5448
2417511,1.8000,1.5368
2418011,1.8000,1.5585
2418511,1.8000,1.5473
2419011,1.8000,1.5400
2419511,1.8000,1.5456
2420011,1.8000,1.5473
2420511,1.8000,1.5513
2421011,1.8000,1.5497
2421511,1.8000,1.5601
2422011,1.8000,1.5424
2422511,1.8000,1.5473
2423011,1.8000,1.5440
2423511,1.8000,1.5618
2424011,1.8000,1.5344
2424511,1.8000,1.5521
2425011,1.8000,1.5481
2425511,1.8000,1.5481
2426011,1.8000,1.5513
2426511,1.8000,1.5529
2427011,1.8000,1.5553
2427511,1.8000,1.5513
2428011,1.8000,1.5473
2428511,1.8000,1.5464
2429011,1.8000,1.5521
2429511,1.8000,1.5553
2430011,1.8000,1.5553
2430511,1.8000,1.5440
2431011,1.8000,1.5464
2431511,1.8000,1.5481
2432011,1.8000,1.5384
2432511,1.8000,1.5561
2433011,1.8000,1.5529
2433511,1.8000,1.5529
2434011,1.8000,1.5529
2434511,1.8000,1.5569
2435011,1.8000,1.5698
2435511,1.8000,1.5464
2436011,1.8000,1.5473
2436511,1.8000,1.5513
2437011,1.8000,1.5432
2437511,1.8000,1.5424
2438011,1.8000,1.5473
2438511,1.8000,1.5432
2439011,1.8000,1.5601
2439511,1.8000,1.5489
2440011,1.8000,1.5223
2440511,1.8000,1.5432
2441011,1.8000,1.5497
2441511,1.8000,1.5497
2442011,1.8000,1.5440
2442511,1.8000,1.5473
2443011,1.8000,1.5577
2443511,1.8000,1.5529
2444011,1.8000,1.5513
2444511,1.8000,1.5481
2445011,1.8000,1.5489
2445511,1.8000,1.5561
2446011,1.8000,1.5561
2446511,1.8000,1.5464
2447011,1.8000,1.5464
2447511,1.8000,1.5642
2448011,1.8000,1.5456
2448511,1.8000,1.5545
2449011,1.8000,1.5690
2449511,1.8000,1.5440
2450011,1.8000,1.5577
2450511,1.8000,1.5521
2451011,1.8000,1.5618
2451511,1.8000,1.5529
2452011,1.8000,1.5489
2452511,1.8000,1.5545
2453011,1.8000,1.5400
2453511,1.8000,1.5448
2454011,1.8000,1.5464
2454511,1.8000,1.5626
2455011,1.8000,1.5601
2455511,1.8000,1.5489
2456011,1.8000,1.5561
2456511,1.8000,1.5738
2457011,1.8000,1.5497
2457511,1.8000,1.5634
2458011,1.8000,1.5223
2458511,1.8000,1.5521
2459011,1.8000,1.5521
2459511,1.8000,1.5618
2460011,1.8000,1.5593
2460511,1.8000,1.5440
2461011,1.8000,1.5601
2461511,1.8000,1.5529
2462011,1.8000,1.5577
2462511,1.8000,1.5593
2463011,1.8000,1.5601
2463511,1.8000,1.5980
2464011,1.8000,1.5561
2464511,1.8000,1.5593
2465011,1.8000,1.5585
2465511,1.8000,1.5593
2466011,1.8000,1.5835
2466511,1.8000,1.5601
2467011,1.8000,1.5529
2467511,1.8000,1.5585
2468011,1.8000,1.5610
2468511,1.8000,1.5529
2469011,1.8000,1.5529
2469511,1.8000,1.5601
2470011,1.8000,1.5473
2470511,1.8000,1.5601
2471011,1.8000,1.5585
2471511,1.8000,1.5577
2472011,1.8000,1.5481
2472511,1.8000,1.5577
2473011,1.8000,1.5585
2473511,1.8000,1.5601
2474011,1.8000,1.5553
2474511,1.8000,1.5601
2475011,1.8000,1.5456
2475511,1.8000,1.5513
2476011,1.8000,1.5601
2476511,1.8000,1.5561
2477011,1.8000,1.5529
2477511,1.8000,1.5650
2478011,1.8000,1.5610
2478511,1.8000,1.5714
2479011,1.8000,1.5650
2479511,1.8000,1.5473
2480011,1.8000,1.5626
2480511,1.8000,1.5545
2481011,1.8000,1.5585
2481511,1.8000,1.5505
2482011,1.8000,1.5601
2482511,1.8000,1.5497
2483011,1.8000,1.5658
2483511,1.8000,1.5416
2484011,1.8000,1.5626
2484511,1.8000,1.5658
2485011,1.8000,1.5593
2485511,1.8000,1.5593
2486011,1.8000,1.5585
2486511,1.8000,1.5569
2487011,1.8000,1.5561
2487511,1.8000,1.5505
2488011,1.8000,1.5585
2488511,1.8000,1.5513
2489011,1.8000,1.5771
2489511,1.8000,1.5553
2490011,1.8000,1.5610
2490511,1.8000,1.5763
2491011,1.8000,1.5610
2491511,1.8000,1.5481
2492011,1.8000,1.5690
2492511,1.8000,1.5593
2493011,1.8000,1.5368
2493511,1.8000,1.5585
2494011,1.8000,1.5610
2494511,1.8000,1.5553
2495011,1.8000,1.5577
2495511,1.8000,1.5585
2496011,1.8000,1.5658
2496511,1.8000,1.5601
2497011,1.8000,1.5585
2497511,1.8000,1.5650
2498011,1.8000,1.5601
2498511,1.8000,1.5610
2499011,1.8000,1.5561
2499511,1.8000,1.5585
2500011,1.8000,1.5593
2500511,1.8000,1.5610
2501011,1.8000,1.5618
2501511,1.8000,1.5601
2502011,1.8000,1.5545
2502511,1.8000,1.5634
2503011,1.8000,1.5593
2503511,1.8000,1.5658
2504011,1.8000,1.5601
2504511,1.8000,1.5698
2505011,1.8000,1.5601
2505511,1.8000,1.5690
2506011,1.8000,1.5658
2506511,1.8000,1.6029
2507011,1.8000,1.5601
2507511,1.8000,1.5593
2508011,1.8000,1.5674
2508511,1.8000,1.5473
2509011,1.8000,1.5650
2509511,1.8000,1.5714
2510011,1.8000,1.5553
2510511,1.8000,1.5497
2511011,1.8000,1.5642
2511511,1.8000,1.5722
2512011,1.8000,1.5674
2512511,1.8000,1.5626
2513011,1.8000,1.5658
2513511,1.8000,1.5650
2514011,1.8000,1.5601
2514511,1.8000,1.5593
2515011,1.8000,1.5497
2515511,1.8000,1.5601
2516011,1.8000,1.5601
2516511,1.8000,1.5601
2517011,1.8000,1.5658
2517511,1.8000,1.5601
2518011,1.8000,1.5610
2518511,1.8000,1.5642
2519011,1.8000,1.5722
2519511,1.8000,1.5626
2520011,1.8000,1.5658
2520511,1.8000,1.5674
2521011,1.8000,1.5610
2521511,1.8000,1.5747
2522011,1.8000,1.5634
2522511,1.8000,1.5601
2523011,1.8000,1.5682
2523511,1.8000,1.5577
2524011,1.8000,1.5642
2524511,1.8000,1.5642
2525011,1.8000,1.5626
2525511,1.8000,1.5650
2526011,1.8000,1.5642
2526511,1.8000,1.5601
2527011,1.8000,1.5610
2527511,1.8000,1.5714
2528011,1.8000,1.5674
2528511,1.8000,1.5682
2529011,1.8000,1.5690
2529511,1.8000,1.5690
2530011,1.8000,1.5682
2530511,1.8000,1.5650
2531011,1.8000,1.5601
2531511,1.8000,1.5658
2532011,1.8000,1.5706
2532511,1.8000,1.5634
2533011,1.8000,1.5601
2533511,1.8000,1.5610
2534011,1.8000,1.5747
2534511,1.8000,1.5747
2535011,1.8000,1.5722
2535511,1.8000,1.5585
2536011,1.8000,1.5626
2536511,1.8000,1.5674
2537011,1.8000,1.5787
2537511,1.8000,1.5747
2538011,1.8000,1.5650
2538511,1.8000,1.5682
2539011,1.8000,1.5690
2539511,1.8000,1.5658
2540011,1.8000,1.5706
2540511,1.8000,1.5650
2541011,1.8000,1.5771
2541511,1.8000,1.5650
2542011,1.8000,1.5521
2542511,1.8000,1.5747
2543011,1.8000,1.5690
2543511,1.8000,1.5859
2544011,1.8000,1.5650
2544511,1.8000,1.5674
2545011,1.8000,1.5634
2545511,1.8000,1.5859
2546011,1.8000,1.5722
2546511,1.8000,1.5650
2547011,1.8000,1.5706
2547511,1.8000,1.5771
2548011,1.8000,1.5561
2548511,1.8000,1.5650
2549011,1.8000,1.5650
2549511,1.8000,1.5674
2550011,1.8000,1.5730
2550511,1.8000,1.5601
2551011,1.8000,1.5706
2551511,1.8000,1.5682
2552011,1.8000,1.5730
2552511,1.8000,1.5690
2553011,1.8000,1.5658
2553511,1.8000,1.5618
2554011,1.8000,1.5674
2554511,1.8000,1.5626
2555011,1.8000,1.5722
2555511,1.8000,1.5690
2556011,1.8000,1.5714
2556511,1.8000,1.5658
2557011,1.8000,1.5481
2557511,1.8000,1.5722
2558011,1.8000,1.5690
2558511,1.8000,1.5690
2559011,1.8000,1.5682
2559511,1.8000,1.5779
2560011,1.8000,1.5650
2560511,1.8000,1.5658
2561011,1.8000,1.5722
2561511,1.8000,1.5610
2562011,1.8000,1.5690
2562511,1.8000,1.5658
2563011,1.8000,1.5650
2563511,1.8000,1.5610
2564011,1.8000,1.5738
2564511,1.8000,1.5698
2565011,1.8000,1.5787
2565511,1.8000,1.5690
2566011,1.8000,1.5867
2566511,1.8000,1.5513
2567011,1.8000,1.5666
2567511,1.8000,1.5690
2568011,1.8000,1.5666
2568511,1.8000,1.5722
2569011,1.8000,1.6029
2569511,1.8000,1.5747
2570011,1.8000,1.5706
2570511,1.8000,1.5714
2571011,1.8000,1.5690
2571511,1.8000,1.5682
2572011,1.8000,1.5618
2572511,1.8000,1.5706
2573011,1.8000,1.5658
2573511,1.8000,1.5706
2574011,1.8000,1.5747
2574511,1.8000,1.5464
2575011,1.8000,1.5698
2575511,1.8000,1.5779
2576011,1.8000,1.5738
2576511,1.8000,1.5835
2577011,1.8000,1.5738
2577511,1.8000,1.5787
2578011,1.8000,1.5747
2578511,1.8000,1.5851
2579011,1.8000,1.5682
2579511,1.8000,1.5851
2580011,1.8000,1.5610
2580511,1.8000,1.5755
2581011,1.8000,1.5650
2581511,1.8000,1.5738
2582011,1.8000,1.5755
2582511,1.8000,1.5674
2583011,1.8000,1.5964
2583511,1.8000,1.5738
2584011,1.8000,1.5722
2584511,1.8000,1.5900
2585011,1.8000,1.5690
2585511,1.8000,1.5763
2586011,1.8000,1.5722
2586511,1.8000,1.5738
2587011,1.8000,1.5763
2587511,1.8000,1.5682
2588011,1.8000,1.5601
2588511,1.8000,1.5779
2589011,1.8000,1.5690
2589511,1.8000,1.5763
2590011,1.8000,1.5819
2590511,1.8000,1.5722
2591011,1.8000,1.5706
2591511,1.8000,1.5553
2592011,1.8000,1.5819
2592511,1.8000,1.5771
2593011,1.8000,1.5803
2593511,1.8000,1.5763
2594011,1.8000,1.5730
2594511,1.8000,1.5730
2595011,1.8000,1.5698
2595511,1.8000,1.5706
2596011,1.8000,1.5916
2596511,1.8000,1.5755
2597011,1.8000,1.5747
2597511,1.8000,1.5722
2598011,1.8000,1.5835
2598511,1.8000,1.6012
2599011,1.8000,1.5650
2599511,1.8000,1.6045
2600011,1.8000,1.5779
2600511,1.8000,1.5690
2601011,1.8000,1.5690
2601511,1.8000,1.5706
2602011,1.8000,1.5722
2602511,1.8000,1.5658
2603011,1.8000,1.5779
2603511,1.8000,1.5626
2604011,1.8000,1.5706
2604511,1.8000,1.5650
2605011,1.8000,1.5787
2605511,1.8000,1.5755
2606011,1.8000,1.5795
2606511,1.8000,1.5771
2607011,1.8000,1.5738
2607511,1.8000,1.5730
2608011,1.8000,1.5722
2608511,1.8000,1.5601
2609011,1.8000,1.5738
2609511,1.8000,1.5964
2610011,1.8000,1.5706
2610511,1.8000,1.5787
2611011,1.8000,1.5787
2611511,1.8000,1.5875
2612011,1.8000,1.5755
2612511,1.8000,1.5763
2613011,1.8000,1.5706
2613511,1.8000,1.5803
2614011,1.8000,1.5835
2614511,1.8000,1.5859
2615011,1.8000,1.5755
2615511,1.8000,1.5819
2616011,1.8000,1.5730
2616511,1.8000,1.5779
2617011,1.8000,1.5771
2617511,1.8000,1.5738
2618011,1.8000,1.5892
2618511,1.8000,1.5722
2619011,1.8000,1.5763
2619511,1.8000,1.5811
2620011,1.8000,1.5722
2620511,1.8000,1.5706
2621011,1.8000,1.5859
2621511,1.8000,1.5690
2622011,1.8000,1.5819
2622511,1.8000,1.5714
2623011,1.8000,1.5843
2623511,1.8000,1.5747
2624011,1.8000,1.5859
2624511,1.8000,1.5755
2625011,1.8000,1.5771
2625511,1.8000,1.5706
2626011,1.8000,1.5642
2626511,1.8000,1.5875
2627011,1.8000,1.5787
2627511,1.8000,1.5674
2628011,1.8000,1.5755
2628511,1.8000,1.5738
2629011,1.8000,1.5738
2629511,1.8000,1.5634
2630011,1.8000,1.5851
2630511,1.8000,1.5747
2631011,1.8000,1.5722
2631511,1.8000,1.5747
2632011,1.8000,1.5763
2632511,1.8000,1.5819
2633011,1.8000,1.5843
2633511,1.8000,1.5738
2634011,1.8000,1.5819
2634511,1.8000,1.5738
2635011,1.8000,1.5779
2635511,1.8000,1.5811
2636011,1.8000,1.5779
2636511,1.8000,1.5803
2637011,1.8000,1.5714
2637511,1.8000,1.5690
2638011,1.8000,1.5803
2638511,1.8000,1.5714
2639011,1.8000,1.5900
2639511,1.8000,1.5690
2640011,1.8000,1.5755
2640511,1.8000,1.5553
2641011,1.8000,1.5730
2641511,1.8000,1.5771
2642011,1.8000,1.5682
2642511,1.8000,1.5771
2643011,1.8000,1.5787
2643511,1.8000,1.5473
2644011,1.8000,1.5771
2644511,1.8000,1.5771
2645011,1.8000,1.5859
2645511,1.8000,1.5859
2646011,1.8000,1.5755
2646511,1.8000,1.5787
2647011,1.8000,1.5690
2647511,1.8000,1.5779
2648011,1.8000,1.5601
2648511,1.8000,1.5803
2649011,1.8000,1.5803
2649511,1.8000,1.5690
2650011,1.8000,1.5867
2650511,1.8000,1.5859
2651011,1.8000,1.5779
2651511,1.8000,1.5900
2652011,1.8000,1.5714
2652511,1.8000,1.5618
2653011,1.8000,1.5835
2653511,1.8000,1.6093
2654011,1.8000,1.5771
2654511,1.8000,1.5593
2655011,1.8000,1.5642
2655511,1.8000,1.5803
2656011,1.8000,1.5779
2656511,1.8000,1.5875
2657011,1.8000,1.5706
2657511,1.8000,1.5819
2658011,1.8000,1.5771
2658511,1.8000,1.5698
2659011,1.8000,1.5722
2659511,1.8000,1.5738
2660011,1.8000,1.5722
2660511,1.8000,1.5755
2661011,1.8000,1.5819
2661511,1.8000,1.5843
2662011,1.8000,1.5730
2662511,1.8000,1.5811
2663011,1.8000,1.5690
2663511,1.8000,1.5747
2664011,1.8000,1.5755
2664511,1.8000,1.5843
2665011,1.8000,1.5835
2665511,1.8000,1.5650
2666011,1.8000,1.5827
2666511,1.8000,1.5827
2667011,1.8000,1.5755
2667511,1.8000,1.5811
2668011,1.8000,1.5787
2668511,1.8000,1.5747
2669011,1.8000,1.5779
2669511,1.8000,1.5722
2670011,1.8000,1.5771
2670511,1.8000,1.5779
2671011,1.8000,1.5819
2671511,1.8000,1.5859
2672011,1.8000,1.5747
2672511,1.8000,1.5827
2673011,1.8000,1.5819
2673511,1.8000,1.5779
2674011,1.8000,1.5755
2674511,1.8000,1.5738
2675011,1.8000,1.5859
2675511,1.8000,1.5803
2676011,1.8000,1.5811
2676511,1.8000,1.5819
2677011,1.8000,1.5779
2677511,1.8000,1.5851
2678011,1.8000,1.5779
2678511,1.8000,1.5803
2679011,1.8000,1.5859
2679511,1.8000,1.5859
2680011,1.8000,1.5859
2680511,1.8000,1.5811
2681011,1.8000,1.5916
2681511,1.8000,1.5738
2682011,1.8000,1.5763
2682511,1.8000,1.5843
2683011,1.8000,1.5827
2683511,1.8000,1.5787
2684011,1.8000,1.5658
2684511,1.8000,1.5787
2685011,1.8000,1.5779
2685511,1.8000,1.5835
2686011,1.8000,1.5859
2686511,1.8000,1.5859
2687011,1.8000,1.5924
2687511,1.8000,1.5771
2688011,1.8000,1.5843
2688511,1.8000,1.5859
2689011,1.8000,1.5835
2689511,1.8000,1.5835
2690011,1.8000,1.5835
2690511,1.8000,1.5835
2691011,1.8000,1.5755
2691511,1.8000,1.5884
2692011,1.8000,1.5859
2692511,1.8000,1.5779
2693011,1.8000,1.5779
2693511,1.8000,1.5908
2694011,1.8000,1.5771
2694511,1.8000,1.5674
2695011,1.8000,1.5843
2695511,1.8000,1.5859
2696011,1.8000,1.5787
2696511,1.8000,1.5787
2697011,1.8000,1.5843
2697511,1.8000,1.5819
2698011,1.8000,1.5908
2698511,1.8000,1.5755
2699011,1.8000,1.5803
2699511,1.8000,1.5859
2700011,1.8000,1.5811
2700511,1.8000,1.5867
2701011,1.8000,1.5779
2701511,1.8000,1.5851
2702011,1.8000,1.5875
2702511,1.8000,1.5835
2703011,1.8000,1.5803
2703511,1.8000,1.5787
2704011,1.8000,1.5859
2704511,1.8000,1.5811
2705011,1.8000,1.5843
2705511,1.8000,1.5714
2706011,1.8000,1.5819
2706511,1.8000,1.5859
2707011,1.8000,1.5682
2707511,1.8000,1.5859
2708011,1.8000,1.5803
2708511,1.8000,1.5811
2709011,1.8000,1.5859
2709511,1.8000,1.5819
2710011,1.8000,1.5843
2710511,1.8000,1.5730
2711011,1.8000,1.5972
2711511,1.8000,1.5851
2712011,1.8000,1.5771
2712511,1.8000,1.5811
2713011,1.8000,1.5867
2713511,1.8000,1.5843
2714011,1.8000,1.5884
2714511,1.8000,1.5932
2715011,1.8000,1.5819
2715511,1.8000,1.5940
2716011,1.8000,1.5996
2716511,1.8000,1.5803
2717011,1.8000,1.5601
2717511,1.8000,1.5851
2718011,1.8000,1.5859
2718511,1.8000,1.5738
2719011,1.8000,1.5900
2719511,1.8000,1.5835
2720011,1.8000,1.5819
2720511,1.8000,1.5787
2721011,1.8000,1.5819
2721511,1.8000,1.5819
2722011,1.8000,1.5859
2722511,1.8000,1.5827
2723011,1.8000,1.5811
2723511,1.8000,1.5900
2724011,1.8000,1.5875
2724511,1.8000,1.5843
2725011,1.8000,1.5738
2725511,1.8000,1.5900
2726011,1.8000,1.5843
2726511,1.8000,1.5884
2727011,1.8000,1.5859
2727511,1.8000,1.5835
2728011,1.8000,1.5771
2728511,1.8000,1.5819
2729011,1.8000,1.5811
2729511,1.8000,1.5787
2730011,1.8000,1.5859
2730511,1.8000,1.5900
2731011,1.8000,1.5819
2731511,1.8000,1.5859
2732011,1.8000,1.5682
2732511,1.8000,1.5859
2733011,1.8000,1.5843
2733511,1.8000,1.5875
2734011,1.8000,1.5908
2734511,1.8000,1.5851
2735011,1.8000,1.5859
2735511,1.8000,1.5843
2736011,1.8000,1.5859
2736511,1.8000,1.5835
2737011,1.8000,1.5875
2737511,1.8000,1.5755
2738011,1.8000,1.5851
2738511,1.8000,1.5859
2739011,1.8000,1.5835
2739511,1.8000,1.5859
2740011,1.8000,1.5875
2740511,1.8000,1.5875
2741011,1.8000,1.5900
2741511,1.8000,1.5988
2742011,1.8000,1.5819
2742511,1.8000,1.5867
2743011,1.8000,1.5771
2743511,1.8000,1.5859
2744011,1.8000,1.5755
2744511,1.8000,1.5940
2745011,1.8000,1.5900
2745511,1.8000,1.6190
2746011,1.8000,1.5859
2746511,1.8000,1.5859
2747011,1.8000,1.5787
2747511,1.8000,1.5940
2748011,1.8000,1.5908
2748511,1.8000,1.5908
2749011,1.8000,1.5811
2749511,1.8000,1.5916
2750011,1.8000,1.5859
2750511,1.8000,1.5859
2751011,1.8000,1.5908
2751511,1.8000,1.5851
2752011,1.8000,1.5867
2752511,1.8000,1.5819
2753011,1.8000,1.5835
2753511,1.8000,1.5819
2754011,1.8000,1.5859
2754511,1.8000,1.5900
2755011,1.8000,1.5787
2755511,1.8000,1.5884
2756011,1.8000,1.5867
2756511,1.8000,1.5859
2757011,1.8000,1.5892
2757511,1.8000,1.5803
2758011,1.8000,1.5859
2758511,1.8000,1.5884
2759011,1.8000,1.6021
2759511,1.8000,1.5859
2760011,1.8000,1.5851
2760511,1.8000,1.5900
2761011,1.8000,1.5908
2761511,1.8000,1.5811
2762011,1.8000,1.5892
2762511,1.8000,1.5819
2763011,1.8000,1.5867
2763511,1.8000,1.5948
2764011,1.8000,1.5916
2764511,1.8000,1.5859
2765011,1.8000,1.5859
2765511,1.8000,1.6004
2766011,1.8000,1.5964
2766511,1.8000,1.5884
2767011,1.8000,1.5940
2767511,1.8000,1.5900
2768011,1.8000,1.5916
2768511,1.8000,1.5980
2769011,1.8000,1.5867
2769511,1.8000,1.5908
2770011,1.8000,1.5892
2770511,1.8000,1.5859
2771011,1.8000,1.5859
2771511,1.8000,1.6262
2772011,1.8000,1.6109
2772511,1.8000,1.5601
2773011,1.8000,1.6029
2773511,1.8000,1.5916
2774011,1.8000,1.5875
2774511,1.8000,1.5875
2775011,1.8000,1.5964
2775511,1.8000,1.5996
2776011,1.8000,1.5867
2776511,1.8000,1.5972
2777011,1.8000,1.5884
2777511,1.8000,1.6037
2778011,1.8000,1.5819
2778511,1.8000,1.5900
2779011,1.8000,1.5940
2779511,1.8000,1.5884
2780011,1.8000,1.5996
2780511,1.8000,1.5795
2781011,1.8000,1.5884
2781511,1.8000,1.5916
2782011,1.8000,1.5948
2782511,1.8000,1.5867
2783011,1.8000,1.5859
2783511,1.8000,1.5875
2784011,1.8000,1.5932
2784511,1.8000,1.5932
2785011,1.8000,1.5811
2785511,1.8000,1.5884
2786011,1.8000,1.6077
2786511,1.8000,1.5988
2787011,1.8000,1.5916
2787511,1.8000,1.5859
2788011,1.8000,1.5956
2788511,1.8000,1.5956
2789011,1.8000,1.5972
2789511,1.8000,1.5892
2790011,1.8000,1.5988
2790511,1.8000,1.6037
2791011,1.8000,1.6012
2791511,1.8000,1.5980
2792011,1.8000,1.5996
2792511,1.8000,1.6045
2793011,1.8000,1.5964
2793511,1.8000,1.5900
2794011,1.8000,1.5940
2794511,1.8000,1.5884
2795011,1.8000,1.5964
2795511,1.8000,1.6085
2796011,1.8000,1.5859
2796511,1.8000,1.5972
2797011,1.8000,1.5956
2797511,1.8000,1.5964
2798011,1.8000,1.5747
2798511,1.8000,1.5875
2799011,1.8000,1.5892
2799511,1.8000,1.5964
2800011,1.8000,1.5980
2800511,1.8000,1.5908
2801011,1.8000,1.5980
2801511,1.8000,1.5859
2802011,1.8000,1.5972
2802511,1.8000,1.5956
2803011,1.8000,1.5859
2803511,1.8000,1.5932
2804011,1.8000,1.5916
2804511,1.8000,1.5795
2805011,1.8000,1.5980
2805511,1.8000,1.6004
2806011,1.8000,1.5948
2806511,1.8000,1.5980
2807011,1.8000,1.5940
2807511,1.8000,1.6117
2808011,1.8000,1.5932
2808511,1.8000,1.6133
2809011,1.8000,1.5900
2809511,1.8000,1.5940
2810011,1.8000,1.5948
2810511,1.8000,1.5980
2811011,1.8000,1.5940
2811511,1.8000,1.5892
2812011,1.8000,1.5948
2812511,1.8000,1.5875
2813011,1.8000,1.5948
2813511,1.8000,1.5948
2814011,1.8000,1.6004
2814511,1.8000,1.5932
2815011,1.8000,1.5972
2815511,1.8000,1.5980
2816011,1.8000,1.5916
2816511,1.8000,1.5908
2817011,1.8000,1.6045
2817511,1.8000,1.5867
2818011,1.8000,1.5972
2818511,1.8000,1.5859
2819011,1.8000,1.6029
2819511,1.8000,1.5956
2820011,1.8000,1.6085
2820511,1.8000,1.5988
2821011,1.8000,1.5908
2821511,1.8000,1.6029
2822011,1.8000,1.5956
2822511,1.8000,1.5916
2823011,1.8000,1.5916
2823511,1.8000,1.5948
2824011,1.8000,1.5771
2824511,1.8000,1.5884
2825011,1.8000,1.5988
2825511,1.8000,1.5884
2826011,1.8000,1.6117
2826511,1.8000,1.5859
2827011,1.8000,1.6125
2827511,1.8000,1.5980
2828011,1.8000,1.6012
2828511,1.8000,1.6077
2829011,1.8000,1.5972
2829511,1.8000,1.5996
2830011,1.8000,1.5956
2830511,1.8000,1.5803
2831011,1.8000,1.6004
2831511,1.8000,1.5988
2832011,1.8000,1.5900
2832511,1.8000,1.5948
2833011,1.8000,1.5980
2833511,1.8000,1.5996
2834011,1.8000,1.5900
2834511,1.8000,1.5980
2835011,1.8000,1.5884
2835511,1.8000,1.5948
2836011,1.8000,1.6037
2836511,1.8000,1.5964
2837011,1.8000,1.5972
2837511,1.8000,1.5972
2838011,1.8000,1.5996
2838511,1.8000,1.5932
2839011,1.8000,1.6141
2839511,1.8000,1.5996
2840011,1.8000,1.6125
2840511,1.8000,1.5988
2841011,1.8000,1.5618
2841511,1.8000,1.6206
2842011,1.8000,1.5916
2842511,1.8000,1.5916
2843011,1.8000,1.6029
2843511,1.8000,1.5900
2844011,1.8000,1.6037
2844511,1.8000,1.6029
2845011,1.8000,1.5980
2845511,1.8000,1.6029
2846011,1.8000,1.5996
2846511,1.8000,1.6222
2847011,1.8000,1.6004
2847511,1.8000,1.5932
2848011,1.8000,1.5948
2848511,1.8000,1.5988
2849011,1.8000,1.5972
2849511,1.8000,1.6037
2850011,1.8000,1.5867
2850511,1.8000,1.6093
2851011,1.8000,1.6391
2851511,1.8000,1.6053
2852011,1.8000,1.5948
2852511,1.8000,1.5932
2853011,1.8000,1.6190
2853511,1.8000,1.6004
2854011,1.8000,1.6012
2854511,1.8000,1.6029
2855011,1.8000,1.6029
2855511,1.8000,1.6037
2856011,1.8000,1.5658
2856511,1.8000,1.6012
2857011,1.8000,1.5843
2857511,1.8000,1.6093
2858011,1.8000,1.6061
2858511,1.8000,1.5988
2859011,1.8000,1.6004
2859511,1.8000,1.6037
2860011,1.8000,1.5884
2860511,1.8000,1.6045
2861011,1.8000,1.5932
2861511,1.8000,1.5996
2862011,1.8000,1.6053
2862511,1.8000,1.6045
2863011,1.8000,1.5980
2863511,1.8000,1.6045
2864011,1.8000,1.5988
2864511,1.8000,1.5988
2865011,1.8000,1.6037
2865511,1.8000,1.6045
2866011,1.8000,1.5956
2866511,1.8000,1.5996
2867011,1.8000,1.5972
2867511,1.8000,1.5988
2868011,1.8000,1.5900
2868511,1.8000,1.6109
2869011,1.8000,1.5996
2869511,1.8000,1.6012
2870011,1.8000,1.5932
2870511,1.8000,1.6004
2871011,1.8000,1.6012
2871511,1.8000,1.5940
2872011,1.8000,1.6004
2872511,1.8000,1.5988
2873011,1.8000,1.6117
2873511,1.8000,1.6061
2874011,1.8000,1.5972
2874511,1.8000,1.5988
2875011,1.8000,1.6045
2875511,1.8000,1.6012
2876011,1.8000,1.6029
2876511,1.8000,1.6069
2877011,1.8000,1.6012
2877511,1.8000,1.6101
2878011,1.8000,1.6037
2878511,1.8000,1.6061
2879011,1.8000,1.6061
2879511,1.8000,1.6012
2880011,1.8000,1.6037
2880511,1.8000,1.5948
2881011,1.8000,1.6012
2881511,1.8000,1.5924
2882011,1.8000,1.6117
2882511,1.8000,1.5972
2883011,1.8000,1.5988
2883511,1.8000,1.5980
2884011,1.8000,1.6230
2884511,1.8000,1.6012
2885011,1.8000,1.5988
2885511,1.8000,1.5996
2886011,1.8000,1.5964
2886511,1.8000,1.5996
2887011,1.8000,1.6012
2887511,1.8000,1.5988
2888011,1.8000,1.5980
2888511,1.8000,1.5916
2889011,1.8000,1.5996
2889511,1.8000,1.6117
2890011,1.8000,1.5996
2890511,1.8000,1.5892
2891011,1.8000,1.6045
2891511,1.8000,1.6012
2892011,1.8000,1.6037
2892511,1.8000,1.5908
2893011,1.8000,1.6029
2893511,1.8000,1.5996
2894011,1.8000,1.6045
2894511,1.8000,1.5972
2895011,1.8000,1.6069
2895511,1.8000,1.5988
2896011,1.8000,1.6077
2896511,1.8000,1.6045
2897011,1.8000,1.5908
2897511,1.8000,1.6093
2898011,1.8000,1.6012
2898511,1.8000,1.5988
2899011,1.8000,1.5980
2899511,1.8000,1.5940
2900011,1.8000,1.6085
2900511,1.8000,1.6004
2901011,1.8000,1.5980
2901511,1.8000,1.6021
2902011,1.8000,1.5972
2902511,1.8000,1.6085
2903011,1.8000,1.5948
2903511,1.8000,1.5988
2904011,1.8000,1.6029
2904511,1.8000,1.5988
2905011,1.8000,1.6109
2905511,1.8000,1.6012
2906011,1.8000,1.6037
2906511,1.8000,1.5948
2907011,1.8000,1.6117
2907511,1.8000,1.6133
2908011,1.8000,1.6037
2908511,1.8000,1.6012
2909011,1.8000,1.6093
2909511,1.8000,1.6029
2910011,1.8000,1.6117
2910511,1.8000,1.6004
2911011,1.8000,1.6045
2911511,1.8000,1.5851
2912011,1.8000,1.6158
2912511,1.8000,1.6077
2913011,1.8000,1.6077
2913511,1.8000,1.6085
2914011,1.8000,1.6012
2914511,1.8000,1.5884
2915011,1.8000,1.6069
2915511,1.8000,1.6109
2916011,1.8000,1.6045
2916511,1.8000,1.5980
2917011,1.8000,1.5980
2917511,1.8000,1.6117
2918011,1.8000,1.6093
2918511,1.8000,1.6133
2919011,1.8000,1.6069
2919511,1.8000,1.5988
2920011,1.8000,1.6206
2920511,1.8000,1.6101
2921011,1.8000,1.6117
2921511,1.8000,1.5996
2922011,1.8000,1.6133
2922511,1.8000,1.6053
2923011,1.8000,1.6093
2923511,1.8000,1.6077
2924011,1.8000,1.6029
2924511,1.8000,1.6045
2925011,1.8000,1.6158
2925511,1.8000,1.6133
2926011,1.8000,1.6117
2926511,1.8000,1.6037
2927011,1.8000,1.5972
2927511,1.8000,1.6069
2928011,1.8000,1.6069
2928511,1.8000,1.6012
2929011,1.8000,1.6133
2929511,1.8000,1.6117
2930011,1.8000,1.6109
2930511,1.8000,1.6069
2931011,1.8000,1.6109
2931511,1.8000,1.6012
2932011,1.8000,1.5972
2932511,1.8000,1.6012
2933011,1.8000,1.6029
2933511,1.8000,1.6045
2934011,1.8000,1.6109
2934511,1.8000,1.6109
2935011,1.8000,1.6158
2935511,1.8000,1.5964
2936011,1.8000,1.6093
2936511,1.8000,1.5867
2937011,1.8000,1.6093
2937511,1.8000,1.6053
2938011,1.8000,1.6077
2938511,1.8000,1.6045
2939011,1.8000,1.5948
2939511,1.8000,1.6093
2940011,1.8000,1.6004
2940511,1.8000,1.6069
2941011,1.8000,1.5972
2941511,1.8000,1.6029
2942011,1.8000,1.6117
2942511,1.8000,1.6101
2943011,1.8000,1.6158
2943511,1.8000,1.6029
2944011,1.8000,1.6021
2944511,1.8000,1.6133
2945011,1.8000,1.6270
2945511,1.8000,1.5964
2946011,1.8000,1.6230
2946511,1.8000,1.6230
2947011,1.8000,1.6021
2947511,1.8000,1.6101
2948011,1.8000,1.6117
2948511,1.8000,1.6061
2949011,1.8000,1.6125
2949511,1.8000,1.6158
2950011,1.8000,1.6004
2950511,1.8000,1.6125
2951011,1.8000,1.6117
2951511,1.8000,1.6069
2952011,1.8000,1.6037
2952511,1.8000,1.6109
2953011,1.8000,1.6069
2953511,1.8000,1.6077
2954011,1.8000,1.6359
2954511,1.8000,1.5980
2955011,1.8000,1.6069
2955511,1.8000,1.6101
2956011,1.8000,1.5988
2956511,1.8000,1.6012
2957011,1.8000,1.6125
2957511,1.8000,1.6069
2958011,1.8000,1.6101
2958511,1.8000,1.6125
2959011,1.8000,1.6190
2959511,1.8000,1.6101
2960011,1.8000,1.6158
2960511,1.8000,1.6238
2961011,1.8000,1.6158
2961511,1.8000,1.6061
2962011,1.8000,1.6037
2962511,1.8000,1.6117
2963011,1.8000,1.5996
2963511,1.8000,1.6125
2964011,1.8000,1.6037
2964511,1.8000,1.6109
2965011,1.8000,1.6061
2965511,1.8000,1.6101
2966011,1.8000,1.6117
2966511,1.8000,1.6109
2967011,1.8000,1.6254
2967511,1.8000,1.6109
2968011,1.8000,1.6117
2968511,1.8000,1.6117
2969011,1.8000,1.6117
2969511,1.8000,1.6117
2970011,1.8000,1.6125
2970511,1.8000,1.5948
2971011,1.8000,1.6206
2971511,1.8000,1.5996
2972011,1.8000,1.6117
2972511,1.8000,1.6319
2973011,1.8000,1.6077
2973511,1.8000,1.6166
2974011,1.8000,1.6117
2974511,1.8000,1.6053
2975011,1.8000,1.6101
2975511,1.8000,1.6125
2976011,1.8000,1.6141
2976511,1.8000,1.6101
2977011,1.8000,1.6303
2977511,1.8000,1.6141
2978011,1.8000,1.6085
2978511,1.8000,1.6141
2979011,1.8000,1.6069
2979511,1.8000,1.6158
2980011,1.8000,1.6069
2980511,1.8000,1.6117
2981011,1.8000,1.6069
2981511,1.8000,1.6125
2982011,1.8000,1.6117
2982511,1.8000,1.6254
2983011,1.8000,1.6085
2983511,1.8000,1.6012
2984011,1.8000,1.6174
2984511,1.8000,1.6093
2985011,1.8000,1.6093
2985511,1.8000,1.6085
2986011,1.8000,1.6198
2986511,1.8000,1.6117
2987011,1.8000,1.6125
2987511,1.8000,1.6174
2988011,1.8000,1.6222
2988511,1.8000,1.6109
2989011,1.8000,1.6351
2989511,1.8000,1.6174
2990011,1.8000,1.6270
2990511,1.8000,1.6117
2991011,1.8000,1.6012
2991511,1.8000,1.6093
2992011,1.8000,1.6166
2992511,1.8000,1.6109
2993011,1.8000,1.6125
2993511,1.8000,1.5996
2994011,1.8000,1.6109
2994511,1.8000,1.5972
2995011,1.8000,1.6141
2995511,1.8000,1.6101
2996011,1.8000,1.6117
2996511,1.8000,1.6077
2997011,1.8000,1.6117
2997511,1.8000,1.6230
2998011,1.8000,1.6141
2998511,1.8000,1.6125
2999011,1.8000,1.6206
2999511,1.8000,1.6133
3000011,1.8000,1.6141
3000511,1.8000,1.6158
3001011,1.8000,1.6166
3001511,1.8000,1.6190
3002011,1.8000,1.6012
3002511,1.8000,1.6125
3003011,1.8000,1.6230
3003511,1.8000,1.6158
3004011,1.8000,1.5916
3004511,1.8000,1.6375
3005011,1.8000,1.6061
3005511,1.8000,1.6117
3006011,1.8000,1.6303
3006511,1.8000,1.6238
3007011,1.8000,1.6093
3007511,1.8000,1.6101
3008011,1.8000,1.6133
3008511,1.8000,1.6101
3009011,1.8000,1.6166
3009511,1.8000,1.6166
3010011,1.8000,1.6270
3010511,1.8000,1.6069
3011011,1.8000,1.6149
3011511,1.8000,1.6109
3012011,1.8000,1.6133
3012511,1.8000,1.6158
3013011,1.8000,1.6109
3013511,1.8000,1.6117
3014011,1.8000,1.6254
3014511,1.8000,1.6190
3015011,1.8000,1.6117
3015511,1.8000,1.6206
3016011,1.8000,1.6270
3016511,1.8000,1.6174
3017011,1.8000,1.6238
3017511,1.8000,1.6093
3018011,1.8000,1.6141
3018511,1.8000,1.6238
3019011,1.8000,1.6166
3019511,1.8000,1.6141
3020011,1.8000,1.6166
3020511,1.8000,1.6222
3021011,1.8000,1.6141
3021511,1.8000,1.6190
3022011,1.8000,1.6133
3022511,1.8000,1.6045
3023011,1.8000,1.6158
3023511,1.8000,1.6093
3024011,1.8000,1.6166
3024511,1.8000,1.6166
3025011,1.8000,1.6158
3025511,1.8000,1.5996
3026011,1.8000,1.6117
3026511,1.8000,1.5916
3027011,1.8000,1.6174
3027511,1.8000,1.6149
3028011,1.8000,1.6295
3028511,1.8000,1.6238
3029011,1.8000,1.6230
3029511,1.8000,1.6141
3030011,1.8000,1.6230
3030511,1.8000,1.6206
3031011,1.8000,1.6206
3031511,1.8000,1.6158
3032011,1.8000,1.6117
3032511,1.8000,1.6166
3033011,1.8000,1.6166
3033511,1.8000,1.6238
3034011,1.8000,1.6166
3034511,1.8000,1.6198
3035011,1.8000,1.6206
3035511,1.8000,1.6117
3036011,1.8000,1.6158
3036511,1.8000,1.6238
3037011,1.8000,1.6117
3037511,1.8000,1.6174
3038011,1.8000,1.6117
3038511,1.8000,1.6125
3039011,1.8000,1.6117
3039511,1.8000,1.6133
3040011,1.8000,1.6133
3040511,1.8000,1.6149
3041011,1.8000,1.6254
3041511,1.8000,1.6190
3042011,1.8000,1.6141
3042511,1.8000,1.6158
3043011,1.8000,1.6125
3043511,1.8000,1.6222
3044011,1.8000,1.6319
3044511,1.8000,1.6190
3045011,1.8000,1.6117
3045511,1.8000,1.6109
3046011,1.8000,1.6158
3046511,1.8000,1.6230
3047011,1.8000,1.6117
3047511,1.8000,1.6190
3048011,1.8000,1.6158
3048511,1.8000,1.6206
3049011,1.8000,1.6198
3049511,1.8000,1.6166
3050011,1.8000,1.6230
3050511,1.8000,1.6158
3051011,1.8000,1.6141
3051511,1.8000,1.6206
3052011,1.8000,1.6141
3052511,1.8000,1.6117
3053011,1.8000,1.6206
3053511,1.8000,1.6166
3054011,1.8000,1.6295
3054511,1.8000,1.6254
3055011,1.8000,1.6125
3055511,1.8000,1.6117
3056011,1.8000,1.6295
3056511,1.8000,1.6174
3057011,1.8000,1.6174
3057511,1.8000,1.6117
3058011,1.8000,1.6061
3058511,1.8000,1.6286
3059011,1.8000,1.6262
3059511,1.8000,1.6117
3060011,1.8000,1.6174
3060511,1.8000,1.6174
3061011,1.8000,1.6125
3061511,1.8000,1.6133
3062011,1.8000,1.6262
3062511,1.8000,1.6238
3063011,1.8000,1.6222
3063511,1.8000,1.6222
3064011,1.8000,1.6238
3064511,1.8000,1.6238
3065011,1.8000,1.6037
3065511,1.8000,1.6222
3066011,1.8000,1.6029
3066511,1.8000,1.5972
3067011,1.8000,1.6166
3067511,1.8000,1.6117
3068011,1.8000,1.6343
3068511,1.8000,1.6141
3069011,1.8000,1.6117
3069511,1.8000,1.6174
3070011,1.8000,1.6246
3070511,1.8000,1.6125
3071011,1.8000,1.6101
3071511,1.8000,1.6190
3072011,1.8000,1.6198
3072511,1.8000,1.6117
3073011,1.8000,1.6214
3073511,1.8000,1.6158
3074011,1.8000,1.6335
3074511,1.8000,1.6246
3075011,1.8000,1.6190
3075511,1.8000,1.6238
3076011,1.8000,1.6125
3076511,1.8000,1.6198
3077011,1.8000,1.6206
3077511,1.8000,1.6158
3078011,1.8000,1.6488
3078511,1.8000,1.6246
3079011,1.8000,1.6166
3079511,1.8000,1.6190
3080011,1.8000,1.6303
3080511,1.8000,1.6254
3081011,1.8000,1.6190
3081511,1.8000,1.6182
3082011,1.8000,1.6230
3082511,1.8000,1.6117
3083011,1.8000,1.6254
3083511,1.8000,1.6166
3084011,1.8000,1.6117
3084511,1.8000,1.6174
3085011,1.8000,1.6174
3085511,1.8000,1.6166
3086011,1.8000,1.6222
3086511,1.8000,1.6609
3087011,1.8000,1.6230
3087511,1.8000,1.6270
3088011,1.8000,1.6254
3088511,1.8000,1.6238
3089011,1.8000,1.6198
3089511,1.8000,1.6295
3090011,1.8000,1.6174
3090511,1.8000,1.5988
3091011,1.8000,1.6077
3091511,1.8000,1.6415
3092011,1.8000,1.6166
3092511,1.8000,1.6262
3093011,1.8000,1.6238
3093511,1.8000,1.6206
3094011,1.8000,1.6214
3094511,1.8000,1.6166
3095011,1.8000,1.6174
3095511,1.8000,1.6149
3096011,1.8000,1.6238
3096511,1.8000,1.6077
3097011,1.8000,1.6423
3097511,1.8000,1.6222
3098011,1.8000,1.6174
3098511,1.8000,1.6262
3099011,1.8000,1.6262
3099511,1.8000,1.6295
3100011,1.8000,1.6206
3100511,1.8000,1.6238
3101011,1.8000,1.6174
3101511,1.8000,1.6367
3102011,1.8000,1.6367
3102511,1.8000,1.6278
3103011,1.8000,1.6270
3103511,1.8000,1.6198
3104011,1.8000,1.6359
3104511,1.8000,1.6351
3105011,1.8000,1.6174
3105511,1.8000,1.6230
3106011,1.8000,1.6206
3106511,1.8000,1.6319
3107011,1.8000,1.6246
3107511,1.8000,1.6158
3108011,1.8000,1.5900
3108511,1.8000,1.6158
3109011,1.8000,1.6206
3109511,1.8000,1.6166
3110011,1.8000,1.6246
3110511,1.8000,1.6222
3111011,1.8000,1.6295
3111511,1.8000,1.6198
3112011,1.8000,1.6303
3112511,1.8000,1.6174
3113011,1.8000,1.6077
3113511,1.8000,1.6238
3114011,1.8000,1.6286
3114511,1.8000,1.6198
3115011,1.8000,1.6198
3115511,1.8000,1.6158
3116011,1.8000,1.6109
3116511,1.8000,1.6117
3117011,1.8000,1.6222
3117511,1.8000,1.6303
3118011,1.8000,1.6214
3118511,1.8000,1.6222
3119011,1.8000,1.6174
3119511,1.8000,1.6141
3120011,1.8000,1.6254
3120511,1.8000,1.6254
3121011,1.8000,1.6359
3121511,1.8000,1.6093
3122011,1.8000,1.6174
3122511,1.8000,1.6351
3123011,1.8000,1.6214
3123511,1.8000,1.6415
3124011,1.8000,1.6359
3124511,1.8000,1.6246
3125011,1.8000,1.6214
3125511,1.8000,1.6238
3126011,1.8000,1.6230
3126511,1.8000,1.6214
3127011,1.8000,1.6375
3127511,1.8000,1.6375
3128011,1.8000,1.6238
3128511,1.8000,1.6149
3129011,1.8000,1.6198
3129511,1.8000,1.6238
3130011,1.8000,1.6303
3130511,1.8000,1.6166
3131011,1.8000,1.6238
3131511,1.8000,1.6278
3132011,1.8000,1.6174
3132511,1.8000,1.6262
3133011,1.8000,1.6286
3133511,1.8000,1.6206
3134011,1.8000,1.6319
3134511,1.8000,1.6359
3135011,1.8000,1.6270
3135511,1.8000,1.6238
3136011,1.8000,1.6254
3136511,1.8000,1.6230
3137011,1.8000,1.6278
3137511,1.8000,1.6206
3138011,1.8000,1.6166
3138511,1.8000,1.6270
3139011,1.8000,1.6254
3139511,1.8000,1.6198
3140011,1.8000,1.6295
3140511,1.8000,1.6101
3141011,1.8000,1.6238
3141511,1.8000,1.6125
3142011,1.8000,1.6230
3142511,1.8000,1.6254
3143011,1.8000,1.6238
3143511,1.8000,1.6230
3144011,1.8000,1.6303
3144511,1.8000,1.6238
3145011,1.8000,1.6141
3145511,1.8000,1.6270
3146011,1.8000,1.6198
3146511,1.8000,1.6295
3147011,1.8000,1.6133
3147511,1.8000,1.6335
3148011,1.8000,1.6109
3148511,1.8000,1.6174
3149011,1.8000,1.6230
3149511,1.8000,1.6270
3150011,1.8000,1.6117
3150511,1.8000,1.6319
3151011,1.8000,1.6238
3151511,1.8000,1.6222
3152011,1.8000,1.6230
3152511,1.8000,1.6254
3153011,1.8000,1.6351
3153511,1.8000,1.6262
3154011,1.8000,1.6230
3154511,1.8000,1.6303
3155011,1.8000,1.6206
3155511,1.8000,1.6335
3156011,1.8000,1.6303
3156511,1.8000,1.6286
3157011,1.8000,1.6246
3157511,1.8000,1.6246
3158011,1.8000,1.6222
3158511,1.8000,1.6174
3159011,1.8000,1.6133
3159511,1.8000,1.6174
3160011,1.8000,1.6174
3160511,1.8000,1.6295
3161011,1.8000,1.6246
3161511,1.8000,1.6190
3162011,1.8000,1.6270
3162511,1.8000,1.6286
3163011,1.8000,1.6222
3163511,1.8000,1.6077
3164011,1.8000,1.6166
3164511,1.8000,1.6222
3165011,1.8000,1.6093
3165511,1.8000,1.6190
3166011,1.8000,1.6222
3166511,1.8000,1.6278
3167011,1.8000,1.6174
3167511,1.8000,1.6351
3168011,1.8000,1.6230
3168511,1.8000,1.6335
3169011,1.8000,1.6222
3169511,1.8000,1.6286
3170011,1.8000,1.6278
3170511,1.8000,1.6351
3171011,1.8000,1.6125
3171511,1.8000,1.6246
3172011,1.8000,1.6303
3172511,1.8000,1.6295
3173011,1.8000,1.6222
3173511,1.8000,1.6230
3174011,1.8000,1.6230
3174511,1.8000,1.6246
3175011,1.8000,1.6141
3175511,1.8000,1.6295
3176011,1.8000,1.6158
3176511,1.8000,1.6174
3177011,1.8000,1.6198
3177511,1.8000,1.5996
3178011,1.8000,1.6190
3178511,1.8000,1.6286
3179011,1.8000,1.6174
3179511,1.8000,1.6206
3180011,1.8000,1.6343
3180511,1.8000,1.6230
3181011,1.8000,1.6303
3181511,1.8000,1.6303
3182011,1.8000,1.6327
3182511,1.8000,1.6182
3183011,1.8000,1.6141
3183511,1.8000,1.6335
3184011,1.8000,1.6222
3184511,1.8000,1.6270
3185011,1.8000,1.6335
3185511,1.8000,1.6254
3186011,1.8000,1.6278
3186511,1.8000,1.6053
3187011,1.8000,1.6303
3187511,1.8000,1.6327
3188011,1.8000,1.6278
3188511,1.8000,1.6117
3189011,1.8000,1.6230
3189511,1.8000,1.6238
3190011,1.8000,1.6222
3190511,1.8000,1.6246
3191011,1.8000,1.6415
3191511,1.8000,1.6295
3192011,1.8000,1.6238
3192511,1.8000,1.6327
3193011,1.8000,1.6367
3193511,1.8000,1.6117
3194011,1.8000,1.6278
3194511,1.8000,1.6246
3195011,1.8000,1.6375
3195511,1.8000,1.6351
3196011,1.8000,1.6262
3196511,1.8000,1.6367
3197011,1.8000,1.6254
3197511,1.8000,1.6327
3198011,1.8000,1.6399
3198511,1.8000,1.6327
3199011,1.8000,1.6359
3199511,1.8000,1.6238
3200011,1.8000,1.6319
3200511,1.8000,1.6335
3201011,1.8000,1.6246
3201511,1.8000,1.6335
3202011,1.8000,1.6270
3202511,1.8000,1.6351
3203011,1.8000,1.6327
3203511,1.8000,1.6149
3204011,1.8000,1.6262
3204511,1.8000,1.6375
3205011,1.8000,1.6295
3205511,1.8000,1.6286
3206011,1.8000,1.6415
3206511,1.8000,1.6158
3207011,1.8000,1.6303
3207511,1.8000,1.6303
3208011,1.8000,1.6335
3208511,1.8000,1.6230
3209011,1.8000,1.6399
3209511,1.8000,1.6295
3210011,1.8000,1.6359
3210511,1.8000,1.6238
3211011,1.8000,1.6246
3211511,1.8000,1.6375
3212011,1.8000,1.6335
3212511,1.8000,1.6303
3213011,1.8000,1.6335
3213511,1.8000,1.6286
3214011,1.8000,1.6262
3214511,1.8000,1.6327
3215011,1.8000,1.6254
3215511,1.8000,1.6303
3216011,1.8000,1.6286
3216511,1.8000,1.6415
3217011,1.8000,1.6286
3217511,1.8000,1.6367
3218011,1.8000,1.6303
3218511,1.8000,1.6367
3219011,1.8000,1.6303
3219511,1.8000,1.6278
3220011,1.8000,1.6125
3220511,1.8000,1.6375
3221011,1.8000,1.6286
3221511,1.8000,1.6117
3222011,1.8000,1.6254
3222511,1.8000,1.6069
3223011,1.8000,1.6335
3223511,1.8000,1.6254
3224011,1.8000,1.6351
3224511,1.8000,1.6496
3225011,1.8000,1.6303
3225511,1.8000,1.6230
3226011,1.8000,1.6214
3226511,1.8000,1.6286
3227011,1.8000,1.6432
3227511,1.8000,1.5988
3228011,1.8000,1.6375
3228511,1.8000,1.6295
3229011,1.8000,1.6335
3229511,1.8000,1.6327
3230011,1.8000,1.6278
3230511,1.8000,1.6375
3231011,1.8000,1.6295
3231511,1.8000,1.6327
3232011,1.8000,1.6254
3232511,1.8000,1.6270
3233011,1.8000,1.6286
3233511,1.8000,1.6367
3234011,1.8000,1.6343
3234511,1.8000,1.6286
3235011,1.8000,1.6246
3235511,1.8000,1.6319
3236011,1.8000,1.6335
3236511,1.8000,1.6262
3237011,1.8000,1.6423
3237511,1.8000,1.6359
3238011,1.8000,1.6391
3238511,1.8000,1.6303
3239011,1.8000,1.6375
3239511,1.8000,1.6359
3240011,1.8000,1.6359
3240511,1.8000,1.6222
3241011,1.8000,1.6286
3241511,1.8000,1.6351
3242011,1.8000,1.6415
3242511,1.8000,1.6319
3243011,1.8000,1.6101
3243511,1.8000,1.6375
3244011,1.8000,1.6270
3244511,1.8000,1.6367
3245011,1.8000,1.6351
3245511,1.8000,1.6327
3246011,1.8000,1.6367
3246511,1.8000,1.6375
3247011,1.8000,1.6319
3247511,1.8000,1.6351
3248011,1.8000,1.6327
3248511,1.8000,1.6375
3249011,1.8000,1.6238
3249511,1.8000,1.6375
3250011,1.8000,1.6351
3250511,1.8000,1.6222
3251011,1.8000,1.6351
3251511,1.8000,1.6351
3252011,1.8000,1.6286
3252511,1.8000,1.6246
3253011,1.8000,1.6391
3253511,1.8000,1.6432
3254011,1.8000,1.6375
3254511,1.8000,1.6319
3255011,1.8000,1.6432
3255511,1.8000,1.6391
3256011,1.8000,1.6286
3256511,1.8000,1.6270
3257011,1.8000,1.6343
3257511,1.8000,1.6117
3258011,1.8000,1.6351
3258511,1.8000,1.6448
3259011,1.8000,1.6375
3259511,1.8000,1.6399
3260011,1.8000,1.6319
3260511,1.8000,1.6375
3261011,1.8000,1.6367
3261511,1.8000,1.6375
3262011,1.8000,1.6375
3262511,1.8000,1.6351
3263011,1.8000,1.6327
3263511,1.8000,1.6375
3264011,1.8000,1.6262
3264511,1.8000,1.6367
3265011,1.8000,1.6375
3265511,1.8000,1.5988
3266011,1.8000,1.6383
3266511,1.8000,1.6351
3267011,1.8000,1.6375
3267511,1.8000,1.5988
3268011,1.8000,1.6359
3268511,1.8000,1.6464
3269011,1.8000,1.6109
3269511,1.8000,1.6295
3270011,1.8000,1.6456
3270511,1.8000,1.6206
3271011,1.8000,1.6359
3271511,1.8000,1.6303
3272011,1.8000,1.6327
3272511,1.8000,1.6391
3273011,1.8000,1.6295
3273511,1.8000,1.6415
3274011,1.8000,1.6254
3274511,1.8000,1.6109
3275011,1.8000,1.6375
3275511,1.8000,1.6327
3276011,1.8000,1.6351
3276511,1.8000,1.6367
3277011,1.8000,1.6560
3277511,1.8000,1.6383
3278011,1.8000,1.6359
3278511,1.8000,1.6649
3279011,1.8000,1.6367
3279511,1.8000,1.6375
3280011,1.8000,1.6327
3280511,1.8000,1.6335
3281011,1.8000,1.6383
3281511,1.8000,1.6367
3282011,1.8000,1.6496
3282511,1.8000,1.6303
3283011,1.8000,1.6335
3283511,1.8000,1.6367
3284011,1.8000,1.6480
3284511,1.8000,1.6432
3285011,1.8000,1.6399
3285511,1.8000,1.6238
3286011,1.8000,1.6375
3286511,1.8000,1.6383
3287011,1.8000,1.6270
3287511,1.8000,1.6423
3288011,1.8000,1.6488
3288511,1.8000,1.6367
3289011,1.8000,1.6319
3289511,1.8000,1.6391
3290011,1.8000,1.6391
3290511,1.8000,1.6375
3291011,1.8000,1.6391
3291511,1.8000,1.6633
3292011,1.8000,1.6351
3292511,1.8000,1.6367
3293011,1.8000,1.6335
3293511,1.8000,1.6415
3294011,1.8000,1.6432
3294511,1.8000,1.6609
3295011,1.8000,1.6278
3295511,1.8000,1.6432
3296011,1.8000,1.6432
3296511,1.8000,1.6375
3297011,1.8000,1.6391
3297511,1.8000,1.6375
3298011,1.8000,1.6375
3298511,1.8000,1.6375
3299011,1.8000,1.6319
3299511,1.8000,1.6423
3300011,1.8000,1.6399
3300511,1.8000,1.6472
3301011,1.8000,1.6601
3301511,1.8000,1.6391
3302011,1.8000,1.6415
3302511,1.8000,1.6230
3303011,1.8000,1.6456
3303511,1.8000,1.6391
3304011,1.8000,1.6319
3304511,1.8000,1.6367
3305011,1.8000,1.6375
3305511,1.8000,1.6448
3306011,1.8000,1.6448
3306511,1.8000,1.6415
3307011,1.8000,1.6375
3307511,1.8000,1.6415
3308011,1.8000,1.6375
3308511,1.8000,1.6375
3309011,1.8000,1.6375
3309511,1.8000,1.6399
3310011,1.8000,1.6391
3310511,1.8000,1.6391
3311011,1.8000,1.6367
3311511,1.8000,1.6448
3312011,1.8000,1.6415
3312511,1.8000,1.6375
3313011,1.8000,1.6423
3313511,1.8000,1.6375
3314011,1.8000,1.6367
3314511,1.8000,1.6375
3315011,1.8000,1.6383
3315511,1.8000,1.6375
3316011,1.8000,1.6359
3316511,1.8000,1.6383
3317011,1.8000,1.6456
3317511,1.8000,1.6399
3318011,1.8000,1.6432
3318511,1.8000,1.6407
3319011,1.8000,1.6456
3319511,1.8000,1.6496
3320011,1.8000,1.6415
3320511,1.8000,1.6488
3321011,1.8000,1.6335
3321511,1.8000,1.6480
3322011,1.8000,1.6391
3322511,1.8000,1.6343
3323011,1.8000,1.6303
3323511,1.8000,1.6303
3324011,1.8000,1.6286
3324511,1.8000,1.6391
3325011,1.8000,1.6472
3325511,1.8000,1.6254
3326011,1.8000,1.6415
3326511,1.8000,1.6375
3327011,1.8000,1.6480
3327511,1.8000,1.6448
3328011,1.8000,1.6440
3328511,1.8000,1.6464
3329011,1.8000,1.6375
3329511,1.8000,1.6464
3330011,1.8000,1.6174
3330511,1.8000,1.6399
3331011,1.8000,1.6456
3331511,1.8000,1.6415
3332011,1.8000,1.6399
3332511,1.8000,1.6577
3333011,1.8000,1.6496
3333511,1.8000,1.6423
3334011,1.8000,1.6375
3334511,1.8000,1.6560
3335011,1.8000,1.6432
3335511,1.8000,1.6399
3336011,1.8000,1.6496
3336511,1.8000,1.6399
3337011,1.8000,1.6593
3337511,1.8000,1.6367
3338011,1.8000,1.6456
3338511,1.8000,1.6391
3339011,1.8000,1.6464
3339511,1.8000,1.6327
3340011,1.8000,1.6488
3340511,1.8000,1.6552
3341011,1.8000,1.6544
3341511,1.8000,1.6383
3342011,1.8000,1.6359
3342511,1.8000,1.6415
3343011,1.8000,1.6375
3343511,1.8000,1.6448
3344011,1.8000,1.6415
3344511,1.8000,1.6464
3345011,1.8000,1.6423
3345511,1.8000,1.6448
3346011,1.8000,1.6415
3346511,1.8000,1.6496
3347011,1.8000,1.6415
3347511,1.8000,1.6472
3348011,1.8000,1.6464
3348511,1.8000,1.6375
3349011,1.8000,1.6423
3349511,1.8000,1.6391
3350011,1.8000,1.6391
3350511,1.8000,1.6423
3351011,1.8000,1.6423
3351511,1.8000,1.6415
3352011,1.8000,1.6262
3352511,1.8000,1.6375
3353011,1.8000,1.6480
3353511,1.8000,1.6593
3354011,1.8000,1.6560
3354511,1.8000,1.6399
3355011,1.8000,1.6496
3355511,1.8000,1.6480
3356011,1.8000,1.6625
3356511,1.8000,1.6399
3357011,1.8000,1.6456
3357511,1.8000,1.6480
3358011,1.8000,1.6391
3358511,1.8000,1.6488
3359011,1.8000,1.6423
3359511,1.8000,1.6375
3360011,1.8000,1.6448
3360511,1.8000,1.6375
3361011,1.8000,1.6327
3361511,1.8000,1.6415
3362011,1.8000,1.6480
3362511,1.8000,1.6407
3363011,1.8000,1.6456
3363511,1.8000,1.6448
3364011,1.8000,1.6488
3364511,1.8000,1.6456
3365011,1.8000,1.6568
3365511,1.8000,1.6415
3366011,1.8000,1.6464
3366511,1.8000,1.6335
3367011,1.8000,1.6141
3367511,1.8000,1.6480
3368011,1.8000,1.6367
3368511,1.8000,1.6544
3369011,1.8000,1.6456
3369511,1.8000,1.6552
3370011,1.8000,1.6464
3370511,1.8000,1.6383
3371011,1.8000,1.6496
3371511,1.8000,1.6303
3372011,1.8000,1.6351
3372511,1.8000,1.6391
3373011,1.8000,1.6697
3373511,1.8000,1.6456
3374011,1.8000,1.6391
3374511,1.8000,1.6464
3375011,1.8000,1.6432
3375511,1.8000,1.6391
3376011,1.8000,1.6399
3376511,1.8000,1.6552
3377011,1.8000,1.6432
3377511,1.8000,1.6657
3378011,1.8000,1.6432
3378511,1.8000,1.6432
3379011,1.8000,1.6585
3379511,1.8000,1.6375
3380011,1.8000,1.6464
3380511,1.8000,1.6464
3381011,1.8000,1.6375
3381511,1.8000,1.6480
3382011,1.8000,1.6432
3382511,1.8000,1.6496
3383011,1.8000,1.6585
3383511,1.8000,1.6432
3384011,1.8000,1.6496
3384511,1.8000,1.6496
3385011,1.8000,1.6480
3385511,1.8000,1.6464
3386011,1.8000,1.6375
3386511,1.8000,1.6464
3387011,1.8000,1.6464
3387511,1.8000,1.6456
3388011,1.8000,1.6456
3388511,1.8000,1.6657
3389011,1.8000,1.6472
3389511,1.8000,1.6359
3390011,1.8000,1.6496
3390511,1.8000,1.6456
3391011,1.8000,1.6440
3391511,1.8000,1.6633
3392011,1.8000,1.6609
3392511,1.8000,1.6456
3393011,1.8000,1.6722
3393511,1.8000,1.6286
3394011,1.8000,1.6496
3394511,1.8000,1.6488
3395011,1.8000,1.6601
3395511,1.8000,1.6383
3396011,1.8000,1.6464
3396511,1.8000,1.6432
3397011,1.8000,1.6617
3397511,1.8000,1.6415
3398011,1.8000,1.6432
3398511,1.8000,1.6391
3399011,1.8000,1.6472
3399511,1.8000,1.6415
3400011,1.8000,1.6560
3400511,1.8000,1.6585
3401011,1.8000,1.6423
3401511,1.8000,1.6585
3402011,1.8000,1.6472
3402511,1.8000,1.6544
3403011,1.8000,1.6568
3403511,1.8000,1.6432
3404011,1.8000,1.6464
3404511,1.8000,1.6488
3405011,1.8000,1.6496
3405511,1.8000,1.6577
3406011,1.8000,1.6488
3406511,1.8000,1.6528
3407011,1.8000,1.6617
3407511,1.8000,1.6633
3408011,1.8000,1.6568
3408511,1.8000,1.6488
3409011,1.8000,1.6568
3409511,1.8000,1.6609
3410011,1.8000,1.6448
3410511,1.8000,1.6432
3411011,1.8000,1.6391
3411511,1.8000,1.6464
3412011,1.8000,1.6375
3412511,1.8000,1.6464
3413011,1.8000,1.6480
3413511,1.8000,1.6480
3414011,1.8000,1.6375
3414511,1.8000,1.6496
3415011,1.8000,1.6544
3415511,1.8000,1.6560
3416011,1.8000,1.6657
3416511,1.8000,1.6496
3417011,1.8000,1.6480
3417511,1.8000,1.6625
3418011,1.8000,1.6633
3418511,1.8000,1.6496
3419011,1.8000,1.6617
3419511,1.8000,1.6464
3420011,1.8000,1.6432
3420511,1.8000,1.6480
3421011,1.8000,1.6577
3421511,1.8000,1.6617
3422011,1.8000,1.6480
3422511,1.8000,1.6464
3423011,1.8000,1.6432
3423511,1.8000,1.6432
3424011,1.8000,1.6423
3424511,1.8000,1.6423
3425011,1.8000,1.6391
3425511,1.8000,1.6335
3426011,1.8000,1.6544
3426511,1.8000,1.6609
3427011,1.8000,1.6488
3427511,1.8000,1.6375
3428011,1.8000,1.6617
3428511,1.8000,1.6214
3429011,1.8000,1.6480
3429511,1.8000,1.6367
3430011,1.8000,1.6560
3430511,1.8000,1.6472
3431011,1.8000,1.6383
3431511,1.8000,1.6585
3432011,1.8000,1.6423
3432511,1.8000,1.6472
3433011,1.8000,1.6367
3433511,1.8000,1.6544
3434011,1.8000,1.6496
3434511,1.8000,1.6617
3435011,1.8000,1.6432
3435511,1.8000,1.6585
3436011,1.8000,1.6609
3436511,1.8000,1.6238
3437011,1.8000,1.6488
3437511,1.8000,1.6456
3438011,1.8000,1.6464
3438511,1.8000,1.6560
3439011,1.8000,1.6448
3439511,1.8000,1.6657
3440011,1.8000,1.6585
3440511,1.8000,1.6496
3441011,1.8000,1.6593
3441511,1.8000,1.6415
3442011,1.8000,1.6375
3442511,1.8000,1.6464
3443011,1.8000,1.6552
3443511,1.8000,1.6472
3444011,1.8000,1.6464
3444511,1.8000,1.6633
3445011,1.8000,1.6633
3445511,1.8000,1.6375
3446011,1.8000,1.6577
3446511,1.8000,1.6488
3447011,1.8000,1.6593
3447511,1.8000,1.6641
3448011,1.8000,1.6480
3448511,1.8000,1.6407
3449011,1.8000,1.6480
3449511,1.8000,1.6577
3450011,1.8000,1.6480
3450511,1.8000,1.6480
3451011,1.8000,1.6432
3451511,1.8000,1.6544
3452011,1.8000,1.6391
3452511,1.8000,1.6448
3453011,1.8000,1.6399
3453511,1.8000,1.6552
3454011,1.8000,1.6585
3454511,1.8000,1.6560
3455011,1.8000,1.6552
3455511,1.8000,1.6464
3456011,1.8000,1.6552
3456511,1.8000,1.6673
3457011,1.8000,1.6585
3457511,1.8000,1.6464
3458011,1.8000,1.6617
3458511,1.8000,1.6754
3459011,1.8000,1.6432
3459511,1.8000,1.6391
3460011,1.8000,1.6464
3460511,1.8000,1.6456
3461011,1.8000,1.6552
3461511,1.8000,1.6544
3462011,1.8000,1.6496
3462511,1.8000,1.6432
3463011,1.8000,1.6423
3463511,1.8000,1.6593
3464011,1.8000,1.6496
3464511,1.8000,1.6633
3465011,1.8000,1.6593
3465511,1.8000,1.6649
3466011,1.8000,1.6496
3466511,1.8000,1.6464
3467011,1.8000,1.6496
3467511,1.8000,1.6375
3468011,1.8000,1.6496
3468511,1.8000,1.6448
3469011,1.8000,1.6577
3469511,1.8000,1.6633
3470011,1.8000,1.6568
3470511,1.8000,1.6633
3471011,1.8000,1.6544
3471511,1.8000,1.6585
3472011,1.8000,1.6560
3472511,1.8000,1.6649
3473011,1.8000,1.6496
3473511,1.8000,1.6794
3474011,1.8000,1.6552
3474511,1.8000,1.6625
3475011,1.8000,1.6456
3475511,1.8000,1.6625
3476011,1.8000,1.6738
3476511,1.8000,1.6617
3477011,1.8000,1.6577
3477511,1.8000,1.6560
3478011,1.8000,1.6560
3478511,1.8000,1.6633
3479011,1.8000,1.6633
3479511,1.8000,1.6617
3480011,1.8000,1.6641
3480511,1.8000,1.6625
3481011,1.8000,1.6432
3481511,1.8000,1.6415
3482011,1.8000,1.6617
3482511,1.8000,1.6609
3483011,1.8000,1.6585
3483511,1.8000,1.6585
3484011,1.8000,1.6625
3484511,1.8000,1.6577
3485011,1.8000,1.6585
3485511,1.8000,1.6415
3486011,1.8000,1.6649
3486511,1.8000,1.6633
3487011,1.8000,1.6810
3487511,1.8000,1.6657
3488011,1.8000,1.6601
3488511,1.8000,1.6488
3489011,1.8000,1.6585
3489511,1.8000,1.6633
3490011,1.8000,1.6472
3490511,1.8000,1.6488
3491011,1.8000,1.6705
3491511,1.8000,1.6746
3492011,1.8000,1.6633
3492511,1.8000,1.6625
3493011,1.8000,1.6625
3493511,1.8000,1.6625
3494011,1.8000,1.6689
3494511,1.8000,1.6633
3495011,1.8000,1.6577
3495511,1.8000,1.6464
3496011,1.8000,1.6617
3496511,1.8000,1.6722
3497011,1.8000,1.6544
3497511,1.8000,1.6609
3498011,1.8000,1.6560
3498511,1.8000,1.6649
3499011,1.8000,1.6496
3499511,1.8000,1.6585
3500011,1.8000,1.6593
3500511,1.8000,1.6681
3501011,1.8000,1.6738
3501511,1.8000,1.6649
3502011,1.8000,1.6375
3502511,1.8000,1.6585
3503011,1.8000,1.6560
3503511,1.8000,1.6633
3504011,1.8000,1.6496
3504511,1.8000,1.6641
3505011,1.8000,1.6560
3505511,1.8000,1.6633
3506011,1.8000,1.6649
3506511,1.8000,1.6649
3507011,1.8000,1.6423
3507511,1.8000,1.6432
3508011,1.8000,1.6488
3508511,1.8000,1.6722
3509011,1.8000,1.6625
3509511,1.8000,1.6633
3510011,1.8000,1.6609
3510511,1.8000,1.6705
3511011,1.8000,1.6552
3511511,1.8000,1.6577
3512011,1.8000,1.6585
3512511,1.8000,1.6496
3513011,1.8000,1.6464
3513511,1.8000,1.6552
3514011,1.8000,1.6464
3514511,1.8000,1.6585
3515011,1.8000,1.6464
3515511,1.8000,1.6488
3516011,1.8000,1.6585
3516511,1.8000,1.6464
3517011,1.8000,1.6633
3517511,1.8000,1.6496
3518011,1.8000,1.6585
3518511,1.8000,1.6633
3519011,1.8000,1.6633
3519511,1.8000,1.6633
3520011,1.8000,1.6609
3520511,1.8000,1.6496
3521011,1.8000,1.6560
3521511,1.8000,1.6496
3522011,1.8000,1.6673
3522511,1.8000,1.6577
3523011,1.8000,1.6625
3523511,1.8000,1.6585
3524011,1.8000,1.6496
3524511,1.8000,1.6633
3525011,1.8000,1.6585
3525511,1.8000,1.6585
3526011,1.8000,1.6552
3526511,1.8000,1.6552
3527011,1.8000,1.6480
3527511,1.8000,1.6488
3528011,1.8000,1.6649
3528511,1.8000,1.6593
3529011,1.8000,1.6625
3529511,1.8000,1.6585
3530011,1.8000,1.6609
3530511,1.8000,1.6480
3531011,1.8000,1.6585
3531511,1.8000,1.6601
3532011,1.8000,1.6464
3532511,1.8000,1.6496
3533011,1.8000,1.6488
3533511,1.8000,1.6617
3534011,1.8000,1.6488
3534511,1.8000,1.6593
3535011,1.8000,1.6625
3535511,1.8000,1.6560
3536011,1.8000,1.6552
3536511,1.8000,1.6601
3537011,1.8000,1.6722
3537511,1.8000,1.6593
3538011,1.8000,1.6609
3538511,1.8000,1.6641
3539011,1.8000,1.6496
3539511,1.8000,1.6673
3540011,1.8000,1.6593
3540511,1.8000,1.6585
3541011,1.8000,1.6609
3541511,1.8000,1.6544
3542011,1.8000,1.6601
3542511,1.8000,1.6560
3543011,1.8000,1.6802
3543511,1.8000,1.6585
3544011,1.8000,1.6552
3544511,1.8000,1.6609
3545011,1.8000,1.6577
3545511,1.8000,1.6472
3546011,1.8000,1.6496
3546511,1.8000,1.6601
3547011,1.8000,1.6488
3547511,1.8000,1.6738
3548011,1.8000,1.6601
3548511,1.8000,1.6689
3549011,1.8000,1.6593
3549511,1.8000,1.6657
3550011,1.8000,1.6585
3550511,1.8000,1.6488
3551011,1.8000,1.6633
3551511,1.8000,1.6432
3552011,1.8000,1.6593
3552511,1.8000,1.6617
3553011,1.8000,1.6617
3553511,1.8000,1.6593
3554011,1.8000,1.6738
3554511,1.8000,1.6633
3555011,1.8000,1.6609
3555511,1.8000,1.6681
3556011,1.8000,1.6681
3556511,1.8000,1.6657
3557011,1.8000,1.6762
3557511,1.8000,1.6577
3558011,1.8000,1.6657
3558511,1.8000,1.6641
3559011,1.8000,1.6488
3559511,1.8000,1.6585
3560011,1.8000,1.6625
3560511,1.8000,1.6681
3561011,1.8000,1.6633
3561511,1.8000,1.6568
3562011,1.8000,1.6633
3562511,1.8000,1.6641
3563011,1.8000,1.6641
3563511,1.8000,1.6230
3564011,1.8000,1.6633
3564511,1.8000,1.6633
3565011,1.8000,1.6552
3565511,1.8000,1.6762
3566011,1.8000,1.6568
3566511,1.8000,1.6641
3567011,1.8000,1.6625
3567511,1.8000,1.6633
3568011,1.8000,1.6649
3568511,1.8000,1.6464
3569011,1.8000,1.6673
3569511,1.8000,1.6633
3570011,1.8000,1.6673
3570511,1.8000,1.6633
3571011,1.8000,1.6665
3571511,1.8000,1.6673
3572011,1.8000,1.6689
3572511,1.8000,1.6617
3573011,1.8000,1.6383
3573511,1.8000,1.6560
3574011,1.8000,1.6568
3574511,1.8000,1.6641
3575011,1.8000,1.6673
3575511,1.8000,1.6778
3576011,1.8000,1.6585
3576511,1.8000,1.6633
3577011,1.8000,1.6714
3577511,1.8000,1.6673
3578011,1.8000,1.6480
3578511,1.8000,1.6681
3579011,1.8000,1.6931
3579511,1.8000,1.6689
3580011,1.8000,1.6746
3580511,1.8000,1.6633
3581011,1.8000,1.6649
3581511,1.8000,1.6585
3582011,1.8000,1.6633
3582511,1.8000,1.6689
3583011,1.8000,1.6673
3583511,1.8000,1.6673
3584011,1.8000,1.6714
3584511,1.8000,1.6633
3585011,1.8000,1.6673
3585511,1.8000,1.6649
3586011,1.8000,1.6705
3586511,1.8000,1.6681
3587011,1.8000,1.6657
3587511,1.8000,1.6697
3588011,1.8000,1.6851
3588511,1.8000,1.6359
3589011,1.8000,1.6851
3589511,1.8000,1.6649
3590011,1.8000,1.6673
3590511,1.8000,1.6754
3591011,1.8000,1.6738
3591511,1.8000,1.6625
3592011,1.8000,1.6689
3592511,1.8000,1.6689
3593011,1.8000,1.6697
3593511,1.8000,1.6665
3594011,1.8000,1.6746
3594511,1.8000,1.6722
3595011,1.8000,1.6722
3595511,1.8000,1.6689
3596011,1.8000,1.6705
3596511,1.8000,1.6689
3597011,1.8000,1.6681
3597511,1.8000,1.6689
3598011,1.8000,1.6762
3598511,1.8000,1.6963
3599011,1.8000,1.6657
3599511,1.8000,1.6641
3600011,1.8000,1.6657
3600511,1.8000,1.6738
3601011,1.8000,1.6673
3601511,1.8000,1.6601
3602011,1.8000,1.6770
3602511,1.8000,1.6689
3603011,1.8000,1.6681
3603511,1.8000,1.6681
3604011,1.8000,1.6738
3604511,1.8000,1.6802
3605011,1.8000,1.6593
3605511,1.8000,1.6641
3606011,1.8000,1.6681
3606511,1.8000,1.6496
3607011,1.8000,1.6722
3607511,1.8000,1.6657
3608011,1.8000,1.6633
3608511,1.8000,1.6738
3609011,1.8000,1.6738
3609511,1.8000,1.6722
3610011,1.8000,1.6673
3610511,1.8000,1.6617
3611011,1.8000,1.6641
3611511,1.8000,1.6649
3612011,1.8000,1.6633
3612511,1.8000,1.6722
3613011,1.8000,1.6673
3613511,1.8000,1.6673
3614011,1.8000,1.6665
3614511,1.8000,1.6689
3615011,1.8000,1.6617
3615511,1.8000,1.6681
3616011,1.8000,1.6714
3616511,1.8000,1.6609
3617011,1.8000,1.6851
3617511,1.8000,1.6754
3618011,1.8000,1.6657
3618511,1.8000,1.6657
3619011,1.8000,1.6625
3619511,1.8000,1.6641
3620011,1.8000,1.6641
3620511,1.8000,1.6722
3621011,1.8000,1.6722
3621511,1.8000,1.6730
3622011,1.8000,1.6432
3622511,1.8000,1.6464
3623011,1.8000,1.6722
3623511,1.8000,1.6673
3624011,1.8000,1.6641
3624511,1.8000,1.6673
3625011,1.8000,1.6738
3625511,1.8000,1.6738
3626011,1.8000,1.6649
3626511,1.8000,1.6778
3627011,1.8000,1.6915
3627511,1.8000,1.6673
3628011,1.8000,1.6673
3628511,1.8000,1.6770
3629011,1.8000,1.6552
3629511,1.8000,1.6818
3630011,1.8000,1.6705
3630511,1.8000,1.6754
3631011,1.8000,1.6697
3631511,1.8000,1.6851
3632011,1.8000,1.6714
3632511,1.8000,1.6641
3633011,1.8000,1.6673
3633511,1.8000,1.6665
3634011,1.8000,1.6770
3634511,1.8000,1.6738
3635011,1.8000,1.6697
3635511,1.8000,1.6705
3636011,1.8000,1.6778
3636511,1.8000,1.6705
3637011,1.8000,1.6560
3637511,1.8000,1.6689
3638011,1.8000,1.6802
3638511,1.8000,1.6786
3639011,1.8000,1.6689
3639511,1.8000,1.6697
3640011,1.8000,1.6633
3640511,1.8000,1.6891
3641011,1.8000,1.6673
3641511,1.8000,1.6689
3642011,1.8000,1.6641
3642511,1.8000,1.6770
3643011,1.8000,1.6714
3643511,1.8000,1.6689
3644011,1.8000,1.6657
3644511,1.8000,1.6633
3645011,1.8000,1.6738
3645511,1.8000,1.6641
3646011,1.8000,1.6617
3646511,1.8000,1.6810
3647011,1.8000,1.6488
3647511,1.8000,1.6730
3648011,1.8000,1.6754
3648511,1.8000,1.6859
3649011,1.8000,1.6689
3649511,1.8000,1.6705
3650011,1.8000,1.6633
3650511,1.8000,1.6705
3651011,1.8000,1.6899
3651511,1.8000,1.6778
3652011,1.8000,1.6746
3652511,1.8000,1.6633
3653011,1.8000,1.6746
3653511,1.8000,1.6689
3654011,1.8000,1.6649
3654511,1.8000,1.6673
3655011,1.8000,1.6657
3655511,1.8000,1.6657
3656011,1.8000,1.6649
3656511,1.8000,1.6786
3657011,1.8000,1.6649
3657511,1.8000,1.6738
3658011,1.8000,1.6746
3658511,1.8000,1.6714
3659011,1.8000,1.6649
3659511,1.8000,1.6633
3660011,1.8000,1.6762
3660511,1.8000,1.6681
3661011,1.8000,1.6681
3661511,1.8000,1.6633
3662011,1.8000,1.6230
3662511,1.8000,1.6609
3663011,1.8000,1.6778
3663511,1.8000,1.6633
3664011,1.8000,1.6681
3664511,1.8000,1.6851
3665011,1.8000,1.6714
3665511,1.8000,1.6786
3666011,1.8000,1.6649
3666511,1.8000,1.6730
3667011,1.8000,1.6746
3667511,1.8000,1.6665
3668011,1.8000,1.6657
3668511,1.8000,1.6689
3669011,1.8000,1.6657
3669511,1.8000,1.6617
3670011,1.8000,1.6657
3670511,1.8000,1.6746
3671011,1.8000,1.6649
3671511,1.8000,1.6714
3672011,1.8000,1.6746
3672511,1.8000,1.6609
3673011,1.8000,1.6625
3673511,1.8000,1.6770
3674011,1.8000,1.6633
3674511,1.8000,1.6730
3675011,1.8000,1.6770
3675511,1.8000,1.6714
3676011,1.8000,1.6778
3676511,1.8000,1.6665
3677011,1.8000,1.6722
3677511,1.8000,1.6399
3678011,1.8000,1.6786
3678511,1.8000,1.6496
3679011,1.8000,1.6593
3679511,1.8000,1.6641
3680011,1.8000,1.6488
3680511,1.8000,1.6770
3681011,1.8000,1.6722
3681511,1.8000,1.6689
3682011,1.8000,1.6722
3682511,1.8000,1.6746
3683011,1.8000,1.6681
3683511,1.8000,1.6633
3684011,1.8000,1.6375
3684511,1.8000,1.6899
3685011,1.8000,1.6633
3685511,1.8000,1.6730
3686011,1.8000,1.6738
3686511,1.8000,1.6689
3687011,1.8000,1.6456
3687511,1.8000,1.6738
3688011,1.8000,1.6810
3688511,1.8000,1.6802
3689011,1.8000,1.6722
3689511,1.8000,1.6818
3690011,1.8000,1.6778
3690511,1.8000,1.6786
3691011,1.8000,1.6738
3691511,1.8000,1.6705
3692011,1.8000,1.6641
3692511,1.8000,1.6722
3693011,1.8000,1.6770
3693511,1.8000,1.6689
3694011,1.8000,1.6705
3694511,1.8000,1.6754
3695011,1.8000,1.6722
3695511,1.8000,1.6633
3696011,1.8000,1.6834
3696511,1.8000,1.6657
3697011,1.8000,1.6649
3697511,1.8000,1.6730
3698011,1.8000,1.6883
3698511,1.8000,1.6705
3699011,1.8000,1.7100
3699511,1.8000,1.6770
3700011,1.8000,1.6883
3700511,1.8000,1.6722
3701011,1.8000,1.6705
3701511,1.8000,1.6641
3702011,1.8000,1.6617
3702511,1.8000,1.6738
3703011,1.8000,1.7181
3703511,1.8000,1.6649
3704011,1.8000,1.6754
3704511,1.8000,1.6738
3705011,1.8000,1.6810
3705511,1.8000,1.6722
3706011,1.8000,1.6577
3706511,1.8000,1.6681
3707011,1.8000,1.6681
3707511,1.8000,1.6746
3708011,1.8000,1.6786
3708511,1.8000,1.6810
3709011,1.8000,1.6738
3709511,1.8000,1.6714
3710011,1.8000,1.6754
3710511,1.8000,1.6714
3711011,1.8000,1.6633
3711511,1.8000,1.6867
3712011,1.8000,1.6673
3712511,1.8000,1.6754
3713011,1.8000,1.6802
3713511,1.8000,1.6673
3714011,1.8000,1.6633
3714511,1.8000,1.6786
3715011,1.8000,1.6714
3715511,1.8000,1.6689
3716011,1.8000,1.6738
3716511,1.8000,1.6818
3717011,1.8000,1.6585
3717511,1.8000,1.6738
3718011,1.8000,1.6786
3718511,1.8000,1.6738
3719011,1.8000,1.6794
3719511,1.8000,1.6738
3720011,1.8000,1.6947
3720511,1.8000,1.6762
3721011,1.8000,1.6714
3721511,1.8000,1.6778
3722011,1.8000,1.6802
3722511,1.8000,1.6738
3723011,1.8000,1.6689
3723511,1.8000,1.6754
3724011,1.8000,1.6778
3724511,1.8000,1.6770
3725011,1.8000,1.6448
3725511,1.8000,1.6633
3726011,1.8000,1.6907
3726511,1.8000,1.6681
3727011,1.8000,1.6802
3727511,1.8000,1.6722
3728011,1.8000,1.6883
3728511,1.8000,1.6899
3729011,1.8000,1.6770
3729511,1.8000,1.6786
3730011,1.8000,1.7020
3730511,1.8000,1.6673
3731011,1.8000,1.6673
3731511,1.8000,1.6746
3732011,1.8000,1.6738
3732511,1.8000,1.6705
3733011,1.8000,1.6617
3733511,1.8000,1.6544
3734011,1.8000,1.6762
3734511,1.8000,1.6560
3735011,1.8000,1.6689
3735511,1.8000,1.6762
3736011,1.8000,1.6762
3736511,1.8000,1.6673
3737011,1.8000,1.6770
3737511,1.8000,1.6722
3738011,1.8000,1.6778
3738511,1.8000,1.6762
3739011,1.8000,1.6754
3739511,1.8000,1.6746
3740011,1.8000,1.6762
3740511,1.8000,1.6770
3741011,1.8000,1.6738
3741511,1.8000,1.6705
3742011,1.8000,1.6794
3742511,1.8000,1.6786
3743011,1.8000,1.6746
3743511,1.8000,1.6754
3744011,1.8000,1.6681
3744511,1.8000,1.6625
3745011,1.8000,1.6705
3745511,1.8000,1.6633
3746011,1.8000,1.7044
3746511,1.8000,1.6714
3747011,1.8000,1.6722
3747511,1.8000,1.6722
3748011,1.8000,1.6544
3748511,1.8000,1.6786
3749011,1.8000,1.6786
3749511,1.8000,1.6842
3750011,1.8000,1.6705
3750511,1.8000,1.6689
3751011,1.8000,1.6383
3751511,1.8000,1.6778
3752011,1.8000,1.6746
3752511,1.8000,1.6770
3753011,1.8000,1.6681
3753511,1.8000,1.6746
3754011,1.8000,1.6738
3754511,1.8000,1.6778
3755011,1.8000,1.6633
3755511,1.8000,1.6802
3756011,1.8000,1.6851
3756511,1.8000,1.6770
3757011,1.8000,1.6802
3757511,1.8000,1.6633
3758011,1.8000,1.6681
3758511,1.8000,1.6738
3759011,1.8000,1.6722
3759511,1.8000,1.6810
3760011,1.8000,1.6778
3760511,1.8000,1.6754
3761011,1.8000,1.6746
3761511,1.8000,1.6762
3762011,1.8000,1.6722
3762511,1.8000,1.6754
3763011,1.8000,1.6794
3763511,1.8000,1.6794
3764011,1.8000,1.6762
3764511,1.8000,1.6681
3765011,1.8000,1.6786
3765511,1.8000,1.6738
3766011,1.8000,1.6689
3766511,1.8000,1.6722
3767011,1.8000,1.6802
3767511,1.8000,1.6794
3768011,1.8000,1.6786
3768511,1.8000,1.6689
3769011,1.8000,1.6625
3769511,1.8000,1.6375
3770011,1.8000,1.6754
3770511,1.8000,1.6673
3771011,1.8000,1.6681
3771511,1.8000,1.6770
3772011,1.8000,1.6722
3772511,1.8000,1.6875
3773011,1.8000,1.6859
3773511,1.8000,1.6883
3774011,1.8000,1.6818
3774511,1.8000,1.6673
3775011,1.8000,1.6851
3775511,1.8000,1.7068
3776011,1.8000,1.6875
3776511,1.8000,1.6738
3777011,1.8000,1.6746
3777511,1.8000,1.6714
3778011,1.8000,1.6754
3778511,1.8000,1.6851
3779011,1.8000,1.6802
3779511,1.8000,1.6851
3780011,1.8000,1.6834
3780511,1.8000,1.6770
3781011,1.8000,1.6786
3781511,1.8000,1.6738
3782011,1.8000,1.6842
3782511,1.8000,1.6722
3783011,1.8000,1.6786
3783511,1.8000,1.6891
3784011,1.8000,1.6794
3784511,1.8000,1.6746
3785011,1.8000,1.6722
3785511,1.8000,1.6802
3786011,1.8000,1.6754
3786511,1.8000,1.6689
3787011,1.8000,1.6722
3787511,1.8000,1.6730
3788011,1.8000,1.6851
3788511,1.8000,1.6754
3789011,1.8000,1.6778
3789511,1.8000,1.6907
3790011,1.8000,1.6770
3790511,1.8000,1.6754
3791011,1.8000,1.6786
3791511,1.8000,1.6802
3792011,1.8000,1.6633
3792511,1.8000,1.6681
3793011,1.8000,1.6834
3793511,1.8000,1.6810
3794011,1.8000,1.6754
3794511,1.8000,1.6746
3795011,1.8000,1.6762
3795511,1.8000,1.6786
3796011,1.8000,1.6786
3796511,1.8000,1.6778
3797011,1.8000,1.6818
3797511,1.8000,1.6834
3798011,1.8000,1.6754
3798511,1.8000,1.6738
3799011,1.8000,1.6971
3799511,1.8000,1.6778
3800011,1.8000,1.6770
3800511,1.8000,1.6834
3801011,1.8000,1.6875
3801511,1.8000,1.6802
3802011,1.8000,1.6786
3802511,1.8000,1.6818
3803011,1.8000,1.6842
3803511,1.8000,1.6802
3804011,1.8000,1.6794
3804511,1.8000,1.6915
3805011,1.8000,1.6746
3805511,1.8000,1.6810
3806011,1.8000,1.6891
3806511,1.8000,1.6762
3807011,1.8000,1.6714
3807511,1.8000,1.6681
3808011,1.8000,1.6770
3808511,1.8000,1.6778
3809011,1.8000,1.7004
3809511,1.8000,1.6802
3810011,1.8000,1.6907
3810511,1.8000,1.6818
3811011,1.8000,1.6722
3811511,1.8000,1.6818
3812011,1.8000,1.6931
3812511,1.8000,1.6810
3813011,1.8000,1.6681
3813511,1.8000,1.6851
3814011,1.8000,1.6754
3814511,1.8000,1.6778
3815011,1.8000,1.6834
3815511,1.8000,1.6802
3816011,1.8000,1.6875
3816511,1.8000,1.6786
3817011,1.8000,1.6851
3817511,1.8000,1.6714
3818011,1.8000,1.6689
3818511,1.8000,1.6738
3819011,1.8000,1.6875
3819511,1.8000,1.6786
3820011,1.8000,1.6891
3820511,1.8000,1.6834
3821011,1.8000,1.6851
3821511,1.8000,1.6730
3822011,1.8000,1.6842
3822511,1.8000,1.6867
3823011,1.8000,1.6810
3823511,1.8000,1.6762
3824011,1.8000,1.6802
3824511,1.8000,1.6770
3825011,1.8000,1.6770
3825511,1.8000,1.6689
3826011,1.8000,1.6754
3826511,1.8000,1.6891
3827011,1.8000,1.6746
3827511,1.8000,1.6875
3828011,1.8000,1.6649
3828511,1.8000,1.6762
3829011,1.8000,1.6834
3829511,1.8000,1.6754
3830011,1.8000,1.6867
3830511,1.8000,1.6818
3831011,1.8000,1.6842
3831511,1.8000,1.6842
3832011,1.8000,1.6891
3832511,1.8000,1.6818
3833011,1.8000,1.6851
3833511,1.8000,1.6891
3834011,1.8000,1.6754
3834511,1.8000,1.6851
3835011,1.8000,1.6770
3835511,1.8000,1.6851
3836011,1.8000,1.6842
3836511,1.8000,1.6818
3837011,1.8000,1.6746
3837511,1.8000,1.6810
3838011,1.8000,1.6891
3838511,1.8000,1.6891
3839011,1.8000,1.6963
3839511,1.8000,1.7004
3840011,1.8000,1.6754
3840511,1.8000,1.6867
3841011,1.8000,1.6818
3841511,1.8000,1.6810
3842011,1.8000,1.6770
3842511,1.8000,1.6996
3843011,1.8000,1.6883
3843511,1.8000,1.6859
3844011,1.8000,1.6746
3844511,1.8000,1.6883
3845011,1.8000,1.6834
3845511,1.8000,1.6883
3846011,1.8000,1.6689
3846511,1.8000,1.6907
3847011,1.8000,1.6899
3847511,1.8000,1.6714
3848011,1.8000,1.6875
3848511,1.8000,1.6875
3849011,1.8000,1.6971
3849511,1.8000,1.6891
3850011,1.8000,1.6786
3850511,1.8000,1.7092
3851011,1.8000,1.6818
3851511,1.8000,1.7020
3852011,1.8000,1.6867
3852511,1.8000,1.6851
3853011,1.8000,1.6834
3853511,1.8000,1.6891
3854011,1.8000,1.6810
3854511,1.8000,1.6883
3855011,1.8000,1.6867
3855511,1.8000,1.6778
3856011,1.8000,1.6826
3856511,1.8000,1.6988
3857011,1.8000,1.6826
3857511,1.8000,1.7270
3858011,1.8000,1.6883
3858511,1.8000,1.6722
3859011,1.8000,1.6794
3859511,1.8000,1.6915
3860011,1.8000,1.6867
3860511,1.8000,1.6931
3861011,1.8000,1.6818
3861511,1.8000,1.6762
3862011,1.8000,1.6738
3862511,1.8000,1.6722
3863011,1.8000,1.6859
3863511,1.8000,1.6762
3864011,1.8000,1.6899
3864511,1.8000,1.6988
3865011,1.8000,1.6939
3865511,1.8000,1.6851
3866011,1.8000,1.6842
3866511,1.8000,1.6891
3867011,1.8000,1.6770
3867511,1.8000,1.6794
3868011,1.8000,1.6867
3868511,1.8000,1.6891
3869011,1.8000,1.6867
3869511,1.8000,1.6875
3870011,1.8000,1.6907
3870511,1.8000,1.6802
3871011,1.8000,1.6883
3871511,1.8000,1.6851
3872011,1.8000,1.6762
3872511,1.8000,1.6883
3873011,1.8000,1.6826
3873511,1.8000,1.6818
3874011,1.8000,1.6754
3874511,1.8000,1.6851
3875011,1.8000,1.6802
3875511,1.8000,1.7020
3876011,1.8000,1.6762
3876511,1.8000,1.6883
3877011,1.8000,1.6923
3877511,1.8000,1.6842
3878011,1.8000,1.6875
3878511,1.8000,1.6899
3879011,1.8000,1.6883
3879511,1.8000,1.6891
3880011,1.8000,1.6891
3880511,1.8000,1.6834
3881011,1.8000,1.6673
3881511,1.8000,1.6810
3882011,1.8000,1.6891
3882511,1.8000,1.6786
3883011,1.8000,1.6867
3883511,1.8000,1.6649
3884011,1.8000,1.6834
3884511,1.8000,1.6883
3885011,1.8000,1.6915
3885511,1.8000,1.6842
3886011,1.8000,1.6867
3886511,1.8000,1.6891
3887011,1.8000,1.6915
3887511,1.8000,1.6891
3888011,1.8000,1.6891
3888511,1.8000,1.6851
3889011,1.8000,1.6738
3889511,1.8000,1.7173
3890011,1.8000,1.6883
3890511,1.8000,1.6891
3891011,1.8000,1.6891
3891511,1.8000,1.6851
3892011,1.8000,1.6907
3892511,1.8000,1.6891
3893011,1.8000,1.6834
3893511,1.8000,1.6899
3894011,1.8000,1.7004
3894511,1.8000,1.6851
3895011,1.8000,1.6786
3895511,1.8000,1.6883
3896011,1.8000,1.6834
3896511,1.8000,1.6786
3897011,1.8000,1.6867
3897511,1.8000,1.7012
3898011,1.8000,1.6834
3898511,1.8000,1.6988
3899011,1.8000,1.6955
3899511,1.8000,1.6891
3900011,1.8000,1.6875
3900511,1.8000,1.6996
3901011,1.8000,1.6875
3901511,1.8000,1.6891
3902011,1.8000,1.6931
3902511,1.8000,1.6891
3903011,1.8000,1.6923
3903511,1.8000,1.6681
3904011,1.8000,1.6625
3904511,1.8000,1.6915
3905011,1.8000,1.6867
3905511,1.8000,1.6875
3906011,1.8000,1.6867
3906511,1.8000,1.7076
3907011,1.8000,1.6923
3907511,1.8000,1.6899
3908011,1.8000,1.6818
3908511,1.8000,1.6891
3909011,1.8000,1.6778
3909511,1.8000,1.6963
3910011,1.8000,1.6875
3910511,1.8000,1.6883
3911011,1.8000,1.6834
3911511,1.8000,1.6778
3912011,1.8000,1.6915
3912511,1.8000,1.6859
3913011,1.8000,1.6891
3913511,1.8000,1.6915
3914011,1.8000,1.6778
3914511,1.8000,1.6883
3915011,1.8000,1.6891
3915511,1.8000,1.6786
3916011,1.8000,1.6915
3916511,1.8000,1.6891
3917011,1.8000,1.6883
3917511,1.8000,1.7076
3918011,1.8000,1.6867
3918511,1.8000,1.6883
3919011,1.8000,1.6907
3919511,1.8000,1.6883
3920011,1.8000,1.6875
3920511,1.8000,1.6851
3921011,1.8000,1.6834
3921511,1.8000,1.6915
3922011,1.8000,1.6891
3922511,1.8000,1.6915
3923011,1.8000,1.6891
3923511,1.8000,1.6851
3924011,1.8000,1.6875
3924511,1.8000,1.6899
3925011,1.8000,1.6851
3925511,1.8000,1.6979
3926011,1.8000,1.7020
3926511,1.8000,1.6915
3927011,1.8000,1.6859
3927511,1.8000,1.6633
3928011,1.8000,1.6867
3928511,1.8000,1.6891
3929011,1.8000,1.6786
3929511,1.8000,1.6899
3930011,1.8000,1.6915
3930511,1.8000,1.6891
3931011,1.8000,1.6971
3931511,1.8000,1.6818
3932011,1.8000,1.6867
3932511,1.8000,1.6891
3933011,1.8000,1.6673
3933511,1.8000,1.6891
3934011,1.8000,1.6899
3934511,1.8000,1.6931
3935011,1.8000,1.6891
3935511,1.8000,1.6834
3936011,1.8000,1.6891
3936511,1.8000,1.6923
3937011,1.8000,1.6883
3937511,1.8000,1.6859
3938011,1.8000,1.6891
3938511,1.8000,1.6867
3939011,1.8000,1.6883
3939511,1.8000,1.6842
3940011,1.8000,1.6448
3940511,1.8000,1.6996
3941011,1.8000,1.6818
3941511,1.8000,1.6754
3942011,1.8000,1.6875
3942511,1.8000,1.6778
3943011,1.8000,1.6778
3943511,1.8000,1.6883
3944011,1.8000,1.6802
3944511,1.8000,1.7020
3945011,1.8000,1.6899
3945511,1.8000,1.6842
3946011,1.8000,1.6875
3946511,1.8000,1.6867
3947011,1.8000,1.6883
3947511,1.8000,1.6842
3948011,1.8000,1.6891
3948511,1.8000,1.6891
3949011,1.8000,1.6891
3949511,1.8000,1.6915
3950011,1.8000,1.6883
3950511,1.8000,1.6810
3951011,1.8000,1.6891
3951511,1.8000,1.6939
3952011,1.8000,1.6883
3952511,1.8000,1.6851
3953011,1.8000,1.6955
3953511,1.8000,1.6883
3954011,1.8000,1.6842
3954511,1.8000,1.6891
3955011,1.8000,1.6883
3955511,1.8000,1.6899
3956011,1.8000,1.7052
3956511,1.8000,1.6939
3957011,1.8000,1.6891
3957511,1.8000,1.6883
3958011,1.8000,1.6931
3958511,1.8000,1.6899
3959011,1.8000,1.6947
3959511,1.8000,1.6899
3960011,1.8000,1.6891
3960511,1.8000,1.6891
3961011,1.8000,1.6851
3961511,1.8000,1.7068
3962011,1.8000,1.6891
3962511,1.8000,1.6899
3963011,1.8000,1.6891
3963511,1.8000,1.6891
3964011,1.8000,1.6891
3964511,1.8000,1.6955
3965011,1.8000,1.6915
3965511,1.8000,1.6915
3966011,1.8000,1.6979
3966511,1.8000,1.6899
3967011,1.8000,1.6754
3967511,1.8000,1.6883
3968011,1.8000,1.6891
3968511,1.8000,1.6883
3969011,1.8000,1.6979
3969511,1.8000,1.6899
3970011,1.8000,1.6907
3970511,1.8000,1.6778
3971011,1.8000,1.6851
3971511,1.8000,1.6891
3972011,1.8000,1.6851
3972511,1.8000,1.7004
3973011,1.8000,1.6891
3973511,1.8000,1.6883
3974011,1.8000,1.6963
3974511,1.8000,1.6875
3975011,1.8000,1.6907
3975511,1.8000,1.6802
3976011,1.8000,1.6891
3976511,1.8000,1.6915
3977011,1.8000,1.6826
3977511,1.8000,1.6947
3978011,1.8000,1.6907
3978511,1.8000,1.6891
3979011,1.8000,1.6915
3979511,1.8000,1.6834
3980011,1.8000,1.6802
3980511,1.8000,1.6891
3981011,1.8000,1.6947
3981511,1.8000,1.6875
3982011,1.8000,1.6899
3982511,1.8000,1.6899
3983011,1.8000,1.6891
3983511,1.8000,1.6923
3984011,1.8000,1.6891
3984511,1.8000,1.6899
3985011,1.8000,1.6996
3985511,1.8000,1.6907
3986011,1.8000,1.6842
3986511,1.8000,1.6778
3987011,1.8000,1.6891
3987511,1.8000,1.6891
3988011,1.8000,1.6714
3988511,1.8000,1.7407
3989011,1.8000,1.6875
3989511,1.8000,1.6891
3990011,1.8000,1.6915
3990511,1.8000,1.7020
3991011,1.8000,1.6979
3991511,1.8000,1.6770
3992011,1.8000,1.7044
3992511,1.8000,1.6891
3993011,1.8000,1.6907
3993511,1.8000,1.6681
3994011,1.8000,1.6891
3994511,1.8000,1.6939
3995011,1.8000,1.6915
3995511,1.8000,1.6875
3996011,1.8000,1.6947
3996511,1.8000,1.6867
3997011,1.8000,1.6915
3997511,1.8000,1.6907
3998011,1.8000,1.6915
3998511,1.8000,1.6931
3999011,1.8000,1.7028
3999511,1.8000,1.6939
4000011,1.8000,1.6891
4000511,1.8000,1.6778
4001011,1.8000,1.6883
4001511,1.8000,1.6899
4002011,1.8000,1.6891
4002511,1.8000,1.6907
4003011,1.8000,1.6891
4003511,1.8000,1.6891
4004011,1.8000,1.6891
4004511,1.8000,1.6939
4005011,1.8000,1.6947
4005511,1.8000,1.6907
4006011,1.8000,1.6867
4006511,1.8000,1.7028
4007011,1.8000,1.6899
4007511,1.8000,1.6859
4008011,1.8000,1.6923
4008511,1.8000,1.6891
4009011,1.8000,1.6915
4009511,1.8000,1.6891
4010011,1.8000,1.6996
4010511,1.8000,1.6867
4011011,1.8000,1.7068
4011511,1.8000,1.7092
4012011,1.8000,1.7076
4012511,1.8000,1.6883
4013011,1.8000,1.6947
4013511,1.8000,1.6899
4014011,1.8000,1.7149
4014511,1.8000,1.6931
4015011,1.8000,1.6947
4015511,1.8000,1.6899
4016011,1.8000,1.6899
4016511,1.8000,1.6899
4017011,1.8000,1.6947
4017511,1.8000,1.6818
4018011,1.8000,1.7060
4018511,1.8000,1.6947
4019011,1.8000,1.6883
4019511,1.8000,1.6891
4020011,1.8000,1.6979
4020511,1.8000,1.7020
4021011,1.8000,1.7012
4021511,1.8000,1.6971
4022011,1.8000,1.6955
4022511,1.8000,1.6923
4023011,1.8000,1.6996
4023511,1.8000,1.7036
4024011,1.8000,1.6931
4024511,1.8000,1.7125
4025011,1.8000,1.6939
4025511,1.8000,1.6907
4026011,1.8000,1.6730
4026511,1.8000,1.6971
4027011,1.8000,1.6899
4027511,1.8000,1.6931
4028011,1.8000,1.6818
4028511,1.8000,1.6891
4029011,1.8000,1.7012
4029511,1.8000,1.7020
4030011,1.8000,1.7028
4030511,1.8000,1.7020
4031011,1.8000,1.7060
4031511,1.8000,1.6842
4032011,1.8000,1.6834
4032511,1.8000,1.6939
4033011,1.8000,1.7149
4033511,1.8000,1.6939
4034011,1.8000,1.6899
4034511,1.8000,1.6931
4035011,1.8000,1.7076
4035511,1.8000,1.6996
4036011,1.8000,1.6979
4036511,1.8000,1.6891
4037011,1.8000,1.6955
4037511,1.8000,1.6907
4038011,1.8000,1.6947
4038511,1.8000,1.6923
4039011,1.8000,1.6891
4039511,1.8000,1.6947
4040011,1.8000,1.6851
4040511,1.8000,1.7108
4041011,1.8000,1.6979
4041511,1.8000,1.6947
4042011,1.8000,1.7036
4042511,1.8000,1.6939
4043011,1.8000,1.6891
4043511,1.8000,1.6923
4044011,1.8000,1.6891
4044511,1.8000,1.6867
4045011,1.8000,1.6915
4045511,1.8000,1.6834
4046011,1.8000,1.7012
4046511,1.8000,1.7149
4047011,1.8000,1.7020
4047511,1.8000,1.7012
4048011,1.8000,1.6907
4048511,1.8000,1.7004
4049011,1.8000,1.6915
4049511,1.8000,1.7100
4050011,1.8000,1.7068
4050511,1.8000,1.6762
4051011,1.8000,1.6915
4051511,1.8000,1.6923
4052011,1.8000,1.6891
4052511,1.8000,1.7012
4053011,1.8000,1.6931
4053511,1.8000,1.6891
4054011,1.8000,1.6891
4054511,1.8000,1.6947
4055011,1.8000,1.6979
4055511,1.8000,1.6915
4056011,1.8000,1.7004
4056511,1.8000,1.6947
4057011,1.8000,1.6915
4057511,1.8000,1.6891
4058011,1.8000,1.6891
4058511,1.8000,1.7020
4059011,1.8000,1.6818
4059511,1.8000,1.6923
4060011,1.8000,1.6947
4060511,1.8000,1.6979
4061011,1.8000,1.7149
4061511,1.8000,1.6988
4062011,1.8000,1.7020
4062511,1.8000,1.6891
4063011,1.8000,1.6979
4063511,1.8000,1.6939
4064011,1.8000,1.7012
4064511,1.8000,1.7004
4065011,1.8000,1.6971
4065511,1.8000,1.6979
4066011,1.8000,1.7004
4066511,1.8000,1.6891
4067011,1.8000,1.6923
4067511,1.8000,1.7060
4068011,1.8000,1.6947
4068511,1.8000,1.6963
4069011,1.8000,1.6891
4069511,1.8000,1.6971
4070011,1.8000,1.7020
4070511,1.8000,1.6996
4071011,1.8000,1.6963
4071511,1.8000,1.7382
4072011,1.8000,1.6947
4072511,1.8000,1.6971
4073011,1.8000,1.7092
4073511,1.8000,1.7020
4074011,1.8000,1.6915
4074511,1.8000,1.6971
4075011,1.8000,1.6915
4075511,1.8000,1.6979
4076011,1.8000,1.6979
4076511,1.8000,1.6867
4077011,1.8000,1.6891
4077511,1.8000,1.6947
4078011,1.8000,1.7020
4078511,1.8000,1.6947
4079011,1.8000,1.7116
4079511,1.8000,1.7004
4080011,1.8000,1.6971
4080511,1.8000,1.7004
4081011,1.8000,1.7407
4081511,1.8000,1.6891
4082011,1.8000,1.7004
4082511,1.8000,1.6931
4083011,1.8000,1.7044
4083511,1.8000,1.6891
4084011,1.8000,1.6979
4084511,1.8000,1.6971
4085011,1.8000,1.7012
4085511,1.8000,1.6891
4086011,1.8000,1.6963
4086511,1.8000,1.7060
4087011,1.8000,1.6996
4087511,1.8000,1.7036
4088011,1.8000,1.7020
4088511,1.8000,1.7052
4089011,1.8000,1.6971
4089511,1.8000,1.7044
4090011,1.8000,1.7020
4090511,1.8000,1.7036
4091011,1.8000,1.7012
4091511,1.8000,1.7028
4092011,1.8000,1.6971
4092511,1.8000,1.7068
4093011,1.8000,1.6996
4093511,1.8000,1.6963
4094011,1.8000,1.6996
4094511,1.8000,1.7004
4095011,1.8000,1.6963
4095511,1.8000,1.7068
4096011,1.8000,1.7012
4096511,1.8000,1.6947
4097011,1.8000,1.7020
4097511,1.8000,1.7020
4098011,1.8000,1.6979
4098511,1.8000,1.6979
4099011,1.8000,1.6931
4099511,1.8000,1.7020
4100011,1.8000,1.6883
4100511,1.8000,1.7060
4101011,1.8000,1.6891
4101511,1.8000,1.7004
4102011,1.8000,1.7004
4102511,1.8000,1.7012
4103011,1.8000,1.7133
4103511,1.8000,1.7020
4104011,1.8000,1.7020
4104511,1.8000,1.7020
4105011,1.8000,1.7004
4105511,1.8000,1.6947
4106011,1.8000,1.7028
4106511,1.8000,1.6996
4107011,1.8000,1.7020
4107511,1.8000,1.6996
4108011,1.8000,1.7068
4108511,1.8000,1.6931
4109011,1.8000,1.7052
4109511,1.8000,1.6963
4110011,1.8000,1.7020
4110511,1.8000,1.7044
4111011,1.8000,1.7012
4111511,1.8000,1.7149
4112011,1.8000,1.7221
4112511,1.8000,1.6947
4113011,1.8000,1.7020
4113511,1.8000,1.7125
4114011,1.8000,1.6899
4114511,1.8000,1.7100
4115011,1.8000,1.6979
4115511,1.8000,1.6971
4116011,1.8000,1.6891
4116511,1.8000,1.7165
4117011,1.8000,1.7012
4117511,1.8000,1.6971
4118011,1.8000,1.6923
4118511,1.8000,1.6996
4119011,1.8000,1.6955
4119511,1.8000,1.7060
4120011,1.8000,1.6996
4120511,1.8000,1.7092
4121011,1.8000,1.7044
4121511,1.8000,1.6996
4122011,1.8000,1.7020
4122511,1.8000,1.7125
4123011,1.8000,1.7012
4123511,1.8000,1.7020
4124011,1.8000,1.7028
4124511,1.8000,1.7020
4125011,1.8000,1.7004
4125511,1.8000,1.7020
4126011,1.8000,1.7004
4126511,1.8000,1.7052
4127011,1.8000,1.7149
4127511,1.8000,1.7020
4128011,1.8000,1.6907
4128511,1.8000,1.6939
4129011,1.8000,1.7149
4129511,1.8000,1.7012
4130011,1.8000,1.6883
4130511,1.8000,1.7350
4131011,1.8000,1.6875
4131511,1.8000,1.7076
4132011,1.8000,1.7165
4132511,1.8000,1.7020
4133011,1.8000,1.7044
4133511,1.8000,1.7012
4134011,1.8000,1.7028
4134511,1.8000,1.7028
4135011,1.8000,1.7036
4135511,1.8000,1.7108
4136011,1.8000,1.6996
4136511,1.8000,1.6939
4137011,1.8000,1.7020
4137511,1.8000,1.7028
4138011,1.8000,1.6996
4138511,1.8000,1.7060
4139011,1.8000,1.7020
4139511,1.8000,1.7044
4140011,1.8000,1.7157
4140511,1.8000,1.7044
4141011,1.8000,1.7012
4141511,1.8000,1.7044
4142011,1.8000,1.7012
4142511,1.8000,1.7012
4143011,1.8000,1.6867
4143511,1.8000,1.6947
4144011,1.8000,1.7108
4144511,1.8000,1.6963
4145011,1.8000,1.7012
4145511,1.8000,1.7020
4146011,1.8000,1.6883
4146511,1.8000,1.7036
4147011,1.8000,1.7036
4147511,1.8000,1.7052
4148011,1.8000,1.7012
4148511,1.8000,1.6996
4149011,1.8000,1.7044
4149511,1.8000,1.7165
4150011,1.8000,1.6979
4150511,1.8000,1.6963
4151011,1.8000,1.7012
4151511,1.8000,1.7012
4152011,1.8000,1.7020
4152511,1.8000,1.6947
4153011,1.8000,1.7068
4153511,1.8000,1.7197
4154011,1.8000,1.7068
4154511,1.8000,1.7044
4155011,1.8000,1.7020
4155511,1.8000,1.7060
4156011,1.8000,1.7326
4156511,1.8000,1.7108
4157011,1.8000,1.7036
4157511,1.8000,1.6979
4158011,1.8000,1.7020
4158511,1.8000,1.6923
4159011,1.8000,1.6979
4159511,1.8000,1.7149
4160011,1.8000,1.6923
4160511,1.8000,1.6996
4161011,1.8000,1.7076
4161511,1.8000,1.6979
4162011,1.8000,1.7044
4162511,1.8000,1.7060
4163011,1.8000,1.6971
4163511,1.8000,1.7108
4164011,1.8000,1.7068
4164511,1.8000,1.7028
4165011,1.8000,1.7060
4165511,1.8000,1.7044
4166011,1.8000,1.7044
4166511,1.8000,1.7060
4167011,1.8000,1.7205
4167511,1.8000,1.6979
4168011,1.8000,1.7076
4168511,1.8000,1.7060
4169011,1.8000,1.7068
4169511,1.8000,1.7149
4170011,1.8000,1.6996
4170511,1.8000,1.7012
4171011,1.8000,1.7028
4171511,1.8000,1.7068
4172011,1.8000,1.6979
4172511,1.8000,1.7020
4173011,1.8000,1.6891
4173511,1.8000,1.7028
4174011,1.8000,1.7149
4174511,1.8000,1.7028
4175011,1.8000,1.7149
4175511,1.8000,1.7036
4176011,1.8000,1.7020
4176511,1.8000,1.6891
4177011,1.8000,1.7020
4177511,1.8000,1.6834
4178011,1.8000,1.7060
4178511,1.8000,1.6971
4179011,1.8000,1.7036
4179511,1.8000,1.7060
4180011,1.8000,1.7036
4180511,1.8000,1.7149
4181011,1.8000,1.6947
4181511,1.8000,1.7100
4182011,1.8000,1.7012
4182511,1.8000,1.6834
4183011,1.8000,1.7116
4183511,1.8000,1.7052
4184011,1.8000,1.6939
4184511,1.8000,1.6979
4185011,1.8000,1.6931
4185511,1.8000,1.7044
4186011,1.8000,1.7036
4186511,1.8000,1.7028
4187011,1.8000,1.7012
4187511,1.8000,1.7020
4188011,1.8000,1.7020
4188511,1.8000,1.7044
4189011,1.8000,1.6979
4189511,1.8000,1.7100
4190011,1.8000,1.7245
4190511,1.8000,1.7100
4191011,1.8000,1.7125
4191511,1.8000,1.7028
4192011,1.8000,1.7020
4192511,1.8000,1.7020
4193011,1.8000,1.7060
4193511,1.8000,1.6915
4194011,1.8000,1.6963
4194511,1.8000,1.7012
4195011,1.8000,1.7060
4195511,1.8000,1.7020
4196011,1.8000,1.7116
4196511,1.8000,1.7028
4197011,1.8000,1.6931
4197511,1.8000,1.7020
4198011,1.8000,1.7076
4198511,1.8000,1.7092
4199011,1.8000,1.7068
4199511,1.8000,1.7020
4200011,1.8000,1.7028
4200511,1.8000,1.6988
4201011,1.8000,1.7125
4201511,1.8000,1.7012
4202011,1.8000,1.7012
4202511,1.8000,1.6923
4203011,1.8000,1.7012
4203511,1.8000,1.7060
4204011,1.8000,1.7036
4204511,1.8000,1.7028
4205011,1.8000,1.7108
4205511,1.8000,1.7060
4206011,1.8000,1.7100
4206511,1.8000,1.7020
4207011,1.8000,1.7076
4207511,1.8000,1.6947
4208011,1.8000,1.7084
4208511,1.8000,1.6996
4209011,1.8000,1.7133
4209511,1.8000,1.7044
4210011,1.8000,1.7020
4210511,1.8000,1.7076
4211011,1.8000,1.7060
4211511,1.8000,1.7149
4212011,1.8000,1.7020
4212511,1.8000,1.7036
4213011,1.8000,1.7100
4213511,1.8000,1.7004
4214011,1.8000,1.7149
4214511,1.8000,1.7028
4215011,1.8000,1.7068
4215511,1.8000,1.7245
4216011,1.8000,1.7108
4216511,1.8000,1.7076
4217011,1.8000,1.6979
4217511,1.8000,1.7108
4218011,1.8000,1.7221
4218511,1.8000,1.7020
4219011,1.8000,1.7084
4219511,1.8000,1.7060
4220011,1.8000,1.7100
4220511,1.8000,1.7068
4221011,1.8000,1.7020
4221511,1.8000,1.7068
4222011,1.8000,1.7068
4222511,1.8000,1.7149
4223011,1.8000,1.7108
4223511,1.8000,1.7133
4224011,1.8000,1.7149
4224511,1.8000,1.7084
4225011,1.8000,1.7068
4225511,1.8000,1.7100
4226011,1.8000,1.7052
4226511,1.8000,1.7092
4227011,1.8000,1.7044
4227511,1.8000,1.7028
4228011,1.8000,1.7036
4228511,1.8000,1.7108
4229011,1.8000,1.7092
4229511,1.8000,1.7060
4230011,1.8000,1.7149
4230511,1.8000,1.7157
4231011,1.8000,1.7020
4231511,1.8000,1.7125
4232011,1.8000,1.7036
4232511,1.8000,1.7149
4233011,1.8000,1.7189
4233511,1.8000,1.7133
4234011,1.8000,1.7141
4234511,1.8000,1.6947
4235011,1.8000,1.7149
4235511,1.8000,1.7020
4236011,1.8000,1.7068
4236511,1.8000,1.7116
4237011,1.8000,1.7149
4237511,1.8000,1.7125
4238011,1.8000,1.7044
4238511,1.8000,1.7149
4239011,1.8000,1.7149
4239511,1.8000,1.7060
4240011,1.8000,1.7141
4240511,1.8000,1.7036
4241011,1.8000,1.7149
4241511,1.8000,1.6883
4242011,1.8000,1.6971
4242511,1.8000,1.7052
4243011,1.8000,1.7165
4243511,1.8000,1.7205
4244011,1.8000,1.7020
4244511,1.8000,1.7068
4245011,1.8000,1.7100
4245511,1.8000,1.6996
4246011,1.8000,1.7028
4246511,1.8000,1.6971
4247011,1.8000,1.7076
4247511,1.8000,1.7092
4248011,1.8000,1.7108
4248511,1.8000,1.7068
4249011,1.8000,1.6971
4249511,1.8000,1.7084
4250011,1.8000,1.7020
4250511,1.8000,1.7068
4251011,1.8000,1.7020
4251511,1.8000,1.7060
4252011,1.8000,1.7012
4252511,1.8000,1.7125
4253011,1.8000,1.7108
4253511,1.8000,1.7060
4254011,1.8000,1.7036
4254511,1.8000,1.7149
4255011,1.8000,1.7100
4255511,1.8000,1.7133
4256011,1.8000,1.7221
4256511,1.8000,1.7149
4257011,1.8000,1.7100
4257511,1.8000,1.7020
4258011,1.8000,1.7133
4258511,1.8000,1.7084
4259011,1.8000,1.7141
4259511,1.8000,1.7108
4260011,1.8000,1.7092
4260511,1.8000,1.7036
4261011,1.8000,1.7036
4261511,1.8000,1.6963
4262011,1.8000,1.7020
4262511,1.8000,1.7044
4263011,1.8000,1.7108
4263511,1.8000,1.7020
4264011,1.8000,1.6988
4264511,1.8000,1.7076
4265011,1.8000,1.7141
4265511,1.8000,1.7044
4266011,1.8000,1.7012
4266511,1.8000,1.7020
4267011,1.8000,1.7060
4267511,1.8000,1.7028
4268011,1.8000,1.6947
4268511,1.8000,1.7036
4269011,1.8000,1.7100
4269511,1.8000,1.7310
4270011,1.8000,1.7100
4270511,1.8000,1.7020
4271011,1.8000,1.7076
4271511,1.8000,1.7028
4272011,1.8000,1.7020
4272511,1.8000,1.7108
4273011,1.8000,1.7125
4273511,1.8000,1.7060
4274011,1.8000,1.7262
4274511,1.8000,1.7028
4275011,1.8000,1.7052
4275511,1.8000,1.7253
4276011,1.8000,1.7125
4276511,1.8000,1.7012
4277011,1.8000,1.7036
4277511,1.8000,1.7068
4278011,1.8000,1.7125
4278511,1.8000,1.7092
4279011,1.8000,1.7189
4279511,1.8000,1.7084
4280011,1.8000,1.7108
4280511,1.8000,1.7205
4281011,1.8000,1.7125
4281511,1.8000,1.7044
4282011,1.8000,1.7028
4282511,1.8000,1.7326
4283011,1.8000,1.7052
4283511,1.8000,1.7181
4284011,1.8000,1.7060
4284511,1.8000,1.7133
4285011,1.8000,1.7076
4285511,1.8000,1.7141
4286011,1.8000,1.7068
4286511,1.8000,1.7149
4287011,1.8000,1.7036
4287511,1.8000,1.7125
4288011,1.8000,1.6923
4288511,1.8000,1.7068
4289011,1.8000,1.7044
4289511,1.8000,1.7197
4290011,1.8000,1.7036
4290511,1.8000,1.7133
4291011,1.8000,1.7141
4291511,1.8000,1.6931
4292011,1.8000,1.7125
4292511,1.8000,1.7157
4293011,1.8000,1.7294
4293511,1.8000,1.7270
4294011,1.8000,1.7125
4294511,1.8000,1.7036
4295011,1.8000,1.7060
4295511,1.8000,1.7205
4296011,1.8000,1.7133
4296511,1.8000,1.6963
4297011,1.8000,1.6883
4297511,1.8000,1.6786
4298011,1.8000,1.6955
4298511,1.8000,1.6979
4299011,1.8000,1.7076
4299511,1.8000,1.7100
4300011,1.8000,1.7076
4300511,1.8000,1.7028
4301011,1.8000,1.7133
4301511,1.8000,1.7262
4302011,1.8000,1.7100
4302511,1.8000,1.7116
4303011,1.8000,1.7100
4303511,1.8000,1.7125
4304011,1.8000,1.7044
4304511,1.8000,1.7302
4305011,1.8000,1.6971
4305511,1.8000,1.7100
4306011,1.8000,1.7149
4306511,1.8000,1.7108
4307011,1.8000,1.7149
4307511,1.8000,1.7165
4308011,1.8000,1.7076
4308511,1.8000,1.7108
4309011,1.8000,1.6988
4309511,1.8000,1.7173
4310011,1.8000,1.7149
4310511,1.8000,1.7092
4311011,1.8000,1.7076
4311511,1.8000,1.7068
4312011,1.8000,1.7092
4312511,1.8000,1.7245
4313011,1.8000,1.7141
4313511,1.8000,1.7149
4314011,1.8000,1.7052
4314511,1.8000,1.7060
4315011,1.8000,1.7149
4315511,1.8000,1.7197
4316011,1.8000,1.7044
4316511,1.8000,1.7108
4317011,1.8000,1.7076
4317511,1.8000,1.7028
4318011,1.8000,1.7302
4318511,1.8000,1.7197
4319011,1.8000,1.7116
4319511,1.8000,1.6971
4320011,1.8000,1.7149
4320511,1.8000,1.7068
4321011,1.8000,1.7157
4321511,1.8000,1.7149
4322011,1.8000,1.7092
4322511,1.8000,1.7068
4323011,1.8000,1.7100
4323511,1.8000,1.7149
4324011,1.8000,1.7044
4324511,1.8000,1.7125
4325011,1.8000,1.7125
4325511,1.8000,1.7149
4326011,1.8000,1.7133
4326511,1.8000,1.7149
4327011,1.8000,1.7165
4327511,1.8000,1.7028
4328011,1.8000,1.7125
4328511,1.8000,1.7149
4329011,1.8000,1.7125
4329511,1.8000,1.7036
4330011,1.8000,1.6947
4330511,1.8000,1.7133
4331011,1.8000,1.7028
4331511,1.8000,1.7044
4332011,1.8000,1.7165
4332511,1.8000,1.7116
4333011,1.8000,1.7092
4333511,1.8000,1.7108
4334011,1.8000,1.7108
4334511,1.8000,1.7149
4335011,1.8000,1.6996
4335511,1.8000,1.6996
4336011,1.8000,1.7141
4336511,1.8000,1.7092
4337011,1.8000,1.7084
4337511,1.8000,1.7133
4338011,1.8000,1.7004
4338511,1.8000,1.7012
4339011,1.8000,1.7076
4339511,1.8000,1.7068
4340011,1.8000,1.7157
4340511,1.8000,1.7270
4341011,1.8000,1.7036
4341511,1.8000,1.7076
4342011,1.8000,1.7100
4342511,1.8000,1.7294
4343011,1.8000,1.7004
4343511,1.8000,1.7149
4344011,1.8000,1.7133
4344511,1.8000,1.7020
4345011,1.8000,1.7149
4345511,1.8000,1.7108
4346011,1.8000,1.7020
4346511,1.8000,1.7076
4347011,1.8000,1.7125
4347511,1.8000,1.7141
4348011,1.8000,1.7116
4348511,1.8000,1.7044
4349011,1.8000,1.6979
4349511,1.8000,1.7108
4350011,1.8000,1.7197
4350511,1.8000,1.7020
4351011,1.8000,1.7092
4351511,1.8000,1.7092
4352011,1.8000,1.7020
4352511,1.8000,1.7068
4353011,1.8000,1.7310
4353511,1.8000,1.7108
4354011,1.8000,1.7068
4354511,1.8000,1.7149
4355011,1.8000,1.7165
4355511,1.8000,1.7068
4356011,1.8000,1.7149
4356511,1.8000,1.7141
4357011,1.8000,1.7125
4357511,1.8000,1.7044
4358011,1.8000,1.7060
4358511,1.8000,1.7141
4359011,1.8000,1.7149
4359511,1.8000,1.7133
4360011,1.8000,1.7044
4360511,1.8000,1.7141
4361011,1.8000,1.7100
4361511,1.8000,1.7068
4362011,1.8000,1.7076
4362511,1.8000,1.7149
4363011,1.8000,1.7149
4363511,1.8000,1.7157
4364011,1.8000,1.7108
4364511,1.8000,1.7092
4365011,1.8000,1.7237
4365511,1.8000,1.7189
4366011,1.8000,1.7092
4366511,1.8000,1.7149
4367011,1.8000,1.7092
4367511,1.8000,1.7221
4368011,1.8000,1.7092
4368511,1.8000,1.7221
4369011,1.8000,1.7149
4369511,1.8000,1.7149
4370011,1.8000,1.7108
4370511,1.8000,1.7092
4371011,1.8000,1.6979
4371511,1.8000,1.7141
4372011,1.8000,1.7108
4372511,1.8000,1.7133
4373011,1.8000,1.7133
4373511,1.8000,1.7125
4374011,1.8000,1.7044
4374511,1.8000,1.7060
4375011,1.8000,1.7092
4375511,1.8000,1.7149
4376011,1.8000,1.7100
4376511,1.8000,1.6979
4377011,1.8000,1.6891
4377511,1.8000,1.7020
4378011,1.8000,1.7092
4378511,1.8000,1.7149
4379011,1.8000,1.7076
4379511,1.8000,1.7149
4380011,1.8000,1.7133
4380511,1.8000,1.7100
4381011,1.8000,1.7125
4381511,1.8000,1.7141
4382011,1.8000,1.7068
4382511,1.8000,1.7100
4383011,1.8000,1.7141
4383511,1.8000,1.7149
4384011,1.8000,1.7157
4384511,1.8000,1.7133
4385011,1.8000,1.6915
4385511,1.8000,1.7141
4386011,1.8000,1.7076
4386511,1.8000,1.7173
4387011,1.8000,1.7149
4387511,1.8000,1.7181
4388011,1.8000,1.7181
4388511,1.8000,1.7108
4389011,1.8000,1.7133
4389511,1.8000,1.7116
4390011,1.8000,1.7157
4390511,1.8000,1.7052
4391011,1.8000,1.7044
4391511,1.8000,1.7125
4392011,1.8000,1.7092
4392511,1.8000,1.7149
4393011,1.8000,1.7076
4393511,1.8000,1.7165
4394011,1.8000,1.7108
4394511,1.8000,1.7116
4395011,1.8000,1.7020
4395511,1.8000,1.6875
4396011,1.8000,1.7157
4396511,1.8000,1.7407
4397011,1.8000,1.7149
4397511,1.8000,1.7189
4398011,1.8000,1.7060
4398511,1.8000,1.7165
4399011,1.8000,1.7149
4399511,1.8000,1.7431
4400011,1.8000,1.7149
4400511,1.8000,1.7318
4401011,1.8000,1.7125
4401511,1.8000,1.7092
4402011,1.8000,1.7149
4402511,1.8000,1.7020
4403011,1.8000,1.7149
4403511,1.8000,1.7141
4404011,1.8000,1.7157
4404511,1.8000,1.7036
4405011,1.8000,1.7149
4405511,1.8000,1.7157
4406011,1.8000,1.7157
4406511,1.8000,1.7173
4407011,1.8000,1.7189
4407511,1.8000,1.7157
4408011,1.8000,1.7189
4408511,1.8000,1.7060
4409011,1.8000,1.7229
4409511,1.8000,1.7149
4410011,1.8000,1.7020
4410511,1.8000,1.7125
4411011,1.8000,1.7189
4411511,1.8000,1.7157
4412011,1.8000,1.7157
4412511,1.8000,1.7173
4413011,1.8000,1.7157
4413511,1.8000,1.7060
4414011,1.8000,1.7141
4414511,1.8000,1.7286
4415011,1.8000,1.7092
4415511,1.8000,1.7141
4416011,1.8000,1.7149
4416511,1.8000,1.7366
4417011,1.8000,1.7076
4417511,1.8000,1.7149
4418011,1.8000,1.7149
4418511,1.8000,1.7157
4419011,1.8000,1.7092
4419511,1.8000,1.7165
4420011,1.8000,1.7149
4420511,1.8000,1.7125
4421011,1.8000,1.7149
4421511,1.8000,1.6996
4422011,1.8000,1.7149
4422511,1.8000,1.7149
4423011,1.8000,1.7133
4423511,1.8000,1.7237
4424011,1.8000,1.7197
4424511,1.8000,1.7149
4425011,1.8000,1.7358
4425511,1.8000,1.7229
4426011,1.8000,1.6899
4426511,1.8000,1.7157
4427011,1.8000,1.7141
4427511,1.8000,1.7076
4428011,1.8000,1.7181
4428511,1.8000,1.7165
4429011,1.8000,1.7318
4429511,1.8000,1.7407
4430011,1.8000,1.7108
4430511,1.8000,1.6899
4431011,1.8000,1.7157
4431511,1.8000,1.7125
4432011,1.8000,1.6963
4432511,1.8000,1.6955
4433011,1.8000,1.7020
4433511,1.8000,1.7149
4434011,1.8000,1.6867
4434511,1.8000,1.7149
4435011,1.8000,1.7125
4435511,1.8000,1.7068
4436011,1.8000,1.7189
4436511,1.8000,1.7092
4437011,1.8000,1.7149
4437511,1.8000,1.7165
4438011,1.8000,1.7237
4438511,1.8000,1.7149
4439011,1.8000,1.7125
4439511,1.8000,1.7149
4440011,1.8000,1.7149
4440511,1.8000,1.7149
4441011,1.8000,1.7149
4441511,1.8000,1.7157
4442011,1.8000,1.7133
4442511,1.8000,1.7173
4443011,1.8000,1.7116
4443511,1.8000,1.7133
4444011,1.8000,1.7100
4444511,1.8000,1.7173
4445011,1.8000,1.7157
4445511,1.8000,1.7149
4446011,1.8000,1.7157
4446511,1.8000,1.7149
4447011,1.8000,1.7149
4447511,1.8000,1.7165
4448011,1.8000,1.7350
4448511,1.8000,1.7205
4449011,1.8000,1.7149
4449511,1.8000,1.7149
4450011,1.8000,1.7221
4450511,1.8000,1.7221
4451011,1.8000,1.7125
4451511,1.8000,1.7149
4452011,1.8000,1.7149
4452511,1.8000,1.7149
4453011,1.8000,1.7068
4453511,1.8000,1.7149
4454011,1.8000,1.7221
4454511,1.8000,1.7060
4455011,1.8000,1.7149
4455511,1.8000,1.7141
4456011,1.8000,1.7149
4456511,1.8000,1.7149
4457011,1.8000,1.7253
4457511,1.8000,1.7108
4458011,1.8000,1.7165
4458511,1.8000,1.7189
4459011,1.8000,1.7141
4459511,1.8000,1.7149
4460011,1.8000,1.7149
4460511,1.8000,1.7149
4461011,1.8000,1.7149
4461511,1.8000,1.7141
4462011,1.8000,1.7165
4462511,1.8000,1.7197
4463011,1.8000,1.7149
4463511,1.8000,1.7302
4464011,1.8000,1.7125
4464511,1.8000,1.7149
4465011,1.8000,1.7157
4465511,1.8000,1.7157
4466011,1.8000,1.7262
4466511,1.8000,1.7237
4467011,1.8000,1.7028
4467511,1.8000,1.7149
4468011,1.8000,1.7149
4468511,1.8000,1.7068
4469011,1.8000,1.7181
4469511,1.8000,1.7149
4470011,1.8000,1.7173
4470511,1.8000,1.7157
4471011,1.8000,1.7229
4471511,1.8000,1.7157
4472011,1.8000,1.7141
4472511,1.8000,1.7237
4473011,1.8000,1.7149
4473511,1.8000,1.7149
4474011,1.8000,1.7141
4474511,1.8000,1.7165
4475011,1.8000,1.7149
4475511,1.8000,1.7221
4476011,1.8000,1.7197
4476511,1.8000,1.7278
4477011,1.8000,1.7100
4477511,1.8000,1.7374
4478011,1.8000,1.7165
4478511,1.8000,1.7149
4479011,1.8000,1.7157
4479511,1.8000,1.7189
4480011,1.8000,1.7229
4480511,1.8000,1.6722
4481011,1.8000,1.7149
4481511,1.8000,1.7149
4482011,1.8000,1.7229
4482511,1.8000,1.6867
4483011,1.8000,1.6891
4483511,1.8000,1.7253
4484011,1.8000,1.7108
4484511,1.8000,1.7125
4485011,1.8000,1.7157
4485511,1.8000,1.7149
4486011,1.8000,1.7173
4486511,1.8000,1.7157
4487011,1.8000,1.7108
4487511,1.8000,1.7197
4488011,1.8000,1.7197
4488511,1.8000,1.7262
4489011,1.8000,1.7060
4489511,1.8000,1.7197
4490011,1.8000,1.7205
4490511,1.8000,1.7100
4491011,1.8000,1.7149
4491511,1.8000,1.7197
4492011,1.8000,1.7165
4492511,1.8000,1.7108
4493011,1.8000,1.7189
4493511,1.8000,1.7125
4494011,1.8000,1.7149
4494511,1.8000,1.7149
4495011,1.8000,1.7149
4495511,1.8000,1.7044
4496011,1.8000,1.7229
4496511,1.8000,1.7133
4497011,1.8000,1.7229
4497511,1.8000,1.7237
4498011,1.8000,1.7205
4498511,1.8000,1.7205
4499011,1.8000,1.7173
4499511,1.8000,1.7189
4500011,1.8000,1.7189
4500511,1.8000,1.7173
4501011,1.8000,1.7125
4501511,1.8000,1.7197
4502011,1.8000,1.7366
4502511,1.8000,1.6955
4503011,1.8000,1.7173
4503511,1.8000,1.7149
4504011,1.8000,1.7165
4504511,1.8000,1.7149
4505011,1.8000,1.7149
4505511,1.8000,1.7149
4506011,1.8000,1.7205
4506511,1.8000,1.7004
4507011,1.8000,1.7133
4507511,1.8000,1.7149
4508011,1.8000,1.7221
4508511,1.8000,1.7149
4509011,1.8000,1.7028
4509511,1.8000,1.7221
4510011,1.8000,1.7173
4510511,1.8000,1.7100
4511011,1.8000,1.7068
4511511,1.8000,1.7181
4512011,1.8000,1.7221
4512511,1.8000,1.7157
4513011,1.8000,1.6891
4513511,1.8000,1.7205
4514011,1.8000,1.7358
4514511,1.8000,1.7189
4515011,1.8000,1.7181
4515511,1.8000,1.7149
4516011,1.8000,1.7253
4516511,1.8000,1.7068
4517011,1.8000,1.7270
4517511,1.8000,1.7237
4518011,1.8000,1.7270
4518511,1.8000,1.7157
4519011,1.8000,1.7141
4519511,1.8000,1.7012
4520011,1.8000,1.6979
4520511,1.8000,1.7141
4521011,1.8000,1.7076
4521511,1.8000,1.7173
4522011,1.8000,1.7237
4522511,1.8000,1.7020
4523011,1.8000,1.7165
4523511,1.8000,1.7165
4524011,1.8000,1.7149
4524511,1.8000,1.7189
4525011,1.8000,1.7245
4525511,1.8000,1.7253
4526011,1.8000,1.7253
4526511,1.8000,1.7149
4527011,1.8000,1.7181
4527511,1.8000,1.7181
4528011,1.8000,1.7020
4528511,1.8000,1.7149
4529011,1.8000,1.7068
4529511,1.8000,1.7157
4530011,1.8000,1.7116
4530511,1.8000,1.7036
4531011,1.8000,1.7173
4531511,1.8000,1.7149
4532011,1.8000,1.7157
4532511,1.8000,1.7149
4533011,1.8000,1.7189
4533511,1.8000,1.7189
4534011,1.8000,1.7036
4534511,1.8000,1.7221
4535011,1.8000,1.7133
4535511,1.8000,1.7294
4536011,1.8000,1.7197
4536511,1.8000,1.7205
4537011,1.8000,1.7100
4537511,1.8000,1.7149
4538011,1.8000,1.7342
4538511,1.8000,1.7189
4539011,1.8000,1.7149
4539511,1.8000,1.7100
4540011,1.8000,1.7294
4540511,1.8000,1.7092
4541011,1.8000,1.7100
4541511,1.8000,1.7084
4542011,1.8000,1.7149
4542511,1.8000,1.7173
4543011,1.8000,1.7270
4543511,1.8000,1.7149
4544011,1.8000,1.7020
4544511,1.8000,1.7149
4545011,1.8000,1.7270
4545511,1.8000,1.7237
4546011,1.8000,1.7157
4546511,1.8000,1.7125
4547011,1.8000,1.7052
4547511,1.8000,1.7076
4548011,1.8000,1.7116
4548511,1.8000,1.7149
4549011,1.8000,1.7181
4549511,1.8000,1.7197
4550011,1.8000,1.7100
4550511,1.8000,1.7205
4551011,1.8000,1.7189
4551511,1.8000,1.7149
4552011,1.8000,1.7253
4552511,1.8000,1.7020
4553011,1.8000,1.7125
4553511,1.8000,1.7141
4554011,1.8000,1.7197
4554511,1.8000,1.7189
4555011,1.8000,1.7237
4555511,1.8000,1.7173
4556011,1.8000,1.7253
4556511,1.8000,1.7149
4557011,1.8000,1.7076
4557511,1.8000,1.7213
4558011,1.8000,1.7068
4558511,1.8000,1.7189
4559011,1.8000,1.7141
4559511,1.8000,1.7229
4560011,1.8000,1.7302
4560511,1.8000,1.7149
4561011,1.8000,1.7157
4561511,1.8000,1.7028
4562011,1.8000,1.7141
4562511,1.8000,1.7262
4563011,1.8000,1.7157
4563511,1.8000,1.7149
4564011,1.8000,1.7286
4564511,1.8000,1.7157
4565011,1.8000,1.6891
4565511,1.8000,1.7149
4566011,1.8000,1.7149
4566511,1.8000,1.7149
4567011,1.8000,1.7173
4567511,1.8000,1.7157
4568011,1.8000,1.7278
4568511,1.8000,1.7205
4569011,1.8000,1.7197
4569511,1.8000,1.7165
4570011,1.8000,1.7157
4570511,1.8000,1.7237
4571011,1.8000,1.7253
4571511,1.8000,1.7334
4572011,1.8000,1.7253
4572511,1.8000,1.6931
4573011,1.8000,1.7197
4573511,1.8000,1.7068
4574011,1.8000,1.6979
4574511,1.8000,1.7052
4575011,1.8000,1.7197
4575511,1.8000,1.7302
4576011,1.8000,1.7262
4576511,1.8000,1.7141
4577011,1.8000,1.7149
4577511,1.8000,1.7229
4578011,1.8000,1.7133
4578511,1.8000,1.7116
4579011,1.8000,1.7237
4579511,1.8000,1.7286
4580011,1.8000,1.7076
4580511,1.8000,1.7157
4581011,1.8000,1.7149
4581511,1.8000,1.7253
4582011,1.8000,1.7149
4582511,1.8000,1.7270
4583011,1.8000,1.7237
4583511,1.8000,1.7253
4584011,1.8000,1.7229
4584511,1.8000,1.7149
4585011,1.8000,1.7334
4585511,1.8000,1.7382
4586011,1.8000,1.7149
4586511,1.8000,1.7286
4587011,1.8000,1.7044
4587511,1.8000,1.7141
4588011,1.8000,1.7108
4588511,1.8000,1.7237
4589011,1.8000,1.7076
4589511,1.8000,1.7181
4590011,1.8000,1.7302
4590511,1.8000,1.7133
4591011,1.8000,1.7173
4591511,1.8000,1.7286
4592011,1.8000,1.7165
4592511,1.8000,1.7149
4593011,1.8000,1.7149
4593511,1.8000,1.7173
4594011,1.8000,1.7100
4594511,1.8000,1.7173
4595011,1.8000,1.7157
4595511,1.8000,1.7253
4596011,1.8000,1.7028
4596511,1.8000,1.7253
4597011,1.8000,1.7302
4597511,1.8000,1.6996
4598011,1.8000,1.7294
4598511,1.8000,1.7149
4599011,1.8000,1.7141
4599511,1.8000,1.7173
4600011,1.8000,1.7245
4600511,1.8000,1.7149
4601011,1.8000,1.7229
4601511,1.8000,1.7149
4602011,1.8000,1.7205
4602511,1.8000,1.7237
4603011,1.8000,1.7133
4603511,1.8000,1.7173
4604011,1.8000,1.7141
4604511,1.8000,1.7133
4605011,1.8000,1.6947
4605511,1.8000,1.7189
4606011,1.8000,1.7616
4606511,1.8000,1.7189
4607011,1.8000,1.7205
4607511,1.8000,1.7205
4608011,1.8000,1.7149
4608511,1.8000,1.7237
4609011,1.8000,1.7302
4609511,1.8000,1.7149
4610011,1.8000,1.7165
4610511,1.8000,1.7141
4611011,1.8000,1.7270
4611511,1.8000,1.7205
4612011,1.8000,1.7237
4612511,1.8000,1.7270
4613011,1.8000,1.7318
4613511,1.8000,1.7302
4614011,1.8000,1.7149
4614511,1.8000,1.7245
4615011,1.8000,1.7205
4615511,1.8000,1.7382
4616011,1.8000,1.7060
4616511,1.8000,1.7165
4617011,1.8000,1.7181
4617511,1.8000,1.7157
4618011,1.8000,1.7149
4618511,1.8000,1.7157
4619011,1.8000,1.7044
4619511,1.8000,1.7286
4620011,1.8000,1.7262
4620511,1.8000,1.7253
4621011,1.8000,1.7262
4621511,1.8000,1.7036
4622011,1.8000,1.7205
4622511,1.8000,1.7262
4623011,1.8000,1.7141
4623511,1.8000,1.7262
4624011,1.8000,1.7262
4624511,1.8000,1.7205
4625011,1.8000,1.7278
4625511,1.8000,1.7205
4626011,1.8000,1.7181
4626511,1.8000,1.7318
4627011,1.8000,1.7157
4627511,1.8000,1.7262
4628011,1.8000,1.7286
4628511,1.8000,1.7165
4629011,1.8000,1.7165
4629511,1.8000,1.7197
4630011,1.8000,1.7237
4630511,1.8000,1.7536
4631011,1.8000,1.7221
4631511,1.8000,1.7189
4632011,1.8000,1.7076
4632511,1.8000,1.7149
4633011,1.8000,1.7181
4633511,1.8000,1.7278
4634011,1.8000,1.7237
4634511,1.8000,1.7382
4635011,1.8000,1.7044
4635511,1.8000,1.7205
4636011,1.8000,1.7262
4636511,1.8000,1.7197
4637011,1.8000,1.7237
4637511,1.8000,1.7237
4638011,1.8000,1.7237
4638511,1.8000,1.7197
4639011,1.8000,1.7302
4639511,1.8000,1.7270
4640011,1.8000,1.7237
4640511,1.8000,1.6689
4641011,1.8000,1.7108
4641511,1.8000,1.7302
4642011,1.8000,1.7294
4642511,1.8000,1.7229
4643011,1.8000,1.7149
4643511,1.8000,1.7350
4644011,1.8000,1.7439
4644511,1.8000,1.7270
4645011,1.8000,1.7262
4645511,1.8000,1.7237
4646011,1.8000,1.7253
4646511,1.8000,1.7157
4647011,1.8000,1.7229
4647511,1.8000,1.7415
4648011,1.8000,1.7197
4648511,1.8000,1.7310
4649011,1.8000,1.7407
4649511,1.8000,1.7286
4650011,1.8000,1.7181
4650511,1.8000,1.7197
4651011,1.8000,1.7237
4651511,1.8000,1.7221
4652011,1.8000,1.7237
4652511,1.8000,1.7245
4653011,1.8000,1.7423
4653511,1.8000,1.7334
4654011,1.8000,1.7157
4654511,1.8000,1.7447
4655011,1.8000,1.7221
4655511,1.8000,1.7157
4656011,1.8000,1.7197
4656511,1.8000,1.7253
4657011,1.8000,1.7262
4657511,1.8000,1.7382
4658011,1.8000,1.7181
4658511,1.8000,1.7302
4659011,1.8000,1.7302
4659511,1.8000,1.7133
4660011,1.8000,1.7157
4660511,1.8000,1.7237
4661011,1.8000,1.7221
4661511,1.8000,1.7463
4662011,1.8000,1.7149
4662511,1.8000,1.7149
4663011,1.8000,1.7399
4663511,1.8000,1.7205
4664011,1.8000,1.7229
4664511,1.8000,1.7149
4665011,1.8000,1.7189
4665511,1.8000,1.7262
4666011,1.8000,1.7189
4666511,1.8000,1.7253
4667011,1.8000,1.7253
4667511,1.8000,1.7205
4668011,1.8000,1.7286
4668511,1.8000,1.7342
4669011,1.8000,1.7237
4669511,1.8000,1.7157
4670011,1.8000,1.7181
4670511,1.8000,1.7286
4671011,1.8000,1.7165
4671511,1.8000,1.7278
4672011,1.8000,1.7294
4672511,1.8000,1.7326
4673011,1.8000,1.7229
4673511,1.8000,1.7173
4674011,1.8000,1.7173
4674511,1.8000,1.7278
4675011,1.8000,1.7116
4675511,1.8000,1.7213
4676011,1.8000,1.7407
4676511,1.8000,1.7407
4677011,1.8000,1.7229
4677511,1.8000,1.7197
4678011,1.8000,1.7270
4678511,1.8000,1.7278
4679011,1.8000,1.7310
4679511,1.8000,1.7181
4680011,1.8000,1.7221
4680511,1.8000,1.7253
4681011,1.8000,1.7253
4681511,1.8000,1.7390
4682011,1.8000,1.7431
4682511,1.8000,1.7270
4683011,1.8000,1.7286
4683511,1.8000,1.7229
4684011,1.8000,1.7270
4684511,1.8000,1.7334
4685011,1.8000,1.7173
4685511,1.8000,1.7245
4686011,1.8000,1.7318
4686511,1.8000,1.7197
4687011,1.8000,1.7237
4687511,1.8000,1.7229
4688011,1.8000,1.7205
4688511,1.8000,1.7294
4689011,1.8000,1.7245
4689511,1.8000,1.7245
4690011,1.8000,1.7278
4690511,1.8000,1.7278
4691011,1.8000,1.7270
4691511,1.8000,1.6891
4692011,1.8000,1.7519
4692511,1.8000,1.7358
4693011,1.8000,1.7334
4693511,1.8000,1.7511
4694011,1.8000,1.7205
4694511,1.8000,1.7407
4695011,1.8000,1.7286
4695511,1.8000,1.7326
4696011,1.8000,1.7165
4696511,1.8000,1.7544
4697011,1.8000,1.7221
4697511,1.8000,1.7294
4698011,1.8000,1.7358
4698511,1.8000,1.7286
4699011,1.8000,1.7229
4699511,1.8000,1.7189
4700011,1.8000,1.7237
4700511,1.8000,1.7358
4701011,1.8000,1.7278
4701511,1.8000,1.7237
4702011,1.8000,1.7390
4702511,1.8000,1.7270
4703011,1.8000,1.7334
4703511,1.8000,1.7205
4704011,1.8000,1.7366
4704511,1.8000,1.7302
4705011,1.8000,1.7358
4705511,1.8000,1.7286
4706011,1.8000,1.7382
4706511,1.8000,1.7205
4707011,1.8000,1.7326
4707511,1.8000,1.7100
4708011,1.8000,1.7334
4708511,1.8000,1.7253
4709011,1.8000,1.7302
4709511,1.8000,1.7318
4710011,1.8000,1.7334
4710511,1.8000,1.6923
4711011,1.8000,1.7326
4711511,1.8000,1.7278
4712011,1.8000,1.7423
4712511,1.8000,1.7149
4713011,1.8000,1.7189
4713511,1.8000,1.7302
4714011,1.8000,1.7326
4714511,1.8000,1.7205
4715011,1.8000,1.7245
4715511,1.8000,1.7278
4716011,1.8000,1.7358
4716511,1.8000,1.7237
4717011,1.8000,1.7286
4717511,1.8000,1.7229
4718011,1.8000,1.7350
4718511,1.8000,1.7350
4719011,1.8000,1.7302
4719511,1.8000,1.7294
4720011,1.8000,1.7447
4720511,1.8000,1.7189
4721011,1.8000,1.7358
4721511,1.8000,1.7253
4722011,1.8000,1.7229
4722511,1.8000,1.7262
4723011,1.8000,1.7278
4723511,1.8000,1.7149
4724011,1.8000,1.7197
4724511,1.8000,1.7278
4725011,1.8000,1.7245
4725511,1.8000,1.7407
4726011,1.8000,1.7334
4726511,1.8000,1.7221
4727011,1.8000,1.7302
4727511,1.8000,1.7189
4728011,1.8000,1.7334
4728511,1.8000,1.7262
4729011,1.8000,1.7286
4729511,1.8000,1.7302
4730011,1.8000,1.7278
4730511,1.8000,1.7399
4731011,1.8000,1.7237
4731511,1.8000,1.7205
4732011,1.8000,1.7205
4732511,1.8000,1.7221
4733011,1.8000,1.7423
4733511,1.8000,1.7390
4734011,1.8000,1.7125
4734511,1.8000,1.7189
4735011,1.8000,1.7294
4735511,1.8000,1.7157
4736011,1.8000,1.7157
4736511,1.8000,1.7358
4737011,1.8000,1.7253
4737511,1.8000,1.7423
4738011,1.8000,1.7350
4738511,1.8000,1.7334
4739011,1.8000,1.7342
4739511,1.8000,1.7350
4740011,1.8000,1.7278
4740511,1.8000,1.7294
4741011,1.8000,1.7286
4741511,1.8000,1.7270
4742011,1.8000,1.7390
4742511,1.8000,1.7278
4743011,1.8000,1.7181
4743511,1.8000,1.7205
4744011,1.8000,1.7229
4744511,1.8000,1.7286
4745011,1.8000,1.7294
4745511,1.8000,1.7197
4746011,1.8000,1.7221
4746511,1.8000,1.7278
4747011,1.8000,1.7270
4747511,1.8000,1.7407
4748011,1.8000,1.7165
4748511,1.8000,1.7366
4749011,1.8000,1.7270
4749511,1.8000,1.7399
4750011,1.8000,1.7318
4750511,1.8000,1.7399
4751011,1.8000,1.7407
4751511,1.8000,1.7253
4752011,1.8000,1.7310
4752511,1.8000,1.7278
4753011,1.8000,1.7463
4753511,1.8000,1.7253
4754011,1.8000,1.7253
4754511,1.8000,1.7189
4755011,1.8000,1.7205
4755511,1.8000,1.7350
4756011,1.8000,1.7270
4756511,1.8000,1.7390
4757011,1.8000,1.7294
4757511,1.8000,1.7334
4758011,1.8000,1.7302
4758511,1.8000,1.7350
4759011,1.8000,1.7407
4759511,1.8000,1.7673
4760011,1.8000,1.7213
4760511,1.8000,1.7407
4761011,1.8000,1.7326
4761511,1.8000,1.7302
4762011,1.8000,1.7334
4762511,1.8000,1.7262
4763011,1.8000,1.7253
4763511,1.8000,1.7294
4764011,1.8000,1.7229
4764511,1.8000,1.7302
4765011,1.8000,1.7286
4765511,1.8000,1.7286
4766011,1.8000,1.7350
4766511,1.8000,1.7245
4767011,1.8000,1.7350
4767511,1.8000,1.7415
4768011,1.8000,1.7173
4768511,1.8000,1.7455
4769011,1.8000,1.7294
4769511,1.8000,1.7189
4770011,1.8000,1.7245
4770511,1.8000,1.7262
4771011,1.8000,1.7165
4771511,1.8000,1.7294
4772011,1.8000,1.7310
4772511,1.8000,1.7253
4773011,1.8000,1.7229
4773511,1.8000,1.7407
4774011,1.8000,1.7294
4774511,1.8000,1.7229
4775011,1.8000,1.7262
4775511,1.8000,1.7302
4776011,1.8000,1.7262
4776511,1.8000,1.7253
4777011,1.8000,1.7407
4777511,1.8000,1.7366
4778011,1.8000,1.7374
4778511,1.8000,1.7229
4779011,1.8000,1.7262
4779511,1.8000,1.7262
4780011,1.8000,1.7334
4780511,1.8000,1.7334
4781011,1.8000,1.7407
4781511,1.8000,1.7326
4782011,1.8000,1.7286
4782511,1.8000,1.7334
4783011,1.8000,1.7173
4783511,1.8000,1.7229
4784011,1.8000,1.7334
4784511,1.8000,1.7262
4785011,1.8000,1.7326
4785511,1.8000,1.7229
4786011,1.8000,1.7262
4786511,1.8000,1.7302
4787011,1.8000,1.7221
4787511,1.8000,1.7270
4788011,1.8000,1.7270
4788511,1.8000,1.7382
4789011,1.8000,1.7278
4789511,1.8000,1.7334
4790011,1.8000,1.7278
4790511,1.8000,1.7294
4791011,1.8000,1.7165
4791511,1.8000,1.7237
4792011,1.8000,1.7407
4792511,1.8000,1.7302
4793011,1.8000,1.7407
4793511,1.8000,1.7294
4794011,1.8000,1.7350
4794511,1.8000,1.7253
4795011,1.8000,1.7286
4795511,1.8000,1.7253
4796011,1.8000,1.7253
4796511,1.8000,1.7326
4797011,1.8000,1.7294
4797511,1.8000,1.7294
4798011,1.8000,1.7302
4798511,1.8000,1.7278
4799011,1.8000,1.7294
4799511,1.8000,1.7302
4800011,1.8000,1.7407
4800511,1.8000,1.7334
4801011,1.8000,1.7197
4801511,1.8000,1.7262
4802011,1.8000,1.7310
4802511,1.8000,1.7350
4803011,1.8000,1.7237
4803511,1.8000,1.7463
4804011,1.8000,1.7374
4804511,1.8000,1.7415
4805011,1.8000,1.7399
4805511,1.8000,1.7286
4806011,1.8000,1.7495
4806511,1.8000,1.7407
4807011,1.8000,1.7205
4807511,1.8000,1.7229
4808011,1.8000,1.7302
4808511,1.8000,1.7253
4809011,1.8000,1.7165
4809511,1.8000,1.7318
4810011,1.8000,1.7165
4810511,1.8000,1.7318
4811011,1.8000,1.7310
4811511,1.8000,1.7326
4812011,1.8000,1.7286
4812511,1.8000,1.7278
4813011,1.8000,1.7286
4813511,1.8000,1.7294
4814011,1.8000,1.7173
4814511,1.8000,1.7310
4815011,1.8000,1.7100
4815511,1.8000,1.7366
4816011,1.8000,1.7415
4816511,1.8000,1.7100
4817011,1.8000,1.7390
4817511,1.8000,1.7302
4818011,1.8000,1.7439
4818511,1.8000,1.7253
4819011,1.8000,1.7358
4819511,1.8000,1.7262
4820011,1.8000,1.7358
4820511,1.8000,1.7262
4821011,1.8000,1.7358
4821511,1.8000,1.7407
4822011,1.8000,1.7294
4822511,1.8000,1.7334
4823011,1.8000,1.7584
4823511,1.8000,1.7237
4824011,1.8000,1.7334
4824511,1.8000,1.7390
4825011,1.8000,1.7294
4825511,1.8000,1.7205
4826011,1.8000,1.7302
4826511,1.8000,1.7270
4827011,1.8000,1.7237
4827511,1.8000,1.7270
4828011,1.8000,1.7294
4828511,1.8000,1.7334
4829011,1.8000,1.7358
4829511,1.8000,1.7318
4830011,1.8000,1.7423
4830511,1.8000,1.7270
4831011,1.8000,1.7270
4831511,1.8000,1.7253
4832011,1.8000,1.7270
4832511,1.8000,1.7318
4833011,1.8000,1.7286
4833511,1.8000,1.7253
4834011,1.8000,1.7495
4834511,1.8000,1.7149
4835011,1.8000,1.7479
4835511,1.8000,1.7374
4836011,1.8000,1.7060
4836511,1.8000,1.7407
4837011,1.8000,1.7149
4837511,1.8000,1.7447
4838011,1.8000,1.7326
4838511,1.8000,1.7270
4839011,1.8000,1.7310
4839511,1.8000,1.7262
4840011,1.8000,1.7382
4840511,1.8000,1.7302
4841011,1.8000,1.7173
4841511,1.8000,1.7334
4842011,1.8000,1.7366
4842511,1.8000,1.7286
4843011,1.8000,1.7374
4843511,1.8000,1.7245
4844011,1.8000,1.7334
4844511,1.8000,1.7358
4845011,1.8000,1.7382
4845511,1.8000,1.6947
4846011,1.8000,1.7326
4846511,1.8000,1.7302
4847011,1.8000,1.7399
4847511,1.8000,1.7326
4848011,1.8000,1.7310
4848511,1.8000,1.7366
4849011,1.8000,1.7189
4849511,1.8000,1.7382
4850011,1.8000,1.7407
4850511,1.8000,1.7149
4851011,1.8000,1.7382
4851511,1.8000,1.7407
4852011,1.8000,1.7278
4852511,1.8000,1.7302
4853011,1.8000,1.7382
4853511,1.8000,1.7326
4854011,1.8000,1.7334
4854511,1.8000,1.7294
4855011,1.8000,1.7382
4855511,1.8000,1.7374
4856011,1.8000,1.7334
4856511,1.8000,1.7382
4857011,1.8000,1.7278
4857511,1.8000,1.7278
4858011,1.8000,1.7358
4858511,1.8000,1.7407
4859011,1.8000,1.7278
4859511,1.8000,1.7165
4860011,1.8000,1.7366
4860511,1.8000,1.7431
4861011,1.8000,1.7374
4861511,1.8000,1.7399
4862011,1.8000,1.7382
4862511,1.8000,1.7149
4863011,1.8000,1.7366
4863511,1.8000,1.7334
4864011,1.8000,1.7334
4864511,1.8000,1.7399
4865011,1.8000,1.7552
4865511,1.8000,1.7278
4866011,1.8000,1.7334
4866511,1.8000,1.7326
4867011,1.8000,1.7270
4867511,1.8000,1.7407
4868011,1.8000,1.7302
4868511,1.8000,1.7358
4869011,1.8000,1.7399
4869511,1.8000,1.7407
4870011,1.8000,1.7455
4870511,1.8000,1.7326
4871011,1.8000,1.7221
4871511,1.8000,1.7326
4872011,1.8000,1.7415
4872511,1.8000,1.7390
4873011,1.8000,1.7399
4873511,1.8000,1.7382
4874011,1.8000,1.7350
4874511,1.8000,1.7310
4875011,1.8000,1.7318
4875511,1.8000,1.7286
4876011,1.8000,1.7286
4876511,1.8000,1.7334
4877011,1.8000,1.7334
4877511,1.8000,1.7237
4878011,1.8000,1.7318
4878511,1.8000,1.7350
4879011,1.8000,1.7366
4879511,1.8000,1.7479
4880011,1.8000,1.7390
4880511,1.8000,1.7358
4881011,1.8000,1.7407
4881511,1.8000,1.7253
4882011,1.8000,1.7624
4882511,1.8000,1.7318
4883011,1.8000,1.7278
4883511,1.8000,1.7205
4884011,1.8000,1.7390
4884511,1.8000,1.7366
4885011,1.8000,1.7253
4885511,1.8000,1.7415
4886011,1.8000,1.7374
4886511,1.8000,1.7366
4887011,1.8000,1.7455
4887511,1.8000,1.7286
4888011,1.8000,1.7382
4888511,1.8000,1.7399
4889011,1.8000,1.7294
4889511,1.8000,1.7431
4890011,1.8000,1.7366
4890511,1.8000,1.7407
4891011,1.8000,1.7334
4891511,1.8000,1.7294
4892011,1.8000,1.7278
4892511,1.8000,1.7253
4893011,1.8000,1.7237
4893511,1.8000,1.7358
4894011,1.8000,1.7237
4894511,1.8000,1.7366
4895011,1.8000,1.7366
4895511,1.8000,1.7374
4896011,1.8000,1.7358
4896511,1.8000,1.7262
4897011,1.8000,1.7407
4897511,1.8000,1.7205
4898011,1.8000,1.7270
4898511,1.8000,1.7334
4899011,1.8000,1.7382
4899511,1.8000,1.7407
4900011,1.8000,1.7536
4900511,1.8000,1.7382
4901011,1.8000,1.7149
4901511,1.8000,1.7407
4902011,1.8000,1.7407
4902511,1.8000,1.7423
4903011,1.8000,1.7052
4903511,1.8000,1.7334
4904011,1.8000,1.7366
4904511,1.8000,1.7205
4905011,1.8000,1.7415
4905511,1.8000,1.7205
4906011,1.8000,1.7318
4906511,1.8000,1.7294
4907011,1.8000,1.7253
4907511,1.8000,1.7382
4908011,1.8000,1.7366
4908511,1.8000,1.7302
4909011,1.8000,1.7358
4909511,1.8000,1.7382
4910011,1.8000,1.7390
4910511,1.8000,1.7455
4911011,1.8000,1.7399
4911511,1.8000,1.7294
4912011,1.8000,1.7390
4912511,1.8000,1.7294
4913011,1.8000,1.7407
4913511,1.8000,1.7382
4914011,1.8000,1.7399
4914511,1.8000,1.7390
4915011,1.8000,1.7294
4915511,1.8000,1.7415
4916011,1.8000,1.7334
4916511,1.8000,1.7237
4917011,1.8000,1.7399
4917511,1.8000,1.7455
4918011,1.8000,1.7189
4918511,1.8000,1.7253
4919011,1.8000,1.7197
4919511,1.8000,1.7125
4920011,1.8000,1.7173
4920511,1.8000,1.7149
4921011,1.8000,1.7350
4921511,1.8000,1.7326
4922011,1.8000,1.7640
4922511,1.8000,1.7399
4923011,1.8000,1.7423
4923511,1.8000,1.7286
4924011,1.8000,1.7390
4924511,1.8000,1.7310
4925011,1.8000,1.7286
4925511,1.8000,1.7270
4926011,1.8000,1.7407
4926511,1.8000,1.7366
4927011,1.8000,1.7326
4927511,1.8000,1.7407
4928011,1.8000,1.7358
4928511,1.8000,1.7407
4929011,1.8000,1.7326
4929511,1.8000,1.7399
4930011,1.8000,1.7189
4930511,1.8000,1.7455
4931011,1.8000,1.7326
4931511,1.8000,1.7350
4932011,1.8000,1.7253
4932511,1.8000,1.7415
4933011,1.8000,1.7399
4933511,1.8000,1.7205
4934011,1.8000,1.7390
4934511,1.8000,1.7318
4935011,1.8000,1.7374
4935511,1.8000,1.7229
4936011,1.8000,1.7407
4936511,1.8000,1.7390
4937011,1.8000,1.7358
4937511,1.8000,1.7366
4938011,1.8000,1.7253
4938511,1.8000,1.7229
4939011,1.8000,1.7358
4939511,1.8000,1.7181
4940011,1.8000,1.7390
4940511,1.8000,1.7431
4941011,1.8000,1.7358
4941511,1.8000,1.7407
4942011,1.8000,1.7205
4942511,1.8000,1.7407
4943011,1.8000,1.7310
4943511,1.8000,1.7294
4944011,1.8000,1.7390
4944511,1.8000,1.7423
4945011,1.8000,1.7382
4945511,1.8000,1.7334
4946011,1.8000,1.7390
4946511,1.8000,1.7487
4947011,1.8000,1.7374
4947511,1.8000,1.7463
4948011,1.8000,1.7407
4948511,1.8000,1.7511
4949011,1.8000,1.7399
4949511,1.8000,1.7294
4950011,1.8000,1.7382
4950511,1.8000,1.7423
4951011,1.8000,1.7318
4951511,1.8000,1.7358
4952011,1.8000,1.7334
4952511,1.8000,1.7407
4953011,1.8000,1.7519
4953511,1.8000,1.7302
4954011,1.8000,1.7407
4954511,1.8000,1.7423
4955011,1.8000,1.7407
4955511,1.8000,1.7407
4956011,1.8000,1.7423
4956511,1.8000,1.7415
4957011,1.8000,1.7407
4957511,1.8000,1.7334
4958011,1.8000,1.7270
4958511,1.8000,1.7278
4959011,1.8000,1.7350
4959511,1.8000,1.7326
4960011,1.8000,1.7382
4960511,1.8000,1.7350
4961011,1.8000,1.7399
4961511,1.8000,1.7399
4962011,1.8000,1.7326
4962511,1.8000,1.7382
4963011,1.8000,1.7326
4963511,1.8000,1.7334
4964011,1.8000,1.7358
4964511,1.8000,1.7415
4965011,1.8000,1.7318
4965511,1.8000,1.7399
4966011,1.8000,1.7189
4966511,1.8000,1.7519
4967011,1.8000,1.7447
4967511,1.8000,1.7399
4968011,1.8000,1.7407
4968511,1.8000,1.7407
4969011,1.8000,1.7382
4969511,1.8000,1.7382
4970011,1.8000,1.7399
4970511,1.8000,1.7334
4971011,1.8000,1.7455
4971511,1.8000,1.7584
4972011,1.8000,1.7487
4972511,1.8000,1.7407
4973011,1.8000,1.7181
4973511,1.8000,1.7447
4974011,1.8000,1.7382
4974511,1.8000,1.7407
4975011,1.8000,1.7390
4975511,1.8000,1.7399
4976011,1.8000,1.7423
4976511,1.8000,1.7407
4977011,1.8000,1.7270
4977511,1.8000,1.7390
4978011,1.8000,1.7366
4978511,1.8000,1.7455
4979011,1.8000,1.7407
4979511,1.8000,1.7350
4980011,1.8000,1.7399
4980511,1.8000,1.7262
4981011,1.8000,1.7374
4981511,1.8000,1.7205
4982011,1.8000,1.7423
4982511,1.8000,1.7407
4983011,1.8000,1.7358
4983511,1.8000,1.7423
4984011,1.8000,1.7286
4984511,1.8000,1.7463
4985011,1.8000,1.7479
4985511,1.8000,1.7664
4986011,1.8000,1.7399
4986511,1.8000,1.7407
4987011,1.8000,1.7407
4987511,1.8000,1.7527
4988011,1.8000,1.7423
4988511,1.8000,1.7640
4989011,1.8000,1.7632
4989511,1.8000,1.7358
4990011,1.8000,1.7342
4990511,1.8000,1.7310
4991011,1.8000,1.7431
4991511,1.8000,1.7648
4992011,1.8000,1.7326
4992511,1.8000,1.7407
4993011,1.8000,1.7423
4993511,1.8000,1.7374
4994011,1.8000,1.7447
4994511,1.8000,1.7399
4995011,1.8000,1.7463
4995511,1.8000,1.7407
4996011,1.8000,1.7407
4996511,1.8000,1.7382
4997011,1.8000,1.7407
4997511,1.8000,1.7390
4998011,1.8000,1.7407
4998511,1.8000,1.7423
4999011,1.8000,1.7407
4999511,1.8000,1.7552
5000011,1.8000,1.7382
5000511,1.8000,1.7439
5001011,1.8000,1.7624
5001511,1.8000,1.7415
5002011,1.8000,1.7318
5002511,1.8000,1.7310
5003011,1.8000,1.7286
5003511,1.8000,1.7415
5004011,1.8000,1.7527
5004511,1.8000,1.7455
5005011,1.8000,1.7399
5005511,1.8000,1.7326
5006011,1.8000,1.7415
5006511,1.8000,1.7519
5007011,1.8000,1.7382
5007511,1.8000,1.7399
5008011,1.8000,1.7382
5008511,1.8000,1.7479
5009011,1.8000,1.7294
5009511,1.8000,1.7366
5010011,1.8000,1.7407
5010511,1.8000,1.7447
5011011,1.8000,1.7536
5011511,1.8000,1.7205
5012011,1.8000,1.7536
5012511,1.8000,1.7423
5013011,1.8000,1.7068
5013511,1.8000,1.7447
5014011,1.8000,1.7455
5014511,1.8000,1.7366
5015011,1.8000,1.7592
5015511,1.8000,1.7439
5016011,1.8000,1.7407
5016511,1.8000,1.7149
5017011,1.8000,1.7455
5017511,1.8000,1.7431
5018011,1.8000,1.7382
5018511,1.8000,1.7568
5019011,1.8000,1.7407
5019511,1.8000,1.7334
5020011,1.8000,1.7407
5020511,1.8000,1.7407
5021011,1.8000,1.7431
5021511,1.8000,1.7415
5022011,1.8000,1.7568
5022511,1.8000,1.7407
5023011,1.8000,1.7415
5023511,1.8000,1.7407
5024011,1.8000,1.7407
5024511,1.8000,1.7382
5025011,1.8000,1.7536
5025511,1.8000,1.7511
5026011,1.8000,1.7455
5026511,1.8000,1.7407
5027011,1.8000,1.7560
5027511,1.8000,1.7463
5028011,1.8000,1.7487
5028511,1.8000,1.7399
5029011,1.8000,1.7407
5029511,1.8000,1.7624
5030011,1.8000,1.7342
5030511,1.8000,1.7407
5031011,1.8000,1.7415
5031511,1.8000,1.7374
5032011,1.8000,1.7407
5032511,1.8000,1.7390
5033011,1.8000,1.7415
5033511,1.8000,1.7407
5034011,1.8000,1.7431
5034511,1.8000,1.7407
5035011,1.8000,1.7262
5035511,1.8000,1.7407
5036011,1.8000,1.7407
5036511,1.8000,1.7455
5037011,1.8000,1.7302
5037511,1.8000,1.7407
5038011,1.8000,1.7382
5038511,1.8000,1.7382
5039011,1.8000,1.7447
5039511,1.8000,1.7294
5040011,1.8000,1.7382
5040511,1.8000,1.7447
5041011,1.8000,1.7407
5041511,1.8000,1.7519
5042011,1.8000,1.7640
5042511,1.8000,1.7334
5043011,1.8000,1.7423
5043511,1.8000,1.7447
5044011,1.8000,1.7439
5044511,1.8000,1.7399
5045011,1.8000,1.7455
5045511,1.8000,1.7382
5046011,1.8000,1.7366
5046511,1.8000,1.7447
5047011,1.8000,1.7503
5047511,1.8000,1.7270
5048011,1.8000,1.7447
5048511,1.8000,1.7382
5049011,1.8000,1.7407
5049511,1.8000,1.7423
5050011,1.8000,1.7399
5050511,1.8000,1.7536
5051011,1.8000,1.7399
5051511,1.8000,1.7350
5052011,1.8000,1.7334
5052511,1.8000,1.7399
5053011,1.8000,1.7616
5053511,1.8000,1.7415
5054011,1.8000,1.7423
5054511,1.8000,1.7390
5055011,1.8000,1.7399
5055511,1.8000,1.7415
5056011,1.8000,1.7334
5056511,1.8000,1.7415
5057011,1.8000,1.7455
5057511,1.8000,1.7407
5058011,1.8000,1.7407
5058511,1.8000,1.7358
5059011,1.8000,1.7463
5059511,1.8000,1.7415
5060011,1.8000,1.7302
5060511,1.8000,1.7407
5061011,1.8000,1.7399
5061511,1.8000,1.7407
5062011,1.8000,1.7463
5062511,1.8000,1.7390
5063011,1.8000,1.7415
5063511,1.8000,1.7390
5064011,1.8000,1.7455
5064511,1.8000,1.7334
5065011,1.8000,1.7544
5065511,1.8000,1.7399
5066011,1.8000,1.7527
5066511,1.8000,1.7495
5067011,1.8000,1.7455
5067511,1.8000,1.7471
5068011,1.8000,1.7407
5068511,1.8000,1.7431
5069011,1.8000,1.7253
5069511,1.8000,1.7407
5070011,1.8000,1.7415
5070511,1.8000,1.7495
5071011,1.8000,1.7471
5071511,1.8000,1.7463
5072011,1.8000,1.7511
5072511,1.8000,1.7407
5073011,1.8000,1.7310
5073511,1.8000,1.7527
5074011,1.8000,1.7407
5074511,1.8000,1.7374
5075011,1.8000,1.7407
5075511,1.8000,1.7310
5076011,1.8000,1.7407
5076511,1.8000,1.7407
5077011,1.8000,1.7318
5077511,1.8000,1.7407
5078011,1.8000,1.7487
5078511,1.8000,1.7447
5079011,1.8000,1.7366
5079511,1.8000,1.7431
5080011,1.8000,1.7366
5080511,1.8000,1.7519
5081011,1.8000,1.7044
5081511,1.8000,1.7165
5082011,1.8000,1.7399
5082511,1.8000,1.7407
5083011,1.8000,1.7390
5083511,1.8000,1.7544
5084011,1.8000,1.7495
5084511,1.8000,1.7527
5085011,1.8000,1.7552
5085511,1.8000,1.7479
5086011,1.8000,1.7431
5086511,1.8000,1.7382
5087011,1.8000,1.7495
5087511,1.8000,1.7415
5088011,1.8000,1.7407
5088511,1.8000,1.7415
5089011,1.8000,1.7382
5089511,1.8000,1.7479
5090011,1.8000,1.7431
5090511,1.8000,1.7407
5091011,1.8000,1.7382
5091511,1.8000,1.7479
5092011,1.8000,1.7511
5092511,1.8000,1.7407
5093011,1.8000,1.7431
5093511,1.8000,1.7374
5094011,1.8000,1.7407
5094511,1.8000,1.7407
5095011,1.8000,1.7407
5095511,1.8000,1.7560
5096011,1.8000,1.7568
5096511,1.8000,1.7382
5097011,1.8000,1.7407
5097511,1.8000,1.7423
5098011,1.8000,1.7455
5098511,1.8000,1.7463
5099011,1.8000,1.7358
5099511,1.8000,1.7552
5100011,1.8000,1.7399
5100511,1.8000,1.7431
5101011,1.8000,1.7350
5101511,1.8000,1.7407
5102011,1.8000,1.7423
5102511,1.8000,1.7487
5103011,1.8000,1.7407
5103511,1.8000,1.7350
5104011,1.8000,1.6907
5104511,1.8000,1.7463
5105011,1.8000,1.7447
5105511,1.8000,1.7495
5106011,1.8000,1.7407
5106511,1.8000,1.7431
5107011,1.8000,1.7358
5107511,1.8000,1.7407
5108011,1.8000,1.7415
5108511,1.8000,1.7463
5109011,1.8000,1.7552
5109511,1.8000,1.7423
5110011,1.8000,1.7423
5110511,1.8000,1.7552
5111011,1.8000,1.7407
5111511,1.8000,1.7455
5112011,1.8000,1.7407
5112511,1.8000,1.7407
5113011,1.8000,1.7447
5113511,1.8000,1.7374
5114011,1.8000,1.7358
5114511,1.8000,1.7221
5115011,1.8000,1.7463
5115511,1.8000,1.7487
5116011,1.8000,1.7431
5116511,1.8000,1.7407
5117011,1.8000,1.7463
5117511,1.8000,1.7431
5118011,1.8000,1.7576
5118511,1.8000,1.7463
5119011,1.8000,1.7503
5119511,1.8000,1.7560
5120011,1.8000,1.7447
5120511,1.8000,1.7552
5121011,1.8000,1.7463
5121511,1.8000,1.7455
5122011,1.8000,1.7423
5122511,1.8000,1.7407
5123011,1.8000,1.7366
5123511,1.8000,1.7447
5124011,1.8000,1.7423
5124511,1.8000,1.7366
5125011,1.8000,1.7455
5125511,1.8000,1.7407
5126011,1.8000,1.7640
5126511,1.8000,1.7423
5127011,1.8000,1.7455
5127511,1.8000,1.7407
5128011,1.8000,1.7399
5128511,1.8000,1.7358
5129011,1.8000,1.7487
5129511,1.8000,1.7407
5130011,1.8000,1.7326
5130511,1.8000,1.7495
5131011,1.8000,1.7278
5131511,1.8000,1.7415
5132011,1.8000,1.7390
5132511,1.8000,1.7503
5133011,1.8000,1.7407
5133511,1.8000,1.7415
5134011,1.8000,1.7495
5134511,1.8000,1.7463
5135011,1.8000,1.7463
5135511,1.8000,1.7382
5136011,1.8000,1.7455
5136511,1.8000,1.7447
5137011,1.8000,1.7463
5137511,1.8000,1.7431
5138011,1.8000,1.7511
5138511,1.8000,1.7455
5139011,1.8000,1.7552
5139511,1.8000,1.7463
5140011,1.8000,1.7455
5140511,1.8000,1.7407
5141011,1.8000,1.7366
5141511,1.8000,1.7149
5142011,1.8000,1.7334
5142511,1.8000,1.7423
5143011,1.8000,1.7511
5143511,1.8000,1.7294
5144011,1.8000,1.7407
5144511,1.8000,1.7447
5145011,1.8000,1.7439
5145511,1.8000,1.7318
5146011,1.8000,1.7358
5146511,1.8000,1.7592
5147011,1.8000,1.7439
5147511,1.8000,1.7463
5148011,1.8000,1.7552
5148511,1.8000,1.7552
5149011,1.8000,1.7479
5149511,1.8000,1.7334
5150011,1.8000,1.7423
5150511,1.8000,1.7407
5151011,1.8000,1.7431
5151511,1.8000,1.7455
5152011,1.8000,1.7463
5152511,1.8000,1.7390
5153011,1.8000,1.7334
5153511,1.8000,1.7431
5154011,1.8000,1.7495
5154511,1.8000,1.7407
5155011,1.8000,1.7447
5155511,1.8000,1.7519
5156011,1.8000,1.7487
5156511,1.8000,1.7229
5157011,1.8000,1.7318
5157511,1.8000,1.7431
5158011,1.8000,1.7447
5158511,1.8000,1.7318
5159011,1.8000,1.7592
5159511,1.8000,1.7407
5160011,1.8000,1.7431
5160511,1.8000,1.7407
5161011,1.8000,1.7415
5161511,1.8000,1.7407
5162011,1.8000,1.7407
5162511,1.8000,1.7382
5163011,1.8000,1.7552
5163511,1.8000,1.7664
5164011,1.8000,1.7407
5164511,1.8000,1.7455
5165011,1.8000,1.7423
5165511,1.8000,1.7447
5166011,1.8000,1.7366
5166511,1.8000,1.7455
5167011,1.8000,1.7527
5167511,1.8000,1.7407
5168011,1.8000,1.7423
5168511,1.8000,1.7552
5169011,1.8000,1.7447
5169511,1.8000,1.7495
5170011,1.8000,1.7463
5170511,1.8000,1.7407
5171011,1.8000,1.7423
5171511,1.8000,1.7447
5172011,1.8000,1.7326
5172511,1.8000,1.7415
5173011,1.8000,1.7455
5173511,1.8000,1.7455
5174011,1.8000,1.7600
5174511,1.8000,1.7447
5175011,1.8000,1.7415
5175511,1.8000,1.7415
5176011,1.8000,1.7495
5176511,1.8000,1.7552
5177011,1.8000,1.7544
5177511,1.8000,1.7439
5178011,1.8000,1.7608
5178511,1.8000,1.7423
5179011,1.8000,1.7463
5179511,1.8000,1.7374
5180011,1.8000,1.7455
5180511,1.8000,1.7382
5181011,1.8000,1.7423
5181511,1.8000,1.7519
5182011,1.8000,1.7495
5182511,1.8000,1.7390
5183011,1.8000,1.7407
5183511,1.8000,1.7455
5184011,1.8000,1.7423
5184511,1.8000,1.7415
5185011,1.8000,1.7463
5185511,1.8000,1.7382
5186011,1.8000,1.7366
5186511,1.8000,1.7407
5187011,1.8000,1.7407
5187511,1.8000,1.7423
5188011,1.8000,1.7431
5188511,1.8000,1.7511
5189011,1.8000,1.7399
5189511,1.8000,1.7399
5190011,1.8000,1.7519
5190511,1.8000,1.7407
5191011,1.8000,1.7455
5191511,1.8000,1.7431
5192011,1.8000,1.7423
5192511,1.8000,1.7423
5193011,1.8000,1.7382
5193511,1.8000,1.7423
5194011,1.8000,1.7664
5194511,1.8000,1.7439
5195011,1.8000,1.7431
5195511,1.8000,1.7382
5196011,1.8000,1.7310
5196511,1.8000,1.7149
5197011,1.8000,1.7495
5197511,1.8000,1.7632
5198011,1.8000,1.7640
5198511,1.8000,1.7407
5199011,1.8000,1.7366
5199511,1.8000,1.7181
5200011,1.8000,1.7479
5200511,1.8000,1.7664
5201011,1.8000,1.7463
5201511,1.8000,1.7407
5202011,1.8000,1.7318
5202511,1.8000,1.7463
5203011,1.8000,1.7455
5203511,1.8000,1.7366
5204011,1.8000,1.7407
5204511,1.8000,1.7407
5205011,1.8000,1.7415
5205511,1.8000,1.7060
5206011,1.8000,1.7157
5206511,1.8000,1.7495
5207011,1.8000,1.7552
5207511,1.8000,1.7197
5208011,1.8000,1.7664
5208511,1.8000,1.7423
5209011,1.8000,1.7431
5209511,1.8000,1.7415
5210011,1.8000,1.7431
5210511,1.8000,1.7479
5211011,1.8000,1.7479
5211511,1.8000,1.7519
5212011,1.8000,1.7431
5212511,1.8000,1.7616
5213011,1.8000,1.7415
5213511,1.8000,1.7334
5214011,1.8000,1.7431
5214511,1.8000,1.7399
5215011,1.8000,1.7334
5215511,1.8000,1.7479
5216011,1.8000,1.7423
5216511,1.8000,1.7511
5217011,1.8000,1.7584
5217511,1.8000,1.7463
5218011,1.8000,1.7407
5218511,1.8000,1.7407
5219011,1.8000,1.7447
5219511,1.8000,1.7568
5220011,1.8000,1.7326
5220511,1.8000,1.7511
5221011,1.8000,1.7439
5221511,1.8000,1.7423
5222011,1.8000,1.7431
5222511,1.8000,1.7415
5223011,1.8000,1.7407
5223511,1.8000,1.7407
5224011,1.8000,1.7423
5224511,1.8000,1.7552
5225011,1.8000,1.7463
5225511,1.8000,1.7407
5226011,1.8000,1.7455
5226511,1.8000,1.7407
5227011,1.8000,1.7415
5227511,1.8000,1.7608
5228011,1.8000,1.7544
5228511,1.8000,1.7463
5229011,1.8000,1.7439
5229511,1.8000,1.7463
5230011,1.8000,1.7487
5230511,1.8000,1.7536
5231011,1.8000,1.7423
5231511,1.8000,1.7503
5232011,1.8000,1.7463
5232511,1.8000,1.7431
5233011,1.8000,1.7415
5233511,1.8000,1.7495
5234011,1.8000,1.7407
5234511,1.8000,1.7503
5235011,1.8000,1.7407
5235511,1.8000,1.7431
5236011,1.8000,1.7423
5236511,1.8000,1.7350
5237011,1.8000,1.7415
5237511,1.8000,1.7262
5238011,1.8000,1.7544
5238511,1.8000,1.7407
5239011,1.8000,1.7447
5239511,1.8000,1.7463
5240011,1.8000,1.7423
5240511,1.8000,1.7447
5241011,1.8000,1.7495
5241511,1.8000,1.7407
5242011,1.8000,1.7552
5242511,1.8000,1.7463
5243011,1.8000,1.7463
5243511,1.8000,1.7608
5244011,1.8000,1.7463
5244511,1.8000,1.7415
5245011,1.8000,1.7552
5245511,1.8000,1.7423
5246011,1.8000,1.7656
5246511,1.8000,1.7511
5247011,1.8000,1.7527
5247511,1.8000,1.7463
5248011,1.8000,1.7431
5248511,1.8000,1.7423
5249011,1.8000,1.7407
5249511,1.8000,1.7503
5250011,1.8000,1.7463
5250511,1.8000,1.7431
5251011,1.8000,1.7495
5251511,1.8000,1.7390
5252011,1.8000,1.7487
5252511,1.8000,1.7455
5253011,1.8000,1.7479
5253511,1.8000,1.7511
5254011,1.8000,1.7423
5254511,1.8000,1.7463
5255011,1.8000,1.7487
5255511,1.8000,1.7455
5256011,1.8000,1.7463
5256511,1.8000,1.7415
5257011,1.8000,1.7495
5257511,1.8000,1.7552
5258011,1.8000,1.7447
5258511,1.8000,1.7624
5259011,1.8000,1.7536
5259511,1.8000,1.7511
5260011,1.8000,1.7431
5260511,1.8000,1.7439
5261011,1.8000,1.7447
5261511,1.8000,1.7415
5262011,1.8000,1.7439
5262511,1.8000,1.7415
5263011,1.8000,1.7519
5263511,1.8000,1.7479
5264011,1.8000,1.7431
5264511,1.8000,1.7527
5265011,1.8000,1.7374
5265511,1.8000,1.7664
5266011,1.8000,1.7664
5266511,1.8000,1.7536
5267011,1.8000,1.7455
5267511,1.8000,1.7447
5268011,1.8000,1.7656
5268511,1.8000,1.7495
5269011,1.8000,1.7399
5269511,1.8000,1.7495
5270011,1.8000,1.7407
5270511,1.8000,1.7415
5271011,1.8000,1.7423
5271511,1.8000,1.7439
5272011,1.8000,1.7495
5272511,1.8000,1.7399
5273011,1.8000,1.7648
5273511,1.8000,1.7455
5274011,1.8000,1.7511
5274511,1.8000,1.7431
5275011,1.8000,1.7350
5275511,1.8000,1.7576
5276011,1.8000,1.7479
5276511,1.8000,1.7536
5277011,1.8000,1.7407
5277511,1.8000,1.7536
5278011,1.8000,1.7519
5278511,1.8000,1.7463
5279011,1.8000,1.7519
5279511,1.8000,1.7407
5280011,1.8000,1.7423
5280511,1.8000,1.7366
5281011,1.8000,1.7415
5281511,1.8000,1.7463
5282011,1.8000,1.7399
5282511,1.8000,1.7423
5283011,1.8000,1.7447
5283511,1.8000,1.7479
5284011,1.8000,1.7342
5284511,1.8000,1.7463
5285011,1.8000,1.7519
5285511,1.8000,1.7318
5286011,1.8000,1.7407
5286511,1.8000,1.7415
5287011,1.8000,1.7358
5287511,1.8000,1.7455
5288011,1.8000,1.7487
5288511,1.8000,1.7536
5289011,1.8000,1.7463
5289511,1.8000,1.7544
5290011,1.8000,1.7471
5290511,1.8000,1.7616
5291011,1.8000,1.7286
5291511,1.8000,1.7487
5292011,1.8000,1.7399
5292511,1.8000,1.7278
5293011,1.8000,1.7487
5293511,1.8000,1.7495
5294011,1.8000,1.7463
5294511,1.8000,1.7527
5295011,1.8000,1.7415
5295511,1.8000,1.7600
5296011,1.8000,1.7455
5296511,1.8000,1.7503
5297011,1.8000,1.7431
5297511,1.8000,1.7431
5298011,1.8000,1.7431
5298511,1.8000,1.7544
5299011,1.8000,1.7455
5299511,1.8000,1.7503
5300011,1.8000,1.7455
5300511,1.8000,1.7511
5301011,1.8000,1.7648
5301511,1.8000,1.7544
5302011,1.8000,1.7431
5302511,1.8000,1.7431
5303011,1.8000,1.7334
5303511,1.8000,1.7519
5304011,1.8000,1.7664
5304511,1.8000,1.7407
5305011,1.8000,1.7447
5305511,1.8000,1.7415
5306011,1.8000,1.7487
5306511,1.8000,1.7447
5307011,1.8000,1.7471
5307511,1.8000,1.7511
5308011,1.8000,1.7479
5308511,1.8000,1.7487
5309011,1.8000,1.7407
5309511,1.8000,1.7640
5310011,1.8000,1.7487
5310511,1.8000,1.7536
5311011,1.8000,1.7455
5311511,1.8000,1.7407
5312011,1.8000,1.7503
5312511,1.8000,1.7544
5313011,1.8000,1.7479
5313511,1.8000,1.7431
5314011,1.8000,1.7366
5314511,1.8000,1.7471
5315011,1.8000,1.7608
5315511,1.8000,1.7463
5316011,1.8000,1.7503
5316511,1.8000,1.7527
5317011,1.8000,1.7326
5317511,1.8000,1.7487
5318011,1.8000,1.7487
5318511,1.8000,1.7407
5319011,1.8000,1.7536
5319511,1.8000,1.7495
5320011,1.8000,1.7664
5320511,1.8000,1.7431
5321011,1.8000,1.7511
5321511,1.8000,1.7415
5322011,1.8000,1.7382
5322511,1.8000,1.7439
5323011,1.8000,1.7552
5323511,1.8000,1.7294
5324011,1.8000,1.7495
5324511,1.8000,1.7479
5325011,1.8000,1.7407
5325511,1.8000,1.7423
5326011,1.8000,1.7463
5326511,1.8000,1.7431
5327011,1.8000,1.7447
5327511,1.8000,1.7455
5328011,1.8000,1.7560
5328511,1.8000,1.7536
5329011,1.8000,1.7407
5329511,1.8000,1.7479
5330011,1.8000,1.7584
5330511,1.8000,1.7544
5331011,1.8000,1.7592
5331511,1.8000,1.7511
5332011,1.8000,1.7382
5332511,1.8000,1.7503
5333011,1.8000,1.7544
5333511,1.8000,1.7527
5334011,1.8000,1.7495
5334511,1.8000,1.7536
5335011,1.8000,1.7463
5335511,1.8000,1.7527
5336011,1.8000,1.7455
5336511,1.8000,1.7503
5337011,1.8000,1.7536
5337511,1.8000,1.7455
5338011,1.8000,1.7801
5338511,1.8000,1.7511
5339011,1.8000,1.7479
5339511,1.8000,1.7519
5340011,1.8000,1.7673
5340511,1.8000,1.7487
5341011,1.8000,1.7503
5341511,1.8000,1.7447
5342011,1.8000,1.7519
5342511,1.8000,1.7455
5343011,1.8000,1.7487
5343511,1.8000,1.7681
5344011,1.8000,1.7536
5344511,1.8000,1.7423
5345011,1.8000,1.7487
5345511,1.8000,1.7624
5346011,1.8000,1.7423
5346511,1.8000,1.7455
5347011,1.8000,1.7431
5347511,1.8000,1.7527
5348011,1.8000,1.7487
5348511,1.8000,1.7495
5349011,1.8000,1.7519
5349511,1.8000,1.7407
5350011,1.8000,1.7536
5350511,1.8000,1.7455
5351011,1.8000,1.7503
5351511,1.8000,1.7584
5352011,1.8000,1.7455
5352511,1.8000,1.7519
5353011,1.8000,1.7568
5353511,1.8000,1.7576
5354011,1.8000,1.7527
5354511,1.8000,1.7423
5355011,1.8000,1.7511
5355511,1.8000,1.7511
5356011,1.8000,1.7552
5356511,1.8000,1.7487
5357011,1.8000,1.7511
5357511,1.8000,1.7576
5358011,1.8000,1.7423
5358511,1.8000,1.7487
5359011,1.8000,1.7503
5359511,1.8000,1.7431
5360011,1.8000,1.7487
5360511,1.8000,1.7366
5361011,1.8000,1.7560
5361511,1.8000,1.7407
5362011,1.8000,1.7519
5362511,1.8000,1.7536
5363011,1.8000,1.7834
5363511,1.8000,1.7463
5364011,1.8000,1.7423
5364511,1.8000,1.7455
5365011,1.8000,1.7407
5365511,1.8000,1.7479
5366011,1.8000,1.7463
5366511,1.8000,1.7495
5367011,1.8000,1.7447
5367511,1.8000,1.7455
5368011,1.8000,1.7519
5368511,1.8000,1.7536
5369011,1.8000,1.7366
5369511,1.8000,1.7447
5370011,1.8000,1.7463
5370511,1.8000,1.7487
5371011,1.8000,1.7431
5371511,1.8000,1.7447
5372011,1.8000,1.7447
5372511,1.8000,1.7431
5373011,1.8000,1.7407
5373511,1.8000,1.7415
5374011,1.8000,1.7423
5374511,1.8000,1.7447
5375011,1.8000,1.7503
5375511,1.8000,1.7439
5376011,1.8000,1.7463
5376511,1.8000,1.7455
5377011,1.8000,1.7447
5377511,1.8000,1.7487
5378011,1.8000,1.7447
5378511,1.8000,1.7463
5379011,1.8000,1.7455
5379511,1.8000,1.7536
5380011,1.8000,1.7358
5380511,1.8000,1.7407
5381011,1.8000,1.7447
5381511,1.8000,1.7382
5382011,1.8000,1.7407
5382511,1.8000,1.7664
5383011,1.8000,1.7519
5383511,1.8000,1.7463
5384011,1.8000,1.7584
5384511,1.8000,1.7552
5385011,1.8000,1.7431
5385511,1.8000,1.7495
5386011,1.8000,1.7407
5386511,1.8000,1.7447
5387011,1.8000,1.7407
5387511,1.8000,1.7463
5388011,1.8000,1.7431
5388511,1.8000,1.7544
5389011,1.8000,1.7431
5389511,1.8000,1.7407
5390011,1.8000,1.7447
5390511,1.8000,1.7447
5391011,1.8000,1.7536
5391511,1.8000,1.7423
5392011,1.8000,1.7334
5392511,1.8000,1.7511
5393011,1.8000,1.7334
5393511,1.8000,1.7157
5394011,1.8000,1.7487
5394511,1.8000,1.7769
5395011,1.8000,1.7503
5395511,1.8000,1.7431
5396011,1.8000,1.7390
5396511,1.8000,1.7713
5397011,1.8000,1.7544
5397511,1.8000,1.7705
5398011,1.8000,1.7407
5398511,1.8000,1.7479
5399011,1.8000,1.7519
5399511,1.8000,1.7785
5400011,1.8000,1.7536
5400511,1.8000,1.7423
5401011,1.8000,1.7326
5401511,1.8000,1.7423
5402011,1.8000,1.7455
5402511,1.8000,1.7503
5403011,1.8000,1.7463
5403511,1.8000,1.7495
5404011,1.8000,1.7834
5404511,1.8000,1.7423
5405011,1.8000,1.7407
5405511,1.8000,1.7415
5406011,1.8000,1.7511
5406511,1.8000,1.7519
5407011,1.8000,1.7350
5407511,1.8000,1.7479
5408011,1.8000,1.7455
5408511,1.8000,1.7503
5409011,1.8000,1.7407
5409511,1.8000,1.7407
5410011,1.8000,1.7519
5410511,1.8000,1.7415
5411011,1.8000,1.7399
5411511,1.8000,1.7390
5412011,1.8000,1.7664
5412511,1.8000,1.7407
5413011,1.8000,1.7447
5413511,1.8000,1.7447
5414011,1.8000,1.7552
5414511,1.8000,1.7503
5415011,1.8000,1.7423
5415511,1.8000,1.7431
5416011,1.8000,1.7463
5416511,1.8000,1.7366
5417011,1.8000,1.7334
5417511,1.8000,1.7463
5418011,1.8000,1.7262
5418511,1.8000,1.7423
5419011,1.8000,1.7407
5419511,1.8000,1.7407
5420011,1.8000,1.7447
5420511,1.8000,1.7407
5421011,1.8000,1.7415
5421511,1.8000,1.7544
5422011,1.8000,1.7407
5422511,1.8000,1.7407
5423011,1.8000,1.7519
5423511,1.8000,1.7519
5424011,1.8000,1.7495
5424511,1.8000,1.7447
5425011,1.8000,1.7455
5425511,1.8000,1.7431
5426011,1.8000,1.7519
5426511,1.8000,1.7495
5427011,1.8000,1.7382
5427511,1.8000,1.7495
5428011,1.8000,1.7447
5428511,1.8000,1.7366
5429011,1.8000,1.7407
5429511,1.8000,1.7479
5430011,1.8000,1.7495
5430511,1.8000,1.7592
5431011,1.8000,1.7552
5431511,1.8000,1.7495
5432011,1.8000,1.7358
5432511,1.8000,1.7495
5433011,1.8000,1.7463
5433511,1.8000,1.7415
5434011,1.8000,1.7479
5434511,1.8000,1.7423
5435011,1.8000,1.7544
5435511,1.8000,1.7390
5436011,1.8000,1.7431
5436511,1.8000,1.7455
5437011,1.8000,1.7479
5437511,1.8000,1.7382
5438011,1.8000,1.7447
5438511,1.8000,1.7407
5439011,1.8000,1.7407
5439511,1.8000,1.7479
5440011,1.8000,1.7511
5440511,1.8000,1.7423
5441011,1.8000,1.7479
5441511,1.8000,1.7511
5442011,1.8000,1.7463
5442511,1.8000,1.7487
5443011,1.8000,1.7818
5443511,1.8000,1.7431
5444011,1.8000,1.7560
5444511,1.8000,1.7664
5445011,1.8000,1.7350
5445511,1.8000,1.7407
5446011,1.8000,1.7463
5446511,1.8000,1.7463
5447011,1.8000,1.7624
5447511,1.8000,1.7592
5448011,1.8000,1.7431
5448511,1.8000,1.7689
5449011,1.8000,1.7334
5449511,1.8000,1.7463
5450011,1.8000,1.7237
5450511,1.8000,1.7519
5451011,1.8000,1.7592
5451511,1.8000,1.7431
5452011,1.8000,1.7447
5452511,1.8000,1.7487
5453011,1.8000,1.7463
5453511,1.8000,1.7439
5454011,1.8000,1.7415
5454511,1.8000,1.7262
5455011,1.8000,1.7455
5455511,1.8000,1.7560
5456011,1.8000,1.7407
5456511,1.8000,1.7431
5457011,1.8000,1.7503
5457511,1.8000,1.7648
5458011,1.8000,1.7560
5458511,1.8000,1.7415
5459011,1.8000,1.7487
5459511,1.8000,1.7487
5460011,1.8000,1.7463
5460511,1.8000,1.7495
5461011,1.8000,1.7495
5461511,1.8000,1.7390
5462011,1.8000,1.7415
5462511,1.8000,1.7294
5463011,1.8000,1.7487
5463511,1.8000,1.7487
5464011,1.8000,1.7584
5464511,1.8000,1.7447
5465011,1.8000,1.7503
5465511,1.8000,1.7552
5466011,1.8000,1.7431
5466511,1.8000,1.7527
5467011,1.8000,1.7544
5467511,1.8000,1.7487
5468011,1.8000,1.7664
5468511,1.8000,1.7616
5469011,1.8000,1.7431
5469511,1.8000,1.7415
5470011,1.8000,1.7584
5470511,1.8000,1.7624
5471011,1.8000,1.7511
5471511,1.8000,1.7495
5472011,1.8000,1.7495
5472511,1.8000,1.7463
5473011,1.8000,1.7439
5473511,1.8000,1.7487
5474011,1.8000,1.7536
5474511,1.8000,1.7511
5475011,1.8000,1.7511
5475511,1.8000,1.7536
5476011,1.8000,1.7511
5476511,1.8000,1.7503
5477011,1.8000,1.7439
5477511,1.8000,1.7407
5478011,1.8000,1.7495
5478511,1.8000,1.7366
5479011,1.8000,1.7519
5479511,1.8000,1.7487
5480011,1.8000,1.7439
5480511,1.8000,1.7463
5481011,1.8000,1.7552
5481511,1.8000,1.7576
5482011,1.8000,1.7407
5482511,1.8000,1.7495
5483011,1.8000,1.7479
5483511,1.8000,1.7495
5484011,1.8000,1.7519
5484511,1.8000,1.7527
5485011,1.8000,1.7415
5485511,1.8000,1.7479
5486011,1.8000,1.7463
5486511,1.8000,1.7463
5487011,1.8000,1.7656
5487511,1.8000,1.7439
5488011,1.8000,1.7495
5488511,1.8000,1.7407
5489011,1.8000,1.7584
5489511,1.8000,1.7487
5490011,1.8000,1.7519
5490511,1.8000,1.7511
5491011,1.8000,1.7495
5491511,1.8000,1.7640
5492011,1.8000,1.7415
5492511,1.8000,1.7656
5493011,1.8000,1.7495
5493511,1.8000,1.7407
5494011,1.8000,1.7648
5494511,1.8000,1.7536
5495011,1.8000,1.7455
5495511,1.8000,1.7527
5496011,1.8000,1.7664
5496511,1.8000,1.7697
5497011,1.8000,1.7544
5497511,1.8000,1.7415
5498011,1.8000,1.7342
5498511,1.8000,1.7334
5499011,1.8000,1.7431
5499511,1.8000,1.7632
5500011,1.8000,1.7407
5500511,1.8000,1.7487
5501011,1.8000,1.7479
5501511,1.8000,1.7527
5502011,1.8000,1.7447
5502511,1.8000,1.7503
5503011,1.8000,1.7431
5503511,1.8000,1.7576
5504011,1.8000,1.7447
5504511,1.8000,1.7519
5505011,1.8000,1.7455
5505511,1.8000,1.7463
5506011,1.8000,1.7584
5506511,1.8000,1.7487
5507011,1.8000,1.7455
5507511,1.8000,1.7503
5508011,1.8000,1.7471
5508511,1.8000,1.7519
5509011,1.8000,1.7536
5509511,1.8000,1.7536
5510011,1.8000,1.7673
5510511,1.8000,1.7407
5511011,1.8000,1.7648
5511511,1.8000,1.7479
5512011,1.8000,1.7415
5512511,1.8000,1.7584
5513011,1.8000,1.7519
5513511,1.8000,1.7366
5514011,1.8000,1.7656
5514511,1.8000,1.7495
5515011,1.8000,1.7358
5515511,1.8000,1.7664
5516011,1.8000,1.7495
5516511,1.8000,1.7447
5517011,1.8000,1.7560
5517511,1.8000,1.7463
5518011,1.8000,1.7536
5518511,1.8000,1.7527
5519011,1.8000,1.7455
5519511,1.8000,1.7447
5520011,1.8000,1.7423
5520511,1.8000,1.7463
5521011,1.8000,1.7536
5521511,1.8000,1.7487
5522011,1.8000,1.7519
5522511,1.8000,1.7689
5523011,1.8000,1.7536
5523511,1.8000,1.7536
5524011,1.8000,1.7536
5524511,1.8000,1.7536
5525011,1.8000,1.7318
5525511,1.8000,1.7527
5526011,1.8000,1.7503
5526511,1.8000,1.7600
5527011,1.8000,1.7681
5527511,1.8000,1.7519
5528011,1.8000,1.7487
5528511,1.8000,1.7552
5529011,1.8000,1.7447
5529511,1.8000,1.7673
5530011,1.8000,1.7503
5530511,1.8000,1.7495
5531011,1.8000,1.7455
5531511,1.8000,1.7608
5532011,1.8000,1.7479
5532511,1.8000,1.7495
5533011,1.8000,1.7552
5533511,1.8000,1.7519
5534011,1.8000,1.7560
5534511,1.8000,1.7511
5535011,1.8000,1.7511
5535511,1.8000,1.7487
5536011,1.8000,1.7552
5536511,1.8000,1.7536
5537011,1.8000,1.7552
5537511,1.8000,1.7503
5538011,1.8000,1.7487
5538511,1.8000,1.7495
5539011,1.8000,1.7511
5539511,1.8000,1.7463
5540011,1.8000,1.7447
5540511,1.8000,1.7487
5541011,1.8000,1.7519
5541511,1.8000,1.7536
5542011,1.8000,1.7536
5542511,1.8000,1.7584
5543011,1.8000,1.7495
5543511,1.8000,1.7544
5544011,1.8000,1.7552
5544511,1.8000,1.7487
5545011,1.8000,1.7455
5545511,1.8000,1.7479
5546011,1.8000,1.7511
5546511,1.8000,1.7576
5547011,1.8000,1.7584
5547511,1.8000,1.7536
5548011,1.8000,1.7479
5548511,1.8000,1.7560
5549011,1.8000,1.7536
5549511,1.8000,1.7664
5550011,1.8000,1.7552
5550511,1.8000,1.7479
5551011,1.8000,1.7536
5551511,1.8000,1.7447
5552011,1.8000,1.7552
5552511,1.8000,1.7511
5553011,1.8000,1.7552
5553511,1.8000,1.7536
5554011,1.8000,1.7536
5554511,1.8000,1.7527
5555011,1.8000,1.7608
5555511,1.8000,1.7584
5556011,1.8000,1.7511
5556511,1.8000,1.7592
5557011,1.8000,1.7431
5557511,1.8000,1.7527
5558011,1.8000,1.7519
5558511,1.8000,1.7584
5559011,1.8000,1.7616
5559511,1.8000,1.7536
5560011,1.8000,1.7536
5560511,1.8000,1.7527
5561011,1.8000,1.7423
5561511,1.8000,1.7527
5562011,1.8000,1.7511
5562511,1.8000,1.7544
5563011,1.8000,1.7544
5563511,1.8000,1.7544
5564011,1.8000,1.7536
5564511,1.8000,1.7608
5565011,1.8000,1.7447
5565511,1.8000,1.7624
5566011,1.8000,1.7592
5566511,1.8000,1.7560
5567011,1.8000,1.7519
5567511,1.8000,1.7536
5568011,1.8000,1.7656
5568511,1.8000,1.7664
5569011,1.8000,1.7495
5569511,1.8000,1.7552
5570011,1.8000,1.7785
5570511,1.8000,1.7544
5571011,1.8000,1.7495
5571511,1.8000,1.7487
5572011,1.8000,1.7576
5572511,1.8000,1.7681
5573011,1.8000,1.7584
5573511,1.8000,1.7544
5574011,1.8000,1.7536
5574511,1.8000,1.7608
5575011,1.8000,1.7721
5575511,1.8000,1.7568
5576011,1.8000,1.7439
5576511,1.8000,1.7576
5577011,1.8000,1.7511
5577511,1.8000,1.7495
5578011,1.8000,1.7415
5578511,1.8000,1.7511
5579011,1.8000,1.7431
5579511,1.8000,1.7721
5580011,1.8000,1.7544
5580511,1.8000,1.7592
5581011,1.8000,1.7576
5581511,1.8000,1.7624
5582011,1.8000,1.7664
5582511,1.8000,1.7495
5583011,1.8000,1.7455
5583511,1.8000,1.7519
5584011,1.8000,1.7648
5584511,1.8000,1.7769
5585011,1.8000,1.7568
5585511,1.8000,1.7592
5586011,1.8000,1.7624
5586511,1.8000,1.7640
5587011,1.8000,1.7511
5587511,1.8000,1.7463
5588011,1.8000,1.7560
5588511,1.8000,1.7536
5589011,1.8000,1.7536
5589511,1.8000,1.7745
5590011,1.8000,1.7560
5590511,1.8000,1.7608
5591011,1.8000,1.7753
5591511,1.8000,1.7664
5592011,1.8000,1.7536
5592511,1.8000,1.7431
5593011,1.8000,1.7664
5593511,1.8000,1.7584
5594011,1.8000,1.7407
5594511,1.8000,1.7527
5595011,1.8000,1.7648
5595511,1.8000,1.7536
5596011,1.8000,1.7495
5596511,1.8000,1.7552
5597011,1.8000,1.7624
5597511,1.8000,1.7487
5598011,1.8000,1.7664
5598511,1.8000,1.7495
5599011,1.8000,1.7552
5599511,1.8000,1.7544
5600011,1.8000,1.7592
5600511,1.8000,1.7536
5601011,1.8000,1.7382
5601511,1.8000,1.7495
5602011,1.8000,1.7648
5602511,1.8000,1.7713
5603011,1.8000,1.7552
5603511,1.8000,1.7527
5604011,1.8000,1.7616
5604511,1.8000,1.7576
5605011,1.8000,1.7608
5605511,1.8000,1.7463
5606011,1.8000,1.7576
5606511,1.8000,1.7544
5607011,1.8000,1.7495
5607511,1.8000,1.7511
5608011,1.8000,1.7455
5608511,1.8000,1.7624
5609011,1.8000,1.7576
5609511,1.8000,1.7673
5610011,1.8000,1.7560
5610511,1.8000,1.7592
5611011,1.8000,1.7576
5611511,1.8000,1.7624
5612011,1.8000,1.7439
5612511,1.8000,1.7592
5613011,1.8000,1.7560
5613511,1.8000,1.7527
5614011,1.8000,1.7576
5614511,1.8000,1.7552
5615011,1.8000,1.7527
5615511,1.8000,1.7527
5616011,1.8000,1.7503
5616511,1.8000,1.7648
5617011,1.8000,1.7544
5617511,1.8000,1.7697
5618011,1.8000,1.7503
5618511,1.8000,1.7648
5619011,1.8000,1.7576
5619511,1.8000,1.7519
5620011,1.8000,1.7608
5620511,1.8000,1.7664
5621011,1.8000,1.7568
5621511,1.8000,1.7495
5622011,1.8000,1.7664
5622511,1.8000,1.7568
5623011,1.8000,1.7399
5623511,1.8000,1.7673
5624011,1.8000,1.7592
5624511,1.8000,1.7447
5625011,1.8000,1.7584
5625511,1.8000,1.7624
5626011,1.8000,1.7503
5626511,1.8000,1.7608
5627011,1.8000,1.7616
5627511,1.8000,1.7527
5628011,1.8000,1.7463
5628511,1.8000,1.7455
5629011,1.8000,1.7536
5629511,1.8000,1.7664
5630011,1.8000,1.7608
5630511,1.8000,1.7407
5631011,1.8000,1.7560
5631511,1.8000,1.7576
5632011,1.8000,1.7616
5632511,1.8000,1.7656
5633011,1.8000,1.7592
5633511,1.8000,1.7536
5634011,1.8000,1.7592
5634511,1.8000,1.7592
5635011,1.8000,1.7584
5635511,1.8000,1.7568
5636011,1.8000,1.7753
5636511,1.8000,1.7608
5637011,1.8000,1.7592
5637511,1.8000,1.7560
5638011,1.8000,1.7544
5638511,1.8000,1.7624
5639011,1.8000,1.7745
5639511,1.8000,1.7592
5640011,1.8000,1.7463
5640511,1.8000,1.7519
5641011,1.8000,1.7640
5641511,1.8000,1.7447
5642011,1.8000,1.7552
5642511,1.8000,1.7664
5643011,1.8000,1.7632
5643511,1.8000,1.7527
5644011,1.8000,1.7503
5644511,1.8000,1.7576
5645011,1.8000,1.7648
5645511,1.8000,1.7632
5646011,1.8000,1.7560
5646511,1.8000,1.7656
5647011,1.8000,1.7648
5647511,1.8000,1.7648
5648011,1.8000,1.7584
5648511,1.8000,1.7608
5649011,1.8000,1.7568
5649511,1.8000,1.7495
5650011,1.8000,1.7608
5650511,1.8000,1.7552
5651011,1.8000,1.7576
5651511,1.8000,1.7616
5652011,1.8000,1.7608
5652511,1.8000,1.7479
5653011,1.8000,1.7664
5653511,1.8000,1.7616
5654011,1.8000,1.7608
5654511,1.8000,1.7560
5655011,1.8000,1.7640
5655511,1.8000,1.7544
5656011,1.8000,1.7552
5656511,1.8000,1.7616
5657011,1.8000,1.7576
5657511,1.8000,1.7592
5658011,1.8000,1.7664
5658511,1.8000,1.7576
5659011,1.8000,1.7616
5659511,1.8000,1.7592
5660011,1.8000,1.7527
5660511,1.8000,1.7576
5661011,1.8000,1.7576
5661511,1.8000,1.7527
5662011,1.8000,1.7536
5662511,1.8000,1.7624
5663011,1.8000,1.7487
5663511,1.8000,1.7769
5664011,1.8000,1.7358
5664511,1.8000,1.7624
5665011,1.8000,1.7536
5665511,1.8000,1.7648
5666011,1.8000,1.7294
5666511,1.8000,1.7640
5667011,1.8000,1.7664
5667511,1.8000,1.7640
5668011,1.8000,1.7519
5668511,1.8000,1.7407
5669011,1.8000,1.7640
5669511,1.8000,1.7399
5670011,1.8000,1.7648
5670511,1.8000,1.7664
5671011,1.8000,1.7415
5671511,1.8000,1.7640
5672011,1.8000,1.7560
5672511,1.8000,1.7536
5673011,1.8000,1.7592
5673511,1.8000,1.7479
5674011,1.8000,1.7334
5674511,1.8000,1.7584
5675011,1.8000,1.7536
5675511,1.8000,1.7608
5676011,1.8000,1.7560
5676511,1.8000,1.7664
5677011,1.8000,1.7568
5677511,1.8000,1.7560
5678011,1.8000,1.7608
5678511,1.8000,1.7560
5679011,1.8000,1.7592
5679511,1.8000,1.7681
5680011,1.8000,1.7648
5680511,1.8000,1.7640
5681011,1.8000,1.7568
5681511,1.8000,1.7656
5682011,1.8000,1.7616
5682511,1.8000,1.7624
5683011,1.8000,1.7624
5683511,1.8000,1.7640
5684011,1.8000,1.7648
5684511,1.8000,1.7664
5685011,1.8000,1.7544
5685511,1.8000,1.7608
5686011,1.8000,1.7681
5686511,1.8000,1.7592
5687011,1.8000,1.7560
5687511,1.8000,1.7568
5688011,1.8000,1.7560
5688511,1.8000,1.7664
5689011,1.8000,1.7624
5689511,1.8000,1.7608
5690011,1.8000,1.7568
5690511,1.8000,1.7648
5691011,1.8000,1.7463
5691511,1.8000,1.7664
5692011,1.8000,1.7560
5692511,1.8000,1.7608
5693011,1.8000,1.7568
5693511,1.8000,1.7568
5694011,1.8000,1.7584
5694511,1.8000,1.7681
5695011,1.8000,1.7648
5695511,1.8000,1.7431
5696011,1.8000,1.7616
5696511,1.8000,1.7560
5697011,1.8000,1.7592
5697511,1.8000,1.7584
5698011,1.8000,1.7544
5698511,1.8000,1.7664
5699011,1.8000,1.7632
5699511,1.8000,1.7568
5700011,1.8000,1.7407
5700511,1.8000,1.7592
5701011,1.8000,1.7592
5701511,1.8000,1.7568
5702011,1.8000,1.7616
5702511,1.8000,1.7624
5703011,1.8000,1.7544
5703511,1.8000,1.7664
5704011,1.8000,1.7648
5704511,1.8000,1.7544
5705011,1.8000,1.7664
5705511,1.8000,1.7785
5706011,1.8000,1.7584
5706511,1.8000,1.7664
5707011,1.8000,1.7592
5707511,1.8000,1.7648
5708011,1.8000,1.7536
5708511,1.8000,1.7640
5709011,1.8000,1.7584
5709511,1.8000,1.7673
5710011,1.8000,1.7664
5710511,1.8000,1.7640
5711011,1.8000,1.7576
5711511,1.8000,1.7681
5712011,1.8000,1.7664
5712511,1.8000,1.7640
5713011,1.8000,1.7648
5713511,1.8000,1.7648
5714011,1.8000,1.7592
5714511,1.8000,1.7487
5715011,1.8000,1.7544
5715511,1.8000,1.7624
5716011,1.8000,1.7664
5716511,1.8000,1.7664
5717011,1.8000,1.7616
5717511,1.8000,1.7616
5718011,1.8000,1.7640
5718511,1.8000,1.7664
5719011,1.8000,1.7624
5719511,1.8000,1.7664
5720011,1.8000,1.7560
5720511,1.8000,1.7552
5721011,1.8000,1.7810
5721511,1.8000,1.7616
5722011,1.8000,1.7664
5722511,1.8000,1.7584
5723011,1.8000,1.7689
5723511,1.8000,1.7664
5724011,1.8000,1.7624
5724511,1.8000,1.7640
5725011,1.8000,1.7850
5725511,1.8000,1.7664
5726011,1.8000,1.7624
5726511,1.8000,1.7608
5727011,1.8000,1.7648
5727511,1.8000,1.7689
5728011,1.8000,1.7664
5728511,1.8000,1.7656
5729011,1.8000,1.7592
5729511,1.8000,1.7648
5730011,1.8000,1.7608
5730511,1.8000,1.7681
5731011,1.8000,1.7584
5731511,1.8000,1.7648
5732011,1.8000,1.7753
5732511,1.8000,1.7721
5733011,1.8000,1.7552
5733511,1.8000,1.7568
5734011,1.8000,1.7664
5734511,1.8000,1.7681
5735011,1.8000,1.7664
5735511,1.8000,1.7544
5736011,1.8000,1.7616
5736511,1.8000,1.7624
5737011,1.8000,1.7801
5737511,1.8000,1.7673
5738011,1.8000,1.7576
5738511,1.8000,1.7664
5739011,1.8000,1.7664
5739511,1.8000,1.7689
5740011,1.8000,1.7656
5740511,1.8000,1.7527
5741011,1.8000,1.7705
5741511,1.8000,1.7608
5742011,1.8000,1.7519
5742511,1.8000,1.7640
5743011,1.8000,1.7664
5743511,1.8000,1.7479
5744011,1.8000,1.7673
5744511,1.8000,1.7455
5745011,1.8000,1.7592
5745511,1.8000,1.7785
5746011,1.8000,1.7624
5746511,1.8000,1.7673
5747011,1.8000,1.7705
5747511,1.8000,1.7624
5748011,1.8000,1.7656
5748511,1.8000,1.7608
5749011,1.8000,1.7656
5749511,1.8000,1.7503
5750011,1.8000,1.7568
5750511,1.8000,1.7560
5751011,1.8000,1.7600
5751511,1.8000,1.7681
5752011,1.8000,1.7382
5752511,1.8000,1.7560
5753011,1.8000,1.7664
5753511,1.8000,1.7592
5754011,1.8000,1.7616
5754511,1.8000,1.7640
5755011,1.8000,1.7640
5755511,1.8000,1.7801
5756011,1.8000,1.7624
5756511,1.8000,1.7777
5757011,1.8000,1.7592
5757511,1.8000,1.7584
5758011,1.8000,1.7584
5758511,1.8000,1.7624
5759011,1.8000,1.7624
5759511,1.8000,1.7560
5760011,1.8000,1.7616
5760511,1.8000,1.7560
5761011,1.8000,1.7536
5761511,1.8000,1.7576
5762011,1.8000,1.7656
5762511,1.8000,1.7656
5763011,1.8000,1.7552
5763511,1.8000,1.7584
5764011,1.8000,1.7592
5764511,1.8000,1.7616
5765011,1.8000,1.7568
5765511,1.8000,1.7560
5766011,1.8000,1.7592
5766511,1.8000,1.7616
5767011,1.8000,1.7423
5767511,1.8000,1.7608
5768011,1.8000,1.7616
5768511,1.8000,1.7511
5769011,1.8000,1.7616
5769511,1.8000,1.7713
5770011,1.8000,1.7640
5770511,1.8000,1.7576
5771011,1.8000,1.7576
5771511,1.8000,1.7624
5772011,1.8000,1.7407
5772511,1.8000,1.7681
5773011,1.8000,1.7568
5773511,1.8000,1.7624
5774011,1.8000,1.7511
5774511,1.8000,1.7552
5775011,1.8000,1.7495
5775511,1.8000,1.7640
5776011,1.8000,1.7584
5776511,1.8000,1.7511
5777011,1.8000,1.7487
5777511,1.8000,1.7568
5778011,1.8000,1.7624
5778511,1.8000,1.7560
5779011,1.8000,1.7592
5779511,1.8000,1.7656
5780011,1.8000,1.7560
5780511,1.8000,1.7624
5781011,1.8000,1.7584
5781511,1.8000,1.7640
5782011,1.8000,1.7648
5782511,1.8000,1.7544
5783011,1.8000,1.7616
5783511,1.8000,1.7624
5784011,1.8000,1.7689
5784511,1.8000,1.7495
5785011,1.8000,1.7648
5785511,1.8000,1.7560
5786011,1.8000,1.7560
5786511,1.8000,1.7592
5787011,1.8000,1.7511
5787511,1.8000,1.7568
5788011,1.8000,1.7624
5788511,1.8000,1.7648
5789011,1.8000,1.7616
5789511,1.8000,1.7616
5790011,1.8000,1.7914
5790511,1.8000,1.7930
5791011,1.8000,1.7673
5791511,1.8000,1.7544
5792011,1.8000,1.7584
5792511,1.8000,1.7681
5793011,1.8000,1.7656
5793511,1.8000,1.7423
5794011,1.8000,1.7447
5794511,1.8000,1.7592
5795011,1.8000,1.7656
5795511,1.8000,1.7600
5796011,1.8000,1.7616
5796511,1.8000,1.7616
5797011,1.8000,1.7689
5797511,1.8000,1.7552
5798011,1.8000,1.7689
5798511,1.8000,1.7930
5799011,1.8000,1.7576
5799511,1.8000,1.7608
5800011,1.8000,1.7407
5800511,1.8000,1.7673
5801011,1.8000,1.7648
5801511,1.8000,1.7632
5802011,1.8000,1.7560
5802511,1.8000,1.7608
5803011,1.8000,1.7552
5803511,1.8000,1.7592
5804011,1.8000,1.7624
5804511,1.8000,1.7769
5805011,1.8000,1.7592
5805511,1.8000,1.7616
5806011,1.8000,1.7592
5806511,1.8000,1.7552
5807011,1.8000,1.7584
5807511,1.8000,1.7560
5808011,1.8000,1.7673
5808511,1.8000,1.7616
5809011,1.8000,1.7664
5809511,1.8000,1.7664
5810011,1.8000,1.7624
5810511,1.8000,1.7616
5811011,1.8000,1.7616
5811511,1.8000,1.7624
5812011,1.8000,1.7463
5812511,1.8000,1.7640
5813011,1.8000,1.7576
5813511,1.8000,1.7664
5814011,1.8000,1.7503
5814511,1.8000,1.7664
5815011,1.8000,1.7664
5815511,1.8000,1.7592
5816011,1.8000,1.7632
5816511,1.8000,1.7487
5817011,1.8000,1.7632
5817511,1.8000,1.7592
5818011,1.8000,1.7664
5818511,1.8000,1.7584
5819011,1.8000,1.7592
5819511,1.8000,1.7536
5820011,1.8000,1.7616
5820511,1.8000,1.7624
5821011,1.8000,1.7592
5821511,1.8000,1.7608
5822011,1.8000,1.7648
5822511,1.8000,1.7495
5823011,1.8000,1.7761
5823511,1.8000,1.7713
5824011,1.8000,1.7624
5824511,1.8000,1.7608
5825011,1.8000,1.7544
5825511,1.8000,1.7616
5826011,1.8000,1.7592
5826511,1.8000,1.7681
5827011,1.8000,1.7576
5827511,1.8000,1.7536
5828011,1.8000,1.7793
5828511,1.8000,1.7584
5829011,1.8000,1.7673
5829511,1.8000,1.7576
5830011,1.8000,1.7560
5830511,1.8000,1.7519
5831011,1.8000,1.7479
5831511,1.8000,1.7576
5832011,1.8000,1.7584
5832511,1.8000,1.7721
5833011,1.8000,1.7689
5833511,1.8000,1.7648
5834011,1.8000,1.7745
5834511,1.8000,1.7640
5835011,1.8000,1.7648
5835511,1.8000,1.7664
5836011,1.8000,1.7697
5836511,1.8000,1.7616
5837011,1.8000,1.7584
5837511,1.8000,1.7689
5838011,1.8000,1.7713
5838511,1.8000,1.7560
5839011,1.8000,1.7560
5839511,1.8000,1.7608
5840011,1.8000,1.7681
5840511,1.8000,1.7640
5841011,1.8000,1.7624
5841511,1.8000,1.7656
5842011,1.8000,1.7576
5842511,1.8000,1.7673
5843011,1.8000,1.7777
5843511,1.8000,1.7664
5844011,1.8000,1.7689
5844511,1.8000,1.7560
5845011,1.8000,1.7616
5845511,1.8000,1.7536
5846011,1.8000,1.7664
5846511,1.8000,1.7576
5847011,1.8000,1.7624
5847511,1.8000,1.7544
5848011,1.8000,1.7624
5848511,1.8000,1.7689
5849011,1.8000,1.7640
5849511,1.8000,1.7560
5850011,1.8000,1.7544
5850511,1.8000,1.7656
5851011,1.8000,1.7761
5851511,1.8000,1.7664
5852011,1.8000,1.7664
5852511,1.8000,1.7656
5853011,1.8000,1.7584
5853511,1.8000,1.7608
5854011,1.8000,1.7664
5854511,1.8000,1.7640
5855011,1.8000,1.7576
5855511,1.8000,1.7608
5856011,1.8000,1.7648
5856511,1.8000,1.7810
5857011,1.8000,1.7777
5857511,1.8000,1.7632
5858011,1.8000,1.7664
5858511,1.8000,1.7656
5859011,1.8000,1.7568
5859511,1.8000,1.7648
5860011,1.8000,1.7648
5860511,1.8000,1.7705
5861011,1.8000,1.7576
5861511,1.8000,1.7673
5862011,1.8000,1.7673
5862511,1.8000,1.7664
5863011,1.8000,1.7745
5863511,1.8000,1.7608
5864011,1.8000,1.7689
5864511,1.8000,1.7656
5865011,1.8000,1.7608
5865511,1.8000,1.7415
5866011,1.8000,1.7664
5866511,1.8000,1.7560
5867011,1.8000,1.7608
5867511,1.8000,1.7519
5868011,1.8000,1.7616
5868511,1.8000,1.7664
5869011,1.8000,1.7874
5869511,1.8000,1.7656
5870011,1.8000,1.7616
5870511,1.8000,1.7673
5871011,1.8000,1.7616
5871511,1.8000,1.7536
5872011,1.8000,1.7689
5872511,1.8000,1.7721
5873011,1.8000,1.7681
5873511,1.8000,1.7648
5874011,1.8000,1.7656
5874511,1.8000,1.7705
5875011,1.8000,1.7616
5875511,1.8000,1.7624
5876011,1.8000,1.7673
5876511,1.8000,1.7664
5877011,1.8000,1.7737
5877511,1.8000,1.7656
5878011,1.8000,1.7656
5878511,1.8000,1.7689
5879011,1.8000,1.7536
5879511,1.8000,1.7600
5880011,1.8000,1.7656
5880511,1.8000,1.7648
5881011,1.8000,1.7721
5881511,1.8000,1.7544
5882011,1.8000,1.7568
5882511,1.8000,1.7624
5883011,1.8000,1.7681
5883511,1.8000,1.7664
5884011,1.8000,1.7471
5884511,1.8000,1.7769
5885011,1.8000,1.7608
5885511,1.8000,1.7552
5886011,1.8000,1.7624
5886511,1.8000,1.7648
5887011,1.8000,1.7616
5887511,1.8000,1.7592
5888011,1.8000,1.7592
5888511,1.8000,1.7664
5889011,1.8000,1.7681
5889511,1.8000,1.7673
5890011,1.8000,1.7624
5890511,1.8000,1.7656
5891011,1.8000,1.7681
5891511,1.8000,1.7664
5892011,1.8000,1.7648
5892511,1.8000,1.7568
5893011,1.8000,1.7568
5893511,1.8000,1.7656
5894011,1.8000,1.7656
5894511,1.8000,1.7664
5895011,1.8000,1.7664
5895511,1.8000,1.7584
5896011,1.8000,1.7656
5896511,1.8000,1.7576
5897011,1.8000,1.7664
5897511,1.8000,1.7616
5898011,1.8000,1.7664
5898511,1.8000,1.7656
5899011,1.8000,1.7681
5899511,1.8000,1.7584
5900011,1.8000,1.7745
5900511,1.8000,1.7656
5901011,1.8000,1.7608
5901511,1.8000,1.7640
5902011,1.8000,1.7592
5902511,1.8000,1.7689
5903011,1.8000,1.7705
5903511,1.8000,1.7664
5904011,1.8000,1.7705
5904511,1.8000,1.7294
5905011,1.8000,1.7689
5905511,1.8000,1.7431
5906011,1.8000,1.7576
5906511,1.8000,1.7745
5907011,1.8000,1.7801
5907511,1.8000,1.7576
5908011,1.8000,1.7656
5908511,1.8000,1.7721
5909011,1.8000,1.7648
5909511,1.8000,1.7527
5910011,1.8000,1.7689
5910511,1.8000,1.7640
5911011,1.8000,1.7656
5911511,1.8000,1.7673
5912011,1.8000,1.7592
5912511,1.8000,1.7439
5913011,1.8000,1.7681
5913511,1.8000,1.7632
5914011,1.8000,1.7664
5914511,1.8000,1.7656
5915011,1.8000,1.7664
5915511,1.8000,1.7640
5916011,1.8000,1.7664
5916511,1.8000,1.7664
5917011,1.8000,1.7664
5917511,1.8000,1.7648
5918011,1.8000,1.7664
5918511,1.8000,1.7640
5919011,1.8000,1.7818
5919511,1.8000,1.7487
5920011,1.8000,1.7721
5920511,1.8000,1.7689
5921011,1.8000,1.7576
5921511,1.8000,1.7536
5922011,1.8000,1.7656
5922511,1.8000,1.7616
5923011,1.8000,1.7673
5923511,1.8000,1.7664
5924011,1.8000,1.7616
5924511,1.8000,1.7697
5925011,1.8000,1.7640
5925511,1.8000,1.7664
5926011,1.8000,1.7632
5926511,1.8000,1.7576
5927011,1.8000,1.7640
5927511,1.8000,1.7560
5928011,1.8000,1.7673
5928511,1.8000,1.7810
5929011,1.8000,1.7664
5929511,1.8000,1.7536
5930011,1.8000,1.7664
5930511,1.8000,1.7584
5931011,1.8000,1.7656
5931511,1.8000,1.7681
5932011,1.8000,1.7753
5932511,1.8000,1.7745
5933011,1.8000,1.7664
5933511,1.8000,1.7552
5934011,1.8000,1.7673
5934511,1.8000,1.7713
5935011,1.8000,1.7552
5935511,1.8000,1.7640
5936011,1.8000,1.7664
5936511,1.8000,1.7624
5937011,1.8000,1.7592
5937511,1.8000,1.7689
5938011,1.8000,1.7536
5938511,1.8000,1.7673
5939011,1.8000,1.7664
5939511,1.8000,1.7656
5940011,1.8000,1.7648
5940511,1.8000,1.7664
5941011,1.8000,1.7664
5941511,1.8000,1.7648
5942011,1.8000,1.7632
5942511,1.8000,1.7584
5943011,1.8000,1.7600
5943511,1.8000,1.7656
5944011,1.8000,1.7705
5944511,1.8000,1.7624
5945011,1.8000,1.7608
5945511,1.8000,1.7584
5946011,1.8000,1.7656
5946511,1.8000,1.7656
5947011,1.8000,1.7648
5947511,1.8000,1.7793
5948011,1.8000,1.7576
5948511,1.8000,1.7753
5949011,1.8000,1.7536
5949511,1.8000,1.7616
5950011,1.8000,1.7624
5950511,1.8000,1.7576
5951011,1.8000,1.7584
5951511,1.8000,1.7753
5952011,1.8000,1.7689
5952511,1.8000,1.7656
5953011,1.8000,1.7624
5953511,1.8000,1.7656
5954011,1.8000,1.7729
5954511,1.8000,1.7656
5955011,1.8000,1.7664
5955511,1.8000,1.7640
5956011,1.8000,1.7664
5956511,1.8000,1.7640
5957011,1.8000,1.7673
5957511,1.8000,1.7608
5958011,1.8000,1.7560
5958511,1.8000,1.7818
5959011,1.8000,1.7632
5959511,1.8000,1.7664
5960011,1.8000,1.7673
5960511,1.8000,1.7503
5961011,1.8000,1.7616
5961511,1.8000,1.7664
5962011,1.8000,1.7640
5962511,1.8000,1.7415
5963011,1.8000,1.7882
5963511,1.8000,1.7664
5964011,1.8000,1.7544
5964511,1.8000,1.7592
5965011,1.8000,1.7552
5965511,1.8000,1.7632
5966011,1.8000,1.7519
5966511,1.8000,1.7664
5967011,1.8000,1.7608
5967511,1.8000,1.7616
5968011,1.8000,1.7624
5968511,1.8000,1.7616
5969011,1.8000,1.7584
5969511,1.8000,1.7777
5970011,1.8000,1.7584
5970511,1.8000,1.7664
5971011,1.8000,1.7648
5971511,1.8000,1.7664
5972011,1.8000,1.7608
5972511,1.8000,1.7656
5973011,1.8000,1.7673
5973511,1.8000,1.7536
5974011,1.8000,1.7326
5974511,1.8000,1.7673
5975011,1.8000,1.7229
5975511,1.8000,1.7568
5976011,1.8000,1.7608
5976511,1.8000,1.7697
5977011,1.8000,1.7801
5977511,1.8000,1.7664
5978011,1.8000,1.7922
5978511,1.8000,1.7390
5979011,1.8000,1.7407
5979511,1.8000,1.7608
5980011,1.8000,1.7463
5980511,1.8000,1.7664
5981011,1.8000,1.7930
5981511,1.8000,1.7624
5982011,1.8000,1.7673
5982511,1.8000,1.7640
5983011,1.8000,1.7793
5983511,1.8000,1.7801
5984011,1.8000,1.7705
5984511,1.8000,1.7624
5985011,1.8000,1.7664
5985511,1.8000,1.7648
5986011,1.8000,1.7600
5986511,1.8000,1.7664
5987011,1.8000,1.7785
5987511,1.8000,1.7689
5988011,1.8000,1.7640
5988511,1.8000,1.7527
5989011,1.8000,1.7616
5989511,1.8000,1.7664
5990011,1.8000,1.7584
5990511,1.8000,1.7697
5991011,1.8000,1.7358
5991511,1.8000,1.7664
5992011,1.8000,1.7519
5992511,1.8000,1.7648
5993011,1.8000,1.7608
5993511,1.8000,1.7656
5994011,1.8000,1.7673
5994511,1.8000,1.7648
5995011,1.8000,1.7753
5995511,1.8000,1.7584
5996011,1.8000,1.7664
5996511,1.8000,1.7673
5997011,1.8000,1.7656
5997511,1.8000,1.7640
5998011,1.8000,1.7616
5998511,1.8000,1.7648
5999011,1.8000,1.7664
5999511,1.8000,1.7664
6000011,1.8000,1.7664
6000511,1.8000,1.7511
6001011,1.8000,1.7664
6001511,1.8000,1.7616
6002011,1.8000,1.7479
6002511,1.8000,1.7664
6003011,1.8000,1.7640
6003511,1.8000,1.7568
6004011,1.8000,1.7592
6004511,1.8000,1.7592
6005011,1.8000,1.7576
6005511,1.8000,1.7697
6006011,1.8000,1.7495
6006511,1.8000,1.7592
6007011,1.8000,1.7664
6007511,1.8000,1.7664
6008011,1.8000,1.7664
6008511,1.8000,1.7681
6009011,1.8000,1.7608
6009511,1.8000,1.7584
6010011,1.8000,1.7616
6010511,1.8000,1.7664
6011011,1.8000,1.7632
6011511,1.8000,1.7681
6012011,1.8000,1.7592
6012511,1.8000,1.7560
6013011,1.8000,1.7922
6013511,1.8000,1.7664
6014011,1.8000,1.7576
6014511,1.8000,1.7689
6015011,1.8000,1.7608
6015511,1.8000,1.7850
6016011,1.8000,1.7713
6016511,1.8000,1.7415
6017011,1.8000,1.7656
6017511,1.8000,1.7648
6018011,1.8000,1.7560
6018511,1.8000,1.7568
6019011,1.8000,1.7689
6019511,1.8000,1.7648
6020011,1.8000,1.7624
6020511,1.8000,1.7664
6021011,1.8000,1.7664
6021511,1.8000,1.7423
6022011,1.8000,1.7592
6022511,1.8000,1.7656
6023011,1.8000,1.7624
6023511,1.8000,1.7656
6024011,1.8000,1.7769
6024511,1.8000,1.7681
6025011,1.8000,1.7519
6025511,1.8000,1.7511
6026011,1.8000,1.7640
6026511,1.8000,1.7705
6027011,1.8000,1.7664
6027511,1.8000,1.7673
6028011,1.8000,1.7713
6028511,1.8000,1.7664
6029011,1.8000,1.7616
6029511,1.8000,1.7664
6030011,1.8000,1.7656
6030511,1.8000,1.7898
6031011,1.8000,1.7544
6031511,1.8000,1.7664
6032011,1.8000,1.7681
6032511,1.8000,1.7640
6033011,1.8000,1.7503
6033511,1.8000,1.7673
6034011,1.8000,1.7697
6034511,1.8000,1.7608
6035011,1.8000,1.7681
6035511,1.8000,1.7648
6036011,1.8000,1.7624
6036511,1.8000,1.7656
6037011,1.8000,1.7632
6037511,1.8000,1.7624
6038011,1.8000,1.7681
6038511,1.8000,1.7584
6039011,1.8000,1.7511
6039511,1.8000,1.7576
6040011,1.8000,1.7640
6040511,1.8000,1.7544
6041011,1.8000,1.7689
6041511,1.8000,1.7713
6042011,1.8000,1.7664
6042511,1.8000,1.7536
6043011,1.8000,1.7616
6043511,1.8000,1.7648
6044011,1.8000,1.7664
6044511,1.8000,1.7664
6045011,1.8000,1.7721
6045511,1.8000,1.7681
6046011,1.8000,1.7664
6046511,1.8000,1.7632
6047011,1.8000,1.7938
6047511,1.8000,1.7648
6048011,1.8000,1.7664
6048511,1.8000,1.7592
6049011,1.8000,1.7527
6049511,1.8000,1.7648
6050011,1.8000,1.7882
6050511,1.8000,1.7705
6051011,1.8000,1.7608
6051511,1.8000,1.7640
6052011,1.8000,1.7519
6052511,1.8000,1.7713
6053011,1.8000,1.7648
6053511,1.8000,1.7632
6054011,1.8000,1.7664
6054511,1.8000,1.7640
6055011,1.8000,1.7753
6055511,1.8000,1.7576
6056011,1.8000,1.7592
6056511,1.8000,1.7664
6057011,1.8000,1.7664
6057511,1.8000,1.7648
6058011,1.8000,1.7568
6058511,1.8000,1.7648
6059011,1.8000,1.7632
6059511,1.8000,1.7560
6060011,1.8000,1.7632
6060511,1.8000,1.7664
6061011,1.8000,1.7721
6061511,1.8000,1.7576
6062011,1.8000,1.7810
6062511,1.8000,1.7640
6063011,1.8000,1.7584
6063511,1.8000,1.7648
6064011,1.8000,1.7713
6064511,1.8000,1.7648
6065011,1.8000,1.7544
6065511,1.8000,1.7648
6066011,1.8000,1.7592
6066511,1.8000,1.7616
6067011,1.8000,1.7544
6067511,1.8000,1.7608
6068011,1.8000,1.7681
6068511,1.8000,1.7616
6069011,1.8000,1.7664
6069511,1.8000,1.7576
6070011,1.8000,1.7858
6070511,1.8000,1.7664
6071011,1.8000,1.7624
6071511,1.8000,1.7785
6072011,1.8000,1.7624
6072511,1.8000,1.7705
6073011,1.8000,1.7592
6073511,1.8000,1.7721
6074011,1.8000,1.7536
6074511,1.8000,1.7560
6075011,1.8000,1.7326
6075511,1.8000,1.7616
6076011,1.8000,1.7656
6076511,1.8000,1.7664
6077011,1.8000,1.7713
6077511,1.8000,1.7664
6078011,1.8000,1.7479
6078511,1.8000,1.7664
6079011,1.8000,1.7681
6079511,1.8000,1.7632
6080011,1.8000,1.7640
6080511,1.8000,1.7681
6081011,1.8000,1.7656
6081511,1.8000,1.7850
6082011,1.8000,1.7721
6082511,1.8000,1.7664
6083011,1.8000,1.7681
6083511,1.8000,1.7608
6084011,1.8000,1.7503
6084511,1.8000,1.7866
6085011,1.8000,1.7600
6085511,1.8000,1.7689
6086011,1.8000,1.7560
6086511,1.8000,1.7624
6087011,1.8000,1.7745
6087511,1.8000,1.7737
6088011,1.8000,1.7681
6088511,1.8000,1.7560
6089011,1.8000,1.7624
6089511,1.8000,1.7624
6090011,1.8000,1.7648
6090511,1.8000,1.7632
6091011,1.8000,1.7511
6091511,1.8000,1.7664
6092011,1.8000,1.7713
6092511,1.8000,1.7656
6093011,1.8000,1.7624
6093511,1.8000,1.7681
6094011,1.8000,1.7560
6094511,1.8000,1.7608
6095011,1.8000,1.7447
6095511,1.8000,1.7689
6096011,1.8000,1.7608
6096511,1.8000,1.7656
6097011,1.8000,1.7842
6097511,1.8000,1.7793
6098011,1.8000,1.7874
6098511,1.8000,1.7697
6099011,1.8000,1.7648
6099511,1.8000,1.7664
6100011,1.8000,1.7616
6100511,1.8000,1.7640
6101011,1.8000,1.7648
6101511,1.8000,1.7737
6102011,1.8000,1.7664
6102511,1.8000,1.7713
6103011,1.8000,1.7777
6103511,1.8000,1.7648
6104011,1.8000,1.7664
6104511,1.8000,1.7648
6105011,1.8000,1.7705
6105511,1.8000,1.7664
6106011,1.8000,1.7616
6106511,1.8000,1.7616
6107011,1.8000,1.7487
6107511,1.8000,1.7624
6108011,1.8000,1.7656
6108511,1.8000,1.7793
6109011,1.8000,1.7648
6109511,1.8000,1.7673
6110011,1.8000,1.7705
6110511,1.8000,1.7656
6111011,1.8000,1.7689
6111511,1.8000,1.7689
6112011,1.8000,1.7689
6112511,1.8000,1.7705
6113011,1.8000,1.7818
6113511,1.8000,1.7664
6114011,1.8000,1.7777
6114511,1.8000,1.7584
6115011,1.8000,1.7576
6115511,1.8000,1.7656
6116011,1.8000,1.7673
6116511,1.8000,1.7664
6117011,1.8000,1.7640
6117511,1.8000,1.7616
6118011,1.8000,1.7576
6118511,1.8000,1.7584
6119011,1.8000,1.7584
6119511,1.8000,1.7608
6120011,1.8000,1.7568
6120511,1.8000,1.7681
6121011,1.8000,1.7616
6121511,1.8000,1.7689
6122011,1.8000,1.7640
6122511,1.8000,1.7793
6123011,1.8000,1.7664
6123511,1.8000,1.7745
6124011,1.8000,1.7745
6124511,1.8000,1.7648
6125011,1.8000,1.7592
6125511,1.8000,1.7689
6126011,1.8000,1.7850
6126511,1.8000,1.7664
6127011,1.8000,1.7616
6127511,1.8000,1.7648
6128011,1.8000,1.7664
6128511,1.8000,1.7721
6129011,1.8000,1.7334
6129511,1.8000,1.7673
6130011,1.8000,1.7801
6130511,1.8000,1.7664
6131011,1.8000,1.7664
6131511,1.8000,1.7664
6132011,1.8000,1.7689
6132511,1.8000,1.7608
6133011,1.8000,1.7673
6133511,1.8000,1.7592
6134011,1.8000,1.7624
6134511,1.8000,1.7632
6135011,1.8000,1.7648
6135511,1.8000,1.7552
6136011,1.8000,1.7560
6136511,1.8000,1.7737
6137011,1.8000,1.7536
6137511,1.8000,1.7664
6138011,1.8000,1.7689
6138511,1.8000,1.7624
6139011,1.8000,1.7705
6139511,1.8000,1.7664
6140011,1.8000,1.7656
6140511,1.8000,1.7664
6141011,1.8000,1.7681
6141511,1.8000,1.7664
6142011,1.8000,1.7745
6142511,1.8000,1.7664
6143011,1.8000,1.7656
6143511,1.8000,1.7527
6144011,1.8000,1.7673
6144511,1.8000,1.7681
6145011,1.8000,1.7834
6145511,1.8000,1.7729
6146011,1.8000,1.7673
6146511,1.8000,1.7664
6147011,1.8000,1.7713
6147511,1.8000,1.7681
6148011,1.8000,1.7592
6148511,1.8000,1.7745
6149011,1.8000,1.7689
6149511,1.8000,1.7785
6150011,1.8000,1.7592
6150511,1.8000,1.7648
6151011,1.8000,1.7536
6151511,1.8000,1.7616
6152011,1.8000,1.7584
6152511,1.8000,1.7697
6153011,1.8000,1.7745
6153511,1.8000,1.7745
6154011,1.8000,1.7689
6154511,1.8000,1.7616
6155011,1.8000,1.7689
6155511,1.8000,1.7664
6156011,1.8000,1.7640
6156511,1.8000,1.7664
6157011,1.8000,1.7640
6157511,1.8000,1.7689
6158011,1.8000,1.7673
6158511,1.8000,1.7874
6159011,1.8000,1.7656
6159511,1.8000,1.7664
6160011,1.8000,1.7616
6160511,1.8000,1.7689
6161011,1.8000,1.7656
6161511,1.8000,1.7705
6162011,1.8000,1.7664
6162511,1.8000,1.7721
6163011,1.8000,1.7689
6163511,1.8000,1.7810
6164011,1.8000,1.7632
6164511,1.8000,1.7705
6165011,1.8000,1.7737
6165511,1.8000,1.7689
6166011,1.8000,1.7576
6166511,1.8000,1.7689
6167011,1.8000,1.7737
6167511,1.8000,1.7721
6168011,1.8000,1.7793
6168511,1.8000,1.7705
6169011,1.8000,1.7737
6169511,1.8000,1.7689
6170011,1.8000,1.7664
6170511,1.8000,1.7616
6171011,1.8000,1.7664
6171511,1.8000,1.7689
6172011,1.8000,1.7753
6172511,1.8000,1.7664
6173011,1.8000,1.7842
6173511,1.8000,1.7664
6174011,1.8000,1.7689
6174511,1.8000,1.7664
6175011,1.8000,1.7656
6175511,1.8000,1.7407
6176011,1.8000,1.7673
6176511,1.8000,1.7648
6177011,1.8000,1.7664
6177511,1.8000,1.7761
6178011,1.8000,1.7713
6178511,1.8000,1.7584
6179011,1.8000,1.7640
6179511,1.8000,1.7955
6180011,1.8000,1.7664
6180511,1.8000,1.7664
6181011,1.8000,1.7664
6181511,1.8000,1.7664
6182011,1.8000,1.7664
6182511,1.8000,1.7681
6183011,1.8000,1.7673
6183511,1.8000,1.7664
6184011,1.8000,1.7729
6184511,1.8000,1.7697
6185011,1.8000,1.7689
6185511,1.8000,1.7689
6186011,1.8000,1.7632
6186511,1.8000,1.7592
6187011,1.8000,1.7673
6187511,1.8000,1.7810
6188011,1.8000,1.7608
6188511,1.8000,1.7560
6189011,1.8000,1.7721
6189511,1.8000,1.7664
6190011,1.8000,1.7818
6190511,1.8000,1.7793
6191011,1.8000,1.7640
6191511,1.8000,1.7648
6192011,1.8000,1.7664
6192511,1.8000,1.7656
6193011,1.8000,1.7713
6193511,1.8000,1.7753
6194011,1.8000,1.7664
6194511,1.8000,1.7648
6195011,1.8000,1.7705
6195511,1.8000,1.7761
6196011,1.8000,1.7769
6196511,1.8000,1.7664
6197011,1.8000,1.7656
6197511,1.8000,1.7705
6198011,1.8000,1.7689
6198511,1.8000,1.7810
6199011,1.8000,1.7721
6199511,1.8000,1.7664
6200011,1.8000,1.7842
6200511,1.8000,1.7664
6201011,1.8000,1.7753
6201511,1.8000,1.7753
6202011,1.8000,1.7842
6202511,1.8000,1.7544
6203011,1.8000,1.7681
6203511,1.8000,1.7745
6204011,1.8000,1.7705
6204511,1.8000,1.7689
6205011,1.8000,1.7721
6205511,1.8000,1.7673
6206011,1.8000,1.7664
6206511,1.8000,1.7713
6207011,1.8000,1.7697
6207511,1.8000,1.7777
6208011,1.8000,1.7745
6208511,1.8000,1.7664
6209011,1.8000,1.7801
6209511,1.8000,1.7487
6210011,1.8000,1.7656
6210511,1.8000,1.7697
6211011,1.8000,1.7745
6211511,1.8000,1.7664
6212011,1.8000,1.7664
6212511,1.8000,1.7721
6213011,1.8000,1.7592
6213511,1.8000,1.7624
6214011,1.8000,1.7664
6214511,1.8000,1.7858
6215011,1.8000,1.7664
6215511,1.8000,1.7697
6216011,1.8000,1.7705
6216511,1.8000,1.7689
6217011,1.8000,1.7656
6217511,1.8000,1.7664
6218011,1.8000,1.7673
6218511,1.8000,1.7705
6219011,1.8000,1.7673
6219511,1.8000,1.7801
6220011,1.8000,1.7673
6220511,1.8000,1.7689
6221011,1.8000,1.7673
6221511,1.8000,1.7503
6222011,1.8000,1.7664
6222511,1.8000,1.7785
6223011,1.8000,1.7705
6223511,1.8000,1.7713
6224011,1.8000,1.7745
6224511,1.8000,1.7866
6225011,1.8000,1.7640
6225511,1.8000,1.7737
6226011,1.8000,1.7697
6226511,1.8000,1.7584
6227011,1.8000,1.7987
6227511,1.8000,1.7842
6228011,1.8000,1.7745
6228511,1.8000,1.7576
6229011,1.8000,1.7697
6229511,1.8000,1.7761
6230011,1.8000,1.7640
6230511,1.8000,1.7664
6231011,1.8000,1.7584
6231511,1.8000,1.7656
6232011,1.8000,1.7592
6232511,1.8000,1.7801
6233011,1.8000,1.7656
6233511,1.8000,1.7874
6234011,1.8000,1.7390
6234511,1.8000,1.7664
6235011,1.8000,1.7801
6235511,1.8000,1.7568
6236011,1.8000,1.7664
6236511,1.8000,1.7697
6237011,1.8000,1.7697
6237511,1.8000,1.7729
6238011,1.8000,1.7689
6238511,1.8000,1.7656
6239011,1.8000,1.7664
6239511,1.8000,1.7640
6240011,1.8000,1.7697
6240511,1.8000,1.7624
6241011,1.8000,1.7673
6241511,1.8000,1.7584
6242011,1.8000,1.7689
6242511,1.8000,1.7947
6243011,1.8000,1.7664
6243511,1.8000,1.7729
6244011,1.8000,1.7713
6244511,1.8000,1.7705
6245011,1.8000,1.7801
6245511,1.8000,1.7681
6246011,1.8000,1.7673
6246511,1.8000,1.7689
6247011,1.8000,1.7664
6247511,1.8000,1.7576
6248011,1.8000,1.7681
6248511,1.8000,1.7713
6249011,1.8000,1.7664
6249511,1.8000,1.7511
6250011,1.8000,1.7681
6250511,1.8000,1.7810
6251011,1.8000,1.7713
6251511,1.8000,1.7664
6252011,1.8000,1.7616
6252511,1.8000,1.7818
6253011,1.8000,1.7673
6253511,1.8000,1.7656
6254011,1.8000,1.7664
6254511,1.8000,1.7673
6255011,1.8000,1.7842
6255511,1.8000,1.7664
6256011,1.8000,1.7697
6256511,1.8000,1.7624
6257011,1.8000,1.7656
6257511,1.8000,1.7624
6258011,1.8000,1.7745
6258511,1.8000,1.7818
6259011,1.8000,1.7673
6259511,1.8000,1.7664
6260011,1.8000,1.7810
6260511,1.8000,1.7624
6261011,1.8000,1.7713
6261511,1.8000,1.7689
6262011,1.8000,1.7664
6262511,1.8000,1.7624
6263011,1.8000,1.7608
6263511,1.8000,1.7664
6264011,1.8000,1.7673
6264511,1.8000,1.7568
6265011,1.8000,1.7664
6265511,1.8000,1.7769
6266011,1.8000,1.7664
6266511,1.8000,1.7592
6267011,1.8000,1.7648
6267511,1.8000,1.7576
6268011,1.8000,1.7664
6268511,1.8000,1.7624
6269011,1.8000,1.7519
6269511,1.8000,1.7689
6270011,1.8000,1.7785
6270511,1.8000,1.7552
6271011,1.8000,1.7745
6271511,1.8000,1.7673
6272011,1.8000,1.7721
6272511,1.8000,1.7664
6273011,1.8000,1.7681
6273511,1.8000,1.7721
6274011,1.8000,1.7640
6274511,1.8000,1.7624
6275011,1.8000,1.7519
6275511,1.8000,1.7624
6276011,1.8000,1.7656
6276511,1.8000,1.7527
6277011,1.8000,1.7632
6277511,1.8000,1.7584
6278011,1.8000,1.7640
6278511,1.8000,1.7721
6279011,1.8000,1.7648
6279511,1.8000,1.7705
6280011,1.8000,1.7673
6280511,1.8000,1.7689
6281011,1.8000,1.7664
6281511,1.8000,1.7810
6282011,1.8000,1.7632
6282511,1.8000,1.7761
6283011,1.8000,1.7963
6283511,1.8000,1.7689
6284011,1.8000,1.7713
6284511,1.8000,1.7664
6285011,1.8000,1.7664
6285511,1.8000,1.7810
6286011,1.8000,1.7592
6286511,1.8000,1.7689
6287011,1.8000,1.7777
6287511,1.8000,1.7729
6288011,1.8000,1.7713
6288511,1.8000,1.7664
6289011,1.8000,1.7648
6289511,1.8000,1.7632
6290011,1.8000,1.7664
6290511,1.8000,1.7664
6291011,1.8000,1.7810
6291511,1.8000,1.7648
6292011,1.8000,1.7673
6292511,1.8000,1.7664
6293011,1.8000,1.7697
6293511,1.8000,1.7664
6294011,1.8000,1.7681
6294511,1.8000,1.7721
6295011,1.8000,1.7697
6295511,1.8000,1.7592
6296011,1.8000,1.7648
6296511,1.8000,1.7664
6297011,1.8000,1.7713
6297511,1.8000,1.7544
6298011,1.8000,1.7592
6298511,1.8000,1.7681
6299011,1.8000,1.7689
6299511,1.8000,1.7721
6300011,1.8000,1.7632
6300511,1.8000,1.7552
6301011,1.8000,1.7785
6301511,1.8000,1.7673
6302011,1.8000,1.7793
6302511,1.8000,1.7648
6303011,1.8000,1.7584
6303511,1.8000,1.7697
6304011,1.8000,1.7681
6304511,1.8000,1.7560
6305011,1.8000,1.7656
6305511,1.8000,1.7584
6306011,1.8000,1.7624
6306511,1.8000,1.7697
6307011,1.8000,1.7616
6307511,1.8000,1.7664
6308011,1.8000,1.7753
6308511,1.8000,1.7664
6309011,1.8000,1.7511
6309511,1.8000,1.7664
6310011,1.8000,1.7785
6310511,1.8000,1.7334
6311011,1.8000,1.7664
6311511,1.8000,1.7697
6312011,1.8000,1.7584
6312511,1.8000,1.7673
6313011,1.8000,1.7922
6313511,1.8000,1.7721
6314011,1.8000,1.7302
6314511,1.8000,1.7624
6315011,1.8000,1.7681
6315511,1.8000,1.7697
6316011,1.8000,1.7592
6316511,1.8000,1.7656
6317011,1.8000,1.7656
6317511,1.8000,1.7793
6318011,1.8000,1.7737
6318511,1.8000,1.7689
6319011,1.8000,1.7753
6319511,1.8000,1.7721
6320011,1.8000,1.7576
6320511,1.8000,1.7664
6321011,1.8000,1.7616
6321511,1.8000,1.7906
6322011,1.8000,1.7664
6322511,1.8000,1.7616
6323011,1.8000,1.7648
6323511,1.8000,1.7640
6324011,1.8000,1.7624
6324511,1.8000,1.7681
6325011,1.8000,1.7664
6325511,1.8000,1.7664
6326011,1.8000,1.7777
6326511,1.8000,1.7640
6327011,1.8000,1.7689
6327511,1.8000,1.7737
6328011,1.8000,1.7519
6328511,1.8000,1.7664
6329011,1.8000,1.7664
6329511,1.8000,1.7632
6330011,1.8000,1.7681
6330511,1.8000,1.7681
6331011,1.8000,1.7656
6331511,1.8000,1.7761
6332011,1.8000,1.7664
6332511,1.8000,1.7664
6333011,1.8000,1.7689
6333511,1.8000,1.7664
6334011,1.8000,1.7673
6334511,1.8000,1.7624
6335011,1.8000,1.7648
6335511,1.8000,1.7769
6336011,1.8000,1.7536
6336511,1.8000,1.7810
6337011,1.8000,1.7689
6337511,1.8000,1.7689
6338011,1.8000,1.7713
6338511,1.8000,1.7689
6339011,1.8000,1.7769
6339511,1.8000,1.7664
6340011,1.8000,1.7673
6340511,1.8000,1.7729
6341011,1.8000,1.7898
6341511,1.8000,1.7664
6342011,1.8000,1.7664
6342511,1.8000,1.7664
6343011,1.8000,1.7745
6343511,1.8000,1.7681
6344011,1.8000,1.7721
6344511,1.8000,1.7664
6345011,1.8000,1.7673
6345511,1.8000,1.7737
6346011,1.8000,1.7648
6346511,1.8000,1.7664
6347011,1.8000,1.7664
6347511,1.8000,1.7648
6348011,1.8000,1.7721
6348511,1.8000,1.7648
6349011,1.8000,1.7664
6349511,1.8000,1.7673
6350011,1.8000,1.7681
6350511,1.8000,1.7673
6351011,1.8000,1.7544
6351511,1.8000,1.7713
6352011,1.8000,1.7656
6352511,1.8000,1.7753
6353011,1.8000,1.7681
6353511,1.8000,1.7608
6354011,1.8000,1.7616
6354511,1.8000,1.7656
6355011,1.8000,1.7689
6355511,1.8000,1.7785
6356011,1.8000,1.7850
6356511,1.8000,1.7664
6357011,1.8000,1.7793
6357511,1.8000,1.7673
6358011,1.8000,1.7681
6358511,1.8000,1.7689
6359011,1.8000,1.7624
6359511,1.8000,1.7673
6360011,1.8000,1.7729
6360511,1.8000,1.7664
6361011,1.8000,1.7705
6361511,1.8000,1.7713
6362011,1.8000,1.7664
6362511,1.8000,1.7584
6363011,1.8000,1.7648
6363511,1.8000,1.7769
6364011,1.8000,1.7656
6364511,1.8000,1.7664
6365011,1.8000,1.7689
6365511,1.8000,1.7664
6366011,1.8000,1.7705
6366511,1.8000,1.7890
6367011,1.8000,1.7673
6367511,1.8000,1.7818
6368011,1.8000,1.7664
6368511,1.8000,1.7689
6369011,1.8000,1.7689
6369511,1.8000,1.7705
6370011,1.8000,1.7640
6370511,1.8000,1.7769
6371011,1.8000,1.7689
6371511,1.8000,1.7664
6372011,1.8000,1.7705
6372511,1.8000,1.7664
6373011,1.8000,1.7737
6373511,1.8000,1.7664
6374011,1.8000,1.7592
6374511,1.8000,1.7664
6375011,1.8000,1.7439
6375511,1.8000,1.7721
6376011,1.8000,1.7664
6376511,1.8000,1.7656
6377011,1.8000,1.7656
6377511,1.8000,1.7664
6378011,1.8000,1.7721
6378511,1.8000,1.7810
6379011,1.8000,1.7818
6379511,1.8000,1.7560
6380011,1.8000,1.7616
6380511,1.8000,1.7697
6381011,1.8000,1.7769
6381511,1.8000,1.7673
6382011,1.8000,1.7882
6382511,1.8000,1.7600
6383011,1.8000,1.7560
6383511,1.8000,1.7616
6384011,1.8000,1.7761
6384511,1.8000,1.7705
6385011,1.8000,1.7777
6385511,1.8000,1.7705
6386011,1.8000,1.7681
6386511,1.8000,1.7697
6387011,1.8000,1.7673
6387511,1.8000,1.7664
6388011,1.8000,1.7713
6388511,1.8000,1.7971
6389011,1.8000,1.7664
6389511,1.8000,1.7777
6390011,1.8000,1.7721
6390511,1.8000,1.7753
6391011,1.8000,1.7721
6391511,1.8000,1.7624
6392011,1.8000,1.7745
6392511,1.8000,1.7592
6393011,1.8000,1.7753
6393511,1.8000,1.7785
6394011,1.8000,1.7737
6394511,1.8000,1.7560
6395011,1.8000,1.7737
6395511,1.8000,1.7834
6396011,1.8000,1.7664
6396511,1.8000,1.7834
6397011,1.8000,1.7745
6397511,1.8000,1.7318
6398011,1.8000,1.7721
6398511,1.8000,1.7705
6399011,1.8000,1.7536
6399511,1.8000,1.7673
6400011,1.8000,1.7705
6400511,1.8000,1.7681
6401011,1.8000,1.7648
6401511,1.8000,1.7705
6402011,1.8000,1.7737
6402511,1.8000,1.7745
6403011,1.8000,1.7632
6403511,1.8000,1.7681
6404011,1.8000,1.7656
6404511,1.8000,1.7721
6405011,1.8000,1.7745
6405511,1.8000,1.7616
6406011,1.8000,1.7721
6406511,1.8000,1.7785
6407011,1.8000,1.7664
6407511,1.8000,1.7689
6408011,1.8000,1.7689
6408511,1.8000,1.7705
6409011,1.8000,1.7681
6409511,1.8000,1.7664
6410011,1.8000,1.7681
6410511,1.8000,1.7721
6411011,1.8000,1.7810
6411511,1.8000,1.7664
6412011,1.8000,1.7689
6412511,1.8000,1.7697
6413011,1.8000,1.7673
6413511,1.8000,1.7624
6414011,1.8000,1.7673
6414511,1.8000,1.7664
6415011,1.8000,1.7640
6415511,1.8000,1.7745
6416011,1.8000,1.7640
6416511,1.8000,1.7713
6417011,1.8000,1.7681
6417511,1.8000,1.7664
6418011,1.8000,1.7681
6418511,1.8000,1.7681
6419011,1.8000,1.7664
6419511,1.8000,1.7689
6420011,1.8000,1.7576
6420511,1.8000,1.7801
6421011,1.8000,1.7721
6421511,1.8000,1.7681
6422011,1.8000,1.7664
6422511,1.8000,1.7648
6423011,1.8000,1.7656
6423511,1.8000,1.7713
6424011,1.8000,1.7793
6424511,1.8000,1.7664
6425011,1.8000,1.7697
6425511,1.8000,1.7656
6426011,1.8000,1.7689
6426511,1.8000,1.7681
6427011,1.8000,1.7721
6427511,1.8000,1.7431
6428011,1.8000,1.7648
6428511,1.8000,1.7576
6429011,1.8000,1.7560
6429511,1.8000,1.7777
6430011,1.8000,1.7656
6430511,1.8000,1.7648
6431011,1.8000,1.7673
6431511,1.8000,1.7745
6432011,1.8000,1.7713
6432511,1.8000,1.7576
6433011,1.8000,1.7544
6433511,1.8000,1.7624
6434011,1.8000,1.7705
6434511,1.8000,1.7769
6435011,1.8000,1.7737
6435511,1.8000,1.7721
6436011,1.8000,1.7568
6436511,1.8000,1.7648
6437011,1.8000,1.7922
6437511,1.8000,1.7777
6438011,1.8000,1.7922
6438511,1.8000,1.7697
6439011,1.8000,1.7673
6439511,1.8000,1.7834
6440011,1.8000,1.7793
6440511,1.8000,1.7721
6441011,1.8000,1.7664
6441511,1.8000,1.7785
6442011,1.8000,1.7664
6442511,1.8000,1.7705
6443011,1.8000,1.7592
6443511,1.8000,1.7713
6444011,1.8000,1.7745
6444511,1.8000,1.7785
6445011,1.8000,1.7745
6445511,1.8000,1.7552
6446011,1.8000,1.7713
6446511,1.8000,1.7656
6447011,1.8000,1.7664
6447511,1.8000,1.7705
6448011,1.8000,1.7681
6448511,1.8000,1.7737
6449011,1.8000,1.7664
6449511,1.8000,1.7664
6450011,1.8000,1.7664
6450511,1.8000,1.7689
6451011,1.8000,1.7664
6451511,1.8000,1.7721
6452011,1.8000,1.7608
6452511,1.8000,1.7713
6453011,1.8000,1.7664
6453511,1.8000,1.7664
6454011,1.8000,1.7584
6454511,1.8000,1.7785
6455011,1.8000,1.7713
6455511,1.8000,1.7737
6456011,1.8000,1.7745
6456511,1.8000,1.7777
6457011,1.8000,1.7834
6457511,1.8000,1.7673
6458011,1.8000,1.7689
6458511,1.8000,1.7648
6459011,1.8000,1.7801
6459511,1.8000,1.7616
6460011,1.8000,1.7785
6460511,1.8000,1.7753
6461011,1.8000,1.7842
6461511,1.8000,1.7737
6462011,1.8000,1.7785
6462511,1.8000,1.7664
6463011,1.8000,1.7713
6463511,1.8000,1.7664
6464011,1.8000,1.7769
6464511,1.8000,1.7801
6465011,1.8000,1.7697
6465511,1.8000,1.7681
6466011,1.8000,1.7705
6466511,1.8000,1.7753
6467011,1.8000,1.7874
6467511,1.8000,1.7673
6468011,1.8000,1.7810
6468511,1.8000,1.7713
6469011,1.8000,1.7745
6469511,1.8000,1.7624
6470011,1.8000,1.7656
6470511,1.8000,1.7664
6471011,1.8000,1.7689
6471511,1.8000,1.8108
6472011,1.8000,1.7858
6472511,1.8000,1.7785
6473011,1.8000,1.7463
6473511,1.8000,1.7648
6474011,1.8000,1.7745
6474511,1.8000,1.7785
6475011,1.8000,1.7745
6475511,1.8000,1.7689
6476011,1.8000,1.7689
6476511,1.8000,1.7721
6477011,1.8000,1.7697
6477511,1.8000,1.7705
6478011,1.8000,1.7664
6478511,1.8000,1.7640
6479011,1.8000,1.7810
6479511,1.8000,1.7882
6480011,1.8000,1.7664
6480511,1.8000,1.7664
6481011,1.8000,1.7785
6481511,1.8000,1.7810
6482011,1.8000,1.7689
6482511,1.8000,1.7697
6483011,1.8000,1.7681
6483511,1.8000,1.7697
6484011,1.8000,1.7673
6484511,1.8000,1.7576
6485011,1.8000,1.7648
6485511,1.8000,1.7761
6486011,1.8000,1.7689
6486511,1.8000,1.7737
6487011,1.8000,1.7681
6487511,1.8000,1.7681
6488011,1.8000,1.7785
6488511,1.8000,1.7640
6489011,1.8000,1.7664
6489511,1.8000,1.7681
6490011,1.8000,1.7664
6490511,1.8000,1.7737
6491011,1.8000,1.7745
6491511,1.8000,1.7664
6492011,1.8000,1.7713
6492511,1.8000,1.7664
6493011,1.8000,1.7753
6493511,1.8000,1.7898
6494011,1.8000,1.7737
6494511,1.8000,1.7616
6495011,1.8000,1.7753
6495511,1.8000,1.7745
6496011,1.8000,1.7721
6496511,1.8000,1.7632
6497011,1.8000,1.7777
6497511,1.8000,1.7769
6498011,1.8000,1.7656
6498511,1.8000,1.7777
6499011,1.8000,1.7721
6499511,1.8000,1.7721
6500011,1.8000,1.7769
6500511,1.8000,1.7737
6501011,1.8000,1.7785
6501511,1.8000,1.7745
6502011,1.8000,1.7745
6502511,1.8000,1.7737
6503011,1.8000,1.7713
6503511,1.8000,1.7785
6504011,1.8000,1.7745
6504511,1.8000,1.7753
6505011,1.8000,1.7810
6505511,1.8000,1.7753
6506011,1.8000,1.7664
6506511,1.8000,1.7592
6507011,1.8000,1.7689
6507511,1.8000,1.7713
6508011,1.8000,1.7834
6508511,1.8000,1.7810
6509011,1.8000,1.7737
6509511,1.8000,1.7713
6510011,1.8000,1.7681
6510511,1.8000,1.7713
6511011,1.8000,1.7777
6511511,1.8000,1.7519
6512011,1.8000,1.7769
6512511,1.8000,1.7608
6513011,1.8000,1.7624
6513511,1.8000,1.7262
6514011,1.8000,1.7673
6514511,1.8000,1.7793
6515011,1.8000,1.7737
6515511,1.8000,1.7624
6516011,1.8000,1.7552
6516511,1.8000,1.7785
6517011,1.8000,1.7705
6517511,1.8000,1.7801
6518011,1.8000,1.8132
6518511,1.8000,1.7656
6519011,1.8000,1.7801
6519511,1.8000,1.7753
6520011,1.8000,1.7971
6520511,1.8000,1.7745
6521011,1.8000,1.7705
6521511,1.8000,1.7785
6522011,1.8000,1.7664
6522511,1.8000,1.7906
6523011,1.8000,1.7922
6523511,1.8000,1.7793
6524011,1.8000,1.7801
6524511,1.8000,1.7769
6525011,1.8000,1.7664
6525511,1.8000,1.7681
6526011,1.8000,1.7673
6526511,1.8000,1.7810
6527011,1.8000,1.7713
6527511,1.8000,1.7664
6528011,1.8000,1.7624
6528511,1.8000,1.7616
6529011,1.8000,1.7689
6529511,1.8000,1.7664
6530011,1.8000,1.7584
6530511,1.8000,1.7592
6531011,1.8000,1.7963
6531511,1.8000,1.7664
6532011,1.8000,1.7664
6532511,1.8000,1.7713
6533011,1.8000,1.7664
6533511,1.8000,1.7777
6534011,1.8000,1.7753
6534511,1.8000,1.7689
6535011,1.8000,1.7673
6535511,1.8000,1.7721
6536011,1.8000,1.7737
6536511,1.8000,1.7713
6537011,1.8000,1.7664
6537511,1.8000,1.7721
6538011,1.8000,1.7640
6538511,1.8000,1.7721
6539011,1.8000,1.7681
6539511,1.8000,1.7664
6540011,1.8000,1.7721
6540511,1.8000,1.7664
6541011,1.8000,1.7753
6541511,1.8000,1.7689
6542011,1.8000,1.7947
6542511,1.8000,1.7721
6543011,1.8000,1.7721
6543511,1.8000,1.7753
6544011,1.8000,1.7697
6544511,1.8000,1.7721
6545011,1.8000,1.7673
6545511,1.8000,1.7721
6546011,1.8000,1.7664
6546511,1.8000,1.7834
6547011,1.8000,1.7753
6547511,1.8000,1.7673
6548011,1.8000,1.7761
6548511,1.8000,1.7673
6549011,1.8000,1.7689
6549511,1.8000,1.7842
6550011,1.8000,1.7721
6550511,1.8000,1.7681
6551011,1.8000,1.7656
6551511,1.8000,1.7834
6552011,1.8000,1.7842
6552511,1.8000,1.7664
6553011,1.8000,1.7745
6553511,1.8000,1.7930
6554011,1.8000,1.7664
6554511,1.8000,1.7721
6555011,1.8000,1.7673
6555511,1.8000,1.7673
6556011,1.8000,1.7705
6556511,1.8000,1.7745
6557011,1.8000,1.7947
6557511,1.8000,1.7801
6558011,1.8000,1.7705
6558511,1.8000,1.7737
6559011,1.8000,1.7745
6559511,1.8000,1.7729
6560011,1.8000,1.7818
6560511,1.8000,1.7664
6561011,1.8000,1.7689
6561511,1.8000,1.7769
6562011,1.8000,1.7810
6562511,1.8000,1.7664
6563011,1.8000,1.7753
6563511,1.8000,1.7729
6564011,1.8000,1.7737
6564511,1.8000,1.7689
6565011,1.8000,1.7753
6565511,1.8000,1.7777
6566011,1.8000,1.7664
6566511,1.8000,1.7793
6567011,1.8000,1.7745
6567511,1.8000,1.7705
6568011,1.8000,1.7681
6568511,1.8000,1.7664
6569011,1.8000,1.7745
6569511,1.8000,1.7664
6570011,1.8000,1.7753
6570511,1.8000,1.7681
6571011,1.8000,1.7624
6571511,1.8000,1.7681
6572011,1.8000,1.7777
6572511,1.8000,1.7850
6573011,1.8000,1.7495
6573511,1.8000,1.7793
6574011,1.8000,1.7793
6574511,1.8000,1.7785
6575011,1.8000,1.7713
6575511,1.8000,1.7753
6576011,1.8000,1.7745
6576511,1.8000,1.7753
6577011,1.8000,1.7818
6577511,1.8000,1.7947
6578011,1.8000,1.7552
6578511,1.8000,1.7721
6579011,1.8000,1.7793
6579511,1.8000,1.7495
6580011,1.8000,1.7624
6580511,1.8000,1.7753
6581011,1.8000,1.7681
6581511,1.8000,1.7664
6582011,1.8000,1.7689
6582511,1.8000,1.7729
6583011,1.8000,1.7745
6583511,1.8000,1.7745
6584011,1.8000,1.7874
6584511,1.8000,1.7753
6585011,1.8000,1.7689
6585511,1.8000,1.7721
6586011,1.8000,1.7922
6586511,1.8000,1.7689
6587011,1.8000,1.7576
6587511,1.8000,1.7689
6588011,1.8000,1.7664
6588511,1.8000,1.7729
6589011,1.8000,1.7721
6589511,1.8000,1.7721
6590011,1.8000,1.7737
6590511,1.8000,1.7930
6591011,1.8000,1.7681
6591511,1.8000,1.7721
6592011,1.8000,1.7737
6592511,1.8000,1.7745
6593011,1.8000,1.7721
6593511,1.8000,1.7689
6594011,1.8000,1.7745
6594511,1.8000,1.7721
6595011,1.8000,1.7697
6595511,1.8000,1.7713
6596011,1.8000,1.7673
6596511,1.8000,1.7673
6597011,1.8000,1.7753
6597511,1.8000,1.7616
6598011,1.8000,1.7697
6598511,1.8000,1.7785
6599011,1.8000,1.7624
6599511,1.8000,1.7801
6600011,1.8000,1.7866
6600511,1.8000,1.8164
6601011,1.8000,1.7729
6601511,1.8000,1.7689
6602011,1.8000,1.7656
6602511,1.8000,1.7681
6603011,1.8000,1.7681
6603511,1.8000,1.7664
6604011,1.8000,1.7777
6604511,1.8000,1.7689
6605011,1.8000,1.7785
6605511,1.8000,1.7673
6606011,1.8000,1.7664
6606511,1.8000,1.7761
6607011,1.8000,1.7705
6607511,1.8000,1.7681
6608011,1.8000,1.7681
6608511,1.8000,1.7721
6609011,1.8000,1.7689
6609511,1.8000,1.7552
6610011,1.8000,1.7664
6610511,1.8000,1.7656
6611011,1.8000,1.7576
6611511,1.8000,1.7785
6612011,1.8000,1.7721
6612511,1.8000,1.7801
6613011,1.8000,1.7721
6613511,1.8000,1.7834
6614011,1.8000,1.7898
6614511,1.8000,1.7713
6615011,1.8000,1.7737
6615511,1.8000,1.7777
6616011,1.8000,1.7737
6616511,1.8000,1.7664
6617011,1.8000,1.7705
6617511,1.8000,1.7818
6618011,1.8000,1.7632
6618511,1.8000,1.7753
6619011,1.8000,1.7721
6619511,1.8000,1.7810
6620011,1.8000,1.7906
6620511,1.8000,1.7826
6621011,1.8000,1.7560
6621511,1.8000,1.7737
6622011,1.8000,1.7681
6622511,1.8000,1.7906
6623011,1.8000,1.7713
6623511,1.8000,1.8003
6624011,1.8000,1.7753
6624511,1.8000,1.7721
6625011,1.8000,1.7850
6625511,1.8000,1.7745
6626011,1.8000,1.7721
6626511,1.8000,1.7664
6627011,1.8000,1.7882
6627511,1.8000,1.7656
6628011,1.8000,1.7761
6628511,1.8000,1.7745
6629011,1.8000,1.7664
6629511,1.8000,1.7753
6630011,1.8000,1.7850
6630511,1.8000,1.7705
6631011,1.8000,1.7987
6631511,1.8000,1.7721
6632011,1.8000,1.7713
6632511,1.8000,1.7793
6633011,1.8000,1.7664
6633511,1.8000,1.7705
6634011,1.8000,1.7640
6634511,1.8000,1.7753
6635011,1.8000,1.7721
6635511,1.8000,1.7673
6636011,1.8000,1.7721
6636511,1.8000,1.7818
6637011,1.8000,1.7705
6637511,1.8000,1.7624
6638011,1.8000,1.7681
6638511,1.8000,1.7689
6639011,1.8000,1.7826
6639511,1.8000,1.7664
6640011,1.8000,1.7713
6640511,1.8000,1.7721
6641011,1.8000,1.7608
6641511,1.8000,1.7713
6642011,1.8000,1.7640
6642511,1.8000,1.7536
6643011,1.8000,1.7656
6643511,1.8000,1.7801
6644011,1.8000,1.7673
6644511,1.8000,1.7745
6645011,1.8000,1.7705
6645511,1.8000,1.7664
6646011,1.8000,1.8011
6646511,1.8000,1.7689
6647011,1.8000,1.7673
6647511,1.8000,1.7753
6648011,1.8000,1.7826
6648511,1.8000,1.7237
6649011,1.8000,1.7753
6649511,1.8000,1.7777
6650011,1.8000,1.7745
6650511,1.8000,1.7761
6651011,1.8000,1.7713
6651511,1.8000,1.7793
6652011,1.8000,1.7689
6652511,1.8000,1.7705
6653011,1.8000,1.7737
6653511,1.8000,1.7713
6654011,1.8000,1.7624
6654511,1.8000,1.7713
6655011,1.8000,1.7673
6655511,1.8000,1.7576
6656011,1.8000,1.7801
6656511,1.8000,1.7664
6657011,1.8000,1.7753
6657511,1.8000,1.7681
6658011,1.8000,1.7664
6658511,1.8000,1.7673
6659011,1.8000,1.7664
6659511,1.8000,1.7713
6660011,1.8000,1.7785
6660511,1.8000,1.7664
6661011,1.8000,1.7745
6661511,1.8000,1.7777
6662011,1.8000,1.7664
6662511,1.8000,1.7568
6663011,1.8000,1.7705
6663511,1.8000,1.7818
6664011,1.8000,1.7697
6664511,1.8000,1.7761
6665011,1.8000,1.7769
6665511,1.8000,1.7745
6666011,1.8000,1.7737
6666511,1.8000,1.7705
6667011,1.8000,1.7721
6667511,1.8000,1.7697
6668011,1.8000,1.7536
6668511,1.8000,1.7777
6669011,1.8000,1.7745
6669511,1.8000,1.7753
6670011,1.8000,1.7705
6670511,1.8000,1.7850
6671011,1.8000,1.7713
6671511,1.8000,1.7664
6672011,1.8000,1.7664
6672511,1.8000,1.7785
6673011,1.8000,1.7664
6673511,1.8000,1.7697
6674011,1.8000,1.7769
6674511,1.8000,1.7721
6675011,1.8000,1.7705
6675511,1.8000,1.7818
6676011,1.8000,1.7681
6676511,1.8000,1.7689
6677011,1.8000,1.7664
6677511,1.8000,1.7673
6678011,1.8000,1.7584
6678511,1.8000,1.7721
6679011,1.8000,1.7664
6679511,1.8000,1.7834
6680011,1.8000,1.7721
6680511,1.8000,1.7552
6681011,1.8000,1.7681
6681511,1.8000,1.7664
6682011,1.8000,1.7552
6682511,1.8000,1.7777
6683011,1.8000,1.7922
6683511,1.8000,1.7697
6684011,1.8000,1.7681
6684511,1.8000,1.7810
6685011,1.8000,1.7664
6685511,1.8000,1.7721
6686011,1.8000,1.7769
6686511,1.8000,1.7737
6687011,1.8000,1.7777
6687511,1.8000,1.7810
6688011,1.8000,1.7721
6688511,1.8000,1.7922
6689011,1.8000,1.7769
6689511,1.8000,1.7713
6690011,1.8000,1.7769
6690511,1.8000,1.7664
6691011,1.8000,1.7664
6691511,1.8000,1.7673
6692011,1.8000,1.7705
6692511,1.8000,1.7753
6693011,1.8000,1.7664
6693511,1.8000,1.7850
6694011,1.8000,1.7761
6694511,1.8000,1.7624
6695011,1.8000,1.7721
6695511,1.8000,1.7673
6696011,1.8000,1.7745
6696511,1.8000,1.7753
6697011,1.8000,1.7785
6697511,1.8000,1.7793
6698011,1.8000,1.7705
6698511,1.8000,1.7785
6699011,1.8000,1.7664
6699511,1.8000,1.7801
6700011,1.8000,1.7713
6700511,1.8000,1.7664
6701011,1.8000,1.7810
6701511,1.8000,1.7745
6702011,1.8000,1.7955
6702511,1.8000,1.7721
6703011,1.8000,1.7705
6703511,1.8000,1.7664
6704011,1.8000,1.7648
6704511,1.8000,1.7769
6705011,1.8000,1.7689
6705511,1.8000,1.7785
6706011,1.8000,1.7979
6706511,1.8000,1.7681
6707011,1.8000,1.7664
6707511,1.8000,1.7713
6708011,1.8000,1.7753
6708511,1.8000,1.7616
6709011,1.8000,1.7866
6709511,1.8000,1.7777
6710011,1.8000,1.7761
6710511,1.8000,1.7793
6711011,1.8000,1.7979
6711511,1.8000,1.7753
6712011,1.8000,1.7785
6712511,1.8000,1.7705
6713011,1.8000,1.7793
6713511,1.8000,1.7769
6714011,1.8000,1.7664
6714511,1.8000,1.7745
6715011,1.8000,1.7673
6715511,1.8000,1.7826
6716011,1.8000,1.7713
6716511,1.8000,1.7713
6717011,1.8000,1.7745
6717511,1.8000,1.7689
6718011,1.8000,1.7769
6718511,1.8000,1.7777
6719011,1.8000,1.7552
6719511,1.8000,1.7713
6720011,1.8000,1.7576
6720511,1.8000,1.7826
6721011,1.8000,1.7721
6721511,1.8000,1.7834
6722011,1.8000,1.7793
6722511,1.8000,1.7874
6723011,1.8000,1.7689
6723511,1.8000,1.7769
6724011,1.8000,1.7681
6724511,1.8000,1.7801
6725011,1.8000,1.7753
6725511,1.8000,1.7721
6726011,1.8000,1.7810
6726511,1.8000,1.7616
6727011,1.8000,1.7705
6727511,1.8000,1.7673
6728011,1.8000,1.7681
6728511,1.8000,1.7689
6729011,1.8000,1.7777
6729511,1.8000,1.7777
6730011,1.8000,1.7769
6730511,1.8000,1.7592
6731011,1.8000,1.7737
6731511,1.8000,1.7818
6732011,1.8000,1.7697
6732511,1.8000,1.7713
6733011,1.8000,1.7536
6733511,1.8000,1.7922
6734011,1.8000,1.7681
6734511,1.8000,1.7552
6735011,1.8000,1.7697
6735511,1.8000,1.7664
6736011,1.8000,1.7947
6736511,1.8000,1.7737
6737011,1.8000,1.7689
6737511,1.8000,1.7648
6738011,1.8000,1.7761
6738511,1.8000,1.7713
6739011,1.8000,1.7673
6739511,1.8000,1.7801
6740011,1.8000,1.7576
6740511,1.8000,1.7922
6741011,1.8000,1.7810
6741511,1.8000,1.7697
6742011,1.8000,1.7834
6742511,1.8000,1.7681
6743011,1.8000,1.7769
6743511,1.8000,1.7673
6744011,1.8000,1.7769
6744511,1.8000,1.7673
6745011,1.8000,1.7874
6745511,1.8000,1.7673
6746011,1.8000,1.7681
6746511,1.8000,1.7866
6747011,1.8000,1.7769
6747511,1.8000,1.7664
6748011,1.8000,1.7930
6748511,1.8000,1.7930
6749011,1.8000,1.7689
6749511,1.8000,1.7753
6750011,1.8000,1.7689
6750511,1.8000,1.7664
6751011,1.8000,1.7801
6751511,1.8000,1.7713
6752011,1.8000,1.7785
6752511,1.8000,1.7737
6753011,1.8000,1.7793
6753511,1.8000,1.7777
6754011,1.8000,1.7664
6754511,1.8000,1.7713
6755011,1.8000,1.7713
6755511,1.8000,1.7656
6756011,1.8000,1.7697
6756511,1.8000,1.7769
6757011,1.8000,1.7737
6757511,1.8000,1.7801
6758011,1.8000,1.7721
6758511,1.8000,1.7793
6759011,1.8000,1.7616
6759511,1.8000,1.7818
6760011,1.8000,1.7673
6760511,1.8000,1.7745
6761011,1.8000,1.7664
6761511,1.8000,1.7777
6762011,1.8000,1.7576
6762511,1.8000,1.7745
6763011,1.8000,1.7737
6763511,1.8000,1.7745
6764011,1.8000,1.7705
6764511,1.8000,1.7689
6765011,1.8000,1.7874
6765511,1.8000,1.7810
6766011,1.8000,1.7801
6766511,1.8000,1.7737
6767011,1.8000,1.7777
6767511,1.8000,1.7801
6768011,1.8000,1.7777
6768511,1.8000,1.7664
6769011,1.8000,1.7793
6769511,1.8000,1.7785
6770011,1.8000,1.7737
6770511,1.8000,1.7681
6771011,1.8000,1.7713
6771511,1.8000,1.7818
6772011,1.8000,1.7826
6772511,1.8000,1.7705
6773011,1.8000,1.7664
6773511,1.8000,1.7681
6774011,1.8000,1.7689
6774511,1.8000,1.7818
6775011,1.8000,1.7801
6775511,1.8000,1.7697
6776011,1.8000,1.7592
6776511,1.8000,1.7673
6777011,1.8000,1.7536
6777511,1.8000,1.7648
6778011,1.8000,1.7777
6778511,1.8000,1.7713
6779011,1.8000,1.7616
6779511,1.8000,1.7689
6780011,1.8000,1.7664
6780511,1.8000,1.7769
6781011,1.8000,1.7745
6781511,1.8000,1.7753
6782011,1.8000,1.7664
6782511,1.8000,1.7737
6783011,1.8000,1.7753
6783511,1.8000,1.7705
6784011,1.8000,1.7842
6784511,1.8000,1.7713
6785011,1.8000,1.7769
6785511,1.8000,1.7737
6786011,1.8000,1.7753
6786511,1.8000,1.7536
6787011,1.8000,1.7753
6787511,1.8000,1.7673
6788011,1.8000,1.7753
6788511,1.8000,1.7745
6789011,1.8000,1.7818
6789511,1.8000,1.7793
6790011,1.8000,1.8140
6790511,1.8000,1.7818
6791011,1.8000,1.7737
6791511,1.8000,1.7737
6792011,1.8000,1.7737
6792511,1.8000,1.7689
6793011,1.8000,1.7681
6793511,1.8000,1.7713
6794011,1.8000,1.7705
6794511,1.8000,1.7769
6795011,1.8000,1.7938
6795511,1.8000,1.7721
6796011,1.8000,1.7681
6796511,1.8000,1.7753
6797011,1.8000,1.7552
6797511,1.8000,1.7785
6798011,1.8000,1.7673
6798511,1.8000,1.7713
6799011,1.8000,1.7640
6799511,1.8000,1.7713
6800011,1.8000,1.7705
6800511,1.8000,1.7769
6801011,1.8000,1.7810
6801511,1.8000,1.7882
6802011,1.8000,1.7721
6802511,1.8000,1.7785
6803011,1.8000,1.7818
6803511,1.8000,1.7874
6804011,1.8000,1.7705
6804511,1.8000,1.7753
6805011,1.8000,1.7689
6805511,1.8000,1.7769
6806011,1.8000,1.7705
6806511,1.8000,1.7721
6807011,1.8000,1.7721
6807511,1.8000,1.7664
6808011,1.8000,1.7785
6808511,1.8000,1.7769
6809011,1.8000,1.7785
6809511,1.8000,1.7568
6810011,1.8000,1.7777
6810511,1.8000,1.7713
6811011,1.8000,1.7689
6811511,1.8000,1.7777
6812011,1.8000,1.7737
6812511,1.8000,1.7689
6813011,1.8000,1.7689
6813511,1.8000,1.7689
6814011,1.8000,1.7745
6814511,1.8000,1.7705
6815011,1.8000,1.7801
6815511,1.8000,1.7713
6816011,1.8000,1.7721
6816511,1.8000,1.7721
6817011,1.8000,1.7721
6817511,1.8000,1.7753
6818011,1.8000,1.7664
6818511,1.8000,1.7785
6819011,1.8000,1.7721
6819511,1.8000,1.7713
6820011,1.8000,1.7673
6820511,1.8000,1.7785
6821011,1.8000,1.7713
6821511,1.8000,1.7769
6822011,1.8000,1.7793
6822511,1.8000,1.7753
6823011,1.8000,1.7713
6823511,1.8000,1.7777
6824011,1.8000,1.7930
6824511,1.8000,1.7753
6825011,1.8000,1.7842
6825511,1.8000,1.7721
6826011,1.8000,1.7729
6826511,1.8000,1.7721
6827011,1.8000,1.7681
6827511,1.8000,1.7713
6828011,1.8000,1.7664
6828511,1.8000,1.7737
6829011,1.8000,1.7777
6829511,1.8000,1.7673
6830011,1.8000,1.7689
6830511,1.8000,1.7777
6831011,1.8000,1.7777
6831511,1.8000,1.7922
6832011,1.8000,1.7689
6832511,1.8000,1.7705
6833011,1.8000,1.7898
6833511,1.8000,1.7592
6834011,1.8000,1.7697
6834511,1.8000,1.7785
6835011,1.8000,1.7842
6835511,1.8000,1.7737
6836011,1.8000,1.7415
6836511,1.8000,1.7785
6837011,1.8000,1.7584
6837511,1.8000,1.7664
6838011,1.8000,1.7785
6838511,1.8000,1.7777
6839011,1.8000,1.7785
6839511,1.8000,1.7866
6840011,1.8000,1.7705
6840511,1.8000,1.7656
6841011,1.8000,1.7914
6841511,1.8000,1.7818
6842011,1.8000,1.7818
6842511,1.8000,1.7810
6843011,1.8000,1.7753
6843511,1.8000,1.7705
6844011,1.8000,1.7850
6844511,1.8000,1.7664
6845011,1.8000,1.7810
6845511,1.8000,1.7656
6846011,1.8000,1.7713
6846511,1.8000,1.7737
6847011,1.8000,1.7673
6847511,1.8000,1.7801
6848011,1.8000,1.7705
6848511,1.8000,1.7664
6849011,1.8000,1.7664
6849511,1.8000,1.7689
6850011,1.8000,1.7721
6850511,1.8000,1.7689
6851011,1.8000,1.7705
6851511,1.8000,1.7664
6852011,1.8000,1.7874
6852511,1.8000,1.7656
6853011,1.8000,1.7834
6853511,1.8000,1.7729
6854011,1.8000,1.7753
6854511,1.8000,1.7681
6855011,1.8000,1.7713
6855511,1.8000,1.7673
6856011,1.8000,1.7818
6856511,1.8000,1.7705
6857011,1.8000,1.7673
6857511,1.8000,1.7769
6858011,1.8000,1.7664
6858511,1.8000,1.7664
6859011,1.8000,1.7769
6859511,1.8000,1.7713
6860011,1.8000,1.7689
6860511,1.8000,1.7713
6861011,1.8000,1.7777
6861511,1.8000,1.7664
6862011,1.8000,1.7785
6862511,1.8000,1.7745
6863011,1.8000,1.7753
6863511,1.8000,1.7664
6864011,1.8000,1.7713