timestamp_ms,setpoint_v,sensor_v
0,0.0000,0.7696
500,0.0000,0.7648
1000,0.0000,0.7607
1500,0.0000,0.7567
2000,0.0000,0.7607
2500,0.0000,0.7559
3010,1.5000,0.7728
3510,1.5000,0.7809
4010,1.5000,0.7615
4510,1.5000,0.7607
5010,1.5000,0.7825
5510,1.5000,0.7736
6010,1.5000,0.7914
6510,1.5000,0.7680
7010,1.5000,0.7632
7510,1.5000,0.7656
8010,1.5000,0.7712
8510,1.5000,0.7680
9010,1.5000,0.7768
9510,1.5000,0.7632
10010,1.5000,0.7728
10510,1.5000,0.7817
11010,1.5000,0.7607
11510,1.5000,0.7817
12010,1.5000,0.7680
12510,1.5000,0.7728
13010,1.5000,0.7664
13510,1.5000,0.7632
14010,1.5000,0.7809
14510,1.5000,0.7591
15010,1.5000,0.7535
15510,1.5000,0.7607
16010,1.5000,0.7696
16510,1.5000,0.7535
17010,1.5000,0.7680
17510,1.5000,0.7752
18010,1.5000,0.7777
18510,1.5000,0.7648
19010,1.5000,0.7777
19510,1.5000,0.7599
20010,1.5000,0.7752
20510,1.5000,0.7535
21010,1.5000,0.7728
21510,1.5000,0.7656
22010,1.5000,0.7809
22510,1.5000,0.7664
23010,1.5000,0.7736
23510,1.5000,0.7785
24010,1.5000,0.7688
24510,1.5000,0.7736
25010,1.5000,0.7648
25510,1.5000,0.7696
26010,1.5000,0.7777
26510,1.5000,0.7680
27010,1.5000,0.7736
27510,1.5000,0.7704
28010,1.5000,0.7623
28510,1.5000,0.7736
29010,1.5000,0.7793
29510,1.5000,0.7599
30010,1.5000,0.7736
30510,1.5000,0.7640
31010,1.5000,0.7623
31510,1.5000,0.7664
32010,1.5000,0.7632
32510,1.5000,0.7704
33010,1.5000,0.7793
33510,1.5000,0.7720
34010,1.5000,0.7760
34510,1.5000,0.7744
35010,1.5000,0.7696
35510,1.5000,0.7680
36010,1.5000,0.7793
36510,1.5000,0.7720
37010,1.5000,0.7656
37510,1.5000,0.7615
38010,1.5000,0.7728
38510,1.5000,0.7736
39010,1.5000,0.7728
39510,1.5000,0.7720
40010,1.5000,0.7777
40510,1.5000,0.7833
41010,1.5000,0.7752
41510,1.5000,0.7720
42010,1.5000,0.7744
42510,1.5000,0.7672
43010,1.5000,0.7785
43510,1.5000,0.7607
44010,1.5000,0.7615
44510,1.5000,0.7736
45010,1.5000,0.7720
45510,1.5000,0.7736
46010,1.5000,0.7696
46510,1.5000,0.7760
47010,1.5000,0.7696
47510,1.5000,0.7849
48010,1.5000,0.7793
48510,1.5000,0.7760
49010,1.5000,0.7704
49510,1.5000,0.7656
50010,1.5000,0.7744
50510,1.5000,0.7607
51010,1.5000,0.7760
51510,1.5000,0.7777
52010,1.5000,0.7696
52510,1.5000,0.7728
53010,1.5000,0.7728
53510,1.5000,0.7664
54010,1.5000,0.7760
54510,1.5000,0.7664
55010,1.5000,0.7712
55510,1.5000,0.7760
56010,1.5000,0.7680
56510,1.5000,0.7696
57010,1.5000,0.7648
57510,1.5000,0.7736
58010,1.5000,0.7736
58510,1.5000,0.7696
59010,1.5000,0.7728
59510,1.5000,0.7607
60010,1.5000,0.7752
60510,1.5000,0.7728
61010,1.5000,0.7728
61510,1.5000,0.7793
62010,1.5000,0.7752
62510,1.5000,0.7728
63010,1.5000,0.7785
63510,1.5000,0.7720
64010,1.5000,0.7543
64510,1.5000,0.7648
65010,1.5000,0.7777
65510,1.5000,0.7607
66010,1.5000,0.7696
66510,1.5000,0.7914
67010,1.5000,0.7688
67510,1.5000,0.7664
68010,1.5000,0.7728
68510,1.5000,0.7777
69010,1.5000,0.7712
69510,1.5000,0.7865
70010,1.5000,0.7768
70510,1.5000,0.7744
71010,1.5000,0.7736
71510,1.5000,0.7688
72010,1.5000,0.7777
72510,1.5000,0.7728
73010,1.5000,0.7615
73510,1.5000,0.7688
74010,1.5000,0.7777
74510,1.5000,0.7777
75010,1.5000,0.7720
75510,1.5000,0.7640
76010,1.5000,0.7760
76510,1.5000,0.7865
77010,1.5000,0.7664
77510,1.5000,0.7623
78010,1.5000,0.7793
78510,1.5000,0.7752
79010,1.5000,0.7752
79510,1.5000,0.7744
80010,1.5000,0.7664
80510,1.5000,0.7760
81010,1.5000,0.7752
81510,1.5000,0.7656
82010,1.5000,0.7736
82510,1.5000,0.7688
83010,1.5000,0.7736
83510,1.5000,0.7954
84010,1.5000,0.7688
84510,1.5000,0.7817
85010,1.5000,0.7696
85510,1.5000,0.7825
86010,1.5000,0.7744
86510,1.5000,0.7793
87010,1.5000,0.7793
87510,1.5000,0.7793
88010,1.5000,0.7720
88510,1.5000,0.8026
89010,1.5000,0.7777
89510,1.5000,0.7857
90010,1.5000,0.7744
90510,1.5000,0.7680
91010,1.5000,0.7777
91510,1.5000,0.7704
92010,1.5000,0.7736
92510,1.5000,0.7752
93010,1.5000,0.7865
93510,1.5000,0.7736
94010,1.5000,0.7736
94510,1.5000,0.7736
95010,1.5000,0.7849
95510,1.5000,0.7712
96010,1.5000,0.7768
96510,1.5000,0.7777
97010,1.5000,0.7841
97510,1.5000,0.7785
98010,1.5000,0.7752
98510,1.5000,0.7744
99010,1.5000,0.7712
99510,1.5000,0.7825
100010,1.5000,0.7768
100510,1.5000,0.7760
101010,1.5000,0.7736
101510,1.5000,0.7696
102010,1.5000,0.7720
102510,1.5000,0.7809
103010,1.5000,0.7817
103510,1.5000,0.7825
104010,1.5000,0.7793
104510,1.5000,0.7865
105010,1.5000,0.7817
105510,1.5000,0.7857
106010,1.5000,0.7865
106510,1.5000,0.7833
107010,1.5000,0.7760
107510,1.5000,0.7825
108010,1.5000,0.7841
108510,1.5000,0.7849
109010,1.5000,0.7760
109510,1.5000,0.7857
110010,1.5000,0.7744
110510,1.5000,0.7809
111010,1.5000,0.7873
111510,1.5000,0.7865
112010,1.5000,0.7986
112510,1.5000,0.7793
113010,1.5000,0.7881
113510,1.5000,0.7849
114010,1.5000,0.7865
114510,1.5000,0.7744
115010,1.5000,0.7825
115510,1.5000,0.7744
116010,1.5000,0.7760
116510,1.5000,0.7865
117010,1.5000,0.7777
117510,1.5000,0.7873
118010,1.5000,0.7873
118510,1.5000,0.7865
119010,1.5000,0.7865
119510,1.5000,0.7785
120010,1.5000,0.7785
120510,1.5000,0.7817
121010,1.5000,0.7954
121510,1.5000,0.7897
122010,1.5000,0.7825
122510,1.5000,0.7922
123010,1.5000,0.7954
123510,1.5000,0.7841
124010,1.5000,0.7986
124510,1.5000,0.7922
125010,1.5000,0.7905
125510,1.5000,0.7857
126010,1.5000,0.7809
126510,1.5000,0.7946
127010,1.5000,0.7857
127510,1.5000,0.7897
128010,1.5000,0.7849
128510,1.5000,0.7889
129010,1.5000,0.7922
129510,1.5000,0.7922
130010,1.5000,0.7970
130510,1.5000,0.7897
131010,1.5000,0.7889
131510,1.5000,0.7785
132010,1.5000,0.7905
132510,1.5000,0.7946
133010,1.5000,0.7970
133510,1.5000,0.7905
134010,1.5000,0.7994
134510,1.5000,0.7954
135010,1.5000,0.7946
135510,1.5000,0.7994
136010,1.5000,0.7881
136510,1.5000,0.7994
137010,1.5000,0.7881
137510,1.5000,0.8107
138010,1.5000,0.7986
138510,1.5000,0.7970
139010,1.5000,0.7914
139510,1.5000,0.8002
140010,1.5000,0.7897
140510,1.5000,0.7930
141010,1.5000,0.7897
141510,1.5000,0.7841
142010,1.5000,0.8034
142510,1.5000,0.7978
143010,1.5000,0.7986
143510,1.5000,0.7946
144010,1.5000,0.8002
144510,1.5000,0.7873
145010,1.5000,0.8099
145510,1.5000,0.7986
146010,1.5000,0.8034
146510,1.5000,0.7962
147010,1.5000,0.7962
147510,1.5000,0.7962
148010,1.5000,0.7986
148510,1.5000,0.8099
149010,1.5000,0.8002
149510,1.5000,0.7817
150010,1.5000,0.7954
150510,1.5000,0.8123
151010,1.5000,0.7905
151510,1.5000,0.8067
152010,1.5000,0.7857
152510,1.5000,0.8002
153010,1.5000,0.8010
153510,1.5000,0.7978
154010,1.5000,0.8026
154510,1.5000,0.7946
155010,1.5000,0.8034
155510,1.5000,0.7873
156010,1.5000,0.8010
156510,1.5000,0.7922
157010,1.5000,0.7946
157510,1.5000,0.7922
158010,1.5000,0.7994
158510,1.5000,0.7865
159010,1.5000,0.8123
159510,1.5000,0.8018
160010,1.5000,0.7970
160510,1.5000,0.8034
161010,1.5000,0.8115
161510,1.5000,0.7962
162010,1.5000,0.7954
162510,1.5000,0.8034
163010,1.5000,0.8107
163510,1.5000,0.7938
164010,1.5000,0.7946
164510,1.5000,0.7841
165010,1.5000,0.8002
165510,1.5000,0.8002
166010,1.5000,0.8002
166510,1.5000,0.8034
167010,1.5000,0.8067
167510,1.5000,0.8115
168010,1.5000,0.8002
168510,1.5000,0.8042
169010,1.5000,0.7962
169510,1.5000,0.8034
170010,1.5000,0.7954
170510,1.5000,0.8010
171010,1.5000,0.8051
171510,1.5000,0.8042
172010,1.5000,0.8075
172510,1.5000,0.8042
173010,1.5000,0.8034
173510,1.5000,0.7954
174010,1.5000,0.8034
174510,1.5000,0.8123
175010,1.5000,0.8002
175510,1.5000,0.7889
176010,1.5000,0.7857
176510,1.5000,0.8075
177010,1.5000,0.8034
177510,1.5000,0.7954
178010,1.5000,0.7978
178510,1.5000,0.8163
179010,1.5000,0.8010
179510,1.5000,0.8034
180010,1.5000,0.8083
180510,1.5000,0.8075
181010,1.5000,0.8083
181510,1.5000,0.7954
182010,1.5000,0.8123
182510,1.5000,0.8042
183010,1.5000,0.8018
183510,1.5000,0.8147
184010,1.5000,0.8123
184510,1.5000,0.8123
185010,1.5000,0.8171
185510,1.5000,0.8107
186010,1.5000,0.8107
186510,1.5000,0.7833
187010,1.5000,0.8163
187510,1.5000,0.8123
188010,1.5000,0.7986
188510,1.5000,0.8034
189010,1.5000,0.8123
189510,1.5000,0.8107
190010,1.5000,0.8099
190510,1.5000,0.8204
191010,1.5000,0.8123
191510,1.5000,0.8083
192010,1.5000,0.8341
192510,1.5000,0.8123
193010,1.5000,0.7833
193510,1.5000,0.8139
194010,1.5000,0.8212
194510,1.5000,0.8123
195010,1.5000,0.8083
195510,1.5000,0.8155
196010,1.5000,0.8163
196510,1.5000,0.8091
197010,1.5000,0.8107
197510,1.5000,0.8236
198010,1.5000,0.8139
198510,1.5000,0.8123
199010,1.5000,0.8244
199510,1.5000,0.8163
200010,1.5000,0.8107
200510,1.5000,0.8171
201010,1.5000,0.8228
201510,1.5000,0.8099
202010,1.5000,0.8236
202510,1.5000,0.8486
203010,1.5000,0.8083
203510,1.5000,0.8179
204010,1.5000,0.8147
204510,1.5000,0.8204
205010,1.5000,0.8179
205510,1.5000,0.8123
206010,1.5000,0.8099
206510,1.5000,0.8115
207010,1.5000,0.8341
207510,1.5000,0.8228
208010,1.5000,0.8171
208510,1.5000,0.8228
209010,1.5000,0.8308
209510,1.5000,0.8341
210010,1.5000,0.8244
210510,1.5000,0.8228
211010,1.5000,0.8220
211510,1.5000,0.8115
212010,1.5000,0.8228
212510,1.5000,0.8220
213010,1.5000,0.8325
213510,1.5000,0.8212
214010,1.5000,0.8244
214510,1.5000,0.8236
215010,1.5000,0.8381
215510,1.5000,0.8236
216010,1.5000,0.8196
216510,1.5000,0.8228
217010,1.5000,0.8228
217510,1.5000,0.8365
218010,1.5000,0.8365
218510,1.5000,0.8171
219010,1.5000,0.8196
219510,1.5000,0.8220
220010,1.5000,0.8365
220510,1.5000,0.8163
221010,1.5000,0.8333
221510,1.5000,0.8325
222010,1.5000,0.8341
222510,1.5000,0.8349
223010,1.5000,0.8236
223510,1.5000,0.8204
224010,1.5000,0.8179
224510,1.5000,0.8171
225010,1.5000,0.8341
225510,1.5000,0.8381
226010,1.5000,0.8373
226510,1.5000,0.8244
227010,1.5000,0.8381
227510,1.5000,0.8244
228010,1.5000,0.8325
228510,1.5000,0.8341
229010,1.5000,0.8333
229510,1.5000,0.8308
230010,1.5000,0.8333
230510,1.5000,0.8381
231010,1.5000,0.8381
231510,1.5000,0.8244
232010,1.5000,0.8445
232510,1.5000,0.8163
233010,1.5000,0.8244
233510,1.5000,0.8349
234010,1.5000,0.8365
234510,1.5000,0.8244
235010,1.5000,0.8357
235510,1.5000,0.8373
236010,1.5000,0.8381
236510,1.5000,0.8381
237010,1.5000,0.8333
237510,1.5000,0.8333
238010,1.5000,0.8244
238510,1.5000,0.8381
239010,1.5000,0.8381
239510,1.5000,0.8357
240010,1.5000,0.8341
240510,1.5000,0.8244
241010,1.5000,0.8357
241510,1.5000,0.8196
242010,1.5000,0.8437
242510,1.5000,0.8462
243010,1.5000,0.8405
243510,1.5000,0.8381
244010,1.5000,0.8349
244510,1.5000,0.8244
245010,1.5000,0.8365
245510,1.5000,0.8357
246010,1.5000,0.8341
246510,1.5000,0.8381
247010,1.5000,0.8405
247510,1.5000,0.8333
248010,1.5000,0.8405
248510,1.5000,0.8421
249010,1.5000,0.8921
249510,1.5000,0.8502
250010,1.5000,0.8429
250510,1.5000,0.8365
251010,1.5000,0.8381
251510,1.5000,0.8510
252010,1.5000,0.8389
252510,1.5000,0.8421
253010,1.5000,0.8824
253510,1.5000,0.8381
254010,1.5000,0.8413
254510,1.5000,0.8381
255010,1.5000,0.8453
255510,1.5000,0.8381
256010,1.5000,0.8373
256510,1.5000,0.8381
257010,1.5000,0.8462
257510,1.5000,0.8357
258010,1.5000,0.8429
258510,1.5000,0.8510
259010,1.5000,0.8518
259510,1.5000,0.8429
260010,1.5000,0.8381
260510,1.5000,0.8405
261010,1.5000,0.8437
261510,1.5000,0.8405
262010,1.5000,0.8462
262510,1.5000,0.8453
263010,1.5000,0.8381
263510,1.5000,0.8389
264010,1.5000,0.8236
264510,1.5000,0.8437
265010,1.5000,0.8397
265510,1.5000,0.8462
266010,1.5000,0.8212
266510,1.5000,0.8445
267010,1.5000,0.8502
267510,1.5000,0.8510
268010,1.5000,0.8445
268510,1.5000,0.8510
269010,1.5000,0.8437
269510,1.5000,0.8470
270010,1.5000,0.8631
270510,1.5000,0.8494
271010,1.5000,0.8389
271510,1.5000,0.8421
272010,1.5000,0.8437
272510,1.5000,0.8228
273010,1.5000,0.8437
273510,1.5000,0.8526
274010,1.5000,0.8470
274510,1.5000,0.8631
275010,1.5000,0.8550
275510,1.5000,0.8244
276010,1.5000,0.8429
276510,1.5000,0.8486
277010,1.5000,0.8647
277510,1.5000,0.8429
278010,1.5000,0.8623
278510,1.5000,0.8550
279010,1.5000,0.8413
279510,1.5000,0.8470
280010,1.5000,0.8566
280510,1.5000,0.8550
281010,1.5000,0.8824
281510,1.5000,0.8542
282010,1.5000,0.8534
282510,1.5000,0.8590
283010,1.5000,0.8558
283510,1.5000,0.8615
284010,1.5000,0.8526
284510,1.5000,0.8453
285010,1.5000,0.8453
285510,1.5000,0.8486
286010,1.5000,0.8566
286510,1.5000,0.8421
287010,1.5000,0.8526
287510,1.5000,0.8526
288010,1.5000,0.8655
288510,1.5000,0.8534
289010,1.5000,0.8550
289510,1.5000,0.8534
290010,1.5000,0.8478
290510,1.5000,0.8534
291010,1.5000,0.8623
291510,1.5000,0.8462
292010,1.5000,0.8639
292510,1.5000,0.8502
293010,1.5000,0.8526
293510,1.5000,0.8566
294010,1.5000,0.8655
294510,1.5000,0.8526
295010,1.5000,0.8502
295510,1.5000,0.8518
296010,1.5000,0.8566
296510,1.5000,0.8631
297010,1.5000,0.8558
297510,1.5000,0.8631
298010,1.5000,0.8558
298510,1.5000,0.8574
299010,1.5000,0.8421
299510,1.5000,0.8478
300010,1.5000,0.8599
300510,1.5000,0.8566
301010,1.5000,0.8534
301510,1.5000,0.8534
302010,1.5000,0.8607
302510,1.5000,0.8502
303010,1.5000,0.8542
303510,1.5000,0.8349
304010,1.5000,0.8558
304510,1.5000,0.8913
305010,1.5000,0.8582
305510,1.5000,0.8639
306010,1.5000,0.8631
306510,1.5000,0.8639
307010,1.5000,0.8840
307510,1.5000,0.8566
308010,1.5000,0.8590
308510,1.5000,0.8566
309010,1.5000,0.8550
309510,1.5000,0.8558
310010,1.5000,0.8687
310510,1.5000,0.8478
311010,1.5000,0.8599
311510,1.5000,0.8631
312010,1.5000,0.8663
312510,1.5000,0.8631
313010,1.5000,0.8639
313510,1.5000,0.8623
314010,1.5000,0.8558
314510,1.5000,0.8647
315010,1.5000,0.8647
315510,1.5000,0.8736
316010,1.5000,0.8599
316510,1.5000,0.8582
317010,1.5000,0.8655
317510,1.5000,0.8631
318010,1.5000,0.8623
318510,1.5000,0.8663
319010,1.5000,0.8599
319510,1.5000,0.8671
320010,1.5000,0.8727
320510,1.5000,0.8695
321010,1.5000,0.8558
321510,1.5000,0.8695
322010,1.5000,0.8558
322510,1.5000,0.8607
323010,1.5000,0.8655
323510,1.5000,0.8623
324010,1.5000,0.8639
324510,1.5000,0.8639
325010,1.5000,0.8437
325510,1.5000,0.8639
326010,1.5000,0.8647
326510,1.5000,0.8784
327010,1.5000,0.8800
327510,1.5000,0.8655
328010,1.5000,0.8590
328510,1.5000,0.8518
329010,1.5000,0.8663
329510,1.5000,0.8695
330010,1.5000,0.8663
330510,1.5000,0.8639
331010,1.5000,0.8897
331510,1.5000,0.8647
332010,1.5000,0.8695
332510,1.5000,0.8599
333010,1.5000,0.8663
333510,1.5000,0.8760
334010,1.5000,0.8631
334510,1.5000,0.8679
335010,1.5000,0.8486
335510,1.5000,0.8599
336010,1.5000,0.8695
336510,1.5000,0.8663
337010,1.5000,0.8679
337510,1.5000,0.8663
338010,1.5000,0.8744
338510,1.5000,0.8647
339010,1.5000,0.8727
339510,1.5000,0.8470
340010,1.5000,0.8727
340510,1.5000,0.8679
341010,1.5000,0.8639
341510,1.5000,0.8647
342010,1.5000,0.8687
342510,1.5000,0.8687
343010,1.5000,0.8639
343510,1.5000,0.8711
344010,1.5000,0.8768
344510,1.5000,0.8776
345010,1.5000,0.8752
345510,1.5000,0.8784
346010,1.5000,0.8663
346510,1.5000,0.8776
347010,1.5000,0.8695
347510,1.5000,0.8800
348010,1.5000,0.8639
348510,1.5000,0.8752
349010,1.5000,0.8687
349510,1.5000,0.8752
350010,1.5000,0.8711
350510,1.5000,0.8727
351010,1.5000,0.8679
351510,1.5000,0.8679
352010,1.5000,0.8727
352510,1.5000,0.8663
353010,1.5000,0.8727
353510,1.5000,0.8679
354010,1.5000,0.8760
354510,1.5000,0.8768
355010,1.5000,0.8873
355510,1.5000,0.8687
356010,1.5000,0.8719
356510,1.5000,0.8687
357010,1.5000,0.8679
357510,1.5000,0.8663
358010,1.5000,0.8768
358510,1.5000,0.8792
359010,1.5000,0.8776
359510,1.5000,0.8776
360010,1.5000,0.8776
360510,1.5000,0.8776
361010,1.5000,0.8760
361510,1.5000,0.8824
362010,1.5000,0.8744
362510,1.5000,0.9010
363010,1.5000,0.8744
363510,1.5000,0.8760
364010,1.5000,0.8679
364510,1.5000,0.8663
365010,1.5000,0.8889
365510,1.5000,0.8776
366010,1.5000,0.8655
366510,1.5000,0.8752
367010,1.5000,0.8695
367510,1.5000,0.8752
368010,1.5000,0.8687
368510,1.5000,0.8800
369010,1.5000,0.8719
369510,1.5000,0.8744
370010,1.5000,0.8776
370510,1.5000,0.8623
371010,1.5000,0.8679
371510,1.5000,0.8800
372010,1.5000,0.8897
372510,1.5000,0.8711
373010,1.5000,0.8768
373510,1.5000,0.8784
374010,1.5000,0.8824
374510,1.5000,0.8792
375010,1.5000,0.8816
375510,1.5000,0.8695
376010,1.5000,0.8776
376510,1.5000,0.8792
377010,1.5000,0.8727
377510,1.5000,0.8647
378010,1.5000,0.8760
378510,1.5000,0.8953
379010,1.5000,0.8671
379510,1.5000,0.8840
380010,1.5000,0.8768
380510,1.5000,0.8856
381010,1.5000,0.8800
381510,1.5000,0.8776
382010,1.5000,0.8768
382510,1.5000,0.8824
383010,1.5000,0.8744
383510,1.5000,0.8824
384010,1.5000,0.8760
384510,1.5000,0.8856
385010,1.5000,0.8808
385510,1.5000,0.8768
386010,1.5000,0.8727
386510,1.5000,0.8840
387010,1.5000,0.8905
387510,1.5000,0.8655
388010,1.5000,0.8792
388510,1.5000,0.8921
389010,1.5000,0.8881
389510,1.5000,0.8776
390010,1.5000,0.8985
390510,1.5000,0.8905
391010,1.5000,0.8856
391510,1.5000,0.8824
392010,1.5000,0.8856
392510,1.5000,0.8768
393010,1.5000,0.9251
393510,1.5000,0.8776
394010,1.5000,0.8873
394510,1.5000,0.8873
395010,1.5000,0.8889
395510,1.5000,0.8889
396010,1.5000,0.8768
396510,1.5000,0.8897
397010,1.5000,0.8816
397510,1.5000,0.8905
398010,1.5000,0.8768
398510,1.5000,0.8873
399010,1.5000,0.8881
399510,1.5000,0.8889
400010,1.5000,0.8776
400510,1.5000,0.8961
401010,1.5000,0.8985
401510,1.5000,0.8768
402010,1.5000,0.8977
402510,1.5000,0.8856
403010,1.5000,0.8913
403510,1.5000,0.8889
404010,1.5000,0.9026
404510,1.5000,0.8856
405010,1.5000,0.8921
405510,1.5000,0.8856
406010,1.5000,0.8889
406510,1.5000,0.9001
407010,1.5000,0.8905
407510,1.5000,0.8889
408010,1.5000,0.8824
408510,1.5000,0.8792
409010,1.5000,0.8897
409510,1.5000,0.8953
410010,1.5000,0.8889
410510,1.5000,0.8848
411010,1.5000,0.8897
411510,1.5000,0.8792
412010,1.5000,0.8897
412510,1.5000,0.8889
413010,1.5000,0.8873
413510,1.5000,0.8905
414010,1.5000,0.8905
414510,1.5000,0.8897
415010,1.5000,0.8808
415510,1.5000,0.8792
416010,1.5000,0.8873
416510,1.5000,0.8856
417010,1.5000,0.8913
417510,1.5000,0.9114
418010,1.5000,0.8913
418510,1.5000,0.8897
419010,1.5000,0.8937
419510,1.5000,0.8921
420010,1.5000,0.8913
420510,1.5000,0.9010
421010,1.5000,0.8897
421510,1.5000,0.9074
422010,1.5000,0.8921
422510,1.5000,0.8977
423010,1.5000,0.9010
423510,1.5000,0.8897
424010,1.5000,0.8768
424510,1.5000,0.8913
425010,1.5000,0.8921
425510,1.5000,0.8953
426010,1.5000,0.8824
426510,1.5000,0.8913
427010,1.5000,0.8897
427510,1.5000,0.9001
428010,1.5000,0.8969
428510,1.5000,0.8897
429010,1.5000,0.8824
429510,1.5000,0.8937
430010,1.5000,0.8953
430510,1.5000,0.8977
431010,1.5000,0.9130
431510,1.5000,0.8881
432010,1.5000,0.8937
432510,1.5000,0.8848
433010,1.5000,0.9114
433510,1.5000,0.8953
434010,1.5000,0.8921
434510,1.5000,0.9010
435010,1.5000,0.8897
435510,1.5000,0.8921
436010,1.5000,0.8977
436510,1.5000,0.8873
437010,1.5000,0.8897
437510,1.5000,0.8945
438010,1.5000,0.8921
438510,1.5000,0.9026
439010,1.5000,0.8937
439510,1.5000,0.8953
440010,1.5000,0.8985
440510,1.5000,0.8969
441010,1.5000,0.9001
441510,1.5000,0.9001
442010,1.5000,0.8937
442510,1.5000,0.8953
443010,1.5000,0.8921
443510,1.5000,0.8913
444010,1.5000,0.8953
444510,1.5000,0.8921
445010,1.5000,0.9082
445510,1.5000,0.8985
446010,1.5000,0.8937
446510,1.5000,0.8969
447010,1.5000,0.8977
447510,1.5000,0.8824
448010,1.5000,0.8905
448510,1.5000,0.9114
449010,1.5000,0.8953
449510,1.5000,0.9001
450010,1.5000,0.9026
450510,1.5000,0.9010
451010,1.5000,0.9034
451510,1.5000,0.8961
452010,1.5000,0.8929
452510,1.5000,0.9034
453010,1.5000,0.9034
453510,1.5000,0.9074
454010,1.5000,0.8977
454510,1.5000,0.9050
455010,1.5000,0.9050
455510,1.5000,0.9034
456010,1.5000,0.9034
456510,1.5000,0.9010
457010,1.5000,0.9050
457510,1.5000,0.9050
458010,1.5000,0.9155
458510,1.5000,0.9010
459010,1.5000,0.8993
459510,1.5000,0.8985
460010,1.5000,0.9058
460510,1.5000,0.9034
461010,1.5000,0.9138
461510,1.5000,0.9010
462010,1.5000,0.9034
462510,1.5000,0.9130
463010,1.5000,0.9106
463510,1.5000,0.8985
464010,1.5000,0.9066
464510,1.5000,0.9034
465010,1.5000,0.9114
465510,1.5000,0.8776
466010,1.5000,0.9066
466510,1.5000,0.9034
467010,1.5000,0.9114
467510,1.5000,0.9155
468010,1.5000,0.8985
468510,1.5000,0.9001
469010,1.5000,0.8985
469510,1.5000,0.8953
470010,1.5000,0.9001
470510,1.5000,0.9018
471010,1.5000,0.9122
471510,1.5000,0.9195
472010,1.5000,0.9050
472510,1.5000,0.8864
473010,1.5000,0.9066
473510,1.5000,0.9050
474010,1.5000,0.9034
474510,1.5000,0.9163
475010,1.5000,0.9042
475510,1.5000,0.9034
476010,1.5000,0.9010
476510,1.5000,0.9018
477010,1.5000,0.9155
477510,1.5000,0.9138
478010,1.5000,0.9147
478510,1.5000,0.9106
479010,1.5000,0.8993
479510,1.5000,0.9010
480010,1.5000,0.9155
480510,1.5000,0.8905
481010,1.5000,0.9155
481510,1.5000,0.9042
482010,1.5000,0.9155
482510,1.5000,0.9138
483010,1.5000,0.9114
483510,1.5000,0.9026
484010,1.5000,0.9026
484510,1.5000,0.9066
485010,1.5000,0.9130
485510,1.5000,0.9114
486010,1.5000,0.9050
486510,1.5000,0.9122
487010,1.5000,0.8993
487510,1.5000,0.9066
488010,1.5000,0.9082
488510,1.5000,0.9195
489010,1.5000,0.9155
489510,1.5000,0.9155
490010,1.5000,0.9147
490510,1.5000,0.9155
491010,1.5000,0.9106
491510,1.5000,0.9171
492010,1.5000,0.9171
492510,1.5000,0.9098
493010,1.5000,0.9155
493510,1.5000,0.9082
494010,1.5000,0.9090
494510,1.5000,0.9155
495010,1.5000,0.9147
495510,1.5000,0.9179
496010,1.5000,0.9163
496510,1.5000,0.9155
497010,1.5000,0.9138
497510,1.5000,0.9251
498010,1.5000,0.9066
498510,1.5000,0.9138
499010,1.5000,0.9082
499510,1.5000,0.9082
500010,1.5000,0.9130
500510,1.5000,0.9114
501010,1.5000,0.9155
501510,1.5000,0.9114
502010,1.5000,0.9171
502510,1.5000,0.9147
503010,1.5000,0.9195
503510,1.5000,0.9010
504010,1.5000,0.9155
504510,1.5000,0.9195
505010,1.5000,0.9243
505510,1.5000,0.9114
506010,1.5000,0.9155
506510,1.5000,0.9179
507010,1.5000,0.9050
507510,1.5000,0.9227
508010,1.5000,0.9243
508510,1.5000,0.9130
509010,1.5000,0.9412
509510,1.5000,0.9155
510010,1.5000,0.9179
510510,1.5000,0.9155
511010,1.5000,0.9195
511510,1.5000,0.9203
512010,1.5000,0.9138
512510,1.5000,0.9147
513010,1.5000,0.9147
513510,1.5000,0.9001
514010,1.5000,0.9155
514510,1.5000,0.9203
515010,1.5000,0.9227
515510,1.5000,0.9122
516010,1.5000,0.9130
516510,1.5000,0.9138
517010,1.5000,0.9259
517510,1.5000,0.9195
518010,1.5000,0.9211
518510,1.5000,0.9356
519010,1.5000,0.9155
519510,1.5000,0.9179
520010,1.5000,0.9203
520510,1.5000,0.9412
521010,1.5000,0.9412
521510,1.5000,0.9275
522010,1.5000,0.9284
522510,1.5000,0.9235
523010,1.5000,0.9211
523510,1.5000,0.9171
524010,1.5000,0.9203
524510,1.5000,0.9251
525010,1.5000,0.9292
525510,1.5000,0.9251
526010,1.5000,0.9171
526510,1.5000,0.8961
527010,1.5000,0.9251
527510,1.5000,0.9155
528010,1.5000,0.9324
528510,1.5000,0.9267
529010,1.5000,0.9155
529510,1.5000,0.9292
530010,1.5000,0.9114
530510,1.5000,0.9388
531010,1.5000,0.9275
531510,1.5000,0.9300
532010,1.5000,0.9211
532510,1.5000,0.9300
533010,1.5000,0.9284
533510,1.5000,0.9227
534010,1.5000,0.9251
534510,1.5000,0.9308
535010,1.5000,0.9243
535510,1.5000,0.9243
536010,1.5000,0.9275
536510,1.5000,0.9284
537010,1.5000,0.9284
537510,1.5000,0.9163
538010,1.5000,0.9292
538510,1.5000,0.9211
539010,1.5000,0.9300
539510,1.5000,0.9259
540010,1.5000,0.9284
540510,1.5000,0.9284
541010,1.5000,0.9251
541510,1.5000,0.9259
542010,1.5000,0.9324
542510,1.5000,0.9243
543010,1.5000,0.9292
543510,1.5000,0.9259
544010,1.5000,0.9324
544510,1.5000,0.9340
545010,1.5000,0.9300
545510,1.5000,0.9284
546010,1.5000,0.9275
546510,1.5000,0.9284
547010,1.5000,0.9300
547510,1.5000,0.9243
548010,1.5000,0.9396
548510,1.5000,0.9243
549010,1.5000,0.9195
549510,1.5000,0.9179
550010,1.5000,0.9292
550510,1.5000,0.9211
551010,1.5000,0.9364
551510,1.5000,0.9429
552010,1.5000,0.9275
552510,1.5000,0.9300
553010,1.5000,0.9388
553510,1.5000,0.9211
554010,1.5000,0.9275
554510,1.5000,0.9284
555010,1.5000,0.9179
555510,1.5000,0.9227
556010,1.5000,0.9340
556510,1.5000,0.9308
557010,1.5000,0.9179
557510,1.5000,0.9332
558010,1.5000,0.9348
558510,1.5000,0.9332
559010,1.5000,0.9412
559510,1.5000,0.9163
560010,1.5000,0.9364
560510,1.5000,0.9284
561010,1.5000,0.9364
561510,1.5000,0.9275
562010,1.5000,0.9211
562510,1.5000,0.9316
563010,1.5000,0.9308
563510,1.5000,0.9404
564010,1.5000,0.9316
564510,1.5000,0.9364
565010,1.5000,0.9412
565510,1.5000,0.9324
566010,1.5000,0.9292
566510,1.5000,0.9340
567010,1.5000,0.9275
567510,1.5000,0.9421
568010,1.5000,0.9364
568510,1.5000,0.9412
569010,1.5000,0.9412
569510,1.5000,0.9300
570010,1.5000,0.9332
570510,1.5000,0.9404
571010,1.5000,0.9396
571510,1.5000,0.9284
572010,1.5000,0.9284
572510,1.5000,0.9316
573010,1.5000,0.9412
573510,1.5000,0.9300
574010,1.5000,0.9469
574510,1.5000,0.9332
575010,1.5000,0.9316
575510,1.5000,0.9284
576010,1.5000,0.9308
576510,1.5000,0.9340
577010,1.5000,0.9316
577510,1.5000,0.9308
578010,1.5000,0.9308
578510,1.5000,0.9211
579010,1.5000,0.9453
579510,1.5000,0.9396
580010,1.5000,0.9284
580510,1.5000,0.9211
581010,1.5000,0.9388
581510,1.5000,0.9404
582010,1.5000,0.9412
582510,1.5000,0.9461
583010,1.5000,0.9533
583510,1.5000,0.9340
584010,1.5000,0.9429
584510,1.5000,0.9388
585010,1.5000,0.9155
585510,1.5000,0.9388
586010,1.5000,0.9372
586510,1.5000,0.9404
587010,1.5000,0.9340
587510,1.5000,0.9211
588010,1.5000,0.9404
588510,1.5000,0.9388
589010,1.5000,0.9243
589510,1.5000,0.9493
590010,1.5000,0.9412
590510,1.5000,0.9380
591010,1.5000,0.9421
591510,1.5000,0.9372
592010,1.5000,0.9324
592510,1.5000,0.9421
593010,1.5000,0.9412
593510,1.5000,0.9469
594010,1.5000,0.9421
594510,1.5000,0.9421
595010,1.5000,0.9582
595510,1.5000,0.9388
596010,1.5000,0.9412
596510,1.5000,0.9380
597010,1.5000,0.9558
597510,1.5000,0.9308
598010,1.5000,0.9412
598510,1.5000,0.9412
599010,1.5000,0.9372
599510,1.5000,0.9356
600010,1.5000,0.9284
600510,1.5000,0.9493
601010,1.5000,0.9364
601510,1.5000,0.9284
602010,1.5000,0.9404
602510,1.5000,0.9437
603010,1.5000,0.9388
603510,1.5000,0.9332
604010,1.5000,0.9340
604510,1.5000,0.9412
605010,1.5000,0.9453
605510,1.5000,0.9453
606010,1.5000,0.9364
606510,1.5000,0.9485
607010,1.5000,0.9316
607510,1.5000,0.9340
608010,1.5000,0.9332
608510,1.5000,0.9412
609010,1.5000,0.9453
609510,1.5000,0.9412
610010,1.5000,0.9445
610510,1.5000,0.9404
611010,1.5000,0.9412
611510,1.5000,0.9533
612010,1.5000,0.9630
612510,1.5000,0.9356
613010,1.5000,0.9412
613510,1.5000,0.9517
614010,1.5000,0.9453
614510,1.5000,0.9437
615010,1.5000,0.9421
615510,1.5000,0.9437
616010,1.5000,0.9525
616510,1.5000,0.9509
617010,1.5000,0.9469
617510,1.5000,0.9533
618010,1.5000,0.9541
618510,1.5000,0.9509
619010,1.5000,0.9469
619510,1.5000,0.9509
620010,1.5000,0.9453
620510,1.5000,0.9453
621010,1.5000,0.9429
621510,1.5000,0.9437
622010,1.5000,0.9525
622510,1.5000,0.9445
623010,1.5000,0.9638
623510,1.5000,0.9412
624010,1.5000,0.9437
624510,1.5000,0.9461
625010,1.5000,0.9549
625510,1.5000,0.9590
626010,1.5000,0.9469
626510,1.5000,0.9590
627010,1.5000,0.9421
627510,1.5000,0.9598
628010,1.5000,0.9461
628510,1.5000,0.9517
629010,1.5000,0.9429
629510,1.5000,0.9453
630010,1.5000,0.9509
630510,1.5000,0.9372
631010,1.5000,0.9412
631510,1.5000,0.9558
632010,1.5000,0.9493
632510,1.5000,0.9412
633010,1.5000,0.9421
633510,1.5000,0.9453
634010,1.5000,0.9421
634510,1.5000,0.9429
635010,1.5000,0.9461
635510,1.5000,0.9380
636010,1.5000,0.9324
636510,1.5000,0.9453
637010,1.5000,0.9566
637510,1.5000,0.9662
638010,1.5000,0.9493
638510,1.5000,0.9412
639010,1.5000,0.9598
639510,1.5000,0.9501
640010,1.5000,0.9412
640510,1.5000,0.9453
641010,1.5000,0.9372
641510,1.5000,0.9590
642010,1.5000,0.9549
642510,1.5000,0.9533
643010,1.5000,0.9469
643510,1.5000,0.9501
644010,1.5000,0.9493
644510,1.5000,0.9517
645010,1.5000,0.9582
645510,1.5000,0.9525
646010,1.5000,0.9533
646510,1.5000,0.9566
647010,1.5000,0.9541
647510,1.5000,0.9630
648010,1.5000,0.9469
648510,1.5000,0.9445
649010,1.5000,0.9453
649510,1.5000,0.9517
650010,1.5000,0.9582
650510,1.5000,0.9533
651010,1.5000,0.9541
651510,1.5000,0.9501
652010,1.5000,0.9541
652510,1.5000,0.9517
653010,1.5000,0.9614
653510,1.5000,0.9590
654010,1.5000,0.9421
654510,1.5000,0.9485
655010,1.5000,0.9275
655510,1.5000,0.9453
656010,1.5000,0.9582
656510,1.5000,0.9590
657010,1.5000,0.9622
657510,1.5000,0.9541
658010,1.5000,0.9598
658510,1.5000,0.9445
659010,1.5000,0.9364
659510,1.5000,0.9590
660010,1.5000,0.9461
660510,1.5000,0.9566
661010,1.5000,0.9582
661510,1.5000,0.9469
662010,1.5000,0.9912
662510,1.5000,0.9517
663010,1.5000,0.9541
663510,1.5000,0.9549
664010,1.5000,0.9654
664510,1.5000,0.9469
665010,1.5000,0.9533
665510,1.5000,0.9549
666010,1.5000,0.9549
666510,1.5000,0.9622
667010,1.5000,0.9533
667510,1.5000,0.9509
668010,1.5000,0.9485
668510,1.5000,0.9614
669010,1.5000,0.9437
669510,1.5000,0.9525
670010,1.5000,0.9541
670510,1.5000,0.9469
671010,1.5000,0.9549
671510,1.5000,0.9719
672010,1.5000,0.9533
672510,1.5000,0.9533
673010,1.5000,0.9582
673510,1.5000,0.9453
674010,1.5000,0.9566
674510,1.5000,0.9541
675010,1.5000,0.9533
675510,1.5000,0.9590
676010,1.5000,0.9566
676510,1.5000,0.9453
677010,1.5000,0.9670
677510,1.5000,0.9582
678010,1.5000,0.9541
678510,1.5000,0.9404
679010,1.5000,0.9533
679510,1.5000,0.9598
680010,1.5000,0.9566
680510,1.5000,0.9582
681010,1.5000,0.9574
681510,1.5000,0.9582
682010,1.5000,0.9582
682510,1.5000,0.9558
683010,1.5000,0.9695
683510,1.5000,0.9549
684010,1.5000,0.9509
684510,1.5000,0.9517
685010,1.5000,0.9614
685510,1.5000,0.9582
686010,1.5000,0.9590
686510,1.5000,0.9630
687010,1.5000,0.9654
687510,1.5000,0.9614
688010,1.5000,0.9437
688510,1.5000,0.9582
689010,1.5000,0.9525
689510,1.5000,0.9509
690010,1.5000,0.9574
690510,1.5000,0.9590
691010,1.5000,0.9614
691510,1.5000,0.9711
692010,1.5000,0.9590
692510,1.5000,0.9501
693010,1.5000,0.9654
693510,1.5000,0.9590
694010,1.5000,0.9429
694510,1.5000,0.9501
695010,1.5000,0.9469
695510,1.5000,0.9558
696010,1.5000,0.9654
696510,1.5000,0.9654
697010,1.5000,0.9517
697510,1.5000,0.9292
698010,1.5000,0.9654
698510,1.5000,0.9582
699010,1.5000,0.9501
699510,1.5000,0.9630
700010,1.5000,0.9598
700510,1.5000,0.9654
701010,1.5000,0.9654
701510,1.5000,0.9501
702010,1.5000,0.9412
702510,1.5000,0.9533
703010,1.5000,0.9412
703510,1.5000,0.9558
704010,1.5000,0.9533
704510,1.5000,0.9670
705010,1.5000,0.9670
705510,1.5000,0.9670
706010,1.5000,0.9541
706510,1.5000,0.9727
707010,1.5000,0.9759
707510,1.5000,0.9670
708010,1.5000,0.9670
708510,1.5000,0.9614
709010,1.5000,0.9678
709510,1.5000,0.9727
710010,1.5000,0.9678
710510,1.5000,1.0170
711010,1.5000,0.9695
711510,1.5000,0.9775
712010,1.5000,0.9711
712510,1.5000,0.9678
713010,1.5000,0.9799
713510,1.5000,0.9678
714010,1.5000,0.9678
714510,1.5000,0.9775
715010,1.5000,0.9662
715510,1.5000,0.9670
716010,1.5000,0.9670
716510,1.5000,0.9727
717010,1.5000,0.9654
717510,1.5000,0.9638
718010,1.5000,0.9670
718510,1.5000,0.9646
719010,1.5000,0.9759
719510,1.5000,0.9670
720010,1.5000,0.9614
720510,1.5000,0.9678
721010,1.5000,0.9686
721510,1.5000,0.9670
722010,1.5000,0.9727
722510,1.5000,0.9654
723010,1.5000,0.9678
723510,1.5000,0.9566
724010,1.5000,0.9670
724510,1.5000,0.9711
725010,1.5000,0.9630
725510,1.5000,0.9670
726010,1.5000,0.9646
726510,1.5000,0.9517
727010,1.5000,0.9719
727510,1.5000,0.9485
728010,1.5000,0.9670
728510,1.5000,0.9203
729010,1.5000,0.9807
729510,1.5000,0.9662
730010,1.5000,0.9670
730510,1.5000,0.9695
731010,1.5000,0.9558
731510,1.5000,0.9815
732010,1.5000,0.9727
732510,1.5000,0.9670
733010,1.5000,0.9695
733510,1.5000,0.9662
734010,1.5000,0.9646
734510,1.5000,0.9678
735010,1.5000,0.9670
735510,1.5000,0.9670
736010,1.5000,0.9840
736510,1.5000,0.9670
737010,1.5000,0.9711
737510,1.5000,0.9711
738010,1.5000,0.9598
738510,1.5000,0.9791
739010,1.5000,0.9566
739510,1.5000,0.9622
740010,1.5000,0.9695
740510,1.5000,0.9759
741010,1.5000,0.9670
741510,1.5000,0.9711
742010,1.5000,0.9678
742510,1.5000,0.9686
743010,1.5000,0.9670
743510,1.5000,0.9735
744010,1.5000,0.9654
744510,1.5000,0.9751
745010,1.5000,0.9703
745510,1.5000,0.9630
746010,1.5000,0.9727
746510,1.5000,0.9695
747010,1.5000,0.9719
747510,1.5000,0.9711
748010,1.5000,0.9678
748510,1.5000,0.9654
749010,1.5000,0.9566
749510,1.5000,0.9678
750010,1.5000,0.9743
750510,1.5000,0.9759
751010,1.5000,0.9775
751510,1.5000,0.9896
752010,1.5000,0.9719
752510,1.5000,0.9662
753010,1.5000,0.9783
753510,1.5000,0.9670
754010,1.5000,0.9823
754510,1.5000,0.9670
755010,1.5000,0.9662
755510,1.5000,0.9686
756010,1.5000,0.9686
756510,1.5000,0.9791
757010,1.5000,0.9767
757510,1.5000,0.9678
758010,1.5000,0.9807
758510,1.5000,0.9799
759010,1.5000,0.9703
759510,1.5000,0.9670
760010,1.5000,0.9670
760510,1.5000,0.9686
761010,1.5000,0.9759
761510,1.5000,0.9686
762010,1.5000,0.9695
762510,1.5000,0.9743
763010,1.5000,0.9727
763510,1.5000,0.9695
764010,1.5000,0.9775
764510,1.5000,0.9791
765010,1.5000,0.9759
765510,1.5000,0.9598
766010,1.5000,0.9799
766510,1.5000,0.9856
767010,1.5000,0.9799
767510,1.5000,0.9791
768010,1.5000,0.9686
768510,1.5000,0.9670
769010,1.5000,0.9751
769510,1.5000,0.9775
770010,1.5000,0.9759
770510,1.5000,0.9630
771010,1.5000,0.9767
771510,1.5000,0.9783
772010,1.5000,0.9783
772510,1.5000,0.9630
773010,1.5000,0.9807
773510,1.5000,0.9791
774010,1.5000,0.9727
774510,1.5000,0.9719
775010,1.5000,0.9791
775510,1.5000,0.9791
776010,1.5000,0.9775
776510,1.5000,0.9791
777010,1.5000,0.9823
777510,1.5000,0.9840
778010,1.5000,0.9759
778510,1.5000,0.9662
779010,1.5000,0.9727
779510,1.5000,0.9823
780010,1.5000,0.9775
780510,1.5000,0.9880
781010,1.5000,0.9799
781510,1.5000,0.9920
782010,1.5000,0.9791
782510,1.5000,0.9904
783010,1.5000,0.9848
783510,1.5000,0.9727
784010,1.5000,0.9791
784510,1.5000,0.9630
785010,1.5000,0.9598
785510,1.5000,0.9815
786010,1.5000,0.9751
786510,1.5000,0.9872
787010,1.5000,0.9727
787510,1.5000,0.9767
788010,1.5000,0.9832
788510,1.5000,0.9807
789010,1.5000,0.9775
789510,1.5000,0.9840
790010,1.5000,1.0049
790510,1.5000,0.9775
791010,1.5000,0.9743
791510,1.5000,0.9840
792010,1.5000,0.9670
792510,1.5000,0.9872
793010,1.5000,0.9840
793510,1.5000,0.9791
794010,1.5000,0.9711
794510,1.5000,0.9791
795010,1.5000,0.9799
795510,1.5000,0.9711
796010,1.5000,0.9727
796510,1.5000,0.9783
797010,1.5000,0.9695
797510,1.5000,0.9719
798010,1.5000,0.9832
798510,1.5000,0.9815
799010,1.5000,0.9727
799510,1.5000,0.9743
800010,1.5000,0.9751
800510,1.5000,0.9823
801010,1.5000,0.9759
801510,1.5000,0.9920
802010,1.5000,0.9759
802510,1.5000,0.9840
803010,1.5000,0.9856
803510,1.5000,0.9888
804010,1.5000,0.9960
804510,1.5000,0.9686
805010,1.5000,0.9727
805510,1.5000,0.9840
806010,1.5000,0.9815
806510,1.5000,0.9686
807010,1.5000,0.9848
807510,1.5000,0.9807
808010,1.5000,0.9759
808510,1.5000,0.9678
809010,1.5000,0.9775
809510,1.5000,0.9759
810010,1.5000,0.9815
810510,1.5000,0.9952
811010,1.5000,0.9815
811510,1.5000,0.9775
812010,1.5000,0.9832
812510,1.5000,0.9912
813010,1.5000,0.9928
813510,1.5000,0.9719
814010,1.5000,0.9767
814510,1.5000,0.9783
815010,1.5000,0.9598
815510,1.5000,0.9848
816010,1.5000,0.9815
816510,1.5000,0.9807
817010,1.5000,0.9840
817510,1.5000,0.9799
818010,1.5000,0.9807
818510,1.5000,0.9775
819010,1.5000,0.9872
819510,1.5000,0.9775
820010,1.5000,0.9791
820510,1.5000,0.9686
821010,1.5000,0.9453
821510,1.5000,0.9743
822010,1.5000,0.9856
822510,1.5000,0.9799
823010,1.5000,0.9928
823510,1.5000,0.9759
824010,1.5000,0.9912
824510,1.5000,0.9880
825010,1.5000,0.9880
825510,1.5000,0.9848
826010,1.5000,0.9872
826510,1.5000,0.9823
827010,1.5000,0.9856
827510,1.5000,0.9856
828010,1.5000,0.9815
828510,1.5000,0.9856
829010,1.5000,0.9888
829510,1.5000,0.9912
830010,1.5000,0.9912
830510,1.5000,0.9823
831010,1.5000,0.9872
831510,1.5000,0.9823
832010,1.5000,0.9912
832510,1.5000,0.9832
833010,1.5000,0.9928
833510,1.5000,0.9912
834010,1.5000,0.9904
834510,1.5000,0.9840
835010,1.5000,0.9759
835510,1.5000,0.9896
836010,1.5000,0.9864
836510,1.5000,0.9856
837010,1.5000,0.9775
837510,1.5000,0.9832
838010,1.5000,0.9928
838510,1.5000,0.9799
839010,1.5000,0.9848
839510,1.5000,0.9928
840010,1.5000,0.9904
840510,1.5000,0.9896
841010,1.5000,0.9823
841510,1.5000,0.9928
842010,1.5000,0.9888
842510,1.5000,0.9791
843010,1.5000,0.9864
843510,1.5000,0.9767
844010,1.5000,0.9670
844510,1.5000,0.9832
845010,1.5000,0.9928
845510,1.5000,1.0186
846010,1.5000,0.9928
846510,1.5000,0.9856
847010,1.5000,0.9872
847510,1.5000,0.9928
848010,1.5000,0.9904
848510,1.5000,0.9848
849010,1.5000,1.0017
849510,1.5000,0.9904
850010,1.5000,0.9823
850510,1.5000,0.9880
851010,1.5000,0.9727
851510,1.5000,0.9928
852010,1.5000,0.9799
852510,1.5000,0.9936
853010,1.5000,1.0033
853510,1.5000,0.9920
854010,1.5000,0.9977
854510,1.5000,0.9888
855010,1.5000,0.9896
855510,1.5000,1.0259
856010,1.5000,1.0089
856510,1.5000,0.9952
857010,1.5000,0.9936
857510,1.5000,0.9928
858010,1.5000,0.9936
858510,1.5000,0.9880
859010,1.5000,0.9864
859510,1.5000,1.0097
860010,1.5000,0.9840
860510,1.5000,0.9928
861010,1.5000,0.9928
861510,1.5000,0.9920
862010,1.5000,0.9928
862510,1.5000,0.9936
863010,1.5000,0.9920
863510,1.5000,0.9928
864010,1.5000,0.9952
864510,1.5000,0.9872
865010,1.5000,0.9920
865510,1.5000,0.9888
866010,1.5000,0.9928
866510,1.5000,0.9936
867010,1.5000,0.9960
867510,1.5000,0.9888
868010,1.5000,0.9904
868510,1.5000,0.9904
869010,1.5000,0.9936
869510,1.5000,0.9896
870010,1.5000,0.9977
870510,1.5000,0.9880
871010,1.5000,0.9856
871510,1.5000,0.9936
872010,1.5000,0.9993
872510,1.5000,0.9807
873010,1.5000,0.9968
873510,1.5000,1.0009
874010,1.5000,0.9928
874510,1.5000,0.9985
875010,1.5000,0.9856
875510,1.5000,1.0363
876010,1.5000,1.0114
876510,1.5000,0.9968
877010,1.5000,0.9985
877510,1.5000,0.9912
878010,1.5000,0.9928
878510,1.5000,0.9960
879010,1.5000,0.9904
879510,1.5000,0.9985
880010,1.5000,0.9856
880510,1.5000,0.9968
881010,1.5000,0.9920
881510,1.5000,0.9944
882010,1.5000,0.9960
882510,1.5000,0.9928
883010,1.5000,0.9662
883510,1.5000,0.9936
884010,1.5000,0.9912
884510,1.5000,0.9985
885010,1.5000,0.9856
885510,1.5000,0.9928
886010,1.5000,0.9977
886510,1.5000,0.9928
887010,1.5000,1.0033
887510,1.5000,0.9880
888010,1.5000,0.9952
888510,1.5000,0.9815
889010,1.5000,0.9985
889510,1.5000,1.0009
890010,1.5000,1.0186
890510,1.5000,1.0017
891010,1.5000,1.0049
891510,1.5000,0.9936
892010,1.5000,0.9759
892510,1.5000,0.9912
893010,1.5000,1.0049
893510,1.5000,0.9968
894010,1.5000,0.9936
894510,1.5000,0.9928
895010,1.5000,0.9823
895510,1.5000,0.9936
896010,1.5000,1.0009
896510,1.5000,0.9944
897010,1.5000,0.9985
897510,1.5000,0.9904
898010,1.5000,0.9985
898510,1.5000,0.9968
899010,1.5000,0.9928
899510,1.5000,0.9928
900010,1.5000,1.0138
900510,1.5000,1.0017
901010,1.5000,0.9968
901510,1.5000,0.9968
902010,1.5000,1.0009
902510,1.5000,0.9977
903010,1.5000,1.0009
903510,1.5000,1.0009
904010,1.5000,1.0009
904510,1.5000,0.9823
905010,1.5000,1.0049
905510,1.5000,1.0025
906010,1.5000,0.9985
906510,1.5000,0.9944
907010,1.5000,0.9977
907510,1.5000,0.9985
908010,1.5000,1.0033
908510,1.5000,1.0073
909010,1.5000,0.9977
909510,1.5000,0.9977
910010,1.5000,0.9985
910510,1.5000,0.9920
911010,1.5000,0.9985
911510,1.5000,1.0009
912010,1.5000,0.9968
912510,1.5000,1.0033
913010,1.5000,0.9985
913510,1.5000,0.9864
914010,1.5000,0.9985
914510,1.5000,1.0105
915010,1.5000,1.0065
915510,1.5000,1.0033
916010,1.5000,0.9944
916510,1.5000,1.0065
917010,1.5000,1.0065
917510,1.5000,1.0025
918010,1.5000,1.0033
918510,1.5000,0.9968
919010,1.5000,1.0017
919510,1.5000,0.9856
920010,1.5000,0.9823
920510,1.5000,1.0065
921010,1.5000,0.9936
921510,1.5000,1.0097
922010,1.5000,0.9952
922510,1.5000,0.9912
923010,1.5000,0.9936
923510,1.5000,0.9904
924010,1.5000,1.0097
924510,1.5000,0.9968
925010,1.5000,0.9960
925510,1.5000,1.0162
926010,1.5000,1.0089
926510,1.5000,0.9968
927010,1.5000,1.0049
927510,1.5000,0.9985
928010,1.5000,1.0017
928510,1.5000,0.9977
929010,1.5000,1.0081
929510,1.5000,0.9928
930010,1.5000,1.0114
930510,1.5000,1.0033
931010,1.5000,1.0057
931510,1.5000,0.9977
932010,1.5000,0.9928
932510,1.5000,0.9977
933010,1.5000,1.0025
933510,1.5000,1.0041
934010,1.5000,1.0001
934510,1.5000,0.9985
935010,1.5000,0.9944
935510,1.5000,0.9952
936010,1.5000,1.0049
936510,1.5000,1.0162
937010,1.5000,1.0025
937510,1.5000,1.0081
938010,1.5000,0.9928
938510,1.5000,1.0041
939010,1.5000,1.0001
939510,1.5000,1.0170
940010,1.5000,1.0017
940510,1.5000,1.0033
941010,1.5000,1.0146
941510,1.5000,1.0073
942010,1.5000,1.0025
942510,1.5000,1.0017
943010,1.5000,1.0089
943510,1.5000,0.9977
944010,1.5000,0.9944
944510,1.5000,1.0017
945010,1.5000,1.0146
945510,1.5000,1.0178
946010,1.5000,1.0049
946510,1.5000,1.0081
947010,1.5000,1.0025
947510,1.5000,0.9928
948010,1.5000,1.0081
948510,1.5000,0.9985
949010,1.5000,1.0089
949510,1.5000,1.0065
950010,1.5000,1.0105
950510,1.5000,1.0114
951010,1.5000,1.0105
951510,1.5000,1.0081
952010,1.5000,1.0186
952510,1.5000,1.0146
953010,1.5000,1.0017
953510,1.5000,1.0162
954010,1.5000,1.0202
954510,1.5000,1.0057
955010,1.5000,1.0089
955510,1.5000,1.0130
956010,1.5000,1.0073
956510,1.5000,1.0057
957010,1.5000,1.0073
957510,1.5000,1.0065
958010,1.5000,1.0154
958510,1.5000,1.0154
959010,1.5000,1.0162
959510,1.5000,1.0081
960010,1.5000,1.0146
960510,1.5000,1.0049
961010,1.5000,1.0065
961510,1.5000,0.9985
962010,1.5000,1.0073
962510,1.5000,1.0073
963010,1.5000,1.0138
963510,1.5000,1.0057
964010,1.5000,1.0114
964510,1.5000,0.9985
965010,1.5000,1.0097
965510,1.5000,1.0065
966010,1.5000,1.0049
966510,1.5000,1.0097
967010,1.5000,1.0114
967510,1.5000,1.0170
968010,1.5000,1.0097
968510,1.5000,1.0057
969010,1.5000,1.0073
969510,1.5000,0.9985
970010,1.5000,1.0186
970510,1.5000,1.0081
971010,1.5000,1.0081
971510,1.5000,1.0049
972010,1.5000,1.0025
972510,1.5000,0.9928
973010,1.5000,1.0049
973510,1.5000,1.0065
974010,1.5000,1.0170
974510,1.5000,1.0291
975010,1.5000,1.0138
975510,1.5000,1.0065
976010,1.5000,1.0130
976510,1.5000,1.0033
977010,1.5000,1.0089
977510,1.5000,1.0170
978010,1.5000,1.0162
978510,1.5000,1.0057
979010,1.5000,1.0210
979510,1.5000,1.0202
980010,1.5000,1.0162
980510,1.5000,1.0186
981010,1.5000,1.0025
981510,1.5000,1.0146
982010,1.5000,1.0017
982510,1.5000,1.0081
983010,1.5000,1.0114
983510,1.5000,1.0130
984010,1.5000,1.0025
984510,1.5000,1.0130
985010,1.5000,1.0114
985510,1.5000,1.0114
986010,1.5000,1.0065
986510,1.5000,1.0057
987010,1.5000,1.0025
987510,1.5000,1.0251
988010,1.5000,1.0065
988510,1.5000,1.0017
989010,1.5000,1.0178
989510,1.5000,1.0162
990010,1.5000,1.0162
990510,1.5000,1.0081
991010,1.5000,1.0025
991510,1.5000,1.0097
992010,1.5000,1.0226
992510,1.5000,0.9904
993010,1.5000,1.0146
993510,1.5000,1.0202
994010,1.5000,1.0202
994510,1.5000,1.0081
995010,1.5000,1.0162
995510,1.5000,1.0162
996010,1.5000,1.0170
996510,1.5000,1.0057
997010,1.5000,1.0097
997510,1.5000,1.0041
998010,1.5000,1.0081
998510,1.5000,1.0057
999010,1.5000,1.0178
999510,1.5000,1.0114
1000010,1.5000,1.0114
1000510,1.5000,1.0130
1001010,1.5000,1.0105
1001510,1.5000,1.0146
1002010,1.5000,1.0194
1002510,1.5000,1.0081
1003010,1.5000,0.9977
1003510,1.5000,1.0065
1004010,1.5000,1.0331
1004510,1.5000,1.0130
1005010,1.5000,1.0081
1005510,1.5000,1.0226
1006010,1.5000,1.0146
1006510,1.5000,1.0162
1007010,1.5000,1.0114
1007510,1.5000,1.0170
1008010,1.5000,1.0105
1008510,1.5000,1.0186
1009010,1.5000,1.0033
1009510,1.5000,1.0017
1010010,1.5000,0.9928
1010510,1.5000,1.0097
1011010,1.5000,1.0146
1011510,1.5000,1.0226
1012010,1.5000,1.0194
1012510,1.5000,1.0170
1013010,1.5000,0.9968
1013510,1.5000,1.0186
1014010,1.5000,1.0130
1014510,1.5000,1.0242
1015010,1.5000,1.0170
1015510,1.5000,1.0186
1016010,1.5000,1.0170
1016510,1.5000,1.0081
1017010,1.5000,1.0146
1017510,1.5000,1.0226
1018010,1.5000,1.0186
1018510,1.5000,1.0186
1019010,1.5000,1.0275
1019510,1.5000,0.9944
1020010,1.5000,1.0122
1020510,1.5000,1.0226
1021010,1.5000,1.0097
1021510,1.5000,1.0186
1022010,1.5000,1.0234
1022510,1.5000,1.0009
1023010,1.5000,1.0267
1023510,1.5000,1.0105
1024010,1.5000,1.0146
1024510,1.5000,0.9985
1025010,1.5000,1.0178
1025510,1.5000,1.0146
1026010,1.5000,1.0154
1026510,1.5000,1.0234
1027010,1.5000,1.0105
1027510,1.5000,1.0146
1028010,1.5000,1.0186
1028510,1.5000,1.0202
1029010,1.5000,1.0162
1029510,1.5000,1.0218
1030010,1.5000,1.0170
1030510,1.5000,1.0194
1031010,1.5000,1.0162
1031510,1.5000,1.0404
1032010,1.5000,1.0347
1032510,1.5000,1.0259
1033010,1.5000,1.0186
1033510,1.5000,1.0242
1034010,1.5000,1.0226
1034510,1.5000,1.0186
1035010,1.5000,1.0154
1035510,1.5000,1.0202
1036010,1.5000,1.0114
1036510,1.5000,1.0114
1037010,1.5000,1.0162
1037510,1.5000,1.0130
1038010,1.5000,1.0210
1038510,1.5000,1.0186
1039010,1.5000,1.0162
1039510,1.5000,1.0210
1040010,1.5000,1.0138
1040510,1.5000,1.0114
1041010,1.5000,1.0178
1041510,1.5000,1.0186
1042010,1.5000,1.0146
1042510,1.5000,1.0251
1043010,1.5000,1.0178
1043510,1.5000,1.0210
1044010,1.5000,1.0242
1044510,1.5000,1.0202
1045010,1.5000,1.0170
1045510,1.5000,1.0081
1046010,1.5000,1.0138
1046510,1.5000,1.0162
1047010,1.5000,1.0186
1047510,1.5000,1.0186
1048010,1.5000,1.0154
1048510,1.5000,1.0162
1049010,1.5000,1.0186
1049510,1.5000,1.0186
1050010,1.5000,1.0186
1050510,1.5000,1.0162
1051010,1.5000,1.0194
1051510,1.5000,1.0186
1052010,1.5000,1.0081
1052510,1.5000,1.0170
1053010,1.5000,1.0186
1053510,1.5000,1.0178
1054010,1.5000,1.0210
1054510,1.5000,1.0170
1055010,1.5000,1.0170
1055510,1.5000,1.0081
1056010,1.5000,1.0186
1056510,1.5000,1.0178
1057010,1.5000,1.0210
1057510,1.5000,1.0259
1058010,1.5000,1.0275
1058510,1.5000,1.0041
1059010,1.5000,1.0267
1059510,1.5000,1.0194
1060010,1.5000,1.0186
1060510,1.5000,1.0178
1061010,1.5000,1.0242
1061510,1.5000,1.0154
1062010,1.5000,1.0218
1062510,1.5000,1.0234
1063010,1.5000,1.0226
1063510,1.5000,1.0218
1064010,1.5000,1.0194
1064510,1.5000,1.0242
1065010,1.5000,1.0186
1065510,1.5000,1.0210
1066010,1.5000,1.0186
1066510,1.5000,1.0178
1067010,1.5000,1.0186
1067510,1.5000,1.0186
1068010,1.5000,1.0831
1068510,1.5000,1.0178
1069010,1.5000,1.0186
1069510,1.5000,1.0194
1070010,1.5000,1.0234
1070510,1.5000,1.0186
1071010,1.5000,1.0186
1071510,1.5000,1.0283
1072010,1.5000,1.0146
1072510,1.5000,1.0186
1073010,1.5000,1.0323
1073510,1.5000,1.0202
1074010,1.5000,1.0307
1074510,1.5000,1.0210
1075010,1.5000,1.0186
1075510,1.5000,1.0170
1076010,1.5000,1.0291
1076510,1.5000,1.0396
1077010,1.5000,1.0202
1077510,1.5000,1.0234
1078010,1.5000,1.0234
1078510,1.5000,1.0315
1079010,1.5000,1.0323
1079510,1.5000,1.0194
1080010,1.5000,1.0186
1080510,1.5000,1.0194
1081010,1.5000,1.0226
1081510,1.5000,1.0186
1082010,1.5000,1.0234
1082510,1.5000,1.0226
1083010,1.5000,1.0396
1083510,1.5000,1.0315
1084010,1.5000,1.0234
1084510,1.5000,1.0275
1085010,1.5000,1.0202
1085510,1.5000,1.0210
1086010,1.5000,1.0242
1086510,1.5000,1.0242
1087010,1.5000,1.0259
1087510,1.5000,1.0186
1088010,1.5000,0.9719
1088510,1.5000,1.0299
1089010,1.5000,1.0267
1089510,1.5000,1.0146
1090010,1.5000,1.0307
1090510,1.5000,1.0194
1091010,1.5000,1.0259
1091510,1.5000,1.0186
1092010,1.5000,1.0267
1092510,1.5000,1.0194
1093010,1.5000,1.0162
1093510,1.5000,1.0234
1094010,1.5000,1.0299
1094510,1.5000,1.0267
1095010,1.5000,1.0194
1095510,1.5000,1.0226
1096010,1.5000,1.0226
1096510,1.5000,1.0436
1097010,1.5000,1.0267
1097510,1.5000,1.0371
1098010,1.5000,1.0186
1098510,1.5000,1.0267
1099010,1.5000,1.0315
1099510,1.5000,1.0259
1100010,1.5000,1.0315
1100510,1.5000,1.0259
1101010,1.5000,1.0275
1101510,1.5000,1.0210
1102010,1.5000,1.0242
1102510,1.5000,1.0307
1103010,1.5000,1.0259
1103510,1.5000,1.0242
1104010,1.5000,1.0178
1104510,1.5000,1.0194
1105010,1.5000,1.0307
1105510,1.5000,1.0307
1106010,1.5000,1.0194
1106510,1.5000,1.0202
1107010,1.5000,1.0226
1107510,1.5000,1.0210
1108010,1.5000,1.0242
1108510,1.5000,1.0291
1109010,1.5000,1.0259
1109510,1.5000,1.0299
1110010,1.5000,1.0307
1110510,1.5000,1.0186
1111010,1.5000,1.0226
1111510,1.5000,1.0267
1112010,1.5000,1.0275
1112510,1.5000,1.0468
1113010,1.5000,1.0331
1113510,1.5000,1.0307
1114010,1.5000,1.0267
1114510,1.5000,1.0194
1115010,1.5000,1.0299
1115510,1.5000,1.0307
1116010,1.5000,1.0234
1116510,1.5000,1.0105
1117010,1.5000,1.0307
1117510,1.5000,1.0267
1118010,1.5000,1.0210
1118510,1.5000,1.0307
1119010,1.5000,1.0251
1119510,1.5000,1.0315
1120010,1.5000,1.0307
1120510,1.5000,1.0194
1121010,1.5000,1.0315
1121510,1.5000,1.0259
1122010,1.5000,1.0178
1122510,1.5000,1.0299
1123010,1.5000,1.0226
1123510,1.5000,1.0299
1124010,1.5000,1.0267
1124510,1.5000,1.0226
1125010,1.5000,1.0702
1125510,1.5000,1.0291
1126010,1.5000,1.0259
1126510,1.5000,1.0339
1127010,1.5000,1.0355
1127510,1.5000,1.0476
1128010,1.5000,1.0307
1128510,1.5000,1.0307
1129010,1.5000,1.0186
1129510,1.5000,1.0323
1130010,1.5000,1.0315
1130510,1.5000,1.0275
1131010,1.5000,1.0283
1131510,1.5000,1.0307
1132010,1.5000,1.0275
1132510,1.5000,1.0291
1133010,1.5000,1.0267
1133510,1.5000,1.0315
1134010,1.5000,1.0323
1134510,1.5000,1.0267
1135010,1.5000,1.0275
1135510,1.5000,1.0210
1136010,1.5000,1.0307
1136510,1.5000,1.0396
1137010,1.5000,1.0275
1137510,1.5000,1.0315
1138010,1.5000,1.0315
1138510,1.5000,1.0339
1139010,1.5000,1.0307
1139510,1.5000,1.0307
1140010,1.5000,1.0291
1140510,1.5000,1.0291
1141010,1.5000,1.0436
1141510,1.5000,1.0355
1142010,1.5000,1.0492
1142510,1.5000,1.0186
1143010,1.5000,1.0315
1143510,1.5000,1.0283
1144010,1.5000,1.0331
1144510,1.5000,1.0371
1145010,1.5000,1.0412
1145510,1.5000,1.0331
1146010,1.5000,1.0363
1146510,1.5000,1.0242
1147010,1.5000,1.0436
1147510,1.5000,1.0259
1148010,1.5000,1.0404
1148510,1.5000,1.0267
1149010,1.5000,1.0299
1149510,1.5000,1.0404
1150010,1.5000,1.0323
1150510,1.5000,1.0291
1151010,1.5000,1.0267
1151510,1.5000,1.0315
1152010,1.5000,1.0202
1152510,1.5000,1.0404
1153010,1.5000,1.0339
1153510,1.5000,1.0355
1154010,1.5000,1.0339
1154510,1.5000,1.0347
1155010,1.5000,1.0355
1155510,1.5000,1.0315
1156010,1.5000,1.0315
1156510,1.5000,1.0396
1157010,1.5000,1.0267
1157510,1.5000,1.0267
1158010,1.5000,1.0299
1158510,1.5000,1.0307
1159010,1.5000,1.0371
1159510,1.5000,1.0323
1160010,1.5000,1.0436
1160510,1.5000,1.0242
1161010,1.5000,1.0339
1161510,1.5000,1.0218
1162010,1.5000,1.0307
1162510,1.5000,1.0291
1163010,1.5000,1.0331
1163510,1.5000,1.0404
1164010,1.5000,1.0355
1164510,1.5000,1.0170
1165010,1.5000,1.0460
1165510,1.5000,1.0468
1166010,1.5000,1.0339
1166510,1.5000,1.0331
1167010,1.5000,1.0315
1167510,1.5000,1.0331
1168010,1.5000,1.0396
1168510,1.5000,1.0412
1169010,1.5000,1.0371
1169510,1.5000,1.0388
1170010,1.5000,1.0404
1170510,1.5000,1.0283
1171010,1.5000,1.0307
1171510,1.5000,1.0339
1172010,1.5000,1.0629
1172510,1.5000,1.0323
1173010,1.5000,1.0033
1173510,1.5000,1.0323
1174010,1.5000,1.0347
1174510,1.5000,1.0355
1175010,1.5000,1.0315
1175510,1.5000,1.0371
1176010,1.5000,1.0315
1176510,1.5000,1.0428
1177010,1.5000,1.0339
1177510,1.5000,1.0355
1178010,1.5000,1.0323
1178510,1.5000,1.0347
1179010,1.5000,1.0355
1179510,1.5000,1.0436
1180010,1.5000,1.0307
1180510,1.5000,1.0307
1181010,1.5000,1.0267
1181510,1.5000,1.0363
1182010,1.5000,1.0379
1182510,1.5000,1.0444
1183010,1.5000,1.0234
1183510,1.5000,1.0331
1184010,1.5000,1.0371
1184510,1.5000,1.0420
1185010,1.5000,1.0436
1185510,1.5000,1.0371
1186010,1.5000,1.0363
1186510,1.5000,1.0339
1187010,1.5000,1.0307
1187510,1.5000,1.0444
1188010,1.5000,1.0355
1188510,1.5000,1.0396
1189010,1.5000,1.0226
1189510,1.5000,1.0331
1190010,1.5000,1.0259
1190510,1.5000,1.0355
1191010,1.5000,1.0557
1191510,1.5000,1.0379
1192010,1.5000,1.0412
1192510,1.5000,1.0436
1193010,1.5000,1.0686
1193510,1.5000,1.0500
1194010,1.5000,1.0371
1194510,1.5000,1.0468
1195010,1.5000,1.0371
1195510,1.5000,1.0404
1196010,1.5000,1.0396
1196510,1.5000,1.0371
1197010,1.5000,1.0396
1197510,1.5000,1.0363
1198010,1.5000,1.0275
1198510,1.5000,1.0444
1199010,1.5000,1.0371
1199510,1.5000,1.0315
1200010,1.5000,1.0347
1200510,1.5000,1.0436
1201010,1.5000,1.0444
1201510,1.5000,1.0379
1202010,1.5000,1.0460
1202510,1.5000,1.0323
1203010,1.5000,1.0339
1203510,1.5000,1.0404
1204010,1.5000,1.0371
1204510,1.5000,1.0420
1205010,1.5000,1.0371
1205510,1.5000,1.0339
1206010,1.5000,1.0355
1206510,1.5000,1.0444
1207010,1.5000,1.0404
1207510,1.5000,1.0444
1208010,1.5000,1.0323
1208510,1.5000,1.0307
1209010,1.5000,1.0404
1209510,1.5000,1.0331
1210010,1.5000,1.0404
1210510,1.5000,1.0404
1211010,1.5000,1.0347
1211510,1.5000,1.0323
1212010,1.5000,1.0500
1212510,1.5000,1.0371
1213010,1.5000,1.0234
1213510,1.5000,1.0468
1214010,1.5000,1.0436
1214510,1.5000,1.0371
1215010,1.5000,1.0420
1215510,1.5000,1.0331
1216010,1.5000,1.0428
1216510,1.5000,1.0363
1217010,1.5000,1.0331
1217510,1.5000,1.0444
1218010,1.5000,1.0347
1218510,1.5000,1.0412
1219010,1.5000,1.0484
1219510,1.5000,1.0307
1220010,1.5000,1.0323
1220510,1.5000,1.0379
1221010,1.5000,1.0412
1221510,1.5000,1.0452
1222010,1.5000,1.0331
1222510,1.5000,1.0420
1223010,1.5000,1.0444
1223510,1.5000,1.0323
1224010,1.5000,1.0452
1224510,1.5000,1.0444
1225010,1.5000,1.0339
1225510,1.5000,1.0331
1226010,1.5000,1.0444
1226510,1.5000,1.0460
1227010,1.5000,1.0428
1227510,1.5000,1.0186
1228010,1.5000,1.0444
1228510,1.5000,1.0452
1229010,1.5000,1.0355
1229510,1.5000,1.0436
1230010,1.5000,1.0436
1230510,1.5000,1.0404
1231010,1.5000,1.0339
1231510,1.5000,1.0444
1232010,1.5000,1.0436
1232510,1.5000,1.0371
1233010,1.5000,1.0533
1233510,1.5000,1.0396
1234010,1.5000,1.0355
1234510,1.5000,1.0484
1235010,1.5000,1.0549
1235510,1.5000,1.0226
1236010,1.5000,1.0484
1236510,1.5000,1.0404
1237010,1.5000,1.0388
1237510,1.5000,1.0371
1238010,1.5000,1.0444
1238510,1.5000,1.0323
1239010,1.5000,1.0371
1239510,1.5000,1.0315
1240010,1.5000,1.0420
1240510,1.5000,1.0436
1241010,1.5000,1.0460
1241510,1.5000,1.0452
1242010,1.5000,1.0452
1242510,1.5000,1.0444
1243010,1.5000,1.0420
1243510,1.5000,1.0388
1244010,1.5000,1.0460
1244510,1.5000,1.0460
1245010,1.5000,1.0468
1245510,1.5000,1.0492
1246010,1.5000,1.0444
1246510,1.5000,1.0549
1247010,1.5000,1.0444
1247510,1.5000,1.0420
1248010,1.5000,1.0460
1248510,1.5000,1.0436
1249010,1.5000,1.0484
1249510,1.5000,1.0444
1250010,1.5000,1.0460
1250510,1.5000,1.0484
1251010,1.5000,1.0476
1251510,1.5000,1.0468
1252010,1.5000,1.0339
1252510,1.5000,1.0388
1253010,1.5000,1.0468
1253510,1.5000,1.0339
1254010,1.5000,1.0444
1254510,1.5000,1.0404
1255010,1.5000,1.0436
1255510,1.5000,1.0420
1256010,1.5000,1.0412
1256510,1.5000,1.0468
1257010,1.5000,1.0516
1257510,1.5000,1.0428
1258010,1.5000,1.0420
1258510,1.5000,1.0420
1259010,1.5000,1.0436
1259510,1.5000,1.0404
1260010,1.5000,1.0420
1260510,1.5000,1.0444
1261010,1.5000,1.0436
1261510,1.5000,1.0371
1262010,1.5000,1.0436
1262510,1.5000,1.0444
1263010,1.5000,1.0525
1263510,1.5000,1.0460
1264010,1.5000,1.0436
1264510,1.5000,1.0436
1265010,1.5000,1.0339
1265510,1.5000,1.0452
1266010,1.5000,1.0444
1266510,1.5000,1.0525
1267010,1.5000,1.0565
1267510,1.5000,1.0686
1268010,1.5000,1.0428
1268510,1.5000,1.0388
1269010,1.5000,1.0049
1269510,1.5000,1.0492
1270010,1.5000,1.0484
1270510,1.5000,1.0565
1271010,1.5000,1.0452
1271510,1.5000,1.0573
1272010,1.5000,1.0597
1272510,1.5000,1.0428
1273010,1.5000,1.0444
1273510,1.5000,1.0476
1274010,1.5000,1.0323
1274510,1.5000,1.0484
1275010,1.5000,1.0484
1275510,1.5000,1.0500
1276010,1.5000,1.0460
1276510,1.5000,1.0355
1277010,1.5000,1.0468
1277510,1.5000,1.0492
1278010,1.5000,1.0516
1278510,1.5000,1.0484
1279010,1.5000,1.0476
1279510,1.5000,1.0436
1280010,1.5000,1.0460
1280510,1.5000,1.0460
1281010,1.5000,1.0355
1281510,1.5000,1.0525
1282010,1.5000,1.0500
1282510,1.5000,1.0500
1283010,1.5000,1.0500
1283510,1.5000,1.0460
1284010,1.5000,1.0525
1284510,1.5000,1.0444
1285010,1.5000,1.0484
1285510,1.5000,1.0234
1286010,1.5000,1.0476
1286510,1.5000,1.0468
1287010,1.5000,1.0557
1287510,1.5000,1.0460
1288010,1.5000,1.0484
1288510,1.5000,1.0500
1289010,1.5000,1.0484
1289510,1.5000,1.0597
1290010,1.5000,1.0500
1290510,1.5000,1.0525
1291010,1.5000,1.0444
1291510,1.5000,1.0444
1292010,1.5000,1.0444
1292510,1.5000,1.0452
1293010,1.5000,1.0492
1293510,1.5000,1.0452
1294010,1.5000,1.0492
1294510,1.5000,1.0589
1295010,1.5000,1.0484
1295510,1.5000,1.0500
1296010,1.5000,1.0533
1296510,1.5000,1.0492
1297010,1.5000,1.0557
1297510,1.5000,1.0557
1298010,1.5000,1.0589
1298510,1.5000,1.0452
1299010,1.5000,1.0549
1299510,1.5000,1.0565
1300010,1.5000,1.0525
1300510,1.5000,1.0492
1301010,1.5000,1.0492
1301510,1.5000,1.0452
1302010,1.5000,1.0621
1302510,1.5000,1.0597
1303010,1.5000,1.0452
1303510,1.5000,1.0460
1304010,1.5000,1.0363
1304510,1.5000,1.0444
1305010,1.5000,1.0444
1305510,1.5000,1.0516
1306010,1.5000,1.0460
1306510,1.5000,1.0492
1307010,1.5000,1.0444
1307510,1.5000,1.0339
1308010,1.5000,1.0436
1308510,1.5000,1.0500
1309010,1.5000,1.0516
1309510,1.5000,1.0516
1310010,1.5000,1.0549
1310510,1.5000,1.0597
1311010,1.5000,1.0525
1311510,1.5000,1.0371
1312010,1.5000,1.0500
1312510,1.5000,1.0557
1313010,1.5000,1.0549
1313510,1.5000,1.0597
1314010,1.5000,1.0525
1314510,1.5000,1.0597
1315010,1.5000,1.0428
1315510,1.5000,1.0452
1316010,1.5000,1.0444
1316510,1.5000,1.0492
1317010,1.5000,1.0492
1317510,1.5000,1.0500
1318010,1.5000,1.0581
1318510,1.5000,1.0533
1319010,1.5000,1.0565
1319510,1.5000,1.0444
1320010,1.5000,1.0541
1320510,1.5000,1.0516
1321010,1.5000,1.0460
1321510,1.5000,1.0444
1322010,1.5000,1.0533
1322510,1.5000,1.0468
1323010,1.5000,1.0525
1323510,1.5000,1.0500
1324010,1.5000,1.0573
1324510,1.5000,1.0452
1325010,1.5000,1.0492
1325510,1.5000,1.0549
1326010,1.5000,1.0500
1326510,1.5000,1.0565
1327010,1.5000,1.0533
1327510,1.5000,1.0484
1328010,1.5000,1.0541
1328510,1.5000,1.0533
1329010,1.5000,1.0476
1329510,1.5000,1.0468
1330010,1.5000,1.0484
1330510,1.5000,1.0581
1331010,1.5000,1.0605
1331510,1.5000,1.0355
1332010,1.5000,1.0589
1332510,1.5000,1.0645
1333010,1.5000,1.0613
1333510,1.5000,1.0444
1334010,1.5000,1.0653
1334510,1.5000,1.0549
1335010,1.5000,1.0484
1335510,1.5000,1.0533
1336010,1.5000,1.0500
1336510,1.5000,1.0347
1337010,1.5000,1.0525
1337510,1.5000,1.0444
1338010,1.5000,1.0581
1338510,1.5000,1.0500
1339010,1.5000,1.0420
1339510,1.5000,1.0605
1340010,1.5000,1.0492
1340510,1.5000,1.0613
1341010,1.5000,1.0404
1341510,1.5000,1.0621
1342010,1.5000,1.0581
1342510,1.5000,1.0629
1343010,1.5000,1.0428
1343510,1.5000,1.0565
1344010,1.5000,1.0388
1344510,1.5000,1.0581
1345010,1.5000,1.0484
1345510,1.5000,1.0500
1346010,1.5000,1.0565
1346510,1.5000,1.0702
1347010,1.5000,1.0589
1347510,1.5000,1.0557
1348010,1.5000,1.0621
1348510,1.5000,1.0573
1349010,1.5000,1.0275
1349510,1.5000,1.0557
1350010,1.5000,1.0629
1350510,1.5000,1.0428
1351010,1.5000,1.0492
1351510,1.5000,1.0565
1352010,1.5000,1.0589
1352510,1.5000,1.0557
1353010,1.5000,1.0492
1353510,1.5000,1.0484
1354010,1.5000,1.0428
1354510,1.5000,1.0557
1355010,1.5000,1.0549
1355510,1.5000,1.0549
1356010,1.5000,1.0605
1356510,1.5000,1.0492
1357010,1.5000,1.0452
1357510,1.5000,1.0444
1358010,1.5000,1.0533
1358510,1.5000,1.0500
1359010,1.5000,1.0565
1359510,1.5000,1.0549
1360010,1.5000,1.0694
1360510,1.5000,1.0436
1361010,1.5000,1.0484
1361510,1.5000,1.0573
1362010,1.5000,1.0541
1362510,1.5000,1.0573
1363010,1.5000,1.0533
1363510,1.5000,1.0516
1364010,1.5000,1.0492
1364510,1.5000,1.0662
1365010,1.5000,1.0452
1365510,1.5000,1.0565
1366010,1.5000,1.0525
1366510,1.5000,1.0613
1367010,1.5000,1.0525
1367510,1.5000,1.0533
1368010,1.5000,1.0492
1368510,1.5000,1.0581
1369010,1.5000,1.0549
1369510,1.5000,1.0662
1370010,1.5000,1.0484
1370510,1.5000,1.0557
1371010,1.5000,1.0549
1371510,1.5000,1.0565
1372010,1.5000,1.0533
1372510,1.5000,1.0597
1373010,1.5000,1.0525
1373510,1.5000,1.0573
1374010,1.5000,1.0516
1374510,1.5000,1.0597
1375010,1.5000,1.0605
1375510,1.5000,1.0516
1376010,1.5000,1.0613
1376510,1.5000,1.0460
1377010,1.5000,1.0468
1377510,1.5000,1.0565
1378010,1.5000,1.0734
1378510,1.5000,1.0702
1379010,1.5000,1.0581
1379510,1.5000,1.0525
1380010,1.5000,1.0533
1380510,1.5000,1.0629
1381010,1.5000,1.0581
1381510,1.5000,1.0573
1382010,1.5000,1.0533
1382510,1.5000,1.0613
1383010,1.5000,1.0492
1383510,1.5000,1.0444
1384010,1.5000,1.0702
1384510,1.5000,1.0694
1385010,1.5000,1.0597
1385510,1.5000,1.0516
1386010,1.5000,1.0484
1386510,1.5000,1.0670
1387010,1.5000,1.0589
1387510,1.5000,1.0678
1388010,1.5000,1.0581
1388510,1.5000,1.0581
1389010,1.5000,1.0597
1389510,1.5000,1.0436
1390010,1.5000,1.0678
1390510,1.5000,1.0533
1391010,1.5000,1.0589
1391510,1.5000,1.0613
1392010,1.5000,1.0557
1392510,1.5000,1.0597
1393010,1.5000,1.0492
1393510,1.5000,1.0549
1394010,1.5000,1.0605
1394510,1.5000,1.0549
1395010,1.5000,1.0565
1395510,1.5000,1.0541
1396010,1.5000,1.0662
1396510,1.5000,1.0589
1397010,1.5000,1.0678
1397510,1.5000,1.0936
1398010,1.5000,1.0307
1398510,1.5000,1.0613
1399010,1.5000,1.0662
1399510,1.5000,1.0597
1400010,1.5000,1.0573
1400510,1.5000,1.0484
1401010,1.5000,1.0541
1401510,1.5000,1.0613
1402010,1.5000,1.0573
1402510,1.5000,1.0613
1403010,1.5000,1.0533
1403510,1.5000,1.0621
1404010,1.5000,1.0565
1404510,1.5000,1.0694
1405010,1.5000,1.0525
1405510,1.5000,1.0629
1406010,1.5000,1.0613
1406510,1.5000,1.0581
1407010,1.5000,1.0702
1407510,1.5000,1.0573
1408010,1.5000,1.0613
1408510,1.5000,1.0589
1409010,1.5000,1.0557
1409510,1.5000,1.0613
1410010,1.5000,1.0718
1410510,1.5000,1.0597
1411010,1.5000,1.0549
1411510,1.5000,1.0662
1412010,1.5000,1.0662
1412510,1.5000,1.0484
1413010,1.5000,1.0710
1413510,1.5000,1.0484
1414010,1.5000,1.0637
1414510,1.5000,1.0653
1415010,1.5000,1.0557
1415510,1.5000,1.0581
1416010,1.5000,1.0484
1416510,1.5000,1.0662
1417010,1.5000,1.0621
1417510,1.5000,1.0589
1418010,1.5000,1.0702
1418510,1.5000,1.0557
1419010,1.5000,1.0500
1419510,1.5000,1.0613
1420010,1.5000,1.0662
1420510,1.5000,1.0444
1421010,1.5000,1.0597
1421510,1.5000,1.0613
1422010,1.5000,1.0573
1422510,1.5000,1.0670
1423010,1.5000,1.0662
1423510,1.5000,1.0549
1424010,1.5000,1.0645
1424510,1.5000,1.0629
1425010,1.5000,1.0557
1425510,1.5000,1.0597
1426010,1.5000,1.0589
1426510,1.5000,1.0766
1427010,1.5000,1.0500
1427510,1.5000,1.0597
1428010,1.5000,1.0726
1428510,1.5000,1.0549
1429010,1.5000,1.0621
1429510,1.5000,1.0662
1430010,1.5000,1.0605
1430510,1.5000,1.0621
1431010,1.5000,1.0581
1431510,1.5000,1.0662
1432010,1.5000,1.0653
1432510,1.5000,1.0653
1433010,1.5000,1.0597
1433510,1.5000,1.0678
1434010,1.5000,1.0710
1434510,1.5000,1.0613
1435010,1.5000,1.0629
1435510,1.5000,1.0702
1436010,1.5000,1.0718
1436510,1.5000,1.0533
1437010,1.5000,1.0629
1437510,1.5000,1.0702
1438010,1.5000,1.0613
1438510,1.5000,1.0605
1439010,1.5000,1.0686
1439510,1.5000,1.0702
1440010,1.5000,1.0686
1440510,1.5000,1.0605
1441010,1.5000,1.0597
1441510,1.5000,1.0694
1442010,1.5000,1.0670
1442510,1.5000,1.0662
1443010,1.5000,1.0500
1443510,1.5000,1.0694
1444010,1.5000,1.0678
1444510,1.5000,1.0653
1445010,1.5000,1.0645
1445510,1.5000,1.0645
1446010,1.5000,1.0702
1446510,1.5000,1.0516
1447010,1.5000,1.0742
1447510,1.5000,1.0613
1448010,1.5000,1.0613
1448510,1.5000,1.0589
1449010,1.5000,1.0678
1449510,1.5000,1.0597
1450010,1.5000,1.0653
1450510,1.5000,1.0645
1451010,1.5000,1.0678
1451510,1.5000,1.0702
1452010,1.5000,1.0686
1452510,1.5000,1.0589
1453010,1.5000,1.0645
1453510,1.5000,1.0686
1454010,1.5000,1.0621
1454510,1.5000,1.0694
1455010,1.5000,1.0629
1455510,1.5000,1.0702
1456010,1.5000,1.0734
1456510,1.5000,1.0541
1457010,1.5000,1.0702
1457510,1.5000,1.0557
1458010,1.5000,1.0597
1458510,1.5000,1.0645
1459010,1.5000,1.0500
1459510,1.5000,1.0613
1460010,1.5000,1.0734
1460510,1.5000,1.0637
1461010,1.5000,1.0621
1461510,1.5000,1.0678
1462010,1.5000,1.0774
1462510,1.5000,1.0742
1463010,1.5000,1.0533
1463510,1.5000,1.0686
1464010,1.5000,1.0678
1464510,1.5000,1.0702
1465010,1.5000,1.0702
1465510,1.5000,1.0702
1466010,1.5000,1.0678
1466510,1.5000,1.0645
1467010,1.5000,1.0686
1467510,1.5000,1.0742
1468010,1.5000,1.0645
1468510,1.5000,1.0694
1469010,1.5000,1.0662
1469510,1.5000,1.0702
1470010,1.5000,1.0670
1470510,1.5000,1.0702
1471010,1.5000,1.0686
1471510,1.5000,1.0662
1472010,1.5000,1.0710
1472510,1.5000,1.0694
1473010,1.5000,1.0750
1473510,1.5000,1.0694
1474010,1.5000,1.0629
1474510,1.5000,1.0581
1475010,1.5000,1.0742
1475510,1.5000,1.0605
1476010,1.5000,1.0694
1476510,1.5000,1.0653
1477010,1.5000,1.0629
1477510,1.5000,1.0694
1478010,1.5000,1.0702
1478510,1.5000,1.0710
1479010,1.5000,1.0694
1479510,1.5000,1.0629
1480010,1.5000,1.0581
1480510,1.5000,1.0718
1481010,1.5000,1.0702
1481510,1.5000,1.0726
1482010,1.5000,1.0774
1482510,1.5000,1.0670
1483010,1.5000,1.0678
1483510,1.5000,1.0653
1484010,1.5000,1.0831
1484510,1.5000,1.0621
1485010,1.5000,1.0678
1485510,1.5000,1.0662
1486010,1.5000,1.0694
1486510,1.5000,1.0621
1487010,1.5000,1.0710
1487510,1.5000,1.0629
1488010,1.5000,1.0702
1488510,1.5000,1.0694
1489010,1.5000,1.0653
1489510,1.5000,1.0702
1490010,1.5000,1.0645
1490510,1.5000,1.0662
1491010,1.5000,1.0629
1491510,1.5000,1.0702
1492010,1.5000,1.0621
1492510,1.5000,1.0226
1493010,1.5000,1.0694
1493510,1.5000,1.0662
1494010,1.5000,1.0613
1494510,1.5000,1.0678
1495010,1.5000,1.0702
1495510,1.5000,1.0903
1496010,1.5000,1.0718
1496510,1.5000,1.0678
1497010,1.5000,1.0662
1497510,1.5000,1.0629
1498010,1.5000,1.0750
1498510,1.5000,1.0702
1499010,1.5000,1.0702
1499510,1.5000,1.0758
1500010,1.5000,1.0686
1500510,1.5000,1.0702
1501010,1.5000,1.0581
1501510,1.5000,1.0702
1502010,1.5000,1.0662
1502510,1.5000,1.0629
1503010,1.5000,1.0694
1503510,1.5000,1.0581
1504010,1.5000,1.0742
1504510,1.5000,1.0686
1505010,1.5000,1.0702
1505510,1.5000,1.0694
1506010,1.5000,1.0541
1506510,1.5000,1.0782
1507010,1.5000,1.0726
1507510,1.5000,1.0653
1508010,1.5000,1.0782
1508510,1.5000,1.0694
1509010,1.5000,1.0702
1509510,1.5000,1.0702
1510010,1.5000,1.0662
1510510,1.5000,1.0662
1511010,1.5000,1.0694
1511510,1.5000,1.0702
1512010,1.5000,1.0710
1512510,1.5000,1.0629
1513010,1.5000,1.0702
1513510,1.5000,1.0823
1514010,1.5000,1.0702
1514510,1.5000,1.0831
1515010,1.5000,1.0734
1515510,1.5000,1.0823
1516010,1.5000,1.0879
1516510,1.5000,1.0694
1517010,1.5000,1.0710
1517510,1.5000,1.0774
1518010,1.5000,1.0726
1518510,1.5000,1.0702
1519010,1.5000,1.0549
1519510,1.5000,1.0710
1520010,1.5000,1.0613
1520510,1.5000,1.0702
1521010,1.5000,1.0710
1521510,1.5000,1.0678
1522010,1.5000,1.0710
1522510,1.5000,1.0766
1523010,1.5000,1.0670
1523510,1.5000,1.0758
1524010,1.5000,1.0694
1524510,1.5000,1.0678
1525010,1.5000,1.0694
1525510,1.5000,1.0815
1526010,1.5000,1.0686
1526510,1.5000,1.0702
1527010,1.5000,1.0710
1527510,1.5000,1.0694
1528010,1.5000,1.0694
1528510,1.5000,1.0847
1529010,1.5000,1.0662
1529510,1.5000,1.0831
1530010,1.5000,1.0702
1530510,1.5000,1.0782
1531010,1.5000,1.0702
1531510,1.5000,1.0702
1532010,1.5000,1.0645
1532510,1.5000,1.0605
1533010,1.5000,1.0645
1533510,1.5000,1.0694
1534010,1.5000,1.0629
1534510,1.5000,1.0758
1535010,1.5000,1.0710
1535510,1.5000,1.0895
1536010,1.5000,1.0742
1536510,1.5000,1.0815
1537010,1.5000,1.0710
1537510,1.5000,1.0718
1538010,1.5000,1.0645
1538510,1.5000,1.0702
1539010,1.5000,1.0718
1539510,1.5000,1.0936
1540010,1.5000,1.0702
1540510,1.5000,1.0734
1541010,1.5000,1.0790
1541510,1.5000,1.0807
1542010,1.5000,1.0710
1542510,1.5000,1.0581
1543010,1.5000,1.0879
1543510,1.5000,1.0718
1544010,1.5000,1.0782
1544510,1.5000,1.0670
1545010,1.5000,1.0533
1545510,1.5000,1.0823
1546010,1.5000,1.0702
1546510,1.5000,1.0710
1547010,1.5000,1.0653
1547510,1.5000,1.0750
1548010,1.5000,1.0815
1548510,1.5000,1.0581
1549010,1.5000,1.0710
1549510,1.5000,1.0702
1550010,1.5000,1.0694
1550510,1.5000,1.0678
1551010,1.5000,1.0662
1551510,1.5000,1.0702
1552010,1.5000,1.0766
1552510,1.5000,1.0702
1553010,1.5000,1.0629
1553510,1.5000,1.0557
1554010,1.5000,1.0710
1554510,1.5000,1.0750
1555010,1.5000,1.0581
1555510,1.5000,1.0911
1556010,1.5000,1.0702
1556510,1.5000,1.0726
1557010,1.5000,1.0702
1557510,1.5000,1.0718
1558010,1.5000,1.0629
1558510,1.5000,1.0565
1559010,1.5000,1.0718
1559510,1.5000,1.0694
1560010,1.5000,1.0758
1560510,1.5000,1.0758
1561010,1.5000,1.0726
1561510,1.5000,1.0621
1562010,1.5000,1.0662
1562510,1.5000,1.0678
1563010,1.5000,1.0742
1563510,1.5000,1.0823
1564010,1.5000,1.0694
1564510,1.5000,1.0702
1565010,1.5000,1.0726
1565510,1.5000,1.0694
1566010,1.5000,1.0702
1566510,1.5000,1.0702
1567010,1.5000,1.0758
1567510,1.5000,1.0533
1568010,1.5000,1.0774
1568510,1.5000,1.0670
1569010,1.5000,1.0758
1569510,1.5000,1.0557
1570010,1.5000,1.0726
1570510,1.5000,1.0855
1571010,1.5000,1.0702
1571510,1.5000,1.0831
1572010,1.5000,1.0782
1572510,1.5000,1.0702
1573010,1.5000,1.0702
1573510,1.5000,1.0678
1574010,1.5000,1.0718
1574510,1.5000,1.0855
1575010,1.5000,1.0815
1575510,1.5000,1.0774
1576010,1.5000,1.0710
1576510,1.5000,1.0702
1577010,1.5000,1.0750
1577510,1.5000,1.0726
1578010,1.5000,1.0750
1578510,1.5000,1.0782
1579010,1.5000,1.0613
1579510,1.5000,1.0702
1580010,1.5000,1.0871
1580510,1.5000,1.0976
1581010,1.5000,1.0653
1581510,1.5000,1.0742
1582010,1.5000,1.0597
1582510,1.5000,1.0629
1583010,1.5000,1.0726
1583510,1.5000,1.0653
1584010,1.5000,1.0790
1584510,1.5000,1.0702
1585010,1.5000,1.0662
1585510,1.5000,1.0823
1586010,1.5000,1.0758
1586510,1.5000,1.0750
1587010,1.5000,1.0790
1587510,1.5000,1.0807
1588010,1.5000,1.0726
1588510,1.5000,1.0710
1589010,1.5000,1.0702
1589510,1.5000,1.0718
1590010,1.5000,1.0758
1590510,1.5000,1.0807
1591010,1.5000,1.0766
1591510,1.5000,1.0960
1592010,1.5000,1.0742
1592510,1.5000,1.0742
1593010,1.5000,1.0742
1593510,1.5000,1.0710
1594010,1.5000,1.0960
1594510,1.5000,1.0702
1595010,1.5000,1.0758
1595510,1.5000,1.0766
1596010,1.5000,1.0702
1596510,1.5000,1.0774
1597010,1.5000,1.0815
1597510,1.5000,1.0750
1598010,1.5000,1.0742
1598510,1.5000,1.0807
1599010,1.5000,1.0790
1599510,1.5000,1.0726
1600010,1.5000,1.0742
1600510,1.5000,1.0758
1601010,1.5000,1.0710
1601510,1.5000,1.0976
1602010,1.5000,1.0766
1602510,1.5000,1.0799
1603010,1.5000,1.0774
1603510,1.5000,1.0831
1604010,1.5000,1.0823
1604510,1.5000,1.1201
1605010,1.5000,1.0694
1605510,1.5000,1.0742
1606010,1.5000,1.0790
1606510,1.5000,1.0782
1607010,1.5000,1.0718
1607510,1.5000,1.0807
1608010,1.5000,1.0710
1608510,1.5000,1.0823
1609010,1.5000,1.0758
1609510,1.5000,1.0774
1610010,1.5000,1.0807
1610510,1.5000,1.0758
1611010,1.5000,1.0815
1611510,1.5000,1.0742
1612010,1.5000,1.0710
1612510,1.5000,1.0936
1613010,1.5000,1.0702
1613510,1.5000,1.0742
1614010,1.5000,1.0726
1614510,1.5000,1.0758
1615010,1.5000,1.0807
1615510,1.5000,1.0702
1616010,1.5000,1.0790
1616510,1.5000,1.0742
1617010,1.5000,1.0710
1617510,1.5000,1.0839
1618010,1.5000,1.0718
1618510,1.5000,1.0855
1619010,1.5000,1.0807
1619510,1.5000,1.0758
1620010,1.5000,1.0774
1620510,1.5000,1.0831
1621010,1.5000,1.0815
1621510,1.5000,1.0952
1622010,1.5000,1.0815
1622510,1.5000,1.0774
1623010,1.5000,1.0710
1623510,1.5000,1.0831
1624010,1.5000,1.0815
1624510,1.5000,1.0823
1625010,1.5000,1.0702
1625510,1.5000,1.0774
1626010,1.5000,1.0758
1626510,1.5000,1.0799
1627010,1.5000,1.0807
1627510,1.5000,1.0952
1628010,1.5000,1.0758
1628510,1.5000,1.0799
1629010,1.5000,1.0831
1629510,1.5000,1.0831
1630010,1.5000,1.0807
1630510,1.5000,1.0758
1631010,1.5000,1.0774
1631510,1.5000,1.0710
1632010,1.5000,1.0831
1632510,1.5000,1.0839
1633010,1.5000,1.0710
1633510,1.5000,1.0807
1634010,1.5000,1.0678
1634510,1.5000,1.0839
1635010,1.5000,1.0815
1635510,1.5000,1.0718
1636010,1.5000,1.0790
1636510,1.5000,1.0710
1637010,1.5000,1.0750
1637510,1.5000,1.0774
1638010,1.5000,1.0782
1638510,1.5000,1.0831
1639010,1.5000,1.0758
1639510,1.5000,1.0726
1640010,1.5000,1.0742
1640510,1.5000,1.0839
1641010,1.5000,1.0758
1641510,1.5000,1.0653
1642010,1.5000,1.0807
1642510,1.5000,1.0871
1643010,1.5000,1.0799
1643510,1.5000,1.0718
1644010,1.5000,1.0742
1644510,1.5000,1.0887
1645010,1.5000,1.0871
1645510,1.5000,1.0919
1646010,1.5000,1.0790
1646510,1.5000,1.0790
1647010,1.5000,1.0823
1647510,1.5000,1.0855
1648010,1.5000,1.0702
1648510,1.5000,1.0790
1649010,1.5000,1.0831
1649510,1.5000,1.0758
1650010,1.5000,1.0702
1650510,1.5000,1.0831
1651010,1.5000,1.0815
1651510,1.5000,1.0815
1652010,1.5000,1.0847
1652510,1.5000,1.0807
1653010,1.5000,1.0831
1653510,1.5000,1.0815
1654010,1.5000,1.0968
1654510,1.5000,1.0694
1655010,1.5000,1.0790
1655510,1.5000,1.0790
1656010,1.5000,1.0807
1656510,1.5000,1.0847
1657010,1.5000,1.0823
1657510,1.5000,1.0807
1658010,1.5000,1.0694
1658510,1.5000,1.0782
1659010,1.5000,1.0766
1659510,1.5000,1.0839
1660010,1.5000,1.0823
1660510,1.5000,1.0823
1661010,1.5000,1.0919
1661510,1.5000,1.0952
1662010,1.5000,1.0831
1662510,1.5000,1.0823
1663010,1.5000,1.0831
1663510,1.5000,1.0815
1664010,1.5000,1.0919
1664510,1.5000,1.0710
1665010,1.5000,1.0831
1665510,1.5000,1.0815
1666010,1.5000,1.0839
1666510,1.5000,1.0879
1667010,1.5000,1.0815
1667510,1.5000,1.0774
1668010,1.5000,1.0855
1668510,1.5000,1.0758
1669010,1.5000,1.0823
1669510,1.5000,1.0702
1670010,1.5000,1.0807
1670510,1.5000,1.0694
1671010,1.5000,1.0742
1671510,1.5000,1.0807
1672010,1.5000,1.0919
1672510,1.5000,1.0790
1673010,1.5000,1.0887
1673510,1.5000,1.0815
1674010,1.5000,1.0742
1674510,1.5000,1.1024
1675010,1.5000,1.0839
1675510,1.5000,1.0863
1676010,1.5000,1.0750
1676510,1.5000,1.0823
1677010,1.5000,1.0815
1677510,1.5000,1.0807
1678010,1.5000,1.0718
1678510,1.5000,1.0807
1679010,1.5000,1.0815
1679510,1.5000,1.0944
1680010,1.5000,1.0742
1680510,1.5000,1.0815
1681010,1.5000,1.0855
1681510,1.5000,1.0831
1682010,1.5000,1.0839
1682510,1.5000,1.0863
1683010,1.5000,1.0984
1683510,1.5000,1.0629
1684010,1.5000,1.0782
1684510,1.5000,1.0936
1685010,1.5000,1.0823
1685510,1.5000,1.0863
1686010,1.5000,1.0790
1686510,1.5000,1.0879
1687010,1.5000,1.0702
1687510,1.5000,1.0790
1688010,1.5000,1.0815
1688510,1.5000,1.0952
1689010,1.5000,1.0879
1689510,1.5000,1.0831
1690010,1.5000,1.0887
1690510,1.5000,1.0855
1691010,1.5000,1.0815
1691510,1.5000,1.0944
1692010,1.5000,1.0855
1692510,1.5000,1.0831
1693010,1.5000,1.0839
1693510,1.5000,1.0919
1694010,1.5000,1.0927
1694510,1.5000,1.0855
1695010,1.5000,1.0823
1695510,1.5000,1.0863
1696010,1.5000,1.0807
1696510,1.5000,1.0815
1697010,1.5000,1.0774
1697510,1.5000,1.0879
1698010,1.5000,1.0847
1698510,1.5000,1.0831
1699010,1.5000,1.0887
1699510,1.5000,1.0911
1700010,1.5000,1.0871
1700510,1.5000,1.0726
1701010,1.5000,1.0911
1701510,1.5000,1.0823
1702010,1.5000,1.0879
1702510,1.5000,1.0847
1703010,1.5000,1.0911
1703510,1.5000,1.0903
1704010,1.5000,1.0855
1704510,1.5000,1.0839
1705010,1.5000,1.0831
1705510,1.5000,1.0887
1706010,1.5000,1.0831
1706510,1.5000,1.0839
1707010,1.5000,1.0936
1707510,1.5000,1.0823
1708010,1.5000,1.0919
1708510,1.5000,1.0831
1709010,1.5000,1.0879
1709510,1.5000,1.0879
1710010,1.5000,1.0839
1710510,1.5000,1.0871
1711010,1.5000,1.0839
1711510,1.5000,1.0903
1712010,1.5000,1.0839
1712510,1.5000,1.0815
1713010,1.5000,1.0887
1713510,1.5000,1.0863
1714010,1.5000,1.0839
1714510,1.5000,1.0815
1715010,1.5000,1.0863
1715510,1.5000,1.1064
1716010,1.5000,1.0782
1716510,1.5000,1.0847
1717010,1.5000,1.0831
1717510,1.5000,1.0839
1718010,1.5000,1.0879
1718510,1.5000,1.0863
1719010,1.5000,1.0960
1719510,1.5000,1.1218
1720010,1.5000,1.0871
1720510,1.5000,1.0790
1721010,1.5000,1.0774
1721510,1.5000,1.0911
1722010,1.5000,1.0879
1722510,1.5000,1.0895
1723010,1.5000,1.0936
1723510,1.5000,1.0815
1724010,1.5000,1.0815
1724510,1.5000,1.0936
1725010,1.5000,1.0847
1725510,1.5000,1.0879
1726010,1.5000,1.0871
1726510,1.5000,1.0847
1727010,1.5000,1.0887
1727510,1.5000,1.0952
1728010,1.5000,1.0847
1728510,1.5000,1.0847
1729010,1.5000,1.0847
1729510,1.5000,1.0847
1730010,1.5000,1.0936
1730510,1.5000,1.0871
1731010,1.5000,1.0855
1731510,1.5000,1.0855
1732010,1.5000,1.0855
1732510,1.5000,1.0952
1733010,1.5000,1.0847
1733510,1.5000,1.0790
1734010,1.5000,1.0807
1734510,1.5000,1.0807
1735010,1.5000,1.0847
1735510,1.5000,1.0790
1736010,1.5000,1.0871
1736510,1.5000,1.0863
1737010,1.5000,1.1226
1737510,1.5000,1.0742
1738010,1.5000,1.0855
1738510,1.5000,1.0847
1739010,1.5000,1.0936
1739510,1.5000,1.0927
1740010,1.5000,1.0895
1740510,1.5000,1.0823
1741010,1.5000,1.0911
1741510,1.5000,1.0831
1742010,1.5000,1.0919
1742510,1.5000,1.0855
1743010,1.5000,1.0879
1743510,1.5000,1.0839
1744010,1.5000,1.0855
1744510,1.5000,1.0927
1745010,1.5000,1.0887
1745510,1.5000,1.0686
1746010,1.5000,1.0863
1746510,1.5000,1.0911
1747010,1.5000,1.0710
1747510,1.5000,1.0936
1748010,1.5000,1.0807
1748510,1.5000,1.0839
1749010,1.5000,1.0911
1749510,1.5000,1.0847
1750010,1.5000,1.0839
1750510,1.5000,1.0839
1751010,1.5000,1.0831
1751510,1.5000,1.0807
1752010,1.5000,1.0855
1752510,1.5000,1.0887
1753010,1.5000,1.0823
1753510,1.5000,1.0847
1754010,1.5000,1.0960
1754510,1.5000,1.0863
1755010,1.5000,1.0871
1755510,1.5000,1.0927
1756010,1.5000,1.0839
1756510,1.5000,1.0911
1757010,1.5000,1.0960
1757510,1.5000,1.0823
1758010,1.5000,1.0887
1758510,1.5000,1.0911
1759010,1.5000,1.0911
1759510,1.5000,1.0831
1760010,1.5000,1.0919
1760510,1.5000,1.0879
1761010,1.5000,1.0831
1761510,1.5000,1.0919
1762010,1.5000,1.0863
1762510,1.5000,1.0927
1763010,1.5000,1.0855
1763510,1.5000,1.0863
1764010,1.5000,1.0903
1764510,1.5000,1.0960
1765010,1.5000,1.1145
1765510,1.5000,1.0944
1766010,1.5000,1.0879
1766510,1.5000,1.0831
1767010,1.5000,1.0871
1767510,1.5000,1.0839
1768010,1.5000,1.0952
1768510,1.5000,1.0887
1769010,1.5000,1.0839
1769510,1.5000,1.0960
1770010,1.5000,1.0871
1770510,1.5000,1.0879
1771010,1.5000,1.0919
1771510,1.5000,1.0903
1772010,1.5000,1.0911
1772510,1.5000,1.0750
1773010,1.5000,1.0847
1773510,1.5000,1.0750
1774010,1.5000,1.0887
1774510,1.5000,1.0847
1775010,1.5000,1.0855
1775510,1.5000,1.0855
1776010,1.5000,1.0839
1776510,1.5000,1.0831
1777010,1.5000,1.0847
1777510,1.5000,1.0855
1778010,1.5000,1.0831
1778510,1.5000,1.0952
1779010,1.5000,1.0887
1779510,1.5000,1.0831
1780010,1.5000,1.0831
1780510,1.5000,1.0855
1781010,1.5000,1.0927
1781510,1.5000,1.0863
1782010,1.5000,1.0879
1782510,1.5000,1.0879
1783010,1.5000,1.0944
1783510,1.5000,1.0807
1784010,1.5000,1.0847
1784510,1.5000,1.0871
1785010,1.5000,1.0903
1785510,1.5000,1.0952
1786010,1.5000,1.0839
1786510,1.5000,1.0887
1787010,1.5000,1.0863
1787510,1.5000,1.0936
1788010,1.5000,1.0944
1788510,1.5000,1.0903
1789010,1.5000,1.0847
1789510,1.5000,1.0863
1790010,1.5000,1.0790
1790510,1.5000,1.0944
1791010,1.5000,1.0879
1791510,1.5000,1.0726
1792010,1.5000,1.0815
1792510,1.5000,1.0774
1793010,1.5000,1.0960
1793510,1.5000,1.0960
1794010,1.5000,1.0839
1794510,1.5000,1.0944
1795010,1.5000,1.0887
1795510,1.5000,1.0702
1796010,1.5000,1.0782
1796510,1.5000,1.0823
1797010,1.5000,1.0911
1797510,1.5000,1.1129
1798010,1.5000,1.0847
1798510,1.5000,1.0879
1799010,1.5000,1.0944
1799510,1.5000,1.0944
1800010,1.5000,1.0855
1800510,1.5000,1.0863
1801010,1.5000,1.0847
1801510,1.5000,1.0895
1802010,1.5000,1.0879
1802510,1.5000,1.0871
1803010,1.5000,1.0879
1803510,1.5000,1.0863
1804010,1.5000,1.0944
1804510,1.5000,1.0831
1805010,1.5000,1.0936
1805510,1.5000,1.0847
1806010,1.5000,1.0960
1806510,1.5000,1.0847
1807010,1.5000,1.0936
1807510,1.5000,1.0702
1808010,1.5000,1.0944
1808510,1.5000,1.0855
1809010,1.5000,1.0831
1809510,1.5000,1.0887
1810010,1.5000,1.0960
1810510,1.5000,1.0879
1811010,1.5000,1.0952
1811510,1.5000,1.0919
1812010,1.5000,1.0919
1812510,1.5000,1.0839
1813010,1.5000,1.0694
1813510,1.5000,1.0968
1814010,1.5000,1.0919
1814510,1.5000,1.0855
1815010,1.5000,1.0847
1815510,1.5000,1.0911
1816010,1.5000,1.0927
1816510,1.5000,1.0992
1817010,1.5000,1.0887
1817510,1.5000,1.0831
1818010,1.5000,1.0968
1818510,1.5000,1.0428
1819010,1.5000,1.0960
1819510,1.5000,1.0936
1820010,1.5000,1.0815
1820510,1.5000,1.0839
1821010,1.5000,1.0911
1821510,1.5000,1.0702
1822010,1.5000,1.0952
1822510,1.5000,1.1040
1823010,1.5000,1.0807
1823510,1.5000,1.0871
1824010,1.5000,1.1008
1824510,1.5000,1.0944
1825010,1.5000,1.0831
1825510,1.5000,1.0871
1826010,1.5000,1.0887
1826510,1.5000,1.0919
1827010,1.5000,1.0976
1827510,1.5000,1.0960
1828010,1.5000,1.0952
1828510,1.5000,1.0919
1829010,1.5000,1.0944
1829510,1.5000,1.0879
1830010,1.5000,1.0742
1830510,1.5000,1.0936
1831010,1.5000,1.0903
1831510,1.5000,1.0952
1832010,1.5000,1.0960
1832510,1.5000,1.0887
1833010,1.5000,1.0887
1833510,1.5000,1.0936
1834010,1.5000,1.0879
1834510,1.5000,1.0847
1835010,1.5000,1.0968
1835510,1.5000,1.0944
1836010,1.5000,1.0879
1836510,1.5000,1.1024
1837010,1.5000,1.1258
1837510,1.5000,1.0952
1838010,1.5000,1.0952
1838510,1.5000,1.0968
1839010,1.5000,1.0976
1839510,1.5000,1.0871
1840010,1.5000,1.0903
1840510,1.5000,1.1032
1841010,1.5000,1.0960
1841510,1.5000,1.0960
1842010,1.5000,1.0960
1842510,1.5000,1.0919
1843010,1.5000,1.0919
1843510,1.5000,1.0919
1844010,1.5000,1.0919
1844510,1.5000,1.0944
1845010,1.5000,1.0911
1845510,1.5000,1.0855
1846010,1.5000,1.0919
1846510,1.5000,1.0758
1847010,1.5000,1.0984
1847510,1.5000,1.0992
1848010,1.5000,1.0960
1848510,1.5000,1.0919
1849010,1.5000,1.0936
1849510,1.5000,1.1048
1850010,1.5000,1.0952
1850510,1.5000,1.0952
1851010,1.5000,1.0968
1851510,1.5000,1.0879
1852010,1.5000,1.0525
1852510,1.5000,1.0960
1853010,1.5000,1.0831
1853510,1.5000,1.0911
1854010,1.5000,1.0799
1854510,1.5000,1.0879
1855010,1.5000,1.0919
1855510,1.5000,1.0879
1856010,1.5000,1.0839
1856510,1.5000,1.1016
1857010,1.5000,1.0960
1857510,1.5000,1.0936
1858010,1.5000,1.0879
1858510,1.5000,1.1000
1859010,1.5000,1.0807
1859510,1.5000,1.0984
1860010,1.5000,1.0911
1860510,1.5000,1.0952
1861010,1.5000,1.0960
1861510,1.5000,1.1145
1862010,1.5000,1.1016
1862510,1.5000,1.0887
1863010,1.5000,1.0702
1863510,1.5000,1.0855
1864010,1.5000,1.0952
1864510,1.5000,1.0968
1865010,1.5000,1.0919
1865510,1.5000,1.0968
1866010,1.5000,1.0879
1866510,1.5000,1.0936
1867010,1.5000,1.0847
1867510,1.5000,1.0984
1868010,1.5000,1.0952
1868510,1.5000,1.0960
1869010,1.5000,1.0952
1869510,1.5000,1.1064
1870010,1.5000,1.0960
1870510,1.5000,1.0887
1871010,1.5000,1.0936
1871510,1.5000,1.0879
1872010,1.5000,1.0887
1872510,1.5000,1.0807
1873010,1.5000,1.0952
1873510,1.5000,1.0952
1874010,1.5000,1.1048
1874510,1.5000,1.0960
1875010,1.5000,1.0823
1875510,1.5000,1.0960
1876010,1.5000,1.1089
1876510,1.5000,1.1218
1877010,1.5000,1.0992
1877510,1.5000,1.0887
1878010,1.5000,1.0903
1878510,1.5000,1.0936
1879010,1.5000,1.0968
1879510,1.5000,1.0855
1880010,1.5000,1.1008
1880510,1.5000,1.0992
1881010,1.5000,1.1193
1881510,1.5000,1.1032
1882010,1.5000,1.1056
1882510,1.5000,1.0871
1883010,1.5000,1.0952
1883510,1.5000,1.0952
1884010,1.5000,1.0952
1884510,1.5000,1.0968
1885010,1.5000,1.0960
1885510,1.5000,1.0976
1886010,1.5000,1.0823
1886510,1.5000,1.1008
1887010,1.5000,1.0960
1887510,1.5000,1.0887
1888010,1.5000,1.0960
1888510,1.5000,1.0960
1889010,1.5000,1.1000
1889510,1.5000,1.0952
1890010,1.5000,1.1008
1890510,1.5000,1.0976
1891010,1.5000,1.0968
1891510,1.5000,1.0919
1892010,1.5000,1.0984
1892510,1.5000,1.1218
1893010,1.5000,1.0944
1893510,1.5000,1.0952
1894010,1.5000,1.0944
1894510,1.5000,1.0936
1895010,1.5000,1.1000
1895510,1.5000,1.0976
1896010,1.5000,1.0887
1896510,1.5000,1.0984
1897010,1.5000,1.0847
1897510,1.5000,1.1048
1898010,1.5000,1.0952
1898510,1.5000,1.0960
1899010,1.5000,1.0847
1899510,1.5000,1.1081
1900010,1.5000,1.1008
1900510,1.5000,1.0960
1901010,1.5000,1.0976
1901510,1.5000,1.0774
1902010,1.5000,1.0960
1902510,1.5000,1.1056
1903010,1.5000,1.0968
1903510,1.5000,1.0960
1904010,1.5000,1.0839
1904510,1.5000,1.1064
1905010,1.5000,1.0790
1905510,1.5000,1.0976
1906010,1.5000,1.0984
1906510,1.5000,1.0968
1907010,1.5000,1.0960
1907510,1.5000,1.1048
1908010,1.5000,1.1040
1908510,1.5000,1.0960
1909010,1.5000,1.1089
1909510,1.5000,1.1000
1910010,1.5000,1.1064
1910510,1.5000,1.0944
1911010,1.5000,1.0887
1911510,1.5000,1.0960
1912010,1.5000,1.0919
1912510,1.5000,1.0855
1913010,1.5000,1.0960
1913510,1.5000,1.0968
1914010,1.5000,1.0911
1914510,1.5000,1.0968
1915010,1.5000,1.0936
1915510,1.5000,1.1089
1916010,1.5000,1.0984
1916510,1.5000,1.0944
1917010,1.5000,1.0976
1917510,1.5000,1.0968
1918010,1.5000,1.1081
1918510,1.5000,1.0960
1919010,1.5000,1.0960
1919510,1.5000,1.1032
1920010,1.5000,1.1097
1920510,1.5000,1.1008
1921010,1.5000,1.1032
1921510,1.5000,1.0960
1922010,1.5000,1.0968
1922510,1.5000,1.1064
1923010,1.5000,1.0960
1923510,1.5000,1.1048
1924010,1.5000,1.1000
1924510,1.5000,1.1000
1925010,1.5000,1.1097
1925510,1.5000,1.0952
1926010,1.5000,1.1129
1926510,1.5000,1.1016
1927010,1.5000,1.0976
1927510,1.5000,1.1032
1928010,1.5000,1.1048
1928510,1.5000,1.0984
1929010,1.5000,1.0863
1929510,1.5000,1.1032
1930010,1.5000,1.0992
1930510,1.5000,1.0919
1931010,1.5000,1.0976
1931510,1.5000,1.0968
1932010,1.5000,1.0944
1932510,1.5000,1.0992
1933010,1.5000,1.1000
1933510,1.5000,1.0952
1934010,1.5000,1.0919
1934510,1.5000,1.0936
1935010,1.5000,1.0984
1935510,1.5000,1.1008
1936010,1.5000,1.0984
1936510,1.5000,1.0960
1937010,1.5000,1.1048
1937510,1.5000,1.0960
1938010,1.5000,1.1016
1938510,1.5000,1.1000
1939010,1.5000,1.0968
1939510,1.5000,1.0984
1940010,1.5000,1.1056
1940510,1.5000,1.1032
1941010,1.5000,1.0976
1941510,1.5000,1.0919
1942010,1.5000,1.1073
1942510,1.5000,1.1016
1943010,1.5000,1.1016
1943510,1.5000,1.0936
1944010,1.5000,1.0960
1944510,1.5000,1.0855
1945010,1.5000,1.0919
1945510,1.5000,1.0919
1946010,1.5000,1.1016
1946510,1.5000,1.0944
1947010,1.5000,1.1048
1947510,1.5000,1.1040
1948010,1.5000,1.0952
1948510,1.5000,1.0960
1949010,1.5000,1.0903
1949510,1.5000,1.1000
1950010,1.5000,1.1048
1950510,1.5000,1.0968
1951010,1.5000,1.0976
1951510,1.5000,1.0960
1952010,1.5000,1.1008
1952510,1.5000,1.0952
1953010,1.5000,1.1024
1953510,1.5000,1.0871
1954010,1.5000,1.1081
1954510,1.5000,1.1048
1955010,1.5000,1.1016
1955510,1.5000,1.1073
1956010,1.5000,1.0968
1956510,1.5000,1.1016
1957010,1.5000,1.0879
1957510,1.5000,1.0960
1958010,1.5000,1.0960
1958510,1.5000,1.0960
1959010,1.5000,1.0887
1959510,1.5000,1.1000
1960010,1.5000,1.0992
1960510,1.5000,1.1234
1961010,1.5000,1.0976
1961510,1.5000,1.1121
1962010,1.5000,1.0984
1962510,1.5000,1.0984
1963010,1.5000,1.0968
1963510,1.5000,1.0968
1964010,1.5000,1.0960
1964510,1.5000,1.1000
1965010,1.5000,1.0968
1965510,1.5000,1.0815
1966010,1.5000,1.0871
1966510,1.5000,1.1048
1967010,1.5000,1.0782
1967510,1.5000,1.1008
1968010,1.5000,1.1064
1968510,1.5000,1.1064
1969010,1.5000,1.1048
1969510,1.5000,1.1081
1970010,1.5000,1.0960
1970510,1.5000,1.1073
1971010,1.5000,1.0992
1971510,1.5000,1.1032
1972010,1.5000,1.0919
1972510,1.5000,1.0960
1973010,1.5000,1.0855
1973510,1.5000,1.1000
1974010,1.5000,1.0726
1974510,1.5000,1.0984
1975010,1.5000,1.1000
1975510,1.5000,1.1218
1976010,1.5000,1.1032
1976510,1.5000,1.0960
1977010,1.5000,1.1000
1977510,1.5000,1.0952
1978010,1.5000,1.1048
1978510,1.5000,1.1097
1979010,1.5000,1.1073
1979510,1.5000,1.1073
1980010,1.5000,1.0944
1980510,1.5000,1.1177
1981010,1.5000,1.0895
1981510,1.5000,1.0960
1982010,1.5000,1.1016
1982510,1.5000,1.0903
1983010,1.5000,1.1008
1983510,1.5000,1.1032
1984010,1.5000,1.0952
1984510,1.5000,1.1089
1985010,1.5000,1.1016
1985510,1.5000,1.1081
1986010,1.5000,1.1040
1986510,1.5000,1.0960
1987010,1.5000,1.1040
1987510,1.5000,1.1016
1988010,1.5000,1.1000
1988510,1.5000,1.1073
1989010,1.5000,1.0960
1989510,1.5000,1.1113
1990010,1.5000,1.0919
1990510,1.5000,1.1016
1991010,1.5000,1.0774
1991510,1.5000,1.1040
1992010,1.5000,1.0960
1992510,1.5000,1.0960
1993010,1.5000,1.0960
1993510,1.5000,1.1048
1994010,1.5000,1.1016
1994510,1.5000,1.1048
1995010,1.5000,1.0919
1995510,1.5000,1.0919
1996010,1.5000,1.0960
1996510,1.5000,1.1081
1997010,1.5000,1.1000
1997510,1.5000,1.1137
1998010,1.5000,1.1008
1998510,1.5000,1.0968
1999010,1.5000,1.1040
1999510,1.5000,1.1089
2000010,1.5000,1.1105
2000510,1.5000,1.1129
2001010,1.5000,1.1048
2001510,1.5000,1.0968
2002010,1.5000,1.1097
2002510,1.5000,1.1081
2003010,1.5000,1.0984
2003510,1.5000,1.0976
2004010,1.5000,1.1097
2004510,1.5000,1.1040
2005010,1.5000,1.1016
2005510,1.5000,1.1113
2006010,1.5000,1.1073
2006510,1.5000,1.1089
2007010,1.5000,1.1000
2007510,1.5000,1.1121
2008010,1.5000,1.1073
2008510,1.5000,1.1008
2009010,1.5000,1.0960
2009510,1.5000,1.0960
2010010,1.5000,1.0960
2010510,1.5000,1.1056
2011010,1.5000,1.1048
2011510,1.5000,1.1008
2012010,1.5000,1.1048
2012510,1.5000,1.1048
2013010,1.5000,1.1024
2013510,1.5000,1.1234
2014010,1.5000,1.1081
2014510,1.5000,1.1008
2015010,1.5000,1.0968
2015510,1.5000,1.1089
2016010,1.5000,1.0984
2016510,1.5000,1.0968
2017010,1.5000,1.1064
2017510,1.5000,1.0911
2018010,1.5000,1.1177
2018510,1.5000,1.1000
2019010,1.5000,1.1081
2019510,1.5000,1.1056
2020010,1.5000,1.1105
2020510,1.5000,1.1064
2021010,1.5000,1.1048
2021510,1.5000,1.1064
2022010,1.5000,1.0968
2022510,1.5000,1.1064
2023010,1.5000,1.1097
2023510,1.5000,1.1081
2024010,1.5000,1.1322
2024510,1.5000,1.0960
2025010,1.5000,1.1016
2025510,1.5000,1.1105
2026010,1.5000,1.1064
2026510,1.5000,1.1073
2027010,1.5000,1.1105
2027510,1.5000,1.0968
2028010,1.5000,1.1073
2028510,1.5000,1.1105
2029010,1.5000,1.1105
2029510,1.5000,1.1105
2030010,1.5000,1.0960
2030510,1.5000,1.1145
2031010,1.5000,1.1145
2031510,1.5000,1.1073
2032010,1.5000,1.1073
2032510,1.5000,1.1105
2033010,1.5000,1.1081
2033510,1.5000,1.1048
2034010,1.5000,1.0976
2034510,1.5000,1.1040
2035010,1.5000,1.1097
2035510,1.5000,1.1024
2036010,1.5000,1.1024
2036510,1.5000,1.0960
2037010,1.5000,1.1048
2037510,1.5000,1.1073
2038010,1.5000,1.1073
2038510,1.5000,1.0831
2039010,1.5000,1.1137
2039510,1.5000,1.1121
2040010,1.5000,1.1105
2040510,1.5000,1.1008
2041010,1.5000,1.1073
2041510,1.5000,1.1169
2042010,1.5000,1.1048
2042510,1.5000,1.1121
2043010,1.5000,1.1089
2043510,1.5000,1.1113
2044010,1.5000,1.1064
2044510,1.5000,1.1040
2045010,1.5000,1.0960
2045510,1.5000,1.1064
2046010,1.5000,1.0976
2046510,1.5000,1.1089
2047010,1.5000,1.0960
2047510,1.5000,1.1089
2048010,1.5000,1.1089
2048510,1.5000,1.1137
2049010,1.5000,1.1048
2049510,1.5000,1.1145
2050010,1.5000,1.1073
2050510,1.5000,1.1040
2051010,1.5000,1.1153
2051510,1.5000,1.1016
2052010,1.5000,1.1113
2052510,1.5000,1.0702
2053010,1.5000,1.1081
2053510,1.5000,1.0960
2054010,1.5000,1.1105
2054510,1.5000,1.1121
2055010,1.5000,1.0879
2055510,1.5000,1.1064
2056010,1.5000,1.1008
2056510,1.5000,1.1064
2057010,1.5000,1.1032
2057510,1.5000,1.1137
2058010,1.5000,1.1105
2058510,1.5000,1.1089
2059010,1.5000,1.1121
2059510,1.5000,1.1081
2060010,1.5000,1.1056
2060510,1.5000,1.1032
2061010,1.5000,1.0992
2061510,1.5000,1.1040
2062010,1.5000,1.0871
2062510,1.5000,1.1081
2063010,1.5000,1.1097
2063510,1.5000,1.1113
2064010,1.5000,1.1145
2064510,1.5000,1.1129
2065010,1.5000,1.0960
2065510,1.5000,1.1048
2066010,1.5000,1.1081
2066510,1.5000,1.1089
2067010,1.5000,1.1056
2067510,1.5000,1.1097
2068010,1.5000,1.1032
2068510,1.5000,1.1097
2069010,1.5000,1.1177
2069510,1.5000,1.1097
2070010,1.5000,1.1081
2070510,1.5000,1.1032
2071010,1.5000,1.1040
2071510,1.5000,1.1048
2072010,1.5000,1.1137
2072510,1.5000,1.1218
2073010,1.5000,1.1073
2073510,1.5000,1.1145
2074010,1.5000,1.0984
2074510,1.5000,1.0871
2075010,1.5000,1.0992
2075510,1.5000,1.1129
2076010,1.5000,1.1097
2076510,1.5000,1.1113
2077010,1.5000,1.1113
2077510,1.5000,1.1032
2078010,1.5000,1.1218
2078510,1.5000,1.1258
2079010,1.5000,1.1073
2079510,1.5000,1.1008
2080010,1.5000,1.0960
2080510,1.5000,1.1145
2081010,1.5000,1.1097
2081510,1.5000,1.1048
2082010,1.5000,1.1113
2082510,1.5000,1.1097
2083010,1.5000,1.0992
2083510,1.5000,1.1008
2084010,1.5000,1.1089
2084510,1.5000,1.1064
2085010,1.5000,1.1105
2085510,1.5000,1.1234
2086010,1.5000,1.1073
2086510,1.5000,1.1089
2087010,1.5000,1.1097
2087510,1.5000,1.1105
2088010,1.5000,1.1089
2088510,1.5000,1.1145
2089010,1.5000,1.1032
2089510,1.5000,1.1177
2090010,1.5000,1.1081
2090510,1.5000,1.1097
2091010,1.5000,1.1097
2091510,1.5000,1.0879
2092010,1.5000,1.1081
2092510,1.5000,1.1153
2093010,1.5000,1.1089
2093510,1.5000,1.1089
2094010,1.5000,1.1016
2094510,1.5000,1.1000
2095010,1.5000,1.1145
2095510,1.5000,1.1201
2096010,1.5000,1.1081
2096510,1.5000,1.1129
2097010,1.5000,1.1040
2097510,1.5000,1.1016
2098010,1.5000,1.1048
2098510,1.5000,1.1137
2099010,1.5000,1.1048
2099510,1.5000,1.1161
2100010,1.5000,1.0968
2100510,1.5000,1.1129
2101010,1.5000,1.1073
2101510,1.5000,1.1048
2102010,1.5000,1.1193
2102510,1.5000,1.1169
2103010,1.5000,1.0960
2103510,1.5000,1.1137
2104010,1.5000,1.1177
2104510,1.5000,1.1113
2105010,1.5000,1.1201
2105510,1.5000,1.1193
2106010,1.5000,1.1193
2106510,1.5000,1.1097
2107010,1.5000,1.1129
2107510,1.5000,1.1129
2108010,1.5000,1.1089
2108510,1.5000,1.1064
2109010,1.5000,1.1177
2109510,1.5000,1.1097
2110010,1.5000,1.0960
2110510,1.5000,1.1137
2111010,1.5000,1.1016
2111510,1.5000,1.1169
2112010,1.5000,1.1064
2112510,1.5000,1.0976
2113010,1.5000,1.1121
2113510,1.5000,1.1113
2114010,1.5000,1.1137
2114510,1.5000,1.1097
2115010,1.5000,1.1145
2115510,1.5000,1.1129
2116010,1.5000,1.1073
2116510,1.5000,1.1145
2117010,1.5000,1.1129
2117510,1.5000,1.1137
2118010,1.5000,1.0968
2118510,1.5000,1.1064
2119010,1.5000,1.1016
2119510,1.5000,1.1113
2120010,1.5000,1.1040
2120510,1.5000,1.1177
2121010,1.5000,1.1129
2121510,1.5000,1.1137
2122010,1.5000,1.1097
2122510,1.5000,1.1089
2123010,1.5000,1.1242
2123510,1.5000,1.1129
2124010,1.5000,1.1218
2124510,1.5000,1.1218
2125010,1.5000,1.1113
2125510,1.5000,1.1201
2126010,1.5000,1.1137
2126510,1.5000,1.1177
2127010,1.5000,1.1177
2127510,1.5000,1.1121
2128010,1.5000,1.1016
2128510,1.5000,1.1081
2129010,1.5000,1.1105
2129510,1.5000,1.1129
2130010,1.5000,1.1113
2130510,1.5000,1.1040
2131010,1.5000,1.1218
2131510,1.5000,1.1000
2132010,1.5000,1.1016
2132510,1.5000,1.1040
2133010,1.5000,1.1064
2133510,1.5000,1.1105
2134010,1.5000,1.1201
2134510,1.5000,1.1113
2135010,1.5000,1.0976
2135510,1.5000,1.1097
2136010,1.5000,1.1169
2136510,1.5000,1.1105
2137010,1.5000,1.1169
2137510,1.5000,1.1177
2138010,1.5000,1.1161
2138510,1.5000,1.1226
2139010,1.5000,1.1113
2139510,1.5000,1.1185
2140010,1.5000,1.1161
2140510,1.5000,1.1169
2141010,1.5000,1.1193
2141510,1.5000,1.1097
2142010,1.5000,1.1121
2142510,1.5000,1.1169
2143010,1.5000,1.1113
2143510,1.5000,1.1113
2144010,1.5000,1.1113
2144510,1.5000,1.1218
2145010,1.5000,1.1137
2145510,1.5000,1.1177
2146010,1.5000,1.1210
2146510,1.5000,1.1000
2147010,1.5000,1.1121
2147510,1.5000,1.1137
2148010,1.5000,1.1218
2148510,1.5000,1.1129
2149010,1.5000,1.1218
2149510,1.5000,1.1081
2150010,1.5000,1.1129
2150510,1.5000,1.1145
2151010,1.5000,1.1210
2151510,1.5000,1.1064
2152010,1.5000,1.1145
2152510,1.5000,1.1201
2153010,1.5000,1.1145
2153510,1.5000,1.1113
2154010,1.5000,1.1145
2154510,1.5000,1.1097
2155010,1.5000,1.1210
2155510,1.5000,1.1097
2156010,1.5000,1.0444
2156510,1.5000,1.1113
2157010,1.5000,1.1113
2157510,1.5000,1.1226
2158010,1.5000,1.1177
2158510,1.5000,1.1000
2159010,1.5000,1.1113
2159510,1.5000,1.1089
2160010,1.5000,1.1129
2160510,1.5000,1.1137
2161010,1.5000,1.1169
2161510,1.5000,1.1129
2162010,1.5000,1.1145
2162510,1.5000,1.1145
2163010,1.5000,1.1081
2163510,1.5000,1.1089
2164010,1.5000,1.1242
2164510,1.5000,1.1218
2165010,1.5000,1.1129
2165510,1.5000,1.1218
2166010,1.5000,1.1177
2166510,1.5000,1.1234
2167010,1.5000,1.1145
2167510,1.5000,1.1097
2168010,1.5000,1.1032
2168510,1.5000,1.1226
2169010,1.5000,1.1113
2169510,1.5000,1.1121
2170010,1.5000,1.1218
2170510,1.5000,1.1218
2171010,1.5000,1.1145
2171510,1.5000,1.1218
2172010,1.5000,1.1145
2172510,1.5000,1.1081
2173010,1.5000,1.1169
2173510,1.5000,1.1169
2174010,1.5000,1.1129
2174510,1.5000,1.0968
2175010,1.5000,1.1105
2175510,1.5000,1.1193
2176010,1.5000,1.1097
2176510,1.5000,1.1000
2177010,1.5000,1.1193
2177510,1.5000,1.1145
2178010,1.5000,1.1089
2178510,1.5000,1.1210
2179010,1.5000,1.1338
2179510,1.5000,1.1113
2180010,1.5000,1.1371
2180510,1.5000,1.1089
2181010,1.5000,1.1145
2181510,1.5000,1.1177
2182010,1.5000,1.1218
2182510,1.5000,1.1193
2183010,1.5000,1.1008
2183510,1.5000,1.1105
2184010,1.5000,1.1145
2184510,1.5000,1.1218
2185010,1.5000,1.1137
2185510,1.5000,1.1322
2186010,1.5000,1.1016
2186510,1.5000,1.1218
2187010,1.5000,1.1137
2187510,1.5000,1.1185
2188010,1.5000,1.1145
2188510,1.5000,1.1193
2189010,1.5000,1.1210
2189510,1.5000,1.1056
2190010,1.5000,1.1193
2190510,1.5000,1.0976
2191010,1.5000,1.1250
2191510,1.5000,1.1073
2192010,1.5000,1.1056
2192510,1.5000,1.1193
2193010,1.5000,1.1218
2193510,1.5000,1.1218
2194010,1.5000,1.1097
2194510,1.5000,1.1185
2195010,1.5000,1.1193
2195510,1.5000,1.1210
2196010,1.5000,1.1177
2196510,1.5000,1.1113
2197010,1.5000,1.1193
2197510,1.5000,1.1201
2198010,1.5000,1.1129
2198510,1.5000,1.1169
2199010,1.5000,1.1073
2199510,1.5000,1.1169
2200010,1.5000,1.1161
2200510,1.5000,1.1185
2201010,1.5000,1.1218
2201510,1.5000,1.1201
2202010,1.5000,1.1193
2202510,1.5000,1.1177
2203010,1.5000,1.1169
2203510,1.5000,1.1113
2204010,1.5000,1.1089
2204510,1.5000,1.0968
2205010,1.5000,1.1210
2205510,1.5000,1.1234
2206010,1.5000,1.1201
2206510,1.5000,1.1234
2207010,1.5000,1.1193
2207510,1.5000,1.1218
2208010,1.5000,1.1177
2208510,1.5000,1.1258
2209010,1.5000,1.1105
2209510,1.5000,1.1129
2210010,1.5000,1.1201
2210510,1.5000,1.1161
2211010,1.5000,1.1121
2211510,1.5000,1.1218
2212010,1.5000,1.1218
2212510,1.5000,1.1113
2213010,1.5000,1.1129
2213510,1.5000,1.1218
2214010,1.5000,1.1161
2214510,1.5000,1.1169
2215010,1.5000,1.1177
2215510,1.5000,1.1258
2216010,1.5000,1.1218
2216510,1.5000,1.1177
2217010,1.5000,1.1145
2217510,1.5000,1.1032
2218010,1.5000,1.1161
2218510,1.5000,1.1210
2219010,1.5000,1.1218
2219510,1.5000,1.1193
2220010,1.5000,1.1169
2220510,1.5000,1.1064
2221010,1.5000,1.1169
2221510,1.5000,1.1137
2222010,1.5000,1.1137
2222510,1.5000,1.1234
2223010,1.5000,1.1218
2223510,1.5000,1.1242
2224010,1.5000,1.1016
2224510,1.5000,1.1218
2225010,1.5000,1.1177
2225510,1.5000,1.1177
2226010,1.5000,1.1185
2226510,1.5000,1.1266
2227010,1.5000,1.1064
2227510,1.5000,1.1298
2228010,1.5000,1.1218
2228510,1.5000,1.1226
2229010,1.5000,1.1218
2229510,1.5000,1.1218
2230010,1.5000,1.1210
2230510,1.5000,1.1210
2231010,1.5000,1.1177
2231510,1.5000,1.1105
2232010,1.5000,1.1218
2232510,1.5000,1.1218
2233010,1.5000,1.1137
2233510,1.5000,1.1258
2234010,1.5000,1.1008
2234510,1.5000,1.1226
2235010,1.5000,1.1218
2235510,1.5000,1.1193
2236010,1.5000,1.1185
2236510,1.5000,1.1218
2237010,1.5000,1.1218
2237510,1.5000,1.1113
2238010,1.5000,1.1218
2238510,1.5000,1.1218
2239010,1.5000,1.1105
2239510,1.5000,1.1226
2240010,1.5000,1.1218
2240510,1.5000,1.1193
2241010,1.5000,1.1298
2241510,1.5000,1.1226
2242010,1.5000,1.1145
2242510,1.5000,1.1137
2243010,1.5000,1.1250
2243510,1.5000,1.1347
2244010,1.5000,1.1218
2244510,1.5000,1.1242
2245010,1.5000,1.1242
2245510,1.5000,1.1185
2246010,1.5000,1.1145
2246510,1.5000,1.1266
2247010,1.5000,1.1185
2247510,1.5000,1.1258
2248010,1.5000,1.1218
2248510,1.5000,1.1081
2249010,1.5000,1.1226
2249510,1.5000,1.1218
2250010,1.5000,1.1226
2250510,1.5000,1.1314
2251010,1.5000,1.1193
2251510,1.5000,1.1121
2252010,1.5000,1.1218
2252510,1.5000,1.1113
2253010,1.5000,1.1226
2253510,1.5000,1.1274
2254010,1.5000,1.1226
2254510,1.5000,1.1250
2255010,1.5000,1.1201
2255510,1.5000,1.1645
2256010,1.5000,1.1218
2256510,1.5000,1.1218
2257010,1.5000,1.1193
2257510,1.5000,1.1226
2258010,1.5000,1.1193
2258510,1.5000,1.1226
2259010,1.5000,1.1242
2259510,1.5000,1.1218
2260010,1.5000,1.0919
2260510,1.5000,1.1242
2261010,1.5000,1.1161
2261510,1.5000,1.1210
2262010,1.5000,1.1177
2262510,1.5000,1.1218
2263010,1.5000,1.1338
2263510,1.5000,1.1177
2264010,1.5000,1.1258
2264510,1.5000,1.1218
2265010,1.5000,1.1242
2265510,1.5000,1.1330
2266010,1.5000,1.1226
2266510,1.5000,1.1290
2267010,1.5000,1.0960
2267510,1.5000,1.1201
2268010,1.5000,1.1226
2268510,1.5000,1.1177
2269010,1.5000,1.1218
2269510,1.5000,1.1226
2270010,1.5000,1.1282
2270510,1.5000,1.1218
2271010,1.5000,1.1226
2271510,1.5000,1.1145
2272010,1.5000,1.1129
2272510,1.5000,1.1314
2273010,1.5000,1.1193
2273510,1.5000,1.1177
2274010,1.5000,1.1218
2274510,1.5000,1.1258
2275010,1.5000,1.1113
2275510,1.5000,1.1322
2276010,1.5000,1.1193
2276510,1.5000,1.1427
2277010,1.5000,1.1218
2277510,1.5000,1.1226
2278010,1.5000,1.1210
2278510,1.5000,1.1210
2279010,1.5000,1.1298
2279510,1.5000,1.1129
2280010,1.5000,1.1250
2280510,1.5000,1.1290
2281010,1.5000,1.1201
2281510,1.5000,1.1218
2282010,1.5000,1.1242
2282510,1.5000,1.1234
2283010,1.5000,1.1347
2283510,1.5000,1.1177
2284010,1.5000,1.1242
2284510,1.5000,1.1210
2285010,1.5000,1.1290
2285510,1.5000,1.1210
2286010,1.5000,1.1218
2286510,1.5000,1.1274
2287010,1.5000,1.1218
2287510,1.5000,1.1218
2288010,1.5000,1.1314
2288510,1.5000,1.1218
2289010,1.5000,1.1258
2289510,1.5000,1.1201
2290010,1.5000,1.1234
2290510,1.5000,1.1258
2291010,1.5000,1.1210
2291510,1.5000,1.1234
2292010,1.5000,1.1218
2292510,1.5000,1.1314
2293010,1.5000,1.1282
2293510,1.5000,1.1210
2294010,1.5000,1.1266
2294510,1.5000,1.1242
2295010,1.5000,1.1258
2295510,1.5000,1.1161
2296010,1.5000,1.1218
2296510,1.5000,1.1226
2297010,1.5000,1.1290
2297510,1.5000,1.1298
2298010,1.5000,1.1201
2298510,1.5000,1.1242
2299010,1.5000,1.1250
2299510,1.5000,1.1330
2300010,1.5000,1.1129
2300510,1.5000,1.1210
2301010,1.5000,1.1226
2301510,1.5000,1.1306
2302010,1.5000,1.1210
2302510,1.5000,1.1226
2303010,1.5000,1.1250
2303510,1.5000,1.1266
2304010,1.5000,1.1234
2304510,1.5000,1.1338
2305010,1.5000,1.1274
2305510,1.5000,1.1226
2306010,1.5000,1.1210
2306510,1.5000,1.1306
2307010,1.5000,1.1210
2307510,1.5000,1.1218
2308010,1.5000,1.1193
2308510,1.5000,1.1347
2309010,1.5000,1.1193
2309510,1.5000,1.1145
2310010,1.5000,1.1048
2310510,1.5000,1.1226
2311010,1.5000,1.1298
2311510,1.5000,1.1218
2312010,1.5000,1.1218
2312510,1.5000,1.1193
2313010,1.5000,1.1234
2313510,1.5000,1.1274
2314010,1.5000,1.1226
2314510,1.5000,1.1201
2315010,1.5000,1.1169
2315510,1.5000,1.1250
2316010,1.5000,1.1177
2316510,1.5000,1.1218
2317010,1.5000,1.1274
2317510,1.5000,1.1177
2318010,1.5000,1.1218
2318510,1.5000,1.1113
2319010,1.5000,1.1193
2319510,1.5000,1.1113
2320010,1.5000,1.1274
2320510,1.5000,1.1161
2321010,1.5000,1.1226
2321510,1.5000,1.1218
2322010,1.5000,1.1145
2322510,1.5000,1.1105
2323010,1.5000,1.1193
2323510,1.5000,1.1274
2324010,1.5000,1.1210
2324510,1.5000,1.1218
2325010,1.5000,1.1242
2325510,1.5000,1.1266
2326010,1.5000,1.1161
2326510,1.5000,1.1153
2327010,1.5000,1.1266
2327510,1.5000,1.1218
2328010,1.5000,1.1234
2328510,1.5000,1.1234
2329010,1.5000,1.1250
2329510,1.5000,1.1234
2330010,1.5000,1.1242
2330510,1.5000,1.1242
2331010,1.5000,1.1290
2331510,1.5000,1.1177
2332010,1.5000,1.1201
2332510,1.5000,1.1169
2333010,1.5000,1.1298
2333510,1.5000,1.1145
2334010,1.5000,1.1169
2334510,1.5000,1.1298
2335010,1.5000,1.1258
2335510,1.5000,1.1258
2336010,1.5000,1.1218
2336510,1.5000,1.1210
2337010,1.5000,1.1218
2337510,1.5000,1.1234
2338010,1.5000,1.1306
2338510,1.5000,1.1226
2339010,1.5000,1.1242
2339510,1.5000,1.1210
2340010,1.5000,1.1226
2340510,1.5000,1.1234
2341010,1.5000,1.1218
2341510,1.5000,1.1218
2342010,1.5000,1.1210
2342510,1.5000,1.1242
2343010,1.5000,1.1169
2343510,1.5000,1.1306
2344010,1.5000,1.1258
2344510,1.5000,1.1177
2345010,1.5000,1.0508
2345510,1.5000,1.1218
2346010,1.5000,1.1226
2346510,1.5000,1.1274
2347010,1.5000,1.1322
2347510,1.5000,1.1475
2348010,1.5000,1.1298
2348510,1.5000,1.1226
2349010,1.5000,1.1290
2349510,1.5000,1.1161
2350010,1.5000,1.1298
2350510,1.5000,1.1089
2351010,1.5000,1.1355
2351510,1.5000,1.1298
2352010,1.5000,1.1193
2352510,1.5000,1.1226
2353010,1.5000,1.1274
2353510,1.5000,1.1355
2354010,1.5000,1.1218
2354510,1.5000,1.1226
2355010,1.5000,1.1218
2355510,1.5000,1.1218
2356010,1.5000,1.1242
2356510,1.5000,1.1218
2357010,1.5000,1.1250
2357510,1.5000,1.1274
2358010,1.5000,1.1218
2358510,1.5000,1.1306
2359010,1.5000,1.1355
2359510,1.5000,1.1210
2360010,1.5000,1.1210
2360510,1.5000,1.1250
2361010,1.5000,1.1242
2361510,1.5000,1.1371
2362010,1.5000,1.1266
2362510,1.5000,1.1322
2363010,1.5000,1.1258
2363510,1.5000,1.1645
2364010,1.5000,1.1242
2364510,1.5000,1.1347
2365010,1.5000,1.1475
2365510,1.5000,1.1274
2366010,1.5000,1.1266
2366510,1.5000,1.1145
2367010,1.5000,1.1169
2367510,1.5000,1.1347
2368010,1.5000,1.1242
2368510,1.5000,1.1250
2369010,1.5000,1.1330
2369510,1.5000,1.1218
2370010,1.5000,1.1234
2370510,1.5000,1.1218
2371010,1.5000,1.1177
2371510,1.5000,1.1274
2372010,1.5000,1.1274
2372510,1.5000,1.1161
2373010,1.5000,1.1242
2373510,1.5000,1.1226
2374010,1.5000,1.1226
2374510,1.5000,1.1242
2375010,1.5000,1.1322
2375510,1.5000,1.1274
2376010,1.5000,1.1242
2376510,1.5000,1.1290
2377010,1.5000,1.1306
2377510,1.5000,1.1218
2378010,1.5000,1.1226
2378510,1.5000,1.1298
2379010,1.5000,1.1306
2379510,1.5000,1.1226
2380010,1.5000,1.1177
2380510,1.5000,1.1290
2381010,1.5000,1.1338
2381510,1.5000,1.1121
2382010,1.5000,1.1234
2382510,1.5000,1.1580
2383010,1.5000,1.1290
2383510,1.5000,1.1210
2384010,1.5000,1.1379
2384510,1.5000,1.1306
2385010,1.5000,1.1266
2385510,1.5000,1.1266
2386010,1.5000,1.1234
2386510,1.5000,1.1338
2387010,1.5000,1.1475
2387510,1.5000,1.1161
2388010,1.5000,1.1338
2388510,1.5000,1.1266
2389010,1.5000,1.1306
2389510,1.5000,1.1218
2390010,1.5000,1.1411
2390510,1.5000,1.1314
2391010,1.5000,1.1266
2391510,1.5000,1.1250
2392010,1.5000,1.1306
2392510,1.5000,1.1145
2393010,1.5000,1.1218
2393510,1.5000,1.1218
2394010,1.5000,1.1314
2394510,1.5000,1.1258
2395010,1.5000,1.1274
2395510,1.5000,1.1274
2396010,1.5000,1.1266
2396510,1.5000,1.1306
2397010,1.5000,1.1338
2397510,1.5000,1.1290
2398010,1.5000,1.1338
2398510,1.5000,1.1322
2399010,1.5000,1.1338
2399510,1.5000,1.1226
2400010,1.5000,1.1298
2400510,1.5000,1.1298
2401010,1.5000,1.1290
2401510,1.5000,1.1322
2402010,1.5000,1.1258
2402510,1.5000,1.1210
2403010,1.5000,1.1234
2403510,1.5000,1.1330
2404010,1.5000,1.1242
2404510,1.5000,1.1210
2405010,1.5000,1.1387
2405510,1.5000,1.1218
2406010,1.5000,1.1290
2406510,1.5000,1.1306
2407010,1.5000,1.1322
2407510,1.5000,1.1298
2408010,1.5000,1.1347
2408510,1.5000,1.1298
2409010,1.5000,1.1314
2409510,1.5000,1.1419
2410010,1.5000,1.1274
2410510,1.5000,1.1274
2411010,1.5000,1.1274
2411510,1.5000,1.1306
2412010,1.5000,1.1371
2412510,1.5000,1.1258
2413010,1.5000,1.1250
2413510,1.5000,1.1322
2414010,1.5000,1.1290
2414510,1.5000,1.1193
2415010,1.5000,1.1258
2415510,1.5000,1.1322
2416010,1.5000,1.1484
2416510,1.5000,1.1403
2417010,1.5000,1.1161
2417510,1.5000,1.1306
2418010,1.5000,1.1475
2418510,1.5000,1.1290
2419010,1.5000,1.1298
2419510,1.5000,1.1347
2420010,1.5000,1.1226
2420510,1.5000,1.1218
2421010,1.5000,1.1258
2421510,1.5000,1.1298
2422010,1.5000,1.1210
2422510,1.5000,1.1338
2423010,1.5000,1.1347
2423510,1.5000,1.1250
2424010,1.5000,1.1218
2424510,1.5000,1.1161
2425010,1.5000,1.1274
2425510,1.5000,1.1161
2426010,1.5000,1.1387
2426510,1.5000,1.1274
2427010,1.5000,1.1427
2427510,1.5000,1.1338
2428010,1.5000,1.1169
2428510,1.5000,1.1371
2429010,1.5000,1.1355
2429510,1.5000,1.1338
2430010,1.5000,1.1226
2430510,1.5000,1.1314
2431010,1.5000,1.1258
2431510,1.5000,1.1274
2432010,1.5000,1.1355
2432510,1.5000,1.1322
2433010,1.5000,1.1226
2433510,1.5000,1.0823
2434010,1.5000,1.1290
2434510,1.5000,1.1250
2435010,1.5000,1.1347
2435510,1.5000,1.1258
2436010,1.5000,1.1177
2436510,1.5000,1.1258
2437010,1.5000,1.1306
2437510,1.5000,1.1177
2438010,1.5000,1.1379
2438510,1.5000,1.1403
2439010,1.5000,1.1306
2439510,1.5000,1.1347
2440010,1.5000,1.1161
2440510,1.5000,1.1282
2441010,1.5000,1.1218
2441510,1.5000,1.1298
2442010,1.5000,1.1322
2442510,1.5000,1.1338
2443010,1.5000,1.1282
2443510,1.5000,1.1274
2444010,1.5000,1.1347
2444510,1.5000,1.1290
2445010,1.5000,1.1290
2445510,1.5000,1.1258
2446010,1.5000,1.1338
2446510,1.5000,1.1347
2447010,1.5000,1.1242
2447510,1.5000,1.1250
2448010,1.5000,1.1201
2448510,1.5000,1.1226
2449010,1.5000,1.1330
2449510,1.5000,1.1274
2450010,1.5000,1.1355
2450510,1.5000,1.1218
2451010,1.5000,1.1242
2451510,1.5000,1.1274
2452010,1.5000,1.1218
2452510,1.5000,1.1258
2453010,1.5000,1.1242
2453510,1.5000,1.1290
2454010,1.5000,1.1226
2454510,1.5000,1.1290
2455010,1.5000,1.1298
2455510,1.5000,1.1322
2456010,1.5000,1.1338
2456510,1.5000,1.1234
2457010,1.5000,1.1330
2457510,1.5000,1.1258
2458010,1.5000,1.1347
2458510,1.5000,1.1347
2459010,1.5000,1.1363
2459510,1.5000,1.1371
2460010,1.5000,1.1298
2460510,1.5000,1.1322
2461010,1.5000,1.1306
2461510,1.5000,1.1258
2462010,1.5000,1.1258
2462510,1.5000,1.1355
2463010,1.5000,1.1411
2463510,1.5000,1.1306
2464010,1.5000,1.1387
2464510,1.5000,1.1218
2465010,1.5000,1.1371
2465510,1.5000,1.1298
2466010,1.5000,1.1306
2466510,1.5000,1.1242
2467010,1.5000,1.1322
2467510,1.5000,1.1322
2468010,1.5000,1.1355
2468510,1.5000,1.1322
2469010,1.5000,1.1371
2469510,1.5000,1.1226
2470010,1.5000,1.1371
2470510,1.5000,1.1314
2471010,1.5000,1.1347
2471510,1.5000,1.1371
2472010,1.5000,1.1363
2472510,1.5000,1.1371
2473010,1.5000,1.1218
2473510,1.5000,1.1371
2474010,1.5000,1.1347
2474510,1.5000,1.1363
2475010,1.5000,1.1387
2475510,1.5000,1.1338
2476010,1.5000,1.1322
2476510,1.5000,1.1306
2477010,1.5000,1.1484
2477510,1.5000,1.1355
2478010,1.5000,1.1298
2478510,1.5000,1.1226
2479010,1.5000,1.1338
2479510,1.5000,1.1290
2480010,1.5000,1.1306
2480510,1.5000,1.1387
2481010,1.5000,1.1242
2481510,1.5000,1.1387
2482010,1.5000,1.1338
2482510,1.5000,1.1298
2483010,1.5000,1.1387
2483510,1.5000,1.1330
2484010,1.5000,1.1338
2484510,1.5000,1.1218
2485010,1.5000,1.1403
2485510,1.5000,1.1330
2486010,1.5000,1.1234
2486510,1.5000,1.1347
2487010,1.5000,1.1355
2487510,1.5000,1.1274
2488010,1.5000,1.1363
2488510,1.5000,1.1371
2489010,1.5000,1.1226
2489510,1.5000,1.1338
2490010,1.5000,1.1218
2490510,1.5000,1.1347
2491010,1.5000,1.1330
2491510,1.5000,1.1427
2492010,1.5000,1.1218
2492510,1.5000,1.1387
2493010,1.5000,1.1234
2493510,1.5000,1.1411
2494010,1.5000,1.1347
2494510,1.5000,1.1347
2495010,1.5000,1.1322
2495510,1.5000,1.1347
2496010,1.5000,1.1387
2496510,1.5000,1.1298
2497010,1.5000,1.1475
2497510,1.5000,1.1274
2498010,1.5000,1.1347
2498510,1.5000,1.1322
2499010,1.5000,1.1451
2499510,1.5000,1.1322
2500010,1.5000,1.1258
2500510,1.5000,1.1484
2501010,1.5000,1.1314
2501510,1.5000,1.1363
2502010,1.5000,1.1379
2502510,1.5000,1.1218
2503010,1.5000,1.1145
2503510,1.5000,1.1347
2504010,1.5000,1.1355
2504510,1.5000,1.1266
2505010,1.5000,1.1242
2505510,1.5000,1.1451
2506010,1.5000,1.1419
2506510,1.5000,1.1258
2507010,1.5000,1.1347
2507510,1.5000,1.1258
2508010,1.5000,1.1306
2508510,1.5000,1.1298
2509010,1.5000,1.1242
2509510,1.5000,1.1338
2510010,1.5000,1.1347
2510510,1.5000,1.1234
2511010,1.5000,1.1226
2511510,1.5000,1.1306
2512010,1.5000,1.1387
2512510,1.5000,1.1274
2513010,1.5000,1.1274
2513510,1.5000,1.1298
2514010,1.5000,1.1387
2514510,1.5000,1.1347
2515010,1.5000,1.1443
2515510,1.5000,1.1338
2516010,1.5000,1.1347
2516510,1.5000,1.1290
2517010,1.5000,1.1347
2517510,1.5000,1.1338
2518010,1.5000,1.1314
2518510,1.5000,1.1347
2519010,1.5000,1.1338
2519510,1.5000,1.1274
2520010,1.5000,1.1338
2520510,1.5000,1.1347
2521010,1.5000,1.1322
2521510,1.5000,1.1210
2522010,1.5000,1.1234
2522510,1.5000,1.1169
2523010,1.5000,1.1540
2523510,1.5000,1.1419
2524010,1.5000,1.1081
2524510,1.5000,1.1218
2525010,1.5000,1.1322
2525510,1.5000,1.1266
2526010,1.5000,1.1395
2526510,1.5000,1.1274
2527010,1.5000,1.1347
2527510,1.5000,1.1355
2528010,1.5000,1.1387
2528510,1.5000,1.1274
2529010,1.5000,1.1218
2529510,1.5000,1.1347
2530010,1.5000,1.1322
2530510,1.5000,1.1508
2531010,1.5000,1.1338
2531510,1.5000,1.1314
2532010,1.5000,1.1387
2532510,1.5000,1.1395
2533010,1.5000,1.1266
2533510,1.5000,1.1298
2534010,1.5000,1.1355
2534510,1.5000,1.1250
2535010,1.5000,1.1347
2535510,1.5000,1.1371
2536010,1.5000,1.1403
2536510,1.5000,1.1395
2537010,1.5000,1.1338
2537510,1.5000,1.1371
2538010,1.5000,1.1347
2538510,1.5000,1.1347
2539010,1.5000,1.1322
2539510,1.5000,1.1475
2540010,1.5000,1.1403
2540510,1.5000,1.1419
2541010,1.5000,1.1322
2541510,1.5000,1.1314
2542010,1.5000,1.1338
2542510,1.5000,1.1314
2543010,1.5000,1.1403
2543510,1.5000,1.1266
2544010,1.5000,1.1347
2544510,1.5000,1.1355
2545010,1.5000,1.1338
2545510,1.5000,1.1604
2546010,1.5000,1.1347
2546510,1.5000,1.1371
2547010,1.5000,1.1419
2547510,1.5000,1.1387
2548010,1.5000,1.1524
2548510,1.5000,1.1371
2549010,1.5000,1.1347
2549510,1.5000,1.1387
2550010,1.5000,1.1338
2550510,1.5000,1.1451
2551010,1.5000,1.1242
2551510,1.5000,1.1338
2552010,1.5000,1.1484
2552510,1.5000,1.1242
2553010,1.5000,1.1250
2553510,1.5000,1.1387
2554010,1.5000,1.1274
2554510,1.5000,1.1193
2555010,1.5000,1.1242
2555510,1.5000,1.1435
2556010,1.5000,1.1427
2556510,1.5000,1.1306
2557010,1.5000,1.1298
2557510,1.5000,1.1258
2558010,1.5000,1.1226
2558510,1.5000,1.1306
2559010,1.5000,1.1371
2559510,1.5000,1.1435
2560010,1.5000,1.1371
2560510,1.5000,1.1322
2561010,1.5000,1.1371
2561510,1.5000,1.1411
2562010,1.5000,1.1387
2562510,1.5000,1.1419
2563010,1.5000,1.1347
2563510,1.5000,1.1306
2564010,1.5000,1.1274
2564510,1.5000,1.1258
2565010,1.5000,1.1475
2565510,1.5000,1.1218
2566010,1.5000,1.1475
2566510,1.5000,1.1347
2567010,1.5000,1.1403
2567510,1.5000,1.1459
2568010,1.5000,1.1338
2568510,1.5000,1.1338
2569010,1.5000,1.1475
2569510,1.5000,1.1363
2570010,1.5000,1.1338
2570510,1.5000,1.1371
2571010,1.5000,1.1475
2571510,1.5000,1.1347
2572010,1.5000,1.1379
2572510,1.5000,1.1347
2573010,1.5000,1.1330
2573510,1.5000,1.1379
2574010,1.5000,1.1419
2574510,1.5000,1.1266
2575010,1.5000,1.1435
2575510,1.5000,1.1242
2576010,1.5000,1.1524
2576510,1.5000,1.1363
2577010,1.5000,1.1475
2577510,1.5000,1.1363
2578010,1.5000,1.1387
2578510,1.5000,1.1338
2579010,1.5000,1.1419
2579510,1.5000,1.1379
2580010,1.5000,1.1363
2580510,1.5000,1.1347
2581010,1.5000,1.1347
2581510,1.5000,1.1363
2582010,1.5000,1.1524
2582510,1.5000,1.1387
2583010,1.5000,1.1387
2583510,1.5000,1.1355
2584010,1.5000,1.1403
2584510,1.5000,1.1403
2585010,1.5000,1.1363
2585510,1.5000,1.1347
2586010,1.5000,1.1347
2586510,1.5000,1.1451
2587010,1.5000,1.1556
2587510,1.5000,1.1403
2588010,1.5000,1.1419
2588510,1.5000,1.1379
2589010,1.5000,1.1355
2589510,1.5000,1.1322
2590010,1.5000,1.1427
2590510,1.5000,1.1371
2591010,1.5000,1.1371
2591510,1.5000,1.1371
2592010,1.5000,1.1330
2592510,1.5000,1.1355
2593010,1.5000,1.1427
2593510,1.5000,1.1419
2594010,1.5000,1.1443
2594510,1.5000,1.1403
2595010,1.5000,1.1387
2595510,1.5000,1.1475
2596010,1.5000,1.1419
2596510,1.5000,1.1355
2597010,1.5000,1.1451
2597510,1.5000,1.1355
2598010,1.5000,1.1355
2598510,1.5000,1.1371
2599010,1.5000,1.1435
2599510,1.5000,1.1347
2600010,1.5000,1.1129
2600510,1.5000,1.1459
2601010,1.5000,1.1363
2601510,1.5000,1.1427
2602010,1.5000,1.1322
2602510,1.5000,1.1387
2603010,1.5000,1.1403
2603510,1.5000,1.1443
2604010,1.5000,1.1419
2604510,1.5000,1.1363
2605010,1.5000,1.1355
2605510,1.5000,1.1459
2606010,1.5000,1.1427
2606510,1.5000,1.1403
2607010,1.5000,1.1427
2607510,1.5000,1.1379
2608010,1.5000,1.1443
2608510,1.5000,1.1451
2609010,1.5000,1.1419
2609510,1.5000,1.1290
2610010,1.5000,1.1347
2610510,1.5000,1.1355
2611010,1.5000,1.1419
2611510,1.5000,1.1395
2612010,1.5000,1.1403
2612510,1.5000,1.1419
2613010,1.5000,1.1089
2613510,1.5000,1.1419
2614010,1.5000,1.1379
2614510,1.5000,1.1540
2615010,1.5000,1.1443
2615510,1.5000,1.1435
2616010,1.5000,1.1330
2616510,1.5000,1.1403
2617010,1.5000,1.1403
2617510,1.5000,1.1322
2618010,1.5000,1.1338
2618510,1.5000,1.1387
2619010,1.5000,1.1443
2619510,1.5000,1.1355
2620010,1.5000,1.1484
2620510,1.5000,1.1387
2621010,1.5000,1.1306
2621510,1.5000,1.1338
2622010,1.5000,1.1451
2622510,1.5000,1.1371
2623010,1.5000,1.1475
2623510,1.5000,1.1451
2624010,1.5000,1.1467
2624510,1.5000,1.1427
2625010,1.5000,1.1435
2625510,1.5000,1.1435
2626010,1.5000,1.1403
2626510,1.5000,1.1403
2627010,1.5000,1.1395
2627510,1.5000,1.1395
2628010,1.5000,1.1475
2628510,1.5000,1.1371
2629010,1.5000,1.1443
2629510,1.5000,1.1459
2630010,1.5000,1.1451
2630510,1.5000,1.1419
2631010,1.5000,1.1451
2631510,1.5000,1.1419
2632010,1.5000,1.1347
2632510,1.5000,1.1314
2633010,1.5000,1.1234
2633510,1.5000,1.1395
2634010,1.5000,1.1371
2634510,1.5000,1.1387
2635010,1.5000,1.1693
2635510,1.5000,1.1403
2636010,1.5000,1.1427
2636510,1.5000,1.1475
2637010,1.5000,1.1347
2637510,1.5000,1.1347
2638010,1.5000,1.1395
2638510,1.5000,1.1395
2639010,1.5000,1.1355
2639510,1.5000,1.1419
2640010,1.5000,1.1427
2640510,1.5000,1.1532
2641010,1.5000,1.1427
2641510,1.5000,1.1355
2642010,1.5000,1.1330
2642510,1.5000,1.1516
2643010,1.5000,1.1467
2643510,1.5000,1.1338
2644010,1.5000,1.1419
2644510,1.5000,1.1379
2645010,1.5000,1.1322
2645510,1.5000,1.1459
2646010,1.5000,1.1387
2646510,1.5000,1.1355
2647010,1.5000,1.1443
2647510,1.5000,1.1451
2648010,1.5000,1.1379
2648510,1.5000,1.1371
2649010,1.5000,1.1435
2649510,1.5000,1.1395
2650010,1.5000,1.1371
2650510,1.5000,1.1347
2651010,1.5000,1.1290
2651510,1.5000,1.1475
2652010,1.5000,1.1379
2652510,1.5000,1.1475
2653010,1.5000,1.1419
2653510,1.5000,1.1435
2654010,1.5000,1.1274
2654510,1.5000,1.1419
2655010,1.5000,1.1387
2655510,1.5000,1.1298
2656010,1.5000,1.1395
2656510,1.5000,1.1387
2657010,1.5000,1.1355
2657510,1.5000,1.1371
2658010,1.5000,1.1435
2658510,1.5000,1.1427
2659010,1.5000,1.1355
2659510,1.5000,1.1467
2660010,1.5000,1.1355
2660510,1.5000,1.1403
2661010,1.5000,1.1379
2661510,1.5000,1.1782
2662010,1.5000,1.1475
2662510,1.5000,1.1532
2663010,1.5000,1.1347
2663510,1.5000,1.1177
2664010,1.5000,1.1371
2664510,1.5000,1.1379
2665010,1.5000,1.1338
2665510,1.5000,1.1403
2666010,1.5000,1.1532
2666510,1.5000,1.1355
2667010,1.5000,1.1862
2667510,1.5000,1.1250
2668010,1.5000,1.1427
2668510,1.5000,1.1338
2669010,1.5000,1.1355
2669510,1.5000,1.1395
2670010,1.5000,1.1419
2670510,1.5000,1.1484
2671010,1.5000,1.1298
2671510,1.5000,1.1355
2672010,1.5000,1.1451
2672510,1.5000,1.1338
2673010,1.5000,1.1459
2673510,1.5000,1.1371
2674010,1.5000,1.1387
2674510,1.5000,1.1363
2675010,1.5000,1.1347
2675510,1.5000,1.1435
2676010,1.5000,1.1451
2676510,1.5000,1.1484
2677010,1.5000,1.1451
2677510,1.5000,1.1347
2678010,1.5000,1.1395
2678510,1.5000,1.1451
2679010,1.5000,1.1290
2679510,1.5000,1.1451
2680010,1.5000,1.1475
2680510,1.5000,1.1435
2681010,1.5000,1.1500
2681510,1.5000,1.1347
2682010,1.5000,1.1475
2682510,1.5000,1.1556
2683010,1.5000,1.1459
2683510,1.5000,1.1395
2684010,1.5000,1.1403
2684510,1.5000,1.1467
2685010,1.5000,1.1379
2685510,1.5000,1.1371
2686010,1.5000,1.1419
2686510,1.5000,1.1395
2687010,1.5000,1.1443
2687510,1.5000,1.1459
2688010,1.5000,1.1274
2688510,1.5000,1.1467
2689010,1.5000,1.1403
2689510,1.5000,1.1451
2690010,1.5000,1.1467
2690510,1.5000,1.1314
2691010,1.5000,1.1475
2691510,1.5000,1.1363
2692010,1.5000,1.1403
2692510,1.5000,1.1387
2693010,1.5000,1.1548
2693510,1.5000,1.1459
2694010,1.5000,1.1435
2694510,1.5000,1.1363
2695010,1.5000,1.1443
2695510,1.5000,1.1484
2696010,1.5000,1.1419
2696510,1.5000,1.1347
2697010,1.5000,1.1484
2697510,1.5000,1.1459
2698010,1.5000,1.1435
2698510,1.5000,1.1467
2699010,1.5000,1.1347
2699510,1.5000,1.1347
2700010,1.5000,1.1443
2700510,1.5000,1.1475
2701010,1.5000,1.1475
2701510,1.5000,1.1306
2702010,1.5000,1.1419
2702510,1.5000,1.1435
2703010,1.5000,1.1475
2703510,1.5000,1.1427
2704010,1.5000,1.1475
2704510,1.5000,1.1435
2705010,1.5000,1.1355
2705510,1.5000,1.1371
2706010,1.5000,1.1419
2706510,1.5000,1.1403
2707010,1.5000,1.1427
2707510,1.5000,1.1475
2708010,1.5000,1.1451
2708510,1.5000,1.1347
2709010,1.5000,1.1435
2709510,1.5000,1.1435
2710010,1.5000,1.1435
2710510,1.5000,1.1451
2711010,1.5000,1.1451
2711510,1.5000,1.1347
2712010,1.5000,1.1395
2712510,1.5000,1.1451
2713010,1.5000,1.1475
2713510,1.5000,1.1467
2714010,1.5000,1.1500
2714510,1.5000,1.1467
2715010,1.5000,1.1467
2715510,1.5000,1.1371
2716010,1.5000,1.1363
2716510,1.5000,1.1467
2717010,1.5000,1.1419
2717510,1.5000,1.1484
2718010,1.5000,1.1403
2718510,1.5000,1.1484
2719010,1.5000,1.1403
2719510,1.5000,1.1484
2720010,1.5000,1.1451
2720510,1.5000,1.1435
2721010,1.5000,1.1379
2721510,1.5000,1.1475
2722010,1.5000,1.1371
2722510,1.5000,1.1903
2723010,1.5000,1.1475
2723510,1.5000,1.1347
2724010,1.5000,1.1419
2724510,1.5000,1.1395
2725010,1.5000,1.1403
2725510,1.5000,1.1419
2726010,1.5000,1.1459
2726510,1.5000,1.1516
2727010,1.5000,1.1298
2727510,1.5000,1.1338
2728010,1.5000,1.1475
2728510,1.5000,1.1210
2729010,1.5000,1.1403
2729510,1.5000,1.1314
2730010,1.5000,1.1338
2730510,1.5000,1.1475
2731010,1.5000,1.1403
2731510,1.5000,1.1467
2732010,1.5000,1.1347
2732510,1.5000,1.1467
2733010,1.5000,1.1322
2733510,1.5000,1.1395
2734010,1.5000,1.1338
2734510,1.5000,1.1411
2735010,1.5000,1.1403
2735510,1.5000,1.1355
2736010,1.5000,1.1387
2736510,1.5000,1.1355
2737010,1.5000,1.1435
2737510,1.5000,1.1427
2738010,1.5000,1.1419
2738510,1.5000,1.1258
2739010,1.5000,1.1363
2739510,1.5000,1.1475
2740010,1.5000,1.1475
2740510,1.5000,1.1419
2741010,1.5000,1.1387
2741510,1.5000,1.1347
2742010,1.5000,1.1347
2742510,1.5000,1.1387
2743010,1.5000,1.1379
2743510,1.5000,1.1467
2744010,1.5000,1.1467
2744510,1.5000,1.1451
2745010,1.5000,1.1443
2745510,1.5000,1.1427
2746010,1.5000,1.1524
2746510,1.5000,1.1475
2747010,1.5000,1.1459
2747510,1.5000,1.1443
2748010,1.5000,1.1451
2748510,1.5000,1.1435
2749010,1.5000,1.1475
2749510,1.5000,1.1475
2750010,1.5000,1.1371
2750510,1.5000,1.1330
2751010,1.5000,1.1475
2751510,1.5000,1.1403
2752010,1.5000,1.1435
2752510,1.5000,1.1387
2753010,1.5000,1.1459
2753510,1.5000,1.1363
2754010,1.5000,1.1500
2754510,1.5000,1.1467
2755010,1.5000,1.1475
2755510,1.5000,1.1475
2756010,1.5000,1.1475
2756510,1.5000,1.1467
2757010,1.5000,1.1379
2757510,1.5000,1.1492
2758010,1.5000,1.1475
2758510,1.5000,1.1451
2759010,1.5000,1.1484
2759510,1.5000,1.1435
2760010,1.5000,1.1330
2760510,1.5000,1.1427
2761010,1.5000,1.1395
2761510,1.5000,1.1548
2762010,1.5000,1.1467
2762510,1.5000,1.1475
2763010,1.5000,1.1540
2763510,1.5000,1.1492
2764010,1.5000,1.1218
2764510,1.5000,1.1475
2765010,1.5000,1.1427
2765510,1.5000,1.1443
2766010,1.5000,1.1330
2766510,1.5000,1.1419
2767010,1.5000,1.1459
2767510,1.5000,1.1508
2768010,1.5000,1.1435
2768510,1.5000,1.1355
2769010,1.5000,1.1427
2769510,1.5000,1.1435
2770010,1.5000,1.1556
2770510,1.5000,1.1532
2771010,1.5000,1.1314
2771510,1.5000,1.1443
2772010,1.5000,1.1596
2772510,1.5000,1.1524
2773010,1.5000,1.1484
2773510,1.5000,1.1475
2774010,1.5000,1.1475
2774510,1.5000,1.1403
2775010,1.5000,1.1355
2775510,1.5000,1.1475
2776010,1.5000,1.1516
2776510,1.5000,1.1475
2777010,1.5000,1.1596
2777510,1.5000,1.1467
2778010,1.5000,1.1484
2778510,1.5000,1.1532
2779010,1.5000,1.1387
2779510,1.5000,1.1435
2780010,1.5000,1.1411
2780510,1.5000,1.1580
2781010,1.5000,1.1508
2781510,1.5000,1.1467
2782010,1.5000,1.1395
2782510,1.5000,1.1475
2783010,1.5000,1.1443
2783510,1.5000,1.1355
2784010,1.5000,1.1492
2784510,1.5000,1.1492
2785010,1.5000,1.1492
2785510,1.5000,1.1475
2786010,1.5000,1.1556
2786510,1.5000,1.1435
2787010,1.5000,1.1435
2787510,1.5000,1.1548
2788010,1.5000,1.1475
2788510,1.5000,1.1435
2789010,1.5000,1.1435
2789510,1.5000,1.1435
2790010,1.5000,1.1435
2790510,1.5000,1.1451
2791010,1.5000,1.1435
2791510,1.5000,1.1467
2792010,1.5000,1.1459
2792510,1.5000,1.1588
2793010,1.5000,1.1475
2793510,1.5000,1.1475
2794010,1.5000,1.1411
2794510,1.5000,1.1484
2795010,1.5000,1.1451
2795510,1.5000,1.1475
2796010,1.5000,1.1403
2796510,1.5000,1.1467
2797010,1.5000,1.1379
2797510,1.5000,1.1459
2798010,1.5000,1.1459
2798510,1.5000,1.1475
2799010,1.5000,1.1500
2799510,1.5000,1.1484
2800010,1.5000,1.1306
2800510,1.5000,1.1484
2801010,1.5000,1.1475
2801510,1.5000,1.1435
2802010,1.5000,1.1451
2802510,1.5000,1.1475
2803010,1.5000,1.1419
2803510,1.5000,1.1467
2804010,1.5000,1.1443
2804510,1.5000,1.1419
2805010,1.5000,1.1596
2805510,1.5000,1.1435
2806010,1.5000,1.1371
2806510,1.5000,1.1564
2807010,1.5000,1.1484
2807510,1.5000,1.1387
2808010,1.5000,1.1500
2808510,1.5000,1.1435
2809010,1.5000,1.1484
2809510,1.5000,1.1338
2810010,1.5000,1.1467
2810510,1.5000,1.1451
2811010,1.5000,1.1653
2811510,1.5000,1.1484
2812010,1.5000,1.1427
2812510,1.5000,1.1524
2813010,1.5000,1.1451
2813510,1.5000,1.1395
2814010,1.5000,1.1475
2814510,1.5000,1.1379
2815010,1.5000,1.1524
2815510,1.5000,1.1419
2816010,1.5000,1.1435
2816510,1.5000,1.1484
2817010,1.5000,1.1782
2817510,1.5000,1.1475
2818010,1.5000,1.1435
2818510,1.5000,1.1467
2819010,1.5000,1.1443
2819510,1.5000,1.1467
2820010,1.5000,1.1508
2820510,1.5000,1.1459
2821010,1.5000,1.1475
2821510,1.5000,1.1475
2822010,1.5000,1.1588
2822510,1.5000,1.1403
2823010,1.5000,1.1387
2823510,1.5000,1.1403
2824010,1.5000,1.1427
2824510,1.5000,1.1387
2825010,1.5000,1.1403
2825510,1.5000,1.1475
2826010,1.5000,1.1411
2826510,1.5000,1.1492
2827010,1.5000,1.1387
2827510,1.5000,1.1451
2828010,1.5000,1.1532
2828510,1.5000,1.1645
2829010,1.5000,1.1403
2829510,1.5000,1.1355
2830010,1.5000,1.1459
2830510,1.5000,1.1500
2831010,1.5000,1.1419
2831510,1.5000,1.1403
2832010,1.5000,1.1451
2832510,1.5000,1.1475
2833010,1.5000,1.1524
2833510,1.5000,1.1508
2834010,1.5000,1.1451
2834510,1.5000,1.1475
2835010,1.5000,1.1508
2835510,1.5000,1.1475
2836010,1.5000,1.1427
2836510,1.5000,1.1500
2837010,1.5000,1.1475
2837510,1.5000,1.1467
2838010,1.5000,1.1387
2838510,1.5000,1.1475
2839010,1.5000,1.1475
2839510,1.5000,1.1467
2840010,1.5000,1.1475
2840510,1.5000,1.1467
2841010,1.5000,1.1459
2841510,1.5000,1.1492
2842010,1.5000,1.1475
2842510,1.5000,1.1524
2843010,1.5000,1.1508
2843510,1.5000,1.1467
2844010,1.5000,1.1403
2844510,1.5000,1.1403
2845010,1.5000,1.1500
2845510,1.5000,1.1403
2846010,1.5000,1.1475
2846510,1.5000,1.1475
2847010,1.5000,1.1363
2847510,1.5000,1.1443
2848010,1.5000,1.1395
2848510,1.5000,1.1475
2849010,1.5000,1.1451
2849510,1.5000,1.1467
2850010,1.5000,1.1363
2850510,1.5000,1.1467
2851010,1.5000,1.1508
2851510,1.5000,1.1475
2852010,1.5000,1.1363
2852510,1.5000,1.1475
2853010,1.5000,1.1306
2853510,1.5000,1.1524
2854010,1.5000,1.1548
2854510,1.5000,1.1459
2855010,1.5000,1.1459
2855510,1.5000,1.1475
2856010,1.5000,1.1314
2856510,1.5000,1.1403
2857010,1.5000,1.1459
2857510,1.5000,1.1475
2858010,1.5000,1.1500
2858510,1.5000,1.1475
2859010,1.5000,1.1516
2859510,1.5000,1.1411
2860010,1.5000,1.1475
2860510,1.5000,1.1459
2861010,1.5000,1.1443
2861510,1.5000,1.1475
2862010,1.5000,1.1475
2862510,1.5000,1.1451
2863010,1.5000,1.1435
2863510,1.5000,1.1395
2864010,1.5000,1.1427
2864510,1.5000,1.1604
2865010,1.5000,1.1419
2865510,1.5000,1.1516
2866010,1.5000,1.1459
2866510,1.5000,1.1467
2867010,1.5000,1.1492
2867510,1.5000,1.1371
2868010,1.5000,1.1484
2868510,1.5000,1.1403
2869010,1.5000,1.1459
2869510,1.5000,1.1443
2870010,1.5000,1.1508
2870510,1.5000,1.1459
2871010,1.5000,1.1500
2871510,1.5000,1.1355
2872010,1.5000,1.1451
2872510,1.5000,1.1500
2873010,1.5000,1.1330
2873510,1.5000,1.1419
2874010,1.5000,1.1475
2874510,1.5000,1.1484
2875010,1.5000,1.1395
2875510,1.5000,1.1475
2876010,1.5000,1.1475
2876510,1.5000,1.1516
2877010,1.5000,1.1467
2877510,1.5000,1.1467
2878010,1.5000,1.1475
2878510,1.5000,1.1427
2879010,1.5000,1.1419
2879510,1.5000,1.1484
2880010,1.5000,1.1387
2880510,1.5000,1.1596
2881010,1.5000,1.1475
2881510,1.5000,1.1475
2882010,1.5000,1.1314
2882510,1.5000,1.1459
2883010,1.5000,1.1516
2883510,1.5000,1.1475
2884010,1.5000,1.1363
2884510,1.5000,1.1475
2885010,1.5000,1.1427
2885510,1.5000,1.1451
2886010,1.5000,1.1435
2886510,1.5000,1.1387
2887010,1.5000,1.1475
2887510,1.5000,1.1395
2888010,1.5000,1.1484
2888510,1.5000,1.1475
2889010,1.5000,1.1500
2889510,1.5000,1.1379
2890010,1.5000,1.1475
2890510,1.5000,1.1451
2891010,1.5000,1.1419
2891510,1.5000,1.1475
2892010,1.5000,1.1290
2892510,1.5000,1.1516
2893010,1.5000,1.1484
2893510,1.5000,1.1475
2894010,1.5000,1.1427
2894510,1.5000,1.1451
2895010,1.5000,1.1459
2895510,1.5000,1.1242
2896010,1.5000,1.1475
2896510,1.5000,1.1524
2897010,1.5000,1.1475
2897510,1.5000,1.1363
2898010,1.5000,1.1516
2898510,1.5000,1.1467
2899010,1.5000,1.1484
2899510,1.5000,1.1435
2900010,1.5000,1.1427
2900510,1.5000,1.1403
2901010,1.5000,1.1371
2901510,1.5000,1.1467
2902010,1.5000,1.1516
2902510,1.5000,1.1475
2903010,1.5000,1.1564
2903510,1.5000,1.1403
2904010,1.5000,1.1467
2904510,1.5000,1.1467
2905010,1.5000,1.1508
2905510,1.5000,1.1355
2906010,1.5000,1.1604
2906510,1.5000,1.1516
2907010,1.5000,1.1548
2907510,1.5000,1.1500
2908010,1.5000,1.1459
2908510,1.5000,1.1516
2909010,1.5000,1.1500
2909510,1.5000,1.1475
2910010,1.5000,1.1484
2910510,1.5000,1.1371
2911010,1.5000,1.1363
2911510,1.5000,1.1524
2912010,1.5000,1.1532
2912510,1.5000,1.1467
2913010,1.5000,1.1427
2913510,1.5000,1.1403
2914010,1.5000,1.1475
2914510,1.5000,1.1435
2915010,1.5000,1.1451
2915510,1.5000,1.1492
2916010,1.5000,1.1467
2916510,1.5000,1.1475
2917010,1.5000,1.1500
2917510,1.5000,1.1475
2918010,1.5000,1.1475
2918510,1.5000,1.1467
2919010,1.5000,1.1500
2919510,1.5000,1.1467
2920010,1.5000,1.1604
2920510,1.5000,1.1459
2921010,1.5000,1.1637
2921510,1.5000,1.1492
2922010,1.5000,1.1467
2922510,1.5000,1.1508
2923010,1.5000,1.1564
2923510,1.5000,1.1475
2924010,1.5000,1.1451
2924510,1.5000,1.1475
2925010,1.5000,1.1500
2925510,1.5000,1.1564
2926010,1.5000,1.1572
2926510,1.5000,1.1733
2927010,1.5000,1.1403
2927510,1.5000,1.1475
2928010,1.5000,1.1459
2928510,1.5000,1.1556
2929010,1.5000,1.1467
2929510,1.5000,1.1403
2930010,1.5000,1.1403
2930510,1.5000,1.1524
2931010,1.5000,1.1612
2931510,1.5000,1.1580
2932010,1.5000,1.1604
2932510,1.5000,1.1443
2933010,1.5000,1.1532
2933510,1.5000,1.1475
2934010,1.5000,1.1475
2934510,1.5000,1.1459
2935010,1.5000,1.1306
2935510,1.5000,1.1467
2936010,1.5000,1.1475
2936510,1.5000,1.1475
2937010,1.5000,1.1500
2937510,1.5000,1.1459
2938010,1.5000,1.1500
2938510,1.5000,1.1492
2939010,1.5000,1.1475
2939510,1.5000,1.1524
2940010,1.5000,1.1484
2940510,1.5000,1.1492
2941010,1.5000,1.1604
2941510,1.5000,1.1532
2942010,1.5000,1.1588
2942510,1.5000,1.1475
2943010,1.5000,1.1492
2943510,1.5000,1.1669
2944010,1.5000,1.1492
2944510,1.5000,1.1733
2945010,1.5000,1.1516
2945510,1.5000,1.1475
2946010,1.5000,1.1548
2946510,1.5000,1.1475
2947010,1.5000,1.1475
2947510,1.5000,1.1435
2948010,1.5000,1.1508
2948510,1.5000,1.1492
2949010,1.5000,1.1604
2949510,1.5000,1.1451
2950010,1.5000,1.1467
2950510,1.5000,1.1556
2951010,1.5000,1.1516
2951510,1.5000,1.1459
2952010,1.5000,1.1475
2952510,1.5000,1.1596
2953010,1.5000,1.1596
2953510,1.5000,1.1733
2954010,1.5000,1.1492
2954510,1.5000,1.1467
2955010,1.5000,1.1451
2955510,1.5000,1.1532
2956010,1.5000,1.1347
2956510,1.5000,1.1508
2957010,1.5000,1.1604
2957510,1.5000,1.1596
2958010,1.5000,1.1484
2958510,1.5000,1.1532
2959010,1.5000,1.1467
2959510,1.5000,1.1580
2960010,1.5000,1.1564
2960510,1.5000,1.1403
2961010,1.5000,1.1419
2961510,1.5000,1.1532
2962010,1.5000,1.1475
2962510,1.5000,1.1500
2963010,1.5000,1.1492
2963510,1.5000,1.1467
2964010,1.5000,1.1475
2964510,1.5000,1.1782
2965010,1.5000,1.1459
2965510,1.5000,1.1629
2966010,1.5000,1.1532
2966510,1.5000,1.1306
2967010,1.5000,1.1459
2967510,1.5000,1.1588
2968010,1.5000,1.1572
2968510,1.5000,1.1564
2969010,1.5000,1.1500
2969510,1.5000,1.1556
2970010,1.5000,1.1427
2970510,1.5000,1.1492
2971010,1.5000,1.1443
2971510,1.5000,1.1484
2972010,1.5000,1.1596
2972510,1.5000,1.1532
2973010,1.5000,1.1564
2973510,1.5000,1.1508
2974010,1.5000,1.1475
2974510,1.5000,1.1516
2975010,1.5000,1.1475
2975510,1.5000,1.1596
2976010,1.5000,1.1475
2976510,1.5000,1.1548
2977010,1.5000,1.1451
2977510,1.5000,1.1540
2978010,1.5000,1.1532
2978510,1.5000,1.1427
2979010,1.5000,1.1572
2979510,1.5000,1.1516
2980010,1.5000,1.1451
2980510,1.5000,1.1435
2981010,1.5000,1.1564
2981510,1.5000,1.1484
2982010,1.5000,1.1524
2982510,1.5000,1.1524
2983010,1.5000,1.1355
2983510,1.5000,1.1475
2984010,1.5000,1.1572
2984510,1.5000,1.1516
2985010,1.5000,1.1435
2985510,1.5000,1.1403
2986010,1.5000,1.1532
2986510,1.5000,1.1234
2987010,1.5000,1.1548
2987510,1.5000,1.1588
2988010,1.5000,1.1588
2988510,1.5000,1.1492
2989010,1.5000,1.1548
2989510,1.5000,1.1733
2990010,1.5000,1.1492
2990510,1.5000,1.1492
2991010,1.5000,1.1524
2991510,1.5000,1.1475
2992010,1.5000,1.1475
2992510,1.5000,1.1371
2993010,1.5000,1.1475
2993510,1.5000,1.1548
2994010,1.5000,1.1548
2994510,1.5000,1.1484
2995010,1.5000,1.1475
2995510,1.5000,1.1475
2996010,1.5000,1.1500
2996510,1.5000,1.1588
2997010,1.5000,1.1475
2997510,1.5000,1.1475
2998010,1.5000,1.1516
2998510,1.5000,1.1492
2999010,1.5000,1.1484
2999510,1.5000,1.1459
3000010,1.5000,1.1475
3000510,1.5000,1.1484
3001010,1.5000,1.1508
3001510,1.5000,1.1484
3002010,1.5000,1.1475
3002510,1.5000,1.1516
3003010,1.5000,1.1500
3003510,1.5000,1.1604
3004010,1.5000,1.1733
3004510,1.5000,1.1596
3005010,1.5000,1.1532
3005510,1.5000,1.1556
3006010,1.5000,1.1564
3006510,1.5000,1.1548
3007010,1.5000,1.1532
3007510,1.5000,1.1484
3008010,1.5000,1.1540
3008510,1.5000,1.1725
3009010,1.5000,1.1500
3009510,1.5000,1.1467
3010010,1.5000,1.1427
3010510,1.5000,1.1572
3011010,1.5000,1.1492
3011510,1.5000,1.1612
3012010,1.5000,1.1621
3012510,1.5000,1.1645
3013010,1.5000,1.1475
3013510,1.5000,1.1500
3014010,1.5000,1.1347
3014510,1.5000,1.1629
3015010,1.5000,1.1492
3015510,1.5000,1.1475
3016010,1.5000,1.1612
3016510,1.5000,1.1532
3017010,1.5000,1.1475
3017510,1.5000,1.1500
3018010,1.5000,1.1475
3018510,1.5000,1.1492
3019010,1.5000,1.1556
3019510,1.5000,1.1500
3020010,1.5000,1.1556
3020510,1.5000,1.1500
3021010,1.5000,1.1338
3021510,1.5000,1.1580
3022010,1.5000,1.1467
3022510,1.5000,1.1516
3023010,1.5000,1.1645
3023510,1.5000,1.1524
3024010,1.5000,1.1532
3024510,1.5000,1.1564
3025010,1.5000,1.1596
3025510,1.5000,1.1580
3026010,1.5000,1.1467
3026510,1.5000,1.1564
3027010,1.5000,1.1467
3027510,1.5000,1.1596
3028010,1.5000,1.1467
3028510,1.5000,1.1612
3029010,1.5000,1.1532
3029510,1.5000,1.1717
3030010,1.5000,1.1604
3030510,1.5000,1.1524
3031010,1.5000,1.1604
3031510,1.5000,1.1475
3032010,1.5000,1.1475
3032510,1.5000,1.1572
3033010,1.5000,1.1588
3033510,1.5000,1.1532
3034010,1.5000,1.1588
3034510,1.5000,1.1596
3035010,1.5000,1.1492
3035510,1.5000,1.1564
3036010,1.5000,1.1661
3036510,1.5000,1.1492
3037010,1.5000,1.1443
3037510,1.5000,1.1564
3038010,1.5000,1.1580
3038510,1.5000,1.1524
3039010,1.5000,1.1588
3039510,1.5000,1.1596
3040010,1.5000,1.1548
3040510,1.5000,1.1564
3041010,1.5000,1.1588
3041510,1.5000,1.1621
3042010,1.5000,1.1524
3042510,1.5000,1.1596
3043010,1.5000,1.1612
3043510,1.5000,1.1580
3044010,1.5000,1.1564
3044510,1.5000,1.1524
3045010,1.5000,1.1516
3045510,1.5000,1.1475
3046010,1.5000,1.1596
3046510,1.5000,1.1564
3047010,1.5000,1.1516
3047510,1.5000,1.1548
3048010,1.5000,1.1548
3048510,1.5000,1.1580
3049010,1.5000,1.1604
3049510,1.5000,1.1475
3050010,1.5000,1.1548
3050510,1.5000,1.1621
3051010,1.5000,1.1612
3051510,1.5000,1.1516
3052010,1.5000,1.1596
3052510,1.5000,1.1459
3053010,1.5000,1.1572
3053510,1.5000,1.1572
3054010,1.5000,1.1645
3054510,1.5000,1.1572
3055010,1.5000,1.1467
3055510,1.5000,1.1580
3056010,1.5000,1.1685
3056510,1.5000,1.1572
3057010,1.5000,1.1596
3057510,1.5000,1.1532
3058010,1.5000,1.1435
3058510,1.5000,1.1516
3059010,1.5000,1.1685
3059510,1.5000,1.1629
3060010,1.5000,1.1621
3060510,1.5000,1.1596
3061010,1.5000,1.1572
3061510,1.5000,1.1492
3062010,1.5000,1.1475
3062510,1.5000,1.1484
3063010,1.5000,1.1427
3063510,1.5000,1.1540
3064010,1.5000,1.1532
3064510,1.5000,1.1580
3065010,1.5000,1.1564
3065510,1.5000,1.1516
3066010,1.5000,1.1548
3066510,1.5000,1.1596
3067010,1.5000,1.1580
3067510,1.5000,1.1596
3068010,1.5000,1.1588
3068510,1.5000,1.1733
3069010,1.5000,1.1564
3069510,1.5000,1.1580
3070010,1.5000,1.1532
3070510,1.5000,1.1580
3071010,1.5000,1.1645
3071510,1.5000,1.1572
3072010,1.5000,1.1604
3072510,1.5000,1.1548
3073010,1.5000,1.1572
3073510,1.5000,1.1580
3074010,1.5000,1.1524
3074510,1.5000,1.1532
3075010,1.5000,1.1548
3075510,1.5000,1.1637
3076010,1.5000,1.1475
3076510,1.5000,1.1524
3077010,1.5000,1.1604
3077510,1.5000,1.1621
3078010,1.5000,1.1475
3078510,1.5000,1.1556
3079010,1.5000,1.1492
3079510,1.5000,1.1475
3080010,1.5000,1.1580
3080510,1.5000,1.1524
3081010,1.5000,1.1532
3081510,1.5000,1.1604
3082010,1.5000,1.1612
3082510,1.5000,1.1500
3083010,1.5000,1.1524
3083510,1.5000,1.1596
3084010,1.5000,1.1621
3084510,1.5000,1.1717
3085010,1.5000,1.1467
3085510,1.5000,1.1596
3086010,1.5000,1.1588
3086510,1.5000,1.1492
3087010,1.5000,1.1580
3087510,1.5000,1.1548
3088010,1.5000,1.1532
3088510,1.5000,1.1516
3089010,1.5000,1.1645
3089510,1.5000,1.1532
3090010,1.5000,1.1588
3090510,1.5000,1.1588
3091010,1.5000,1.1629
3091510,1.5000,1.1629
3092010,1.5000,1.1604
3092510,1.5000,1.1580
3093010,1.5000,1.1588
3093510,1.5000,1.1484
3094010,1.5000,1.1604
3094510,1.5000,1.1556
3095010,1.5000,1.1604
3095510,1.5000,1.1580
3096010,1.5000,1.1653
3096510,1.5000,1.1733
3097010,1.5000,1.1604
3097510,1.5000,1.1596
3098010,1.5000,1.1508
3098510,1.5000,1.1612
3099010,1.5000,1.1556
3099510,1.5000,1.1435
3100010,1.5000,1.1612
3100510,1.5000,1.1524
3101010,1.5000,1.1492
3101510,1.5000,1.1564
3102010,1.5000,1.1556
3102510,1.5000,1.1524
3103010,1.5000,1.1604
3103510,1.5000,1.1669
3104010,1.5000,1.1355
3104510,1.5000,1.1564
3105010,1.5000,1.1596
3105510,1.5000,1.1548
3106010,1.5000,1.1475
3106510,1.5000,1.1564
3107010,1.5000,1.1564
3107510,1.5000,1.1621
3108010,1.5000,1.1621
3108510,1.5000,1.1612
3109010,1.5000,1.1612
3109510,1.5000,1.1355
3110010,1.5000,1.1588
3110510,1.5000,1.1629
3111010,1.5000,1.1532
3111510,1.5000,1.1564
3112010,1.5000,1.1556
3112510,1.5000,1.1508
3113010,1.5000,1.1621
3113510,1.5000,1.1596
3114010,1.5000,1.1782
3114510,1.5000,1.1556
3115010,1.5000,1.1548
3115510,1.5000,1.1556
3116010,1.5000,1.1484
3116510,1.5000,1.1508
3117010,1.5000,1.1588
3117510,1.5000,1.1661
3118010,1.5000,1.1612
3118510,1.5000,1.1580
3119010,1.5000,1.1475
3119510,1.5000,1.1596
3120010,1.5000,1.1572
3120510,1.5000,1.1572
3121010,1.5000,1.1532
3121510,1.5000,1.1580
3122010,1.5000,1.1629
3122510,1.5000,1.1524
3123010,1.5000,1.1484
3123510,1.5000,1.1500
3124010,1.5000,1.1725
3124510,1.5000,1.1540
3125010,1.5000,1.1580
3125510,1.5000,1.1475
3126010,1.5000,1.1588
3126510,1.5000,1.1596
3127010,1.5000,1.1580
3127510,1.5000,1.1612
3128010,1.5000,1.1604
3128510,1.5000,1.1338
3129010,1.5000,1.1621
3129510,1.5000,1.1709
3130010,1.5000,1.1645
3130510,1.5000,1.1524
3131010,1.5000,1.1516
3131510,1.5000,1.1621
3132010,1.5000,1.1572
3132510,1.5000,1.1621
3133010,1.5000,1.1548
3133510,1.5000,1.1596
3134010,1.5000,1.1685
3134510,1.5000,1.1645
3135010,1.5000,1.1733
3135510,1.5000,1.1629
3136010,1.5000,1.1484
3136510,1.5000,1.1612
3137010,1.5000,1.1741
3137510,1.5000,1.1645
3138010,1.5000,1.1645
3138510,1.5000,1.1508
3139010,1.5000,1.1677
3139510,1.5000,1.1564
3140010,1.5000,1.1524
3140510,1.5000,1.1588
3141010,1.5000,1.1516
3141510,1.5000,1.1500
3142010,1.5000,1.1604
3142510,1.5000,1.1508
3143010,1.5000,1.1596
3143510,1.5000,1.1580
3144010,1.5000,1.1709
3144510,1.5000,1.1645
3145010,1.5000,1.1484
3145510,1.5000,1.1556
3146010,1.5000,1.1572
3146510,1.5000,1.1500
3147010,1.5000,1.1653
3147510,1.5000,1.1596
3148010,1.5000,1.1725
3148510,1.5000,1.1669
3149010,1.5000,1.1653
3149510,1.5000,1.1629
3150010,1.5000,1.1604
3150510,1.5000,1.1580
3151010,1.5000,1.1653
3151510,1.5000,1.1612
3152010,1.5000,1.1653
3152510,1.5000,1.1379
3153010,1.5000,1.1524
3153510,1.5000,1.1556
3154010,1.5000,1.1580
3154510,1.5000,1.1612
3155010,1.5000,1.1645
3155510,1.5000,1.1612
3156010,1.5000,1.1645
3156510,1.5000,1.1475
3157010,1.5000,1.1580
3157510,1.5000,1.1741
3158010,1.5000,1.1467
3158510,1.5000,1.1604
3159010,1.5000,1.1572
3159510,1.5000,1.1661
3160010,1.5000,1.1612
3160510,1.5000,1.1387
3161010,1.5000,1.1629
3161510,1.5000,1.1580
3162010,1.5000,1.1532
3162510,1.5000,1.1645
3163010,1.5000,1.1564
3163510,1.5000,1.1604
3164010,1.5000,1.1604
3164510,1.5000,1.1516
3165010,1.5000,1.1612
3165510,1.5000,1.1580
3166010,1.5000,1.1629
3166510,1.5000,1.1532
3167010,1.5000,1.1564
3167510,1.5000,1.1475
3168010,1.5000,1.1475
3168510,1.5000,1.1588
3169010,1.5000,1.1629
3169510,1.5000,1.1532
3170010,1.5000,1.1621
3170510,1.5000,1.1588
3171010,1.5000,1.1588
3171510,1.5000,1.1612
3172010,1.5000,1.1717
3172510,1.5000,1.1500
3173010,1.5000,1.1564
3173510,1.5000,1.1629
3174010,1.5000,1.1621
3174510,1.5000,1.1564
3175010,1.5000,1.1532
3175510,1.5000,1.1556
3176010,1.5000,1.1524
3176510,1.5000,1.1645
3177010,1.5000,1.1500
3177510,1.5000,1.1540
3178010,1.5000,1.1661
3178510,1.5000,1.1580
3179010,1.5000,1.1548
3179510,1.5000,1.1629
3180010,1.5000,1.1645
3180510,1.5000,1.1596
3181010,1.5000,1.1564
3181510,1.5000,1.1475
3182010,1.5000,1.1604
3182510,1.5000,1.1500
3183010,1.5000,1.1596
3183510,1.5000,1.1371
3184010,1.5000,1.1629
3184510,1.5000,1.1612
3185010,1.5000,1.1653
3185510,1.5000,1.1508
3186010,1.5000,1.1556
3186510,1.5000,1.1693
3187010,1.5000,1.1733
3187510,1.5000,1.1475
3188010,1.5000,1.1596
3188510,1.5000,1.1621
3189010,1.5000,1.1621
3189510,1.5000,1.1492
3190010,1.5000,1.1516
3190510,1.5000,1.1580
3191010,1.5000,1.1661
3191510,1.5000,1.1653
3192010,1.5000,1.1604
3192510,1.5000,1.1475
3193010,1.5000,1.1596
3193510,1.5000,1.1645
3194010,1.5000,1.1612
3194510,1.5000,1.1532
3195010,1.5000,1.1677
3195510,1.5000,1.1604
3196010,1.5000,1.1596
3196510,1.5000,1.1556
3197010,1.5000,1.1693
3197510,1.5000,1.1701
3198010,1.5000,1.1548
3198510,1.5000,1.1475
3199010,1.5000,1.1475
3199510,1.5000,1.1629
3200010,1.5000,1.1612
3200510,1.5000,1.1475
3201010,1.5000,1.1612
3201510,1.5000,1.1596
3202010,1.5000,1.1588
3202510,1.5000,1.1637
3203010,1.5000,1.1621
3203510,1.5000,1.1580
3204010,1.5000,1.1556
3204510,1.5000,1.1604
3205010,1.5000,1.1306
3205510,1.5000,1.1564
3206010,1.5000,1.1564
3206510,1.5000,1.1548
3207010,1.5000,1.1661
3207510,1.5000,1.1604
3208010,1.5000,1.1508
3208510,1.5000,1.1677
3209010,1.5000,1.1637
3209510,1.5000,1.1443
3210010,1.5000,1.1661
3210510,1.5000,1.1604
3211010,1.5000,1.1637
3211510,1.5000,1.1508
3212010,1.5000,1.1580
3212510,1.5000,1.1492
3213010,1.5000,1.1621
3213510,1.5000,1.1709
3214010,1.5000,1.1669
3214510,1.5000,1.1580
3215010,1.5000,1.1588
3215510,1.5000,1.1621
3216010,1.5000,1.1645
3216510,1.5000,1.1612
3217010,1.5000,1.1596
3217510,1.5000,1.1621
3218010,1.5000,1.1661
3218510,1.5000,1.1629
3219010,1.5000,1.1677
3219510,1.5000,1.1701
3220010,1.5000,1.1580
3220510,1.5000,1.1532
3221010,1.5000,1.1653
3221510,1.5000,1.1733
3222010,1.5000,1.1612
3222510,1.5000,1.1749
3223010,1.5000,1.1733
3223510,1.5000,1.1596
3224010,1.5000,1.1572
3224510,1.5000,1.1661
3225010,1.5000,1.1733
3225510,1.5000,1.1733
3226010,1.5000,1.1556
3226510,1.5000,1.1604
3227010,1.5000,1.1596
3227510,1.5000,1.1637
3228010,1.5000,1.1645
3228510,1.5000,1.1629
3229010,1.5000,1.1612
3229510,1.5000,1.1629
3230010,1.5000,1.1588
3230510,1.5000,1.1612
3231010,1.5000,1.1524
3231510,1.5000,1.1548
3232010,1.5000,1.1604
3232510,1.5000,1.1661
3233010,1.5000,1.1629
3233510,1.5000,1.1314
3234010,1.5000,1.1556
3234510,1.5000,1.1629
3235010,1.5000,1.1749
3235510,1.5000,1.1661
3236010,1.5000,1.1475
3236510,1.5000,1.1629
3237010,1.5000,1.1604
3237510,1.5000,1.1588
3238010,1.5000,1.1685
3238510,1.5000,1.1733
3239010,1.5000,1.1709
3239510,1.5000,1.1532
3240010,1.5000,1.1451
3240510,1.5000,1.1669
3241010,1.5000,1.1693
3241510,1.5000,1.1661
3242010,1.5000,1.1516
3242510,1.5000,1.1629
3243010,1.5000,1.1685
3243510,1.5000,1.1733
3244010,1.5000,1.1475
3244510,1.5000,1.1677
3245010,1.5000,1.1661
3245510,1.5000,1.1451
3246010,1.5000,1.1733
3246510,1.5000,1.1564
3247010,1.5000,1.1645
3247510,1.5000,1.1532
3248010,1.5000,1.1516
3248510,1.5000,1.1693
3249010,1.5000,1.1653
3249510,1.5000,1.1629
3250010,1.5000,1.1621
3250510,1.5000,1.1629
3251010,1.5000,1.1596
3251510,1.5000,1.1653
3252010,1.5000,1.1733
3252510,1.5000,1.1572
3253010,1.5000,1.1629
3253510,1.5000,1.1741
3254010,1.5000,1.1524
3254510,1.5000,1.1484
3255010,1.5000,1.1516
3255510,1.5000,1.1629
3256010,1.5000,1.1733
3256510,1.5000,1.1572
3257010,1.5000,1.1661
3257510,1.5000,1.1604
3258010,1.5000,1.1725
3258510,1.5000,1.1645
3259010,1.5000,1.1733
3259510,1.5000,1.1621
3260010,1.5000,1.1604
3260510,1.5000,1.1645
3261010,1.5000,1.1621
3261510,1.5000,1.1645
3262010,1.5000,1.1677
3262510,1.5000,1.1653
3263010,1.5000,1.1588
3263510,1.5000,1.1733
3264010,1.5000,1.1596
3264510,1.5000,1.1637
3265010,1.5000,1.1564
3265510,1.5000,1.1693
3266010,1.5000,1.1677
3266510,1.5000,1.1532
3267010,1.5000,1.1596
3267510,1.5000,1.1701
3268010,1.5000,1.1645
3268510,1.5000,1.1556
3269010,1.5000,1.1645
3269510,1.5000,1.1846
3270010,1.5000,1.1532
3270510,1.5000,1.1717
3271010,1.5000,1.1685
3271510,1.5000,1.1717
3272010,1.5000,1.1709
3272510,1.5000,1.1548
3273010,1.5000,1.1629
3273510,1.5000,1.1677
3274010,1.5000,1.1645
3274510,1.5000,1.1725
3275010,1.5000,1.1500
3275510,1.5000,1.1629
3276010,1.5000,1.1685
3276510,1.5000,1.1524
3277010,1.5000,1.1653
3277510,1.5000,1.1693
3278010,1.5000,1.1653
3278510,1.5000,1.1685
3279010,1.5000,1.1645
3279510,1.5000,1.1532
3280010,1.5000,1.1612
3280510,1.5000,1.1661
3281010,1.5000,1.1540
3281510,1.5000,1.1548
3282010,1.5000,1.1645
3282510,1.5000,1.1685
3283010,1.5000,1.1685
3283510,1.5000,1.1693
3284010,1.5000,1.1572
3284510,1.5000,1.1524
3285010,1.5000,1.1629
3285510,1.5000,1.1621
3286010,1.5000,1.1677
3286510,1.5000,1.1725
3287010,1.5000,1.1677
3287510,1.5000,1.1774
3288010,1.5000,1.1733
3288510,1.5000,1.1693
3289010,1.5000,1.1621
3289510,1.5000,1.1725
3290010,1.5000,1.1725
3290510,1.5000,1.1637
3291010,1.5000,1.1612
3291510,1.5000,1.1685
3292010,1.5000,1.1685
3292510,1.5000,1.1693
3293010,1.5000,1.1725
3293510,1.5000,1.1645
3294010,1.5000,1.1701
3294510,1.5000,1.1653
3295010,1.5000,1.1701
3295510,1.5000,1.1645
3296010,1.5000,1.1621
3296510,1.5000,1.1500
3297010,1.5000,1.1661
3297510,1.5000,1.1661
3298010,1.5000,1.1621
3298510,1.5000,1.1693
3299010,1.5000,1.1612
3299510,1.5000,1.1645
3300010,1.5000,1.1733
3300510,1.5000,1.1645
3301010,1.5000,1.1733
3301510,1.5000,1.1653
3302010,1.5000,1.1725
3302510,1.5000,1.1749
3303010,1.5000,1.1733
3303510,1.5000,1.1621
3304010,1.5000,1.1604
3304510,1.5000,1.1661
3305010,1.5000,1.1621
3305510,1.5000,1.1612
3306010,1.5000,1.1612
3306510,1.5000,1.1621
3307010,1.5000,1.2168
3307510,1.5000,1.1621
3308010,1.5000,1.1645
3308510,1.5000,1.1596
3309010,1.5000,1.1806
3309510,1.5000,1.1677
3310010,1.5000,1.1661
3310510,1.5000,1.1709
3311010,1.5000,1.1556
3311510,1.5000,1.1709
3312010,1.5000,1.1725
3312510,1.5000,1.1701
3313010,1.5000,1.1645
3313510,1.5000,1.1653
3314010,1.5000,1.1564
3314510,1.5000,1.1524
3315010,1.5000,1.1709
3315510,1.5000,1.1709
3316010,1.5000,1.1685
3316510,1.5000,1.1677
3317010,1.5000,1.1612
3317510,1.5000,1.1556
3318010,1.5000,1.1572
3318510,1.5000,1.1685
3319010,1.5000,1.1717
3319510,1.5000,1.1709
3320010,1.5000,1.1653
3320510,1.5000,1.1532
3321010,1.5000,1.1564
3321510,1.5000,1.1564
3322010,1.5000,1.1596
3322510,1.5000,1.1701
3323010,1.5000,1.1621
3323510,1.5000,1.1612
3324010,1.5000,1.1733
3324510,1.5000,1.1758
3325010,1.5000,1.1612
3325510,1.5000,1.1629
3326010,1.5000,1.1709
3326510,1.5000,1.1991
3327010,1.5000,1.1653
3327510,1.5000,1.1596
3328010,1.5000,1.1693
3328510,1.5000,1.1854
3329010,1.5000,1.1645
3329510,1.5000,1.1741
3330010,1.5000,1.1701
3330510,1.5000,1.1717
3331010,1.5000,1.1709
3331510,1.5000,1.1725
3332010,1.5000,1.1733
3332510,1.5000,1.1629
3333010,1.5000,1.1661
3333510,1.5000,1.1588
3334010,1.5000,1.1733
3334510,1.5000,1.1733
3335010,1.5000,1.1733
3335510,1.5000,1.1516
3336010,1.5000,1.1629
3336510,1.5000,1.1653
3337010,1.5000,1.1717
3337510,1.5000,1.1621
3338010,1.5000,1.1612
3338510,1.5000,1.1612
3339010,1.5000,1.1653
3339510,1.5000,1.1612
3340010,1.5000,1.1645
3340510,1.5000,1.1709
3341010,1.5000,1.1701
3341510,1.5000,1.1870
3342010,1.5000,1.1677
3342510,1.5000,1.1629
3343010,1.5000,1.1733
3343510,1.5000,1.1709
3344010,1.5000,1.1693
3344510,1.5000,1.1717
3345010,1.5000,1.1629
3345510,1.5000,1.1387
3346010,1.5000,1.1717
3346510,1.5000,1.1612
3347010,1.5000,1.1564
3347510,1.5000,1.1766
3348010,1.5000,1.1645
3348510,1.5000,1.1556
3349010,1.5000,1.1725
3349510,1.5000,1.1741
3350010,1.5000,1.1677
3350510,1.5000,1.1492
3351010,1.5000,1.1645
3351510,1.5000,1.1733
3352010,1.5000,1.1669
3352510,1.5000,1.1588
3353010,1.5000,1.1685
3353510,1.5000,1.1758
3354010,1.5000,1.1629
3354510,1.5000,1.1637
3355010,1.5000,1.1653
3355510,1.5000,1.1629
3356010,1.5000,1.1693
3356510,1.5000,1.1725
3357010,1.5000,1.1733
3357510,1.5000,1.1758
3358010,1.5000,1.1645
3358510,1.5000,1.1556
3359010,1.5000,1.1548
3359510,1.5000,1.1637
3360010,1.5000,1.1685
3360510,1.5000,1.1854
3361010,1.5000,1.1653
3361510,1.5000,1.1774
3362010,1.5000,1.1677
3362510,1.5000,1.1693
3363010,1.5000,1.1653
3363510,1.5000,1.1661
3364010,1.5000,1.1685
3364510,1.5000,1.1629
3365010,1.5000,1.1717
3365510,1.5000,1.1612
3366010,1.5000,1.1701
3366510,1.5000,1.1725
3367010,1.5000,1.1612
3367510,1.5000,1.1629
3368010,1.5000,1.1564
3368510,1.5000,1.1645
3369010,1.5000,1.1685
3369510,1.5000,1.1661
3370010,1.5000,1.1661
3370510,1.5000,1.1564
3371010,1.5000,1.1596
3371510,1.5000,1.1758
3372010,1.5000,1.1612
3372510,1.5000,1.1701
3373010,1.5000,1.1685
3373510,1.5000,1.1661
3374010,1.5000,1.1685
3374510,1.5000,1.1717
3375010,1.5000,1.1741
3375510,1.5000,1.1580
3376010,1.5000,1.1661
3376510,1.5000,1.1621
3377010,1.5000,1.1661
3377510,1.5000,1.1621
3378010,1.5000,1.1484
3378510,1.5000,1.1604
3379010,1.5000,1.1645
3379510,1.5000,1.1645
3380010,1.5000,1.1685
3380510,1.5000,1.1467
3381010,1.5000,1.1717
3381510,1.5000,1.1629
3382010,1.5000,1.1604
3382510,1.5000,1.1693
3383010,1.5000,1.1645
3383510,1.5000,1.1661
3384010,1.5000,1.1709
3384510,1.5000,1.1612
3385010,1.5000,1.1709
3385510,1.5000,1.1580
3386010,1.5000,1.1677
3386510,1.5000,1.1604
3387010,1.5000,1.1733
3387510,1.5000,1.1725
3388010,1.5000,1.1661
3388510,1.5000,1.1693
3389010,1.5000,1.1653
3389510,1.5000,1.1661
3390010,1.5000,1.1661
3390510,1.5000,1.1838
3391010,1.5000,1.1733
3391510,1.5000,1.1661
3392010,1.5000,1.1604
3392510,1.5000,1.1717
3393010,1.5000,1.1709
3393510,1.5000,1.1653
3394010,1.5000,1.1717
3394510,1.5000,1.1693
3395010,1.5000,1.1645
3395510,1.5000,1.1774
3396010,1.5000,1.1733
3396510,1.5000,1.1653
3397010,1.5000,1.1653
3397510,1.5000,1.1645
3398010,1.5000,1.1749
3398510,1.5000,1.1451
3399010,1.5000,1.1725
3399510,1.5000,1.1588
3400010,1.5000,1.1725
3400510,1.5000,1.1677
3401010,1.5000,1.1693
3401510,1.5000,1.1580
3402010,1.5000,1.1677
3402510,1.5000,1.1661
3403010,1.5000,1.1693
3403510,1.5000,1.1637
3404010,1.5000,1.1717
3404510,1.5000,1.1862
3405010,1.5000,1.1717
3405510,1.5000,1.1661
3406010,1.5000,1.1661
3406510,1.5000,1.1580
3407010,1.5000,1.1709
3407510,1.5000,1.1741
3408010,1.5000,1.1725
3408510,1.5000,1.1693
3409010,1.5000,1.1621
3409510,1.5000,1.1758
3410010,1.5000,1.1580
3410510,1.5000,1.1653
3411010,1.5000,1.1653
3411510,1.5000,1.1717
3412010,1.5000,1.1741
3412510,1.5000,1.1645
3413010,1.5000,1.1709
3413510,1.5000,1.1612
3414010,1.5000,1.1677
3414510,1.5000,1.1733
3415010,1.5000,1.1741
3415510,1.5000,1.1540
3416010,1.5000,1.1653
3416510,1.5000,1.1653
3417010,1.5000,1.1774
3417510,1.5000,1.1725
3418010,1.5000,1.1741
3418510,1.5000,1.1645
3419010,1.5000,1.1637
3419510,1.5000,1.1749
3420010,1.5000,1.1717
3420510,1.5000,1.1806
3421010,1.5000,1.1774
3421510,1.5000,1.1645
3422010,1.5000,1.1709
3422510,1.5000,1.1749
3423010,1.5000,1.1733
3423510,1.5000,1.1548
3424010,1.5000,1.1709
3424510,1.5000,1.1717
3425010,1.5000,1.1685
3425510,1.5000,1.1733
3426010,1.5000,1.1637
3426510,1.5000,1.1629
3427010,1.5000,1.1758
3427510,1.5000,1.1782
3428010,1.5000,1.1677
3428510,1.5000,1.1693
3429010,1.5000,1.1677
3429510,1.5000,1.1725
3430010,1.5000,1.1709
3430510,1.5000,1.1717
3431010,1.5000,1.1693
3431510,1.5000,1.1653
3432010,1.5000,1.1733
3432510,1.5000,1.1524
3433010,1.5000,1.1814
3433510,1.5000,1.1693
3434010,1.5000,1.1645
3434510,1.5000,1.1782
3435010,1.5000,1.1725
3435510,1.5000,1.1709
3436010,1.5000,1.1564
3436510,1.5000,1.1693
3437010,1.5000,1.1475
3437510,1.5000,1.1709
3438010,1.5000,1.1612
3438510,1.5000,1.1677
3439010,1.5000,1.1677
3439510,1.5000,1.1709
3440010,1.5000,1.1645
3440510,1.5000,1.1749
3441010,1.5000,1.1645
3441510,1.5000,1.1677
3442010,1.5000,1.1685
3442510,1.5000,1.1709
3443010,1.5000,1.1661
3443510,1.5000,1.1621
3444010,1.5000,1.1717
3444510,1.5000,1.1790
3445010,1.5000,1.1733
3445510,1.5000,1.1621
3446010,1.5000,1.1677
3446510,1.5000,1.1701
3447010,1.5000,1.1580
3447510,1.5000,1.1669
3448010,1.5000,1.1484
3448510,1.5000,1.1790
3449010,1.5000,1.1701
3449510,1.5000,1.1653
3450010,1.5000,1.1612
3450510,1.5000,1.1709
3451010,1.5000,1.1508
3451510,1.5000,1.1709
3452010,1.5000,1.1782
3452510,1.5000,1.1758
3453010,1.5000,1.1701
3453510,1.5000,1.1685
3454010,1.5000,1.1741
3454510,1.5000,1.1645
3455010,1.5000,1.1733
3455510,1.5000,1.1661
3456010,1.5000,1.1749
3456510,1.5000,1.1741
3457010,1.5000,1.1661
3457510,1.5000,1.1717
3458010,1.5000,1.1790
3458510,1.5000,1.1725
3459010,1.5000,1.1733
3459510,1.5000,1.1749
3460010,1.5000,1.1774
3460510,1.5000,1.1733
3461010,1.5000,1.1661
3461510,1.5000,1.1733
3462010,1.5000,1.1822
3462510,1.5000,1.1580
3463010,1.5000,1.1822
3463510,1.5000,1.1725
3464010,1.5000,1.1709
3464510,1.5000,1.1467
3465010,1.5000,1.1725
3465510,1.5000,1.1862
3466010,1.5000,1.1604
3466510,1.5000,1.1741
3467010,1.5000,1.1733
3467510,1.5000,1.1661
3468010,1.5000,1.1749
3468510,1.5000,1.1733
3469010,1.5000,1.1790
3469510,1.5000,1.1653
3470010,1.5000,1.1604
3470510,1.5000,1.1596
3471010,1.5000,1.1580
3471510,1.5000,1.1854
3472010,1.5000,1.1709
3472510,1.5000,1.1669
3473010,1.5000,1.1637
3473510,1.5000,1.1612
3474010,1.5000,1.1621
3474510,1.5000,1.1774
3475010,1.5000,1.1846
3475510,1.5000,1.1685
3476010,1.5000,1.1637
3476510,1.5000,1.1733
3477010,1.5000,1.1733
3477510,1.5000,1.1733
3478010,1.5000,1.1653
3478510,1.5000,1.1693
3479010,1.5000,1.1838
3479510,1.5000,1.1733
3480010,1.5000,1.1733
3480510,1.5000,1.1741
3481010,1.5000,1.1758
3481510,1.5000,1.1612
3482010,1.5000,1.1733
3482510,1.5000,1.1733
3483010,1.5000,1.1693
3483510,1.5000,1.1975
3484010,1.5000,1.1741
3484510,1.5000,1.1830
3485010,1.5000,1.1814
3485510,1.5000,1.1749
3486010,1.5000,1.1733
3486510,1.5000,1.1741
3487010,1.5000,1.1741
3487510,1.5000,1.1741
3488010,1.5000,1.1685
3488510,1.5000,1.1677
3489010,1.5000,1.1733
3489510,1.5000,1.1822
3490010,1.5000,1.1693
3490510,1.5000,1.1661
3491010,1.5000,1.1701
3491510,1.5000,1.1741
3492010,1.5000,1.1612
3492510,1.5000,1.1733
3493010,1.5000,1.1749
3493510,1.5000,1.1637
3494010,1.5000,1.1774
3494510,1.5000,1.1604
3495010,1.5000,1.1774
3495510,1.5000,1.1653
3496010,1.5000,1.1709
3496510,1.5000,1.1766
3497010,1.5000,1.1693
3497510,1.5000,1.1774
3498010,1.5000,1.1645
3498510,1.5000,1.1661
3499010,1.5000,1.1701
3499510,1.5000,1.1717
3500010,1.5000,1.1685
3500510,1.5000,1.1774
3501010,1.5000,1.1741
3501510,1.5000,1.1749
3502010,1.5000,1.1758
3502510,1.5000,1.1862
3503010,1.5000,1.1774
3503510,1.5000,1.1878
3504010,1.5000,1.1693
3504510,1.5000,1.1733
3505010,1.5000,1.1733
3505510,1.5000,1.1733
3506010,1.5000,1.1693
3506510,1.5000,1.1717
3507010,1.5000,1.1709
3507510,1.5000,1.1733
3508010,1.5000,1.1822
3508510,1.5000,1.1685
3509010,1.5000,1.1677
3509510,1.5000,1.1725
3510010,1.5000,1.1612
3510510,1.5000,1.1814
3511010,1.5000,1.1782
3511510,1.5000,1.1693
3512010,1.5000,1.1741
3512510,1.5000,1.1685
3513010,1.5000,1.1903
3513510,1.5000,1.1709
3514010,1.5000,1.1862
3514510,1.5000,1.1758
3515010,1.5000,1.1725
3515510,1.5000,1.1725
3516010,1.5000,1.1709
3516510,1.5000,1.1709
3517010,1.5000,1.1758
3517510,1.5000,1.1693
3518010,1.5000,1.1741
3518510,1.5000,1.1766
3519010,1.5000,1.1790
3519510,1.5000,1.1782
3520010,1.5000,1.1717
3520510,1.5000,1.1693
3521010,1.5000,1.1733
3521510,1.5000,1.1749
3522010,1.5000,1.1741
3522510,1.5000,1.1782
3523010,1.5000,1.1685
3523510,1.5000,1.1733
3524010,1.5000,1.1749
3524510,1.5000,1.1725
3525010,1.5000,1.1749
3525510,1.5000,1.1725
3526010,1.5000,1.1790
3526510,1.5000,1.1758
3527010,1.5000,1.1709
3527510,1.5000,1.1733
3528010,1.5000,1.1814
3528510,1.5000,1.1629
3529010,1.5000,1.1806
3529510,1.5000,1.1741
3530010,1.5000,1.1766
3530510,1.5000,1.1741
3531010,1.5000,1.1733
3531510,1.5000,1.1733
3532010,1.5000,1.1733
3532510,1.5000,1.1782
3533010,1.5000,1.1822
3533510,1.5000,1.1717
3534010,1.5000,1.1758
3534510,1.5000,1.1758
3535010,1.5000,1.1733
3535510,1.5000,1.1733
3536010,1.5000,1.1749
3536510,1.5000,1.1733
3537010,1.5000,1.1862
3537510,1.5000,1.1798
3538010,1.5000,1.1733
3538510,1.5000,1.1693
3539010,1.5000,1.1725
3539510,1.5000,1.1629
3540010,1.5000,1.1701
3540510,1.5000,1.1741
3541010,1.5000,1.1733
3541510,1.5000,1.1733
3542010,1.5000,1.1749
3542510,1.5000,1.1725
3543010,1.5000,1.1741
3543510,1.5000,1.1854
3544010,1.5000,1.1741
3544510,1.5000,1.1733
3545010,1.5000,1.1596
3545510,1.5000,1.1733
3546010,1.5000,1.1758
3546510,1.5000,1.1741
3547010,1.5000,1.1822
3547510,1.5000,1.1701
3548010,1.5000,1.1661
3548510,1.5000,1.1733
3549010,1.5000,1.1475
3549510,1.5000,1.1475
3550010,1.5000,1.1733
3550510,1.5000,1.1822
3551010,1.5000,1.1693
3551510,1.5000,1.1733
3552010,1.5000,1.1741
3552510,1.5000,1.1749
3553010,1.5000,1.1685
3553510,1.5000,1.1709
3554010,1.5000,1.1749
3554510,1.5000,1.1749
3555010,1.5000,1.1766
3555510,1.5000,1.1790
3556010,1.5000,1.1596
3556510,1.5000,1.1749
3557010,1.5000,1.1685
3557510,1.5000,1.1991
3558010,1.5000,1.1766
3558510,1.5000,1.1749
3559010,1.5000,1.1766
3559510,1.5000,1.1733
3560010,1.5000,1.1741
3560510,1.5000,1.1774
3561010,1.5000,1.1830
3561510,1.5000,1.1677
3562010,1.5000,1.1806
3562510,1.5000,1.1661
3563010,1.5000,1.1661
3563510,1.5000,1.1782
3564010,1.5000,1.1484
3564510,1.5000,1.1645
3565010,1.5000,1.1790
3565510,1.5000,1.1733
3566010,1.5000,1.1741
3566510,1.5000,1.1838
3567010,1.5000,1.1645
3567510,1.5000,1.1758
3568010,1.5000,1.1798
3568510,1.5000,1.1822
3569010,1.5000,1.1709
3569510,1.5000,1.1741
3570010,1.5000,1.1774
3570510,1.5000,1.1878
3571010,1.5000,1.1733
3571510,1.5000,1.1903
3572010,1.5000,1.1862
3572510,1.5000,1.1967
3573010,1.5000,1.1766
3573510,1.5000,1.1782
3574010,1.5000,1.1822
3574510,1.5000,1.1701
3575010,1.5000,1.1774
3575510,1.5000,1.1766
3576010,1.5000,1.1741
3576510,1.5000,1.1741
3577010,1.5000,1.1733
3577510,1.5000,1.1733
3578010,1.5000,1.1774
3578510,1.5000,1.1709
3579010,1.5000,1.1733
3579510,1.5000,1.1733
3580010,1.5000,1.1701
3580510,1.5000,1.1911
3581010,1.5000,1.1733
3581510,1.5000,1.1733
3582010,1.5000,1.1886
3582510,1.5000,1.1758
3583010,1.5000,1.1733
3583510,1.5000,1.1741
3584010,1.5000,1.1774
3584510,1.5000,1.1749
3585010,1.5000,1.1717
3585510,1.5000,1.1733
3586010,1.5000,1.1733
3586510,1.5000,1.1580
3587010,1.5000,1.1790
3587510,1.5000,1.1741
3588010,1.5000,1.1830
3588510,1.5000,1.1822
3589010,1.5000,1.1741
3589510,1.5000,1.1733
3590010,1.5000,1.1790
3590510,1.5000,1.1782
3591010,1.5000,1.1733
3591510,1.5000,1.1854
3592010,1.5000,1.1774
3592510,1.5000,1.1661
3593010,1.5000,1.1596
3593510,1.5000,1.1846
3594010,1.5000,1.1758
3594510,1.5000,1.1685
3595010,1.5000,1.1741
3595510,1.5000,1.1806
3596010,1.5000,1.1741
3596510,1.5000,1.1749
3597010,1.5000,1.1733
3597510,1.5000,1.1766
3598010,1.5000,1.1814
3598510,1.5000,1.1717
3599010,1.5000,1.1733
3599510,1.5000,1.1653
3600010,1.5000,1.1693
3600510,1.5000,1.1830
3601010,1.5000,1.1733
3601510,1.5000,1.1612
3602010,1.5000,1.1717
3602510,1.5000,1.1685
3603010,1.5000,1.1741
3603510,1.5000,1.1661
3604010,1.5000,1.1758
3604510,1.5000,1.1766
3605010,1.5000,1.1741
3605510,1.5000,1.1790
3606010,1.5000,1.1733
3606510,1.5000,1.1798
3607010,1.5000,1.1733
3607510,1.5000,1.1645
3608010,1.5000,1.1774
3608510,1.5000,1.1774
3609010,1.5000,1.1733
3609510,1.5000,1.1749
3610010,1.5000,1.1741
3610510,1.5000,1.1733
3611010,1.5000,1.1782
3611510,1.5000,1.1758
3612010,1.5000,1.1814
3612510,1.5000,1.1741
3613010,1.5000,1.1749
3613510,1.5000,1.1830
3614010,1.5000,1.1822
3614510,1.5000,1.1741
3615010,1.5000,1.1774
3615510,1.5000,1.1806
3616010,1.5000,1.1717
3616510,1.5000,1.1733
3617010,1.5000,1.1653
3617510,1.5000,1.1741
3618010,1.5000,1.1733
3618510,1.5000,1.1782
3619010,1.5000,1.1790
3619510,1.5000,1.1733
3620010,1.5000,1.1814
3620510,1.5000,1.1733
3621010,1.5000,1.1717
3621510,1.5000,1.1733
3622010,1.5000,1.1774
3622510,1.5000,1.1709
3623010,1.5000,1.1854
3623510,1.5000,1.1822
3624010,1.5000,1.1733
3624510,1.5000,1.1548
3625010,1.5000,1.1758
3625510,1.5000,1.1862
3626010,1.5000,1.1725
3626510,1.5000,1.1758
3627010,1.5000,1.1790
3627510,1.5000,1.1629
3628010,1.5000,1.1733
3628510,1.5000,1.1629
3629010,1.5000,1.1733
3629510,1.5000,1.1749
3630010,1.5000,1.1749
3630510,1.5000,1.1838
3631010,1.5000,1.1709
3631510,1.5000,1.1790
3632010,1.5000,1.1790
3632510,1.5000,1.1733
3633010,1.5000,1.1741
3633510,1.5000,1.1854
3634010,1.5000,1.1782
3634510,1.5000,1.1596
3635010,1.5000,1.1459
3635510,1.5000,1.1806
3636010,1.5000,1.1935
3636510,1.5000,1.1733
3637010,1.5000,1.1661
3637510,1.5000,1.1709
3638010,1.5000,1.1621
3638510,1.5000,1.1862
3639010,1.5000,1.1725
3639510,1.5000,1.1733
3640010,1.5000,1.1838
3640510,1.5000,1.1790
3641010,1.5000,1.1782
3641510,1.5000,1.1612
3642010,1.5000,1.1733
3642510,1.5000,1.2015
3643010,1.5000,1.1749
3643510,1.5000,1.1749
3644010,1.5000,1.1741
3644510,1.5000,1.1798
3645010,1.5000,1.1733
3645510,1.5000,1.1709
3646010,1.5000,1.1935
3646510,1.5000,1.1733
3647010,1.5000,1.1838
3647510,1.5000,1.1685
3648010,1.5000,1.1774
3648510,1.5000,1.1709
3649010,1.5000,1.1870
3649510,1.5000,1.1862
3650010,1.5000,1.1790
3650510,1.5000,1.1661
3651010,1.5000,1.1766
3651510,1.5000,1.1782
3652010,1.5000,1.1838
3652510,1.5000,1.1677
3653010,1.5000,1.1733
3653510,1.5000,1.1564
3654010,1.5000,1.1959
3654510,1.5000,1.1741
3655010,1.5000,1.1790
3655510,1.5000,1.1838
3656010,1.5000,1.1766
3656510,1.5000,1.1741
3657010,1.5000,1.1854
3657510,1.5000,1.1822
3658010,1.5000,1.1790
3658510,1.5000,1.1758
3659010,1.5000,1.1701
3659510,1.5000,1.1758
3660010,1.5000,1.1749
3660510,1.5000,1.1749
3661010,1.5000,1.1774
3661510,1.5000,1.1733
3662010,1.5000,1.1725
3662510,1.5000,1.1846
3663010,1.5000,1.1741
3663510,1.5000,1.1766
3664010,1.5000,1.1886
3664510,1.5000,1.1782
3665010,1.5000,1.1725
3665510,1.5000,1.1862
3666010,1.5000,1.1766
3666510,1.5000,1.1709
3667010,1.5000,1.1733
3667510,1.5000,1.1758
3668010,1.5000,1.1733
3668510,1.5000,1.1741
3669010,1.5000,1.1790
3669510,1.5000,1.1854
3670010,1.5000,1.1846
3670510,1.5000,1.1774
3671010,1.5000,1.1774
3671510,1.5000,1.1774
3672010,1.5000,1.1749
3672510,1.5000,1.1903
3673010,1.5000,1.1983
3673510,1.5000,1.1774
3674010,1.5000,1.1733
3674510,1.5000,1.1733
3675010,1.5000,1.1782
3675510,1.5000,1.1983
3676010,1.5000,1.1766
3676510,1.5000,1.1733
3677010,1.5000,1.1532
3677510,1.5000,1.1806
3678010,1.5000,1.1814
3678510,1.5000,1.1774
3679010,1.5000,1.1822
3679510,1.5000,1.1774
3680010,1.5000,1.1814
3680510,1.5000,1.1725
3681010,1.5000,1.1830
3681510,1.5000,1.1822
3682010,1.5000,1.1806
3682510,1.5000,1.1782
3683010,1.5000,1.1822
3683510,1.5000,1.1814
3684010,1.5000,1.1709
3684510,1.5000,1.1838
3685010,1.5000,1.1838
3685510,1.5000,1.1749
3686010,1.5000,1.1911
3686510,1.5000,1.1790
3687010,1.5000,1.1790
3687510,1.5000,1.1766
3688010,1.5000,1.1822
3688510,1.5000,1.1790
3689010,1.5000,1.1717
3689510,1.5000,1.1749
3690010,1.5000,1.1758
3690510,1.5000,1.1782
3691010,1.5000,1.1822
3691510,1.5000,1.1588
3692010,1.5000,1.1733
3692510,1.5000,1.1709
3693010,1.5000,1.1782
3693510,1.5000,1.1790
3694010,1.5000,1.1806
3694510,1.5000,1.1870
3695010,1.5000,1.1790
3695510,1.5000,1.1782
3696010,1.5000,1.1782
3696510,1.5000,1.1758
3697010,1.5000,1.1814
3697510,1.5000,1.1685
3698010,1.5000,1.1806
3698510,1.5000,1.1814
3699010,1.5000,1.1758
3699510,1.5000,1.1782
3700010,1.5000,1.1749
3700510,1.5000,1.1733
3701010,1.5000,1.1774
3701510,1.5000,1.1733
3702010,1.5000,1.1806
3702510,1.5000,1.1774
3703010,1.5000,1.1814
3703510,1.5000,1.1645
3704010,1.5000,1.1725
3704510,1.5000,1.1790
3705010,1.5000,1.1749
3705510,1.5000,1.1854
3706010,1.5000,1.1733
3706510,1.5000,1.1838
3707010,1.5000,1.1774
3707510,1.5000,1.1895
3708010,1.5000,1.1733
3708510,1.5000,1.1774
3709010,1.5000,1.1774
3709510,1.5000,1.1733
3710010,1.5000,1.1782
3710510,1.5000,1.1951
3711010,1.5000,1.1846
3711510,1.5000,1.1733
3712010,1.5000,1.1774
3712510,1.5000,1.1991
3713010,1.5000,1.1862
3713510,1.5000,1.1782
3714010,1.5000,1.1846
3714510,1.5000,1.1741
3715010,1.5000,1.1838
3715510,1.5000,1.1790
3716010,1.5000,1.1806
3716510,1.5000,1.1822
3717010,1.5000,1.1774
3717510,1.5000,1.1733
3718010,1.5000,1.1790
3718510,1.5000,1.1830
3719010,1.5000,1.1854
3719510,1.5000,1.1838
3720010,1.5000,1.1814
3720510,1.5000,1.1822
3721010,1.5000,1.1838
3721510,1.5000,1.1782
3722010,1.5000,1.1806
3722510,1.5000,1.1693
3723010,1.5000,1.1790
3723510,1.5000,1.1774
3724010,1.5000,1.1822
3724510,1.5000,1.1758
3725010,1.5000,1.1790
3725510,1.5000,1.1790
3726010,1.5000,1.1991
3726510,1.5000,1.1790
3727010,1.5000,1.1943
3727510,1.5000,1.1838
3728010,1.5000,1.1790
3728510,1.5000,1.1991
3729010,1.5000,1.1766
3729510,1.5000,1.1862
3730010,1.5000,1.1749
3730510,1.5000,1.1806
3731010,1.5000,1.1790
3731510,1.5000,1.1822
3732010,1.5000,1.1814
3732510,1.5000,1.1830
3733010,1.5000,1.1790
3733510,1.5000,1.1878
3734010,1.5000,1.1733
3734510,1.5000,1.1822
3735010,1.5000,1.1838
3735510,1.5000,1.1838
3736010,1.5000,1.1766
3736510,1.5000,1.1749
3737010,1.5000,1.1782
3737510,1.5000,1.1862
3738010,1.5000,1.1854
3738510,1.5000,1.1790
3739010,1.5000,1.1814
3739510,1.5000,1.1782
3740010,1.5000,1.1862
3740510,1.5000,1.1862
3741010,1.5000,1.1903
3741510,1.5000,1.1838
3742010,1.5000,1.1806
3742510,1.5000,1.1862
3743010,1.5000,1.1870
3743510,1.5000,1.1822
3744010,1.5000,1.1814
3744510,1.5000,1.1822
3745010,1.5000,1.1653
3745510,1.5000,1.1758
3746010,1.5000,1.1862
3746510,1.5000,1.1838
3747010,1.5000,1.1806
3747510,1.5000,1.1822
3748010,1.5000,1.1758
3748510,1.5000,1.1806
3749010,1.5000,1.1774
3749510,1.5000,1.1822
3750010,1.5000,1.1717
3750510,1.5000,1.1838
3751010,1.5000,1.1846
3751510,1.5000,1.1903
3752010,1.5000,1.1846
3752510,1.5000,1.1838
3753010,1.5000,1.1725
3753510,1.5000,1.1854
3754010,1.5000,1.1661
3754510,1.5000,1.1822
3755010,1.5000,1.1814
3755510,1.5000,1.1822
3756010,1.5000,1.1790
3756510,1.5000,1.1741
3757010,1.5000,1.1621
3757510,1.5000,1.1870
3758010,1.5000,1.1782
3758510,1.5000,1.1951
3759010,1.5000,1.1653
3759510,1.5000,1.1774
3760010,1.5000,1.1846
3760510,1.5000,1.1862
3761010,1.5000,1.1749
3761510,1.5000,1.1870
3762010,1.5000,1.1814
3762510,1.5000,1.1814
3763010,1.5000,1.1903
3763510,1.5000,1.1782
3764010,1.5000,1.1749
3764510,1.5000,1.1685
3765010,1.5000,1.1814
3765510,1.5000,1.1854
3766010,1.5000,1.2007
3766510,1.5000,1.1846
3767010,1.5000,1.1822
3767510,1.5000,1.1830
3768010,1.5000,1.1838
3768510,1.5000,1.1846
3769010,1.5000,1.1951
3769510,1.5000,1.1854
3770010,1.5000,1.1878
3770510,1.5000,1.1854
3771010,1.5000,1.1846
3771510,1.5000,1.1725
3772010,1.5000,1.1895
3772510,1.5000,1.1822
3773010,1.5000,1.1878
3773510,1.5000,1.1758
3774010,1.5000,1.1838
3774510,1.5000,1.1854
3775010,1.5000,1.1806
3775510,1.5000,1.1870
3776010,1.5000,1.1838
3776510,1.5000,1.1822
3777010,1.5000,1.1911
3777510,1.5000,1.1862
3778010,1.5000,1.1790
3778510,1.5000,1.1870
3779010,1.5000,1.1854
3779510,1.5000,1.1870
3780010,1.5000,1.1806
3780510,1.5000,1.2314
3781010,1.5000,1.1838
3781510,1.5000,1.1612
3782010,1.5000,1.1878
3782510,1.5000,1.1846
3783010,1.5000,1.1878
3783510,1.5000,1.1758
3784010,1.5000,1.1782
3784510,1.5000,1.1749
3785010,1.5000,1.1685
3785510,1.5000,1.1814
3786010,1.5000,1.1935
3786510,1.5000,1.1983
3787010,1.5000,1.1838
3787510,1.5000,1.1838
3788010,1.5000,1.1903
3788510,1.5000,1.1919
3789010,1.5000,1.1886
3789510,1.5000,1.1790
3790010,1.5000,1.1822
3790510,1.5000,1.1854
3791010,1.5000,1.1822
3791510,1.5000,1.1862
3792010,1.5000,1.1854
3792510,1.5000,1.1878
3793010,1.5000,1.1870
3793510,1.5000,1.1846
3794010,1.5000,1.1822
3794510,1.5000,1.1806
3795010,1.5000,1.1790
3795510,1.5000,1.1862
3796010,1.5000,1.1838
3796510,1.5000,1.1878
3797010,1.5000,1.1838
3797510,1.5000,1.1741
3798010,1.5000,1.1846
3798510,1.5000,1.1814
3799010,1.5000,1.1822
3799510,1.5000,1.1878
3800010,1.5000,1.1838
3800510,1.5000,1.1886
3801010,1.5000,1.1846
3801510,1.5000,1.1870
3802010,1.5000,1.1911
3802510,1.5000,1.1886
3803010,1.5000,1.1862
3803510,1.5000,1.1854
3804010,1.5000,1.1862
3804510,1.5000,1.1911
3805010,1.5000,1.1919
3805510,1.5000,1.1822
3806010,1.5000,1.1854
3806510,1.5000,1.1870
3807010,1.5000,1.1935
3807510,1.5000,1.1854
3808010,1.5000,1.1854
3808510,1.5000,1.1862
3809010,1.5000,1.1766
3809510,1.5000,1.1878
3810010,1.5000,1.1903
3810510,1.5000,1.1911
3811010,1.5000,1.1758
3811510,1.5000,1.1822
3812010,1.5000,1.1911
3812510,1.5000,1.1814
3813010,1.5000,1.1822
3813510,1.5000,1.1838
3814010,1.5000,1.1790
3814510,1.5000,1.1895
3815010,1.5000,1.1927
3815510,1.5000,1.1935
3816010,1.5000,1.1806
3816510,1.5000,1.1870
3817010,1.5000,1.1854
3817510,1.5000,1.1846
3818010,1.5000,1.1862
3818510,1.5000,1.1991
3819010,1.5000,1.1822
3819510,1.5000,1.1822
3820010,1.5000,1.1838
3820510,1.5000,1.1693
3821010,1.5000,1.1886
3821510,1.5000,1.1919
3822010,1.5000,1.1822
3822510,1.5000,1.1733
3823010,1.5000,1.1911
3823510,1.5000,1.1717
3824010,1.5000,1.1838
3824510,1.5000,1.1814
3825010,1.5000,1.1758
3825510,1.5000,1.1886
3826010,1.5000,1.1862
3826510,1.5000,1.1814
3827010,1.5000,1.1862
3827510,1.5000,1.1895
3828010,1.5000,1.1911
3828510,1.5000,1.1870
3829010,1.5000,1.1886
3829510,1.5000,1.1677
3830010,1.5000,1.1935
3830510,1.5000,1.1903
3831010,1.5000,1.1741
3831510,1.5000,1.1806
3832010,1.5000,1.1862
3832510,1.5000,1.1822
3833010,1.5000,1.1903
3833510,1.5000,1.1782
3834010,1.5000,1.1911
3834510,1.5000,1.1782
3835010,1.5000,1.1919
3835510,1.5000,1.1862
3836010,1.5000,1.1733
3836510,1.5000,1.1790
3837010,1.5000,1.1886
3837510,1.5000,1.1862
3838010,1.5000,1.1991
3838510,1.5000,1.1782
3839010,1.5000,1.1919
3839510,1.5000,1.1758
3840010,1.5000,1.1838
3840510,1.5000,1.1749
3841010,1.5000,1.1870
3841510,1.5000,1.1854
3842010,1.5000,1.1838
3842510,1.5000,1.1693
3843010,1.5000,1.1943
3843510,1.5000,1.1806
3844010,1.5000,1.1862
3844510,1.5000,1.1758
3845010,1.5000,1.1822
3845510,1.5000,1.1830
3846010,1.5000,1.1895
3846510,1.5000,1.1790
3847010,1.5000,1.1895
3847510,1.5000,1.1766
3848010,1.5000,1.1870
3848510,1.5000,1.1903
3849010,1.5000,1.1838
3849510,1.5000,1.1758
3850010,1.5000,1.1903
3850510,1.5000,1.1886
3851010,1.5000,1.1862
3851510,1.5000,1.1951
3852010,1.5000,1.1991
3852510,1.5000,1.1854
3853010,1.5000,1.1782
3853510,1.5000,1.1830
3854010,1.5000,1.1854
3854510,1.5000,1.1870
3855010,1.5000,1.1870
3855510,1.5000,1.1870
3856010,1.5000,1.1870
3856510,1.5000,1.1838
3857010,1.5000,1.1870
3857510,1.5000,1.1935
3858010,1.5000,1.1782
3858510,1.5000,1.1725
3859010,1.5000,1.1895
3859510,1.5000,1.1774
3860010,1.5000,1.1870
3860510,1.5000,1.1870
3861010,1.5000,1.1838
3861510,1.5000,1.1790
3862010,1.5000,1.1854
3862510,1.5000,1.1822
3863010,1.5000,1.1870
3863510,1.5000,1.1862
3864010,1.5000,1.1830
3864510,1.5000,1.1661
3865010,1.5000,1.1878
3865510,1.5000,1.1758
3866010,1.5000,1.1911
3866510,1.5000,1.1886
3867010,1.5000,1.1854
3867510,1.5000,1.1886
3868010,1.5000,1.1806
3868510,1.5000,1.1886
3869010,1.5000,1.1991
3869510,1.5000,1.2096
3870010,1.5000,1.1911
3870510,1.5000,1.1886
3871010,1.5000,1.1903
3871510,1.5000,1.1911
3872010,1.5000,1.1814
3872510,1.5000,1.1870
3873010,1.5000,1.1943
3873510,1.5000,1.1943
3874010,1.5000,1.1895
3874510,1.5000,1.1919
3875010,1.5000,1.1854
3875510,1.5000,1.1814
3876010,1.5000,1.1830
3876510,1.5000,1.1862
3877010,1.5000,1.2015
3877510,1.5000,1.1814
3878010,1.5000,1.1854
3878510,1.5000,1.1878
3879010,1.5000,1.1870
3879510,1.5000,1.1886
3880010,1.5000,1.1862
3880510,1.5000,1.1822
3881010,1.5000,1.1878
3881510,1.5000,1.1903
3882010,1.5000,1.1862
3882510,1.5000,1.1935
3883010,1.5000,1.1862
3883510,1.5000,1.1806
3884010,1.5000,1.1846
3884510,1.5000,1.1862
3885010,1.5000,1.1862
3885510,1.5000,1.1967
3886010,1.5000,1.1943
3886510,1.5000,1.1991
3887010,1.5000,1.1870
3887510,1.5000,1.1830
3888010,1.5000,1.1991
3888510,1.5000,1.1935
3889010,1.5000,1.1854
3889510,1.5000,1.1919
3890010,1.5000,1.1951
3890510,1.5000,1.1951
3891010,1.5000,1.1951
3891510,1.5000,1.1854
3892010,1.5000,1.1903
3892510,1.5000,1.1886
3893010,1.5000,1.1975
3893510,1.5000,1.1774
3894010,1.5000,1.1903
3894510,1.5000,1.2064
3895010,1.5000,1.1838
3895510,1.5000,1.1935
3896010,1.5000,1.1943
3896510,1.5000,1.1967
3897010,1.5000,1.1854
3897510,1.5000,1.1911
3898010,1.5000,1.1878
3898510,1.5000,1.1862
3899010,1.5000,1.1878
3899510,1.5000,1.1903
3900010,1.5000,1.1467
3900510,1.5000,1.1886
3901010,1.5000,1.1330
3901510,1.5000,1.1943
3902010,1.5000,1.1862
3902510,1.5000,1.1733
3903010,1.5000,1.1951
3903510,1.5000,1.1983
3904010,1.5000,1.1911
3904510,1.5000,1.1919
3905010,1.5000,1.1895
3905510,1.5000,1.1911
3906010,1.5000,1.1903
3906510,1.5000,1.1862
3907010,1.5000,1.1878
3907510,1.5000,1.2023
3908010,1.5000,1.1814
3908510,1.5000,1.1862
3909010,1.5000,1.1870
3909510,1.5000,1.1911
3910010,1.5000,1.1677
3910510,1.5000,1.1959
3911010,1.5000,1.1790
3911510,1.5000,1.1935
3912010,1.5000,1.1951
3912510,1.5000,1.1903
3913010,1.5000,1.1911
3913510,1.5000,1.1886
3914010,1.5000,1.1790
3914510,1.5000,1.1903
3915010,1.5000,1.1919
3915510,1.5000,1.1854
3916010,1.5000,1.1935
3916510,1.5000,1.1895
3917010,1.5000,1.1886
3917510,1.5000,1.1903
3918010,1.5000,1.1919
3918510,1.5000,1.1991
3919010,1.5000,1.1895
3919510,1.5000,1.1846
3920010,1.5000,1.1790
3920510,1.5000,1.1935
3921010,1.5000,1.1943
3921510,1.5000,1.1919
3922010,1.5000,1.1862
3922510,1.5000,1.1959
3923010,1.5000,1.1959
3923510,1.5000,1.1878
3924010,1.5000,1.1911
3924510,1.5000,1.2072
3925010,1.5000,1.1766
3925510,1.5000,1.1943
3926010,1.5000,1.1911
3926510,1.5000,1.1951
3927010,1.5000,1.1886
3927510,1.5000,1.1951
3928010,1.5000,1.1870
3928510,1.5000,1.1991
3929010,1.5000,1.1895
3929510,1.5000,1.1967
3930010,1.5000,1.1870
3930510,1.5000,1.1959
3931010,1.5000,1.1870
3931510,1.5000,1.1919
3932010,1.5000,1.1951
3932510,1.5000,1.1903
3933010,1.5000,1.1967
3933510,1.5000,1.1870
3934010,1.5000,1.1895
3934510,1.5000,1.1862
3935010,1.5000,1.1895
3935510,1.5000,1.1878
3936010,1.5000,1.1951
3936510,1.5000,1.1878
3937010,1.5000,1.1951
3937510,1.5000,1.1975
3938010,1.5000,1.1878
3938510,1.5000,1.1975
3939010,1.5000,1.1838
3939510,1.5000,1.1870
3940010,1.5000,1.1903
3940510,1.5000,1.1870
3941010,1.5000,1.1919
3941510,1.5000,1.1870
3942010,1.5000,1.1919
3942510,1.5000,1.1862
3943010,1.5000,1.1975
3943510,1.5000,1.1959
3944010,1.5000,1.1943
3944510,1.5000,1.1870
3945010,1.5000,1.1943
3945510,1.5000,1.1862
3946010,1.5000,1.1991
3946510,1.5000,1.1919
3947010,1.5000,1.1919
3947510,1.5000,1.1967
3948010,1.5000,1.1846
3948510,1.5000,1.1911
3949010,1.5000,1.1854
3949510,1.5000,1.1895
3950010,1.5000,1.1806
3950510,1.5000,1.1886
3951010,1.5000,1.1935
3951510,1.5000,1.1870
3952010,1.5000,1.1862
3952510,1.5000,1.1814
3953010,1.5000,1.1943
3953510,1.5000,1.1862
3954010,1.5000,1.1919
3954510,1.5000,1.1983
3955010,1.5000,1.1878
3955510,1.5000,1.1895
3956010,1.5000,1.1919
3956510,1.5000,1.1911
3957010,1.5000,1.1959
3957510,1.5000,1.1895
3958010,1.5000,1.1999
3958510,1.5000,1.1862
3959010,1.5000,1.1951
3959510,1.5000,1.1886
3960010,1.5000,1.1903
3960510,1.5000,1.1951
3961010,1.5000,1.1886
3961510,1.5000,1.1838
3962010,1.5000,1.1846
3962510,1.5000,1.1870
3963010,1.5000,1.2007
3963510,1.5000,1.1854
3964010,1.5000,1.1886
3964510,1.5000,1.1991
3965010,1.5000,1.1886
3965510,1.5000,1.1943
3966010,1.5000,1.1878
3966510,1.5000,1.1870
3967010,1.5000,1.1911
3967510,1.5000,1.1886
3968010,1.5000,1.1878
3968510,1.5000,1.1959
3969010,1.5000,1.1903
3969510,1.5000,1.1983
3970010,1.5000,1.1983
3970510,1.5000,1.1919
3971010,1.5000,1.1919
3971510,1.5000,1.1951
3972010,1.5000,1.1862
3972510,1.5000,1.1975
3973010,1.5000,1.1919
3973510,1.5000,1.1911
3974010,1.5000,1.1878
3974510,1.5000,1.1999
3975010,1.5000,1.1862
3975510,1.5000,1.1822
3976010,1.5000,1.1991
3976510,1.5000,1.1991
3977010,1.5000,1.1758
3977510,1.5000,1.1862
3978010,1.5000,1.1878
3978510,1.5000,1.1886
3979010,1.5000,1.1790
3979510,1.5000,1.2015
3980010,1.5000,1.1991
3980510,1.5000,1.1878
3981010,1.5000,1.1943
3981510,1.5000,1.1790
3982010,1.5000,1.1862
3982510,1.5000,1.1951
3983010,1.5000,1.1951
3983510,1.5000,1.1991
3984010,1.5000,1.1886
3984510,1.5000,1.1903
3985010,1.5000,1.1919
3985510,1.5000,1.1943
3986010,1.5000,1.1870
3986510,1.5000,1.1886
3987010,1.5000,1.1959
3987510,1.5000,1.1911
3988010,1.5000,1.1991
3988510,1.5000,1.1967
3989010,1.5000,1.1895
3989510,1.5000,1.1911
3990010,1.5000,1.1951
3990510,1.5000,1.1935
3991010,1.5000,1.1951
3991510,1.5000,1.1862
3992010,1.5000,1.1830
3992510,1.5000,1.1895
3993010,1.5000,1.1967
3993510,1.5000,1.1782
3994010,1.5000,1.1991
3994510,1.5000,1.1951
3995010,1.5000,1.1862
3995510,1.5000,1.1838
3996010,1.5000,1.1951
3996510,1.5000,1.1919
3997010,1.5000,1.1943
3997510,1.5000,1.1782
3998010,1.5000,1.1935
3998510,1.5000,1.1967
3999010,1.5000,1.1870
3999510,1.5000,1.1822
4000010,1.5000,1.1935
4000510,1.5000,1.2040
4001010,1.5000,1.1951
4001510,1.5000,1.1991
4002010,1.5000,1.1983
4002510,1.5000,1.1919
4003010,1.5000,1.1895
4003510,1.5000,1.1919
4004010,1.5000,1.1999
4004510,1.5000,1.1854
4005010,1.5000,1.1943
4005510,1.5000,1.1903
4006010,1.5000,1.1983
4006510,1.5000,1.1838
4007010,1.5000,1.1919
4007510,1.5000,1.1983
4008010,1.5000,1.1999
4008510,1.5000,1.1975
4009010,1.5000,1.1919
4009510,1.5000,1.1895
4010010,1.5000,1.1822
4010510,1.5000,1.1895
4011010,1.5000,1.1838
4011510,1.5000,1.1935
4012010,1.5000,1.1830
4012510,1.5000,1.1991
4013010,1.5000,1.1935
4013510,1.5000,1.1967
4014010,1.5000,1.1886
4014510,1.5000,1.1862
4015010,1.5000,1.1983
4015510,1.5000,1.1870
4016010,1.5000,1.1766
4016510,1.5000,1.2015
4017010,1.5000,1.1919
4017510,1.5000,1.1967
4018010,1.5000,1.1862
4018510,1.5000,1.1878
4019010,1.5000,1.1846
4019510,1.5000,1.1967
4020010,1.5000,1.1903
4020510,1.5000,1.2040
4021010,1.5000,1.1862
4021510,1.5000,1.1822
4022010,1.5000,1.1991
4022510,1.5000,1.1959
4023010,1.5000,1.1919
4023510,1.5000,1.1822
4024010,1.5000,1.1814
4024510,1.5000,1.1886
4025010,1.5000,1.1911
4025510,1.5000,1.1919
4026010,1.5000,1.1886
4026510,1.5000,1.1999
4027010,1.5000,1.1975
4027510,1.5000,1.1862
4028010,1.5000,1.1951
4028510,1.5000,1.1846
4029010,1.5000,1.1870
4029510,1.5000,1.1903
4030010,1.5000,1.1967
4030510,1.5000,1.1991
4031010,1.5000,1.1919
4031510,1.5000,1.1886
4032010,1.5000,1.1862
4032510,1.5000,1.1991
4033010,1.5000,1.1862
4033510,1.5000,1.2007
4034010,1.5000,1.1911
4034510,1.5000,1.1886
4035010,1.5000,1.1983
4035510,1.5000,1.1991
4036010,1.5000,1.1886
4036510,1.5000,1.1967
4037010,1.5000,1.1903
4037510,1.5000,1.1854
4038010,1.5000,1.2015
4038510,1.5000,1.1838
4039010,1.5000,1.1991
4039510,1.5000,1.1991
4040010,1.5000,1.1983
4040510,1.5000,1.1967
4041010,1.5000,1.1951
4041510,1.5000,1.1999
4042010,1.5000,1.1991
4042510,1.5000,1.1886
4043010,1.5000,1.1886
4043510,1.5000,1.1822
4044010,1.5000,1.1862
4044510,1.5000,1.1830
4045010,1.5000,1.1951
4045510,1.5000,1.1878
4046010,1.5000,1.1870
4046510,1.5000,1.1919
4047010,1.5000,1.1886
4047510,1.5000,1.1822
4048010,1.5000,1.2088
4048510,1.5000,1.1903
4049010,1.5000,1.1886
4049510,1.5000,1.1886
4050010,1.5000,1.1943
4050510,1.5000,1.1959
4051010,1.5000,1.1870
4051510,1.5000,1.1862
4052010,1.5000,1.1959
4052510,1.5000,1.1983
4053010,1.5000,1.2023
4053510,1.5000,1.1822
4054010,1.5000,1.1991
4054510,1.5000,1.1919
4055010,1.5000,1.2120
4055510,1.5000,1.2007
4056010,1.5000,1.1991
4056510,1.5000,1.1878
4057010,1.5000,1.1991
4057510,1.5000,1.1959
4058010,1.5000,1.1903
4058510,1.5000,1.1991
4059010,1.5000,1.1943
4059510,1.5000,1.1621
4060010,1.5000,1.1919
4060510,1.5000,1.1854
4061010,1.5000,1.1911
4061510,1.5000,1.1991
4062010,1.5000,1.1943
4062510,1.5000,1.1814
4063010,1.5000,1.1862
4063510,1.5000,1.2032
4064010,1.5000,1.1983
4064510,1.5000,1.1999
4065010,1.5000,1.1838
4065510,1.5000,1.1870
4066010,1.5000,1.1967
4066510,1.5000,1.1895
4067010,1.5000,1.1854
4067510,1.5000,1.1967
4068010,1.5000,1.1935
4068510,1.5000,1.1951
4069010,1.5000,1.1983
4069510,1.5000,1.1854
4070010,1.5000,1.1983
4070510,1.5000,1.2023
4071010,1.5000,1.1886
4071510,1.5000,1.1951
4072010,1.5000,1.1886
4072510,1.5000,1.1951
4073010,1.5000,1.1951
4073510,1.5000,1.1903
4074010,1.5000,1.1967
4074510,1.5000,1.1943
4075010,1.5000,1.1870
4075510,1.5000,1.1959
4076010,1.5000,1.1991
4076510,1.5000,1.1870
4077010,1.5000,1.1943
4077510,1.5000,1.1806
4078010,1.5000,1.1911
4078510,1.5000,1.1967
4079010,1.5000,1.2015
4079510,1.5000,1.1967
4080010,1.5000,1.1911
4080510,1.5000,1.1838
4081010,1.5000,1.1991
4081510,1.5000,1.1991
4082010,1.5000,1.1854
4082510,1.5000,1.1911
4083010,1.5000,1.1991
4083510,1.5000,1.1943
4084010,1.5000,1.1975
4084510,1.5000,1.1911
4085010,1.5000,1.1886
4085510,1.5000,1.1983
4086010,1.5000,1.1983
4086510,1.5000,1.1886
4087010,1.5000,1.1911
4087510,1.5000,1.2225
4088010,1.5000,1.1951
4088510,1.5000,1.1886
4089010,1.5000,1.1967
4089510,1.5000,1.1919
4090010,1.5000,1.1959
4090510,1.5000,1.1903
4091010,1.5000,1.2056
4091510,1.5000,1.1870
4092010,1.5000,1.1959
4092510,1.5000,1.1822
4093010,1.5000,1.1959
4093510,1.5000,1.1878
4094010,1.5000,1.1991
4094510,1.5000,1.1951
4095010,1.5000,1.1782
4095510,1.5000,1.1999
4096010,1.5000,1.1991
4096510,1.5000,1.1983
4097010,1.5000,1.1854
4097510,1.5000,1.1774
4098010,1.5000,1.1919
4098510,1.5000,1.1629
4099010,1.5000,1.2160
4099510,1.5000,1.1959
4100010,1.5000,1.2201
4100510,1.5000,1.1943
4101010,1.5000,1.1919
4101510,1.5000,1.2072
4102010,1.5000,1.1919
4102510,1.5000,1.1959
4103010,1.5000,1.1975
4103510,1.5000,1.1806
4104010,1.5000,1.1685
4104510,1.5000,1.2273
4105010,1.5000,1.1911
4105510,1.5000,1.1991
4106010,1.5000,1.1991
4106510,1.5000,1.1774
4107010,1.5000,1.1991
4107510,1.5000,1.1854
4108010,1.5000,1.1967
4108510,1.5000,1.1878
4109010,1.5000,1.1903
4109510,1.5000,1.1967
4110010,1.5000,1.1733
4110510,1.5000,1.1951
4111010,1.5000,1.1959
4111510,1.5000,1.2048
4112010,1.5000,1.1959
4112510,1.5000,1.1870
4113010,1.5000,1.1975
4113510,1.5000,1.2007
4114010,1.5000,1.1975
4114510,1.5000,1.1870
4115010,1.5000,1.1967
4115510,1.5000,1.1999
4116010,1.5000,1.1878
4116510,1.5000,1.2032
4117010,1.5000,1.1991
4117510,1.5000,1.1991
4118010,1.5000,1.1895
4118510,1.5000,1.1903
4119010,1.5000,1.1967
4119510,1.5000,1.1967
4120010,1.5000,1.2136
4120510,1.5000,1.1919
4121010,1.5000,1.1959
4121510,1.5000,1.2056
4122010,1.5000,1.1854
4122510,1.5000,1.1919
4123010,1.5000,1.1967
4123510,1.5000,1.2096
4124010,1.5000,1.1991
4124510,1.5000,1.2225
4125010,1.5000,1.1983
4125510,1.5000,1.1967
4126010,1.5000,1.1806
4126510,1.5000,1.1911
4127010,1.5000,1.1870
4127510,1.5000,1.1975
4128010,1.5000,1.1911
4128510,1.5000,1.1967
4129010,1.5000,1.2040
4129510,1.5000,1.1919
4130010,1.5000,1.1927
4130510,1.5000,1.2088
4131010,1.5000,1.1895
4131510,1.5000,1.1959
4132010,1.5000,1.1822
4132510,1.5000,1.1991
4133010,1.5000,1.1991
4133510,1.5000,1.1951
4134010,1.5000,1.1967
4134510,1.5000,1.1983
4135010,1.5000,1.1983
4135510,1.5000,1.1967
4136010,1.5000,1.1967
4136510,1.5000,1.1967
4137010,1.5000,1.1991
4137510,1.5000,1.1983
4138010,1.5000,1.1919
4138510,1.5000,1.2007
4139010,1.5000,1.1983
4139510,1.5000,1.1564
4140010,1.5000,1.1951
4140510,1.5000,1.1983
4141010,1.5000,1.1991
4141510,1.5000,1.1935
4142010,1.5000,1.1983
4142510,1.5000,1.1975
4143010,1.5000,1.2007
4143510,1.5000,1.2015
4144010,1.5000,1.1846
4144510,1.5000,1.1935
4145010,1.5000,1.1983
4145510,1.5000,1.1991
4146010,1.5000,1.1870
4146510,1.5000,1.1951
4147010,1.5000,1.1991
4147510,1.5000,1.1959
4148010,1.5000,1.1951
4148510,1.5000,1.1870
4149010,1.5000,1.1967
4149510,1.5000,1.1870
4150010,1.5000,1.2032
4150510,1.5000,1.1991
4151010,1.5000,1.2209
4151510,1.5000,1.1951
4152010,1.5000,1.1870
4152510,1.5000,1.1991
4153010,1.5000,1.1822
4153510,1.5000,1.1983
4154010,1.5000,1.1935
4154510,1.5000,1.2072
4155010,1.5000,1.1967
4155510,1.5000,1.1967
4156010,1.5000,1.1895
4156510,1.5000,1.1886
4157010,1.5000,1.1903
4157510,1.5000,1.1790
4158010,1.5000,1.2032
4158510,1.5000,1.1943
4159010,1.5000,1.1991
4159510,1.5000,1.2096
4160010,1.5000,1.1919
4160510,1.5000,1.2032
4161010,1.5000,1.1951
4161510,1.5000,1.1911
4162010,1.5000,1.1951
4162510,1.5000,1.1903
4163010,1.5000,1.1991
4163510,1.5000,1.2048
4164010,1.5000,1.1919
4164510,1.5000,1.1919
4165010,1.5000,1.1983
4165510,1.5000,1.1943
4166010,1.5000,1.1991
4166510,1.5000,1.1983
4167010,1.5000,1.1991
4167510,1.5000,1.1983
4168010,1.5000,1.1991
4168510,1.5000,1.1886
4169010,1.5000,1.1895
4169510,1.5000,1.1935
4170010,1.5000,1.1895
4170510,1.5000,1.1911
4171010,1.5000,1.1927
4171510,1.5000,1.2056
4172010,1.5000,1.1959
4172510,1.5000,1.1919
4173010,1.5000,1.1653
4173510,1.5000,1.1911
4174010,1.5000,1.1951
4174510,1.5000,1.1830
4175010,1.5000,1.1959
4175510,1.5000,1.1991
4176010,1.5000,1.1943
4176510,1.5000,1.1919
4177010,1.5000,1.1943
4177510,1.5000,1.1967
4178010,1.5000,1.1983
4178510,1.5000,1.2112
4179010,1.5000,1.1951
4179510,1.5000,1.1991
4180010,1.5000,1.1951
4180510,1.5000,1.2007
4181010,1.5000,1.1991
4181510,1.5000,1.1991
4182010,1.5000,1.1943
4182510,1.5000,1.2032
4183010,1.5000,1.1967
4183510,1.5000,1.1991
4184010,1.5000,1.1870
4184510,1.5000,1.1983
4185010,1.5000,1.2015
4185510,1.5000,1.1975
4186010,1.5000,1.1758
4186510,1.5000,1.1991
4187010,1.5000,1.1758
4187510,1.5000,1.1935
4188010,1.5000,1.2032
4188510,1.5000,1.1911
4189010,1.5000,1.1903
4189510,1.5000,1.1951
4190010,1.5000,1.1919
4190510,1.5000,1.1983
4191010,1.5000,1.1903
4191510,1.5000,1.1951
4192010,1.5000,1.1911
4192510,1.5000,1.1975
4193010,1.5000,1.1758
4193510,1.5000,1.1870
4194010,1.5000,1.1999
4194510,1.5000,1.1991
4195010,1.5000,1.1943
4195510,1.5000,1.1991
4196010,1.5000,1.1862
4196510,1.5000,1.1991
4197010,1.5000,1.1983
4197510,1.5000,1.1959
4198010,1.5000,1.1903
4198510,1.5000,1.1975
4199010,1.5000,1.2015
4199510,1.5000,1.1959
4200010,1.5000,1.1911
4200510,1.5000,1.1870
4201010,1.5000,1.1919
4201510,1.5000,1.1878
4202010,1.5000,1.1911
4202510,1.5000,1.1870
4203010,1.5000,1.2104
4203510,1.5000,1.1967
4204010,1.5000,1.1935
4204510,1.5000,1.1983
4205010,1.5000,1.1830
4205510,1.5000,1.1975
4206010,1.5000,1.1895
4206510,1.5000,1.1991
4207010,1.5000,1.2370
4207510,1.5000,1.1999
4208010,1.5000,1.1846
4208510,1.5000,1.1774
4209010,1.5000,1.1484
4209510,1.5000,1.1991
4210010,1.5000,1.2007
4210510,1.5000,1.1991
4211010,1.5000,1.1919
4211510,1.5000,1.1886
4212010,1.5000,1.1895
4212510,1.5000,1.2007
4213010,1.5000,1.1967
4213510,1.5000,1.1991
4214010,1.5000,1.1951
4214510,1.5000,1.2257
4215010,1.5000,1.1951
4215510,1.5000,1.1943
4216010,1.5000,1.1983
4216510,1.5000,1.1854
4217010,1.5000,1.2015
4217510,1.5000,1.1991
4218010,1.5000,1.1935
4218510,1.5000,1.1806
4219010,1.5000,1.1766
4219510,1.5000,1.1991
4220010,1.5000,1.1935
4220510,1.5000,1.1991
4221010,1.5000,1.1991
4221510,1.5000,1.1911
4222010,1.5000,1.1943
4222510,1.5000,1.1967
4223010,1.5000,1.1895
4223510,1.5000,1.1935
4224010,1.5000,1.1967
4224510,1.5000,1.1967
4225010,1.5000,1.1999
4225510,1.5000,1.1903
4226010,1.5000,1.2007
4226510,1.5000,1.1919
4227010,1.5000,1.1935
4227510,1.5000,1.2032
4228010,1.5000,1.1886
4228510,1.5000,1.1919
4229010,1.5000,1.2015
4229510,1.5000,1.1991
4230010,1.5000,1.2007
4230510,1.5000,1.1983
4231010,1.5000,1.2048
4231510,1.5000,1.1991
4232010,1.5000,1.1943
4232510,1.5000,1.1967
4233010,1.5000,1.1983
4233510,1.5000,1.1999
4234010,1.5000,1.1999
4234510,1.5000,1.1991
4235010,1.5000,1.1895
4235510,1.5000,1.1991
4236010,1.5000,1.1991
4236510,1.5000,1.1943
4237010,1.5000,1.2072
4237510,1.5000,1.1951
4238010,1.5000,1.1967
4238510,1.5000,1.1870
4239010,1.5000,1.1854
4239510,1.5000,1.2007
4240010,1.5000,1.1943
4240510,1.5000,1.1967
4241010,1.5000,1.1943
4241510,1.5000,1.2072
4242010,1.5000,1.1983
4242510,1.5000,1.2032
4243010,1.5000,1.1967
4243510,1.5000,1.1991
4244010,1.5000,1.1975
4244510,1.5000,1.1709
4245010,1.5000,1.1870
4245510,1.5000,1.1983
4246010,1.5000,1.1999
4246510,1.5000,1.1604
4247010,1.5000,1.2064
4247510,1.5000,1.1935
4248010,1.5000,1.1862
4248510,1.5000,1.2032
4249010,1.5000,1.1967
4249510,1.5000,1.1870
4250010,1.5000,1.2072
4250510,1.5000,1.1822
4251010,1.5000,1.2072
4251510,1.5000,1.1991
4252010,1.5000,1.1943
4252510,1.5000,1.2023
4253010,1.5000,1.1919
4253510,1.5000,1.1991
4254010,1.5000,1.1943
4254510,1.5000,1.1991
4255010,1.5000,1.1919
4255510,1.5000,1.1991
4256010,1.5000,1.2072
4256510,1.5000,1.1919
4257010,1.5000,1.2072
4257510,1.5000,1.1967
4258010,1.5000,1.2015
4258510,1.5000,1.1870
4259010,1.5000,1.1943
4259510,1.5000,1.1927
4260010,1.5000,1.1991
4260510,1.5000,1.1967
4261010,1.5000,1.1911
4261510,1.5000,1.1983
4262010,1.5000,1.2032
4262510,1.5000,1.1991
4263010,1.5000,1.1991
4263510,1.5000,1.1991
4264010,1.5000,1.1919
4264510,1.5000,1.1935
4265010,1.5000,1.2096
4265510,1.5000,1.1975
4266010,1.5000,1.1991
4266510,1.5000,1.1959
4267010,1.5000,1.1999
4267510,1.5000,1.1959
4268010,1.5000,1.2201
4268510,1.5000,1.2015
4269010,1.5000,1.1999
4269510,1.5000,1.1991
4270010,1.5000,1.1983
4270510,1.5000,1.1991
4271010,1.5000,1.2015
4271510,1.5000,1.1999
4272010,1.5000,1.2064
4272510,1.5000,1.1991
4273010,1.5000,1.1991
4273510,1.5000,1.1951
4274010,1.5000,1.1991
4274510,1.5000,1.2040
4275010,1.5000,1.1895
4275510,1.5000,1.2032
4276010,1.5000,1.1983
4276510,1.5000,1.1991
4277010,1.5000,1.1943
4277510,1.5000,1.1878
4278010,1.5000,1.2007
4278510,1.5000,1.1967
4279010,1.5000,1.2048
4279510,1.5000,1.2015
4280010,1.5000,1.1959
4280510,1.5000,1.1814
4281010,1.5000,1.1999
4281510,1.5000,1.1967
4282010,1.5000,1.2032
4282510,1.5000,1.2064
4283010,1.5000,1.2023
4283510,1.5000,1.1991
4284010,1.5000,1.1983
4284510,1.5000,1.1935
4285010,1.5000,1.1943
4285510,1.5000,1.1991
4286010,1.5000,1.1983
4286510,1.5000,1.2032
4287010,1.5000,1.2048
4287510,1.5000,1.2080
4288010,1.5000,1.2072
4288510,1.5000,1.2040
4289010,1.5000,1.1741
4289510,1.5000,1.2015
4290010,1.5000,1.1975
4290510,1.5000,1.1919
4291010,1.5000,1.1814
4291510,1.5000,1.1919
4292010,1.5000,1.1878
4292510,1.5000,1.1967
4293010,1.5000,1.1967
4293510,1.5000,1.2048
4294010,1.5000,1.1854
4294510,1.5000,1.1991
4295010,1.5000,1.1991
4295510,1.5000,1.1959
4296010,1.5000,1.1983
4296510,1.5000,1.2144
4297010,1.5000,1.1991
4297510,1.5000,1.2136
4298010,1.5000,1.1991
4298510,1.5000,1.1999
4299010,1.5000,1.1999
4299510,1.5000,1.1991
4300010,1.5000,1.2096
4300510,1.5000,1.2120
4301010,1.5000,1.2015
4301510,1.5000,1.2032
4302010,1.5000,1.2088
4302510,1.5000,1.1999
4303010,1.5000,1.2040
4303510,1.5000,1.2040
4304010,1.5000,1.1991
4304510,1.5000,1.1895
4305010,1.5000,1.1919
4305510,1.5000,1.1991
4306010,1.5000,1.1927
4306510,1.5000,1.2120
4307010,1.5000,1.1862
4307510,1.5000,1.1951
4308010,1.5000,1.1999
4308510,1.5000,1.1951
4309010,1.5000,1.1991
4309510,1.5000,1.1959
4310010,1.5000,1.1862
4310510,1.5000,1.1999
4311010,1.5000,1.1903
4311510,1.5000,1.2023
4312010,1.5000,1.1991
4312510,1.5000,1.1741
4313010,1.5000,1.1903
4313510,1.5000,1.2104
4314010,1.5000,1.2007
4314510,1.5000,1.1959
4315010,1.5000,1.1967
4315510,1.5000,1.1943
4316010,1.5000,1.2064
4316510,1.5000,1.2007
4317010,1.5000,1.1903
4317510,1.5000,1.2064
4318010,1.5000,1.2007
4318510,1.5000,1.2120
4319010,1.5000,1.1975
4319510,1.5000,1.1991
4320010,1.5000,1.1967
4320510,1.5000,1.2072
4321010,1.5000,1.1991
4321510,1.5000,1.1991
4322010,1.5000,1.1886
4322510,1.5000,1.2048
4323010,1.5000,1.2120
4323510,1.5000,1.1991
4324010,1.5000,1.2032
4324510,1.5000,1.2072
4325010,1.5000,1.2225
4325510,1.5000,1.2040
4326010,1.5000,1.1991
4326510,1.5000,1.1999
4327010,1.5000,1.2048
4327510,1.5000,1.1886
4328010,1.5000,1.1814
4328510,1.5000,1.1999
4329010,1.5000,1.1999
4329510,1.5000,1.2032
4330010,1.5000,1.1895
4330510,1.5000,1.2007
4331010,1.5000,1.1935
4331510,1.5000,1.1999
4332010,1.5000,1.1999
4332510,1.5000,1.1951
4333010,1.5000,1.1911
4333510,1.5000,1.1991
4334010,1.5000,1.1967
4334510,1.5000,1.2040
4335010,1.5000,1.2136
4335510,1.5000,1.2023
4336010,1.5000,1.2007
4336510,1.5000,1.1935
4337010,1.5000,1.1967
4337510,1.5000,1.1862
4338010,1.5000,1.1983
4338510,1.5000,1.1838
4339010,1.5000,1.2064
4339510,1.5000,1.1991
4340010,1.5000,1.2007
4340510,1.5000,1.1983
4341010,1.5000,1.2048
4341510,1.5000,1.1983
4342010,1.5000,1.1983
4342510,1.5000,1.1983
4343010,1.5000,1.2007
4343510,1.5000,1.1878
4344010,1.5000,1.2040
4344510,1.5000,1.2112
4345010,1.5000,1.2152
4345510,1.5000,1.1862
4346010,1.5000,1.1919
4346510,1.5000,1.2015
4347010,1.5000,1.1991
4347510,1.5000,1.1983
4348010,1.5000,1.1919
4348510,1.5000,1.1991
4349010,1.5000,1.2007
4349510,1.5000,1.2032
4350010,1.5000,1.1991
4350510,1.5000,1.2185
4351010,1.5000,1.1919
4351510,1.5000,1.1983
4352010,1.5000,1.1991
4352510,1.5000,1.1999
4353010,1.5000,1.1919
4353510,1.5000,1.1886
4354010,1.5000,1.2048
4354510,1.5000,1.1991
4355010,1.5000,1.2072
4355510,1.5000,1.1919
4356010,1.5000,1.2225
4356510,1.5000,1.1991
4357010,1.5000,1.1822
4357510,1.5000,1.2048
4358010,1.5000,1.2007
4358510,1.5000,1.1991
4359010,1.5000,1.2032
4359510,1.5000,1.1991
4360010,1.5000,1.1951
4360510,1.5000,1.1999
4361010,1.5000,1.1991
4361510,1.5000,1.2015
4362010,1.5000,1.1991
4362510,1.5000,1.2040
4363010,1.5000,1.2007
4363510,1.5000,1.1983
4364010,1.5000,1.1967
4364510,1.5000,1.2096
4365010,1.5000,1.1919
4365510,1.5000,1.1991
4366010,1.5000,1.1967
4366510,1.5000,1.1991
4367010,1.5000,1.2007
4367510,1.5000,1.1991
4368010,1.5000,1.1991
4368510,1.5000,1.1919
4369010,1.5000,1.1991
4369510,1.5000,1.1911
4370010,1.5000,1.1967
4370510,1.5000,1.2120
4371010,1.5000,1.2015
4371510,1.5000,1.2048
4372010,1.5000,1.1991
4372510,1.5000,1.1999
4373010,1.5000,1.2104
4373510,1.5000,1.2088
4374010,1.5000,1.2007
4374510,1.5000,1.2032
4375010,1.5000,1.1999
4375510,1.5000,1.2265
4376010,1.5000,1.2144
4376510,1.5000,1.2007
4377010,1.5000,1.1943
4377510,1.5000,1.1943
4378010,1.5000,1.1991
4378510,1.5000,1.1991
4379010,1.5000,1.1975
4379510,1.5000,1.2040
4380010,1.5000,1.1967
4380510,1.5000,1.1846
4381010,1.5000,1.1959
4381510,1.5000,1.1991
4382010,1.5000,1.1862
4382510,1.5000,1.2007
4383010,1.5000,1.1999
4383510,1.5000,1.1886
4384010,1.5000,1.1870
4384510,1.5000,1.1943
4385010,1.5000,1.2080
4385510,1.5000,1.2144
4386010,1.5000,1.1999
4386510,1.5000,1.1991
4387010,1.5000,1.1935
4387510,1.5000,1.1991
4388010,1.5000,1.1991
4388510,1.5000,1.2007
4389010,1.5000,1.2032
4389510,1.5000,1.2048
4390010,1.5000,1.1999
4390510,1.5000,1.1991
4391010,1.5000,1.1967
4391510,1.5000,1.1983
4392010,1.5000,1.1983
4392510,1.5000,1.2072
4393010,1.5000,1.2023
4393510,1.5000,1.1895
4394010,1.5000,1.2201
4394510,1.5000,1.2032
4395010,1.5000,1.1991
4395510,1.5000,1.2048
4396010,1.5000,1.1854
4396510,1.5000,1.1983
4397010,1.5000,1.1991
4397510,1.5000,1.1991
4398010,1.5000,1.2032
4398510,1.5000,1.1999
4399010,1.5000,1.2072
4399510,1.5000,1.1991
4400010,1.5000,1.1991
4400510,1.5000,1.2040
4401010,1.5000,1.1967
4401510,1.5000,1.1886
4402010,1.5000,1.2104
4402510,1.5000,1.2032
4403010,1.5000,1.1991
4403510,1.5000,1.1991
4404010,1.5000,1.1919
4404510,1.5000,1.1999
4405010,1.5000,1.2007
4405510,1.5000,1.2023
4406010,1.5000,1.1975
4406510,1.5000,1.1983
4407010,1.5000,1.1903
4407510,1.5000,1.2072
4408010,1.5000,1.2096
4408510,1.5000,1.1975
4409010,1.5000,1.1991
4409510,1.5000,1.1991
4410010,1.5000,1.2032
4410510,1.5000,1.1919
4411010,1.5000,1.2007
4411510,1.5000,1.2048
4412010,1.5000,1.2032
4412510,1.5000,1.1991
4413010,1.5000,1.1983
4413510,1.5000,1.1886
4414010,1.5000,1.2064
4414510,1.5000,1.2032
4415010,1.5000,1.2032
4415510,1.5000,1.2072
4416010,1.5000,1.1991
4416510,1.5000,1.1991
4417010,1.5000,1.1999
4417510,1.5000,1.2007
4418010,1.5000,1.2032
4418510,1.5000,1.1967
4419010,1.5000,1.2088
4419510,1.5000,1.2048
4420010,1.5000,1.2064
4420510,1.5000,1.2048
4421010,1.5000,1.2096
4421510,1.5000,1.2136
4422010,1.5000,1.1991
4422510,1.5000,1.1838
4423010,1.5000,1.2048
4423510,1.5000,1.2080
4424010,1.5000,1.2080
4424510,1.5000,1.1999
4425010,1.5000,1.1991
4425510,1.5000,1.2064
4426010,1.5000,1.2088
4426510,1.5000,1.1967
4427010,1.5000,1.2032
4427510,1.5000,1.1983
4428010,1.5000,1.1967
4428510,1.5000,1.2015
4429010,1.5000,1.1991
4429510,1.5000,1.1991
4430010,1.5000,1.1975
4430510,1.5000,1.1991
4431010,1.5000,1.1854
4431510,1.5000,1.2040
4432010,1.5000,1.1886
4432510,1.5000,1.1991
4433010,1.5000,1.2007
4433510,1.5000,1.1991
4434010,1.5000,1.1919
4434510,1.5000,1.1935
4435010,1.5000,1.1991
4435510,1.5000,1.2096
4436010,1.5000,1.2072
4436510,1.5000,1.2015
4437010,1.5000,1.1975
4437510,1.5000,1.2032
4438010,1.5000,1.2096
4438510,1.5000,1.2120
4439010,1.5000,1.2088
4439510,1.5000,1.2080
4440010,1.5000,1.2032
4440510,1.5000,1.2072
4441010,1.5000,1.2048
4441510,1.5000,1.1991
4442010,1.5000,1.2007
4442510,1.5000,1.1935
4443010,1.5000,1.1991
4443510,1.5000,1.2056
4444010,1.5000,1.2064
4444510,1.5000,1.2056
4445010,1.5000,1.2096
4445510,1.5000,1.1991
4446010,1.5000,1.1991
4446510,1.5000,1.1967
4447010,1.5000,1.2096
4447510,1.5000,1.1967
4448010,1.5000,1.2096
4448510,1.5000,1.2007
4449010,1.5000,1.2015
4449510,1.5000,1.1870
4450010,1.5000,1.2007
4450510,1.5000,1.2185
4451010,1.5000,1.1991
4451510,1.5000,1.2015
4452010,1.5000,1.1999
4452510,1.5000,1.2096
4453010,1.5000,1.1999
4453510,1.5000,1.2015
4454010,1.5000,1.1991
4454510,1.5000,1.2032
4455010,1.5000,1.2080
4455510,1.5000,1.2072
4456010,1.5000,1.1975
4456510,1.5000,1.2193
4457010,1.5000,1.1991
4457510,1.5000,1.1919
4458010,1.5000,1.1991
4458510,1.5000,1.1991
4459010,1.5000,1.2040
4459510,1.5000,1.1991
4460010,1.5000,1.1895
4460510,1.5000,1.1991
4461010,1.5000,1.1991
4461510,1.5000,1.1959
4462010,1.5000,1.2080
4462510,1.5000,1.2072
4463010,1.5000,1.2096
4463510,1.5000,1.2023
4464010,1.5000,1.2040
4464510,1.5000,1.2040
4465010,1.5000,1.1919
4465510,1.5000,1.1975
4466010,1.5000,1.2080
4466510,1.5000,1.2064
4467010,1.5000,1.2032
4467510,1.5000,1.1895
4468010,1.5000,1.2112
4468510,1.5000,1.1991
4469010,1.5000,1.2056
4469510,1.5000,1.1991
4470010,1.5000,1.1919
4470510,1.5000,1.2040
4471010,1.5000,1.1951
4471510,1.5000,1.2048
4472010,1.5000,1.2080
4472510,1.5000,1.2136
4473010,1.5000,1.2023
4473510,1.5000,1.2032
4474010,1.5000,1.2032
4474510,1.5000,1.2064
4475010,1.5000,1.1886
4475510,1.5000,1.1983
4476010,1.5000,1.2015
4476510,1.5000,1.1999
4477010,1.5000,1.1991
4477510,1.5000,1.1870
4478010,1.5000,1.2040
4478510,1.5000,1.2040
4479010,1.5000,1.1951
4479510,1.5000,1.2104
4480010,1.5000,1.1983
4480510,1.5000,1.2096
4481010,1.5000,1.2217
4481510,1.5000,1.2064
4482010,1.5000,1.1991
4482510,1.5000,1.1991
4483010,1.5000,1.1975
4483510,1.5000,1.1975
4484010,1.5000,1.1943
4484510,1.5000,1.2023
4485010,1.5000,1.2136
4485510,1.5000,1.2144
4486010,1.5000,1.1983
4486510,1.5000,1.2032
4487010,1.5000,1.1967
4487510,1.5000,1.1951
4488010,1.5000,1.1991
4488510,1.5000,1.2088
4489010,1.5000,1.1999
4489510,1.5000,1.2007
4490010,1.5000,1.2032
4490510,1.5000,1.2088
4491010,1.5000,1.1991
4491510,1.5000,1.2007
4492010,1.5000,1.2265
4492510,1.5000,1.2112
4493010,1.5000,1.1911
4493510,1.5000,1.2104
4494010,1.5000,1.2096
4494510,1.5000,1.1999
4495010,1.5000,1.2128
4495510,1.5000,1.2032
4496010,1.5000,1.2080
4496510,1.5000,1.2120
4497010,1.5000,1.2096
4497510,1.5000,1.1999
4498010,1.5000,1.2023
4498510,1.5000,1.2023
4499010,1.5000,1.2064
4499510,1.5000,1.2040
4500010,1.5000,1.1959
4500510,1.5000,1.1991
4501010,1.5000,1.1878
4501510,1.5000,1.1999
4502010,1.5000,1.2032
4502510,1.5000,1.2136
4503010,1.5000,1.1911
4503510,1.5000,1.1991
4504010,1.5000,1.2007
4504510,1.5000,1.1991
4505010,1.5000,1.1999
4505510,1.5000,1.1991
4506010,1.5000,1.2007
4506510,1.5000,1.1991
4507010,1.5000,1.1991
4507510,1.5000,1.1999
4508010,1.5000,1.1991
4508510,1.5000,1.2015
4509010,1.5000,1.2048
4509510,1.5000,1.1919
4510010,1.5000,1.1895
4510510,1.5000,1.1991
4511010,1.5000,1.2096
4511510,1.5000,1.1991
4512010,1.5000,1.2048
4512510,1.5000,1.1975
4513010,1.5000,1.1935
4513510,1.5000,1.2023
4514010,1.5000,1.2064
4514510,1.5000,1.1983
4515010,1.5000,1.2032
4515510,1.5000,1.2128
4516010,1.5000,1.2088
4516510,1.5000,1.2048
4517010,1.5000,1.2015
4517510,1.5000,1.2040
4518010,1.5000,1.1999
4518510,1.5000,1.1991
4519010,1.5000,1.1967
4519510,1.5000,1.1991
4520010,1.5000,1.2048
4520510,1.5000,1.2015
4521010,1.5000,1.2015
4521510,1.5000,1.2023
4522010,1.5000,1.2040
4522510,1.5000,1.2048
4523010,1.5000,1.2032
4523510,1.5000,1.1967
4524010,1.5000,1.1991
4524510,1.5000,1.1951
4525010,1.5000,1.2064
4525510,1.5000,1.1983
4526010,1.5000,1.1919
4526510,1.5000,1.2007
4527010,1.5000,1.1991
4527510,1.5000,1.1991
4528010,1.5000,1.1991
4528510,1.5000,1.1951
4529010,1.5000,1.1983
4529510,1.5000,1.1991
4530010,1.5000,1.2112
4530510,1.5000,1.2048
4531010,1.5000,1.2032
4531510,1.5000,1.2281
4532010,1.5000,1.2007
4532510,1.5000,1.1991
4533010,1.5000,1.1886
4533510,1.5000,1.2080
4534010,1.5000,1.1999
4534510,1.5000,1.2015
4535010,1.5000,1.2096
4535510,1.5000,1.2007
4536010,1.5000,1.1774
4536510,1.5000,1.1991
4537010,1.5000,1.1846
4537510,1.5000,1.2015
4538010,1.5000,1.2072
4538510,1.5000,1.2032
4539010,1.5000,1.2007
4539510,1.5000,1.2064
4540010,1.5000,1.2032
4540510,1.5000,1.2015
4541010,1.5000,1.1911
4541510,1.5000,1.2032
4542010,1.5000,1.2048
4542510,1.5000,1.2064
4543010,1.5000,1.2096
4543510,1.5000,1.1983
4544010,1.5000,1.1999
4544510,1.5000,1.1733
4545010,1.5000,1.2032
4545510,1.5000,1.2112
4546010,1.5000,1.1782
4546510,1.5000,1.2040
4547010,1.5000,1.2007
4547510,1.5000,1.2015
4548010,1.5000,1.2096
4548510,1.5000,1.1903
4549010,1.5000,1.1991
4549510,1.5000,1.1878
4550010,1.5000,1.2064
4550510,1.5000,1.2015
4551010,1.5000,1.1999
4551510,1.5000,1.1790
4552010,1.5000,1.1943
4552510,1.5000,1.1991
4553010,1.5000,1.1895
4553510,1.5000,1.2064
4554010,1.5000,1.2015
4554510,1.5000,1.2032
4555010,1.5000,1.1999
4555510,1.5000,1.2064
4556010,1.5000,1.1967
4556510,1.5000,1.2015
4557010,1.5000,1.2080
4557510,1.5000,1.2048
4558010,1.5000,1.1991
4558510,1.5000,1.1895
4559010,1.5000,1.2072
4559510,1.5000,1.2072
4560010,1.5000,1.2032
4560510,1.5000,1.1983
4561010,1.5000,1.2048
4561510,1.5000,1.2032
4562010,1.5000,1.2032
4562510,1.5000,1.2064
4563010,1.5000,1.1999
4563510,1.5000,1.2120
4564010,1.5000,1.2032
4564510,1.5000,1.1991
4565010,1.5000,1.2007
4565510,1.5000,1.1967
4566010,1.5000,1.1991
4566510,1.5000,1.2128
4567010,1.5000,1.2048
4567510,1.5000,1.2160
4568010,1.5000,1.1991
4568510,1.5000,1.1991
4569010,1.5000,1.2088
4569510,1.5000,1.1999
4570010,1.5000,1.1935
4570510,1.5000,1.2015
4571010,1.5000,1.2007
4571510,1.5000,1.1967
4572010,1.5000,1.2007
4572510,1.5000,1.1975
4573010,1.5000,1.1991
4573510,1.5000,1.2048
4574010,1.5000,1.1951
4574510,1.5000,1.1999
4575010,1.5000,1.1991
4575510,1.5000,1.2072
4576010,1.5000,1.2015
4576510,1.5000,1.1983
4577010,1.5000,1.2072
4577510,1.5000,1.2201
4578010,1.5000,1.2056
4578510,1.5000,1.2015
4579010,1.5000,1.1935
4579510,1.5000,1.2096
4580010,1.5000,1.2032
4580510,1.5000,1.1886
4581010,1.5000,1.2322
4581510,1.5000,1.1991
4582010,1.5000,1.1975
4582510,1.5000,1.1975
4583010,1.5000,1.2048
4583510,1.5000,1.2104
4584010,1.5000,1.2048
4584510,1.5000,1.1919
4585010,1.5000,1.1999
4585510,1.5000,1.2177
4586010,1.5000,1.2249
4586510,1.5000,1.1983
4587010,1.5000,1.2096
4587510,1.5000,1.1999
4588010,1.5000,1.2048
4588510,1.5000,1.2032
4589010,1.5000,1.1991
4589510,1.5000,1.1959
4590010,1.5000,1.2048
4590510,1.5000,1.2032
4591010,1.5000,1.2032
4591510,1.5000,1.1959
4592010,1.5000,1.1991
4592510,1.5000,1.2048
4593010,1.5000,1.2160
4593510,1.5000,1.1999
4594010,1.5000,1.2064
4594510,1.5000,1.1991
4595010,1.5000,1.1967
4595510,1.5000,1.2072
4596010,1.5000,1.2015
4596510,1.5000,1.1991
4597010,1.5000,1.1846
4597510,1.5000,1.2032
4598010,1.5000,1.2015
4598510,1.5000,1.2040
4599010,1.5000,1.1806
4599510,1.5000,1.2015
4600010,1.5000,1.2112
4600510,1.5000,1.2152
4601010,1.5000,1.1991
4601510,1.5000,1.2040
4602010,1.5000,1.2104
4602510,1.5000,1.2080
4603010,1.5000,1.1991
4603510,1.5000,1.2015
4604010,1.5000,1.1991
4604510,1.5000,1.2120
4605010,1.5000,1.2128
4605510,1.5000,1.1919
4606010,1.5000,1.2088
4606510,1.5000,1.2040
4607010,1.5000,1.1959
4607510,1.5000,1.2120
4608010,1.5000,1.1991
4608510,1.5000,1.1991
4609010,1.5000,1.2032
4609510,1.5000,1.2112
4610010,1.5000,1.2096
4610510,1.5000,1.2080
4611010,1.5000,1.2015
4611510,1.5000,1.2015
4612010,1.5000,1.2064
4612510,1.5000,1.2023
4613010,1.5000,1.2048
4613510,1.5000,1.1999
4614010,1.5000,1.2096
4614510,1.5000,1.2104
4615010,1.5000,1.2168
4615510,1.5000,1.1870
4616010,1.5000,1.2023
4616510,1.5000,1.2128
4617010,1.5000,1.2064
4617510,1.5000,1.2007
4618010,1.5000,1.1991
4618510,1.5000,1.2015
4619010,1.5000,1.2032
4619510,1.5000,1.2160
4620010,1.5000,1.1991
4620510,1.5000,1.2048
4621010,1.5000,1.2023
4621510,1.5000,1.2144
4622010,1.5000,1.2072
4622510,1.5000,1.1943
4623010,1.5000,1.2080
4623510,1.5000,1.2032
4624010,1.5000,1.2015
4624510,1.5000,1.1999
4625010,1.5000,1.1999
4625510,1.5000,1.2048
4626010,1.5000,1.2104
4626510,1.5000,1.2048
4627010,1.5000,1.1991
4627510,1.5000,1.2048
4628010,1.5000,1.2072
4628510,1.5000,1.2048
4629010,1.5000,1.2040
4629510,1.5000,1.2096
4630010,1.5000,1.1999
4630510,1.5000,1.2160
4631010,1.5000,1.2048
4631510,1.5000,1.2015
4632010,1.5000,1.2023
4632510,1.5000,1.1999
4633010,1.5000,1.2104
4633510,1.5000,1.2104
4634010,1.5000,1.1991
4634510,1.5000,1.2056
4635010,1.5000,1.1911
4635510,1.5000,1.2064
4636010,1.5000,1.2040
4636510,1.5000,1.2072
4637010,1.5000,1.2048
4637510,1.5000,1.1870
4638010,1.5000,1.2144
4638510,1.5000,1.1886
4639010,1.5000,1.2064
4639510,1.5000,1.2072
4640010,1.5000,1.2072
4640510,1.5000,1.2023
4641010,1.5000,1.2072
4641510,1.5000,1.2136
4642010,1.5000,1.2104
4642510,1.5000,1.1991
4643010,1.5000,1.2144
4643510,1.5000,1.2015
4644010,1.5000,1.2144
4644510,1.5000,1.1943
4645010,1.5000,1.1951
4645510,1.5000,1.2072
4646010,1.5000,1.2096
4646510,1.5000,1.2096
4647010,1.5000,1.2040
4647510,1.5000,1.1991
4648010,1.5000,1.2023
4648510,1.5000,1.2096
4649010,1.5000,1.2023
4649510,1.5000,1.2088
4650010,1.5000,1.2080
4650510,1.5000,1.2209
4651010,1.5000,1.2048
4651510,1.5000,1.2032
4652010,1.5000,1.2088
4652510,1.5000,1.2015
4653010,1.5000,1.1991
4653510,1.5000,1.2249
4654010,1.5000,1.1991
4654510,1.5000,1.2136
4655010,1.5000,1.1991
4655510,1.5000,1.2128
4656010,1.5000,1.2080
4656510,1.5000,1.2048
4657010,1.5000,1.1967
4657510,1.5000,1.2072
4658010,1.5000,1.1911
4658510,1.5000,1.2048
4659010,1.5000,1.1983
4659510,1.5000,1.2080
4660010,1.5000,1.2032
4660510,1.5000,1.1935
4661010,1.5000,1.2007
4661510,1.5000,1.1999
4662010,1.5000,1.2072
4662510,1.5000,1.1991
4663010,1.5000,1.2032
4663510,1.5000,1.2080
4664010,1.5000,1.2040
4664510,1.5000,1.1991
4665010,1.5000,1.2064
4665510,1.5000,1.2032
4666010,1.5000,1.2040
4666510,1.5000,1.2023
4667010,1.5000,1.2080
4667510,1.5000,1.2104
4668010,1.5000,1.2015
4668510,1.5000,1.2104
4669010,1.5000,1.2233
4669510,1.5000,1.2040
4670010,1.5000,1.2080
4670510,1.5000,1.2080
4671010,1.5000,1.1935
4671510,1.5000,1.2128
4672010,1.5000,1.2128
4672510,1.5000,1.2072
4673010,1.5000,1.1999
4673510,1.5000,1.2120
4674010,1.5000,1.2015
4674510,1.5000,1.2080
4675010,1.5000,1.2015
4675510,1.5000,1.2023
4676010,1.5000,1.2096
4676510,1.5000,1.2072
4677010,1.5000,1.2015
4677510,1.5000,1.2088
4678010,1.5000,1.2040
4678510,1.5000,1.2144
4679010,1.5000,1.2080
4679510,1.5000,1.1991
4680010,1.5000,1.2023
4680510,1.5000,1.1991
4681010,1.5000,1.1983
4681510,1.5000,1.1991
4682010,1.5000,1.2080
4682510,1.5000,1.2040
4683010,1.5000,1.1999
4683510,1.5000,1.2007
4684010,1.5000,1.2015
4684510,1.5000,1.2152
4685010,1.5000,1.2080
4685510,1.5000,1.2096
4686010,1.5000,1.2120
4686510,1.5000,1.2104
4687010,1.5000,1.2064
4687510,1.5000,1.2322
4688010,1.5000,1.1999
4688510,1.5000,1.2015
4689010,1.5000,1.2088
4689510,1.5000,1.2088
4690010,1.5000,1.2080
4690510,1.5000,1.2080
4691010,1.5000,1.1886
4691510,1.5000,1.2112
4692010,1.5000,1.2023
4692510,1.5000,1.2064
4693010,1.5000,1.2040
4693510,1.5000,1.1919
4694010,1.5000,1.1878
4694510,1.5000,1.2088
4695010,1.5000,1.2064
4695510,1.5000,1.2136
4696010,1.5000,1.2104
4696510,1.5000,1.2023
4697010,1.5000,1.2064
4697510,1.5000,1.2064
4698010,1.5000,1.2112
4698510,1.5000,1.1991
4699010,1.5000,1.1983
4699510,1.5000,1.2144
4700010,1.5000,1.2168
4700510,1.5000,1.2273
4701010,1.5000,1.2112
4701510,1.5000,1.2048
4702010,1.5000,1.2112
4702510,1.5000,1.1991
4703010,1.5000,1.2305
4703510,1.5000,1.2096
4704010,1.5000,1.2056
4704510,1.5000,1.2096
4705010,1.5000,1.2080
4705510,1.5000,1.1911
4706010,1.5000,1.1991
4706510,1.5000,1.2080
4707010,1.5000,1.2072
4707510,1.5000,1.2209
4708010,1.5000,1.2096
4708510,1.5000,1.1983
4709010,1.5000,1.2032
4709510,1.5000,1.2104
4710010,1.5000,1.1951
4710510,1.5000,1.2096
4711010,1.5000,1.1919
4711510,1.5000,1.2040
4712010,1.5000,1.2048
4712510,1.5000,1.2104
4713010,1.5000,1.1991
4713510,1.5000,1.2040
4714010,1.5000,1.1951
4714510,1.5000,1.2015
4715010,1.5000,1.2072
4715510,1.5000,1.1983
4716010,1.5000,1.2120
4716510,1.5000,1.2015
4717010,1.5000,1.1991
4717510,1.5000,1.2080
4718010,1.5000,1.2023
4718510,1.5000,1.2056
4719010,1.5000,1.1919
4719510,1.5000,1.1991
4720010,1.5000,1.2023
4720510,1.5000,1.2032
4721010,1.5000,1.2096
4721510,1.5000,1.2040
4722010,1.5000,1.2104
4722510,1.5000,1.2072
4723010,1.5000,1.2257
4723510,1.5000,1.1991
4724010,1.5000,1.2080
4724510,1.5000,1.2080
4725010,1.5000,1.2112
4725510,1.5000,1.2096
4726010,1.5000,1.2048
4726510,1.5000,1.2048
4727010,1.5000,1.2160
4727510,1.5000,1.2128
4728010,1.5000,1.1903
4728510,1.5000,1.2032
4729010,1.5000,1.2088
4729510,1.5000,1.2152
4730010,1.5000,1.2104
4730510,1.5000,1.2048
4731010,1.5000,1.2040
4731510,1.5000,1.2023
4732010,1.5000,1.2112
4732510,1.5000,1.2080
4733010,1.5000,1.1967
4733510,1.5000,1.2160
4734010,1.5000,1.2088
4734510,1.5000,1.2112
4735010,1.5000,1.2120
4735510,1.5000,1.2048
4736010,1.5000,1.2080
4736510,1.5000,1.2048
4737010,1.5000,1.2032
4737510,1.5000,1.2080
4738010,1.5000,1.1991
4738510,1.5000,1.2015
4739010,1.5000,1.1886
4739510,1.5000,1.1943
4740010,1.5000,1.2144
4740510,1.5000,1.2144
4741010,1.5000,1.2048
4741510,1.5000,1.2104
4742010,1.5000,1.1999
4742510,1.5000,1.2032
4743010,1.5000,1.2104
4743510,1.5000,1.2104
4744010,1.5000,1.2007
4744510,1.5000,1.2040
4745010,1.5000,1.2096
4745510,1.5000,1.2160
4746010,1.5000,1.2064
4746510,1.5000,1.2015
4747010,1.5000,1.2007
4747510,1.5000,1.2064
4748010,1.5000,1.1903
4748510,1.5000,1.1991
4749010,1.5000,1.2064
4749510,1.5000,1.1951
4750010,1.5000,1.2048
4750510,1.5000,1.2144
4751010,1.5000,1.2112
4751510,1.5000,1.2007
4752010,1.5000,1.2080
4752510,1.5000,1.1991
4753010,1.5000,1.2096
4753510,1.5000,1.2160
4754010,1.5000,1.2096
4754510,1.5000,1.2112
4755010,1.5000,1.2040
4755510,1.5000,1.2072
4756010,1.5000,1.1999
4756510,1.5000,1.2048
4757010,1.5000,1.2072
4757510,1.5000,1.2177
4758010,1.5000,1.2072
4758510,1.5000,1.2160
4759010,1.5000,1.2080
4759510,1.5000,1.2249
4760010,1.5000,1.2080
4760510,1.5000,1.2048
4761010,1.5000,1.2104
4761510,1.5000,1.2193
4762010,1.5000,1.1975
4762510,1.5000,1.2064
4763010,1.5000,1.2032
4763510,1.5000,1.2072
4764010,1.5000,1.2160
4764510,1.5000,1.2048
4765010,1.5000,1.2104
4765510,1.5000,1.2112
4766010,1.5000,1.2112
4766510,1.5000,1.2128
4767010,1.5000,1.2080
4767510,1.5000,1.1967
4768010,1.5000,1.2096
4768510,1.5000,1.2088
4769010,1.5000,1.2080
4769510,1.5000,1.2023
4770010,1.5000,1.2201
4770510,1.5000,1.2112
4771010,1.5000,1.2120
4771510,1.5000,1.2096
4772010,1.5000,1.2007
4772510,1.5000,1.2225
4773010,1.5000,1.2144
4773510,1.5000,1.2104
4774010,1.5000,1.2015
4774510,1.5000,1.2233
4775010,1.5000,1.2007
4775510,1.5000,1.2048
4776010,1.5000,1.2080
4776510,1.5000,1.2104
4777010,1.5000,1.2015
4777510,1.5000,1.2120
4778010,1.5000,1.2048
4778510,1.5000,1.2112
4779010,1.5000,1.2072
4779510,1.5000,1.1999
4780010,1.5000,1.2064
4780510,1.5000,1.2080
4781010,1.5000,1.2072
4781510,1.5000,1.2048
4782010,1.5000,1.2096
4782510,1.5000,1.2225
4783010,1.5000,1.2096
4783510,1.5000,1.2152
4784010,1.5000,1.2096
4784510,1.5000,1.2048
4785010,1.5000,1.2233
4785510,1.5000,1.2177
4786010,1.5000,1.2096
4786510,1.5000,1.2128
4787010,1.5000,1.2104
4787510,1.5000,1.2104
4788010,1.5000,1.2032
4788510,1.5000,1.2144
4789010,1.5000,1.2168
4789510,1.5000,1.2007
4790010,1.5000,1.2168
4790510,1.5000,1.2112
4791010,1.5000,1.2112
4791510,1.5000,1.2007
4792010,1.5000,1.2080
4792510,1.5000,1.2096
4793010,1.5000,1.2112
4793510,1.5000,1.2201
4794010,1.5000,1.2112
4794510,1.5000,1.2088
4795010,1.5000,1.1999
4795510,1.5000,1.2112
4796010,1.5000,1.2128
4796510,1.5000,1.2112
4797010,1.5000,1.2193
4797510,1.5000,1.2128
4798010,1.5000,1.2048
4798510,1.5000,1.2040
4799010,1.5000,1.2032
4799510,1.5000,1.2072
4800010,1.5000,1.2088
4800510,1.5000,1.2080
4801010,1.5000,1.2056
4801510,1.5000,1.2015
4802010,1.5000,1.2168
4802510,1.5000,1.2160
4803010,1.5000,1.2144
4803510,1.5000,1.2072
4804010,1.5000,1.2112
4804510,1.5000,1.1983
4805010,1.5000,1.2160
4805510,1.5000,1.2112
4806010,1.5000,1.2201
4806510,1.5000,1.2040
4807010,1.5000,1.2128
4807510,1.5000,1.1991
4808010,1.5000,1.2160
4808510,1.5000,1.2072
4809010,1.5000,1.2104
4809510,1.5000,1.2032
4810010,1.5000,1.2201
4810510,1.5000,1.2023
4811010,1.5000,1.2128
4811510,1.5000,1.2136
4812010,1.5000,1.1911
4812510,1.5000,1.2193
4813010,1.5000,1.1983
4813510,1.5000,1.1935
4814010,1.5000,1.2112
4814510,1.5000,1.2128
4815010,1.5000,1.2152
4815510,1.5000,1.1975
4816010,1.5000,1.2064
4816510,1.5000,1.2128
4817010,1.5000,1.2160
4817510,1.5000,1.2112
4818010,1.5000,1.2225
4818510,1.5000,1.2177
4819010,1.5000,1.2136
4819510,1.5000,1.2128
4820010,1.5000,1.2048
4820510,1.5000,1.2257
4821010,1.5000,1.2193
4821510,1.5000,1.2128
4822010,1.5000,1.2112
4822510,1.5000,1.2112
4823010,1.5000,1.2177
4823510,1.5000,1.1999
4824010,1.5000,1.2096
4824510,1.5000,1.2096
4825010,1.5000,1.2225
4825510,1.5000,1.1991
4826010,1.5000,1.2096
4826510,1.5000,1.2185
4827010,1.5000,1.2144
4827510,1.5000,1.2136
4828010,1.5000,1.2177
4828510,1.5000,1.2088
4829010,1.5000,1.2096
4829510,1.5000,1.2080
4830010,1.5000,1.2201
4830510,1.5000,1.2032
4831010,1.5000,1.2193
4831510,1.5000,1.2088
4832010,1.5000,1.2104
4832510,1.5000,1.2064
4833010,1.5000,1.2072
4833510,1.5000,1.1967
4834010,1.5000,1.2104
4834510,1.5000,1.2040
4835010,1.5000,1.2128
4835510,1.5000,1.2112
4836010,1.5000,1.2120
4836510,1.5000,1.2104
4837010,1.5000,1.2233
4837510,1.5000,1.2096
4838010,1.5000,1.1999
4838510,1.5000,1.2128
4839010,1.5000,1.2144
4839510,1.5000,1.2305
4840010,1.5000,1.2088
4840510,1.5000,1.2249
4841010,1.5000,1.2120
4841510,1.5000,1.2015
4842010,1.5000,1.2144
4842510,1.5000,1.2007
4843010,1.5000,1.2233
4843510,1.5000,1.2354
4844010,1.5000,1.2136
4844510,1.5000,1.2273
4845010,1.5000,1.2064
4845510,1.5000,1.2040
4846010,1.5000,1.2088
4846510,1.5000,1.2144
4847010,1.5000,1.2080
4847510,1.5000,1.2144
4848010,1.5000,1.2136
4848510,1.5000,1.2128
4849010,1.5000,1.2120
4849510,1.5000,1.2144
4850010,1.5000,1.2144
4850510,1.5000,1.2112
4851010,1.5000,1.1991
4851510,1.5000,1.2160
4852010,1.5000,1.2104
4852510,1.5000,1.2241
4853010,1.5000,1.2201
4853510,1.5000,1.1999
4854010,1.5000,1.2040
4854510,1.5000,1.2201
4855010,1.5000,1.2072
4855510,1.5000,1.2233
4856010,1.5000,1.2144
4856510,1.5000,1.2193
4857010,1.5000,1.2040
4857510,1.5000,1.2080
4858010,1.5000,1.2128
4858510,1.5000,1.2015
4859010,1.5000,1.2168
4859510,1.5000,1.2201
4860010,1.5000,1.2136
4860510,1.5000,1.2064
4861010,1.5000,1.2112
4861510,1.5000,1.2080
4862010,1.5000,1.2193
4862510,1.5000,1.2128
4863010,1.5000,1.1991
4863510,1.5000,1.2193
4864010,1.5000,1.2168
4864510,1.5000,1.2096
4865010,1.5000,1.2048
4865510,1.5000,1.2080
4866010,1.5000,1.2120
4866510,1.5000,1.2144
4867010,1.5000,1.2160
4867510,1.5000,1.2128
4868010,1.5000,1.2128
4868510,1.5000,1.2281
4869010,1.5000,1.2120
4869510,1.5000,1.2249
4870010,1.5000,1.2225
4870510,1.5000,1.2177
4871010,1.5000,1.2168
4871510,1.5000,1.2249
4872010,1.5000,1.1991
4872510,1.5000,1.2088
4873010,1.5000,1.2056
4873510,1.5000,1.2088
4874010,1.5000,1.1991
4874510,1.5000,1.2088
4875010,1.5000,1.2265
4875510,1.5000,1.1935
4876010,1.5000,1.2120
4876510,1.5000,1.2249
4877010,1.5000,1.2088
4877510,1.5000,1.2040
4878010,1.5000,1.2128
4878510,1.5000,1.2015
4879010,1.5000,1.2064
4879510,1.5000,1.2032
4880010,1.5000,1.2015
4880510,1.5000,1.1991
4881010,1.5000,1.2040
4881510,1.5000,1.2040
4882010,1.5000,1.2112
4882510,1.5000,1.1999
4883010,1.5000,1.2072
4883510,1.5000,1.1991
4884010,1.5000,1.1886
4884510,1.5000,1.2080
4885010,1.5000,1.2128
4885510,1.5000,1.1959
4886010,1.5000,1.2112
4886510,1.5000,1.2144
4887010,1.5000,1.2112
4887510,1.5000,1.2128
4888010,1.5000,1.2120
4888510,1.5000,1.2120
4889010,1.5000,1.2096
4889510,1.5000,1.2032
4890010,1.5000,1.2241
4890510,1.5000,1.2080
4891010,1.5000,1.2088
4891510,1.5000,1.2072
4892010,1.5000,1.2144
4892510,1.5000,1.2015
4893010,1.5000,1.2128
4893510,1.5000,1.2112
4894010,1.5000,1.2112
4894510,1.5000,1.2080
4895010,1.5000,1.2177
4895510,1.5000,1.2104
4896010,1.5000,1.2112
4896510,1.5000,1.2177
4897010,1.5000,1.2160
4897510,1.5000,1.2233
4898010,1.5000,1.2177
4898510,1.5000,1.2225
4899010,1.5000,1.2128
4899510,1.5000,1.2144
4900010,1.5000,1.2112
4900510,1.5000,1.2048
4901010,1.5000,1.2104
4901510,1.5000,1.2193
4902010,1.5000,1.2233
4902510,1.5000,1.2193
4903010,1.5000,1.2128
4903510,1.5000,1.2241
4904010,1.5000,1.2209
4904510,1.5000,1.2064
4905010,1.5000,1.1999
4905510,1.5000,1.2040
4906010,1.5000,1.2160
4906510,1.5000,1.2032
4907010,1.5000,1.2177
4907510,1.5000,1.2080
4908010,1.5000,1.2177
4908510,1.5000,1.2128
4909010,1.5000,1.2233
4909510,1.5000,1.2201
4910010,1.5000,1.2136
4910510,1.5000,1.2112
4911010,1.5000,1.2209
4911510,1.5000,1.2096
4912010,1.5000,1.2120
4912510,1.5000,1.2168
4913010,1.5000,1.2136
4913510,1.5000,1.2144
4914010,1.5000,1.2136
4914510,1.5000,1.2168
4915010,1.5000,1.2032
4915510,1.5000,1.2144
4916010,1.5000,1.2233
4916510,1.5000,1.2249
4917010,1.5000,1.2209
4917510,1.5000,1.2217
4918010,1.5000,1.2168
4918510,1.5000,1.2136
4919010,1.5000,1.2185
4919510,1.5000,1.2104
4920010,1.5000,1.2168
4920510,1.5000,1.2201
4921010,1.5000,1.2289
4921510,1.5000,1.2225
4922010,1.5000,1.2128
4922510,1.5000,1.2144
4923010,1.5000,1.2233
4923510,1.5000,1.2265
4924010,1.5000,1.2136
4924510,1.5000,1.2120
4925010,1.5000,1.2136
4925510,1.5000,1.2088
4926010,1.5000,1.2072
4926510,1.5000,1.1919
4927010,1.5000,1.2128
4927510,1.5000,1.2233
4928010,1.5000,1.2096
4928510,1.5000,1.2233
4929010,1.5000,1.2225
4929510,1.5000,1.2023
4930010,1.5000,1.2160
4930510,1.5000,1.2168
4931010,1.5000,1.1991
4931510,1.5000,1.2120
4932010,1.5000,1.2177
4932510,1.5000,1.2168
4933010,1.5000,1.2096
4933510,1.5000,1.1935
4934010,1.5000,1.2112
4934510,1.5000,1.2048
4935010,1.5000,1.2128
4935510,1.5000,1.2112
4936010,1.5000,1.2160
4936510,1.5000,1.2015
4937010,1.5000,1.2168
4937510,1.5000,1.2112
4938010,1.5000,1.2152
4938510,1.5000,1.2225
4939010,1.5000,1.2048
4939510,1.5000,1.2032
4940010,1.5000,1.2136
4940510,1.5000,1.2193
4941010,1.5000,1.2128
4941510,1.5000,1.2072
4942010,1.5000,1.2160
4942510,1.5000,1.2160
4943010,1.5000,1.2064
4943510,1.5000,1.2015
4944010,1.5000,1.2072
4944510,1.5000,1.2152
4945010,1.5000,1.1991
4945510,1.5000,1.2032
4946010,1.5000,1.2160
4946510,1.5000,1.1991
4947010,1.5000,1.2136
4947510,1.5000,1.2088
4948010,1.5000,1.1983
4948510,1.5000,1.2088
4949010,1.5000,1.2136
4949510,1.5000,1.1999
4950010,1.5000,1.2160
4950510,1.5000,1.2136
4951010,1.5000,1.2152
4951510,1.5000,1.2241
4952010,1.5000,1.2080
4952510,1.5000,1.2185
4953010,1.5000,1.2064
4953510,1.5000,1.2128
4954010,1.5000,1.2152
4954510,1.5000,1.2096
4955010,1.5000,1.2072
4955510,1.5000,1.2112
4956010,1.5000,1.2128
4956510,1.5000,1.2072
4957010,1.5000,1.2112
4957510,1.5000,1.2048
4958010,1.5000,1.2160
4958510,1.5000,1.2120
4959010,1.5000,1.2201
4959510,1.5000,1.2112
4960010,1.5000,1.2217
4960510,1.5000,1.2201
4961010,1.5000,1.2144
4961510,1.5000,1.2080
4962010,1.5000,1.2177
4962510,1.5000,1.2201
4963010,1.5000,1.1999
4963510,1.5000,1.2193
4964010,1.5000,1.2096
4964510,1.5000,1.2233
4965010,1.5000,1.1999
4965510,1.5000,1.2160
4966010,1.5000,1.2015
4966510,1.5000,1.2136
4967010,1.5000,1.2201
4967510,1.5000,1.2160
4968010,1.5000,1.2080
4968510,1.5000,1.2104
4969010,1.5000,1.2080
4969510,1.5000,1.2177
4970010,1.5000,1.2249
4970510,1.5000,1.2056
4971010,1.5000,1.2249
4971510,1.5000,1.2201
4972010,1.5000,1.2144
4972510,1.5000,1.2177
4973010,1.5000,1.2007
4973510,1.5000,1.2080
4974010,1.5000,1.2233
4974510,1.5000,1.2177
4975010,1.5000,1.2023
4975510,1.5000,1.2209
4976010,1.5000,1.2136
4976510,1.5000,1.2193
4977010,1.5000,1.2177
4977510,1.5000,1.2152
4978010,1.5000,1.2168
4978510,1.5000,1.2144
4979010,1.5000,1.2048
4979510,1.5000,1.2177
4980010,1.5000,1.2225
4980510,1.5000,1.2152
4981010,1.5000,1.2144
4981510,1.5000,1.2136
4982010,1.5000,1.2249
4982510,1.5000,1.2193
4983010,1.5000,1.2023
4983510,1.5000,1.2201
4984010,1.5000,1.2120
4984510,1.5000,1.2080
4985010,1.5000,1.2080
4985510,1.5000,1.2144
4986010,1.5000,1.2136
4986510,1.5000,1.2064
4987010,1.5000,1.2104
4987510,1.5000,1.2152
4988010,1.5000,1.2152
4988510,1.5000,1.2096
4989010,1.5000,1.2233
4989510,1.5000,1.2160
4990010,1.5000,1.2209
4990510,1.5000,1.2112
4991010,1.5000,1.2152
4991510,1.5000,1.2297
4992010,1.5000,1.2015
4992510,1.5000,1.1878
4993010,1.5000,1.2217
4993510,1.5000,1.1975
4994010,1.5000,1.1999
4994510,1.5000,1.2305
4995010,1.5000,1.2346
4995510,1.5000,1.2330
4996010,1.5000,1.2120
4996510,1.5000,1.2297
4997010,1.5000,1.1951
4997510,1.5000,1.1983
4998010,1.5000,1.2370
4998510,1.5000,1.2322
4999010,1.5000,1.2305
4999510,1.5000,1.2168
5000010,1.5000,1.1943
5000510,1.5000,1.1999
5001010,1.5000,1.2370
5001510,1.5000,1.2136
5002010,1.5000,1.2072
5002510,1.5000,1.1975
5003010,1.5000,1.1967
5003510,1.5000,1.2112
5004010,1.5000,1.2015
5004510,1.5000,1.2241
5005010,1.5000,1.2305
5005510,1.5000,1.2160
5006010,1.5000,1.2209
5006510,1.5000,1.2040
5007010,1.5000,1.2080
5007510,1.5000,1.2289
5008010,1.5000,1.2152
5008510,1.5000,1.2249
5009010,1.5000,1.1943
5009510,1.5000,1.1878
5010010,1.5000,1.1983
5010510,1.5000,1.2152
5011010,1.5000,1.1838
5011510,1.5000,1.2193
5012010,1.5000,1.2225
5012510,1.5000,1.1911
5013010,1.5000,1.2265
5013510,1.5000,1.2144
5014010,1.5000,1.2209
5014510,1.5000,1.1846
5015010,1.5000,1.1991
5015510,1.5000,1.2249
5016010,1.5000,1.2080
5016510,1.5000,1.2201
5017010,1.5000,1.2338
5017510,1.5000,1.2120
5018010,1.5000,1.1733
5018510,1.5000,1.2177
5019010,1.5000,1.2217
5019510,1.5000,1.2072
5020010,1.5000,1.1951
5020510,1.5000,1.2305
5021010,1.5000,1.2257
5021510,1.5000,1.2249
5022010,1.5000,1.2201
5022510,1.5000,1.2080
5023010,1.5000,1.1967
5023510,1.5000,1.2032
5024010,1.5000,1.1975
5024510,1.5000,1.1991
5025010,1.5000,1.1967
5025510,1.5000,1.2273
5026010,1.5000,1.1983
5026510,1.5000,1.1943
5027010,1.5000,1.2241
5027510,1.5000,1.1983
5028010,1.5000,1.2072
5028510,1.5000,1.2185
5029010,1.5000,1.2249
5029510,1.5000,1.2281
5030010,1.5000,1.2249
5030510,1.5000,1.2160
5031010,1.5000,1.1999
5031510,1.5000,1.1943
5032010,1.5000,1.2040
5032510,1.5000,1.1951
5033010,1.5000,1.1991
5033510,1.5000,1.1935
5034010,1.5000,1.2136
5034510,1.5000,1.1862
5035010,1.5000,1.2032
5035510,1.5000,1.2249
5036010,1.5000,1.2225
5036510,1.5000,1.1999
5037010,1.5000,1.2048
5037510,1.5000,1.1967
5038010,1.5000,1.1886
5038510,1.5000,1.2265
5039010,1.5000,1.2023
5039510,1.5000,1.2289
5040010,1.5000,1.1983
5040510,1.5000,1.2265
5041010,1.5000,1.1854
5041510,1.5000,1.2362
5042010,1.5000,1.1999
5042510,1.5000,1.2064
5043010,1.5000,1.1911
5043510,1.5000,1.2370
5044010,1.5000,1.2217
5044510,1.5000,1.2048
5045010,1.5000,1.2096
5045510,1.5000,1.1991
5046010,1.5000,1.2015
5046510,1.5000,1.1991
5047010,1.5000,1.2048
5047510,1.5000,1.2168
5048010,1.5000,1.2144
5048510,1.5000,1.2330
5049010,1.5000,1.2225
5049510,1.5000,1.1886
5050010,1.5000,1.1790
5050510,1.5000,1.2370
5051010,1.5000,1.2370
5051510,1.5000,1.2023
5052010,1.5000,1.1846
5052510,1.5000,1.2160
5053010,1.5000,1.1943
5053510,1.5000,1.2015
5054010,1.5000,1.2273
5054510,1.5000,1.2112
5055010,1.5000,1.2064
5055510,1.5000,1.2120
5056010,1.5000,1.1967
5056510,1.5000,1.1975
5057010,1.5000,1.1911
5057510,1.5000,1.2338
5058010,1.5000,1.1991
5058510,1.5000,1.2354
5059010,1.5000,1.2354
5059510,1.5000,1.2144
5060010,1.5000,1.2305
5060510,1.5000,1.2136
5061010,1.5000,1.2193
5061510,1.5000,1.2193
5062010,1.5000,1.2370
5062510,1.5000,1.2177
5063010,1.5000,1.2104
5063510,1.5000,1.2048
5064010,1.5000,1.2249
5064510,1.5000,1.2281
5065010,1.5000,1.1870
5065510,1.5000,1.2273
5066010,1.5000,1.2168
5066510,1.5000,1.2225
5067010,1.5000,1.2193
5067510,1.5000,1.2249
5068010,1.5000,1.2080
5068510,1.5000,1.2201
5069010,1.5000,1.2112
5069510,1.5000,1.2096
5070010,1.5000,1.2144
5070510,1.5000,1.2177
5071010,1.5000,1.2080
5071510,1.5000,1.2177
5072010,1.5000,1.2144
5072510,1.5000,1.2136
5073010,1.5000,1.2112
5073510,1.5000,1.2048
5074010,1.5000,1.2257
5074510,1.5000,1.2233
5075010,1.5000,1.2112
5075510,1.5000,1.2128
5076010,1.5000,1.2177
5076510,1.5000,1.2144
5077010,1.5000,1.2112
5077510,1.5000,1.2128
5078010,1.5000,1.2112
5078510,1.5000,1.2112
5079010,1.5000,1.2177
5079510,1.5000,1.2249
5080010,1.5000,1.2096
5080510,1.5000,1.1895
5081010,1.5000,1.2160
5081510,1.5000,1.2201
5082010,1.5000,1.2112
5082510,1.5000,1.2104
5083010,1.5000,1.2177
5083510,1.5000,1.2193
5084010,1.5000,1.2265
5084510,1.5000,1.2201
5085010,1.5000,1.1991
5085510,1.5000,1.2048
5086010,1.5000,1.2193
5086510,1.5000,1.2193
5087010,1.5000,1.2249
5087510,1.5000,1.2273
5088010,1.5000,1.2160
5088510,1.5000,1.2136
5089010,1.5000,1.2152
5089510,1.5000,1.2257
5090010,1.5000,1.2168
5090510,1.5000,1.2128
5091010,1.5000,1.1878
5091510,1.5000,1.2144
5092010,1.5000,1.2233
5092510,1.5000,1.2120
5093010,1.5000,1.2160
5093510,1.5000,1.2217
5094010,1.5000,1.2048
5094510,1.5000,1.2249
5095010,1.5000,1.2249
5095510,1.5000,1.2104
5096010,1.5000,1.2177
5096510,1.5000,1.2177
5097010,1.5000,1.2096
5097510,1.5000,1.2120
5098010,1.5000,1.2281
5098510,1.5000,1.2112
5099010,1.5000,1.2144
5099510,1.5000,1.2112
5100010,1.5000,1.2160
5100510,1.5000,1.2289
5101010,1.5000,1.2177
5101510,1.5000,1.2249
5102010,1.5000,1.2120
5102510,1.5000,1.2177
5103010,1.5000,1.2088
5103510,1.5000,1.2225
5104010,1.5000,1.2225
5104510,1.5000,1.2160
5105010,1.5000,1.2144
5105510,1.5000,1.2346
5106010,1.5000,1.2225
5106510,1.5000,1.2160
5107010,1.5000,1.2160
5107510,1.5000,1.2128
5108010,1.5000,1.1991
5108510,1.5000,1.2193
5109010,1.5000,1.2201
5109510,1.5000,1.2201
5110010,1.5000,1.2193
5110510,1.5000,1.2120
5111010,1.5000,1.2225
5111510,1.5000,1.2168
5112010,1.5000,1.2193
5112510,1.5000,1.2032
5113010,1.5000,1.2160
5113510,1.5000,1.2136
5114010,1.5000,1.2257
5114510,1.5000,1.2273
5115010,1.5000,1.2289
5115510,1.5000,1.2177
5116010,1.5000,1.2241
5116510,1.5000,1.2249
5117010,1.5000,1.2249
5117510,1.5000,1.2249
5118010,1.5000,1.2168
5118510,1.5000,1.2160
5119010,1.5000,1.2136
5119510,1.5000,1.2177
5120010,1.5000,1.2193
5120510,1.5000,1.2177
5121010,1.5000,1.2120
5121510,1.5000,1.2144
5122010,1.5000,1.2217
5122510,1.5000,1.2249
5123010,1.5000,1.2241
5123510,1.5000,1.2128
5124010,1.5000,1.2249
5124510,1.5000,1.2128
5125010,1.5000,1.2144
5125510,1.5000,1.2048
5126010,1.5000,1.2144
5126510,1.5000,1.2160
5127010,1.5000,1.2265
5127510,1.5000,1.2249
5128010,1.5000,1.2217
5128510,1.5000,1.2289
5129010,1.5000,1.2144
5129510,1.5000,1.2241
5130010,1.5000,1.2265
5130510,1.5000,1.2128
5131010,1.5000,1.2015
5131510,1.5000,1.2112
5132010,1.5000,1.2201
5132510,1.5000,1.2241
5133010,1.5000,1.2144
5133510,1.5000,1.2112
5134010,1.5000,1.2225
5134510,1.5000,1.2152
5135010,1.5000,1.2096
5135510,1.5000,1.2128
5136010,1.5000,1.2136
5136510,1.5000,1.2225
5137010,1.5000,1.2177
5137510,1.5000,1.2233
5138010,1.5000,1.2209
5138510,1.5000,1.2104
5139010,1.5000,1.2128
5139510,1.5000,1.2112
5140010,1.5000,1.2160
5140510,1.5000,1.2168
5141010,1.5000,1.2128
5141510,1.5000,1.2193
5142010,1.5000,1.2225
5142510,1.5000,1.2160
5143010,1.5000,1.2305
5143510,1.5000,1.2112
5144010,1.5000,1.2160
5144510,1.5000,1.2257
5145010,1.5000,1.2249
5145510,1.5000,1.2144
5146010,1.5000,1.2354
5146510,1.5000,1.2209
5147010,1.5000,1.2241
5147510,1.5000,1.2257
5148010,1.5000,1.2209
5148510,1.5000,1.2201
5149010,1.5000,1.2080
5149510,1.5000,1.2233
5150010,1.5000,1.2233
5150510,1.5000,1.2112
5151010,1.5000,1.2160
5151510,1.5000,1.2128
5152010,1.5000,1.2249
5152510,1.5000,1.2201
5153010,1.5000,1.2241
5153510,1.5000,1.2257
5154010,1.5000,1.2096
5154510,1.5000,1.1991
5155010,1.5000,1.2168
5155510,1.5000,1.2273
5156010,1.5000,1.2040
5156510,1.5000,1.2201
5157010,1.5000,1.2233
5157510,1.5000,1.2289
5158010,1.5000,1.2209
5158510,1.5000,1.2177
5159010,1.5000,1.2201
5159510,1.5000,1.2305
5160010,1.5000,1.2225
5160510,1.5000,1.2314
5161010,1.5000,1.2209
5161510,1.5000,1.2128
5162010,1.5000,1.2217
5162510,1.5000,1.2257
5163010,1.5000,1.2023
5163510,1.5000,1.2201
5164010,1.5000,1.2201
5164510,1.5000,1.2249
5165010,1.5000,1.2064
5165510,1.5000,1.2120
5166010,1.5000,1.2225
5166510,1.5000,1.2249
5167010,1.5000,1.2233
5167510,1.5000,1.2273
5168010,1.5000,1.2144
5168510,1.5000,1.2281
5169010,1.5000,1.2249
5169510,1.5000,1.2249
5170010,1.5000,1.2241
5170510,1.5000,1.2177
5171010,1.5000,1.2120
5171510,1.5000,1.2040
5172010,1.5000,1.2225
5172510,1.5000,1.2048
5173010,1.5000,1.2080
5173510,1.5000,1.2209
5174010,1.5000,1.2249
5174510,1.5000,1.2201
5175010,1.5000,1.2136
5175510,1.5000,1.2201
5176010,1.5000,1.2136
5176510,1.5000,1.2265
5177010,1.5000,1.2354
5177510,1.5000,1.2225
5178010,1.5000,1.2136
5178510,1.5000,1.2201
5179010,1.5000,1.2201
5179510,1.5000,1.2241
5180010,1.5000,1.2354
5180510,1.5000,1.2193
5181010,1.5000,1.2233
5181510,1.5000,1.2289
5182010,1.5000,1.2241
5182510,1.5000,1.2281
5183010,1.5000,1.2265
5183510,1.5000,1.2128
5184010,1.5000,1.2160
5184510,1.5000,1.2104
5185010,1.5000,1.2297
5185510,1.5000,1.2233
5186010,1.5000,1.2209
5186510,1.5000,1.2547
5187010,1.5000,1.2257
5187510,1.5000,1.2281
5188010,1.5000,1.2177
5188510,1.5000,1.2257
5189010,1.5000,1.2064
5189510,1.5000,1.2338
5190010,1.5000,1.2209
5190510,1.5000,1.2249
5191010,1.5000,1.2241
5191510,1.5000,1.2241
5192010,1.5000,1.2305
5192510,1.5000,1.2249
5193010,1.5000,1.2160
5193510,1.5000,1.2297
5194010,1.5000,1.2209
5194510,1.5000,1.2088
5195010,1.5000,1.2241
5195510,1.5000,1.2249
5196010,1.5000,1.2088
5196510,1.5000,1.2209
5197010,1.5000,1.2160
5197510,1.5000,1.2209
5198010,1.5000,1.2128
5198510,1.5000,1.2346
5199010,1.5000,1.2225
5199510,1.5000,1.2177
5200010,1.5000,1.2241
5200510,1.5000,1.2257
5201010,1.5000,1.2088
5201510,1.5000,1.2136
5202010,1.5000,1.2225
5202510,1.5000,1.2217
5203010,1.5000,1.2257
5203510,1.5000,1.2249
5204010,1.5000,1.2225
5204510,1.5000,1.2241
5205010,1.5000,1.2249
5205510,1.5000,1.2104
5206010,1.5000,1.2225
5206510,1.5000,1.2201
5207010,1.5000,1.2193
5207510,1.5000,1.2128
5208010,1.5000,1.2136
5208510,1.5000,1.2128
5209010,1.5000,1.2160
5209510,1.5000,1.2233
5210010,1.5000,1.2249
5210510,1.5000,1.2177
5211010,1.5000,1.2168
5211510,1.5000,1.2136
5212010,1.5000,1.2257
5212510,1.5000,1.2088
5213010,1.5000,1.2249
5213510,1.5000,1.2257
5214010,1.5000,1.2249
5214510,1.5000,1.2241
5215010,1.5000,1.2249
5215510,1.5000,1.2233
5216010,1.5000,1.2225
5216510,1.5000,1.2241
5217010,1.5000,1.2330
5217510,1.5000,1.2571
5218010,1.5000,1.2112
5218510,1.5000,1.2177
5219010,1.5000,1.2048
5219510,1.5000,1.2249
5220010,1.5000,1.2257
5220510,1.5000,1.2209
5221010,1.5000,1.2112
5221510,1.5000,1.2136
5222010,1.5000,1.2225
5222510,1.5000,1.2265
5223010,1.5000,1.2177
5223510,1.5000,1.2144
5224010,1.5000,1.2249
5224510,1.5000,1.2305
5225010,1.5000,1.2225
5225510,1.5000,1.2193
5226010,1.5000,1.2160
5226510,1.5000,1.2168
5227010,1.5000,1.2249
5227510,1.5000,1.2354
5228010,1.5000,1.2305
5228510,1.5000,1.2144
5229010,1.5000,1.2193
5229510,1.5000,1.2257
5230010,1.5000,1.2209
5230510,1.5000,1.2281
5231010,1.5000,1.2249
5231510,1.5000,1.2249
5232010,1.5000,1.2249
5232510,1.5000,1.2209
5233010,1.5000,1.2144
5233510,1.5000,1.2120
5234010,1.5000,1.2225
5234510,1.5000,1.2241
5235010,1.5000,1.2241
5235510,1.5000,1.2249
5236010,1.5000,1.2362
5236510,1.5000,1.2249
5237010,1.5000,1.2233
5237510,1.5000,1.2370
5238010,1.5000,1.2160
5238510,1.5000,1.1999
5239010,1.5000,1.2112
5239510,1.5000,1.2177
5240010,1.5000,1.2201
5240510,1.5000,1.2152
5241010,1.5000,1.2152
5241510,1.5000,1.2088
5242010,1.5000,1.2144
5242510,1.5000,1.2233
5243010,1.5000,1.2225
5243510,1.5000,1.2209
5244010,1.5000,1.2330
5244510,1.5000,1.2177
5245010,1.5000,1.2120
5245510,1.5000,1.2273
5246010,1.5000,1.2249
5246510,1.5000,1.2305
5247010,1.5000,1.2177
5247510,1.5000,1.2217
5248010,1.5000,1.2241
5248510,1.5000,1.2249
5249010,1.5000,1.2338
5249510,1.5000,1.2177
5250010,1.5000,1.2096
5250510,1.5000,1.2120
5251010,1.5000,1.2177
5251510,1.5000,1.2160
5252010,1.5000,1.2241
5252510,1.5000,1.2112
5253010,1.5000,1.2249
5253510,1.5000,1.2249
5254010,1.5000,1.2032
5254510,1.5000,1.2225
5255010,1.5000,1.2257
5255510,1.5000,1.2273
5256010,1.5000,1.2305
5256510,1.5000,1.2136
5257010,1.5000,1.2249
5257510,1.5000,1.2249
5258010,1.5000,1.2249
5258510,1.5000,1.2249
5259010,1.5000,1.2346
5259510,1.5000,1.2209
5260010,1.5000,1.2305
5260510,1.5000,1.2273
5261010,1.5000,1.2249
5261510,1.5000,1.1967
5262010,1.5000,1.2233
5262510,1.5000,1.2225
5263010,1.5000,1.2112
5263510,1.5000,1.2233
5264010,1.5000,1.2233
5264510,1.5000,1.2201
5265010,1.5000,1.2209
5265510,1.5000,1.2112
5266010,1.5000,1.2096
5266510,1.5000,1.2249
5267010,1.5000,1.2209
5267510,1.5000,1.2249
5268010,1.5000,1.2080
5268510,1.5000,1.2225
5269010,1.5000,1.2249
5269510,1.5000,1.2249
5270010,1.5000,1.2265
5270510,1.5000,1.2209
5271010,1.5000,1.2257
5271510,1.5000,1.2201
5272010,1.5000,1.2249
5272510,1.5000,1.2241
5273010,1.5000,1.2241
5273510,1.5000,1.2233
5274010,1.5000,1.2305
5274510,1.5000,1.2241
5275010,1.5000,1.2112
5275510,1.5000,1.2265
5276010,1.5000,1.2225
5276510,1.5000,1.2128
5277010,1.5000,1.2241
5277510,1.5000,1.2257
5278010,1.5000,1.2273
5278510,1.5000,1.2209
5279010,1.5000,1.2257
5279510,1.5000,1.2297
5280010,1.5000,1.2201
5280510,1.5000,1.2249
5281010,1.5000,1.2193
5281510,1.5000,1.2241
5282010,1.5000,1.2112
5282510,1.5000,1.2281
5283010,1.5000,1.2281
5283510,1.5000,1.2249
5284010,1.5000,1.2177
5284510,1.5000,1.2257
5285010,1.5000,1.2007
5285510,1.5000,1.2168
5286010,1.5000,1.2064
5286510,1.5000,1.2225
5287010,1.5000,1.2241
5287510,1.5000,1.2241
5288010,1.5000,1.2249
5288510,1.5000,1.2177
5289010,1.5000,1.2160
5289510,1.5000,1.2249
5290010,1.5000,1.2257
5290510,1.5000,1.2241
5291010,1.5000,1.2168
5291510,1.5000,1.2185
5292010,1.5000,1.2249
5292510,1.5000,1.2233
5293010,1.5000,1.2144
5293510,1.5000,1.2144
5294010,1.5000,1.2193
5294510,1.5000,1.2265
5295010,1.5000,1.2249
5295510,1.5000,1.2289
5296010,1.5000,1.2273
5296510,1.5000,1.2104
5297010,1.5000,1.2241
5297510,1.5000,1.2177
5298010,1.5000,1.2249
5298510,1.5000,1.2136
5299010,1.5000,1.2233
5299510,1.5000,1.2217
5300010,1.5000,1.2249
5300510,1.5000,1.2120
5301010,1.5000,1.2249
5301510,1.5000,1.2249
5302010,1.5000,1.2241
5302510,1.5000,1.2072
5303010,1.5000,1.2257
5303510,1.5000,1.2233
5304010,1.5000,1.2177
5304510,1.5000,1.2193
5305010,1.5000,1.2144
5305510,1.5000,1.2136
5306010,1.5000,1.2257
5306510,1.5000,1.2249
5307010,1.5000,1.2160
5307510,1.5000,1.2072
5308010,1.5000,1.2257
5308510,1.5000,1.2370
5309010,1.5000,1.2249
5309510,1.5000,1.2249
5310010,1.5000,1.2233
5310510,1.5000,1.2249
5311010,1.5000,1.2120
5311510,1.5000,1.2209
5312010,1.5000,1.2249
5312510,1.5000,1.2362
5313010,1.5000,1.2370
5313510,1.5000,1.2249
5314010,1.5000,1.2265
5314510,1.5000,1.2088
5315010,1.5000,1.2241
5315510,1.5000,1.2241
5316010,1.5000,1.2257
5316510,1.5000,1.2233
5317010,1.5000,1.2305
5317510,1.5000,1.2330
5318010,1.5000,1.2249
5318510,1.5000,1.2225
5319010,1.5000,1.2040
5319510,1.5000,1.2370
5320010,1.5000,1.2314
5320510,1.5000,1.2168
5321010,1.5000,1.2265
5321510,1.5000,1.2088
5322010,1.5000,1.2370
5322510,1.5000,1.2249
5323010,1.5000,1.2225
5323510,1.5000,1.2209
5324010,1.5000,1.2346
5324510,1.5000,1.2297
5325010,1.5000,1.2136
5325510,1.5000,1.2144
5326010,1.5000,1.2128
5326510,1.5000,1.2225
5327010,1.5000,1.2249
5327510,1.5000,1.2144
5328010,1.5000,1.2249
5328510,1.5000,1.2209
5329010,1.5000,1.2233
5329510,1.5000,1.2168
5330010,1.5000,1.2241
5330510,1.5000,1.2217
5331010,1.5000,1.2370
5331510,1.5000,1.2249
5332010,1.5000,1.2217
5332510,1.5000,1.2177
5333010,1.5000,1.2080
5333510,1.5000,1.2281
5334010,1.5000,1.2201
5334510,1.5000,1.2241
5335010,1.5000,1.2249
5335510,1.5000,1.2144
5336010,1.5000,1.2241
5336510,1.5000,1.2233
5337010,1.5000,1.2201
5337510,1.5000,1.2225
5338010,1.5000,1.2072
5338510,1.5000,1.2362
5339010,1.5000,1.2177
5339510,1.5000,1.2233
5340010,1.5000,1.2241
5340510,1.5000,1.2225
5341010,1.5000,1.2249
5341510,1.5000,1.2209
5342010,1.5000,1.2104
5342510,1.5000,1.1886
5343010,1.5000,1.2249
5343510,1.5000,1.2241
5344010,1.5000,1.2249
5344510,1.5000,1.2160
5345010,1.5000,1.2201
5345510,1.5000,1.2289
5346010,1.5000,1.2265
5346510,1.5000,1.2257
5347010,1.5000,1.2241
5347510,1.5000,1.2168
5348010,1.5000,1.2249
5348510,1.5000,1.2265
5349010,1.5000,1.2249
5349510,1.5000,1.2160
5350010,1.5000,1.2249
5350510,1.5000,1.2338
5351010,1.5000,1.2160
5351510,1.5000,1.2201
5352010,1.5000,1.2241
5352510,1.5000,1.2241
5353010,1.5000,1.2241
5353510,1.5000,1.2281
5354010,1.5000,1.2112
5354510,1.5000,1.2064
5355010,1.5000,1.2249
5355510,1.5000,1.2209
5356010,1.5000,1.2330
5356510,1.5000,1.2201
5357010,1.5000,1.2362
5357510,1.5000,1.2257
5358010,1.5000,1.2241
5358510,1.5000,1.2128
5359010,1.5000,1.2265
5359510,1.5000,1.2201
5360010,1.5000,1.2201
5360510,1.5000,1.2217
5361010,1.5000,1.2249
5361510,1.5000,1.2080
5362010,1.5000,1.1919
5362510,1.5000,1.2370
5363010,1.5000,1.2233
5363510,1.5000,1.2209
5364010,1.5000,1.2225
5364510,1.5000,1.2241
5365010,1.5000,1.2225
5365510,1.5000,1.2249
5366010,1.5000,1.2241
5366510,1.5000,1.2177
5367010,1.5000,1.2257
5367510,1.5000,1.2257
5368010,1.5000,1.2193
5368510,1.5000,1.2233
5369010,1.5000,1.2225
5369510,1.5000,1.2249
5370010,1.5000,1.2241
5370510,1.5000,1.2088
5371010,1.5000,1.2023
5371510,1.5000,1.2257
5372010,1.5000,1.2209
5372510,1.5000,1.2193
5373010,1.5000,1.2273
5373510,1.5000,1.2249
5374010,1.5000,1.2249
5374510,1.5000,1.2297
5375010,1.5000,1.1774
5375510,1.5000,1.2249
5376010,1.5000,1.2217
5376510,1.5000,1.2241
5377010,1.5000,1.2305
5377510,1.5000,1.2072
5378010,1.5000,1.2249
5378510,1.5000,1.2273
5379010,1.5000,1.2273
5379510,1.5000,1.2144
5380010,1.5000,1.2225
5380510,1.5000,1.2281
5381010,1.5000,1.2249
5381510,1.5000,1.2314
5382010,1.5000,1.2185
5382510,1.5000,1.2265
5383010,1.5000,1.2257
5383510,1.5000,1.2241
5384010,1.5000,1.2305
5384510,1.5000,1.2370
5385010,1.5000,1.2160
5385510,1.5000,1.2233
5386010,1.5000,1.2241
5386510,1.5000,1.2128
5387010,1.5000,1.2249
5387510,1.5000,1.2064
5388010,1.5000,1.2305
5388510,1.5000,1.2233
5389010,1.5000,1.2217
5389510,1.5000,1.1862
5390010,1.5000,1.2257
5390510,1.5000,1.2032
5391010,1.5000,1.2201
5391510,1.5000,1.2225
5392010,1.5000,1.2257
5392510,1.5000,1.2265
5393010,1.5000,1.2209
5393510,1.5000,1.2297
5394010,1.5000,1.2241
5394510,1.5000,1.2249
5395010,1.5000,1.2241
5395510,1.5000,1.2088
5396010,1.5000,1.2370
5396510,1.5000,1.2265
5397010,1.5000,1.2305
5397510,1.5000,1.2193
5398010,1.5000,1.2241
5398510,1.5000,1.2088
5399010,1.5000,1.2209
5399510,1.5000,1.2362
5400010,1.5000,1.2346
5400510,1.5000,1.2241
5401010,1.5000,1.2281
5401510,1.5000,1.2305
5402010,1.5000,1.2233
5402510,1.5000,1.2241
5403010,1.5000,1.2193
5403510,1.5000,1.2241
5404010,1.5000,1.2217
5404510,1.5000,1.2249
5405010,1.5000,1.2241
5405510,1.5000,1.2273
5406010,1.5000,1.2201
5406510,1.5000,1.2168
5407010,1.5000,1.2249
5407510,1.5000,1.2144
5408010,1.5000,1.2193
5408510,1.5000,1.2048
5409010,1.5000,1.2249
5409510,1.5000,1.2241
5410010,1.5000,1.2128
5410510,1.5000,1.2233
5411010,1.5000,1.2249
5411510,1.5000,1.2201
5412010,1.5000,1.2209
5412510,1.5000,1.2305
5413010,1.5000,1.2354
5413510,1.5000,1.2249
5414010,1.5000,1.2297
5414510,1.5000,1.2144
5415010,1.5000,1.2289
5415510,1.5000,1.2193
5416010,1.5000,1.2370
5416510,1.5000,1.2201
5417010,1.5000,1.2088
5417510,1.5000,1.2209
5418010,1.5000,1.2249
5418510,1.5000,1.2241
5419010,1.5000,1.2370
5419510,1.5000,1.2225
5420010,1.5000,1.2281
5420510,1.5000,1.2273
5421010,1.5000,1.2273
5421510,1.5000,1.2152
5422010,1.5000,1.2241
5422510,1.5000,1.2289
5423010,1.5000,1.2177
5423510,1.5000,1.2209
5424010,1.5000,1.2128
5424510,1.5000,1.2249
5425010,1.5000,1.2160
5425510,1.5000,1.2281
5426010,1.5000,1.2177
5426510,1.5000,1.2249
5427010,1.5000,1.2273
5427510,1.5000,1.2346
5428010,1.5000,1.2249
5428510,1.5000,1.2233
5429010,1.5000,1.2209
5429510,1.5000,1.2281
5430010,1.5000,1.2193
5430510,1.5000,1.2136
5431010,1.5000,1.2249
5431510,1.5000,1.2249
5432010,1.5000,1.2193
5432510,1.5000,1.2225
5433010,1.5000,1.2233
5433510,1.5000,1.2217
5434010,1.5000,1.2120
5434510,1.5000,1.2225
5435010,1.5000,1.2370
5435510,1.5000,1.2088
5436010,1.5000,1.2136
5436510,1.5000,1.2322
5437010,1.5000,1.2370
5437510,1.5000,1.2305
5438010,1.5000,1.2370
5438510,1.5000,1.2249
5439010,1.5000,1.2370
5439510,1.5000,1.2177
5440010,1.5000,1.2338
5440510,1.5000,1.2217
5441010,1.5000,1.2370
5441510,1.5000,1.2297
5442010,1.5000,1.2241
5442510,1.5000,1.2241
5443010,1.5000,1.2209
5443510,1.5000,1.2249
5444010,1.5000,1.2273
5444510,1.5000,1.2241
5445010,1.5000,1.2289
5445510,1.5000,1.2193
5446010,1.5000,1.2241
5446510,1.5000,1.2249
5447010,1.5000,1.2273
5447510,1.5000,1.2249
5448010,1.5000,1.2257
5448510,1.5000,1.2249
5449010,1.5000,1.2217
5449510,1.5000,1.2241
5450010,1.5000,1.2249
5450510,1.5000,1.2233
5451010,1.5000,1.2249
5451510,1.5000,1.2209
5452010,1.5000,1.2160
5452510,1.5000,1.2152
5453010,1.5000,1.2249
5453510,1.5000,1.2370
5454010,1.5000,1.2257
5454510,1.5000,1.2265
5455010,1.5000,1.2233
5455510,1.5000,1.2354
5456010,1.5000,1.2241
5456510,1.5000,1.2249
5457010,1.5000,1.2257
5457510,1.5000,1.2338
5458010,1.5000,1.2354
5458510,1.5000,1.2338
5459010,1.5000,1.2289
5459510,1.5000,1.2225
5460010,1.5000,1.2193
5460510,1.5000,1.2370
5461010,1.5000,1.2209
5461510,1.5000,1.2201
5462010,1.5000,1.2289
5462510,1.5000,1.2201
5463010,1.5000,1.2249
5463510,1.5000,1.2209
5464010,1.5000,1.2225
5464510,1.5000,1.2241
5465010,1.5000,1.2281
5465510,1.5000,1.2273
5466010,1.5000,1.2152
5466510,1.5000,1.2523
5467010,1.5000,1.2265
5467510,1.5000,1.2281
5468010,1.5000,1.2160
5468510,1.5000,1.2249
5469010,1.5000,1.2217
5469510,1.5000,1.2257
5470010,1.5000,1.2249
5470510,1.5000,1.2257
5471010,1.5000,1.2144
5471510,1.5000,1.2104
5472010,1.5000,1.2273
5472510,1.5000,1.2177
5473010,1.5000,1.2257
5473510,1.5000,1.2249
5474010,1.5000,1.2273
5474510,1.5000,1.2193
5475010,1.5000,1.2136
5475510,1.5000,1.2241
5476010,1.5000,1.2249
5476510,1.5000,1.2305
5477010,1.5000,1.2338
5477510,1.5000,1.2128
5478010,1.5000,1.2265
5478510,1.5000,1.2257
5479010,1.5000,1.2265
5479510,1.5000,1.2257
5480010,1.5000,1.2144
5480510,1.5000,1.2249
5481010,1.5000,1.2289
5481510,1.5000,1.2257
5482010,1.5000,1.2289
5482510,1.5000,1.2370
5483010,1.5000,1.2241
5483510,1.5000,1.2249
5484010,1.5000,1.2241
5484510,1.5000,1.2249
5485010,1.5000,1.2249
5485510,1.5000,1.2225
5486010,1.5000,1.2281
5486510,1.5000,1.2249
5487010,1.5000,1.2217
5487510,1.5000,1.2289
5488010,1.5000,1.2289
5488510,1.5000,1.2177
5489010,1.5000,1.2289
5489510,1.5000,1.2257
5490010,1.5000,1.2201
5490510,1.5000,1.2273
5491010,1.5000,1.2160
5491510,1.5000,1.2217
5492010,1.5000,1.2233
5492510,1.5000,1.2249
5493010,1.5000,1.2249
5493510,1.5000,1.2160
5494010,1.5000,1.2249
5494510,1.5000,1.2330
5495010,1.5000,1.2249
5495510,1.5000,1.2297
5496010,1.5000,1.2193
5496510,1.5000,1.2265
5497010,1.5000,1.2233
5497510,1.5000,1.2257
5498010,1.5000,1.2249
5498510,1.5000,1.2201
5499010,1.5000,1.2322
5499510,1.5000,1.2249
5500010,1.5000,1.2330
5500510,1.5000,1.2136
5501010,1.5000,1.2249
5501510,1.5000,1.2160
5502010,1.5000,1.2112
5502510,1.5000,1.2257
5503010,1.5000,1.2249
5503510,1.5000,1.2241
5504010,1.5000,1.2354
5504510,1.5000,1.2241
5505010,1.5000,1.2209
5505510,1.5000,1.2305
5506010,1.5000,1.2370
5506510,1.5000,1.2370
5507010,1.5000,1.2249
5507510,1.5000,1.2346
5508010,1.5000,1.2297
5508510,1.5000,1.2265
5509010,1.5000,1.2322
5509510,1.5000,1.2281
5510010,1.5000,1.2338
5510510,1.5000,1.2241
5511010,1.5000,1.2370
5511510,1.5000,1.2249
5512010,1.5000,1.2193
5512510,1.5000,1.2209
5513010,1.5000,1.2273
5513510,1.5000,1.2257
5514010,1.5000,1.2370
5514510,1.5000,1.2136
5515010,1.5000,1.2305
5515510,1.5000,1.2249
5516010,1.5000,1.2225
5516510,1.5000,1.2249
5517010,1.5000,1.2289
5517510,1.5000,1.2322
5518010,1.5000,1.2370
5518510,1.5000,1.2177
5519010,1.5000,1.2249
5519510,1.5000,1.2177
5520010,1.5000,1.2257
5520510,1.5000,1.2257
5521010,1.5000,1.2265
5521510,1.5000,1.2249
5522010,1.5000,1.2112
5522510,1.5000,1.2225
5523010,1.5000,1.2233
5523510,1.5000,1.2249
5524010,1.5000,1.2225
5524510,1.5000,1.2249
5525010,1.5000,1.2257
5525510,1.5000,1.2257
5526010,1.5000,1.2338
5526510,1.5000,1.2362
5527010,1.5000,1.2249
5527510,1.5000,1.2209
5528010,1.5000,1.2209
5528510,1.5000,1.2338
5529010,1.5000,1.2370
5529510,1.5000,1.2338
5530010,1.5000,1.2225
5530510,1.5000,1.2241
5531010,1.5000,1.2249
5531510,1.5000,1.2289
5532010,1.5000,1.2233
5532510,1.5000,1.2249
5533010,1.5000,1.2217
5533510,1.5000,1.2322
5534010,1.5000,1.2249
5534510,1.5000,1.2346
5535010,1.5000,1.2297
5535510,1.5000,1.1862
5536010,1.5000,1.2273
5536510,1.5000,1.2249
5537010,1.5000,1.2338
5537510,1.5000,1.2241
5538010,1.5000,1.2370
5538510,1.5000,1.2273
5539010,1.5000,1.2209
5539510,1.5000,1.2281
5540010,1.5000,1.2120
5540510,1.5000,1.2249
5541010,1.5000,1.2273
5541510,1.5000,1.2257
5542010,1.5000,1.2201
5542510,1.5000,1.2370
5543010,1.5000,1.2177
5543510,1.5000,1.2362
5544010,1.5000,1.2249
5544510,1.5000,1.2289
5545010,1.5000,1.2177
5545510,1.5000,1.2249
5546010,1.5000,1.2547
5546510,1.5000,1.2249
5547010,1.5000,1.2233
5547510,1.5000,1.2160
5548010,1.5000,1.2273
5548510,1.5000,1.2241
5549010,1.5000,1.2257
5549510,1.5000,1.2032
5550010,1.5000,1.2177
5550510,1.5000,1.2257
5551010,1.5000,1.2346
5551510,1.5000,1.2241
5552010,1.5000,1.2193
5552510,1.5000,1.2265
5553010,1.5000,1.2330
5553510,1.5000,1.2209
5554010,1.5000,1.2249
5554510,1.5000,1.2305
5555010,1.5000,1.2370
5555510,1.5000,1.2225
5556010,1.5000,1.2257
5556510,1.5000,1.2209
5557010,1.5000,1.2297
5557510,1.5000,1.2330
5558010,1.5000,1.2265
5558510,1.5000,1.2330
5559010,1.5000,1.2249
5559510,1.5000,1.2257
5560010,1.5000,1.2297
5560510,1.5000,1.2305
5561010,1.5000,1.2257
5561510,1.5000,1.2257
5562010,1.5000,1.2305
5562510,1.5000,1.2289
5563010,1.5000,1.2257
5563510,1.5000,1.2249
5564010,1.5000,1.2257
5564510,1.5000,1.2370
5565010,1.5000,1.2289
5565510,1.5000,1.2168
5566010,1.5000,1.2225
5566510,1.5000,1.2128
5567010,1.5000,1.2249
5567510,1.5000,1.2265
5568010,1.5000,1.2289
5568510,1.5000,1.2305
5569010,1.5000,1.2297
5569510,1.5000,1.2249
5570010,1.5000,1.2289
5570510,1.5000,1.2241
5571010,1.5000,1.2257
5571510,1.5000,1.2144
5572010,1.5000,1.2249
5572510,1.5000,1.2370
5573010,1.5000,1.2193
5573510,1.5000,1.2225
5574010,1.5000,1.2273
5574510,1.5000,1.2297
5575010,1.5000,1.2354
5575510,1.5000,1.2249
5576010,1.5000,1.2370
5576510,1.5000,1.2620
5577010,1.5000,1.2370
5577510,1.5000,1.2249
5578010,1.5000,1.2322
5578510,1.5000,1.2281
5579010,1.5000,1.2273
5579510,1.5000,1.2257
5580010,1.5000,1.2322
5580510,1.5000,1.2249
5581010,1.5000,1.2330
5581510,1.5000,1.2273
5582010,1.5000,1.2209
5582510,1.5000,1.2370
5583010,1.5000,1.2338
5583510,1.5000,1.2257
5584010,1.5000,1.2370
5584510,1.5000,1.2370
5585010,1.5000,1.2249
5585510,1.5000,1.2273
5586010,1.5000,1.2716
5586510,1.5000,1.2112
5587010,1.5000,1.2120
5587510,1.5000,1.2249
5588010,1.5000,1.2241
5588510,1.5000,1.2265
5589010,1.5000,1.2225
5589510,1.5000,1.2305
5590010,1.5000,1.2338
5590510,1.5000,1.2273
5591010,1.5000,1.2297
5591510,1.5000,1.2249
5592010,1.5000,1.2249
5592510,1.5000,1.2201
5593010,1.5000,1.2241
5593510,1.5000,1.2249
5594010,1.5000,1.2249
5594510,1.5000,1.2330
5595010,1.5000,1.2370
5595510,1.5000,1.2289
5596010,1.5000,1.2370
5596510,1.5000,1.2289
5597010,1.5000,1.2209
5597510,1.5000,1.2257
5598010,1.5000,1.2217
5598510,1.5000,1.2289
5599010,1.5000,1.2370
5599510,1.5000,1.2265
5600010,1.5000,1.2273
5600510,1.5000,1.2209
5601010,1.5000,1.2273
5601510,1.5000,1.2362
5602010,1.5000,1.2354
5602510,1.5000,1.2257
5603010,1.5000,1.1782
5603510,1.5000,1.2289
5604010,1.5000,1.2257
5604510,1.5000,1.2257
5605010,1.5000,1.2257
5605510,1.5000,1.2305
5606010,1.5000,1.2346
5606510,1.5000,1.2241
5607010,1.5000,1.2096
5607510,1.5000,1.2249
5608010,1.5000,1.2273
5608510,1.5000,1.2249
5609010,1.5000,1.2257
5609510,1.5000,1.2289
5610010,1.5000,1.2346
5610510,1.5000,1.2314
5611010,1.5000,1.2249
5611510,1.5000,1.2249
5612010,1.5000,1.2241
5612510,1.5000,1.2257
5613010,1.5000,1.2273
5613510,1.5000,1.2354
5614010,1.5000,1.2281
5614510,1.5000,1.2233
5615010,1.5000,1.2225
5615510,1.5000,1.2322
5616010,1.5000,1.2249
5616510,1.5000,1.2370
5617010,1.5000,1.2330
5617510,1.5000,1.2370
5618010,1.5000,1.2297
5618510,1.5000,1.2257
5619010,1.5000,1.2249
5619510,1.5000,1.2362
5620010,1.5000,1.2144
5620510,1.5000,1.2338
5621010,1.5000,1.2330
5621510,1.5000,1.2370
5622010,1.5000,1.2273
5622510,1.5000,1.2305
5623010,1.5000,1.2370
5623510,1.5000,1.2249
5624010,1.5000,1.2362
5624510,1.5000,1.2249
5625010,1.5000,1.2330
5625510,1.5000,1.2354
5626010,1.5000,1.2168
5626510,1.5000,1.2249
5627010,1.5000,1.2289
5627510,1.5000,1.2265
5628010,1.5000,1.2249
5628510,1.5000,1.2273
5629010,1.5000,1.2338
5629510,1.5000,1.2265
5630010,1.5000,1.2241
5630510,1.5000,1.2015
5631010,1.5000,1.2249
5631510,1.5000,1.2249
5632010,1.5000,1.2338
5632510,1.5000,1.2273
5633010,1.5000,1.2297
5633510,1.5000,1.2289
5634010,1.5000,1.2193
5634510,1.5000,1.2273
5635010,1.5000,1.2281
5635510,1.5000,1.2233
5636010,1.5000,1.2370
5636510,1.5000,1.2201
5637010,1.5000,1.2249
5637510,1.5000,1.2007
5638010,1.5000,1.2217
5638510,1.5000,1.2241
5639010,1.5000,1.2330
5639510,1.5000,1.2273
5640010,1.5000,1.2281
5640510,1.5000,1.2370
5641010,1.5000,1.1991
5641510,1.5000,1.2297
5642010,1.5000,1.2201
5642510,1.5000,1.2289
5643010,1.5000,1.2330
5643510,1.5000,1.2370
5644010,1.5000,1.2370
5644510,1.5000,1.2330
5645010,1.5000,1.2177
5645510,1.5000,1.2273
5646010,1.5000,1.2257
5646510,1.5000,1.2314
5647010,1.5000,1.2289
5647510,1.5000,1.2257
5648010,1.5000,1.2305
5648510,1.5000,1.2249
5649010,1.5000,1.2305
5649510,1.5000,1.2144
5650010,1.5000,1.1951
5650510,1.5000,1.2338
5651010,1.5000,1.2370
5651510,1.5000,1.2225
5652010,1.5000,1.2273
5652510,1.5000,1.2273
5653010,1.5000,1.2273
5653510,1.5000,1.2201
5654010,1.5000,1.2289
5654510,1.5000,1.2297
5655010,1.5000,1.2257
5655510,1.5000,1.2233
5656010,1.5000,1.2281
5656510,1.5000,1.2289
5657010,1.5000,1.2354
5657510,1.5000,1.2257
5658010,1.5000,1.2281
5658510,1.5000,1.2338
5659010,1.5000,1.2096
5659510,1.5000,1.2225
5660010,1.5000,1.2297
5660510,1.5000,1.2297
5661010,1.5000,1.2249
5661510,1.5000,1.2370
5662010,1.5000,1.2305
5662510,1.5000,1.2249
5663010,1.5000,1.2241
5663510,1.5000,1.2305
5664010,1.5000,1.2249
5664510,1.5000,1.2249
5665010,1.5000,1.2257
5665510,1.5000,1.2217
5666010,1.5000,1.2225
5666510,1.5000,1.2273
5667010,1.5000,1.2289
5667510,1.5000,1.2370
5668010,1.5000,1.2346
5668510,1.5000,1.2330
5669010,1.5000,1.2305
5669510,1.5000,1.2281
5670010,1.5000,1.2048
5670510,1.5000,1.2289
5671010,1.5000,1.2225
5671510,1.5000,1.2249
5672010,1.5000,1.2160
5672510,1.5000,1.2289
5673010,1.5000,1.2249
5673510,1.5000,1.2289
5674010,1.5000,1.2007
5674510,1.5000,1.2249
5675010,1.5000,1.2354
5675510,1.5000,1.2209
5676010,1.5000,1.2273
5676510,1.5000,1.2249
5677010,1.5000,1.2362
5677510,1.5000,1.2370
5678010,1.5000,1.2249
5678510,1.5000,1.2273
5679010,1.5000,1.2330
5679510,1.5000,1.2305
5680010,1.5000,1.2370
5680510,1.5000,1.2370
5681010,1.5000,1.2265
5681510,1.5000,1.2370
5682010,1.5000,1.2241
5682510,1.5000,1.2305
5683010,1.5000,1.2273
5683510,1.5000,1.2297
5684010,1.5000,1.2249
5684510,1.5000,1.2273
5685010,1.5000,1.2370
5685510,1.5000,1.2305
5686010,1.5000,1.2322
5686510,1.5000,1.2249
5687010,1.5000,1.2289
5687510,1.5000,1.2297
5688010,1.5000,1.2257
5688510,1.5000,1.2217
5689010,1.5000,1.2305
5689510,1.5000,1.2289
5690010,1.5000,1.2322
5690510,1.5000,1.2289
5691010,1.5000,1.2273
5691510,1.5000,1.2257
5692010,1.5000,1.2297
5692510,1.5000,1.2241
5693010,1.5000,1.2289
5693510,1.5000,1.2370
5694010,1.5000,1.2346
5694510,1.5000,1.2330
5695010,1.5000,1.2370
5695510,1.5000,1.2346
5696010,1.5000,1.2265
5696510,1.5000,1.2322
5697010,1.5000,1.2289
5697510,1.5000,1.2370
5698010,1.5000,1.2330
5698510,1.5000,1.2281
5699010,1.5000,1.2257
5699510,1.5000,1.2354
5700010,1.5000,1.2370
5700510,1.5000,1.2354
5701010,1.5000,1.2233
5701510,1.5000,1.2241
5702010,1.5000,1.2209
5702510,1.5000,1.2249
5703010,1.5000,1.2281
5703510,1.5000,1.2249
5704010,1.5000,1.2330
5704510,1.5000,1.2257
5705010,1.5000,1.2346
5705510,1.5000,1.2257
5706010,1.5000,1.2354
5706510,1.5000,1.2249
5707010,1.5000,1.2370
5707510,1.5000,1.2338
5708010,1.5000,1.2322
5708510,1.5000,1.2354
5709010,1.5000,1.2257
5709510,1.5000,1.2257
5710010,1.5000,1.2249
5710510,1.5000,1.2338
5711010,1.5000,1.2354
5711510,1.5000,1.2330
5712010,1.5000,1.2265
5712510,1.5000,1.2338
5713010,1.5000,1.2249
5713510,1.5000,1.2249
5714010,1.5000,1.2281
5714510,1.5000,1.2289
5715010,1.5000,1.2354
5715510,1.5000,1.2273
5716010,1.5000,1.2370
5716510,1.5000,1.2305
5717010,1.5000,1.2330
5717510,1.5000,1.2370
5718010,1.5000,1.2338
5718510,1.5000,1.2338
5719010,1.5000,1.2370
5719510,1.5000,1.2257
5720010,1.5000,1.2305
5720510,1.5000,1.2072
5721010,1.5000,1.2338
5721510,1.5000,1.2330
5722010,1.5000,1.2217
5722510,1.5000,1.2322
5723010,1.5000,1.2362
5723510,1.5000,1.2370
5724010,1.5000,1.2305
5724510,1.5000,1.2354
5725010,1.5000,1.2531
5725510,1.5000,1.2249
5726010,1.5000,1.2370
5726510,1.5000,1.2370
5727010,1.5000,1.2330
5727510,1.5000,1.2305
5728010,1.5000,1.2370