timestamp_ms,setpoint_v,sensor_v
0,0.0000,0.6656
500,0.0000,0.6987
1000,0.0000,0.6987
1500,0.0000,0.7003
2000,0.0000,0.7100
2500,0.0000,0.7011
3000,0.0000,0.7059
3500,1.9000,0.7229
4000,1.9000,0.7092
4500,1.9000,0.7148
5000,1.9000,0.7043
5500,1.9000,0.7092
6000,1.9000,0.7108
6500,1.9000,0.7140
7000,1.9000,0.7116
7500,1.9000,0.7092
8000,1.9000,0.7092
8500,1.9000,0.7092
9000,1.9000,0.7092
9500,1.9000,0.7003
10000,1.9000,0.7132
10500,1.9000,0.7035
11000,1.9000,0.7035
11500,1.9000,0.6963
12000,1.9000,0.6890
12500,1.9000,0.7051
13000,1.9000,0.7237
13500,1.9000,0.7035
14000,1.9000,0.7092
14500,1.9000,0.7003
15000,1.9000,0.7035
15500,1.9000,0.7092
16000,1.9000,0.7035
16500,1.9000,0.7084
17000,1.9000,0.7092
17500,1.9000,0.7067
18000,1.9000,0.7108
18500,1.9000,0.7092
19000,1.9000,0.7108
19500,1.9000,0.7075
20000,1.9000,0.7075
20500,1.9000,0.6963
21000,1.9000,0.7084
21500,1.9000,0.7059
22000,1.9000,0.6971
22500,1.9000,0.7180
23000,1.9000,0.7035
23500,1.9000,0.6834
24000,1.9000,0.7051
24500,1.9000,0.7051
25000,1.9000,0.6834
25500,1.9000,0.7116
26000,1.9000,0.7204
26500,1.9000,0.7172
27000,1.9000,0.7019
27500,1.9000,0.6979
28000,1.9000,0.7092
28500,1.9000,0.6987
29000,1.9000,0.7027
29500,1.9000,0.7051
30000,1.9000,0.7075
30500,1.9000,0.7116
31000,1.9000,0.7092
31500,1.9000,0.7003
32000,1.9000,0.7011
32500,1.9000,0.7067
33000,1.9000,0.6979
33500,1.9000,0.7100
34000,1.9000,0.7075
34500,1.9000,0.7075
35000,1.9000,0.7027
35500,1.9000,0.7092
36000,1.9000,0.7059
36500,1.9000,0.6890
37000,1.9000,0.7116
37500,1.9000,0.7019
38000,1.9000,0.7011
38500,1.9000,0.7100
39000,1.9000,0.7100
39500,1.9000,0.7075
40000,1.9000,0.7019
40500,1.9000,0.7092
41000,1.9000,0.7035
41500,1.9000,0.7092
42000,1.9000,0.7092
42500,1.9000,0.7059
43000,1.9000,0.7108
43500,1.9000,0.7075
44000,1.9000,0.7092
44500,1.9000,0.7108
45000,1.9000,0.6947
45500,1.9000,0.7011
46000,1.9000,0.7124
46500,1.9000,0.7051
47000,1.9000,0.7084
47500,1.9000,0.7132
48000,1.9000,0.6979
48500,1.9000,0.6938
49000,1.9000,0.7092
49500,1.9000,0.6971
50000,1.9000,0.7116
50500,1.9000,0.6979
51000,1.9000,0.7204
51500,1.9000,0.7124
52000,1.9000,0.7092
52500,1.9000,0.7067
53000,1.9000,0.7084
53500,1.9000,0.7116
54000,1.9000,0.7051
54500,1.9000,0.7108
55000,1.9000,0.6576
55500,1.9000,0.7075
56000,1.9000,0.7124
56500,1.9000,0.7075
57000,1.9000,0.7108
57500,1.9000,0.7108
58000,1.9000,0.7204
58500,1.9000,0.7092
59000,1.9000,0.7067
59500,1.9000,0.7100
60000,1.9000,0.7092
60500,1.9000,0.7172
61000,1.9000,0.7051
61500,1.9000,0.7059
62000,1.9000,0.7116
62500,1.9000,0.7092
63000,1.9000,0.7204
63500,1.9000,0.7132
64000,1.9000,0.7075
64500,1.9000,0.7092
65000,1.9000,0.6963
65500,1.9000,0.7148
66000,1.9000,0.7164
66500,1.9000,0.7051
67000,1.9000,0.7108
67500,1.9000,0.6995
68000,1.9000,0.7108
68500,1.9000,0.7084
69000,1.9000,0.7132
69500,1.9000,0.7132
70000,1.9000,0.7092
70500,1.9000,0.7212
71000,1.9000,0.7092
71500,1.9000,0.7092
72000,1.9000,0.7132
72500,1.9000,0.7148
73000,1.9000,0.7229
73500,1.9000,0.7204
74000,1.9000,0.7075
74500,1.9000,0.7140
75000,1.9000,0.6995
75500,1.9000,0.7204
76000,1.9000,0.7196
76500,1.9000,0.7164
77000,1.9000,0.7156
77500,1.9000,0.7140
78000,1.9000,0.7132
78500,1.9000,0.7132
79000,1.9000,0.7140
79500,1.9000,0.7140
80000,1.9000,0.7333
80500,1.9000,0.7148
81000,1.9000,0.7172
81500,1.9000,0.7100
82000,1.9000,0.7116
82500,1.9000,0.7148
83000,1.9000,0.7067
83500,1.9000,0.7172
84000,1.9000,0.7140
84500,1.9000,0.7180
85000,1.9000,0.7180
85500,1.9000,0.7132
86000,1.9000,0.7100
86500,1.9000,0.7100
87000,1.9000,0.7172
87500,1.9000,0.7124
88000,1.9000,0.7092
88500,1.9000,0.7108
89000,1.9000,0.7229
89500,1.9000,0.7188
90000,1.9000,0.7092
90500,1.9000,0.7245
91000,1.9000,0.7341
91500,1.9000,0.7309
92000,1.9000,0.7349
92500,1.9000,0.7221
93000,1.9000,0.7325
93500,1.9000,0.7204
94000,1.9000,0.7180
94500,1.9000,0.7132
95000,1.9000,0.7196
95500,1.9000,0.7212
96000,1.9000,0.7221
96500,1.9000,0.7245
97000,1.9000,0.7277
97500,1.9000,0.7261
98000,1.9000,0.7221
98500,1.9000,0.7237
99000,1.9000,0.7245
99500,1.9000,0.7035
100000,1.9000,0.7212
100500,1.9000,0.7221
101000,1.9000,0.7269
101500,1.9000,0.7229
102000,1.9000,0.7196
102500,1.9000,0.7108
103000,1.9000,0.7180
103500,1.9000,0.7245
104000,1.9000,0.7366
104500,1.9000,0.7269
105000,1.9000,0.7180
105500,1.9000,0.7237
106000,1.9000,0.7212
106500,1.9000,0.7237
107000,1.9000,0.7261
107500,1.9000,0.7293
108000,1.9000,0.7204
108500,1.9000,0.7196
109000,1.9000,0.7237
109500,1.9000,0.7067
110000,1.9000,0.7309
110500,1.9000,0.7293
111000,1.9000,0.7253
111500,1.9000,0.7092
112000,1.9000,0.7237
112500,1.9000,0.7269
113000,1.9000,0.7261
113500,1.9000,0.7204
114000,1.9000,0.7269
114500,1.9000,0.7269
115000,1.9000,0.7293
115500,1.9000,0.7237
116000,1.9000,0.7349
116500,1.9000,0.7212
117000,1.9000,0.7269
117500,1.9000,0.7325
118000,1.9000,0.7333
118500,1.9000,0.7390
119000,1.9000,0.7349
119500,1.9000,0.7462
120000,1.9000,0.7277
120500,1.9000,0.7237
121000,1.9000,0.7349
121500,1.9000,0.7293
122000,1.9000,0.7333
122500,1.9000,0.7245
123000,1.9000,0.7390
123500,1.9000,0.7261
124000,1.9000,0.7349
124500,1.9000,0.7349
125000,1.9000,0.7470
125500,1.9000,0.7366
126000,1.9000,0.7406
126500,1.9000,0.7325
127000,1.9000,0.7390
127500,1.9000,0.7349
128000,1.9000,0.7341
128500,1.9000,0.7349
129000,1.9000,0.7470
129500,1.9000,0.7349
130000,1.9000,0.7349
130500,1.9000,0.7221
131000,1.9000,0.7341
131500,1.9000,0.7374
132000,1.9000,0.7164
132500,1.9000,0.7454
133000,1.9000,0.7374
133500,1.9000,0.7398
134000,1.9000,0.7422
134500,1.9000,0.7366
135000,1.9000,0.7390
135500,1.9000,0.7341
136000,1.9000,0.7349
136500,1.9000,0.7349
137000,1.9000,0.7438
137500,1.9000,0.7406
138000,1.9000,0.7607
138500,1.9000,0.7398
139000,1.9000,0.7374
139500,1.9000,0.7495
140000,1.9000,0.7462
140500,1.9000,0.7358
141000,1.9000,0.7446
141500,1.9000,0.7406
142000,1.9000,0.7366
142500,1.9000,0.7374
143000,1.9000,0.7438
143500,1.9000,0.7430
144000,1.9000,0.7406
144500,1.9000,0.7462
145000,1.9000,0.7390
145500,1.9000,0.7454
146000,1.9000,0.7535
146500,1.9000,0.7478
147000,1.9000,0.7535
147500,1.9000,0.7503
148000,1.9000,0.7430
148500,1.9000,0.7406
149000,1.9000,0.7358
149500,1.9000,0.7462
150000,1.9000,0.7478
150500,1.9000,0.7462
151000,1.9000,0.7503
151500,1.9000,0.7454
152000,1.9000,0.7422
152500,1.9000,0.7462
153000,1.9000,0.7495
153500,1.9000,0.7349
154000,1.9000,0.7615
154500,1.9000,0.7535
155000,1.9000,0.7527
155500,1.9000,0.7535
156000,1.9000,0.7438
156500,1.9000,0.7519
157000,1.9000,0.7728
157500,1.9000,0.7406
158000,1.9000,0.7551
158500,1.9000,0.7398
159000,1.9000,0.7519
159500,1.9000,0.7752
160000,1.9000,0.7607
160500,1.9000,0.7535
161000,1.9000,0.7688
161500,1.9000,0.7551
162000,1.9000,0.7495
162500,1.9000,0.7519
163000,1.9000,0.7688
163500,1.9000,0.7615
164000,1.9000,0.7511
164500,1.9000,0.7623
165000,1.9000,0.7632
165500,1.9000,0.7559
166000,1.9000,0.7599
166500,1.9000,0.7486
167000,1.9000,0.7486
167500,1.9000,0.7559
168000,1.9000,0.7583
168500,1.9000,0.7583
169000,1.9000,0.7648
169500,1.9000,0.7728
170000,1.9000,0.7583
170500,1.9000,0.7615
171000,1.9000,0.7736
171500,1.9000,0.7648
172000,1.9000,0.7615
172500,1.9000,0.7559
173000,1.9000,0.7664
173500,1.9000,0.7599
174000,1.9000,0.7599
174500,1.9000,0.7736
175000,1.9000,0.7873
175500,1.9000,0.7615
176000,1.9000,0.7527
176500,1.9000,0.7752
177000,1.9000,0.7688
177500,1.9000,0.7688
178000,1.9000,0.7615
178500,1.9000,0.7696
179000,1.9000,0.7615
179500,1.9000,0.7648
180000,1.9000,0.7664
180500,1.9000,0.7656
181000,1.9000,0.7648
181500,1.9000,0.7599
182000,1.9000,0.7696
182500,1.9000,0.7688
183000,1.9000,0.7656
183500,1.9000,0.7623
184000,1.9000,0.7664
184500,1.9000,0.7607
185000,1.9000,0.7615
185500,1.9000,0.7664
186000,1.9000,0.7696
186500,1.9000,0.7664
187000,1.9000,0.7752
187500,1.9000,0.7688
188000,1.9000,0.7720
188500,1.9000,0.7599
189000,1.9000,0.7720
189500,1.9000,0.7728
190000,1.9000,0.8042
190500,1.9000,0.7704
191000,1.9000,0.7720
191500,1.9000,0.7865
192000,1.9000,0.7720
192500,1.9000,0.7744
193000,1.9000,0.7720
193500,1.9000,0.7728
194000,1.9000,0.7672
194500,1.9000,0.7736
195000,1.9000,0.7905
195500,1.9000,0.7736
196000,1.9000,0.7777
196500,1.9000,0.7809
197000,1.9000,0.7656
197500,1.9000,0.7736
198000,1.9000,0.7736
198500,1.9000,0.7841
199000,1.9000,0.7865
199500,1.9000,0.7777
200000,1.9000,0.7744
200500,1.9000,0.7809
201000,1.9000,0.7825
201500,1.9000,0.7760
202000,1.9000,0.7857
202500,1.9000,0.7857
203000,1.9000,0.7865
203500,1.9000,0.7785
204000,1.9000,0.7793
204500,1.9000,0.7728
205000,1.9000,0.8139
205500,1.9000,0.7865
206000,1.9000,0.7881
206500,1.9000,0.7736
207000,1.9000,0.7728
207500,1.9000,0.7744
208000,1.9000,0.7865
208500,1.9000,0.7785
209000,1.9000,0.7817
209500,1.9000,0.7849
210000,1.9000,0.7720
210500,1.9000,0.7857
211000,1.9000,0.7720
211500,1.9000,0.7777
212000,1.9000,0.7841
212500,1.9000,0.7881
213000,1.9000,0.7914
213500,1.9000,0.7865
214000,1.9000,0.7865
214500,1.9000,0.7865
215000,1.9000,0.7865
215500,1.9000,0.7857
216000,1.9000,0.7873
216500,1.9000,0.8002
217000,1.9000,0.7881
217500,1.9000,0.7849
218000,1.9000,0.7922
218500,1.9000,0.8002
219000,1.9000,0.7873
219500,1.9000,0.7881
220000,1.9000,0.7865
220500,1.9000,0.7873
221000,1.9000,0.7914
221500,1.9000,0.7897
222000,1.9000,0.7889
222500,1.9000,0.7962
223000,1.9000,0.7897
223500,1.9000,0.7905
224000,1.9000,0.7978
224500,1.9000,0.7889
225000,1.9000,0.7954
225500,1.9000,0.8018
226000,1.9000,0.7905
226500,1.9000,0.8018
227000,1.9000,0.8042
227500,1.9000,0.8010
228000,1.9000,0.7986
228500,1.9000,0.8123
229000,1.9000,0.8002
229500,1.9000,0.8123
230000,1.9000,0.7905
230500,1.9000,0.7954
231000,1.9000,0.8002
231500,1.9000,0.8002
232000,1.9000,0.7970
232500,1.9000,0.8002
233000,1.9000,0.8002
233500,1.9000,0.8018
234000,1.9000,0.7978
234500,1.9000,0.8051
235000,1.9000,0.8091
235500,1.9000,0.7946
236000,1.9000,0.8010
236500,1.9000,0.8010
237000,1.9000,0.8002
237500,1.9000,0.7970
238000,1.9000,0.8026
238500,1.9000,0.8075
239000,1.9000,0.7978
239500,1.9000,0.7978
240000,1.9000,0.8131
240500,1.9000,0.8051
241000,1.9000,0.8034
241500,1.9000,0.7994
242000,1.9000,0.8123
242500,1.9000,0.7994
243000,1.9000,0.8099
243500,1.9000,0.8067
244000,1.9000,0.8099
244500,1.9000,0.8131
245000,1.9000,0.8067
245500,1.9000,0.8083
246000,1.9000,0.8099
246500,1.9000,0.8155
247000,1.9000,0.8099
247500,1.9000,0.7994
248000,1.9000,0.8018
248500,1.9000,0.8123
249000,1.9000,0.8107
249500,1.9000,0.8123
250000,1.9000,0.8115
250500,1.9000,0.8139
251000,1.9000,0.8099
251500,1.9000,0.8083
252000,1.9000,0.8131
252500,1.9000,0.8179
253000,1.9000,0.8067
253500,1.9000,0.8179
254000,1.9000,0.8212
254500,1.9000,0.7986
255000,1.9000,0.8139
255500,1.9000,0.8171
256000,1.9000,0.8163
256500,1.9000,0.8179
257000,1.9000,0.8139
257500,1.9000,0.8147
258000,1.9000,0.8228
258500,1.9000,0.8244
259000,1.9000,0.8179
259500,1.9000,0.8228
260000,1.9000,0.8228
260500,1.9000,0.8123
261000,1.9000,0.8228
261500,1.9000,0.8228
262000,1.9000,0.8236
262500,1.9000,0.8147
263000,1.9000,0.8131
263500,1.9000,0.8316
264000,1.9000,0.8139
264500,1.9000,0.8179
265000,1.9000,0.8212
265500,1.9000,0.8204
266000,1.9000,0.8204
266500,1.9000,0.8389
267000,1.9000,0.8462
267500,1.9000,0.8228
268000,1.9000,0.8244
268500,1.9000,0.8228
269000,1.9000,0.8147
269500,1.9000,0.8236
270000,1.9000,0.8196
270500,1.9000,0.8284
271000,1.9000,0.8558
271500,1.9000,0.8244
272000,1.9000,0.8244
272500,1.9000,0.8244
273000,1.9000,0.8244
273500,1.9000,0.8139
274000,1.9000,0.8421
274500,1.9000,0.8244
275000,1.9000,0.8316
275500,1.9000,0.8236
276000,1.9000,0.8244
276500,1.9000,0.8341
277000,1.9000,0.8381
277500,1.9000,0.8381
278000,1.9000,0.8220
278500,1.9000,0.8325
279000,1.9000,0.8308
279500,1.9000,0.8244
280000,1.9000,0.8341
280500,1.9000,0.8381
281000,1.9000,0.8381
281500,1.9000,0.8389
282000,1.9000,0.8373
282500,1.9000,0.8381
283000,1.9000,0.8381
283500,1.9000,0.8373
284000,1.9000,0.8244
284500,1.9000,0.8397
285000,1.9000,0.8365
285500,1.9000,0.8389
286000,1.9000,0.8381
286500,1.9000,0.8445
287000,1.9000,0.8397
287500,1.9000,0.8437
288000,1.9000,0.8389
288500,1.9000,0.8518
289000,1.9000,0.8453
289500,1.9000,0.8421
290000,1.9000,0.8478
290500,1.9000,0.8421
291000,1.9000,0.8486
291500,1.9000,0.8542
292000,1.9000,0.8405
292500,1.9000,0.8502
293000,1.9000,0.8478
293500,1.9000,0.8486
294000,1.9000,0.8534
294500,1.9000,0.8462
295000,1.9000,0.8381
295500,1.9000,0.8486
296000,1.9000,0.8429
296500,1.9000,0.8381
297000,1.9000,0.8534
297500,1.9000,0.8550
298000,1.9000,0.8518
298500,1.9000,0.8518
299000,1.9000,0.8526
299500,1.9000,0.8647
300000,1.9000,0.8470
300500,1.9000,0.8478
301000,1.9000,0.8582
301500,1.9000,0.8486
302000,1.9000,0.8478
302500,1.9000,0.8470
303000,1.9000,0.8639
303500,1.9000,0.8502
304000,1.9000,0.8510
304500,1.9000,0.8582
305000,1.9000,0.8510
305500,1.9000,0.8494
306000,1.9000,0.8599
306500,1.9000,0.8607
307000,1.9000,0.8470
307500,1.9000,0.8534
308000,1.9000,0.8615
308500,1.9000,0.8671
309000,1.9000,0.8566
309500,1.9000,0.8550
310000,1.9000,0.8470
310500,1.9000,0.8647
311000,1.9000,0.8590
311500,1.9000,0.8639
312000,1.9000,0.8631
312500,1.9000,0.8615
313000,1.9000,0.8631
313500,1.9000,0.8510
314000,1.9000,0.8671
314500,1.9000,0.8550
315000,1.9000,0.8437
315500,1.9000,0.8381
316000,1.9000,0.8768
316500,1.9000,0.8639
317000,1.9000,0.8639
317500,1.9000,0.8502
318000,1.9000,0.8582
318500,1.9000,0.8639
319000,1.9000,0.8599
319500,1.9000,0.8752
320000,1.9000,0.8647
320500,1.9000,0.8663
321000,1.9000,0.8856
321500,1.9000,0.8582
322000,1.9000,0.8486
322500,1.9000,0.8639
323000,1.9000,0.8639
323500,1.9000,0.8695
324000,1.9000,0.8719
324500,1.9000,0.8768
325000,1.9000,0.8671
325500,1.9000,0.8768
326000,1.9000,0.8671
326500,1.9000,0.8744
327000,1.9000,0.8752
327500,1.9000,0.8727
328000,1.9000,0.8768
328500,1.9000,0.8639
329000,1.9000,0.8663
329500,1.9000,0.8695
330000,1.9000,0.8703
330500,1.9000,0.8663
331000,1.9000,0.8752
331500,1.9000,0.8663
332000,1.9000,0.8784
332500,1.9000,0.8695
333000,1.9000,0.8760
333500,1.9000,0.8768
334000,1.9000,0.8752
334500,1.9000,0.8784
335000,1.9000,0.8727
335500,1.9000,0.8969
336000,1.9000,0.8776
336500,1.9000,0.8792
337000,1.9000,0.8816
337500,1.9000,0.8744
338000,1.9000,0.8816
338500,1.9000,0.8768
339000,1.9000,0.8752
339500,1.9000,0.8816
340000,1.9000,0.8768
340500,1.9000,0.8768
341000,1.9000,0.8977
341500,1.9000,0.8840
342000,1.9000,0.8905
342500,1.9000,0.8840
343000,1.9000,0.8800
343500,1.9000,0.8776
344000,1.9000,0.8776
344500,1.9000,0.8744
345000,1.9000,0.8808
345500,1.9000,0.8768
346000,1.9000,0.8824
346500,1.9000,0.8808
347000,1.9000,0.8816
347500,1.9000,0.8832
348000,1.9000,0.8768
348500,1.9000,0.8816
349000,1.9000,0.8856
349500,1.9000,0.8897
350000,1.9000,0.8897
350500,1.9000,0.8856
351000,1.9000,0.9066
351500,1.9000,0.8808
352000,1.9000,0.8824
352500,1.9000,0.8695
353000,1.9000,0.8824
353500,1.9000,0.8881
354000,1.9000,0.8897
354500,1.9000,0.8856
355000,1.9000,0.8848
355500,1.9000,0.8921
356000,1.9000,0.8816
356500,1.9000,0.8244
357000,1.9000,0.8913
357500,1.9000,0.8848
358000,1.9000,0.8977
358500,1.9000,0.8808
359000,1.9000,0.8929
359500,1.9000,0.8889
360000,1.9000,0.8889
360500,1.9000,0.9018
361000,1.9000,0.8905
361500,1.9000,0.8897
362000,1.9000,0.8889
362500,1.9000,0.8921
363000,1.9000,0.8953
363500,1.9000,0.8864
364000,1.9000,0.8897
364500,1.9000,0.9042
365000,1.9000,0.8913
365500,1.9000,0.8953
366000,1.9000,0.8905
366500,1.9000,0.9018
367000,1.9000,0.8623
367500,1.9000,0.9066
368000,1.9000,0.8977
368500,1.9000,0.9026
369000,1.9000,0.8937
369500,1.9000,0.9018
370000,1.9000,0.8953
370500,1.9000,0.8985
371000,1.9000,0.8993
371500,1.9000,0.8905
372000,1.9000,0.9034
372500,1.9000,0.8969
373000,1.9000,0.8937
373500,1.9000,0.8945
374000,1.9000,0.9026
374500,1.9000,0.9050
375000,1.9000,0.8961
375500,1.9000,0.8977
376000,1.9000,0.9018
376500,1.9000,0.8913
377000,1.9000,0.9026
377500,1.9000,0.9001
378000,1.9000,0.8792
378500,1.9000,0.9340
379000,1.9000,0.9042
379500,1.9000,0.9130
380000,1.9000,0.9155
380500,1.9000,0.8977
381000,1.9000,0.9114
381500,1.9000,0.9018
382000,1.9000,0.8993
382500,1.9000,0.9018
383000,1.9000,0.9050
383500,1.9000,0.9106
384000,1.9000,0.8969
384500,1.9000,0.9042
385000,1.9000,0.8945
385500,1.9000,0.9106
386000,1.9000,0.9026
386500,1.9000,0.9082
387000,1.9000,0.9138
387500,1.9000,0.9098
388000,1.9000,0.9155
388500,1.9000,0.9082
389000,1.9000,0.9130
389500,1.9000,0.8873
390000,1.9000,0.9058
390500,1.9000,0.9074
391000,1.9000,0.9155
391500,1.9000,0.9082
392000,1.9000,0.9098
392500,1.9000,0.9130
393000,1.9000,0.8832
393500,1.9000,0.9155
394000,1.9000,0.9155
394500,1.9000,0.9171
395000,1.9000,0.9082
395500,1.9000,0.9122
396000,1.9000,0.9155
396500,1.9000,0.9179
397000,1.9000,0.9155
397500,1.9000,0.9171
398000,1.9000,0.9138
398500,1.9000,0.9155
399000,1.9000,0.9155
399500,1.9000,0.9155
400000,1.9000,0.9396
400500,1.9000,0.9114
401000,1.9000,0.9195
401500,1.9000,0.9163
402000,1.9000,0.9179
402500,1.9000,0.9187
403000,1.9000,0.9187
403500,1.9000,0.9187
404000,1.9000,0.9211
404500,1.9000,0.9259
405000,1.9000,0.9203
405500,1.9000,0.9235
406000,1.9000,0.9227
406500,1.9000,0.9211
407000,1.9000,0.9203
407500,1.9000,0.9324
408000,1.9000,0.9308
408500,1.9000,0.9243
409000,1.9000,0.9203
409500,1.9000,0.9267
410000,1.9000,0.9187
410500,1.9000,0.9211
411000,1.9000,0.9300
411500,1.9000,0.9251
412000,1.9000,0.9211
412500,1.9000,0.9267
413000,1.9000,0.9412
413500,1.9000,0.9211
414000,1.9000,0.9308
414500,1.9000,0.9243
415000,1.9000,0.9259
415500,1.9000,0.9316
416000,1.9000,0.9275
416500,1.9000,0.9292
417000,1.9000,0.9300
417500,1.9000,0.9211
418000,1.9000,0.9235
418500,1.9000,0.9292
419000,1.9000,0.9284
419500,1.9000,0.9292
420000,1.9000,0.9308
420500,1.9000,0.9412
421000,1.9000,0.9284
421500,1.9000,0.9340
422000,1.9000,0.9364
422500,1.9000,0.9429
423000,1.9000,0.9340
423500,1.9000,0.9364
424000,1.9000,0.9163
424500,1.9000,0.9340
425000,1.9000,0.9308
425500,1.9000,0.9396
426000,1.9000,0.9380
426500,1.9000,0.9316
427000,1.9000,0.9380
427500,1.9000,0.9259
428000,1.9000,0.9372
428500,1.9000,0.9380
429000,1.9000,0.9364
429500,1.9000,0.9412
430000,1.9000,0.9380
430500,1.9000,0.9396
431000,1.9000,0.9404
431500,1.9000,0.9356
432000,1.9000,0.9388
432500,1.9000,0.9549
433000,1.9000,0.9412
433500,1.9000,0.9372
434000,1.9000,0.9412
434500,1.9000,0.9437
435000,1.9000,0.9469
435500,1.9000,0.9275
436000,1.9000,0.9364
436500,1.9000,0.9324
437000,1.9000,0.9412
437500,1.9000,0.9412
438000,1.9000,0.9533
438500,1.9000,0.9340
439000,1.9000,0.9412
439500,1.9000,0.9300
440000,1.9000,0.9324
440500,1.9000,0.9316
441000,1.9000,0.9421
441500,1.9000,0.9372
442000,1.9000,0.9364
442500,1.9000,0.9396
443000,1.9000,0.9429
443500,1.9000,0.9509
444000,1.9000,0.9469
444500,1.9000,0.9485
445000,1.9000,0.9421
445500,1.9000,0.9396
446000,1.9000,0.9509
446500,1.9000,0.9453
447000,1.9000,0.9421
447500,1.9000,0.9437
448000,1.9000,0.9501
448500,1.9000,0.9437
449000,1.9000,0.9485
449500,1.9000,0.9412
450000,1.9000,0.9429
450500,1.9000,0.9670
451000,1.9000,0.9509
451500,1.9000,0.9501
452000,1.9000,0.9566
452500,1.9000,0.9485
453000,1.9000,0.9517
453500,1.9000,0.9453
454000,1.9000,0.9412
454500,1.9000,0.9493
455000,1.9000,0.9493
455500,1.9000,0.9461
456000,1.9000,0.9590
456500,1.9000,0.9517
457000,1.9000,0.9445
457500,1.9000,0.9501
458000,1.9000,0.9549
458500,1.9000,0.9469
459000,1.9000,0.9558
459500,1.9000,0.9566
460000,1.9000,0.9525
460500,1.9000,0.9549
461000,1.9000,0.9453
461500,1.9000,0.9590
462000,1.9000,0.9630
462500,1.9000,0.9501
463000,1.9000,0.9364
463500,1.9000,0.9509
464000,1.9000,0.9533
464500,1.9000,0.9598
465000,1.9000,0.9501
465500,1.9000,0.9541
466000,1.9000,0.9670
466500,1.9000,0.9582
467000,1.9000,0.9549
467500,1.9000,0.9598
468000,1.9000,0.9566
468500,1.9000,0.9622
469000,1.9000,0.9590
469500,1.9000,0.9582
470000,1.9000,0.9582
470500,1.9000,0.9574
471000,1.9000,0.9614
471500,1.9000,0.9493
472000,1.9000,0.9670
472500,1.9000,0.9558
473000,1.9000,0.9598
473500,1.9000,0.9630
474000,1.9000,0.9566
474500,1.9000,0.9646
475000,1.9000,0.9670
475500,1.9000,0.9670
476000,1.9000,0.9606
476500,1.9000,0.9598
477000,1.9000,0.9606
477500,1.9000,0.9582
478000,1.9000,0.9654
478500,1.9000,0.9590
479000,1.9000,0.9662
479500,1.9000,0.9807
480000,1.9000,0.9590
480500,1.9000,0.9670
481000,1.9000,0.9646
481500,1.9000,0.9670
482000,1.9000,0.9686
482500,1.9000,0.9654
483000,1.9000,0.9799
483500,1.9000,0.9654
484000,1.9000,0.9678
484500,1.9000,0.9646
485000,1.9000,0.9686
485500,1.9000,0.9558
486000,1.9000,0.9670
486500,1.9000,0.9670
487000,1.9000,0.9695
487500,1.9000,0.9590
488000,1.9000,0.9711
488500,1.9000,0.9670
489000,1.9000,0.9646
489500,1.9000,0.9670
490000,1.9000,0.9686
490500,1.9000,0.9614
491000,1.9000,0.9743
491500,1.9000,0.9662
492000,1.9000,0.9686
492500,1.9000,0.9646
493000,1.9000,0.9783
493500,1.9000,0.9880
494000,1.9000,0.9775
494500,1.9000,0.9582
495000,1.9000,0.9670
495500,1.9000,0.9678
496000,1.9000,0.9727
496500,1.9000,0.9711
497000,1.9000,0.9799
497500,1.9000,0.9662
498000,1.9000,0.9743
498500,1.9000,0.9678
499000,1.9000,0.9791
499500,1.9000,0.9703
500000,1.9000,0.9695
500500,1.9000,0.9695
501000,1.9000,0.9719
501500,1.9000,0.9711
502000,1.9000,0.9695
502500,1.9000,0.9807
503000,1.9000,0.9727
503500,1.9000,0.9799
504000,1.9000,0.9743
504500,1.9000,0.9815
505000,1.9000,0.9791
505500,1.9000,0.9783
506000,1.9000,0.9791
506500,1.9000,0.9719
507000,1.9000,0.9815
507500,1.9000,0.9823
508000,1.9000,0.9856
508500,1.9000,0.9711
509000,1.9000,0.9799
509500,1.9000,0.9711
510000,1.9000,0.9767
510500,1.9000,0.9719
511000,1.9000,0.9759
511500,1.9000,0.9823
512000,1.9000,0.9775
512500,1.9000,0.9695
513000,1.9000,0.9807
513500,1.9000,0.9807
514000,1.9000,0.9848
514500,1.9000,0.9799
515000,1.9000,0.9807
515500,1.9000,0.9977
516000,1.9000,0.9807
516500,1.9000,0.9880
517000,1.9000,0.9799
517500,1.9000,0.9848
518000,1.9000,0.9856
518500,1.9000,0.9888
519000,1.9000,0.9799
519500,1.9000,0.9888
520000,1.9000,0.9848
520500,1.9000,0.9840
521000,1.9000,0.9856
521500,1.9000,0.9928
522000,1.9000,0.9872
522500,1.9000,0.9848
523000,1.9000,0.9872
523500,1.9000,0.9807
524000,1.9000,0.9920
524500,1.9000,0.9872
525000,1.9000,0.9856
525500,1.9000,0.9912
526000,1.9000,0.9928
526500,1.9000,0.9928
527000,1.9000,0.9912
527500,1.9000,0.9928
528000,1.9000,0.9904
528500,1.9000,0.9968
529000,1.9000,0.9872
529500,1.9000,0.9920
530000,1.9000,1.0009
530500,1.9000,0.9775
531000,1.9000,0.9888
531500,1.9000,0.9823
532000,1.9000,0.9912
532500,1.9000,0.9856
533000,1.9000,0.9936
533500,1.9000,0.9936
534000,1.9000,0.9880
534500,1.9000,0.9904
535000,1.9000,0.9888
535500,1.9000,0.9936
536000,1.9000,0.9751
536500,1.9000,0.9920
537000,1.9000,0.9928
537500,1.9000,0.9928
538000,1.9000,0.9977
538500,1.9000,1.0049
539000,1.9000,0.9985
539500,1.9000,0.9944
540000,1.9000,0.9904
540500,1.9000,0.9856
541000,1.9000,0.9928
541500,1.9000,0.9977
542000,1.9000,0.9928
542500,1.9000,1.0001
543000,1.9000,0.9928
543500,1.9000,1.0017
544000,1.9000,1.0065
544500,1.9000,0.9952
545000,1.9000,0.9743
545500,1.9000,0.9936
546000,1.9000,0.9928
546500,1.9000,0.9952
547000,1.9000,1.0138
547500,1.9000,0.9944
548000,1.9000,1.0041
548500,1.9000,1.0130
549000,1.9000,1.0009
549500,1.9000,0.9985
550000,1.9000,1.0033
550500,1.9000,0.9985
551000,1.9000,0.9952
551500,1.9000,1.0097
552000,1.9000,1.0025
552500,1.9000,1.0001
553000,1.9000,0.9977
553500,1.9000,1.0017
554000,1.9000,1.0041
554500,1.9000,1.0105
555000,1.9000,0.9807
555500,1.9000,1.0057
556000,1.9000,1.0001
556500,1.9000,1.0041
557000,1.9000,1.0033
557500,1.9000,1.0081
558000,1.9000,1.0081
558500,1.9000,1.0073
559000,1.9000,1.0057
559500,1.9000,1.0065
560000,1.9000,1.0017
560500,1.9000,1.0114
561000,1.9000,0.9960
561500,1.9000,1.0097
562000,1.9000,1.0186
562500,1.9000,1.0105
563000,1.9000,1.0057
563500,1.9000,1.0097
564000,1.9000,1.0049
564500,1.9000,0.9968
565000,1.9000,1.0009
565500,1.9000,1.0057
566000,1.9000,1.0210
566500,1.9000,1.0097
567000,1.9000,1.0194
567500,1.9000,1.0178
568000,1.9000,1.0105
568500,1.9000,1.0114
569000,1.9000,0.9985
569500,1.9000,1.0170
570000,1.9000,1.0146
570500,1.9000,1.0081
571000,1.9000,1.0114
571500,1.9000,1.0065
572000,1.9000,1.0170
572500,1.9000,1.0105
573000,1.9000,1.0218
573500,1.9000,1.0162
574000,1.9000,1.0194
574500,1.9000,1.0065
575000,1.9000,1.0033
575500,1.9000,1.0154
576000,1.9000,1.0162
576500,1.9000,1.0202
577000,1.9000,1.0146
577500,1.9000,0.9968
578000,1.9000,1.0097
578500,1.9000,1.0202
579000,1.9000,1.0146
579500,1.9000,1.0436
580000,1.9000,1.0178
580500,1.9000,1.0194
581000,1.9000,1.0186
581500,1.9000,1.0041
582000,1.9000,1.0073
582500,1.9000,1.0194
583000,1.9000,1.0162
583500,1.9000,1.0178
584000,1.9000,1.0114
584500,1.9000,1.0146
585000,1.9000,1.0202
585500,1.9000,1.0178
586000,1.9000,1.0122
586500,1.9000,1.0081
587000,1.9000,1.0194
587500,1.9000,1.0283
588000,1.9000,1.0130
588500,1.9000,1.0178
589000,1.9000,1.0492
589500,1.9000,1.0194
590000,1.9000,1.0186
590500,1.9000,1.0210
591000,1.9000,1.0170
591500,1.9000,1.0226
592000,1.9000,1.0210
592500,1.9000,1.0210
593000,1.9000,1.0178
593500,1.9000,1.0307
594000,1.9000,1.0275
594500,1.9000,1.0396
595000,1.9000,1.0267
595500,1.9000,1.0242
596000,1.9000,1.0218
596500,1.9000,1.0234
597000,1.9000,1.0194
597500,1.9000,1.0186
598000,1.9000,1.0202
598500,1.9000,1.0186
599000,1.9000,1.0315
599500,1.9000,1.0162
600000,1.9000,1.0186
600500,1.9000,1.0194
601000,1.9000,1.0267
601500,1.9000,1.0299
602000,1.9000,1.0202
602500,1.9000,1.0291
603000,1.9000,1.0234
603500,1.9000,1.0307
604000,1.9000,1.0315
604500,1.9000,1.0234
605000,1.9000,1.0259
605500,1.9000,1.0242
606000,1.9000,1.0202
606500,1.9000,1.0331
607000,1.9000,1.0202
607500,1.9000,1.0339
608000,1.9000,1.0275
608500,1.9000,1.0267
609000,1.9000,1.0396
609500,1.9000,1.0226
610000,1.9000,1.0299
610500,1.9000,1.0339
611000,1.9000,1.0291
611500,1.9000,1.0307
612000,1.9000,1.0331
612500,1.9000,1.0307
613000,1.9000,1.0299
613500,1.9000,1.0291
614000,1.9000,1.0371
614500,1.9000,1.0315
615000,1.9000,1.0307
615500,1.9000,1.0339
616000,1.9000,1.0428
616500,1.9000,1.0307
617000,1.9000,1.0363
617500,1.9000,1.0315
618000,1.9000,1.0420
618500,1.9000,1.0315
619000,1.9000,1.0315
619500,1.9000,1.0339
620000,1.9000,1.0516
620500,1.9000,1.0436
621000,1.9000,1.0323
621500,1.9000,1.0363
622000,1.9000,1.0339
622500,1.9000,1.0283
623000,1.9000,1.0444
623500,1.9000,1.0420
624000,1.9000,1.0170
624500,1.9000,1.0388
625000,1.9000,1.0315
625500,1.9000,1.0315
626000,1.9000,1.0420
626500,1.9000,1.0525
627000,1.9000,1.0436
627500,1.9000,1.0404
628000,1.9000,1.0396
628500,1.9000,1.0210
629000,1.9000,1.0412
629500,1.9000,1.0363
630000,1.9000,1.0379
630500,1.9000,1.0355
631000,1.9000,1.0259
631500,1.9000,1.0396
632000,1.9000,1.0371
632500,1.9000,1.0428
633000,1.9000,1.0363
633500,1.9000,1.0331
634000,1.9000,1.0444
634500,1.9000,1.0436
635000,1.9000,1.0388
635500,1.9000,1.0525
636000,1.9000,1.0444
636500,1.9000,1.0275
637000,1.9000,1.0444
637500,1.9000,1.0460
638000,1.9000,1.0444
638500,1.9000,1.0371
639000,1.9000,1.0444
639500,1.9000,1.0581
640000,1.9000,1.0388
640500,1.9000,1.0516
641000,1.9000,1.0404
641500,1.9000,1.0444
642000,1.9000,1.0444
642500,1.9000,1.0420
643000,1.9000,1.0468
643500,1.9000,1.0484
644000,1.9000,1.0444
644500,1.9000,1.0662
645000,1.9000,1.0492
645500,1.9000,1.0436
646000,1.9000,1.0452
646500,1.9000,1.0404
647000,1.9000,1.0444
647500,1.9000,1.0444
648000,1.9000,1.0516
648500,1.9000,1.0404
649000,1.9000,1.0460
649500,1.9000,0.9920
650000,1.9000,1.0420
650500,1.9000,1.0492
651000,1.9000,1.0452
651500,1.9000,1.0436
652000,1.9000,1.0444
652500,1.9000,1.0460
653000,1.9000,1.0404
653500,1.9000,1.0525
654000,1.9000,1.0428
654500,1.9000,1.0484
655000,1.9000,1.0468
655500,1.9000,1.0718
656000,1.9000,1.0420
656500,1.9000,1.0436
657000,1.9000,1.0460
657500,1.9000,1.0436
658000,1.9000,1.0565
658500,1.9000,1.0476
659000,1.9000,1.0476
659500,1.9000,1.0670
660000,1.9000,1.0533
660500,1.9000,1.0525
661000,1.9000,1.0605
661500,1.9000,1.0460
662000,1.9000,1.0516
662500,1.9000,1.0363
663000,1.9000,1.0476
663500,1.9000,1.0549
664000,1.9000,1.0468
664500,1.9000,1.0452
665000,1.9000,1.0492
665500,1.9000,1.0557
666000,1.9000,1.0557
666500,1.9000,1.0492
667000,1.9000,1.0525
667500,1.9000,1.0573
668000,1.9000,1.0468
668500,1.9000,1.0589
669000,1.9000,1.0581
669500,1.9000,1.0613
670000,1.9000,1.0533
670500,1.9000,1.0557
671000,1.9000,1.0573
671500,1.9000,1.0484
672000,1.9000,1.0823
672500,1.9000,1.0549
673000,1.9000,1.0549
673500,1.9000,1.0629
674000,1.9000,1.0589
674500,1.9000,1.0444
675000,1.9000,1.0444
675500,1.9000,1.0484
676000,1.9000,1.0605
676500,1.9000,1.0525
677000,1.9000,1.0557
677500,1.9000,1.0613
678000,1.9000,1.0589
678500,1.9000,1.0589
679000,1.9000,1.0589
679500,1.9000,1.0573
680000,1.9000,1.0549
680500,1.9000,1.0565
681000,1.9000,1.0726
681500,1.9000,1.0629
682000,1.9000,1.0597
682500,1.9000,1.0613
683000,1.9000,1.0597
683500,1.9000,1.0670
684000,1.9000,1.0718
684500,1.9000,1.0629
685000,1.9000,1.0621
685500,1.9000,1.0565
686000,1.9000,1.0565
686500,1.9000,1.0565
687000,1.9000,1.0702
687500,1.9000,1.0678
688000,1.9000,1.0589
688500,1.9000,1.0621
689000,1.9000,1.0653
689500,1.9000,1.0581
690000,1.9000,1.0678
690500,1.9000,1.0662
691000,1.9000,1.0629
691500,1.9000,1.0702
692000,1.9000,1.0710
692500,1.9000,1.0613
693000,1.9000,1.0702
693500,1.9000,1.0629
694000,1.9000,1.0662
694500,1.9000,1.0702
695000,1.9000,1.0694
695500,1.9000,1.0589
696000,1.9000,1.0605
696500,1.9000,1.0621
697000,1.9000,1.0702
697500,1.9000,1.0694
698000,1.9000,1.0629
698500,1.9000,1.0686
699000,1.9000,1.0653
699500,1.9000,1.0613
700000,1.9000,1.0670
700500,1.9000,1.0750
701000,1.9000,1.0694
701500,1.9000,1.0645
702000,1.9000,1.0645
702500,1.9000,1.0694
703000,1.9000,1.0670
703500,1.9000,1.0702
704000,1.9000,1.0678
704500,1.9000,1.0686
705000,1.9000,1.0702
705500,1.9000,1.0790
706000,1.9000,1.0678
706500,1.9000,1.0581
707000,1.9000,1.0718
707500,1.9000,1.0621
708000,1.9000,1.0742
708500,1.9000,1.0710
709000,1.9000,1.0799
709500,1.9000,1.0702
710000,1.9000,1.0621
710500,1.9000,1.0686
711000,1.9000,1.0678
711500,1.9000,1.0702
712000,1.9000,1.0678
712500,1.9000,1.0726
713000,1.9000,1.0710
713500,1.9000,1.0936
714000,1.9000,1.0702
714500,1.9000,1.0790
715000,1.9000,1.0702
715500,1.9000,1.0790
716000,1.9000,1.0645
716500,1.9000,1.0750
717000,1.9000,1.0855
717500,1.9000,1.0662
718000,1.9000,1.0790
718500,1.9000,1.0742
719000,1.9000,1.0694
719500,1.9000,1.0726
720000,1.9000,1.0863
720500,1.9000,1.0726
721000,1.9000,1.0702
721500,1.9000,1.0452
722000,1.9000,1.0742
722500,1.9000,1.0742
723000,1.9000,1.0774
723500,1.9000,1.0895
724000,1.9000,1.0758
724500,1.9000,1.0702
725000,1.9000,1.0621
725500,1.9000,1.0799
726000,1.9000,1.0710
726500,1.9000,1.0653
727000,1.9000,1.0831
727500,1.9000,1.0960
728000,1.9000,1.0758
728500,1.9000,1.0782
729000,1.9000,1.0750
729500,1.9000,1.0790
730000,1.9000,1.0790
730500,1.9000,1.0750
731000,1.9000,1.0774
731500,1.9000,1.0790
732000,1.9000,1.0831
732500,1.9000,1.0855
733000,1.9000,1.0710
733500,1.9000,1.0815
734000,1.9000,1.0742
734500,1.9000,1.0790
735000,1.9000,1.0702
735500,1.9000,1.0718
736000,1.9000,1.0799
736500,1.9000,1.0758
737000,1.9000,1.0799
737500,1.9000,1.0823
738000,1.9000,1.0605
738500,1.9000,1.0782
739000,1.9000,1.0831
739500,1.9000,1.0831
740000,1.9000,1.0855
740500,1.9000,1.0799
741000,1.9000,1.0847
741500,1.9000,1.0863
742000,1.9000,1.0831
742500,1.9000,1.0960
743000,1.9000,1.0815
743500,1.9000,1.0887
744000,1.9000,1.0871
744500,1.9000,1.0839
745000,1.9000,1.0944
745500,1.9000,1.0936
746000,1.9000,1.0960
746500,1.9000,1.0879
747000,1.9000,1.0807
747500,1.9000,1.0871
748000,1.9000,1.0807
748500,1.9000,1.0823
749000,1.9000,1.0702
749500,1.9000,1.0871
750000,1.9000,1.0831
750500,1.9000,1.0702
751000,1.9000,1.0831
751500,1.9000,1.0823
752000,1.9000,1.0855
752500,1.9000,1.0952
753000,1.9000,1.0919
753500,1.9000,1.0911
754000,1.9000,1.0863
754500,1.9000,1.0855
755000,1.9000,1.0847
755500,1.9000,1.0774
756000,1.9000,1.0927
756500,1.9000,1.0936
757000,1.9000,1.0871
757500,1.9000,1.0863
758000,1.9000,1.1081
758500,1.9000,1.0839
759000,1.9000,1.0919
759500,1.9000,1.1218
760000,1.9000,1.0919
760500,1.9000,1.0952
761000,1.9000,1.0927
761500,1.9000,1.0903
762000,1.9000,1.0936
762500,1.9000,1.0927
763000,1.9000,1.0936
763500,1.9000,1.0855
764000,1.9000,1.0936
764500,1.9000,1.0960
765000,1.9000,1.0750
765500,1.9000,1.0919
766000,1.9000,1.0831
766500,1.9000,1.0952
767000,1.9000,1.0911
767500,1.9000,1.0960
768000,1.9000,1.1008
768500,1.9000,1.0903
769000,1.9000,1.0911
769500,1.9000,1.0944
770000,1.9000,1.0871
770500,1.9000,1.1024
771000,1.9000,1.1008
771500,1.9000,1.0960
772000,1.9000,1.0919
772500,1.9000,1.0968
773000,1.9000,1.0984
773500,1.9000,1.0960
774000,1.9000,1.1048
774500,1.9000,1.1000
775000,1.9000,1.0960
775500,1.9000,1.0960
776000,1.9000,1.0936
776500,1.9000,1.0960
777000,1.9000,1.0952
777500,1.9000,1.1064
778000,1.9000,1.0960
778500,1.9000,1.0968
779000,1.9000,1.0952
779500,1.9000,1.0952
780000,1.9000,1.0960
780500,1.9000,1.1032
781000,1.9000,1.0992
781500,1.9000,1.1040
782000,1.9000,1.0960
782500,1.9000,1.1016
783000,1.9000,1.0911
783500,1.9000,1.1250
784000,1.9000,1.0984
784500,1.9000,1.1016
785000,1.9000,1.0960
785500,1.9000,1.1000
786000,1.9000,1.0976
786500,1.9000,1.0984
787000,1.9000,1.1064
787500,1.9000,1.0976
788000,1.9000,1.1008
788500,1.9000,1.1218
789000,1.9000,1.1000
789500,1.9000,1.0968
790000,1.9000,1.0831
790500,1.9000,1.0992
791000,1.9000,1.0976
791500,1.9000,1.1016
792000,1.9000,1.0960
792500,1.9000,1.0992
793000,1.9000,1.1040
793500,1.9000,1.1113
794000,1.9000,1.1089
794500,1.9000,1.1113
795000,1.9000,1.1032
795500,1.9000,1.1048
796000,1.9000,1.1016
796500,1.9000,1.1048
797000,1.9000,1.1048
797500,1.9000,1.1064
798000,1.9000,1.1081
798500,1.9000,1.1177
799000,1.9000,1.1081
799500,1.9000,1.1024
800000,1.9000,1.1097
800500,1.9000,1.1097
801000,1.9000,1.1081
801500,1.9000,1.1121
802000,1.9000,1.1097
802500,1.9000,1.1081
803000,1.9000,1.1073
803500,1.9000,1.1048
804000,1.9000,1.0847
804500,1.9000,1.1081
805000,1.9000,1.1073
805500,1.9000,1.1016
806000,1.9000,1.1032
806500,1.9000,1.1121
807000,1.9000,1.1089
807500,1.9000,1.1064
808000,1.9000,1.1040
808500,1.9000,1.1097
809000,1.9000,1.1218
809500,1.9000,1.1048
810000,1.9000,1.1427
810500,1.9000,1.1089
811000,1.9000,1.1177
811500,1.9000,1.1218
812000,1.9000,1.1137
812500,1.9000,1.1169
813000,1.9000,1.1008
813500,1.9000,1.1201
814000,1.9000,1.1089
814500,1.9000,1.1064
815000,1.9000,1.1201
815500,1.9000,1.1137
816000,1.9000,1.1113
816500,1.9000,1.1064
817000,1.9000,1.1097
817500,1.9000,1.1097
818000,1.9000,1.1113
818500,1.9000,1.1161
819000,1.9000,1.1097
819500,1.9000,1.1113
820000,1.9000,1.1153
820500,1.9000,1.1145
821000,1.9000,1.1234
821500,1.9000,1.1129
822000,1.9000,1.1177
822500,1.9000,1.1218
823000,1.9000,1.1137
823500,1.9000,1.1105
824000,1.9000,1.1169
824500,1.9000,1.0992
825000,1.9000,1.1169
825500,1.9000,1.1161
826000,1.9000,1.1113
826500,1.9000,1.1266
827000,1.9000,1.1137
827500,1.9000,1.1169
828000,1.9000,1.1056
828500,1.9000,1.1201
829000,1.9000,1.1210
829500,1.9000,1.1145
830000,1.9000,1.1177
830500,1.9000,1.1105
831000,1.9000,1.1056
831500,1.9000,1.1347
832000,1.9000,1.1073
832500,1.9000,1.1210
833000,1.9000,1.1338
833500,1.9000,1.1161
834000,1.9000,1.1210
834500,1.9000,1.1201
835000,1.9000,1.1185
835500,1.9000,1.1201
836000,1.9000,1.1218
836500,1.9000,1.1218
837000,1.9000,1.1113
837500,1.9000,1.1234
838000,1.9000,1.1177
838500,1.9000,1.1129
839000,1.9000,1.1250
839500,1.9000,1.1193
840000,1.9000,1.1081
840500,1.9000,1.1250
841000,1.9000,1.1218
841500,1.9000,1.1169
842000,1.9000,1.1161
842500,1.9000,1.1234
843000,1.9000,1.1242
843500,1.9000,1.1193
844000,1.9000,1.1177
844500,1.9000,1.1201
845000,1.9000,1.1201
845500,1.9000,1.1193
846000,1.9000,1.1290
846500,1.9000,1.1113
847000,1.9000,1.1113
847500,1.9000,1.1266
848000,1.9000,1.1218
848500,1.9000,1.1226
849000,1.9000,1.1242
849500,1.9000,1.1347
850000,1.9000,1.1218
850500,1.9000,1.1226
851000,1.9000,1.1234
851500,1.9000,1.1242
852000,1.9000,1.1169
852500,1.9000,1.1226
853000,1.9000,1.1242
853500,1.9000,1.1274
854000,1.9000,1.1258
854500,1.9000,1.1218
855000,1.9000,1.1193
855500,1.9000,1.1266
856000,1.9000,1.1218
856500,1.9000,1.1290
857000,1.9000,1.1234
857500,1.9000,1.1274
858000,1.9000,1.1338
858500,1.9000,1.1322
859000,1.9000,1.1330
859500,1.9000,1.1250
860000,1.9000,1.1314
860500,1.9000,1.1097
861000,1.9000,1.1298
861500,1.9000,1.1201
862000,1.9000,1.1306
862500,1.9000,1.1322
863000,1.9000,1.1355
863500,1.9000,1.1226
864000,1.9000,1.1113
864500,1.9000,1.1290
865000,1.9000,1.1314
865500,1.9000,1.1290
866000,1.9000,1.1322
866500,1.9000,1.1274
867000,1.9000,1.1298
867500,1.9000,1.1411
868000,1.9000,1.1322
868500,1.9000,1.1290
869000,1.9000,1.1363
869500,1.9000,1.1347
870000,1.9000,1.1355
870500,1.9000,1.1250
871000,1.9000,1.1338
871500,1.9000,1.1419
872000,1.9000,1.1097
872500,1.9000,1.1347
873000,1.9000,1.1298
873500,1.9000,1.1306
874000,1.9000,1.1363
874500,1.9000,1.1330
875000,1.9000,1.1524
875500,1.9000,1.1355
876000,1.9000,1.1371
876500,1.9000,1.1322
877000,1.9000,1.1322
877500,1.9000,1.1347
878000,1.9000,1.1314
878500,1.9000,1.1475
879000,1.9000,1.1363
879500,1.9000,1.1347
880000,1.9000,1.1419
880500,1.9000,1.1363
881000,1.9000,1.1355
881500,1.9000,1.1355
882000,1.9000,1.1306
882500,1.9000,1.1338
883000,1.9000,1.1379
883500,1.9000,1.1347
884000,1.9000,1.1322
884500,1.9000,1.1363
885000,1.9000,1.1306
885500,1.9000,1.1306
886000,1.9000,1.1363
886500,1.9000,1.1371
887000,1.9000,1.1484
887500,1.9000,1.1387
888000,1.9000,1.1371
888500,1.9000,1.1403
889000,1.9000,1.1355
889500,1.9000,1.1298
890000,1.9000,1.1395
890500,1.9000,1.1363
891000,1.9000,1.1338
891500,1.9000,1.1355
892000,1.9000,1.1387
892500,1.9000,1.1395
893000,1.9000,1.1459
893500,1.9000,1.1363
894000,1.9000,1.1475
894500,1.9000,1.1363
895000,1.9000,1.1338
895500,1.9000,1.1403
896000,1.9000,1.1419
896500,1.9000,1.1475
897000,1.9000,1.1234
897500,1.9000,1.1363
898000,1.9000,1.1395
898500,1.9000,1.1403
899000,1.9000,1.1475
899500,1.9000,1.1363
900000,1.9000,1.1475
900500,1.9000,1.1363
901000,1.9000,1.1379
901500,1.9000,1.1395
902000,1.9000,1.1427
902500,1.9000,1.1403
903000,1.9000,1.1427
903500,1.9000,1.1459
904000,1.9000,1.1387
904500,1.9000,1.1475
905000,1.9000,1.1419
905500,1.9000,1.1347
906000,1.9000,1.1403
906500,1.9000,1.1419
907000,1.9000,1.1427
907500,1.9000,1.1500
908000,1.9000,1.1475
908500,1.9000,1.1387
909000,1.9000,1.1355
909500,1.9000,1.1459
910000,1.9000,1.1467
910500,1.9000,1.1427
911000,1.9000,1.1363
911500,1.9000,1.1451
912000,1.9000,1.1355
912500,1.9000,1.1427
913000,1.9000,1.1338
913500,1.9000,1.1500
914000,1.9000,1.1451
914500,1.9000,1.1427
915000,1.9000,1.1427
915500,1.9000,1.1338
916000,1.9000,1.1564
916500,1.9000,1.1475
917000,1.9000,1.1516
917500,1.9000,1.1492
918000,1.9000,1.1427
918500,1.9000,1.1621
919000,1.9000,1.1435
919500,1.9000,1.1403
920000,1.9000,1.1475
920500,1.9000,1.1588
921000,1.9000,1.1467
921500,1.9000,1.1540
922000,1.9000,1.1347
922500,1.9000,1.1475
923000,1.9000,1.1467
923500,1.9000,1.1580
924000,1.9000,1.1475
924500,1.9000,1.1596
925000,1.9000,1.1500
925500,1.9000,1.1459
926000,1.9000,1.1451
926500,1.9000,1.1435
927000,1.9000,1.1492
927500,1.9000,1.1524
928000,1.9000,1.1484
928500,1.9000,1.1548
929000,1.9000,1.1467
929500,1.9000,1.1556
930000,1.9000,1.1556
930500,1.9000,1.1387
931000,1.9000,1.1548
931500,1.9000,1.1484
932000,1.9000,1.1459
932500,1.9000,1.1475
933000,1.9000,1.1693
933500,1.9000,1.1564
934000,1.9000,1.1500
934500,1.9000,1.1475
935000,1.9000,1.1484
935500,1.9000,1.1532
936000,1.9000,1.1524
936500,1.9000,1.1532
937000,1.9000,1.1564
937500,1.9000,1.1604
938000,1.9000,1.1524
938500,1.9000,1.1508
939000,1.9000,1.1548
939500,1.9000,1.1435
940000,1.9000,1.1556
940500,1.9000,1.1524
941000,1.9000,1.1556
941500,1.9000,1.1475
942000,1.9000,1.1588
942500,1.9000,1.1459
943000,1.9000,1.1580
943500,1.9000,1.1685
944000,1.9000,1.1500
944500,1.9000,1.1588
945000,1.9000,1.1459
945500,1.9000,1.1693
946000,1.9000,1.1564
946500,1.9000,1.1508
947000,1.9000,1.1588
947500,1.9000,1.1500
948000,1.9000,1.1475
948500,1.9000,1.1508
949000,1.9000,1.1475
949500,1.9000,1.1475
950000,1.9000,1.1685
950500,1.9000,1.1774
951000,1.9000,1.1467
951500,1.9000,1.1653
952000,1.9000,1.1298
952500,1.9000,1.1612
953000,1.9000,1.1475
953500,1.9000,1.1629
954000,1.9000,1.1741
954500,1.9000,1.1645
955000,1.9000,1.1733
955500,1.9000,1.1532
956000,1.9000,1.1717
956500,1.9000,1.1661
957000,1.9000,1.1564
957500,1.9000,1.1725
958000,1.9000,1.1596
958500,1.9000,1.1693
959000,1.9000,1.1516
959500,1.9000,1.1484
960000,1.9000,1.1621
960500,1.9000,1.1548
961000,1.9000,1.1709
961500,1.9000,1.1637
962000,1.9000,1.1637
962500,1.9000,1.1637
963000,1.9000,1.1629
963500,1.9000,1.1621
964000,1.9000,1.1758
964500,1.9000,1.1588
965000,1.9000,1.1556
965500,1.9000,1.1524
966000,1.9000,1.1653
966500,1.9000,1.1653
967000,1.9000,1.1685
967500,1.9000,1.1653
968000,1.9000,1.1588
968500,1.9000,1.1685
969000,1.9000,1.1621
969500,1.9000,1.1677
970000,1.9000,1.1621
970500,1.9000,1.1524
971000,1.9000,1.1645
971500,1.9000,1.1596
972000,1.9000,1.1677
972500,1.9000,1.1475
973000,1.9000,1.1516
973500,1.9000,1.1774
974000,1.9000,1.1733
974500,1.9000,1.1733
975000,1.9000,1.1661
975500,1.9000,1.1741
976000,1.9000,1.1580
976500,1.9000,1.1629
977000,1.9000,1.1661
977500,1.9000,1.1661
978000,1.9000,1.1709
978500,1.9000,1.1733
979000,1.9000,1.1661
979500,1.9000,1.1653
980000,1.9000,1.1621
980500,1.9000,1.1733
981000,1.9000,1.1588
981500,1.9000,1.1556
982000,1.9000,1.1661
982500,1.9000,1.1733
983000,1.9000,1.1790
983500,1.9000,1.1604
984000,1.9000,1.1733
984500,1.9000,1.1717
985000,1.9000,1.1693
985500,1.9000,1.1733
986000,1.9000,1.1709
986500,1.9000,1.1548
987000,1.9000,1.1564
987500,1.9000,1.1717
988000,1.9000,1.1677
988500,1.9000,1.1709
989000,1.9000,1.1596
989500,1.9000,1.1709
990000,1.9000,1.1717
990500,1.9000,1.1661
991000,1.9000,1.1717
991500,1.9000,1.1725
992000,1.9000,1.1645
992500,1.9000,1.1693
993000,1.9000,1.1677
993500,1.9000,1.1733
994000,1.9000,1.1725
994500,1.9000,1.1717
995000,1.9000,1.1733
995500,1.9000,1.1709
996000,1.9000,1.1717
996500,1.9000,1.1725
997000,1.9000,1.1822
997500,1.9000,1.1733
998000,1.9000,1.1725
998500,1.9000,1.1725
999000,1.9000,1.1733
999500,1.9000,1.1701
1000000,1.9000,1.1693
1000500,1.9000,1.1758
1001000,1.9000,1.1749
1001500,1.9000,1.1733
1002000,1.9000,1.1741
1002500,1.9000,1.1733
1003000,1.9000,1.1758
1003500,1.9000,1.1733
1004000,1.9000,1.1790
1004500,1.9000,1.1733
1005000,1.9000,1.1774
1005500,1.9000,1.1935
1006000,1.9000,1.1701
1006500,1.9000,1.2080
1007000,1.9000,1.1725
1007500,1.9000,1.1733
1008000,1.9000,1.1758
1008500,1.9000,1.1798
1009000,1.9000,1.1733
1009500,1.9000,1.1758
1010000,1.9000,1.1862
1010500,1.9000,1.1814
1011000,1.9000,1.1774
1011500,1.9000,1.1951
1012000,1.9000,1.1790
1012500,1.9000,1.1741
1013000,1.9000,1.1814
1013500,1.9000,1.1838
1014000,1.9000,1.1766
1014500,1.9000,1.1782
1015000,1.9000,1.1862
1015500,1.9000,1.1733
1016000,1.9000,1.1733
1016500,1.9000,1.1814
1017000,1.9000,1.1790
1017500,1.9000,1.1758
1018000,1.9000,1.1741
1018500,1.9000,1.1782
1019000,1.9000,1.1967
1019500,1.9000,1.1782
1020000,1.9000,1.1806
1020500,1.9000,1.1774
1021000,1.9000,1.1814
1021500,1.9000,1.1838
1022000,1.9000,1.1790
1022500,1.9000,1.1749
1023000,1.9000,1.1782
1023500,1.9000,1.1758
1024000,1.9000,1.1790
1024500,1.9000,1.1814
1025000,1.9000,1.1741
1025500,1.9000,1.1822
1026000,1.9000,1.1854
1026500,1.9000,1.1580
1027000,1.9000,1.1814
1027500,1.9000,1.1854
1028000,1.9000,1.1766
1028500,1.9000,1.1862
1029000,1.9000,1.1854
1029500,1.9000,1.1741
1030000,1.9000,1.1693
1030500,1.9000,1.1782
1031000,1.9000,1.1870
1031500,1.9000,1.1782
1032000,1.9000,1.1733
1032500,1.9000,1.1911
1033000,1.9000,1.1806
1033500,1.9000,1.1733
1034000,1.9000,1.1774
1034500,1.9000,1.1943
1035000,1.9000,1.1878
1035500,1.9000,1.1911
1036000,1.9000,1.1870
1036500,1.9000,1.1790
1037000,1.9000,1.1878
1037500,1.9000,1.1846
1038000,1.9000,1.1782
1038500,1.9000,1.1782
1039000,1.9000,1.1733
1039500,1.9000,1.1870
1040000,1.9000,1.1878
1040500,1.9000,1.1862
1041000,1.9000,1.1854
1041500,1.9000,1.1903
1042000,1.9000,1.1911
1042500,1.9000,1.1862
1043000,1.9000,1.1854
1043500,1.9000,1.1774
1044000,1.9000,1.1766
1044500,1.9000,1.1870
1045000,1.9000,1.1741
1045500,1.9000,1.1838
1046000,1.9000,1.1758
1046500,1.9000,1.1854
1047000,1.9000,1.1838
1047500,1.9000,1.1878
1048000,1.9000,1.1862
1048500,1.9000,1.1862
1049000,1.9000,1.1822
1049500,1.9000,1.1846
1050000,1.9000,1.1878
1050500,1.9000,1.1854
1051000,1.9000,1.1862
1051500,1.9000,1.1886
1052000,1.9000,1.1886
1052500,1.9000,1.1886
1053000,1.9000,1.1814
1053500,1.9000,1.1967
1054000,1.9000,1.1838
1054500,1.9000,1.1991
1055000,1.9000,1.1999
1055500,1.9000,1.1895
1056000,1.9000,1.1822
1056500,1.9000,1.1967
1057000,1.9000,1.1878
1057500,1.9000,1.1991
1058000,1.9000,1.1935
1058500,1.9000,1.2136
1059000,1.9000,1.1919
1059500,1.9000,1.1886
1060000,1.9000,1.1854
1060500,1.9000,1.1903
1061000,1.9000,1.1878
1061500,1.9000,1.1951
1062000,1.9000,1.1862
1062500,1.9000,1.1991
1063000,1.9000,1.1838
1063500,1.9000,1.1919
1064000,1.9000,1.1943
1064500,1.9000,1.1886
1065000,1.9000,1.1903
1065500,1.9000,1.1991
1066000,1.9000,1.1919
1066500,1.9000,1.1991
1067000,1.9000,1.1991
1067500,1.9000,1.1967
1068000,1.9000,1.1943
1068500,1.9000,1.1919
1069000,1.9000,1.2112
1069500,1.9000,1.1935
1070000,1.9000,1.1975
1070500,1.9000,1.1919
1071000,1.9000,1.1951
1071500,1.9000,1.1951
1072000,1.9000,1.1919
1072500,1.9000,1.2007
1073000,1.9000,1.1935
1073500,1.9000,1.1975
1074000,1.9000,1.1991
1074500,1.9000,1.1886
1075000,1.9000,1.1991
1075500,1.9000,1.1991
1076000,1.9000,1.1975
1076500,1.9000,1.1991
1077000,1.9000,1.1983
1077500,1.9000,1.1951
1078000,1.9000,1.1943
1078500,1.9000,1.1975
1079000,1.9000,1.1975
1079500,1.9000,1.2007
1080000,1.9000,1.2032
1080500,1.9000,1.1991
1081000,1.9000,1.1991
1081500,1.9000,1.1991
1082000,1.9000,1.1991
1082500,1.9000,1.1959
1083000,1.9000,1.2015
1083500,1.9000,1.1951
1084000,1.9000,1.1999
1084500,1.9000,1.1991
1085000,1.9000,1.1991
1085500,1.9000,1.1991
1086000,1.9000,1.2007
1086500,1.9000,1.1991
1087000,1.9000,1.1943
1087500,1.9000,1.1991
1088000,1.9000,1.1919
1088500,1.9000,1.1943
1089000,1.9000,1.2144
1089500,1.9000,1.2080
1090000,1.9000,1.1991
1090500,1.9000,1.2112
1091000,1.9000,1.1991
1091500,1.9000,1.1983
1092000,1.9000,1.2048
1092500,1.9000,1.2007
1093000,1.9000,1.2032
1093500,1.9000,1.1725
1094000,1.9000,1.1959
1094500,1.9000,1.1991
1095000,1.9000,1.1983
1095500,1.9000,1.1991
1096000,1.9000,1.2007
1096500,1.9000,1.1991
1097000,1.9000,1.2007
1097500,1.9000,1.2015
1098000,1.9000,1.1991
1098500,1.9000,1.1999
1099000,1.9000,1.1838
1099500,1.9000,1.2072
1100000,1.9000,1.2032
1100500,1.9000,1.2112
1101000,1.9000,1.1991
1101500,1.9000,1.1862
1102000,1.9000,1.1991
1102500,1.9000,1.1991
1103000,1.9000,1.1991
1103500,1.9000,1.1895
1104000,1.9000,1.1991
1104500,1.9000,1.1878
1105000,1.9000,1.2007
1105500,1.9000,1.1975
1106000,1.9000,1.2015
1106500,1.9000,1.2048
1107000,1.9000,1.1967
1107500,1.9000,1.2048
1108000,1.9000,1.1959
1108500,1.9000,1.1991
1109000,1.9000,1.2007
1109500,1.9000,1.2048
1110000,1.9000,1.2080
1110500,1.9000,1.2072
1111000,1.9000,1.1999
1111500,1.9000,1.2040
1112000,1.9000,1.2136
1112500,1.9000,1.2048
1113000,1.9000,1.2080
1113500,1.9000,1.2007
1114000,1.9000,1.1975
1114500,1.9000,1.2032
1115000,1.9000,1.2007
1115500,1.9000,1.1975
1116000,1.9000,1.2104
1116500,1.9000,1.1991
1117000,1.9000,1.1991
1117500,1.9000,1.2015
1118000,1.9000,1.2064
1118500,1.9000,1.1999
1119000,1.9000,1.1991
1119500,1.9000,1.2007
1120000,1.9000,1.2112
1120500,1.9000,1.2080
1121000,1.9000,1.2088
1121500,1.9000,1.2160
1122000,1.9000,1.2112
1122500,1.9000,1.2040
1123000,1.9000,1.2168
1123500,1.9000,1.2080
1124000,1.9000,1.2080
1124500,1.9000,1.1991
1125000,1.9000,1.2168
1125500,1.9000,1.2104
1126000,1.9000,1.2168
1126500,1.9000,1.2096
1127000,1.9000,1.2112
1127500,1.9000,1.2104
1128000,1.9000,1.2080
1128500,1.9000,1.2040
1129000,1.9000,1.2209
1129500,1.9000,1.2104
1130000,1.9000,1.2201
1130500,1.9000,1.2152
1131000,1.9000,1.2072
1131500,1.9000,1.2096
1132000,1.9000,1.2281
1132500,1.9000,1.2112
1133000,1.9000,1.2104
1133500,1.9000,1.2128
1134000,1.9000,1.2080
1134500,1.9000,1.2072
1135000,1.9000,1.1991
1135500,1.9000,1.2112
1136000,1.9000,1.2168
1136500,1.9000,1.2136
1137000,1.9000,1.2128
1137500,1.9000,1.2040
1138000,1.9000,1.2048
1138500,1.9000,1.2201
1139000,1.9000,1.2032
1139500,1.9000,1.2136
1140000,1.9000,1.2168
1140500,1.9000,1.2112
1141000,1.9000,1.2177
1141500,1.9000,1.2104
1142000,1.9000,1.2128
1142500,1.9000,1.2104
1143000,1.9000,1.2048
1143500,1.9000,1.2128
1144000,1.9000,1.2120
1144500,1.9000,1.2096
1145000,1.9000,1.2330
1145500,1.9000,1.2072
1146000,1.9000,1.2048
1146500,1.9000,1.2241
1147000,1.9000,1.2225
1147500,1.9000,1.2177
1148000,1.9000,1.2177
1148500,1.9000,1.2177
1149000,1.9000,1.2168
1149500,1.9000,1.2209
1150000,1.9000,1.2048
1150500,1.9000,1.2128
1151000,1.9000,1.2023
1151500,1.9000,1.2104
1152000,1.9000,1.2160
1152500,1.9000,1.2160
1153000,1.9000,1.2201
1153500,1.9000,1.2088
1154000,1.9000,1.2048
1154500,1.9000,1.2193
1155000,1.9000,1.2160
1155500,1.9000,1.2144
1156000,1.9000,1.2168
1156500,1.9000,1.2168
1157000,1.9000,1.2136
1157500,1.9000,1.2136
1158000,1.9000,1.2257
1158500,1.9000,1.2096
1159000,1.9000,1.2249
1159500,1.9000,1.2128
1160000,1.9000,1.2144
1160500,1.9000,1.2160
1161000,1.9000,1.2241
1161500,1.9000,1.2201
1162000,1.9000,1.2096
1162500,1.9000,1.2209
1163000,1.9000,1.2096
1163500,1.9000,1.2177
1164000,1.9000,1.2249
1164500,1.9000,1.2249
1165000,1.9000,1.2652
1165500,1.9000,1.2209
1166000,1.9000,1.2241
1166500,1.9000,1.2249
1167000,1.9000,1.2249
1167500,1.9000,1.2249
1168000,1.9000,1.2338
1168500,1.9000,1.2112
1169000,1.9000,1.2209
1169500,1.9000,1.2104
1170000,1.9000,1.2217
1170500,1.9000,1.2249
1171000,1.9000,1.2330
1171500,1.9000,1.2201
1172000,1.9000,1.2160
1172500,1.9000,1.2265
1173000,1.9000,1.2249
1173500,1.9000,1.2249
1174000,1.9000,1.2128
1174500,1.9000,1.1999
1175000,1.9000,1.2217
1175500,1.9000,1.2201
1176000,1.9000,1.2160
1176500,1.9000,1.2225
1177000,1.9000,1.2249
1177500,1.9000,1.2257
1178000,1.9000,1.2249
1178500,1.9000,1.2225
1179000,1.9000,1.2249
1179500,1.9000,1.2241
1180000,1.9000,1.2193
1180500,1.9000,1.2209
1181000,1.9000,1.2233
1181500,1.9000,1.2249
1182000,1.9000,1.2225
1182500,1.9000,1.2265
1183000,1.9000,1.2338
1183500,1.9000,1.2225
1184000,1.9000,1.2225
1184500,1.9000,1.2225
1185000,1.9000,1.2201
1185500,1.9000,1.2112
1186000,1.9000,1.2177
1186500,1.9000,1.2370
1187000,1.9000,1.2249
1187500,1.9000,1.2249
1188000,1.9000,1.2370
1188500,1.9000,1.2249
1189000,1.9000,1.2209
1189500,1.9000,1.2241
1190000,1.9000,1.2273
1190500,1.9000,1.2209
1191000,1.9000,1.2305
1191500,1.9000,1.2249
1192000,1.9000,1.2249
1192500,1.9000,1.2370
1193000,1.9000,1.2160
1193500,1.9000,1.2249
1194000,1.9000,1.2265
1194500,1.9000,1.2209
1195000,1.9000,1.2160
1195500,1.9000,1.2257
1196000,1.9000,1.2249
1196500,1.9000,1.2257
1197000,1.9000,1.2297
1197500,1.9000,1.2265
1198000,1.9000,1.2990
1198500,1.9000,1.2241
1199000,1.9000,1.2265
1199500,1.9000,1.2257
1200000,1.9000,1.2225
1200500,1.9000,1.2233
1201000,1.9000,1.2370
1201500,1.9000,1.2249
1202000,1.9000,1.2265
1202500,1.9000,1.2177
1203000,1.9000,1.2362
1203500,1.9000,1.2322
1204000,1.9000,1.2265
1204500,1.9000,1.2273
1205000,1.9000,1.2241
1205500,1.9000,1.2249
1206000,1.9000,1.2289
1206500,1.9000,1.2209
1207000,1.9000,1.2257
1207500,1.9000,1.2330
1208000,1.9000,1.2249
1208500,1.9000,1.2193
1209000,1.9000,1.2330
1209500,1.9000,1.2249
1210000,1.9000,1.2273
1210500,1.9000,1.2297
1211000,1.9000,1.2048
1211500,1.9000,1.2289
1212000,1.9000,1.2370
1212500,1.9000,1.2289
1213000,1.9000,1.2370
1213500,1.9000,1.2289
1214000,1.9000,1.2297
1214500,1.9000,1.2370
1215000,1.9000,1.2233
1215500,1.9000,1.2233
1216000,1.9000,1.2273
1216500,1.9000,1.2265
1217000,1.9000,1.2289
1217500,1.9000,1.2265
1218000,1.9000,1.2249
1218500,1.9000,1.2265
1219000,1.9000,1.2249
1219500,1.9000,1.2289
1220000,1.9000,1.2136
1220500,1.9000,1.2289
1221000,1.9000,1.2249
1221500,1.9000,1.2241
1222000,1.9000,1.2265
1222500,1.9000,1.2338
1223000,1.9000,1.2257
1223500,1.9000,1.2297
1224000,1.9000,1.2297
1224500,1.9000,1.2289
1225000,1.9000,1.2330
1225500,1.9000,1.2265
1226000,1.9000,1.2338
1226500,1.9000,1.2273
1227000,1.9000,1.2273
1227500,1.9000,1.2305
1228000,1.9000,1.2330
1228500,1.9000,1.2370
1229000,1.9000,1.2297
1229500,1.9000,1.2370
1230000,1.9000,1.2338
1230500,1.9000,1.2305
1231000,1.9000,1.2370
1231500,1.9000,1.2354
1232000,1.9000,1.2330
1232500,1.9000,1.2636
1233000,1.9000,1.2096
1233500,1.9000,1.2370
1234000,1.9000,1.2370
1234500,1.9000,1.2297
1235000,1.9000,1.2370
1235500,1.9000,1.2362
1236000,1.9000,1.2370
1236500,1.9000,1.2370
1237000,1.9000,1.2338
1237500,1.9000,1.2370
1238000,1.9000,1.2370
1238500,1.9000,1.2370
1239000,1.9000,1.2257
1239500,1.9000,1.2265
1240000,1.9000,1.2370
1240500,1.9000,1.2370
1241000,1.9000,1.2370
1241500,1.9000,1.2370
1242000,1.9000,1.2305
1242500,1.9000,1.2370
1243000,1.9000,1.2370
1243500,1.9000,1.2338
1244000,1.9000,1.2249
1244500,1.9000,1.2370
1245000,1.9000,1.2370
1245500,1.9000,1.2370
1246000,1.9000,1.2289
1246500,1.9000,1.2370
1247000,1.9000,1.2370
1247500,1.9000,1.2370
1248000,1.9000,1.2322
1248500,1.9000,1.2370
1249000,1.9000,1.2370
1249500,1.9000,1.2370
1250000,1.9000,1.2370
1250500,1.9000,1.2370
1251000,1.9000,1.1991
1251500,1.9000,1.2370
1252000,1.9000,1.2370
1252500,1.9000,1.2370
1253000,1.9000,1.2370
1253500,1.9000,1.2370
1254000,1.9000,1.2217
1254500,1.9000,1.2330
1255000,1.9000,1.2297
1255500,1.9000,1.2370
1256000,1.9000,1.2370
1256500,1.9000,1.2370
1257000,1.9000,1.2523
1257500,1.9000,1.2370
1258000,1.9000,1.2370
1258500,1.9000,1.2370
1259000,1.9000,1.2354
1259500,1.9000,1.2370
1260000,1.9000,1.2346
1260500,1.9000,1.2338
1261000,1.9000,1.2370
1261500,1.9000,1.2523
1262000,1.9000,1.2370
1262500,1.9000,1.2370
1263000,1.9000,1.2370
1263500,1.9000,1.2354
1264000,1.9000,1.2370
1264500,1.9000,1.2370
1265000,1.9000,1.2579
1265500,1.9000,1.2555
1266000,1.9000,1.2370
1266500,1.9000,1.2370
1267000,1.9000,1.2370
1267500,1.9000,1.2362
1268000,1.9000,1.2547
1268500,1.9000,1.2370
1269000,1.9000,1.2370
1269500,1.9000,1.2370
1270000,1.9000,1.2370
1270500,1.9000,1.2370
1271000,1.9000,1.2596
1271500,1.9000,1.2370
1272000,1.9000,1.2370
1272500,1.9000,1.2370
1273000,1.9000,1.2370
1273500,1.9000,1.2370
1274000,1.9000,1.2555
1274500,1.9000,1.2370
1275000,1.9000,1.2370
1275500,1.9000,1.2370
1276000,1.9000,1.2370
1276500,1.9000,1.2588
1277000,1.9000,1.2330
1277500,1.9000,1.2370
1278000,1.9000,1.2370
1278500,1.9000,1.2370
1279000,1.9000,1.2370
1279500,1.9000,1.2370
1280000,1.9000,1.2370
1280500,1.9000,1.2168
1281000,1.9000,1.2370
1281500,1.9000,1.2370
1282000,1.9000,1.2523
1282500,1.9000,1.2563
1283000,1.9000,1.2370
1283500,1.9000,1.2563
1284000,1.9000,1.2370
1284500,1.9000,1.2370
1285000,1.9000,1.2531
1285500,1.9000,1.2370
1286000,1.9000,1.2370
1286500,1.9000,1.2547
1287000,1.9000,1.2370
1287500,1.9000,1.2547
1288000,1.9000,1.2370
1288500,1.9000,1.2370
1289000,1.9000,1.2523
1289500,1.9000,1.2370
1290000,1.9000,1.2370
1290500,1.9000,1.2539
1291000,1.9000,1.2249
1291500,1.9000,1.2652
1292000,1.9000,1.2636
1292500,1.9000,1.2370
1293000,1.9000,1.2555
1293500,1.9000,1.2588
1294000,1.9000,1.2370
1294500,1.9000,1.2523
1295000,1.9000,1.2612
1295500,1.9000,1.2370
1296000,1.9000,1.2523
1296500,1.9000,1.2547
1297000,1.9000,1.2370
1297500,1.9000,1.2370
1298000,1.9000,1.2620
1298500,1.9000,1.2563
1299000,1.9000,1.2612
1299500,1.9000,1.2547
1300000,1.9000,1.2588
1300500,1.9000,1.2628
1301000,1.9000,1.2370
1301500,1.9000,1.2370
1302000,1.9000,1.2563
1302500,1.9000,1.2370
1303000,1.9000,1.2579
1303500,1.9000,1.2612
1304000,1.9000,1.2563
1304500,1.9000,1.2555
1305000,1.9000,1.2596
1305500,1.9000,1.2370
1306000,1.9000,1.2620
1306500,1.9000,1.2821
1307000,1.9000,1.2596
1307500,1.9000,1.2604
1308000,1.9000,1.2636
1308500,1.9000,1.2596
1309000,1.9000,1.2370
1309500,1.9000,1.2370
1310000,1.9000,1.2289
1310500,1.9000,1.2596
1311000,1.9000,1.2579
1311500,1.9000,1.2571
1312000,1.9000,1.2354
1312500,1.9000,1.2579
1313000,1.9000,1.2628
1313500,1.9000,1.2048
1314000,1.9000,1.2596
1314500,1.9000,1.2531
1315000,1.9000,1.2579
1315500,1.9000,1.2571
1316000,1.9000,1.2579
1316500,1.9000,1.2579
1317000,1.9000,1.2563
1317500,1.9000,1.2596
1318000,1.9000,1.2588
1318500,1.9000,1.2596
1319000,1.9000,1.2757
1319500,1.9000,1.2555
1320000,1.9000,1.2628
1320500,1.9000,1.2692
1321000,1.9000,1.2547
1321500,1.9000,1.2644
1322000,1.9000,1.2660
1322500,1.9000,1.2660
1323000,1.9000,1.2644
1323500,1.9000,1.2765
1324000,1.9000,1.2628
1324500,1.9000,1.2660
1325000,1.9000,1.2725
1325500,1.9000,1.2612
1326000,1.9000,1.2563
1326500,1.9000,1.2555
1327000,1.9000,1.2628
1327500,1.9000,1.2644
1328000,1.9000,1.2660
1328500,1.9000,1.2523
1329000,1.9000,1.2636
1329500,1.9000,1.2644
1330000,1.9000,1.2563
1330500,1.9000,1.2660
1331000,1.9000,1.2676
1331500,1.9000,1.2370
1332000,1.9000,1.2612
1332500,1.9000,1.2676
1333000,1.9000,1.2531
1333500,1.9000,1.2555
1334000,1.9000,1.2628
1334500,1.9000,1.2531
1335000,1.9000,1.2588
1335500,1.9000,1.2370
1336000,1.9000,1.2515
1336500,1.9000,1.2692
1337000,1.9000,1.2322
1337500,1.9000,1.2636
1338000,1.9000,1.2684
1338500,1.9000,1.2821
1339000,1.9000,1.2620
1339500,1.9000,1.2628
1340000,1.9000,1.2660
1340500,1.9000,1.2636
1341000,1.9000,1.2588
1341500,1.9000,1.2531
1342000,1.9000,1.2370
1342500,1.9000,1.2725
1343000,1.9000,1.2692
1343500,1.9000,1.2660
1344000,1.9000,1.2652
1344500,1.9000,1.2644
1345000,1.9000,1.2692
1345500,1.9000,1.2636
1346000,1.9000,1.2547
1346500,1.9000,1.2676
1347000,1.9000,1.2555
1347500,1.9000,1.2636
1348000,1.9000,1.2620
1348500,1.9000,1.2741
1349000,1.9000,1.2765
1349500,1.9000,1.2837
1350000,1.9000,1.2620
1350500,1.9000,1.2636
1351000,1.9000,1.2620
1351500,1.9000,1.2652
1352000,1.9000,1.2716
1352500,1.9000,1.2660
1353000,1.9000,1.2765
1353500,1.9000,1.2757
1354000,1.9000,1.2563
1354500,1.9000,1.2741
1355000,1.9000,1.2644
1355500,1.9000,1.2741
1356000,1.9000,1.2692
1356500,1.9000,1.2588
1357000,1.9000,1.2604
1357500,1.9000,1.2741
1358000,1.9000,1.2765
1358500,1.9000,1.2596
1359000,1.9000,1.2845
1359500,1.9000,1.2765
1360000,1.9000,1.2781
1360500,1.9000,1.2636
1361000,1.9000,1.2749
1361500,1.9000,1.2765
1362000,1.9000,1.2749
1362500,1.9000,1.2628
1363000,1.9000,1.2805
1363500,1.9000,1.2741
1364000,1.9000,1.2684
1364500,1.9000,1.2628
1365000,1.9000,1.2749
1365500,1.9000,1.2652
1366000,1.9000,1.2725
1366500,1.9000,1.2660
1367000,1.9000,1.2716
1367500,1.9000,1.2757
1368000,1.9000,1.2741
1368500,1.9000,1.2725
1369000,1.9000,1.2563
1369500,1.9000,1.2692
1370000,1.9000,1.2757
1370500,1.9000,1.2725
1371000,1.9000,1.2757
1371500,1.9000,1.2781
1372000,1.9000,1.2660
1372500,1.9000,1.2692
1373000,1.9000,1.2716
1373500,1.9000,1.2837
1374000,1.9000,1.2821
1374500,1.9000,1.2765
1375000,1.9000,1.2330
1375500,1.9000,1.2620
1376000,1.9000,1.2765
1376500,1.9000,1.2668
1377000,1.9000,1.2668
1377500,1.9000,1.2765
1378000,1.9000,1.2765
1378500,1.9000,1.2725
1379000,1.9000,1.2749
1379500,1.9000,1.2765
1380000,1.9000,1.2765
1380500,1.9000,1.2894
1381000,1.9000,1.2765
1381500,1.9000,1.2676
1382000,1.9000,1.2765
1382500,1.9000,1.2749
1383000,1.9000,1.2733
1383500,1.9000,1.2725
1384000,1.9000,1.2644
1384500,1.9000,1.2588
1385000,1.9000,1.2894
1385500,1.9000,1.2741
1386000,1.9000,1.2765
1386500,1.9000,1.2853
1387000,1.9000,1.2845
1387500,1.9000,1.2765
1388000,1.9000,1.2765
1388500,1.9000,1.2765
1389000,1.9000,1.2676
1389500,1.9000,1.2765
1390000,1.9000,1.2765
1390500,1.9000,1.2837
1391000,1.9000,1.2765
1391500,1.9000,1.2829
1392000,1.9000,1.2781
1392500,1.9000,1.2773
1393000,1.9000,1.2894
1393500,1.9000,1.2757
1394000,1.9000,1.2781
1394500,1.9000,1.2870
1395000,1.9000,1.2547
1395500,1.9000,1.2765
1396000,1.9000,1.2765
1396500,1.9000,1.2813
1397000,1.9000,1.2918
1397500,1.9000,1.2789
1398000,1.9000,1.2773
1398500,1.9000,1.2773
1399000,1.9000,1.2749
1399500,1.9000,1.2853
1400000,1.9000,1.2765
1400500,1.9000,1.2773
1401000,1.9000,1.2845
1401500,1.9000,1.2886
1402000,1.9000,1.2886
1402500,1.9000,1.2757
1403000,1.9000,1.2757
1403500,1.9000,1.2853
1404000,1.9000,1.2765
1404500,1.9000,1.2982
1405000,1.9000,1.2837
1405500,1.9000,1.2821
1406000,1.9000,1.2805
1406500,1.9000,1.2813
1407000,1.9000,1.2837
1407500,1.9000,1.2966
1408000,1.9000,1.2886
1408500,1.9000,1.2716
1409000,1.9000,1.2862
1409500,1.9000,1.2878
1410000,1.9000,1.2837
1410500,1.9000,1.2813
1411000,1.9000,1.2813
1411500,1.9000,1.2765
1412000,1.9000,1.2821
1412500,1.9000,1.2845
1413000,1.9000,1.2829
1413500,1.9000,1.2821
1414000,1.9000,1.2821
1414500,1.9000,1.2886
1415000,1.9000,1.2821
1415500,1.9000,1.2370
1416000,1.9000,1.2894
1416500,1.9000,1.2870
1417000,1.9000,1.2837
1417500,1.9000,1.2845
1418000,1.9000,1.2765
1418500,1.9000,1.2853
1419000,1.9000,1.2765
1419500,1.9000,1.2821
1420000,1.9000,1.2974
1420500,1.9000,1.2845
1421000,1.9000,1.2813
1421500,1.9000,1.2821
1422000,1.9000,1.2837
1422500,1.9000,1.2789
1423000,1.9000,1.3168
1423500,1.9000,1.2845
1424000,1.9000,1.2894
1424500,1.9000,1.2845
1425000,1.9000,1.2918
1425500,1.9000,1.3023
1426000,1.9000,1.2926
1426500,1.9000,1.2862
1427000,1.9000,1.2853
1427500,1.9000,1.2781
1428000,1.9000,1.2886
1428500,1.9000,1.2966
1429000,1.9000,1.2870
1429500,1.9000,1.2894
1430000,1.9000,1.2894
1430500,1.9000,1.2886
1431000,1.9000,1.2765
1431500,1.9000,1.2870
1432000,1.9000,1.2813
1432500,1.9000,1.2894
1433000,1.9000,1.2910
1433500,1.9000,1.2894
1434000,1.9000,1.2797
1434500,1.9000,1.2837
1435000,1.9000,1.2886
1435500,1.9000,1.2870
1436000,1.9000,1.2982
1436500,1.9000,1.2894
1437000,1.9000,1.2942
1437500,1.9000,1.2845
1438000,1.9000,1.2894
1438500,1.9000,1.2886
1439000,1.9000,1.2870
1439500,1.9000,1.2781
1440000,1.9000,1.2853
1440500,1.9000,1.2725
1441000,1.9000,1.2781
1441500,1.9000,1.2789
1442000,1.9000,1.2821
1442500,1.9000,1.2862
1443000,1.9000,1.2926
1443500,1.9000,1.2878
1444000,1.9000,1.2918
1444500,1.9000,1.2765
1445000,1.9000,1.2837
1445500,1.9000,1.2934
1446000,1.9000,1.2918
1446500,1.9000,1.2999
1447000,1.9000,1.2918
1447500,1.9000,1.2934
1448000,1.9000,1.2805
1448500,1.9000,1.2918
1449000,1.9000,1.2894
1449500,1.9000,1.2950
1450000,1.9000,1.2990
1450500,1.9000,1.2902
1451000,1.9000,1.2934
1451500,1.9000,1.2950
1452000,1.9000,1.2942
1452500,1.9000,1.2942
1453000,1.9000,1.2765
1453500,1.9000,1.2999
1454000,1.9000,1.3071
1454500,1.9000,1.2894
1455000,1.9000,1.3055
1455500,1.9000,1.3007
1456000,1.9000,1.2894
1456500,1.9000,1.2918
1457000,1.9000,1.2886
1457500,1.9000,1.2910
1458000,1.9000,1.2902
1458500,1.9000,1.2894
1459000,1.9000,1.2805
1459500,1.9000,1.2974
1460000,1.9000,1.2886
1460500,1.9000,1.2934
1461000,1.9000,1.3015
1461500,1.9000,1.2918
1462000,1.9000,1.2918
1462500,1.9000,1.2942
1463000,1.9000,1.3055
1463500,1.9000,1.2918
1464000,1.9000,1.3023
1464500,1.9000,1.2974
1465000,1.9000,1.2934
1465500,1.9000,1.2942
1466000,1.9000,1.3039
1466500,1.9000,1.3015
1467000,1.9000,1.2845
1467500,1.9000,1.2926
1468000,1.9000,1.2789
1468500,1.9000,1.2918
1469000,1.9000,1.2958
1469500,1.9000,1.2902
1470000,1.9000,1.2966
1470500,1.9000,1.2902
1471000,1.9000,1.2982
1471500,1.9000,1.2894
1472000,1.9000,1.2982
1472500,1.9000,1.2974
1473000,1.9000,1.2918
1473500,1.9000,1.2926
1474000,1.9000,1.2918
1474500,1.9000,1.3039
1475000,1.9000,1.2966
1475500,1.9000,1.2999
1476000,1.9000,1.3127
1476500,1.9000,1.3023
1477000,1.9000,1.2974
1477500,1.9000,1.2942
1478000,1.9000,1.2982
1478500,1.9000,1.3015
1479000,1.9000,1.2934
1479500,1.9000,1.3023
1480000,1.9000,1.2950
1480500,1.9000,1.2853
1481000,1.9000,1.2950
1481500,1.9000,1.3039
1482000,1.9000,1.3007
1482500,1.9000,1.2918
1483000,1.9000,1.2982
1483500,1.9000,1.2974
1484000,1.9000,1.2999
1484500,1.9000,1.2950
1485000,1.9000,1.2845
1485500,1.9000,1.3023
1486000,1.9000,1.2950
1486500,1.9000,1.2982
1487000,1.9000,1.2966
1487500,1.9000,1.3176
1488000,1.9000,1.2958
1488500,1.9000,1.3023
1489000,1.9000,1.2982
1489500,1.9000,1.3015
1490000,1.9000,1.2870
1490500,1.9000,1.2999
1491000,1.9000,1.3071
1491500,1.9000,1.2982
1492000,1.9000,1.3023
1492500,1.9000,1.3031
1493000,1.9000,1.2999
1493500,1.9000,1.3023
1494000,1.9000,1.2982
1494500,1.9000,1.2974
1495000,1.9000,1.2999
1495500,1.9000,1.3015
1496000,1.9000,1.2942
1496500,1.9000,1.3023
1497000,1.9000,1.2990
1497500,1.9000,1.3023
1498000,1.9000,1.2974
1498500,1.9000,1.3023
1499000,1.9000,1.2974
1499500,1.9000,1.3031
1500000,1.9000,1.2942
1500500,1.9000,1.2918
1501000,1.9000,1.2910
1501500,1.9000,1.2942
1502000,1.9000,1.3063
1502500,1.9000,1.2999
1503000,1.9000,1.3031
1503500,1.9000,1.2999
1504000,1.9000,1.3039
1504500,1.9000,1.3023
1505000,1.9000,1.3023
1505500,1.9000,1.2982
1506000,1.9000,1.3023
1506500,1.9000,1.2950
1507000,1.9000,1.3023
1507500,1.9000,1.2934
1508000,1.9000,1.2982
1508500,1.9000,1.3176
1509000,1.9000,1.2966
1509500,1.9000,1.2974
1510000,1.9000,1.3015
1510500,1.9000,1.3023
1511000,1.9000,1.3047
1511500,1.9000,1.2982
1512000,1.9000,1.2918
1512500,1.9000,1.2829
1513000,1.9000,1.3015
1513500,1.9000,1.3031
1514000,1.9000,1.3023
1514500,1.9000,1.3031
1515000,1.9000,1.3047
1515500,1.9000,1.3136
1516000,1.9000,1.3047
1516500,1.9000,1.3031
1517000,1.9000,1.2999
1517500,1.9000,1.2982
1518000,1.9000,1.3071
1518500,1.9000,1.3007
1519000,1.9000,1.3031
1519500,1.9000,1.3031
1520000,1.9000,1.3023
1520500,1.9000,1.3031
1521000,1.9000,1.3023
1521500,1.9000,1.3039
1522000,1.9000,1.3023
1522500,1.9000,1.2974
1523000,1.9000,1.3071
1523500,1.9000,1.2950
1524000,1.9000,1.3023
1524500,1.9000,1.2765
1525000,1.9000,1.2974
1525500,1.9000,1.3087
1526000,1.9000,1.3063
1526500,1.9000,1.3031
1527000,1.9000,1.3023
1527500,1.9000,1.3015
1528000,1.9000,1.3047
1528500,1.9000,1.3168
1529000,1.9000,1.3063
1529500,1.9000,1.2999
1530000,1.9000,1.3007
1530500,1.9000,1.3023
1531000,1.9000,1.3031
1531500,1.9000,1.3095
1532000,1.9000,1.3240
1532500,1.9000,1.3136
1533000,1.9000,1.3071
1533500,1.9000,1.3063
1534000,1.9000,1.3079
1534500,1.9000,1.3111
1535000,1.9000,1.3023
1535500,1.9000,1.3015
1536000,1.9000,1.2999
1536500,1.9000,1.3047
1537000,1.9000,1.3023
1537500,1.9000,1.3079
1538000,1.9000,1.3023
1538500,1.9000,1.3079
1539000,1.9000,1.3136
1539500,1.9000,1.3095
1540000,1.9000,1.3039
1540500,1.9000,1.3031
1541000,1.9000,1.3071
1541500,1.9000,1.3031
1542000,1.9000,1.3136
1542500,1.9000,1.3127
1543000,1.9000,1.3031
1543500,1.9000,1.3071
1544000,1.9000,1.3055
1544500,1.9000,1.3095
1545000,1.9000,1.2950
1545500,1.9000,1.3071
1546000,1.9000,1.3047
1546500,1.9000,1.3079
1547000,1.9000,1.3144
1547500,1.9000,1.3047
1548000,1.9000,1.3103
1548500,1.9000,1.3136
1549000,1.9000,1.3095
1549500,1.9000,1.3160
1550000,1.9000,1.3152
1550500,1.9000,1.3111
1551000,1.9000,1.3111
1551500,1.9000,1.2934
1552000,1.9000,1.3152
1552500,1.9000,1.3184
1553000,1.9000,1.3208
1553500,1.9000,1.3079
1554000,1.9000,1.3136
1554500,1.9000,1.3103
1555000,1.9000,1.3256
1555500,1.9000,1.3208
1556000,1.9000,1.3136
1556500,1.9000,1.3160
1557000,1.9000,1.3144
1557500,1.9000,1.3192
1558000,1.9000,1.3136
1558500,1.9000,1.3160
1559000,1.9000,1.3184
1559500,1.9000,1.3144
1560000,1.9000,1.3103
1560500,1.9000,1.3152
1561000,1.9000,1.3152
1561500,1.9000,1.3248
1562000,1.9000,1.3264
1562500,1.9000,1.3152
1563000,1.9000,1.3079
1563500,1.9000,1.3144
1564000,1.9000,1.3136
1564500,1.9000,1.3176
1565000,1.9000,1.3144
1565500,1.9000,1.3160
1566000,1.9000,1.3160
1566500,1.9000,1.3208
1567000,1.9000,1.3176
1567500,1.9000,1.3144
1568000,1.9000,1.3200
1568500,1.9000,1.3127
1569000,1.9000,1.3144
1569500,1.9000,1.3168
1570000,1.9000,1.3176
1570500,1.9000,1.3232
1571000,1.9000,1.3192
1571500,1.9000,1.3136
1572000,1.9000,1.3208
1572500,1.9000,1.3136
1573000,1.9000,1.3176
1573500,1.9000,1.3168
1574000,1.9000,1.3192
1574500,1.9000,1.3192
1575000,1.9000,1.3289
1575500,1.9000,1.3136
1576000,1.9000,1.2370
1576500,1.9000,1.3023
1577000,1.9000,1.3144
1577500,1.9000,1.3192
1578000,1.9000,1.3152
1578500,1.9000,1.3273
1579000,1.9000,1.3281
1579500,1.9000,1.3168
1580000,1.9000,1.3264
1580500,1.9000,1.3200
1581000,1.9000,1.3192
1581500,1.9000,1.3176
1582000,1.9000,1.2910
1582500,1.9000,1.3168
1583000,1.9000,1.3410
1583500,1.9000,1.3103
1584000,1.9000,1.3224
1584500,1.9000,1.3136
1585000,1.9000,1.3281
1585500,1.9000,1.3152
1586000,1.9000,1.3136
1586500,1.9000,1.3160
1587000,1.9000,1.3337
1587500,1.9000,1.3144
1588000,1.9000,1.3200
1588500,1.9000,1.3297
1589000,1.9000,1.3208
1589500,1.9000,1.3184
1590000,1.9000,1.3176
1590500,1.9000,1.3176
1591000,1.9000,1.3192
1591500,1.9000,1.3256
1592000,1.9000,1.3224
1592500,1.9000,1.3152
1593000,1.9000,1.3248
1593500,1.9000,1.3240
1594000,1.9000,1.3264
1594500,1.9000,1.3281
1595000,1.9000,1.3281
1595500,1.9000,1.3273
1596000,1.9000,1.3289
1596500,1.9000,1.3281
1597000,1.9000,1.3208
1597500,1.9000,1.3256
1598000,1.9000,1.3418
1598500,1.9000,1.3256
1599000,1.9000,1.3240
1599500,1.9000,1.3273
1600000,1.9000,1.3248
1600500,1.9000,1.3055
1601000,1.9000,1.3208
1601500,1.9000,1.3313
1602000,1.9000,1.3160
1602500,1.9000,1.3305
1603000,1.9000,1.3289
1603500,1.9000,1.3305
1604000,1.9000,1.3208
1604500,1.9000,1.3297
1605000,1.9000,1.3127
1605500,1.9000,1.3248
1606000,1.9000,1.3264
1606500,1.9000,1.3240
1607000,1.9000,1.3248
1607500,1.9000,1.3240
1608000,1.9000,1.3111
1608500,1.9000,1.3273
1609000,1.9000,1.3289
1609500,1.9000,1.3305
1610000,1.9000,1.3224
1610500,1.9000,1.3273
1611000,1.9000,1.3281
1611500,1.9000,1.3264
1612000,1.9000,1.3281
1612500,1.9000,1.3224
1613000,1.9000,1.3240
1613500,1.9000,1.3224
1614000,1.9000,1.3281
1614500,1.9000,1.3297
1615000,1.9000,1.3273
1615500,1.9000,1.3281
1616000,1.9000,1.3240
1616500,1.9000,1.3264
1617000,1.9000,1.3281
1617500,1.9000,1.3224
1618000,1.9000,1.3273
1618500,1.9000,1.3240
1619000,1.9000,1.3273
1619500,1.9000,1.3281
1620000,1.9000,1.3232
1620500,1.9000,1.3329
1621000,1.9000,1.3361
1621500,1.9000,1.3273
1622000,1.9000,1.3289
1622500,1.9000,1.3200
1623000,1.9000,1.3264
1623500,1.9000,1.3281
1624000,1.9000,1.3240
1624500,1.9000,1.3248
1625000,1.9000,1.3264
1625500,1.9000,1.3281
1626000,1.9000,1.3337
1626500,1.9000,1.3281
1627000,1.9000,1.3289
1627500,1.9000,1.3297
1628000,1.9000,1.3321
1628500,1.9000,1.3240
1629000,1.9000,1.3337
1629500,1.9000,1.3264
1630000,1.9000,1.3337
1630500,1.9000,1.3281
1631000,1.9000,1.3256
1631500,1.9000,1.3281
1632000,1.9000,1.3410
1632500,1.9000,1.3273
1633000,1.9000,1.3329
1633500,1.9000,1.3273
1634000,1.9000,1.3232
1634500,1.9000,1.3369
1635000,1.9000,1.3281
1635500,1.9000,1.3369
1636000,1.9000,1.3329
1636500,1.9000,1.3256
1637000,1.9000,1.3281
1637500,1.9000,1.3281
1638000,1.9000,1.3297
1638500,1.9000,1.3297
1639000,1.9000,1.3281
1639500,1.9000,1.3192
1640000,1.9000,1.3160
1640500,1.9000,1.3273
1641000,1.9000,1.3289
1641500,1.9000,1.3289
1642000,1.9000,1.3273
1642500,1.9000,1.3281
1643000,1.9000,1.3369
1643500,1.9000,1.3297
1644000,1.9000,1.3289
1644500,1.9000,1.3401
1645000,1.9000,1.3345
1645500,1.9000,1.3289
1646000,1.9000,1.3305
1646500,1.9000,1.3273
1647000,1.9000,1.3281
1647500,1.9000,1.3273
1648000,1.9000,1.3329
1648500,1.9000,1.3289
1649000,1.9000,1.3289
1649500,1.9000,1.3313
1650000,1.9000,1.3297
1650500,1.9000,1.3281
1651000,1.9000,1.3522
1651500,1.9000,1.3297
1652000,1.9000,1.3361
1652500,1.9000,1.3385
1653000,1.9000,1.3305
1653500,1.9000,1.3313
1654000,1.9000,1.3305
1654500,1.9000,1.3256
1655000,1.9000,1.3305
1655500,1.9000,1.3313
1656000,1.9000,1.3353
1656500,1.9000,1.3281
1657000,1.9000,1.3385
1657500,1.9000,1.3393
1658000,1.9000,1.3401
1658500,1.9000,1.3232
1659000,1.9000,1.3273
1659500,1.9000,1.3281
1660000,1.9000,1.3256
1660500,1.9000,1.3337
1661000,1.9000,1.3442
1661500,1.9000,1.3337
1662000,1.9000,1.3297
1662500,1.9000,1.3393
1663000,1.9000,1.3305
1663500,1.9000,1.3385
1664000,1.9000,1.3418
1664500,1.9000,1.3401
1665000,1.9000,1.3353
1665500,1.9000,1.3256
1666000,1.9000,1.3418
1666500,1.9000,1.3337
1667000,1.9000,1.3385
1667500,1.9000,1.3289
1668000,1.9000,1.3281
1668500,1.9000,1.3281
1669000,1.9000,1.3256
1669500,1.9000,1.3385
1670000,1.9000,1.3329
1670500,1.9000,1.3393
1671000,1.9000,1.3321
1671500,1.9000,1.3329
1672000,1.9000,1.3256
1672500,1.9000,1.3401
1673000,1.9000,1.3369
1673500,1.9000,1.3337
1674000,1.9000,1.3297
1674500,1.9000,1.3337
1675000,1.9000,1.3418
1675500,1.9000,1.3329
1676000,1.9000,1.3144
1676500,1.9000,1.3361
1677000,1.9000,1.3385
1677500,1.9000,1.3393
1678000,1.9000,1.3466
1678500,1.9000,1.3377
1679000,1.9000,1.3361
1679500,1.9000,1.3393
1680000,1.9000,1.3297
1680500,1.9000,1.3393
1681000,1.9000,1.3490
1681500,1.9000,1.3401
1682000,1.9000,1.3337
1682500,1.9000,1.3281
1683000,1.9000,1.3385
1683500,1.9000,1.3377
1684000,1.9000,1.3369
1684500,1.9000,1.3482
1685000,1.9000,1.3426
1685500,1.9000,1.3297
1686000,1.9000,1.3377
1686500,1.9000,1.3410
1687000,1.9000,1.3369
1687500,1.9000,1.3289
1688000,1.9000,1.3393
1688500,1.9000,1.3393
1689000,1.9000,1.3337
1689500,1.9000,1.3232
1690000,1.9000,1.3369
1690500,1.9000,1.3329
1691000,1.9000,1.3418
1691500,1.9000,1.3297
1692000,1.9000,1.3329
1692500,1.9000,1.3369
1693000,1.9000,1.3385
1693500,1.9000,1.3442
1694000,1.9000,1.3305
1694500,1.9000,1.3385
1695000,1.9000,1.3353
1695500,1.9000,1.3393
1696000,1.9000,1.3281
1696500,1.9000,1.3353
1697000,1.9000,1.3442
1697500,1.9000,1.3393
1698000,1.9000,1.3450
1698500,1.9000,1.3434
1699000,1.9000,1.3111
1699500,1.9000,1.3410
1700000,1.9000,1.3361
1700500,1.9000,1.3337
1701000,1.9000,1.3474
1701500,1.9000,1.3289
1702000,1.9000,1.3418
1702500,1.9000,1.3458
1703000,1.9000,1.3458
1703500,1.9000,1.3410
1704000,1.9000,1.3426
1704500,1.9000,1.3450
1705000,1.9000,1.3442
1705500,1.9000,1.3442
1706000,1.9000,1.3385
1706500,1.9000,1.3538
1707000,1.9000,1.3289
1707500,1.9000,1.3490
1708000,1.9000,1.3426
1708500,1.9000,1.3426
1709000,1.9000,1.3627
1709500,1.9000,1.3410
1710000,1.9000,1.3393
1710500,1.9000,1.3579
1711000,1.9000,1.3466
1711500,1.9000,1.3410
1712000,1.9000,1.3458
1712500,1.9000,1.3450
1713000,1.9000,1.3538
1713500,1.9000,1.3466
1714000,1.9000,1.3410
1714500,1.9000,1.3530
1715000,1.9000,1.3434
1715500,1.9000,1.3458
1716000,1.9000,1.3426
1716500,1.9000,1.3450
1717000,1.9000,1.3393
1717500,1.9000,1.3458
1718000,1.9000,1.3555
1718500,1.9000,1.3482
1719000,1.9000,1.3377
1719500,1.9000,1.3490
1720000,1.9000,1.3385
1720500,1.9000,1.3587
1721000,1.9000,1.3434
1721500,1.9000,1.3724
1722000,1.9000,1.3466
1722500,1.9000,1.3377
1723000,1.9000,1.3369
1723500,1.9000,1.3273
1724000,1.9000,1.3482
1724500,1.9000,1.3426
1725000,1.9000,1.3538
1725500,1.9000,1.3418
1726000,1.9000,1.3530
1726500,1.9000,1.3466
1727000,1.9000,1.3466
1727500,1.9000,1.3482
1728000,1.9000,1.3547
1728500,1.9000,1.3611
1729000,1.9000,1.3466
1729500,1.9000,1.3514
1730000,1.9000,1.3506
1730500,1.9000,1.3474
1731000,1.9000,1.3538
1731500,1.9000,1.3538
1732000,1.9000,1.3563
1732500,1.9000,1.3466
1733000,1.9000,1.3466
1733500,1.9000,1.3482
1734000,1.9000,1.3506
1734500,1.9000,1.3450
1735000,1.9000,1.3514
1735500,1.9000,1.3555
1736000,1.9000,1.3466
1736500,1.9000,1.3498
1737000,1.9000,1.3579
1737500,1.9000,1.3587
1738000,1.9000,1.3450
1738500,1.9000,1.3563
1739000,1.9000,1.3466
1739500,1.9000,1.3184
1740000,1.9000,1.3426
1740500,1.9000,1.3393
1741000,1.9000,1.3434
1741500,1.9000,1.3434
1742000,1.9000,1.3490
1742500,1.9000,1.3538
1743000,1.9000,1.3385
1743500,1.9000,1.3530
1744000,1.9000,1.3240
1744500,1.9000,1.3482
1745000,1.9000,1.3450
1745500,1.9000,1.3498
1746000,1.9000,1.4070
1746500,1.9000,1.4095
1747000,1.9000,1.3442
1747500,1.9000,1.3756
1748000,1.9000,1.4312
1748500,1.9000,1.3571
1749000,1.9000,1.3692
1749500,1.9000,1.3563
1750000,1.9000,1.3538
1750500,1.9000,1.3651
1751000,1.9000,1.3538
1751500,1.9000,1.3675
1752000,1.9000,1.3643
1752500,1.9000,1.3579
1753000,1.9000,1.3587
1753500,1.9000,1.3547
1754000,1.9000,1.3982
1754500,1.9000,1.3740
1755000,1.9000,1.3837
1755500,1.9000,1.3829
1756000,1.9000,1.3821
1756500,1.9000,1.3845
1757000,1.9000,1.3788
1757500,1.9000,1.3845
1758000,1.9000,1.3772
1758500,1.9000,1.3780
1759000,1.9000,1.3812
1759500,1.9000,1.3796
1760000,1.9000,1.3684
1760500,1.9000,1.3812
1761000,1.9000,1.3796
1761500,1.9000,1.3780
1762000,1.9000,1.3772
1762500,1.9000,1.3885
1763000,1.9000,1.3756
1763500,1.9000,1.3716
1764000,1.9000,1.3837
1764500,1.9000,1.3796
1765000,1.9000,1.3925
1765500,1.9000,1.3692
1766000,1.9000,1.3812
1766500,1.9000,1.3780
1767000,1.9000,1.3788
1767500,1.9000,1.3877
1768000,1.9000,1.3748
1768500,1.9000,1.3796
1769000,1.9000,1.3804
1769500,1.9000,1.3804
1770000,1.9000,1.3796
1770500,1.9000,1.3837
1771000,1.9000,1.3796
1771500,1.9000,1.3724
1772000,1.9000,1.3877
1772500,1.9000,1.3796
1773000,1.9000,1.3796
1773500,1.9000,1.3812
1774000,1.9000,1.3812
1774500,1.9000,1.3869
1775000,1.9000,1.3692
1775500,1.9000,1.3796
1776000,1.9000,1.3748
1776500,1.9000,1.3885
1777000,1.9000,1.3804
1777500,1.9000,1.3796
1778000,1.9000,1.3796
1778500,1.9000,1.3796
1779000,1.9000,1.3756
1779500,1.9000,1.3667
1780000,1.9000,1.3837
1780500,1.9000,1.3804
1781000,1.9000,1.3796
1781500,1.9000,1.3804
1782000,1.9000,1.3812
1782500,1.9000,1.3796
1783000,1.9000,1.3812
1783500,1.9000,1.3796
1784000,1.9000,1.3780
1784500,1.9000,1.3667
1785000,1.9000,1.3627
1785500,1.9000,1.3708
1786000,1.9000,1.3812
1786500,1.9000,1.3780
1787000,1.9000,1.3796
1787500,1.9000,1.3780
1788000,1.9000,1.3772
1788500,1.9000,1.3788
1789000,1.9000,1.3788
1789500,1.9000,1.3853
1790000,1.9000,1.3756
1790500,1.9000,1.3796
1791000,1.9000,1.3796
1791500,1.9000,1.3796
1792000,1.9000,1.3804
1792500,1.9000,1.3837
1793000,1.9000,1.3796
1793500,1.9000,1.3796
1794000,1.9000,1.3772
1794500,1.9000,1.3796
1795000,1.9000,1.3788
1795500,1.9000,1.3732
1796000,1.9000,1.3829
1796500,1.9000,1.3796
1797000,1.9000,1.3804
1797500,1.9000,1.3845
1798000,1.9000,1.3909
1798500,1.9000,1.3829
1799000,1.9000,1.3788
1799500,1.9000,1.3821
1800000,1.9000,1.3756
1800500,1.9000,1.3845
1801000,1.9000,1.3796
1801500,1.9000,1.3796
1802000,1.9000,1.3829
1802500,1.9000,1.3885
1803000,1.9000,1.3812
1803500,1.9000,1.3659
1804000,1.9000,1.3796
1804500,1.9000,1.3837
1805000,1.9000,1.4054
1805500,1.9000,1.3877
1806000,1.9000,1.3821
1806500,1.9000,1.3829
1807000,1.9000,1.3780
1807500,1.9000,1.3764
1808000,1.9000,1.3780
1808500,1.9000,1.3821
1809000,1.9000,1.3901
1809500,1.9000,1.3812
1810000,1.9000,1.3748
1810500,1.9000,1.3829
1811000,1.9000,1.3853
1811500,1.9000,1.3804
1812000,1.9000,1.3829
1812500,1.9000,1.3772
1813000,1.9000,1.3837
1813500,1.9000,1.4288
1814000,1.9000,1.3788
1814500,1.9000,1.3845
1815000,1.9000,1.3821
1815500,1.9000,1.3700
1816000,1.9000,1.3853
1816500,1.9000,1.3821
1817000,1.9000,1.3821
1817500,1.9000,1.3845
1818000,1.9000,1.3788
1818500,1.9000,1.3837
1819000,1.9000,1.3796
1819500,1.9000,1.3837
1820000,1.9000,1.3788
1820500,1.9000,1.3877
1821000,1.9000,1.3804
1821500,1.9000,1.3796
1822000,1.9000,1.4151
1822500,1.9000,1.3821
1823000,1.9000,1.3949
1823500,1.9000,1.3853
1824000,1.9000,1.3933
1824500,1.9000,1.3845
1825000,1.9000,1.3845
1825500,1.9000,1.3901
1826000,1.9000,1.3796
1826500,1.9000,1.3845
1827000,1.9000,1.3788
1827500,1.9000,1.3853
1828000,1.9000,1.3877
1828500,1.9000,1.3812
1829000,1.9000,1.3804
1829500,1.9000,1.3748
1830000,1.9000,1.3796
1830500,1.9000,1.3812
1831000,1.9000,1.3796
1831500,1.9000,1.3933
1832000,1.9000,1.3804
1832500,1.9000,1.4046
1833000,1.9000,1.3821
1833500,1.9000,1.3853
1834000,1.9000,1.3821
1834500,1.9000,1.3925
1835000,1.9000,1.3877
1835500,1.9000,1.3821
1836000,1.9000,1.3885
1836500,1.9000,1.3829
1837000,1.9000,1.3796
1837500,1.9000,1.3821
1838000,1.9000,1.3853
1838500,1.9000,1.3853
1839000,1.9000,1.3893
1839500,1.9000,1.4046
1840000,1.9000,1.3853
1840500,1.9000,1.3853
1841000,1.9000,1.3821
1841500,1.9000,1.3853
1842000,1.9000,1.3885
1842500,1.9000,1.3974
1843000,1.9000,1.3877
1843500,1.9000,1.3812
1844000,1.9000,1.3869
1844500,1.9000,1.3829
1845000,1.9000,1.3821
1845500,1.9000,1.3909
1846000,1.9000,1.3829
1846500,1.9000,1.3780
1847000,1.9000,1.3853
1847500,1.9000,1.3925
1848000,1.9000,1.3901
1848500,1.9000,1.3853
1849000,1.9000,1.3925
1849500,1.9000,1.3893
1850000,1.9000,1.3941
1850500,1.9000,1.3853
1851000,1.9000,1.3941
1851500,1.9000,1.3925
1852000,1.9000,1.3796
1852500,1.9000,1.3853
1853000,1.9000,1.3958
1853500,1.9000,1.3917
1854000,1.9000,1.3885
1854500,1.9000,1.3941
1855000,1.9000,1.3885
1855500,1.9000,1.3949
1856000,1.9000,1.3885
1856500,1.9000,1.3974
1857000,1.9000,1.3925
1857500,1.9000,1.3925
1858000,1.9000,1.4038
1858500,1.9000,1.3941
1859000,1.9000,1.4070
1859500,1.9000,1.3909
1860000,1.9000,1.3788
1860500,1.9000,1.3982
1861000,1.9000,1.3949
1861500,1.9000,1.4014
1862000,1.9000,1.4070
1862500,1.9000,1.4062
1863000,1.9000,1.4030
1863500,1.9000,1.4014
1864000,1.9000,1.4046
1864500,1.9000,1.3982
1865000,1.9000,1.4038
1865500,1.9000,1.4457
1866000,1.9000,1.3982
1866500,1.9000,1.4038
1867000,1.9000,1.4054
1867500,1.9000,1.3982
1868000,1.9000,1.4006
1868500,1.9000,1.3974
1869000,1.9000,1.3958
1869500,1.9000,1.4175
1870000,1.9000,1.4006
1870500,1.9000,1.4006
1871000,1.9000,1.4030
1871500,1.9000,1.4014
1872000,1.9000,1.3901
1872500,1.9000,1.4135
1873000,1.9000,1.3974
1873500,1.9000,1.3982
1874000,1.9000,1.3925
1874500,1.9000,1.3974
1875000,1.9000,1.4038
1875500,1.9000,1.3869
1876000,1.9000,1.3982
1876500,1.9000,1.3982
1877000,1.9000,1.4038
1877500,1.9000,1.4006
1878000,1.9000,1.3772
1878500,1.9000,1.4014
1879000,1.9000,1.4038
1879500,1.9000,1.4103
1880000,1.9000,1.4022
1880500,1.9000,1.4014
1881000,1.9000,1.4014
1881500,1.9000,1.4014
1882000,1.9000,1.4054
1882500,1.9000,1.4030
1883000,1.9000,1.4022
1883500,1.9000,1.3998
1884000,1.9000,1.3982
1884500,1.9000,1.4022
1885000,1.9000,1.4070
1885500,1.9000,1.4014
1886000,1.9000,1.4054
1886500,1.9000,1.3982
1887000,1.9000,1.3974
1887500,1.9000,1.3877
1888000,1.9000,1.3990
1888500,1.9000,1.4046
1889000,1.9000,1.4054
1889500,1.9000,1.3917
1890000,1.9000,1.3949
1890500,1.9000,1.4006
1891000,1.9000,1.4046
1891500,1.9000,1.4054
1892000,1.9000,1.3917
1892500,1.9000,1.4054
1893000,1.9000,1.4054
1893500,1.9000,1.4030
1894000,1.9000,1.3853
1894500,1.9000,1.4054
1895000,1.9000,1.4054
1895500,1.9000,1.3974
1896000,1.9000,1.4030
1896500,1.9000,1.3893
1897000,1.9000,1.4054
1897500,1.9000,1.4054
1898000,1.9000,1.4054
1898500,1.9000,1.4054
1899000,1.9000,1.4240
1899500,1.9000,1.4038
1900000,1.9000,1.3982
1900500,1.9000,1.4054
1901000,1.9000,1.4046
1901500,1.9000,1.4022
1902000,1.9000,1.4078
1902500,1.9000,1.4095
1903000,1.9000,1.3966
1903500,1.9000,1.4030
1904000,1.9000,1.4046
1904500,1.9000,1.4046
1905000,1.9000,1.4046
1905500,1.9000,1.4167
1906000,1.9000,1.3949
1906500,1.9000,1.4135
1907000,1.9000,1.4054
1907500,1.9000,1.4054
1908000,1.9000,1.4062
1908500,1.9000,1.4054
1909000,1.9000,1.4054
1909500,1.9000,1.4046
1910000,1.9000,1.4046
1910500,1.9000,1.4054
1911000,1.9000,1.4062
1911500,1.9000,1.4054
1912000,1.9000,1.4006
1912500,1.9000,1.4111
1913000,1.9000,1.4103
1913500,1.9000,1.4038
1914000,1.9000,1.4111
1914500,1.9000,1.4143
1915000,1.9000,1.3748
1915500,1.9000,1.4070
1916000,1.9000,1.4062
1916500,1.9000,1.4054
1917000,1.9000,1.4038
1917500,1.9000,1.4054
1918000,1.9000,1.4046
1918500,1.9000,1.3982
1919000,1.9000,1.4078
1919500,1.9000,1.4127
1920000,1.9000,1.4070
1920500,1.9000,1.4022
1921000,1.9000,1.4054
1921500,1.9000,1.4022
1922000,1.9000,1.4095
1922500,1.9000,1.4062
1923000,1.9000,1.4062
1923500,1.9000,1.4078
1924000,1.9000,1.4070
1924500,1.9000,1.4086
1925000,1.9000,1.4103
1925500,1.9000,1.4078
1926000,1.9000,1.4070
1926500,1.9000,1.4062
1927000,1.9000,1.4103
1927500,1.9000,1.4054
1928000,1.9000,1.3941
1928500,1.9000,1.4232
1929000,1.9000,1.4095
1929500,1.9000,1.4054
1930000,1.9000,1.4054
1930500,1.9000,1.4095
1931000,1.9000,1.4054
1931500,1.9000,1.3998
1932000,1.9000,1.4062
1932500,1.9000,1.4014
1933000,1.9000,1.4046
1933500,1.9000,1.4103
1934000,1.9000,1.4127
1934500,1.9000,1.4078
1935000,1.9000,1.4135
1935500,1.9000,1.4054
1936000,1.9000,1.4095
1936500,1.9000,1.4078
1937000,1.9000,1.4175
1937500,1.9000,1.4054
1938000,1.9000,1.4038
1938500,1.9000,1.4143
1939000,1.9000,1.4054
1939500,1.9000,1.4191
1940000,1.9000,1.4159
1940500,1.9000,1.4111
1941000,1.9000,1.4086
1941500,1.9000,1.4159
1942000,1.9000,1.4054
1942500,1.9000,1.4127
1943000,1.9000,1.4159
1943500,1.9000,1.4175
1944000,1.9000,1.4095
1944500,1.9000,1.4135
1945000,1.9000,1.4159
1945500,1.9000,1.4070
1946000,1.9000,1.4167
1946500,1.9000,1.4135
1947000,1.9000,1.4095
1947500,1.9000,1.4143
1948000,1.9000,1.3829
1948500,1.9000,1.4086
1949000,1.9000,1.4062
1949500,1.9000,1.4111
1950000,1.9000,1.4143
1950500,1.9000,1.4078
1951000,1.9000,1.4143
1951500,1.9000,1.4070
1952000,1.9000,1.4175
1952500,1.9000,1.4078
1953000,1.9000,1.4183
1953500,1.9000,1.4465
1954000,1.9000,1.4264
1954500,1.9000,1.4062
1955000,1.9000,1.4054
1955500,1.9000,1.4078
1956000,1.9000,1.4062
1956500,1.9000,1.4078
1957000,1.9000,1.4030
1957500,1.9000,1.4207
1958000,1.9000,1.4256
1958500,1.9000,1.4183
1959000,1.9000,1.4062
1959500,1.9000,1.4175
1960000,1.9000,1.4111
1960500,1.9000,1.4183
1961000,1.9000,1.4320
1961500,1.9000,1.4441
1962000,1.9000,1.4111
1962500,1.9000,1.4167
1963000,1.9000,1.4135
1963500,1.9000,1.4151
1964000,1.9000,1.4159
1964500,1.9000,1.4183
1965000,1.9000,1.4127
1965500,1.9000,1.4159
1966000,1.9000,1.4175
1966500,1.9000,1.4232
1967000,1.9000,1.4312
1967500,1.9000,1.4095
1968000,1.9000,1.4191
1968500,1.9000,1.4167
1969000,1.9000,1.4143
1969500,1.9000,1.4135
1970000,1.9000,1.4159
1970500,1.9000,1.4199
1971000,1.9000,1.4175
1971500,1.9000,1.4199
1972000,1.9000,1.4111
1972500,1.9000,1.4191
1973000,1.9000,1.4151
1973500,1.9000,1.4175
1974000,1.9000,1.4078
1974500,1.9000,1.4127
1975000,1.9000,1.4054
1975500,1.9000,1.4143
1976000,1.9000,1.4143
1976500,1.9000,1.4199
1977000,1.9000,1.4103
1977500,1.9000,1.4103
1978000,1.9000,1.4111
1978500,1.9000,1.4223
1979000,1.9000,1.4135
1979500,1.9000,1.4135
1980000,1.9000,1.4103
1980500,1.9000,1.4159
1981000,1.9000,1.4143
1981500,1.9000,1.4151
1982000,1.9000,1.4175
1982500,1.9000,1.4199
1983000,1.9000,1.4135
1983500,1.9000,1.4070
1984000,1.9000,1.4167
1984500,1.9000,1.4183
1985000,1.9000,1.4183
1985500,1.9000,1.4240
1986000,1.9000,1.4215
1986500,1.9000,1.4183
1987000,1.9000,1.4223
1987500,1.9000,1.4175
1988000,1.9000,1.4095
1988500,1.9000,1.4183
1989000,1.9000,1.4264
1989500,1.9000,1.4095
1990000,1.9000,1.4167
1990500,1.9000,1.4280
1991000,1.9000,1.4223
1991500,1.9000,1.4215
1992000,1.9000,1.4191
1992500,1.9000,1.4183
1993000,1.9000,1.4215
1993500,1.9000,1.4191
1994000,1.9000,1.4183
1994500,1.9000,1.4191
1995000,1.9000,1.4159
1995500,1.9000,1.4175
1996000,1.9000,1.4288
1996500,1.9000,1.4264
1997000,1.9000,1.4199
1997500,1.9000,1.4143
1998000,1.9000,1.4280
1998500,1.9000,1.4207
1999000,1.9000,1.4240
1999500,1.9000,1.4207
2000000,1.9000,1.4215
2000500,1.9000,1.4256
2001000,1.9000,1.4127
2001500,1.9000,1.4223
2002000,1.9000,1.4191
2002500,1.9000,1.4312
2003000,1.9000,1.4199
2003500,1.9000,1.4062
2004000,1.9000,1.4191
2004500,1.9000,1.4175
2005000,1.9000,1.4175
2005500,1.9000,1.4223
2006000,1.9000,1.4215
2006500,1.9000,1.4151
2007000,1.9000,1.4167
2007500,1.9000,1.4199
2008000,1.9000,1.4199
2008500,1.9000,1.4272
2009000,1.9000,1.4191
2009500,1.9000,1.4264
2010000,1.9000,1.4288
2010500,1.9000,1.4312
2011000,1.9000,1.4248
2011500,1.9000,1.4312
2012000,1.9000,1.4167
2012500,1.9000,1.4296
2013000,1.9000,1.4256
2013500,1.9000,1.4232
2014000,1.9000,1.4078
2014500,1.9000,1.4320
2015000,1.9000,1.4143
2015500,1.9000,1.4207
2016000,1.9000,1.4167
2016500,1.9000,1.4191
2017000,1.9000,1.4240
2017500,1.9000,1.4256
2018000,1.9000,1.4312
2018500,1.9000,1.4095
2019000,1.9000,1.4232
2019500,1.9000,1.4232
2020000,1.9000,1.4344
2020500,1.9000,1.4248
2021000,1.9000,1.4288
2021500,1.9000,1.4272
2022000,1.9000,1.4223
2022500,1.9000,1.4159
2023000,1.9000,1.4095
2023500,1.9000,1.4272
2024000,1.9000,1.3966
2024500,1.9000,1.4159
2025000,1.9000,1.4240
2025500,1.9000,1.4159
2026000,1.9000,1.4256
2026500,1.9000,1.4481
2027000,1.9000,1.4159
2027500,1.9000,1.4288
2028000,1.9000,1.4320
2028500,1.9000,1.4223
2029000,1.9000,1.4304
2029500,1.9000,1.4272
2030000,1.9000,1.4207
2030500,1.9000,1.4191
2031000,1.9000,1.4320
2031500,1.9000,1.4175
2032000,1.9000,1.4223
2032500,1.9000,1.4191
2033000,1.9000,1.4199
2033500,1.9000,1.4207
2034000,1.9000,1.4191
2034500,1.9000,1.4256
2035000,1.9000,1.4264
2035500,1.9000,1.4272
2036000,1.9000,1.4143
2036500,1.9000,1.4368
2037000,1.9000,1.4240
2037500,1.9000,1.4368
2038000,1.9000,1.4223
2038500,1.9000,1.4232
2039000,1.9000,1.4143
2039500,1.9000,1.4272
2040000,1.9000,1.4304
2040500,1.9000,1.4264
2041000,1.9000,1.4280
2041500,1.9000,1.4207
2042000,1.9000,1.4127
2042500,1.9000,1.4143
2043000,1.9000,1.4288
2043500,1.9000,1.4199
2044000,1.9000,1.4191
2044500,1.9000,1.4240
2045000,1.9000,1.4159
2045500,1.9000,1.4199
2046000,1.9000,1.4207
2046500,1.9000,1.4312
2047000,1.9000,1.4264
2047500,1.9000,1.4175
2048000,1.9000,1.4199
2048500,1.9000,1.4272
2049000,1.9000,1.4151
2049500,1.9000,1.4223
2050000,1.9000,1.4240
2050500,1.9000,1.4223
2051000,1.9000,1.4240
2051500,1.9000,1.4223
2052000,1.9000,1.4288
2052500,1.9000,1.4240
2053000,1.9000,1.4240
2053500,1.9000,1.4312
2054000,1.9000,1.4264
2054500,1.9000,1.4296
2055000,1.9000,1.4232
2055500,1.9000,1.4232
2056000,1.9000,1.4240
2056500,1.9000,1.4223
2057000,1.9000,1.4296
2057500,1.9000,1.4175
2058000,1.9000,1.4167
2058500,1.9000,1.3909
2059000,1.9000,1.4223
2059500,1.9000,1.4232
2060000,1.9000,1.4175
2060500,1.9000,1.4240
2061000,1.9000,1.4207
2061500,1.9000,1.4256
2062000,1.9000,1.4232
2062500,1.9000,1.4240
2063000,1.9000,1.4264
2063500,1.9000,1.4288
2064000,1.9000,1.4304
2064500,1.9000,1.4360
2065000,1.9000,1.4296
2065500,1.9000,1.4111
2066000,1.9000,1.4223
2066500,1.9000,1.4256
2067000,1.9000,1.4393
2067500,1.9000,1.4368
2068000,1.9000,1.4232
2068500,1.9000,1.4191
2069000,1.9000,1.4232
2069500,1.9000,1.4240
2070000,1.9000,1.4256
2070500,1.9000,1.4167
2071000,1.9000,1.4183
2071500,1.9000,1.4207
2072000,1.9000,1.4296
2072500,1.9000,1.3635
2073000,1.9000,1.4312
2073500,1.9000,1.4288
2074000,1.9000,1.4312
2074500,1.9000,1.4312
2075000,1.9000,1.4175
2075500,1.9000,1.4240
2076000,1.9000,1.4272
2076500,1.9000,1.4328
2077000,1.9000,1.4264
2077500,1.9000,1.4288
2078000,1.9000,1.4296
2078500,1.9000,1.4240
2079000,1.9000,1.4175
2079500,1.9000,1.4288
2080000,1.9000,1.4175
2080500,1.9000,1.4199
2081000,1.9000,1.4272
2081500,1.9000,1.4288
2082000,1.9000,1.4296
2082500,1.9000,1.4183
2083000,1.9000,1.4223
2083500,1.9000,1.4368
2084000,1.9000,1.4288
2084500,1.9000,1.4304
2085000,1.9000,1.4304
2085500,1.9000,1.4232
2086000,1.9000,1.4312
2086500,1.9000,1.4296
2087000,1.9000,1.4312
2087500,1.9000,1.4312
2088000,1.9000,1.4240
2088500,1.9000,1.4312
2089000,1.9000,1.4256
2089500,1.9000,1.4256
2090000,1.9000,1.4191
2090500,1.9000,1.4264
2091000,1.9000,1.4344
2091500,1.9000,1.4312
2092000,1.9000,1.4199
2092500,1.9000,1.4191
2093000,1.9000,1.4256
2093500,1.9000,1.4312
2094000,1.9000,1.4167
2094500,1.9000,1.4111
2095000,1.9000,1.4175
2095500,1.9000,1.4312
2096000,1.9000,1.4207
2096500,1.9000,1.4328
2097000,1.9000,1.4191
2097500,1.9000,1.4264
2098000,1.9000,1.4232
2098500,1.9000,1.4256
2099000,1.9000,1.4191
2099500,1.9000,1.4207
2100000,1.9000,1.4320
2100500,1.9000,1.4264
2101000,1.9000,1.4288
2101500,1.9000,1.4240
2102000,1.9000,1.4167
2102500,1.9000,1.4167
2103000,1.9000,1.4352
2103500,1.9000,1.4264
2104000,1.9000,1.4232
2104500,1.9000,1.4223
2105000,1.9000,1.4256
2105500,1.9000,1.4143
2106000,1.9000,1.4223
2106500,1.9000,1.4312
2107000,1.9000,1.4256
2107500,1.9000,1.4272
2108000,1.9000,1.4256
2108500,1.9000,1.4256
2109000,1.9000,1.4183
2109500,1.9000,1.4417
2110000,1.9000,1.4272
2110500,1.9000,1.4223
2111000,1.9000,1.4232
2111500,1.9000,1.4312
2112000,1.9000,1.4232
2112500,1.9000,1.4296
2113000,1.9000,1.4264
2113500,1.9000,1.4232
2114000,1.9000,1.4312
2114500,1.9000,1.4240
2115000,1.9000,1.4296
2115500,1.9000,1.4232
2116000,1.9000,1.4215
2116500,1.9000,1.4175
2117000,1.9000,1.4312
2117500,1.9000,1.4159
2118000,1.9000,1.4288
2118500,1.9000,1.4167
2119000,1.9000,1.4232
2119500,1.9000,1.4312
2120000,1.9000,1.4312
2120500,1.9000,1.4240
2121000,1.9000,1.4232
2121500,1.9000,1.4352
2122000,1.9000,1.4240
2122500,1.9000,1.4312
2123000,1.9000,1.4304
2123500,1.9000,1.4304
2124000,1.9000,1.4304
2124500,1.9000,1.4272
2125000,1.9000,1.4288
2125500,1.9000,1.4167
2126000,1.9000,1.4240
2126500,1.9000,1.4183
2127000,1.9000,1.4304
2127500,1.9000,1.4304
2128000,1.9000,1.4312
2128500,1.9000,1.4360
2129000,1.9000,1.4288
2129500,1.9000,1.4457
2130000,1.9000,1.4312
2130500,1.9000,1.4288
2131000,1.9000,1.4368
2131500,1.9000,1.4312
2132000,1.9000,1.4240
2132500,1.9000,1.4312
2133000,1.9000,1.4232
2133500,1.9000,1.4312
2134000,1.9000,1.4296
2134500,1.9000,1.4312
2135000,1.9000,1.4264
2135500,1.9000,1.4232
2136000,1.9000,1.4223
2136500,1.9000,1.4312
2137000,1.9000,1.4417
2137500,1.9000,1.4223
2138000,1.9000,1.4433
2138500,1.9000,1.4304
2139000,1.9000,1.4312
2139500,1.9000,1.4264
2140000,1.9000,1.4280
2140500,1.9000,1.4288
2141000,1.9000,1.4223
2141500,1.9000,1.4280
2142000,1.9000,1.4401
2142500,1.9000,1.4264
2143000,1.9000,1.4304
2143500,1.9000,1.4522
2144000,1.9000,1.4304
2144500,1.9000,1.4336
2145000,1.9000,1.4312
2145500,1.9000,1.4304
2146000,1.9000,1.4312
2146500,1.9000,1.4280
2147000,1.9000,1.4151
2147500,1.9000,1.4143
2148000,1.9000,1.4304
2148500,1.9000,1.4264
2149000,1.9000,1.4240
2149500,1.9000,1.4457
2150000,1.9000,1.4312
2150500,1.9000,1.4368
2151000,1.9000,1.4288
2151500,1.9000,1.4296
2152000,1.9000,1.4344
2152500,1.9000,1.4312
2153000,1.9000,1.4264
2153500,1.9000,1.4304
2154000,1.9000,1.4288
2154500,1.9000,1.4304
2155000,1.9000,1.4328
2155500,1.9000,1.4272
2156000,1.9000,1.4280
2156500,1.9000,1.4288
2157000,1.9000,1.4312
2157500,1.9000,1.4344
2158000,1.9000,1.4280
2158500,1.9000,1.4360
2159000,1.9000,1.4385
2159500,1.9000,1.4312
2160000,1.9000,1.4312
2160500,1.9000,1.4296
2161000,1.9000,1.4312
2161500,1.9000,1.4312
2162000,1.9000,1.4320
2162500,1.9000,1.4312
2163000,1.9000,1.4304
2163500,1.9000,1.4304
2164000,1.9000,1.4312
2164500,1.9000,1.4336
2165000,1.9000,1.4312
2165500,1.9000,1.4352
2166000,1.9000,1.4401
2166500,1.9000,1.4272
2167000,1.9000,1.4320
2167500,1.9000,1.4312
2168000,1.9000,1.4336
2168500,1.9000,1.4328
2169000,1.9000,1.4320
2169500,1.9000,1.4368
2170000,1.9000,1.4401
2170500,1.9000,1.4352
2171000,1.9000,1.4368
2171500,1.9000,1.4304
2172000,1.9000,1.4312
2172500,1.9000,1.4280
2173000,1.9000,1.4368
2173500,1.9000,1.4320
2174000,1.9000,1.4328
2174500,1.9000,1.4280
2175000,1.9000,1.4232
2175500,1.9000,1.4417
2176000,1.9000,1.4344
2176500,1.9000,1.4352
2177000,1.9000,1.4280
2177500,1.9000,1.4360
2178000,1.9000,1.4256
2178500,1.9000,1.4368
2179000,1.9000,1.4441
2179500,1.9000,1.4328
2180000,1.9000,1.4368
2180500,1.9000,1.4417
2181000,1.9000,1.4360
2181500,1.9000,1.4312
2182000,1.9000,1.4312
2182500,1.9000,1.4377
2183000,1.9000,1.4312
2183500,1.9000,1.4360
2184000,1.9000,1.4441
2184500,1.9000,1.4368
2185000,1.9000,1.4360
2185500,1.9000,1.4425
2186000,1.9000,1.4336
2186500,1.9000,1.4344
2187000,1.9000,1.4417
2187500,1.9000,1.4352
2188000,1.9000,1.4336
2188500,1.9000,1.4360
2189000,1.9000,1.4441
2189500,1.9000,1.4344
2190000,1.9000,1.4393
2190500,1.9000,1.4328
2191000,1.9000,1.4320
2191500,1.9000,1.4344
2192000,1.9000,1.4465
2192500,1.9000,1.4312
2193000,1.9000,1.4393
2193500,1.9000,1.4328
2194000,1.9000,1.4417
2194500,1.9000,1.4328
2195000,1.9000,1.4393
2195500,1.9000,1.4368
2196000,1.9000,1.4497
2196500,1.9000,1.4425
2197000,1.9000,1.4417
2197500,1.9000,1.4304
2198000,1.9000,1.4360
2198500,1.9000,1.4288
2199000,1.9000,1.4385
2199500,1.9000,1.4393
2200000,1.9000,1.4328
2200500,1.9000,1.4385
2201000,1.9000,1.4320
2201500,1.9000,1.4409
2202000,1.9000,1.4425
2202500,1.9000,1.4352
2203000,1.9000,1.4393
2203500,1.9000,1.4433
2204000,1.9000,1.4425
2204500,1.9000,1.4546
2205000,1.9000,1.4256
2205500,1.9000,1.4328
2206000,1.9000,1.4401
2206500,1.9000,1.4328
2207000,1.9000,1.4312
2207500,1.9000,1.4425
2208000,1.9000,1.4457
2208500,1.9000,1.4264
2209000,1.9000,1.4401
2209500,1.9000,1.4481
2210000,1.9000,1.4449
2210500,1.9000,1.4683
2211000,1.9000,1.4610
2211500,1.9000,1.4514
2212000,1.9000,1.4634
2212500,1.9000,1.4570
2213000,1.9000,1.4570
2213500,1.9000,1.4586
2214000,1.9000,1.4457
2214500,1.9000,1.4691
2215000,1.9000,1.4481
2215500,1.9000,1.4554
2216000,1.9000,1.4497
2216500,1.9000,1.4497
2217000,1.9000,1.4530
2217500,1.9000,1.4489
2218000,1.9000,1.4441
2218500,1.9000,1.4546
2219000,1.9000,1.4497
2219500,1.9000,1.4514
2220000,1.9000,1.4489
2220500,1.9000,1.4441
2221000,1.9000,1.4497
2221500,1.9000,1.4401
2222000,1.9000,1.4530
2222500,1.9000,1.4578
2223000,1.9000,1.4312
2223500,1.9000,1.4570
2224000,1.9000,1.4562
2224500,1.9000,1.4497
2225000,1.9000,1.4554
2225500,1.9000,1.4514
2226000,1.9000,1.4481
2226500,1.9000,1.4497
2227000,1.9000,1.4514
2227500,1.9000,1.4530
2228000,1.9000,1.4336
2228500,1.9000,1.4570
2229000,1.9000,1.4473
2229500,1.9000,1.4538
2230000,1.9000,1.4522
2230500,1.9000,1.4385
2231000,1.9000,1.4530
2231500,1.9000,1.4489
2232000,1.9000,1.4497
2232500,1.9000,1.4522
2233000,1.9000,1.4522
2233500,1.9000,1.4497
2234000,1.9000,1.4530
2234500,1.9000,1.4514
2235000,1.9000,1.4489
2235500,1.9000,1.4505
2236000,1.9000,1.4473
2236500,1.9000,1.4570
2237000,1.9000,1.4417
2237500,1.9000,1.4481
2238000,1.9000,1.4570
2238500,1.9000,1.4522
2239000,1.9000,1.4554
2239500,1.9000,1.4530
2240000,1.9000,1.4465
2240500,1.9000,1.4554
2241000,1.9000,1.4514
2241500,1.9000,1.4626
2242000,1.9000,1.4368
2242500,1.9000,1.4570
2243000,1.9000,1.4530
2243500,1.9000,1.4522
2244000,1.9000,1.4554
2244500,1.9000,1.4546
2245000,1.9000,1.4586
2245500,1.9000,1.4505
2246000,1.9000,1.4562
2246500,1.9000,1.4554
2247000,1.9000,1.4554
2247500,1.9000,1.4554
2248000,1.9000,1.4570
2248500,1.9000,1.4570
2249000,1.9000,1.4538
2249500,1.9000,1.4441
2250000,1.9000,1.4570
2250500,1.9000,1.4546
2251000,1.9000,1.4570
2251500,1.9000,1.4570
2252000,1.9000,1.4522
2252500,1.9000,1.4578
2253000,1.9000,1.4522
2253500,1.9000,1.4546
2254000,1.9000,1.4481
2254500,1.9000,1.4530
2255000,1.9000,1.4546
2255500,1.9000,1.4522
2256000,1.9000,1.4570
2256500,1.9000,1.4457
2257000,1.9000,1.4570
2257500,1.9000,1.4546
2258000,1.9000,1.4546
2258500,1.9000,1.4554
2259000,1.9000,1.4651
2259500,1.9000,1.4530
2260000,1.9000,1.4554
2260500,1.9000,1.4497
2261000,1.9000,1.4546
2261500,1.9000,1.4449
2262000,1.9000,1.4497
2262500,1.9000,1.4489
2263000,1.9000,1.4642
2263500,1.9000,1.4562
2264000,1.9000,1.4578
2264500,1.9000,1.4578
2265000,1.9000,1.4497
2265500,1.9000,1.4546
2266000,1.9000,1.4554
2266500,1.9000,1.4522
2267000,1.9000,1.4497
2267500,1.9000,1.4562
2268000,1.9000,1.4530
2268500,1.9000,1.4618
2269000,1.9000,1.4562
2269500,1.9000,1.4417
2270000,1.9000,1.4570
2270500,1.9000,1.4522
2271000,1.9000,1.4481
2271500,1.9000,1.4594
2272000,1.9000,1.4562
2272500,1.9000,1.4570
2273000,1.9000,1.4554
2273500,1.9000,1.4522
2274000,1.9000,1.4610
2274500,1.9000,1.4586
2275000,1.9000,1.4530
2275500,1.9000,1.4602
2276000,1.9000,1.4570
2276500,1.9000,1.4578
2277000,1.9000,1.4505
2277500,1.9000,1.4570
2278000,1.9000,1.4441
2278500,1.9000,1.4570
2279000,1.9000,1.4489
2279500,1.9000,1.4594
2280000,1.9000,1.4554
2280500,1.9000,1.4441
2281000,1.9000,1.4562
2281500,1.9000,1.4610
2282000,1.9000,1.4522
2282500,1.9000,1.4570
2283000,1.9000,1.4570
2283500,1.9000,1.4659
2284000,1.9000,1.4594
2284500,1.9000,1.4570
2285000,1.9000,1.4570
2285500,1.9000,1.4602
2286000,1.9000,1.4578
2286500,1.9000,1.4522
2287000,1.9000,1.4530
2287500,1.9000,1.4562
2288000,1.9000,1.4514
2288500,1.9000,1.4360
2289000,1.9000,1.4570
2289500,1.9000,1.4602
2290000,1.9000,1.4570
2290500,1.9000,1.4481
2291000,1.9000,1.4594
2291500,1.9000,1.4530
2292000,1.9000,1.4586
2292500,1.9000,1.4610
2293000,1.9000,1.4546
2293500,1.9000,1.4554
2294000,1.9000,1.4586
2294500,1.9000,1.4449
2295000,1.9000,1.4570
2295500,1.9000,1.4562
2296000,1.9000,1.4570
2296500,1.9000,1.4586
2297000,1.9000,1.4530
2297500,1.9000,1.4449
2298000,1.9000,1.4578
2298500,1.9000,1.4530
2299000,1.9000,1.4578
2299500,1.9000,1.4618
2300000,1.9000,1.4514
2300500,1.9000,1.4417
2301000,1.9000,1.4554
2301500,1.9000,1.4570
2302000,1.9000,1.4610
2302500,1.9000,1.4570
2303000,1.9000,1.4570
2303500,1.9000,1.4570
2309500,1.9000,1.4497
2310000,1.9000,1.4578
2316500,1.9000,1.4530
2317000,1.9000,1.4514
2317500,1.9000,1.4586
2318000,1.9000,1.4731
2318500,1.9000,1.4570
2322500,1.9000,1.4570
2323000,1.9000,1.4522
2323500,1.9000,1.4691
2324000,1.9000,1.4675
2324500,1.9000,1.4626
2325000,1.9000,1.4739
2325500,1.9000,1.4546
2326000,1.9000,1.4618
2326500,1.9000,1.4723
2327000,1.9000,1.4610
2327500,1.9000,1.4602
2328000,1.9000,1.4618
2328500,1.9000,1.4642
2329000,1.9000,1.4626
2329500,1.9000,1.4691
2330000,1.9000,1.4594
2330500,1.9000,1.4651
2331000,1.9000,1.4336
2331500,1.9000,1.4602
2332000,1.9000,1.4626
2332500,1.9000,1.4642
2333000,1.9000,1.4610
2333500,1.9000,1.4659
2334000,1.9000,1.4562
2334500,1.9000,1.4570
2335000,1.9000,1.4602
2335500,1.9000,1.4594
2336000,1.9000,1.4723
2338500,1.9000,1.4578
2339000,1.9000,1.4610
2339500,1.9000,1.4659
2340000,1.9000,1.4659
2340500,1.9000,1.4691
2341000,1.9000,1.4610
2341500,1.9000,1.4642
2342000,1.9000,1.4699
2342500,1.9000,1.4747
2343000,1.9000,1.4667
2343500,1.9000,1.4530
2344000,1.9000,1.4651
2344500,1.9000,1.4683
2345000,1.9000,1.4618
2345500,1.9000,1.4642
2346000,1.9000,1.4683
2346500,1.9000,1.4723
2347000,1.9000,1.4594
2347500,1.9000,1.4522
2348000,1.9000,1.4570
2348500,1.9000,1.4594
2349000,1.9000,1.4594
2349500,1.9000,1.4626
2350000,1.9000,1.4659
2350500,1.9000,1.4651
2351000,1.9000,1.4683
2351500,1.9000,1.4691
2352000,1.9000,1.4586
2352500,1.9000,1.4659
2353000,1.9000,1.4578
2353500,1.9000,1.4626
2354000,1.9000,1.4828
2354500,1.9000,1.4659
2355000,1.9000,1.4651
2355500,1.9000,1.4642
2356000,1.9000,1.4683
2356500,1.9000,1.4731
2357000,1.9000,1.4723
2357500,1.9000,1.4731
2358000,1.9000,1.4715
2358500,1.9000,1.4691
2359000,1.9000,1.4570
2359500,1.9000,1.4626
2360000,1.9000,1.4683
2360500,1.9000,1.4683
2361000,1.9000,1.4651
2361500,1.9000,1.4594
2362000,1.9000,1.4683
2362500,1.9000,1.4707
2363000,1.9000,1.4610
2363500,1.9000,1.4546
2364000,1.9000,1.4659
2364500,1.9000,1.4610
2365000,1.9000,1.4675
2365500,1.9000,1.4626
2366000,1.9000,1.4723
2366500,1.9000,1.4626
2367000,1.9000,1.4610
2367500,1.9000,1.4626
2368000,1.9000,1.4771
2368500,1.9000,1.4691
2369000,1.9000,1.4594
2369500,1.9000,1.4699
2370000,1.9000,1.4675
2370500,1.9000,1.4659
2371000,1.9000,1.4594
2371500,1.9000,1.4659
2372000,1.9000,1.4691
2372500,1.9000,1.4739
2373000,1.9000,1.4530
2373500,1.9000,1.4755
2374000,1.9000,1.4683
2374500,1.9000,1.4642
2375000,1.9000,1.4465
2375500,1.9000,1.4675
2376000,1.9000,1.4683
2376500,1.9000,1.4659
2377000,1.9000,1.4626
2377500,1.9000,1.4667
2378000,1.9000,1.4578
2378500,1.9000,1.4707
2379000,1.9000,1.4659
2379500,1.9000,1.4618
2380000,1.9000,1.4675
2380500,1.9000,1.4594
2381000,1.9000,1.4667
2381500,1.9000,1.4884
2382000,1.9000,1.4651
2382500,1.9000,1.4707
2383000,1.9000,1.4675
2383500,1.9000,1.4586
2384000,1.9000,1.4707
2384500,1.9000,1.4675
2385000,1.9000,1.4675
2385500,1.9000,1.4707
2386000,1.9000,1.4691
2386500,1.9000,1.4747
2387000,1.9000,1.4626
2387500,1.9000,1.4755
2388000,1.9000,1.4651
2388500,1.9000,1.4691
2389000,1.9000,1.4723
2389500,1.9000,1.4747
2390000,1.9000,1.4715
2390500,1.9000,1.4659
2391000,1.9000,1.4723
2391500,1.9000,1.4602
2392000,1.9000,1.4828
2392500,1.9000,1.4675
2393000,1.9000,1.4723
2393500,1.9000,1.4723
2394000,1.9000,1.4747
2394500,1.9000,1.4699
2395000,1.9000,1.4828
2395500,1.9000,1.4788
2396000,1.9000,1.4667
2396500,1.9000,1.4739
2397000,1.9000,1.4699
2397500,1.9000,1.4755
2398000,1.9000,1.4755
2398500,1.9000,1.4771
2399000,1.9000,1.4675
2399500,1.9000,1.4659
2400000,1.9000,1.4788
2400500,1.9000,1.4651
2401000,1.9000,1.4675
2401500,1.9000,1.4731
2402000,1.9000,1.4691
2402500,1.9000,1.4570
2403000,1.9000,1.4779
2403500,1.9000,1.4715
2404000,1.9000,1.4707
2404500,1.9000,1.4618
2405000,1.9000,1.4771
2405500,1.9000,1.4667
2406000,1.9000,1.4812
2406500,1.9000,1.4691
2407000,1.9000,1.4771
2407500,1.9000,1.4642
2408000,1.9000,1.4739
2408500,1.9000,1.4715
2409000,1.9000,1.4707
2409500,1.9000,1.4796
2410000,1.9000,1.4723
2410500,1.9000,1.4723
2411000,1.9000,1.4707
2411500,1.9000,1.4610
2412000,1.9000,1.4739
2412500,1.9000,1.4715
2413000,1.9000,1.4699
2413500,1.9000,1.4723
2414000,1.9000,1.4739
2414500,1.9000,1.4755
2415000,1.9000,1.4779
2415500,1.9000,1.4723
2416000,1.9000,1.4739
2416500,1.9000,1.4618
2417000,1.9000,1.4715
2417500,1.9000,1.4836
2418000,1.9000,1.4828
2418500,1.9000,1.4723
2419000,1.9000,1.4731
2419500,1.9000,1.4739
2420000,1.9000,1.4820
2420500,1.9000,1.4796
2421000,1.9000,1.4828
2421500,1.9000,1.4739
2422000,1.9000,1.4691
2422500,1.9000,1.4788
2423000,1.9000,1.4747
2423500,1.9000,1.4675
2424000,1.9000,1.4779
2424500,1.9000,1.4739
2425000,1.9000,1.4651
2425500,1.9000,1.4731
2426000,1.9000,1.4836
2426500,1.9000,1.4788
2427000,1.9000,1.4812
2427500,1.9000,1.4747
2428000,1.9000,1.4771
2428500,1.9000,1.4763
2429000,1.9000,1.4828
2429500,1.9000,1.4755
2430000,1.9000,1.4828
2430500,1.9000,1.4602
2431000,1.9000,1.4739
2431500,1.9000,1.4779
2432000,1.9000,1.4691
2432500,1.9000,1.4884
2433000,1.9000,1.4675
2433500,1.9000,1.4715
2434000,1.9000,1.4707
2434500,1.9000,1.4739
2435000,1.9000,1.4707
2435500,1.9000,1.4779
2436000,1.9000,1.4788
2436500,1.9000,1.4820
2437000,1.9000,1.4771
2437500,1.9000,1.4755
2438000,1.9000,1.4860
2438500,1.9000,1.4804
2439000,1.9000,1.4723
2439500,1.9000,1.4739
2440000,1.9000,1.4771
2440500,1.9000,1.4691
2441000,1.9000,1.4747
2441500,1.9000,1.4884
2442000,1.9000,1.4779
2442500,1.9000,1.4699
2443000,1.9000,1.4739
2443500,1.9000,1.4796
2444000,1.9000,1.4779
2444500,1.9000,1.4747
2445000,1.9000,1.4796
2445500,1.9000,1.4699
2446000,1.9000,1.4755
2446500,1.9000,1.4651
2447000,1.9000,1.4868
2447500,1.9000,1.4683
2448000,1.9000,1.4715
2448500,1.9000,1.4812
2449000,1.9000,1.4828
2449500,1.9000,1.4812
2450000,1.9000,1.4804
2450500,1.9000,1.4715
2451000,1.9000,1.4755
2451500,1.9000,1.4820
2452000,1.9000,1.4755
2452500,1.9000,1.4739
2453000,1.9000,1.4788
2453500,1.9000,1.4739
2454000,1.9000,1.4788
2454500,1.9000,1.4715
2455000,1.9000,1.4642
2455500,1.9000,1.4796
2456000,1.9000,1.4755
2456500,1.9000,1.4691
2457000,1.9000,1.4739
2457500,1.9000,1.4731
2458000,1.9000,1.4804
2458500,1.9000,1.4755
2459000,1.9000,1.4828
2459500,1.9000,1.4691
2460000,1.9000,1.4699
2460500,1.9000,1.4973
2461000,1.9000,1.4812
2461500,1.9000,1.4804
2462000,1.9000,1.4771
2462500,1.9000,1.4828
2463000,1.9000,1.4747
2463500,1.9000,1.4876
2464000,1.9000,1.4836
2464500,1.9000,1.4739
2465000,1.9000,1.4836
2465500,1.9000,1.4804
2466000,1.9000,1.4884
2466500,1.9000,1.4779
2467000,1.9000,1.4771
2467500,1.9000,1.4723
2468000,1.9000,1.4739
2468500,1.9000,1.4812
2469000,1.9000,1.4812
2469500,1.9000,1.4812
2470000,1.9000,1.4739
2470500,1.9000,1.4731
2471000,1.9000,1.4812
2471500,1.9000,1.4884
2472000,1.9000,1.4788
2472500,1.9000,1.4731
2473000,1.9000,1.4852
2473500,1.9000,1.4844
2474000,1.9000,1.4804
2474500,1.9000,1.4755
2475000,1.9000,1.4828
2475500,1.9000,1.4779
2476000,1.9000,1.4804
2476500,1.9000,1.4828
2477000,1.9000,1.4788
2477500,1.9000,1.4755
2478000,1.9000,1.4820
2478500,1.9000,1.4828
2479000,1.9000,1.4852
2479500,1.9000,1.4747
2480000,1.9000,1.4699
2480500,1.9000,1.4868
2481000,1.9000,1.4788
2481500,1.9000,1.4812
2482000,1.9000,1.4828
2482500,1.9000,1.4820
2483000,1.9000,1.4755
2483500,1.9000,1.4836
2484000,1.9000,1.4836
2484500,1.9000,1.4804
2485000,1.9000,1.4739
2485500,1.9000,1.4747
2486000,1.9000,1.4844
2486500,1.9000,1.4788
2487000,1.9000,1.4828
2487500,1.9000,1.4651
2488000,1.9000,1.4852
2488500,1.9000,1.4884
2489000,1.9000,1.4828
2489500,1.9000,1.4812
2490000,1.9000,1.4876
2490500,1.9000,1.4828
2491000,1.9000,1.4900
2491500,1.9000,1.4699
2492000,1.9000,1.4779
2492500,1.9000,1.4916
2493000,1.9000,1.4812
2493500,1.9000,1.4884
2494000,1.9000,1.4715
2494500,1.9000,1.4812
2495000,1.9000,1.4925
2495500,1.9000,1.4828
2496000,1.9000,1.4828
2496500,1.9000,1.4788
2497000,1.9000,1.4779
2497500,1.9000,1.4779
2498000,1.9000,1.4804
2498500,1.9000,1.4723
2499000,1.9000,1.4731
2499500,1.9000,1.4836
2500000,1.9000,1.4788
2500500,1.9000,1.4828
2501000,1.9000,1.4828
2501500,1.9000,1.4755
2502000,1.9000,1.4828
2502500,1.9000,1.4723
2503000,1.9000,1.4820
2503500,1.9000,1.4820
2504000,1.9000,1.4876
2504500,1.9000,1.4755
2505000,1.9000,1.4796
2505500,1.9000,1.4812
2506000,1.9000,1.4788
2506500,1.9000,1.4739
2507000,1.9000,1.4828
2507500,1.9000,1.4812
2508000,1.9000,1.4868
2508500,1.9000,1.4691
2509000,1.9000,1.4747
2509500,1.9000,1.4804
2510000,1.9000,1.4812
2510500,1.9000,1.4747
2511000,1.9000,1.4788
2511500,1.9000,1.4771
2512000,1.9000,1.4739
2512500,1.9000,1.4771
2513000,1.9000,1.4715
2513500,1.9000,1.4812
2514000,1.9000,1.4755
2514500,1.9000,1.4868
2515000,1.9000,1.4788
2515500,1.9000,1.4844
2516000,1.9000,1.4707
2516500,1.9000,1.4796
2517000,1.9000,1.4804
2517500,1.9000,1.4828
2518000,1.9000,1.4828
2518500,1.9000,1.4828
2519000,1.9000,1.4828
2519500,1.9000,1.4812
2520000,1.9000,1.4755
2520500,1.9000,1.4723
2521000,1.9000,1.4852
2521500,1.9000,1.4779
2522000,1.9000,1.4715
2522500,1.9000,1.4828
2523000,1.9000,1.4828
2523500,1.9000,1.4812
2524000,1.9000,1.4779
2524500,1.9000,1.4836
2525000,1.9000,1.4804
2525500,1.9000,1.4788
2526000,1.9000,1.4828
2526500,1.9000,1.4916
2527000,1.9000,1.4973
2527500,1.9000,1.4844
2528000,1.9000,1.4820
2528500,1.9000,1.4755
2529000,1.9000,1.4876
2529500,1.9000,1.4812
2530000,1.9000,1.4731
2530500,1.9000,1.4804
2531000,1.9000,1.5045
2531500,1.9000,1.4949
2532000,1.9000,1.4908
2532500,1.9000,1.4828
2533000,1.9000,1.4812
2533500,1.9000,1.4820
2534000,1.9000,1.4828
2534500,1.9000,1.4788
2535000,1.9000,1.4852
2535500,1.9000,1.4957
2536000,1.9000,1.4788
2536500,1.9000,1.4820
2537000,1.9000,1.4731
2537500,1.9000,1.4804
2538000,1.9000,1.4844
2538500,1.9000,1.4804
2539000,1.9000,1.4691
2539500,1.9000,1.4820
2540000,1.9000,1.4828
2540500,1.9000,1.4739
2541000,1.9000,1.4916
2541500,1.9000,1.4836
2542000,1.9000,1.4788
2542500,1.9000,1.4788
2543000,1.9000,1.4804
2543500,1.9000,1.4804
2544000,1.9000,1.4812
2544500,1.9000,1.4812
2545000,1.9000,1.4836
2545500,1.9000,1.4836
2546000,1.9000,1.4739
2546500,1.9000,1.4804
2547000,1.9000,1.5005
2547500,1.9000,1.4731
2548000,1.9000,1.4868
2548500,1.9000,1.4812
2549000,1.9000,1.4812
2549500,1.9000,1.4852
2550000,1.9000,1.4916
2550500,1.9000,1.4828
2551000,1.9000,1.4868
2551500,1.9000,1.4804
2552000,1.9000,1.4844
2552500,1.9000,1.4828
2553000,1.9000,1.4949
2553500,1.9000,1.4836
2554000,1.9000,1.4731
2554500,1.9000,1.4788
2555000,1.9000,1.4820
2555500,1.9000,1.4828
2556000,1.9000,1.4788
2556500,1.9000,1.4860
2557000,1.9000,1.4828
2557500,1.9000,1.4796
2558000,1.9000,1.4828
2558500,1.9000,1.4788
2559000,1.9000,1.4804
2559500,1.9000,1.4828
2560000,1.9000,1.4908
2560500,1.9000,1.4852
2561000,1.9000,1.4844
2561500,1.9000,1.4908
2562000,1.9000,1.4828
2562500,1.9000,1.4828
2563000,1.9000,1.4747
2563500,1.9000,1.4723
2564000,1.9000,1.4820
2564500,1.9000,1.4860
2565000,1.9000,1.4820
2565500,1.9000,1.4844
2566000,1.9000,1.5021
2566500,1.9000,1.4804
2567000,1.9000,1.4828
2567500,1.9000,1.4844
2568000,1.9000,1.4884
2568500,1.9000,1.4876
2569000,1.9000,1.4820
2569500,1.9000,1.4852
2570000,1.9000,1.4739
2570500,1.9000,1.4828
2571000,1.9000,1.4812
2571500,1.9000,1.4820
2572000,1.9000,1.4876
2572500,1.9000,1.4828
2573000,1.9000,1.4836
2573500,1.9000,1.4876
2574000,1.9000,1.4900
2574500,1.9000,1.4852
2575000,1.9000,1.4788
2575500,1.9000,1.4836
2576000,1.9000,1.4900
2576500,1.9000,1.4860
2577000,1.9000,1.4868
2577500,1.9000,1.4900
2578000,1.9000,1.4876
2578500,1.9000,1.4828
2579000,1.9000,1.4828
2579500,1.9000,1.4828
2580000,1.9000,1.4723
2580500,1.9000,1.4828
2581000,1.9000,1.4900
2581500,1.9000,1.4828
2582000,1.9000,1.4836
2582500,1.9000,1.4828
2583000,1.9000,1.4723
2583500,1.9000,1.4852
2584000,1.9000,1.4892
2584500,1.9000,1.4804
2585000,1.9000,1.4900
2585500,1.9000,1.4957
2586000,1.9000,1.4828
2586500,1.9000,1.4876
2587000,1.9000,1.4812
2587500,1.9000,1.4868
2588000,1.9000,1.4836
2588500,1.9000,1.4828
2589000,1.9000,1.4828
2589500,1.9000,1.4908
2590000,1.9000,1.4941
2590500,1.9000,1.4844
2591000,1.9000,1.4828
2591500,1.9000,1.4941
2592000,1.9000,1.4836
2592500,1.9000,1.4900
2593000,1.9000,1.4860
2593500,1.9000,1.4876
2594000,1.9000,1.4788
2594500,1.9000,1.4852
2595000,1.9000,1.4852
2595500,1.9000,1.4675
2596000,1.9000,1.4957
2596500,1.9000,1.4820
2597000,1.9000,1.4860
2597500,1.9000,1.4844
2598000,1.9000,1.4916
2598500,1.9000,1.4828
2599000,1.9000,1.4900
2599500,1.9000,1.4900
2600000,1.9000,1.4900
2600500,1.9000,1.4852
2601000,1.9000,1.4852
2601500,1.9000,1.4925
2602000,1.9000,1.4868
2602500,1.9000,1.4860
2603000,1.9000,1.4868
2603500,1.9000,1.4836
2604000,1.9000,1.4908
2604500,1.9000,1.4908
2605000,1.9000,1.4884
2605500,1.9000,1.4828
2606000,1.9000,1.4852
2606500,1.9000,1.4916
2607000,1.9000,1.4981
2607500,1.9000,1.4933
2608000,1.9000,1.4828
2608500,1.9000,1.4957
2609000,1.9000,1.4916
2609500,1.9000,1.4876
2610000,1.9000,1.4916
2610500,1.9000,1.4900
2611000,1.9000,1.4852
2611500,1.9000,1.4916
2612000,1.9000,1.4941
2612500,1.9000,1.4788
2613000,1.9000,1.4949
2613500,1.9000,1.5037
2614000,1.9000,1.4933
2614500,1.9000,1.4828
2615000,1.9000,1.4900
2615500,1.9000,1.4884
2616000,1.9000,1.4844
2616500,1.9000,1.4949
2617000,1.9000,1.4957
2617500,1.9000,1.4941
2618000,1.9000,1.4876
2618500,1.9000,1.4941
2619000,1.9000,1.4941
2619500,1.9000,1.4933
2620000,1.9000,1.4916
2620500,1.9000,1.4973
2621000,1.9000,1.4868
2621500,1.9000,1.4933
2622000,1.9000,1.4884
2622500,1.9000,1.5045
2623000,1.9000,1.4804
2623500,1.9000,1.5037
2624000,1.9000,1.4949
2624500,1.9000,1.4844
2625000,1.9000,1.5005
2625500,1.9000,1.4949
2626000,1.9000,1.4973
2626500,1.9000,1.4957
2627000,1.9000,1.4925
2627500,1.9000,1.4957
2628000,1.9000,1.4868
2628500,1.9000,1.4981
2629000,1.9000,1.4973
2629500,1.9000,1.5053
2630000,1.9000,1.4949
2630500,1.9000,1.5110
2631000,1.9000,1.4949
2631500,1.9000,1.4916
2632500,1.9000,1.5094
2633000,1.9000,1.4925
2633500,1.9000,1.4973
2634000,1.9000,1.4973
2634500,1.9000,1.4957
2635000,1.9000,1.4941
2635500,1.9000,1.4836
2636000,1.9000,1.5070
2636500,1.9000,1.4957
2637000,1.9000,1.4957
2637500,1.9000,1.4916
2638000,1.9000,1.4876
2638500,1.9000,1.4884
2639000,1.9000,1.4949
2639500,1.9000,1.4957
2640000,1.9000,1.4884
2640500,1.9000,1.4949
2641000,1.9000,1.4973
2641500,1.9000,1.4949
2642000,1.9000,1.4965
2642500,1.9000,1.4892
2643000,1.9000,1.4908
2643500,1.9000,1.5078
2644000,1.9000,1.4965
2644500,1.9000,1.5005
2645000,1.9000,1.4989
2645500,1.9000,1.5037
2646000,1.9000,1.4957
2646500,1.9000,1.4957
2647000,1.9000,1.4941
2647500,1.9000,1.5086
2648000,1.9000,1.4957
2648500,1.9000,1.4771
2649000,1.9000,1.5062
2649500,1.9000,1.5094
2650000,1.9000,1.5045
2650500,1.9000,1.4973
2651000,1.9000,1.4957
2651500,1.9000,1.5029
2652000,1.9000,1.4981
2652500,1.9000,1.4957
2653000,1.9000,1.4965
2653500,1.9000,1.5013
2654000,1.9000,1.5037
2654500,1.9000,1.4981
2655000,1.9000,1.4997
2655500,1.9000,1.4965
2656000,1.9000,1.4852
2656500,1.9000,1.4796
2657000,1.9000,1.4957
2657500,1.9000,1.4973
2658000,1.9000,1.4973
2658500,1.9000,1.4973
2659000,1.9000,1.4933
2659500,1.9000,1.4981
2660000,1.9000,1.5174
2660500,1.9000,1.4981
2661000,1.9000,1.4981
2661500,1.9000,1.4965
2662000,1.9000,1.4957
2662500,1.9000,1.4844
2663000,1.9000,1.5062
2663500,1.9000,1.4973
2664000,1.9000,1.5013
2664500,1.9000,1.5070
2665000,1.9000,1.4997
2665500,1.9000,1.4997
2666000,1.9000,1.4925
2666500,1.9000,1.5037
2667000,1.9000,1.4957
2667500,1.9000,1.5029
2668000,1.9000,1.5013
2668500,1.9000,1.5045
2669000,1.9000,1.4965
2669500,1.9000,1.5045
2670000,1.9000,1.4981
2670500,1.9000,1.4933
2671000,1.9000,1.4981
2671500,1.9000,1.5062
2672000,1.9000,1.5037
2672500,1.9000,1.5174
2673000,1.9000,1.5045
2673500,1.9000,1.4981
2674000,1.9000,1.5045
2674500,1.9000,1.5037
2675000,1.9000,1.4973
2675500,1.9000,1.5037
2676000,1.9000,1.4908
2676500,1.9000,1.5199
2677000,1.9000,1.5037
2677500,1.9000,1.5037
2678000,1.9000,1.5013
2678500,1.9000,1.5029
2679000,1.9000,1.5021
2679500,1.9000,1.4997
2680000,1.9000,1.5037
2680500,1.9000,1.4965
2681000,1.9000,1.5102
2681500,1.9000,1.5005
2682000,1.9000,1.4949
2682500,1.9000,1.5094
2683000,1.9000,1.5013
2683500,1.9000,1.5086
2684000,1.9000,1.5086
2684500,1.9000,1.5021
2685000,1.9000,1.5086
2685500,1.9000,1.5037
2686000,1.9000,1.5086
2686500,1.9000,1.5070
2687000,1.9000,1.5166
2687500,1.9000,1.5070
2688000,1.9000,1.4997
2688500,1.9000,1.5070
2689000,1.9000,1.5062
2689500,1.9000,1.5078
2690000,1.9000,1.5086
2690500,1.9000,1.5037
2691000,1.9000,1.5062
2691500,1.9000,1.5045
2692000,1.9000,1.5062
2692500,1.9000,1.5086
2693000,1.9000,1.5037
2693500,1.9000,1.4908
2694000,1.9000,1.4981
2694500,1.9000,1.5053
2695000,1.9000,1.4981
2695500,1.9000,1.5029
2696000,1.9000,1.5045
2696500,1.9000,1.5110
2697000,1.9000,1.5029
2697500,1.9000,1.5086
2698000,1.9000,1.5037
2698500,1.9000,1.4997
2699000,1.9000,1.5102
2699500,1.9000,1.5070
2700000,1.9000,1.5086
2700500,1.9000,1.4965
2701000,1.9000,1.5070
2701500,1.9000,1.5086
2702000,1.9000,1.5207
2702500,1.9000,1.4981
2703000,1.9000,1.4997
2703500,1.9000,1.5086
2704000,1.9000,1.5037
2704500,1.9000,1.5215
2705000,1.9000,1.5070
2705500,1.9000,1.5086
2706000,1.9000,1.5086
2706500,1.9000,1.5110
2707000,1.9000,1.4957
2707500,1.9000,1.5086
2708000,1.9000,1.5086
2708500,1.9000,1.5102
2709000,1.9000,1.5062
2709500,1.9000,1.5094
2710000,1.9000,1.5086
2710500,1.9000,1.5086
2711000,1.9000,1.5053
2711500,1.9000,1.5166
2712000,1.9000,1.5086
2712500,1.9000,1.5078
2713000,1.9000,1.5070
2713500,1.9000,1.5094
2714000,1.9000,1.5086
2714500,1.9000,1.5029
2715000,1.9000,1.5078
2715500,1.9000,1.5070
2716000,1.9000,1.5078
2716500,1.9000,1.5102
2717000,1.9000,1.5102
2717500,1.9000,1.5094
2718000,1.9000,1.5086
2718500,1.9000,1.5295
2719000,1.9000,1.5086
2719500,1.9000,1.5126
2720000,1.9000,1.4973
2720500,1.9000,1.5013
2721000,1.9000,1.5062
2721500,1.9000,1.5029
2722000,1.9000,1.5094
2722500,1.9000,1.5126
2723000,1.9000,1.5150
2723500,1.9000,1.5207
2724000,1.9000,1.5086
2724500,1.9000,1.5094
2725000,1.9000,1.5053
2725500,1.9000,1.5094
2726000,1.9000,1.5207
2726500,1.9000,1.5102
2727000,1.9000,1.5086
2727500,1.9000,1.5102
2728000,1.9000,1.5110
2728500,1.9000,1.5086
2729000,1.9000,1.5062
2729500,1.9000,1.5182
2730000,1.9000,1.4949
2730500,1.9000,1.5158
2731000,1.9000,1.5045
2731500,1.9000,1.5086
2732000,1.9000,1.5070
2732500,1.9000,1.5086
2733000,1.9000,1.5110
2733500,1.9000,1.5118
2734000,1.9000,1.5142
2734500,1.9000,1.5094
2735000,1.9000,1.5118
2735500,1.9000,1.5078
2736000,1.9000,1.4981
2736500,1.9000,1.4957
2737000,1.9000,1.5142
2737500,1.9000,1.5142
2738000,1.9000,1.5110
2738500,1.9000,1.5255
2739000,1.9000,1.5126
2739500,1.9000,1.5118
2740000,1.9000,1.5102
2740500,1.9000,1.5126
2741000,1.9000,1.4981
2741500,1.9000,1.5239
2742000,1.9000,1.5070
2742500,1.9000,1.5158
2743000,1.9000,1.5102
2743500,1.9000,1.5102
2744000,1.9000,1.5062
2744500,1.9000,1.5086
2745000,1.9000,1.5037
2745500,1.9000,1.5207
2746000,1.9000,1.5174
2746500,1.9000,1.5094
2747000,1.9000,1.5086
2747500,1.9000,1.5344
2748000,1.9000,1.5110
2748500,1.9000,1.5126
2749000,1.9000,1.5142
2749500,1.9000,1.5126
2750000,1.9000,1.5142
2750500,1.9000,1.4997
2751000,1.9000,1.5126
2751500,1.9000,1.5174
2752000,1.9000,1.5134
2752500,1.9000,1.5126
2753000,1.9000,1.4973
2753500,1.9000,1.5199
2754000,1.9000,1.5142
2754500,1.9000,1.5158
2755000,1.9000,1.5094
2755500,1.9000,1.5166
2756000,1.9000,1.5158
2756500,1.9000,1.5053
2757000,1.9000,1.5126
2757500,1.9000,1.5199
2758000,1.9000,1.5319
2758500,1.9000,1.5126
2759000,1.9000,1.5158
2759500,1.9000,1.5190
2760000,1.9000,1.5174
2760500,1.9000,1.5223
2761000,1.9000,1.5182
2761500,1.9000,1.5207
2762000,1.9000,1.5086
2762500,1.9000,1.5150
2763000,1.9000,1.5102
2763500,1.9000,1.5166
2764000,1.9000,1.5174
2764500,1.9000,1.5239
2765000,1.9000,1.5182
2765500,1.9000,1.5166
2766000,1.9000,1.5126
2766500,1.9000,1.5166
2767000,1.9000,1.5142
2767500,1.9000,1.5190
2768000,1.9000,1.5263
2768500,1.9000,1.5086
2769000,1.9000,1.5174
2769500,1.9000,1.5190
2770000,1.9000,1.5134
2770500,1.9000,1.5207
2771000,1.9000,1.5134
2771500,1.9000,1.5231
2772000,1.9000,1.5158
2772500,1.9000,1.5207
2773000,1.9000,1.5174
2773500,1.9000,1.5174
2774000,1.9000,1.5287
2774500,1.9000,1.5263
2775000,1.9000,1.5207
2775500,1.9000,1.5174
2776000,1.9000,1.5174
2776500,1.9000,1.5142
2777000,1.9000,1.5199
2777500,1.9000,1.5207
2778000,1.9000,1.5037
2778500,1.9000,1.5231
2779000,1.9000,1.5182
2779500,1.9000,1.5174
2780000,1.9000,1.5231
2780500,1.9000,1.5045
2781000,1.9000,1.5134
2781500,1.9000,1.5094
2782000,1.9000,1.5215
2782500,1.9000,1.5255
2783000,1.9000,1.5199
2783500,1.9000,1.5223
2784000,1.9000,1.5182
2784500,1.9000,1.5215
2785000,1.9000,1.5086
2785500,1.9000,1.5215
2786000,1.9000,1.5086
2786500,1.9000,1.5142
2787000,1.9000,1.5118
2787500,1.9000,1.5134
2788000,1.9000,1.5174
2788500,1.9000,1.5207
2789000,1.9000,1.5207
2789500,1.9000,1.5247
2790000,1.9000,1.5174
2790500,1.9000,1.5199
2791000,1.9000,1.5207
2791500,1.9000,1.5223
2792000,1.9000,1.5190
2792500,1.9000,1.5255
2793000,1.9000,1.5199
2793500,1.9000,1.5166
2794000,1.9000,1.5263
2794500,1.9000,1.5062
2795000,1.9000,1.5239
2795500,1.9000,1.5271
2796000,1.9000,1.5158
2796500,1.9000,1.5215
2797000,1.9000,1.5215
2797500,1.9000,1.5134
2798000,1.9000,1.5174
2798500,1.9000,1.5142
2799000,1.9000,1.5182
2799500,1.9000,1.5223
2800000,1.9000,1.5126
2800500,1.9000,1.5215
2801000,1.9000,1.5190
2801500,1.9000,1.5094
2802000,1.9000,1.5158
2802500,1.9000,1.5215
2803000,1.9000,1.5166
2803500,1.9000,1.5207
2804000,1.9000,1.5142
2804500,1.9000,1.5263
2805000,1.9000,1.5207
2805500,1.9000,1.5126
2806000,1.9000,1.5215
2806500,1.9000,1.5215
2807000,1.9000,1.5239
2807500,1.9000,1.5158
2808000,1.9000,1.5263
2808500,1.9000,1.5199
2809000,1.9000,1.5215
2809500,1.9000,1.5239
2810000,1.9000,1.5199
2810500,1.9000,1.5271
2811000,1.9000,1.5344
2811500,1.9000,1.5199
2812000,1.9000,1.5271
2812500,1.9000,1.5190
2813000,1.9000,1.5174
2813500,1.9000,1.5174
2814000,1.9000,1.5239
2814500,1.9000,1.5134
2815000,1.9000,1.5158
2815500,1.9000,1.5223
2816000,1.9000,1.5223
2816500,1.9000,1.5199
2817000,1.9000,1.5400
2817500,1.9000,1.5239
2818000,1.9000,1.5239
2818500,1.9000,1.5223
2819000,1.9000,1.5271
2819500,1.9000,1.5182
2820000,1.9000,1.5142
2820500,1.9000,1.5344
2821000,1.9000,1.5287
2821500,1.9000,1.5158
2822000,1.9000,1.5207
2822500,1.9000,1.5239
2823000,1.9000,1.5166
2823500,1.9000,1.5223
2824000,1.9000,1.5207
2824500,1.9000,1.5199
2825000,1.9000,1.5231
2825500,1.9000,1.5247
2826000,1.9000,1.5134
2826500,1.9000,1.5158
2827000,1.9000,1.4941
2827500,1.9000,1.5166
2828000,1.9000,1.5158
2828500,1.9000,1.5199
2829000,1.9000,1.5231
2829500,1.9000,1.5118
2830000,1.9000,1.5271
2830500,1.9000,1.5223
2831000,1.9000,1.5158
2831500,1.9000,1.5255
2832000,1.9000,1.5311
2832500,1.9000,1.5263
2833000,1.9000,1.5223
2833500,1.9000,1.5207
2834000,1.9000,1.5295
2834500,1.9000,1.5190
2835000,1.9000,1.5247
2835500,1.9000,1.5231
2836000,1.9000,1.5174
2836500,1.9000,1.5215
2837000,1.9000,1.5207
2837500,1.9000,1.5158
2838000,1.9000,1.5223
2838500,1.9000,1.5174
2839000,1.9000,1.5223
2839500,1.9000,1.5271
2840000,1.9000,1.5271
2840500,1.9000,1.5263
2841000,1.9000,1.5263
2841500,1.9000,1.5255
2842000,1.9000,1.5199
2842500,1.9000,1.5303
2843000,1.9000,1.5086
2843500,1.9000,1.5239
2844000,1.9000,1.5311
2844500,1.9000,1.5223
2845000,1.9000,1.5223
2845500,1.9000,1.5207
2846000,1.9000,1.5166
2846500,1.9000,1.5255
2847000,1.9000,1.5239
2847500,1.9000,1.5263
2848000,1.9000,1.5231
2848500,1.9000,1.5263
2849000,1.9000,1.5263
2849500,1.9000,1.5207
2850000,1.9000,1.5327
2850500,1.9000,1.5199
2851000,1.9000,1.5182
2851500,1.9000,1.5263
2852000,1.9000,1.5207
2852500,1.9000,1.5231
2853000,1.9000,1.5263
2853500,1.9000,1.5231
2854000,1.9000,1.5199
2854500,1.9000,1.5223
2855000,1.9000,1.5118
2855500,1.9000,1.5231
2856000,1.9000,1.5327
2856500,1.9000,1.5215
2857000,1.9000,1.5223
2857500,1.9000,1.5190
2858000,1.9000,1.5231
2858500,1.9000,1.5174
2859000,1.9000,1.5207
2859500,1.9000,1.5174
2860000,1.9000,1.5182
2860500,1.9000,1.5287
2861000,1.9000,1.5263
2861500,1.9000,1.5255
2862000,1.9000,1.5223
2862500,1.9000,1.5287
2863000,1.9000,1.5239
2863500,1.9000,1.5247
2864000,1.9000,1.5303
2864500,1.9000,1.5199
2865000,1.9000,1.5110
2865500,1.9000,1.5255
2866000,1.9000,1.5287
2866500,1.9000,1.5239
2867000,1.9000,1.5231
2867500,1.9000,1.5086
2868000,1.9000,1.5231
2868500,1.9000,1.5263
2869000,1.9000,1.5158
2869500,1.9000,1.5255
2870000,1.9000,1.5344
2870500,1.9000,1.5271
2871000,1.9000,1.5319
2871500,1.9000,1.5231
2872000,1.9000,1.5239
2872500,1.9000,1.5231
2873000,1.9000,1.5215
2873500,1.9000,1.5247
2874000,1.9000,1.5231
2874500,1.9000,1.5311
2875000,1.9000,1.5199
2875500,1.9000,1.5231
2876000,1.9000,1.5207
2876500,1.9000,1.5207
2877000,1.9000,1.5255
2877500,1.9000,1.5255
2878000,1.9000,1.5279
2878500,1.9000,1.5239
2879000,1.9000,1.5303
2879500,1.9000,1.5174
2880000,1.9000,1.5239
2880500,1.9000,1.5231
2881000,1.9000,1.5319
2881500,1.9000,1.5239
2882000,1.9000,1.5392
2882500,1.9000,1.5199
2883000,1.9000,1.5271
2883500,1.9000,1.5344
2884000,1.9000,1.5255
2884500,1.9000,1.5207
2885000,1.9000,1.5263
2885500,1.9000,1.5255
2886000,1.9000,1.5360
2886500,1.9000,1.5287
2887000,1.9000,1.5223
2887500,1.9000,1.5295
2888000,1.9000,1.5255
2888500,1.9000,1.5271
2889000,1.9000,1.5311
2889500,1.9000,1.5303
2890000,1.9000,1.5223
2890500,1.9000,1.5190
2891000,1.9000,1.5295
2891500,1.9000,1.5239
2892000,1.9000,1.5303
2892500,1.9000,1.5142
2893000,1.9000,1.5352
2893500,1.9000,1.5255
2894000,1.9000,1.5344
2894500,1.9000,1.5239
2895000,1.9000,1.5158
2895500,1.9000,1.5263
2896000,1.9000,1.5190
2896500,1.9000,1.5190
2897000,1.9000,1.5215
2897500,1.9000,1.5190
2898000,1.9000,1.5392
2898500,1.9000,1.5223
2899000,1.9000,1.5327
2899500,1.9000,1.5223
2900000,1.9000,1.5166
2900500,1.9000,1.5336
2901000,1.9000,1.5287
2901500,1.9000,1.5207
2902000,1.9000,1.5271
2902500,1.9000,1.5295
2903000,1.9000,1.5223
2903500,1.9000,1.5295
2904000,1.9000,1.5271
2904500,1.9000,1.5448
2905000,1.9000,1.5263
2905500,1.9000,1.5400
2906000,1.9000,1.5271
2906500,1.9000,1.5295
2907000,1.9000,1.5231
2907500,1.9000,1.5327
2908000,1.9000,1.5303
2908500,1.9000,1.5303
2909000,1.9000,1.5255
2909500,1.9000,1.5263
2910000,1.9000,1.5247
2910500,1.9000,1.5336
2911000,1.9000,1.5295
2911500,1.9000,1.5319
2912000,1.9000,1.5303
2912500,1.9000,1.5271
2913000,1.9000,1.5239
2913500,1.9000,1.5344
2914000,1.9000,1.5392
2914500,1.9000,1.5279
2915000,1.9000,1.5303
2915500,1.9000,1.5255
2916000,1.9000,1.5287
2916500,1.9000,1.5215
2917000,1.9000,1.5344
2917500,1.9000,1.5271
2918000,1.9000,1.5207
2918500,1.9000,1.5303
2919000,1.9000,1.5319
2919500,1.9000,1.5199
2920000,1.9000,1.5319
2920500,1.9000,1.5279
2921000,1.9000,1.5295
2921500,1.9000,1.5287
2922000,1.9000,1.5432
2922500,1.9000,1.5263
2923000,1.9000,1.5295
2923500,1.9000,1.5319
2924000,1.9000,1.5295
2924500,1.9000,1.5303
2925000,1.9000,1.5255
2925500,1.9000,1.5231
2926000,1.9000,1.5311
2926500,1.9000,1.5255
2927000,1.9000,1.5263
2927500,1.9000,1.5166
2928000,1.9000,1.5215
2928500,1.9000,1.5239
2929000,1.9000,1.5239
2929500,1.9000,1.5352
2930000,1.9000,1.5231
2930500,1.9000,1.5311
2931000,1.9000,1.5239
2931500,1.9000,1.5190
2932000,1.9000,1.5303
2932500,1.9000,1.5319
2933000,1.9000,1.5231
2933500,1.9000,1.5231
2934000,1.9000,1.5271
2934500,1.9000,1.5400
2935000,1.9000,1.5174
2935500,1.9000,1.5319
2936000,1.9000,1.5263
2936500,1.9000,1.5303
2937000,1.9000,1.5239
2937500,1.9000,1.5158
2938000,1.9000,1.5271
2938500,1.9000,1.5336
2939000,1.9000,1.5319
2939500,1.9000,1.5126
2940000,1.9000,1.5303
2940500,1.9000,1.5271
2941000,1.9000,1.5263
2941500,1.9000,1.5271
2942000,1.9000,1.5207
2942500,1.9000,1.5295
2943000,1.9000,1.5344
2943500,1.9000,1.5344
2944000,1.9000,1.5376
2944500,1.9000,1.5263
2945000,1.9000,1.5263
2945500,1.9000,1.5336
2946000,1.9000,1.5311
2946500,1.9000,1.5327
2947000,1.9000,1.5287
2947500,1.9000,1.5344
2948000,1.9000,1.4739
2948500,1.9000,1.5327
2949000,1.9000,1.5336
2949500,1.9000,1.5142
2950000,1.9000,1.5271
2950500,1.9000,1.5295
2951000,1.9000,1.5352
2951500,1.9000,1.5287
2952000,1.9000,1.5287
2952500,1.9000,1.5255
2953000,1.9000,1.5231
2953500,1.9000,1.5215
2954000,1.9000,1.5263
2954500,1.9000,1.5255
2955000,1.9000,1.5287
2955500,1.9000,1.5094
2956000,1.9000,1.5295
2956500,1.9000,1.5263
2957000,1.9000,1.5263
2957500,1.9000,1.5287
2958000,1.9000,1.5271
2958500,1.9000,1.5392
2959000,1.9000,1.5255
2959500,1.9000,1.5287
2960000,1.9000,1.5271
2960500,1.9000,1.5287
2961000,1.9000,1.5344
2961500,1.9000,1.5344
2962000,1.9000,1.5239
2962500,1.9000,1.5319
2963000,1.9000,1.5287
2963500,1.9000,1.5263
2964000,1.9000,1.5336
2964500,1.9000,1.5295
2965000,1.9000,1.5360
2965500,1.9000,1.5344
2966000,1.9000,1.5271
2966500,1.9000,1.5174
2967000,1.9000,1.5376
2967500,1.9000,1.5271
2968000,1.9000,1.5311
2968500,1.9000,1.5344
2969000,1.9000,1.5344
2969500,1.9000,1.5239
2970000,1.9000,1.5368
2970500,1.9000,1.5336
2971000,1.9000,1.5344
2971500,1.9000,1.5344
2972000,1.9000,1.5223
2972500,1.9000,1.5271
2973000,1.9000,1.5295
2973500,1.9000,1.5255
2974000,1.9000,1.5352
2974500,1.9000,1.5303
2975000,1.9000,1.5344
2975500,1.9000,1.5344
2976000,1.9000,1.5247
2976500,1.9000,1.5255
2977000,1.9000,1.5263
2977500,1.9000,1.5263
2978000,1.9000,1.5376
2978500,1.9000,1.5400
2979000,1.9000,1.5392
2979500,1.9000,1.5344
2980000,1.9000,1.5352
2980500,1.9000,1.5336
2981000,1.9000,1.5344
2981500,1.9000,1.5303
2982000,1.9000,1.5344
2982500,1.9000,1.5303
2983000,1.9000,1.5368
2983500,1.9000,1.5327
2984000,1.9000,1.5303
2984500,1.9000,1.5344
2985000,1.9000,1.5287
2985500,1.9000,1.5344
2986000,1.9000,1.5336
2986500,1.9000,1.5327
2987000,1.9000,1.5295
2987500,1.9000,1.5336
2988000,1.9000,1.5336
2988500,1.9000,1.5327
2989000,1.9000,1.5336
2989500,1.9000,1.5336
2990000,1.9000,1.5271
2990500,1.9000,1.5287
2991000,1.9000,1.5319
2991500,1.9000,1.5344
2992000,1.9000,1.5223
2992500,1.9000,1.5489
2993000,1.9000,1.5231
2993500,1.9000,1.5360
2994000,1.9000,1.5215
2994500,1.9000,1.5336
2995000,1.9000,1.5416
2995500,1.9000,1.5295
2996000,1.9000,1.5295
2996500,1.9000,1.5223
2997000,1.9000,1.5319
2997500,1.9000,1.5432
2998000,1.9000,1.5263
2998500,1.9000,1.5344
2999000,1.9000,1.5319
2999500,1.9000,1.5319
3000000,1.9000,1.5287
3000500,1.9000,1.5223
3001000,1.9000,1.5279
3001500,1.9000,1.5319
3002000,1.9000,1.5142
3002500,1.9000,1.5360
3003000,1.9000,1.5384
3003500,1.9000,1.5400
3004000,1.9000,1.5392
3004500,1.9000,1.5392
3005000,1.9000,1.5344
3005500,1.9000,1.5344
3006000,1.9000,1.5287
3006500,1.9000,1.5344
3007000,1.9000,1.5336
3007500,1.9000,1.5416
3008000,1.9000,1.5336
3008500,1.9000,1.5336
3009000,1.9000,1.5303
3009500,1.9000,1.5319
3010000,1.9000,1.5481
3010500,1.9000,1.5327
3011000,1.9000,1.5319
3011500,1.9000,1.5360
3012000,1.9000,1.5327
3012500,1.9000,1.5344
3013000,1.9000,1.5271
3013500,1.9000,1.5473
3014000,1.9000,1.5271
3014500,1.9000,1.5344
3015000,1.9000,1.5295
3015500,1.9000,1.5344
3016000,1.9000,1.5384
3016500,1.9000,1.5400
3017000,1.9000,1.5336
3017500,1.9000,1.5344
3018000,1.9000,1.5344
3018500,1.9000,1.5368
3019000,1.9000,1.5456
3019500,1.9000,1.5360
3020000,1.9000,1.5464
3020500,1.9000,1.5344
3021000,1.9000,1.5368
3021500,1.9000,1.5344
3022000,1.9000,1.5319
3022500,1.9000,1.5368
3023000,1.9000,1.5368
3023500,1.9000,1.5344
3024000,1.9000,1.5416
3024500,1.9000,1.5384
3025000,1.9000,1.5311
3025500,1.9000,1.5360
3026000,1.9000,1.5327
3026500,1.9000,1.5352
3027000,1.9000,1.5368
3027500,1.9000,1.5400
3028000,1.9000,1.5489
3028500,1.9000,1.5440
3029000,1.9000,1.5327
3029500,1.9000,1.5352
3030000,1.9000,1.5360
3030500,1.9000,1.5344
3031000,1.9000,1.5336
3031500,1.9000,1.5352
3032000,1.9000,1.5327
3032500,1.9000,1.5448
3033000,1.9000,1.5344
3033500,1.9000,1.5392
3034000,1.9000,1.5368
3034500,1.9000,1.5271
3035000,1.9000,1.5384
3035500,1.9000,1.5416
3036000,1.9000,1.5336
3036500,1.9000,1.5392
3037000,1.9000,1.5360
3037500,1.9000,1.5473
3038000,1.9000,1.5352
3038500,1.9000,1.5432
3039000,1.9000,1.5360
3039500,1.9000,1.5424
3040000,1.9000,1.5368
3040500,1.9000,1.5231
3041000,1.9000,1.5368
3041500,1.9000,1.5368
3042000,1.9000,1.5400
3042500,1.9000,1.5384
3043000,1.9000,1.5400
3043500,1.9000,1.5416
3044000,1.9000,1.5384
3044500,1.9000,1.5360
3045000,1.9000,1.5448
3045500,1.9000,1.5368
3046000,1.9000,1.5360
3046500,1.9000,1.5448
3047000,1.9000,1.5456
3047500,1.9000,1.5352
3048000,1.9000,1.5360
3048500,1.9000,1.5368
3049000,1.9000,1.5392
3049500,1.9000,1.5456
3050000,1.9000,1.5344
3050500,1.9000,1.5368
3051000,1.9000,1.5400
3051500,1.9000,1.5400
3052000,1.9000,1.5368
3052500,1.9000,1.5360
3053000,1.9000,1.5271
3053500,1.9000,1.5344
3054000,1.9000,1.5360
3054500,1.9000,1.5561
3055000,1.9000,1.5432
3055500,1.9000,1.5327
3056000,1.9000,1.5448
3056500,1.9000,1.5368
3057000,1.9000,1.5400
3057500,1.9000,1.5368
3058000,1.9000,1.5440
3058500,1.9000,1.5537
3059000,1.9000,1.5432
3059500,1.9000,1.5336
3060000,1.9000,1.5263
3060500,1.9000,1.5327
3061000,1.9000,1.5456
3061500,1.9000,1.5344
3062000,1.9000,1.5319
3062500,1.9000,1.5424
3063000,1.9000,1.5352
3063500,1.9000,1.5384
3064000,1.9000,1.5400
3064500,1.9000,1.5456
3065000,1.9000,1.5344
3065500,1.9000,1.5368
3066000,1.9000,1.5448
3066500,1.9000,1.5392
3067000,1.9000,1.5400
3067500,1.9000,1.5368
3068000,1.9000,1.5392
3068500,1.9000,1.5352
3069000,1.9000,1.5432
3069500,1.9000,1.5521
3070000,1.9000,1.5400
3070500,1.9000,1.5344
3071000,1.9000,1.5360
3071500,1.9000,1.5392
3072000,1.9000,1.5344
3072500,1.9000,1.5360
3073000,1.9000,1.5464
3073500,1.9000,1.5352
3074000,1.9000,1.5376
3074500,1.9000,1.5400
3075000,1.9000,1.5440
3075500,1.9000,1.5303
3076000,1.9000,1.5448
3076500,1.9000,1.5440
3077000,1.9000,1.5368
3077500,1.9000,1.5344
3078000,1.9000,1.5360
3078500,1.9000,1.5448
3079000,1.9000,1.5384
3079500,1.9000,1.5344
3080000,1.9000,1.5287
3080500,1.9000,1.5352
3081000,1.9000,1.5473
3081500,1.9000,1.5336
3082000,1.9000,1.5464
3082500,1.9000,1.5489
3083000,1.9000,1.5424
3083500,1.9000,1.5456
3084000,1.9000,1.5432
3084500,1.9000,1.5360
3085000,1.9000,1.5174
3085500,1.9000,1.5456
3086000,1.9000,1.5481
3086500,1.9000,1.5344
3087000,1.9000,1.5360
3087500,1.9000,1.5473
3088000,1.9000,1.5416
3088500,1.9000,1.5368
3089000,1.9000,1.5464
3089500,1.9000,1.5456
3090000,1.9000,1.5448
3090500,1.9000,1.5344
3091000,1.9000,1.5416
3091500,1.9000,1.5392
3092000,1.9000,1.5585
3092500,1.9000,1.5344
3093000,1.9000,1.5400
3093500,1.9000,1.5384
3094000,1.9000,1.5344
3094500,1.9000,1.5400
3095000,1.9000,1.5344
3095500,1.9000,1.5464
3096000,1.9000,1.5408
3096500,1.9000,1.5481
3097000,1.9000,1.5448
3097500,1.9000,1.5529
3098000,1.9000,1.5368
3098500,1.9000,1.5489
3099000,1.9000,1.5360
3099500,1.9000,1.5400
3100000,1.9000,1.5473
3100500,1.9000,1.5344
3101000,1.9000,1.5473
3101500,1.9000,1.5481
3102000,1.9000,1.5416
3102500,1.9000,1.5489
3103000,1.9000,1.5577
3103500,1.9000,1.5344
3104000,1.9000,1.5368
3104500,1.9000,1.5368
3105000,1.9000,1.5473
3105500,1.9000,1.5432
3106000,1.9000,1.5481
3106500,1.9000,1.5384
3107000,1.9000,1.5400
3107500,1.9000,1.5416
3108000,1.9000,1.5464
3108500,1.9000,1.5344
3109000,1.9000,1.5400
3109500,1.9000,1.5416
3110000,1.9000,1.5424
3110500,1.9000,1.5561
3111000,1.9000,1.5392
3111500,1.9000,1.5368
3112000,1.9000,1.5352
3112500,1.9000,1.5344
3113000,1.9000,1.5376
3113500,1.9000,1.5400
3114000,1.9000,1.5473
3114500,1.9000,1.5400
3115000,1.9000,1.5432
3115500,1.9000,1.5473
3116000,1.9000,1.5489
3116500,1.9000,1.5481
3117000,1.9000,1.5400
3117500,1.9000,1.5392
3118000,1.9000,1.5408
3118500,1.9000,1.5376
3119000,1.9000,1.5448
3119500,1.9000,1.5601
3120000,1.9000,1.5432
3120500,1.9000,1.5464
3121000,1.9000,1.5408
3121500,1.9000,1.5416
3122000,1.9000,1.5400
3122500,1.9000,1.5577
3123000,1.9000,1.5344
3123500,1.9000,1.5448
3124000,1.9000,1.5392
3124500,1.9000,1.5432
3125000,1.9000,1.5473
3125500,1.9000,1.5505
3126000,1.9000,1.5473
3126500,1.9000,1.5529
3127000,1.9000,1.5384
3127500,1.9000,1.5464
3128000,1.9000,1.5424
3128500,1.9000,1.5158
3129000,1.9000,1.5448
3129500,1.9000,1.5424
3130000,1.9000,1.5432
3130500,1.9000,1.5448
3131000,1.9000,1.5368
3131500,1.9000,1.5360
3132000,1.9000,1.5473
3132500,1.9000,1.5448
3133000,1.9000,1.5464
3133500,1.9000,1.5424
3134000,1.9000,1.5408
3134500,1.9000,1.5392
3135000,1.9000,1.5448
3135500,1.9000,1.5545
3136000,1.9000,1.5424
3136500,1.9000,1.5456
3137000,1.9000,1.5432
3137500,1.9000,1.5787
3138000,1.9000,1.5344
3138500,1.9000,1.5464
3139000,1.9000,1.5473
3139500,1.9000,1.5424
3140000,1.9000,1.5481
3140500,1.9000,1.5400
3141000,1.9000,1.5513
3141500,1.9000,1.5392
3142000,1.9000,1.5464
3142500,1.9000,1.5360
3143000,1.9000,1.5392
3143500,1.9000,1.5593
3144000,1.9000,1.5489
3144500,1.9000,1.5464
3145000,1.9000,1.5513
3145500,1.9000,1.5416
3146000,1.9000,1.5448
3146500,1.9000,1.5384
3147000,1.9000,1.5505
3147500,1.9000,1.5400
3148000,1.9000,1.5456
3148500,1.9000,1.5440
3149000,1.9000,1.5319
3149500,1.9000,1.5464
3150000,1.9000,1.5448
3150500,1.9000,1.5336
3151000,1.9000,1.5432
3151500,1.9000,1.4699
3152000,1.9000,1.5448
3152500,1.9000,1.5545
3153000,1.9000,1.5327
3153500,1.9000,1.5473
3154000,1.9000,1.5489
3154500,1.9000,1.5448
3155000,1.9000,1.5529
3155500,1.9000,1.5473
3156000,1.9000,1.5432
3156500,1.9000,1.5513
3157000,1.9000,1.5473
3157500,1.9000,1.5473
3158000,1.9000,1.5464
3158500,1.9000,1.5464
3159000,1.9000,1.5545
3159500,1.9000,1.5392
3160000,1.9000,1.5730
3160500,1.9000,1.5448
3161000,1.9000,1.5481
3161500,1.9000,1.5336
3162000,1.9000,1.5456
3162500,1.9000,1.5456
3163000,1.9000,1.5505
3163500,1.9000,1.5448
3164000,1.9000,1.5448
3164500,1.9000,1.5601
3165000,1.9000,1.5416
3165500,1.9000,1.5432
3166000,1.9000,1.5456
3166500,1.9000,1.5521
3167000,1.9000,1.5473
3167500,1.9000,1.5432
3168000,1.9000,1.5601
3168500,1.9000,1.5464
3169000,1.9000,1.5521
3169500,1.9000,1.5448
3170000,1.9000,1.5545
3170500,1.9000,1.5529
3171000,1.9000,1.5481
3171500,1.9000,1.5344
3172000,1.9000,1.5456
3172500,1.9000,1.5521
3173000,1.9000,1.5464
3173500,1.9000,1.5489
3174000,1.9000,1.5585
3174500,1.9000,1.5553
3175000,1.9000,1.5473
3175500,1.9000,1.5513
3176000,1.9000,1.5489
3176500,1.9000,1.5521
3177000,1.9000,1.5497
3177500,1.9000,1.5529
3178000,1.9000,1.5448
3178500,1.9000,1.5392
3179000,1.9000,1.5497
3179500,1.9000,1.5529
3180000,1.9000,1.5473
3180500,1.9000,1.5521
3181000,1.9000,1.5473
3181500,1.9000,1.5513
3182000,1.9000,1.5481
3182500,1.9000,1.5489
3183000,1.9000,1.5601
3183500,1.9000,1.5489
3184000,1.9000,1.5561
3184500,1.9000,1.5448
3185000,1.9000,1.5464
3185500,1.9000,1.5424
3186000,1.9000,1.5521
3186500,1.9000,1.5456
3187000,1.9000,1.5529
3187500,1.9000,1.5464
3188000,1.9000,1.5497
3188500,1.9000,1.5215
3189000,1.9000,1.5521
3189500,1.9000,1.5529
3190000,1.9000,1.5585
3190500,1.9000,1.5464
3191000,1.9000,1.5489
3191500,1.9000,1.5448
3192000,1.9000,1.5626
3192500,1.9000,1.5513
3193000,1.9000,1.5497
3193500,1.9000,1.5481
3194000,1.9000,1.5473
3194500,1.9000,1.5626
3195000,1.9000,1.5513
3195500,1.9000,1.5529
3196000,1.9000,1.5481
3196500,1.9000,1.5448
3197000,1.9000,1.5553
3197500,1.9000,1.5521
3198000,1.9000,1.5577
3198500,1.9000,1.5481
3199000,1.9000,1.5497
3199500,1.9000,1.5497
3200000,1.9000,1.5521
3200500,1.9000,1.5448
3201000,1.9000,1.5456
3201500,1.9000,1.5553
3202000,1.9000,1.5593
3202500,1.9000,1.5553
3203000,1.9000,1.5553
3203500,1.9000,1.5464
3204000,1.9000,1.5497
3204500,1.9000,1.5577
3205000,1.9000,1.5690
3205500,1.9000,1.5513
3206000,1.9000,1.5601
3206500,1.9000,1.5473
3207000,1.9000,1.5473
3207500,1.9000,1.5577
3208000,1.9000,1.5513
3208500,1.9000,1.5585
3209000,1.9000,1.5521
3209500,1.9000,1.5513
3210000,1.9000,1.5545
3210500,1.9000,1.5569
3211000,1.9000,1.5513
3211500,1.9000,1.5416
3212000,1.9000,1.5473
3212500,1.9000,1.5513
3213000,1.9000,1.5545
3213500,1.9000,1.5642
3214000,1.9000,1.5489
3214500,1.9000,1.5489
3215000,1.9000,1.5473
3215500,1.9000,1.5545
3216000,1.9000,1.5464
3216500,1.9000,1.5489
3217000,1.9000,1.5521
3217500,1.9000,1.5545
3218000,1.9000,1.5464
3218500,1.9000,1.5601
3219000,1.9000,1.5521
3219500,1.9000,1.5561
3220000,1.9000,1.5545
3220500,1.9000,1.5424
3221000,1.9000,1.5529
3221500,1.9000,1.5344
3222000,1.9000,1.5610
3222500,1.9000,1.5553
3223000,1.9000,1.5585
3223500,1.9000,1.5577
3224000,1.9000,1.5553
3224500,1.9000,1.5601
3225000,1.9000,1.5553
3225500,1.9000,1.5601
3226000,1.9000,1.5456
3226500,1.9000,1.5690
3227000,1.9000,1.5577
3227500,1.9000,1.5553
3228000,1.9000,1.5618
3228500,1.9000,1.5553
3229000,1.9000,1.5577
3229500,1.9000,1.5634
3230000,1.9000,1.5481
3230500,1.9000,1.5545
3231000,1.9000,1.5610
3231500,1.9000,1.5432
3232000,1.9000,1.5513
3232500,1.9000,1.5352
3233000,1.9000,1.5545
3233500,1.9000,1.5553
3234000,1.9000,1.5642
3234500,1.9000,1.5473
3235000,1.9000,1.5545
3235500,1.9000,1.5569
3236000,1.9000,1.5384
3236500,1.9000,1.5545
3237000,1.9000,1.5634
3237500,1.9000,1.5473
3238000,1.9000,1.5577
3238500,1.9000,1.5553
3239000,1.9000,1.5601
3239500,1.9000,1.5521
3240000,1.9000,1.5537
3240500,1.9000,1.5537
3241000,1.9000,1.5553
3241500,1.9000,1.5561
3242000,1.9000,1.5497
3242500,1.9000,1.5569
3243000,1.9000,1.5650
3243500,1.9000,1.5618
3244000,1.9000,1.5360
3244500,1.9000,1.5553
3245000,1.9000,1.5561
3245500,1.9000,1.5577
3246000,1.9000,1.5489
3246500,1.9000,1.5545
3247000,1.9000,1.5601
3247500,1.9000,1.5561
3248000,1.9000,1.5593
3248500,1.9000,1.5529
3249000,1.9000,1.5585
3249500,1.9000,1.5553
3250000,1.9000,1.5593
3250500,1.9000,1.5626
3251000,1.9000,1.5553
3251500,1.9000,1.5561
3252000,1.9000,1.5690
3252500,1.9000,1.5601
3253000,1.9000,1.5593
3253500,1.9000,1.5601
3254000,1.9000,1.5569
3254500,1.9000,1.5569
3255000,1.9000,1.5569
3255500,1.9000,1.5601
3256000,1.9000,1.5513
3256500,1.9000,1.5601
3257000,1.9000,1.5585
3257500,1.9000,1.5473
3258000,1.9000,1.5497
3258500,1.9000,1.5529
3259000,1.9000,1.5529
3259500,1.9000,1.5577
3260000,1.9000,1.5481
3260500,1.9000,1.5610
3261000,1.9000,1.5577
3261500,1.9000,1.5489
3262000,1.9000,1.5601
3262500,1.9000,1.5432
3263000,1.9000,1.5553
3263500,1.9000,1.5577
3264000,1.9000,1.5561
3264500,1.9000,1.5497
3265000,1.9000,1.5529
3265500,1.9000,1.5561
3266000,1.9000,1.5473
3266500,1.9000,1.5529
3267000,1.9000,1.5593
3267500,1.9000,1.5795
3268000,1.9000,1.5553
3268500,1.9000,1.5601
3269000,1.9000,1.5577
3269500,1.9000,1.5569
3270000,1.9000,1.5521
3270500,1.9000,1.5851
3271000,1.9000,1.5601
3271500,1.9000,1.5601
3272000,1.9000,1.5545
3272500,1.9000,1.5601
3273000,1.9000,1.5585
3273500,1.9000,1.5634
3274000,1.9000,1.5577
3274500,1.9000,1.5569
3275000,1.9000,1.5610
3275500,1.9000,1.5610
3276000,1.9000,1.5529
3276500,1.9000,1.5505
3277000,1.9000,1.5553
3277500,1.9000,1.5521
3278000,1.9000,1.5489
3278500,1.9000,1.5601
3279000,1.9000,1.5634
3279500,1.9000,1.5569
3280000,1.9000,1.5585
3280500,1.9000,1.5497
3281000,1.9000,1.5561
3281500,1.9000,1.5642
3282000,1.9000,1.5561
3282500,1.9000,1.5722
3283000,1.9000,1.5553
3283500,1.9000,1.5521
3284000,1.9000,1.5513
3284500,1.9000,1.5416
3285000,1.9000,1.5529
3285500,1.9000,1.5601
3286000,1.9000,1.5650
3286500,1.9000,1.5730
3287000,1.9000,1.5489
3287500,1.9000,1.5585
3288000,1.9000,1.5561
3288500,1.9000,1.5601
3289000,1.9000,1.5610
3289500,1.9000,1.5561
3290000,1.9000,1.5585
3290500,1.9000,1.5593
3291000,1.9000,1.5593
3291500,1.9000,1.5626
3292000,1.9000,1.5618
3292500,1.9000,1.5642
3293000,1.9000,1.5593
3293500,1.9000,1.5432
3294000,1.9000,1.5585
3294500,1.9000,1.5601
3295000,1.9000,1.5682
3295500,1.9000,1.5626
3296000,1.9000,1.5626
3296500,1.9000,1.5601
3297000,1.9000,1.5545
3297500,1.9000,1.5593
3298000,1.9000,1.5642
3298500,1.9000,1.5610
3299000,1.9000,1.5529
3299500,1.9000,1.5601
3300000,1.9000,1.5618
3300500,1.9000,1.5585
3301000,1.9000,1.5610
3301500,1.9000,1.5545
3302000,1.9000,1.5626
3302500,1.9000,1.5553
3303000,1.9000,1.5561
3303500,1.9000,1.5481
3304000,1.9000,1.5521
3304500,1.9000,1.5618
3305000,1.9000,1.5634
3305500,1.9000,1.5747
3306000,1.9000,1.5529
3306500,1.9000,1.5618
3307000,1.9000,1.5585
3307500,1.9000,1.5601
3308000,1.9000,1.5626
3308500,1.9000,1.5650
3309000,1.9000,1.5537
3309500,1.9000,1.5626
3310000,1.9000,1.5658
3310500,1.9000,1.5610
3311000,1.9000,1.5610
3311500,1.9000,1.5618
3312000,1.9000,1.5593
3312500,1.9000,1.5610
3313000,1.9000,1.5618
3313500,1.9000,1.5593
3314000,1.9000,1.5827
3314500,1.9000,1.5601
3315000,1.9000,1.5682
3315500,1.9000,1.5529
3316000,1.9000,1.5601
3316500,1.9000,1.5690
3317000,1.9000,1.5642
3317500,1.9000,1.5626
3318000,1.9000,1.5682
3318500,1.9000,1.5601
3319000,1.9000,1.5626
3319500,1.9000,1.5569
3320000,1.9000,1.5529
3320500,1.9000,1.5674
3321000,1.9000,1.5618
3321500,1.9000,1.5601
3322000,1.9000,1.5634
3322500,1.9000,1.5618
3323000,1.9000,1.5610
3323500,1.9000,1.5561
3324000,1.9000,1.5650
3324500,1.9000,1.5674
3325000,1.9000,1.5601
3325500,1.9000,1.5730
3326000,1.9000,1.5706
3326500,1.9000,1.5682
3327000,1.9000,1.5706
3327500,1.9000,1.5601
3328000,1.9000,1.5593
3328500,1.9000,1.5650
3329000,1.9000,1.5626
3329500,1.9000,1.5593
3330000,1.9000,1.5601
3330500,1.9000,1.5601
3331000,1.9000,1.5618
3331500,1.9000,1.5577
3332000,1.9000,1.5610
3332500,1.9000,1.5811
3333000,1.9000,1.5658
3333500,1.9000,1.5626
3334000,1.9000,1.5610
3334500,1.9000,1.5601
3335000,1.9000,1.5585
3335500,1.9000,1.5642
3336000,1.9000,1.5601
3336500,1.9000,1.5593
3337000,1.9000,1.5658
3337500,1.9000,1.5569
3338000,1.9000,1.5416
3338500,1.9000,1.5529
3339000,1.9000,1.5601
3339500,1.9000,1.5626
3340000,1.9000,1.5779
3340500,1.9000,1.5634
3341000,1.9000,1.5690
3341500,1.9000,1.5650
3342000,1.9000,1.5642
3342500,1.9000,1.5650
3343000,1.9000,1.5658
3343500,1.9000,1.5601
3344000,1.9000,1.5674
3344500,1.9000,1.5722
3345000,1.9000,1.5658
3345500,1.9000,1.5601
3346000,1.9000,1.5771
3346500,1.9000,1.5658
3347000,1.9000,1.5722
3347500,1.9000,1.5601
3348000,1.9000,1.5610
3348500,1.9000,1.5690
3349000,1.9000,1.5634
3349500,1.9000,1.5618
3350000,1.9000,1.5690
3350500,1.9000,1.5642
3351000,1.9000,1.5674
3351500,1.9000,1.5464
3352000,1.9000,1.5682
3352500,1.9000,1.5626
3353000,1.9000,1.5642
3353500,1.9000,1.5650
3354000,1.9000,1.5650
3354500,1.9000,1.5706
3355000,1.9000,1.5626
3355500,1.9000,1.5658
3356000,1.9000,1.5706
3356500,1.9000,1.5722
3357000,1.9000,1.5722
3357500,1.9000,1.5722
3358000,1.9000,1.5674
3358500,1.9000,1.5610
3359000,1.9000,1.5674
3359500,1.9000,1.5650
3360000,1.9000,1.5771
3360500,1.9000,1.5634
3361000,1.9000,1.5626
3361500,1.9000,1.5819
3362000,1.9000,1.5650
3362500,1.9000,1.5698
3363000,1.9000,1.5626
3363500,1.9000,1.5674
3364000,1.9000,1.5642
3364500,1.9000,1.5650
3365000,1.9000,1.5738
3365500,1.9000,1.5714
3366000,1.9000,1.5626
3366500,1.9000,1.5642
3367000,1.9000,1.5779
3367500,1.9000,1.5706
3368000,1.9000,1.5674
3368500,1.9000,1.5634
3369000,1.9000,1.5747
3369500,1.9000,1.5626
3370000,1.9000,1.5682
3370500,1.9000,1.5690
3371000,1.9000,1.5819
3371500,1.9000,1.5706
3372000,1.9000,1.5626
3372500,1.9000,1.5803
3373000,1.9000,1.5650
3373500,1.9000,1.5674
3374000,1.9000,1.5722
3374500,1.9000,1.5650
3375000,1.9000,1.5642
3375500,1.9000,1.5706
3376000,1.9000,1.5601
3376500,1.9000,1.5658
3377000,1.9000,1.5706
3377500,1.9000,1.5650
3378000,1.9000,1.5626
3378500,1.9000,1.5642
3379000,1.9000,1.5626
3379500,1.9000,1.5658
3380000,1.9000,1.5996
3380500,1.9000,1.5714
3381000,1.9000,1.5521
3381500,1.9000,1.5698
3382000,1.9000,1.5779
3382500,1.9000,1.5690
3383000,1.9000,1.5674
3383500,1.9000,1.5755
3384000,1.9000,1.5722
3384500,1.9000,1.5771
3385000,1.9000,1.5722
3385500,1.9000,1.5690
3386000,1.9000,1.5811
3386500,1.9000,1.5722
3387000,1.9000,1.5819
3387500,1.9000,1.5706
3388000,1.9000,1.5561
3388500,1.9000,1.5618
3389000,1.9000,1.5336
3389500,1.9000,1.5690
3390000,1.9000,1.5658
3390500,1.9000,1.5658
3391000,1.9000,1.5626
3391500,1.9000,1.5819
3392000,1.9000,1.5892
3392500,1.9000,1.5634
3393000,1.9000,1.5634
3393500,1.9000,1.5706
3394000,1.9000,1.5650
3394500,1.9000,1.5601
3395000,1.9000,1.5601
3395500,1.9000,1.5730
3396000,1.9000,1.5658
3396500,1.9000,1.5843
3397000,1.9000,1.5561
3397500,1.9000,1.5722
3398000,1.9000,1.5722
3398500,1.9000,1.5561
3399000,1.9000,1.5682
3399500,1.9000,1.5497
3400000,1.9000,1.5658
3400500,1.9000,1.5714
3401000,1.9000,1.5722
3401500,1.9000,1.5601
3402000,1.9000,1.5722
3402500,1.9000,1.5642
3403000,1.9000,1.5658
3403500,1.9000,1.5626
3404000,1.9000,1.5690
3404500,1.9000,1.5593
3405000,1.9000,1.5698
3405500,1.9000,1.5827
3406000,1.9000,1.5601
3406500,1.9000,1.5714
3407000,1.9000,1.5722
3407500,1.9000,1.5738
3408000,1.9000,1.5747
3408500,1.9000,1.5650
3409000,1.9000,1.5626
3409500,1.9000,1.5682
3410000,1.9000,1.5730
3410500,1.9000,1.5690
3411000,1.9000,1.5601
3411500,1.9000,1.5706
3412000,1.9000,1.5682
3412500,1.9000,1.5730
3413000,1.9000,1.5730
3413500,1.9000,1.5811
3414000,1.9000,1.5610
3414500,1.9000,1.5682
3415000,1.9000,1.5682
3415500,1.9000,1.5714
3416000,1.9000,1.5771
3416500,1.9000,1.5755
3417000,1.9000,1.5706
3417500,1.9000,1.5690
3418000,1.9000,1.5706
3418500,1.9000,1.5722
3419000,1.9000,1.5706
3419500,1.9000,1.5771
3420000,1.9000,1.5803
3420500,1.9000,1.5706
3421000,1.9000,1.5755
3421500,1.9000,1.5755
3422000,1.9000,1.5706
3422500,1.9000,1.5690
3423000,1.9000,1.5714
3423500,1.9000,1.5706
3424000,1.9000,1.5779
3424500,1.9000,1.5730
3425000,1.9000,1.5690
3425500,1.9000,1.5698
3426000,1.9000,1.5690
3426500,1.9000,1.5884
3427000,1.9000,1.5771
3427500,1.9000,1.5642
3428000,1.9000,1.5811
3428500,1.9000,1.5738
3429000,1.9000,1.5771
3429500,1.9000,1.5763
3430000,1.9000,1.5618
3430500,1.9000,1.5803
3431000,1.9000,1.5722
3431500,1.9000,1.5690
3432000,1.9000,1.5730
3432500,1.9000,1.5714
3433000,1.9000,1.5706
3433500,1.9000,1.5755
3434000,1.9000,1.5779
3434500,1.9000,1.5763
3435000,1.9000,1.5738
3435500,1.9000,1.5738
3436000,1.9000,1.5618
3436500,1.9000,1.5722
3437000,1.9000,1.5771
3437500,1.9000,1.5908
3438000,1.9000,1.5747
3438500,1.9000,1.5747
3439000,1.9000,1.5601
3439500,1.9000,1.5771
3440000,1.9000,1.5706
3440500,1.9000,1.5867
3441000,1.9000,1.5755
3441500,1.9000,1.5569
3442000,1.9000,1.5738
3442500,1.9000,1.5730
3443000,1.9000,1.5900
3443500,1.9000,1.5658
3444000,1.9000,1.5738
3444500,1.9000,1.5738
3445000,1.9000,1.5867
3445500,1.9000,1.5867
3446000,1.9000,1.5738
3446500,1.9000,1.5706
3447000,1.9000,1.5738
3447500,1.9000,1.5610
3448000,1.9000,1.5787
3448500,1.9000,1.5738
3449000,1.9000,1.5618
3449500,1.9000,1.5706
3450000,1.9000,1.5787
3450500,1.9000,1.5835
3451000,1.9000,1.5747
3451500,1.9000,1.5730
3452000,1.9000,1.5747
3452500,1.9000,1.5722
3453000,1.9000,1.5843
3453500,1.9000,1.5634
3454000,1.9000,1.5690
3454500,1.9000,1.5682
3455000,1.9000,1.5763
3455500,1.9000,1.5747
3456000,1.9000,1.5859
3456500,1.9000,1.5755
3457000,1.9000,1.5755
3457500,1.9000,1.5787
3458000,1.9000,1.5795
3458500,1.9000,1.5755
3459000,1.9000,1.5755
3459500,1.9000,1.5722
3460000,1.9000,1.5787
3460500,1.9000,1.5730
3461000,1.9000,1.5835
3461500,1.9000,1.5771
3462000,1.9000,1.5803
3462500,1.9000,1.5859
3463000,1.9000,1.5795
3463500,1.9000,1.5875
3464000,1.9000,1.5827
3464500,1.9000,1.5851
3465000,1.9000,1.5811
3465500,1.9000,1.5859
3466000,1.9000,1.5875
3466500,1.9000,1.5650
3467000,1.9000,1.5682
3467500,1.9000,1.5835
3468000,1.9000,1.5755
3468500,1.9000,1.5755
3469000,1.9000,1.5601
3469500,1.9000,1.5819
3470000,1.9000,1.5738
3470500,1.9000,1.5900
3471000,1.9000,1.5755
3471500,1.9000,1.5819
3472000,1.9000,1.5779
3472500,1.9000,1.5851
3473000,1.9000,1.5859
3473500,1.9000,1.5875
3474000,1.9000,1.5803
3474500,1.9000,1.5827
3475000,1.9000,1.5779
3475500,1.9000,1.5771
3476000,1.9000,1.5843
3476500,1.9000,1.5787
3477000,1.9000,1.5779
3477500,1.9000,1.5795
3478000,1.9000,1.5658
3478500,1.9000,1.5577
3479000,1.9000,1.5819
3479500,1.9000,1.5803
3480000,1.9000,1.5690
3480500,1.9000,1.5843
3481000,1.9000,1.5787
3481500,1.9000,1.5867
3482000,1.9000,1.5819
3482500,1.9000,1.5755
3483000,1.9000,1.5714
3483500,1.9000,1.5819
3484000,1.9000,1.5779
3484500,1.9000,1.5803
3485000,1.9000,1.5690
3485500,1.9000,1.5811
3486000,1.9000,1.5803
3486500,1.9000,1.5755
3487000,1.9000,1.5811
3487500,1.9000,1.5763
3488000,1.9000,1.5755
3488500,1.9000,1.5867
3489000,1.9000,1.5755
3489500,1.9000,1.5835
3490000,1.9000,1.5803
3490500,1.9000,1.5867
3491000,1.9000,1.5771
3491500,1.9000,1.5827
3492000,1.9000,1.5859
3492500,1.9000,1.5730
3493000,1.9000,1.5779
3493500,1.9000,1.5618
3494000,1.9000,1.5851
3494500,1.9000,1.5859
3495000,1.9000,1.5747
3495500,1.9000,1.5722
3496000,1.9000,1.5787
3496500,1.9000,1.5811
3497000,1.9000,1.5859
3497500,1.9000,1.5763
3498000,1.9000,1.5779
3498500,1.9000,1.5819
3499000,1.9000,1.5722
3499500,1.9000,1.5771
3500000,1.9000,1.5803
3500500,1.9000,1.5755
3501000,1.9000,1.5771
3501500,1.9000,1.5787
3502000,1.9000,1.5827
3502500,1.9000,1.5722
3503000,1.9000,1.5787
3503500,1.9000,1.5827
3504000,1.9000,1.5851
3504500,1.9000,1.5803
3505000,1.9000,1.5811
3505500,1.9000,1.5738
3506000,1.9000,1.5859
3506500,1.9000,1.5859
3507000,1.9000,1.5811
3507500,1.9000,1.5859
3508000,1.9000,1.5787
3508500,1.9000,1.5755
3509000,1.9000,1.5803
3509500,1.9000,1.5851
3510000,1.9000,1.5787
3510500,1.9000,1.5835
3511000,1.9000,1.5738
3511500,1.9000,1.5779
3512000,1.9000,1.5875
3512500,1.9000,1.5803
3513000,1.9000,1.5819
3513500,1.9000,1.5827
3514000,1.9000,1.5811
3514500,1.9000,1.5859
3515000,1.9000,1.5803
3515500,1.9000,1.5682
3516000,1.9000,1.5424
3516500,1.9000,1.5843
3517000,1.9000,1.5738
3517500,1.9000,1.5722
3518000,1.9000,1.5851
3518500,1.9000,1.5747
3519000,1.9000,1.5779
3519500,1.9000,1.5811
3520000,1.9000,1.5835
3520500,1.9000,1.5714
3521000,1.9000,1.5658
3521500,1.9000,1.5811
3522000,1.9000,1.5787
3522500,1.9000,1.5795
3523000,1.9000,1.5730
3523500,1.9000,1.5771
3524000,1.9000,1.5747
3524500,1.9000,1.5803
3525000,1.9000,1.5851
3525500,1.9000,1.5787
3526000,1.9000,1.5738
3526500,1.9000,1.5851
3527000,1.9000,1.5851
3527500,1.9000,1.5859
3528000,1.9000,1.5755
3528500,1.9000,1.5851
3529000,1.9000,1.5738
3529500,1.9000,1.5835
3530000,1.9000,1.5803
3530500,1.9000,1.5867
3531000,1.9000,1.5730
3531500,1.9000,1.5843
3532000,1.9000,1.5811
3532500,1.9000,1.5827
3533000,1.9000,1.5859
3533500,1.9000,1.5771
3534000,1.9000,1.5843
3534500,1.9000,1.5811
3535000,1.9000,1.5787
3535500,1.9000,1.5811
3536000,1.9000,1.5803
3536500,1.9000,1.5787
3537000,1.9000,1.5690
3537500,1.9000,1.5771
3538000,1.9000,1.5755
3538500,1.9000,1.5859
3539000,1.9000,1.5787
3539500,1.9000,1.5827
3540000,1.9000,1.5859
3540500,1.9000,1.5771
3541000,1.9000,1.5843
3541500,1.9000,1.5875
3542000,1.9000,1.5722
3542500,1.9000,1.5787
3543000,1.9000,1.5779
3543500,1.9000,1.5779
3544000,1.9000,1.5755
3544500,1.9000,1.5706
3545000,1.9000,1.6045
3545500,1.9000,1.5908
3546000,1.9000,1.5738
3546500,1.9000,1.5851
3547000,1.9000,1.5763
3547500,1.9000,1.5771
3548000,1.9000,1.5787
3548500,1.9000,1.5819
3549000,1.9000,1.5787
3549500,1.9000,1.5730
3550000,1.9000,1.5843
3550500,1.9000,1.5875
3551000,1.9000,1.5779
3551500,1.9000,1.5843
3552000,1.9000,1.5771
3552500,1.9000,1.5859
3553000,1.9000,1.5867
3553500,1.9000,1.5867
3554000,1.9000,1.5867
3554500,1.9000,1.5771
3555000,1.9000,1.5835
3555500,1.9000,1.5843
3556000,1.9000,1.5803
3556500,1.9000,1.5843
3557000,1.9000,1.5819
3557500,1.9000,1.5859
3558000,1.9000,1.5803
3558500,1.9000,1.5803
3559000,1.9000,1.5916
3559500,1.9000,1.5819
3560000,1.9000,1.5851
3560500,1.9000,1.5859
3561000,1.9000,1.5787
3561500,1.9000,1.5875
3562000,1.9000,1.5859
3562500,1.9000,1.5706
3563000,1.9000,1.5787
3563500,1.9000,1.5779
3564000,1.9000,1.5747
3564500,1.9000,1.5972
3565000,1.9000,1.5811
3565500,1.9000,1.5819
3566000,1.9000,1.5859
3566500,1.9000,1.5859
3567000,1.9000,1.5779
3567500,1.9000,1.5827
3568000,1.9000,1.5859
3568500,1.9000,1.5859
3569000,1.9000,1.5900
3569500,1.9000,1.5875
3570000,1.9000,1.5875
3570500,1.9000,1.5835
3571000,1.9000,1.5980
3571500,1.9000,1.5803
3572000,1.9000,1.5892
3572500,1.9000,1.5988
3573000,1.9000,1.5714
3573500,1.9000,1.5835
3574000,1.9000,1.5819
3574500,1.9000,1.5859
3575000,1.9000,1.5851
3575500,1.9000,1.5851
3576000,1.9000,1.5859
3576500,1.9000,1.5787
3577000,1.9000,1.5859
3577500,1.9000,1.5811
3578000,1.9000,1.5658
3578500,1.9000,1.5859
3579000,1.9000,1.5843
3579500,1.9000,1.5859
3580000,1.9000,1.5835
3580500,1.9000,1.5779
3581000,1.9000,1.5843
3581500,1.9000,1.5827
3582000,1.9000,1.5859
3582500,1.9000,1.5859
3583000,1.9000,1.5819
3583500,1.9000,1.5875
3584000,1.9000,1.5835
3584500,1.9000,1.5787
3585000,1.9000,1.5835
3585500,1.9000,1.5835
3586000,1.9000,1.5859
3586500,1.9000,1.5851
3587000,1.9000,1.5851
3587500,1.9000,1.5843
3588000,1.9000,1.5650
3588500,1.9000,1.5827
3589000,1.9000,1.5851
3589500,1.9000,1.5859
3590000,1.9000,1.5835
3590500,1.9000,1.5819
3591000,1.9000,1.5819
3591500,1.9000,1.5875
3592000,1.9000,1.5867
3592500,1.9000,1.5827
3593000,1.9000,1.5875
3593500,1.9000,1.5779
3594000,1.9000,1.5843
3594500,1.9000,1.5859
3595000,1.9000,1.5940
3595500,1.9000,1.5875
3596000,1.9000,1.5738
3596500,1.9000,1.5859
3597000,1.9000,1.5827
3597500,1.9000,1.5884
3598000,1.9000,1.5859
3598500,1.9000,1.5755
3599000,1.9000,1.5851
3599500,1.9000,1.5827
3600000,1.9000,1.5940
3600500,1.9000,1.5900
3601000,1.9000,1.5867
3601500,1.9000,1.5859
3602000,1.9000,1.5843
3602500,1.9000,1.5859
3603000,1.9000,1.5875
3603500,1.9000,1.5859
3604000,1.9000,1.5843
3604500,1.9000,1.5843
3605000,1.9000,1.5867
3605500,1.9000,1.5843
3606000,1.9000,1.5859
3606500,1.9000,1.5900
3607000,1.9000,1.5916
3607500,1.9000,1.5851
3608000,1.9000,1.5851
3608500,1.9000,1.5859
3609000,1.9000,1.5916
3609500,1.9000,1.5859
3610000,1.9000,1.5875
3610500,1.9000,1.5859
3611000,1.9000,1.5908
3611500,1.9000,1.5884
3612000,1.9000,1.5900
3612500,1.9000,1.5867
3613000,1.9000,1.5900
3613500,1.9000,1.5859
3614000,1.9000,1.5859
3614500,1.9000,1.5884
3615000,1.9000,1.5859
3615500,1.9000,1.5787
3616000,1.9000,1.5843
3616500,1.9000,1.5738
3617000,1.9000,1.5988
3617500,1.9000,1.5819
3618000,1.9000,1.5875
3618500,1.9000,1.5867
3619000,1.9000,1.5859
3619500,1.9000,1.5859
3620000,1.9000,1.5892
3620500,1.9000,1.5884
3621000,1.9000,1.5859
3621500,1.9000,1.5980
3622000,1.9000,1.5908
3622500,1.9000,1.5722
3623000,1.9000,1.5803
3623500,1.9000,1.5634
3624000,1.9000,1.5811
3624500,1.9000,1.5819
3625000,1.9000,1.5916
3625500,1.9000,1.5867
3626000,1.9000,1.5827
3626500,1.9000,1.5843
3627000,1.9000,1.5875
3627500,1.9000,1.5859
3628000,1.9000,1.5900
3628500,1.9000,1.5843
3629000,1.9000,1.5884
3629500,1.9000,1.5859
3630000,1.9000,1.5859
3630500,1.9000,1.5859
3631000,1.9000,1.5859
3631500,1.9000,1.6045
3632000,1.9000,1.5859
3632500,1.9000,1.5819
3633000,1.9000,1.5867
3633500,1.9000,1.5867
3634000,1.9000,1.5859
3634500,1.9000,1.5859
3635000,1.9000,1.5843
3635500,1.9000,1.5851
3636000,1.9000,1.5859
3636500,1.9000,1.5835
3637000,1.9000,1.5851
3637500,1.9000,1.5835
3638000,1.9000,1.5811
3638500,1.9000,1.5835
3639000,1.9000,1.5875
3639500,1.9000,1.5819
3640000,1.9000,1.5843
3640500,1.9000,1.5892
3641000,1.9000,1.5803
3641500,1.9000,1.5835
3642000,1.9000,1.5867
3642500,1.9000,1.5996
3643000,1.9000,1.5851
3643500,1.9000,1.5875
3644000,1.9000,1.5875
3644500,1.9000,1.5892
3645000,1.9000,1.5859
3645500,1.9000,1.5867
3646000,1.9000,1.5859
3646500,1.9000,1.5867
3647000,1.9000,1.5859
3647500,1.9000,1.5859
3648000,1.9000,1.5851
3648500,1.9000,1.5859
3649000,1.9000,1.5851
3649500,1.9000,1.5859
3650000,1.9000,1.6166
3650500,1.9000,1.5908
3651000,1.9000,1.5811
3651500,1.9000,1.5819
3652000,1.9000,1.5859
3652500,1.9000,1.5916
3653000,1.9000,1.6037
3653500,1.9000,1.5827
3654000,1.9000,1.5884
3654500,1.9000,1.5819
3655000,1.9000,1.5803
3655500,1.9000,1.5908
3656000,1.9000,1.5956
3656500,1.9000,1.5867
3657000,1.9000,1.5884
3657500,1.9000,1.5819
3658000,1.9000,1.5916
3658500,1.9000,1.6012
3659000,1.9000,1.5811
3659500,1.9000,1.5819
3660000,1.9000,1.5859
3660500,1.9000,1.5884
3661000,1.9000,1.5964
3661500,1.9000,1.5875
3662000,1.9000,1.5714
3662500,1.9000,1.5682
3663000,1.9000,1.5859
3663500,1.9000,1.5875
3664000,1.9000,1.5747
3664500,1.9000,1.5867
3665000,1.9000,1.5859
3665500,1.9000,1.5859
3666000,1.9000,1.6141
3666500,1.9000,1.5867
3667000,1.9000,1.5859
3667500,1.9000,1.5884
3668000,1.9000,1.5900
3668500,1.9000,1.5875
3669000,1.9000,1.5859
3669500,1.9000,1.5867
3670000,1.9000,1.5835
3670500,1.9000,1.5851
3671000,1.9000,1.5884
3671500,1.9000,1.5859
3672000,1.9000,1.5859
3672500,1.9000,1.5803
3673000,1.9000,1.5859
3673500,1.9000,1.5900
3674000,1.9000,1.5916
3674500,1.9000,1.5900
3675000,1.9000,1.6037
3675500,1.9000,1.5916
3676000,1.9000,1.5811
3676500,1.9000,1.5884
3677000,1.9000,1.5867
3677500,1.9000,1.5851
3678000,1.9000,1.5900
3678500,1.9000,1.5892
3679000,1.9000,1.5988
3679500,1.9000,1.5948
3680000,1.9000,1.5859
3680500,1.9000,1.5859
3681000,1.9000,1.5884
3681500,1.9000,1.5859
3682000,1.9000,1.5948
3682500,1.9000,1.5940
3683000,1.9000,1.5875
3683500,1.9000,1.5875
3684000,1.9000,1.5803
3684500,1.9000,1.5940
3685000,1.9000,1.5875
3685500,1.9000,1.5916
3686000,1.9000,1.5803
3686500,1.9000,1.5892
3687000,1.9000,1.5916
3687500,1.9000,1.5859
3688000,1.9000,1.5722
3688500,1.9000,1.5835
3689000,1.9000,1.5924
3689500,1.9000,1.5811
3690000,1.9000,1.5875
3690500,1.9000,1.5964
3691000,1.9000,1.5859
3691500,1.9000,1.5859
3692000,1.9000,1.5730
3692500,1.9000,1.5819
3693000,1.9000,1.5884
3693500,1.9000,1.5932
3694000,1.9000,1.5884
3694500,1.9000,1.5851
3695000,1.9000,1.5835
3695500,1.9000,1.5859
3696000,1.9000,1.5755
3696500,1.9000,1.5835
3697000,1.9000,1.5908
3697500,1.9000,1.5988
3698000,1.9000,1.5900
3698500,1.9000,1.5908
3699000,1.9000,1.5900
3699500,1.9000,1.5940
3700000,1.9000,1.5819
3700500,1.9000,1.5908
3701000,1.9000,1.5835
3701500,1.9000,1.5859
3702000,1.9000,1.5924
3702500,1.9000,1.5843
3703000,1.9000,1.5875
3703500,1.9000,1.5867
3704000,1.9000,1.5908
3704500,1.9000,1.5859
3705000,1.9000,1.5859
3705500,1.9000,1.5851
3706000,1.9000,1.5892
3706500,1.9000,1.5900
3707000,1.9000,1.5819
3707500,1.9000,1.5787
3708000,1.9000,1.5884
3708500,1.9000,1.6004
3709000,1.9000,1.5940
3709500,1.9000,1.5867
3710000,1.9000,1.5867
3710500,1.9000,1.5884
3711000,1.9000,1.5900
3711500,1.9000,1.5972
3712000,1.9000,1.6045
3712500,1.9000,1.5763
3713000,1.9000,1.5884
3713500,1.9000,1.5940
3714000,1.9000,1.5980
3714500,1.9000,1.5884
3715000,1.9000,1.5908
3715500,1.9000,1.5287
3716000,1.9000,1.5916
3716500,1.9000,1.5875
3717000,1.9000,1.5988
3717500,1.9000,1.5932
3718000,1.9000,1.5851
3718500,1.9000,1.5892
3719000,1.9000,1.5948
3719500,1.9000,1.5884
3720000,1.9000,1.5859
3720500,1.9000,1.5900
3721000,1.9000,1.5884
3721500,1.9000,1.5859
3722000,1.9000,1.5900
3722500,1.9000,1.5851
3723000,1.9000,1.5859
3723500,1.9000,1.5932
3724000,1.9000,1.5884
3724500,1.9000,1.5884
3725000,1.9000,1.5972
3725500,1.9000,1.5819
3726000,1.9000,1.5859
3726500,1.9000,1.5867
3727000,1.9000,1.5867
3727500,1.9000,1.5940
3728000,1.9000,1.5908
3728500,1.9000,1.5916
3729000,1.9000,1.5875
3729500,1.9000,1.5892
3730000,1.9000,1.5916
3730500,1.9000,1.5859
3731000,1.9000,1.5956
3731500,1.9000,1.5988
3732000,1.9000,1.5803
3732500,1.9000,1.5916
3733000,1.9000,1.5932
3733500,1.9000,1.5916
3734000,1.9000,1.5867
3734500,1.9000,1.5900
3735000,1.9000,1.5875
3735500,1.9000,1.5875
3736000,1.9000,1.5763
3736500,1.9000,1.5964
3737000,1.9000,1.5932
3737500,1.9000,1.5859
3738000,1.9000,1.5867
3738500,1.9000,1.5908
3739000,1.9000,1.5892
3739500,1.9000,1.5916
3740000,1.9000,1.5884
3740500,1.9000,1.5884
3741000,1.9000,1.5948
3741500,1.9000,1.5859
3742000,1.9000,1.5884
3742500,1.9000,1.5859
3743000,1.9000,1.6101
3743500,1.9000,1.5892
3744000,1.9000,1.5859
3744500,1.9000,1.6029
3745000,1.9000,1.5884
3745500,1.9000,1.5859
3746000,1.9000,1.5908
3746500,1.9000,1.5908
3747000,1.9000,1.5859
3747500,1.9000,1.5972
3748000,1.9000,1.5787
3748500,1.9000,1.5908
3749000,1.9000,1.5932
3749500,1.9000,1.5948
3750000,1.9000,1.5811
3750500,1.9000,1.5835
3751000,1.9000,1.5892
3751500,1.9000,1.5859
3752000,1.9000,1.5908
3752500,1.9000,1.5924
3753000,1.9000,1.5940
3753500,1.9000,1.5884
3754000,1.9000,1.5980
3754500,1.9000,1.5980
3755000,1.9000,1.5875
3755500,1.9000,1.5924
3756000,1.9000,1.5908
3756500,1.9000,1.5867
3757000,1.9000,1.5908
3757500,1.9000,1.5948
3758000,1.9000,1.6158
3758500,1.9000,1.5940
3759000,1.9000,1.5908
3759500,1.9000,1.5972
3760000,1.9000,1.5996
3760500,1.9000,1.5859
3761000,1.9000,1.5859
3761500,1.9000,1.5875
3762000,1.9000,1.5859
3762500,1.9000,1.5884
3763000,1.9000,1.5884
3763500,1.9000,1.5980
3764000,1.9000,1.5932
3764500,1.9000,1.5900
3765000,1.9000,1.6045
3765500,1.9000,1.5940
3766000,1.9000,1.5875
3766500,1.9000,1.5940
3767000,1.9000,1.6012
3767500,1.9000,1.5916
3768000,1.9000,1.5948
3768500,1.9000,1.5972
3769000,1.9000,1.5916
3769500,1.9000,1.5988
3770000,1.9000,1.5940
3770500,1.9000,1.5900
3771000,1.9000,1.5932
3771500,1.9000,1.5875
3772000,1.9000,1.5980
3772500,1.9000,1.5948
3773000,1.9000,1.5948
3773500,1.9000,1.5884
3774000,1.9000,1.5980
3774500,1.9000,1.5875
3775000,1.9000,1.6061
3775500,1.9000,1.5988
3776000,1.9000,1.5875
3776500,1.9000,1.5916
3777000,1.9000,1.5916
3777500,1.9000,1.5875
3778000,1.9000,1.5948
3778500,1.9000,1.5884
3779000,1.9000,1.5867
3779500,1.9000,1.5892
3780000,1.9000,1.5908
3780500,1.9000,1.5956
3781000,1.9000,1.5948
3781500,1.9000,1.5988
3782000,1.9000,1.5884
3782500,1.9000,1.5948
3783000,1.9000,1.5932
3783500,1.9000,1.5948
3784000,1.9000,1.5940
3784500,1.9000,1.5988
3785000,1.9000,1.5972
3785500,1.9000,1.5908
3786000,1.9000,1.5787
3786500,1.9000,1.5908
3787000,1.9000,1.5940
3787500,1.9000,1.5964
3788000,1.9000,1.5884
3788500,1.9000,1.5948
3789000,1.9000,1.5908
3789500,1.9000,1.5859
3790000,1.9000,1.5948
3790500,1.9000,1.5956
3791000,1.9000,1.5859
3791500,1.9000,1.5956
3792000,1.9000,1.5948
3792500,1.9000,1.5867
3793000,1.9000,1.5972
3793500,1.9000,1.5738
3794000,1.9000,1.5980
3794500,1.9000,1.6004
3795000,1.9000,1.5932
3795500,1.9000,1.5835
3796000,1.9000,1.5980
3796500,1.9000,1.5875
3797000,1.9000,1.5972
3797500,1.9000,1.5964
3798000,1.9000,1.5964
3798500,1.9000,1.5980
3799000,1.9000,1.6037
3799500,1.9000,1.5980
3800000,1.9000,1.5908
3800500,1.9000,1.5900
3801000,1.9000,1.5996
3801500,1.9000,1.5859
3802000,1.9000,1.5996
3802500,1.9000,1.5988
3803000,1.9000,1.5988
3803500,1.9000,1.5940
3804000,1.9000,1.5988
3804500,1.9000,1.5980
3805000,1.9000,1.5948
3805500,1.9000,1.5884
3806000,1.9000,1.6198
3806500,1.9000,1.5859
3807000,1.9000,1.5529
3807500,1.9000,1.5964
3808000,1.9000,1.5940
3808500,1.9000,1.5988
3809000,1.9000,1.5964
3809500,1.9000,1.5972
3810000,1.9000,1.5988
3810500,1.9000,1.6053
3811000,1.9000,1.5940
3811500,1.9000,1.5980
3812000,1.9000,1.5916
3812500,1.9000,1.5948
3813000,1.9000,1.5900
3813500,1.9000,1.5996
3814000,1.9000,1.6004
3814500,1.9000,1.5988
3815000,1.9000,1.5996
3815500,1.9000,1.5835
3816000,1.9000,1.5956
3816500,1.9000,1.6069
3817000,1.9000,1.5956
3817500,1.9000,1.6045
3818000,1.9000,1.6012
3818500,1.9000,1.5996
3819000,1.9000,1.5908
3819500,1.9000,1.6004
3820000,1.9000,1.5916
3820500,1.9000,1.5948
3821000,1.9000,1.5916
3821500,1.9000,1.5867
3822000,1.9000,1.5972
3822500,1.9000,1.5988
3823000,1.9000,1.5988
3823500,1.9000,1.5956
3824000,1.9000,1.5916
3824500,1.9000,1.5908
3825000,1.9000,1.5900
3825500,1.9000,1.5988
3826000,1.9000,1.5956
3826500,1.9000,1.5988
3827000,1.9000,1.5980
3827500,1.9000,1.5859
3828000,1.9000,1.5787
3828500,1.9000,1.5964
3829000,1.9000,1.5980
3829500,1.9000,1.5932
3830000,1.9000,1.5932
3830500,1.9000,1.6012
3831000,1.9000,1.5964
3831500,1.9000,1.6012
3832000,1.9000,1.5956
3832500,1.9000,1.5964
3833000,1.9000,1.6021
3833500,1.9000,1.5948
3834000,1.9000,1.5932
3834500,1.9000,1.5956
3835000,1.9000,1.5916
3835500,1.9000,1.5972
3836000,1.9000,1.5948
3836500,1.9000,1.5980
3837000,1.9000,1.5980
3837500,1.9000,1.5956
3838000,1.9000,1.5932
3838500,1.9000,1.6021
3839000,1.9000,1.5940
3839500,1.9000,1.5940
3840000,1.9000,1.5996
3840500,1.9000,1.6012
3841000,1.9000,1.5964
3841500,1.9000,1.5851
3842000,1.9000,1.6117
3842500,1.9000,1.5980
3843000,1.9000,1.5859
3843500,1.9000,1.5884
3844000,1.9000,1.6029
3844500,1.9000,1.5875
3845000,1.9000,1.5859
3845500,1.9000,1.5916
3846000,1.9000,1.5948
3846500,1.9000,1.5553
3847000,1.9000,1.5916
3847500,1.9000,1.6012
3848000,1.9000,1.5996
3848500,1.9000,1.5827
3849000,1.9000,1.5948
3849500,1.9000,1.6004
3850000,1.9000,1.5980
3850500,1.9000,1.5964
3851000,1.9000,1.5980
3851500,1.9000,1.5916
3852000,1.9000,1.5964
3852500,1.9000,1.5916
3853000,1.9000,1.5908
3853500,1.9000,1.5972
3854000,1.9000,1.5908
3854500,1.9000,1.5932
3855000,1.9000,1.5988
3855500,1.9000,1.5916
3856000,1.9000,1.6093
3856500,1.9000,1.5948
3857000,1.9000,1.5932
3857500,1.9000,1.5908
3858000,1.9000,1.5988
3858500,1.9000,1.5988
3859000,1.9000,1.5988
3859500,1.9000,1.5948
3860000,1.9000,1.5988
3860500,1.9000,1.5948
3861000,1.9000,1.5988
3861500,1.9000,1.5956
3862000,1.9000,1.5988
3862500,1.9000,1.5859
3863000,1.9000,1.5972
3863500,1.9000,1.5940
3864000,1.9000,1.5916
3864500,1.9000,1.5980
3865000,1.9000,1.6029
3865500,1.9000,1.5859
3866000,1.9000,1.5940
3866500,1.9000,1.6101
3867000,1.9000,1.6004
3867500,1.9000,1.5859
3868000,1.9000,1.5940
3868500,1.9000,1.5972
3869000,1.9000,1.6061
3869500,1.9000,1.5940
3870000,1.9000,1.6021
3870500,1.9000,1.5755
3871000,1.9000,1.5988
3871500,1.9000,1.5980
3872000,1.9000,1.5875
3872500,1.9000,1.5924
3873000,1.9000,1.5988
3873500,1.9000,1.6125
3874000,1.9000,1.6021
3874500,1.9000,1.5988
3875000,1.9000,1.5972
3875500,1.9000,1.5859
3876000,1.9000,1.5908
3876500,1.9000,1.5980
3877000,1.9000,1.5964
3877500,1.9000,1.6012
3878000,1.9000,1.6053
3878500,1.9000,1.5924
3879000,1.9000,1.5964
3879500,1.9000,1.6101
3880000,1.9000,1.5940
3880500,1.9000,1.6077
3881000,1.9000,1.5916
3881500,1.9000,1.5908
3882000,1.9000,1.5972
3882500,1.9000,1.5932
3883000,1.9000,1.5940
3883500,1.9000,1.5972
3884000,1.9000,1.5948
3884500,1.9000,1.5867
3885000,1.9000,1.5972
3885500,1.9000,1.5964
3886000,1.9000,1.5940
3886500,1.9000,1.5859
3887000,1.9000,1.5916
3887500,1.9000,1.6037
3888000,1.9000,1.5996
3888500,1.9000,1.5916
3889000,1.9000,1.5996
3889500,1.9000,1.5956
3890000,1.9000,1.6045
3890500,1.9000,1.5972
3891000,1.9000,1.5916
3891500,1.9000,1.5988
3892000,1.9000,1.5996
3892500,1.9000,1.5884
3893000,1.9000,1.6069
3893500,1.9000,1.6004
3894000,1.9000,1.6012
3894500,1.9000,1.5940
3895000,1.9000,1.5916
3895500,1.9000,1.5972
3896000,1.9000,1.6004
3896500,1.9000,1.5900
3897000,1.9000,1.5980
3897500,1.9000,1.5980
3898000,1.9000,1.5988
3898500,1.9000,1.5964
3899000,1.9000,1.5980
3899500,1.9000,1.6021
3900000,1.9000,1.5940
3900500,1.9000,1.5884
3901000,1.9000,1.6012
3901500,1.9000,1.6061
3902000,1.9000,1.5988
3902500,1.9000,1.5924
3903000,1.9000,1.5916
3903500,1.9000,1.5980
3904000,1.9000,1.5964
3904500,1.9000,1.5988
3905000,1.9000,1.5988
3905500,1.9000,1.6101
3906000,1.9000,1.5964
3906500,1.9000,1.5964
3907000,1.9000,1.5980
3907500,1.9000,1.5964
3908000,1.9000,1.6061
3908500,1.9000,1.5972
3909000,1.9000,1.5980
3909500,1.9000,1.5859
3910000,1.9000,1.5859
3910500,1.9000,1.5972
3911000,1.9000,1.6004
3911500,1.9000,1.6029
3912000,1.9000,1.5916
3912500,1.9000,1.5940
3913000,1.9000,1.5988
3913500,1.9000,1.5996
3914000,1.9000,1.5980
3914500,1.9000,1.5948
3915000,1.9000,1.6004
3915500,1.9000,1.5875
3916000,1.9000,1.5972
3916500,1.9000,1.5988
3917000,1.9000,1.6012
3917500,1.9000,1.6029
3918000,1.9000,1.6037
3918500,1.9000,1.5948
3919000,1.9000,1.5996
3919500,1.9000,1.6037
3920000,1.9000,1.5972
3920500,1.9000,1.6029
3921000,1.9000,1.5988
3921500,1.9000,1.6359
3922000,1.9000,1.5980
3922500,1.9000,1.5940
3923000,1.9000,1.6109
3923500,1.9000,1.5988
3924000,1.9000,1.5867
3924500,1.9000,1.6045
3925000,1.9000,1.5964
3925500,1.9000,1.6012
3926000,1.9000,1.5988
3926500,1.9000,1.5980
3927000,1.9000,1.5972
3927500,1.9000,1.6029
3928000,1.9000,1.5908
3928500,1.9000,1.6037
3929000,1.9000,1.6012
3929500,1.9000,1.6069
3930000,1.9000,1.5996
3930500,1.9000,1.6077
3931000,1.9000,1.5988
3931500,1.9000,1.5859
3932000,1.9000,1.6029
3932500,1.9000,1.6125
3933000,1.9000,1.6053
3933500,1.9000,1.5972
3934000,1.9000,1.5988
3934500,1.9000,1.6012
3935000,1.9000,1.6012
3935500,1.9000,1.6093
3936000,1.9000,1.6125
3936500,1.9000,1.5996
3937000,1.9000,1.5980
3937500,1.9000,1.6037
3938000,1.9000,1.6037
3938500,1.9000,1.6004
3939000,1.9000,1.6037
3939500,1.9000,1.6021
3940000,1.9000,1.6012
3940500,1.9000,1.6004
3941000,1.9000,1.5964
3941500,1.9000,1.5988
3942000,1.9000,1.5996
3942500,1.9000,1.5996
3943000,1.9000,1.6012
3943500,1.9000,1.6021
3944000,1.9000,1.5940
3944500,1.9000,1.6037
3945000,1.9000,1.5916
3945500,1.9000,1.5988
3946000,1.9000,1.5996
3946500,1.9000,1.6004
3947000,1.9000,1.6085
3947500,1.9000,1.6037
3948000,1.9000,1.5964
3948500,1.9000,1.6069
3949000,1.9000,1.6004
3949500,1.9000,1.6117
3950000,1.9000,1.6045
3950500,1.9000,1.6012
3951000,1.9000,1.5948
3951500,1.9000,1.6004
3952000,1.9000,1.5988
3952500,1.9000,1.6037
3953000,1.9000,1.6021
3953500,1.9000,1.6012
3954000,1.9000,1.6021
3954500,1.9000,1.5988
3955000,1.9000,1.6061
3955500,1.9000,1.6012
3956000,1.9000,1.5996
3956500,1.9000,1.6141
3957000,1.9000,1.6029
3957500,1.9000,1.5996
3958000,1.9000,1.6270
3958500,1.9000,1.6045
3959000,1.9000,1.6238
3959500,1.9000,1.6069
3960000,1.9000,1.6069
3960500,1.9000,1.6029
3961000,1.9000,1.6045
3961500,1.9000,1.6101
3962000,1.9000,1.6045
3962500,1.9000,1.6037
3963000,1.9000,1.6069
3963500,1.9000,1.6117
3964000,1.9000,1.6045
3964500,1.9000,1.6101
3965000,1.9000,1.6069
3965500,1.9000,1.5996
3966000,1.9000,1.5972
3966500,1.9000,1.6037
3967000,1.9000,1.6101
3967500,1.9000,1.6085
3968000,1.9000,1.5940
3968500,1.9000,1.6069
3969000,1.9000,1.5900
3969500,1.9000,1.6004
3970000,1.9000,1.6012
3970500,1.9000,1.6045
3971000,1.9000,1.6117
3971500,1.9000,1.6037
3972000,1.9000,1.6125
3972500,1.9000,1.6012
3973000,1.9000,1.6077
3973500,1.9000,1.6037
3974000,1.9000,1.6012
3974500,1.9000,1.6117
3975000,1.9000,1.6214
3975500,1.9000,1.6077
3976000,1.9000,1.6093
3976500,1.9000,1.6069
3977000,1.9000,1.5972
3977500,1.9000,1.6037
3978000,1.9000,1.6117
3978500,1.9000,1.5964
3979000,1.9000,1.6012
3979500,1.9000,1.6037
3980000,1.9000,1.6125
3980500,1.9000,1.6037
3981000,1.9000,1.6069
3981500,1.9000,1.6045
3982000,1.9000,1.6037
3982500,1.9000,1.6021
3983000,1.9000,1.5972
3983500,1.9000,1.6045
3984000,1.9000,1.6085
3984500,1.9000,1.6117
3985000,1.9000,1.6093
3985500,1.9000,1.6069
3986000,1.9000,1.6061
3986500,1.9000,1.5988
3987000,1.9000,1.6077
3987500,1.9000,1.6093
3988000,1.9000,1.6012
3988500,1.9000,1.6045
3989000,1.9000,1.5988
3989500,1.9000,1.6045
3990000,1.9000,1.5988
3990500,1.9000,1.6029
3991000,1.9000,1.6077
3991500,1.9000,1.6069
3992000,1.9000,1.6077
3992500,1.9000,1.6037
3993000,1.9000,1.6012
3993500,1.9000,1.5972
3994000,1.9000,1.6045
3994500,1.9000,1.6029
3995000,1.9000,1.6206
3995500,1.9000,1.6117
3996000,1.9000,1.6093
3996500,1.9000,1.5988
3997000,1.9000,1.6101
3997500,1.9000,1.6117
3998000,1.9000,1.5932
3998500,1.9000,1.5948
3999000,1.9000,1.5972
3999500,1.9000,1.5988
4000000,1.9000,1.5956
4000500,1.9000,1.5940
4001000,1.9000,1.6045
4001500,1.9000,1.5755
4002000,1.9000,1.5956
4002500,1.9000,1.5867
4003000,1.9000,1.5892
4003500,1.9000,1.5650
4004000,1.9000,1.5900
4004500,1.9000,1.6029
4005000,1.9000,1.5996
4005500,1.9000,1.5988
4006000,1.9000,1.6077
4006500,1.9000,1.5964
4007000,1.9000,1.5964
4007500,1.9000,1.5948
4008000,1.9000,1.5859
4008500,1.9000,1.5940
4009000,1.9000,1.5908
4009500,1.9000,1.5908
4010000,1.9000,1.5932
4010500,1.9000,1.5932
4011000,1.9000,1.5948
4011500,1.9000,1.5867
4012000,1.9000,1.5803
4012500,1.9000,1.5908
4013000,1.9000,1.5867
4013500,1.9000,1.5908
4014000,1.9000,1.5980
4014500,1.9000,1.5884
4015000,1.9000,1.6012
4015500,1.9000,1.5980
4016000,1.9000,1.5884
4016500,1.9000,1.5626
4017000,1.9000,1.5988
4017500,1.9000,1.5916
4018000,1.9000,1.5859
4018500,1.9000,1.5980
4019000,1.9000,1.5916
4019500,1.9000,1.5948
4020000,1.9000,1.5859
4020500,1.9000,1.5948
4021000,1.9000,1.5980
4021500,1.9000,1.6230
4022000,1.9000,1.5956
4022500,1.9000,1.5964
4023000,1.9000,1.5884
4023500,1.9000,1.5932
4024000,1.9000,1.5892
4024500,1.9000,1.5948
4025000,1.9000,1.5658
4025500,1.9000,1.5956
4026000,1.9000,1.5867
4026500,1.9000,1.5867
4027000,1.9000,1.6085
4027500,1.9000,1.5884
4028000,1.9000,1.5988
4028500,1.9000,1.5940
4029000,1.9000,1.5988
4029500,1.9000,1.5892
4030000,1.9000,1.5956
4030500,1.9000,1.5851
4031000,1.9000,1.5972
4031500,1.9000,1.5940
4032000,1.9000,1.5835
4032500,1.9000,1.6012
4033000,1.9000,1.5972
4033500,1.9000,1.5900
4034000,1.9000,1.5948
4034500,1.9000,1.5956
4035000,1.9000,1.5964
4035500,1.9000,1.6021
4036000,1.9000,1.6012
4036500,1.9000,1.5859
4037000,1.9000,1.5884
4037500,1.9000,1.5932
4038000,1.9000,1.5859
4038500,1.9000,1.5867
4039000,1.9000,1.5900
4039500,1.9000,1.5916
4040000,1.9000,1.5884
4040500,1.9000,1.5988
4041000,1.9000,1.5988
4041500,1.9000,1.5996
4042000,1.9000,1.5859
4042500,1.9000,1.6021
4043000,1.9000,1.5900
4043500,1.9000,1.5988
4044000,1.9000,1.5900
4044500,1.9000,1.5884
4045000,1.9000,1.5900
4045500,1.9000,1.5851
4046000,1.9000,1.6029
4046500,1.9000,1.6101
4047000,1.9000,1.5884
4047500,1.9000,1.5908
4048000,1.9000,1.6029
4048500,1.9000,1.5908
4049000,1.9000,1.5964
4049500,1.9000,1.6021
4050000,1.9000,1.5948
4050500,1.9000,1.5900
4051000,1.9000,1.5916
4051500,1.9000,1.5988
4052000,1.9000,1.5900
4052500,1.9000,1.5916
4053000,1.9000,1.5956
4053500,1.9000,1.5996
4054000,1.9000,1.6117
4054500,1.9000,1.5900
4055000,1.9000,1.5908
4055500,1.9000,1.5867
4056000,1.9000,1.5900
4056500,1.9000,1.5843
4057000,1.9000,1.5908
4057500,1.9000,1.6037
4058000,1.9000,1.5964
4058500,1.9000,1.6012
4059000,1.9000,1.5972
4059500,1.9000,1.5988
4060000,1.9000,1.5908
4060500,1.9000,1.5908
4061000,1.9000,1.5940
4061500,1.9000,1.5964
4062000,1.9000,1.5916
4062500,1.9000,1.5996
4063000,1.9000,1.5867
4063500,1.9000,1.6029
4064000,1.9000,1.5884
4064500,1.9000,1.5964
4065000,1.9000,1.5948
4065500,1.9000,1.5988
4066000,1.9000,1.5884
4066500,1.9000,1.5972
4067000,1.9000,1.5988
4067500,1.9000,1.5940
4068000,1.9000,1.6061
4068500,1.9000,1.5948
4069000,1.9000,1.6012
4069500,1.9000,1.5851
4070000,1.9000,1.5932
4070500,1.9000,1.6012
4071000,1.9000,1.5948
4071500,1.9000,1.5980
4072000,1.9000,1.5924
4072500,1.9000,1.5988
4073000,1.9000,1.5875
4073500,1.9000,1.5980
4074000,1.9000,1.5980
4074500,1.9000,1.6117
4075000,1.9000,1.5948
4075500,1.9000,1.5916
4076000,1.9000,1.5859
4076500,1.9000,1.5859
4077000,1.9000,1.5932
4077500,1.9000,1.5988
4078000,1.9000,1.5956
4078500,1.9000,1.5940
4079000,1.9000,1.5932
4079500,1.9000,1.5900
4080000,1.9000,1.5940
4080500,1.9000,1.5988
4081000,1.9000,1.5932
4081500,1.9000,1.5996
4082000,1.9000,1.5972
4082500,1.9000,1.5988
4083000,1.9000,1.5988
4083500,1.9000,1.5908
4084000,1.9000,1.5988
4084500,1.9000,1.5996
4085000,1.9000,1.5956
4085500,1.9000,1.5916
4086000,1.9000,1.5972
4086500,1.9000,1.5996
4087000,1.9000,1.5940
4087500,1.9000,1.5980
4088000,1.9000,1.6012
4088500,1.9000,1.5859
4089000,1.9000,1.5996
4089500,1.9000,1.5988
4090000,1.9000,1.5763
4090500,1.9000,1.6021
4091000,1.9000,1.6029
4091500,1.9000,1.5964
4092000,1.9000,1.5956
4092500,1.9000,1.5892
4093000,1.9000,1.5972
4093500,1.9000,1.5932
4094000,1.9000,1.6004
4094500,1.9000,1.5859
4095000,1.9000,1.5940
4095500,1.9000,1.6021
4096000,1.9000,1.5980
4096500,1.9000,1.6004
4097000,1.9000,1.5996
4097500,1.9000,1.6004
4098000,1.9000,1.5988
4098500,1.9000,1.6004
4099000,1.9000,1.5900
4099500,1.9000,1.5940
4100000,1.9000,1.5988
4100500,1.9000,1.6012
4101000,1.9000,1.6012
4101500,1.9000,1.5916
4102000,1.9000,1.6004
4102500,1.9000,1.6004
4103000,1.9000,1.6069
4103500,1.9000,1.5940
4104000,1.9000,1.5988
4104500,1.9000,1.5964
4105000,1.9000,1.5988
4105500,1.9000,1.6045
4106000,1.9000,1.5988
4106500,1.9000,1.5980
4107000,1.9000,1.5948
4107500,1.9000,1.6101
4108000,1.9000,1.5948
4108500,1.9000,1.5972
4109000,1.9000,1.6012
4109500,1.9000,1.5988
4110000,1.9000,1.6085
4110500,1.9000,1.6117
4111000,1.9000,1.6021
4111500,1.9000,1.5996
4112000,1.9000,1.5980
4112500,1.9000,1.5996
4113000,1.9000,1.5988
4113500,1.9000,1.6012
4114000,1.9000,1.5932
4114500,1.9000,1.6004
4115000,1.9000,1.5884
4115500,1.9000,1.6029
4116000,1.9000,1.6029
4116500,1.9000,1.5884
4117000,1.9000,1.6069
4117500,1.9000,1.6021
4118000,1.9000,1.6012
4118500,1.9000,1.5980
4119000,1.9000,1.6012
4119500,1.9000,1.5980
4120000,1.9000,1.6117
4120500,1.9000,1.6125
4121000,1.9000,1.6004
4121500,1.9000,1.6029
4122000,1.9000,1.5900
4122500,1.9000,1.5859
4123000,1.9000,1.6045
4123500,1.9000,1.5884
4124000,1.9000,1.6037
4124500,1.9000,1.6077
4125000,1.9000,1.6045
4125500,1.9000,1.6158
4126000,1.9000,1.6109
4126500,1.9000,1.6093
4127000,1.9000,1.6012
4127500,1.9000,1.5924
4128000,1.9000,1.5980
4128500,1.9000,1.6012
4129000,1.9000,1.6004
4129500,1.9000,1.5940
4130000,1.9000,1.5988
4130500,1.9000,1.6004
4131000,1.9000,1.6077
4131500,1.9000,1.6037
4132000,1.9000,1.6029
4132500,1.9000,1.5859
4133000,1.9000,1.5940
4133500,1.9000,1.5988
4134000,1.9000,1.5980
4134500,1.9000,1.6077
4135000,1.9000,1.6037
4135500,1.9000,1.6125
4136000,1.9000,1.6093
4136500,1.9000,1.6077
4137000,1.9000,1.5996
4137500,1.9000,1.6069
4138000,1.9000,1.6021
4138500,1.9000,1.6230
4139000,1.9000,1.6037
4139500,1.9000,1.6061
4140000,1.9000,1.5988
4140500,1.9000,1.5940
4141000,1.9000,1.5996
4141500,1.9000,1.5948
4142000,1.9000,1.6045
4142500,1.9000,1.6029
4143000,1.9000,1.6037
4143500,1.9000,1.6077
4144000,1.9000,1.6012
4144500,1.9000,1.6029
4145000,1.9000,1.5972
4145500,1.9000,1.5996
4146000,1.9000,1.5932
4146500,1.9000,1.6004
4147000,1.9000,1.5988
4147500,1.9000,1.6206
4148000,1.9000,1.6158
4148500,1.9000,1.5988
4149000,1.9000,1.6012
4149500,1.9000,1.6093
4150000,1.9000,1.5900
4150500,1.9000,1.5932
4151000,1.9000,1.5988
4151500,1.9000,1.6004
4152000,1.9000,1.6117
4152500,1.9000,1.6004
4153000,1.9000,1.5932
4153500,1.9000,1.6077
4154000,1.9000,1.5996
4154500,1.9000,1.6045
4155000,1.9000,1.6037
4155500,1.9000,1.5996
4156000,1.9000,1.6004
4156500,1.9000,1.6012
4157000,1.9000,1.6319
4157500,1.9000,1.6004
4158000,1.9000,1.6141
4158500,1.9000,1.6004
4159000,1.9000,1.5996
4159500,1.9000,1.5988
4160000,1.9000,1.5988
4160500,1.9000,1.5932
4161000,1.9000,1.6045
4161500,1.9000,1.5988
4162000,1.9000,1.5972
4162500,1.9000,1.6004
4163000,1.9000,1.6004
4163500,1.9000,1.6037
4164000,1.9000,1.6125
4164500,1.9000,1.5964
4165000,1.9000,1.6093
4165500,1.9000,1.6037
4166000,1.9000,1.5859
4166500,1.9000,1.5996
4167000,1.9000,1.5940
4167500,1.9000,1.6012
4168000,1.9000,1.6464
4168500,1.9000,1.6029
4169000,1.9000,1.6012
4169500,1.9000,1.6077
4170000,1.9000,1.6077
4170500,1.9000,1.5988
4171000,1.9000,1.5980
4171500,1.9000,1.5988
4172000,1.9000,1.6045
4172500,1.9000,1.6021
4173000,1.9000,1.5996
4173500,1.9000,1.5996
4174000,1.9000,1.5980
4174500,1.9000,1.6037
4175000,1.9000,1.6295
4175500,1.9000,1.5948
4176000,1.9000,1.5996
4176500,1.9000,1.6004
4177000,1.9000,1.6069
4177500,1.9000,1.5972
4178000,1.9000,1.6069
4178500,1.9000,1.6004
4179000,1.9000,1.5980
4179500,1.9000,1.6109
4180000,1.9000,1.5996
4180500,1.9000,1.5996
4181000,1.9000,1.6004
4181500,1.9000,1.5996
4182000,1.9000,1.6021
4182500,1.9000,1.5996
4183000,1.9000,1.5996
4183500,1.9000,1.5988
4184000,1.9000,1.6077
4184500,1.9000,1.6029
4185000,1.9000,1.6004
4185500,1.9000,1.6037
4186000,1.9000,1.6061
4186500,1.9000,1.6029
4187000,1.9000,1.5956
4187500,1.9000,1.6101
4188000,1.9000,1.5634
4188500,1.9000,1.5996
4189000,1.9000,1.5980
4189500,1.9000,1.5932
4190000,1.9000,1.6149
4190500,1.9000,1.6158
4191000,1.9000,1.6037
4191500,1.9000,1.5988
4192000,1.9000,1.6004
4192500,1.9000,1.5859
4193000,1.9000,1.5980
4193500,1.9000,1.6085
4194000,1.9000,1.6061
4194500,1.9000,1.5996
4195000,1.9000,1.6077
4195500,1.9000,1.5964
4196000,1.9000,1.5988
4196500,1.9000,1.5988
4197000,1.9000,1.6012
4197500,1.9000,1.5996
4198000,1.9000,1.6037
4198500,1.9000,1.6037
4199000,1.9000,1.6012
4199500,1.9000,1.5996
4200000,1.9000,1.6029
4200500,1.9000,1.6012
4201000,1.9000,1.5948
4201500,1.9000,1.5988
4202000,1.9000,1.5859
4202500,1.9000,1.5916
4203000,1.9000,1.6037
4203500,1.9000,1.6037
4204000,1.9000,1.6141
4204500,1.9000,1.6045
4205000,1.9000,1.6045
4205500,1.9000,1.5996
4206000,1.9000,1.6093
4206500,1.9000,1.6045
4207000,1.9000,1.6198
4207500,1.9000,1.5996
4208000,1.9000,1.5980
4208500,1.9000,1.6029
4209000,1.9000,1.6021
4209500,1.9000,1.6101
4210000,1.9000,1.6012
4210500,1.9000,1.6085
4211000,1.9000,1.6037
4211500,1.9000,1.6069
4212000,1.9000,1.5988
4212500,1.9000,1.6012
4213000,1.9000,1.5996
4213500,1.9000,1.5996
4214000,1.9000,1.6045
4214500,1.9000,1.5900
4215000,1.9000,1.6037
4215500,1.9000,1.5964
4216000,1.9000,1.6125
4216500,1.9000,1.5988
4217000,1.9000,1.5875
4217500,1.9000,1.6004
4218000,1.9000,1.5964
4218500,1.9000,1.5996
4219000,1.9000,1.5980
4219500,1.9000,1.6021
4220000,1.9000,1.5972
4220500,1.9000,1.5972
4221000,1.9000,1.6037
4221500,1.9000,1.6077
4222000,1.9000,1.5980
4222500,1.9000,1.6085
4223000,1.9000,1.6029
4223500,1.9000,1.6109
4224000,1.9000,1.6029
4224500,1.9000,1.6045
4225000,1.9000,1.6021
4225500,1.9000,1.6077
4226000,1.9000,1.6246
4226500,1.9000,1.5996
4227000,1.9000,1.6077
4227500,1.9000,1.6101
4228000,1.9000,1.6141
4228500,1.9000,1.5980
4229000,1.9000,1.6045
4229500,1.9000,1.5988
4230000,1.9000,1.6069
4230500,1.9000,1.6045
4231000,1.9000,1.6077
4231500,1.9000,1.5996
4232000,1.9000,1.6117
4232500,1.9000,1.6045
4233000,1.9000,1.6077
4233500,1.9000,1.5884
4234000,1.9000,1.6037
4234500,1.9000,1.6069
4235000,1.9000,1.5956
4235500,1.9000,1.6061
4236000,1.9000,1.6246
4236500,1.9000,1.5964
4237000,1.9000,1.5900
4237500,1.9000,1.6045
4238000,1.9000,1.5996
4238500,1.9000,1.5980
4239000,1.9000,1.6004
4239500,1.9000,1.6029
4240000,1.9000,1.6069
4240500,1.9000,1.6004
4241000,1.9000,1.6109
4241500,1.9000,1.6029
4242000,1.9000,1.6093
4242500,1.9000,1.6133
4243000,1.9000,1.6133
4243500,1.9000,1.6021
4244000,1.9000,1.6093
4244500,1.9000,1.6077
4245000,1.9000,1.6117
4245500,1.9000,1.6061
4246000,1.9000,1.6077
4246500,1.9000,1.6238
4247000,1.9000,1.6117
4247500,1.9000,1.5972
4248000,1.9000,1.6069
4248500,1.9000,1.6069
4249000,1.9000,1.6093
4249500,1.9000,1.6037
4250000,1.9000,1.6101
4250500,1.9000,1.6158
4251000,1.9000,1.6053
4251500,1.9000,1.6045
4252000,1.9000,1.6061
4252500,1.9000,1.6109
4253000,1.9000,1.5722
4253500,1.9000,1.6045
4254000,1.9000,1.6037
4254500,1.9000,1.6101
4255000,1.9000,1.6117
4255500,1.9000,1.6069
4256000,1.9000,1.6061
4256500,1.9000,1.5908
4257000,1.9000,1.6061
4257500,1.9000,1.6149
4258000,1.9000,1.6117
4258500,1.9000,1.6053
4259000,1.9000,1.6012
4259500,1.9000,1.6061
4260000,1.9000,1.6109
4260500,1.9000,1.6101
4261000,1.9000,1.5892
4261500,1.9000,1.6012
4262000,1.9000,1.6004
4262500,1.9000,1.6061
4263000,1.9000,1.6109
4263500,1.9000,1.5996
4264000,1.9000,1.5980
4264500,1.9000,1.6061
4265000,1.9000,1.6101
4265500,1.9000,1.6045
4266000,1.9000,1.5988
4266500,1.9000,1.6029
4267000,1.9000,1.6117
4267500,1.9000,1.6037
4268000,1.9000,1.6069
4268500,1.9000,1.6069
4269000,1.9000,1.6012
4269500,1.9000,1.6093
4270000,1.9000,1.5964
4270500,1.9000,1.6061
4271000,1.9000,1.6109
4271500,1.9000,1.6762
4272000,1.9000,1.6037
4272500,1.9000,1.6037
4273000,1.9000,1.6093
4273500,1.9000,1.6093
4274000,1.9000,1.6004
4274500,1.9000,1.6077
4275000,1.9000,1.6117
4275500,1.9000,1.6230
4276000,1.9000,1.5948
4276500,1.9000,1.6117
4277000,1.9000,1.5940
4277500,1.9000,1.6093
4278000,1.9000,1.6093
4278500,1.9000,1.6061
4279000,1.9000,1.6037
4279500,1.9000,1.6117
4280000,1.9000,1.5972
4280500,1.9000,1.6069
4281000,1.9000,1.6061
4281500,1.9000,1.6117
4282000,1.9000,1.5980
4282500,1.9000,1.6037
4283000,1.9000,1.6125
4283500,1.9000,1.6109
4284000,1.9000,1.6012
4284500,1.9000,1.6174
4285000,1.9000,1.6093
4285500,1.9000,1.6061
4286000,1.9000,1.6206
4286500,1.9000,1.6069
4287000,1.9000,1.6101
4287500,1.9000,1.6174
4288000,1.9000,1.6093
4288500,1.9000,1.6117
4289000,1.9000,1.6012
4289500,1.9000,1.5964
4290000,1.9000,1.6077
4290500,1.9000,1.6117
4291000,1.9000,1.6077
4291500,1.9000,1.5988
4292000,1.9000,1.6117
4292500,1.9000,1.6101
4293000,1.9000,1.6093
4293500,1.9000,1.6069
4294000,1.9000,1.6045
4294500,1.9000,1.6053
4295000,1.9000,1.6117
4295500,1.9000,1.6069
4296000,1.9000,1.6093
4296500,1.9000,1.6077
4297000,1.9000,1.6004
4297500,1.9000,1.6109
4298000,1.9000,1.6077
4298500,1.9000,1.6101
4299000,1.9000,1.6069
4299500,1.9000,1.6045
4300000,1.9000,1.6069
4300500,1.9000,1.5988
4301000,1.9000,1.6133
4301500,1.9000,1.6109
4302000,1.9000,1.5988
4302500,1.9000,1.5996
4303000,1.9000,1.6045
4303500,1.9000,1.6149
4304000,1.9000,1.6125
4304500,1.9000,1.6117
4305000,1.9000,1.6093
4305500,1.9000,1.6101
4306000,1.9000,1.5988
4306500,1.9000,1.6101
4307000,1.9000,1.6117
4307500,1.9000,1.6069
4308000,1.9000,1.6069
4308500,1.9000,1.6117
4309000,1.9000,1.6117
4309500,1.9000,1.6061
4310000,1.9000,1.6101
4310500,1.9000,1.6069
4311000,1.9000,1.6141
4311500,1.9000,1.6045
4312000,1.9000,1.6004
4312500,1.9000,1.6093
4313000,1.9000,1.6262
4313500,1.9000,1.6117
4314000,1.9000,1.6069
4314500,1.9000,1.6029
4315000,1.9000,1.6117
4315500,1.9000,1.6117
4316000,1.9000,1.6117
4316500,1.9000,1.6158
4317000,1.9000,1.6295
4317500,1.9000,1.6061
4318000,1.9000,1.6109
4318500,1.9000,1.6101
4319000,1.9000,1.6101
4319500,1.9000,1.6093
4320000,1.9000,1.6117
4320500,1.9000,1.6077
4321000,1.9000,1.6117
4321500,1.9000,1.6045
4322000,1.9000,1.6117
4322500,1.9000,1.6141
4323000,1.9000,1.6311
4323500,1.9000,1.6109
4324000,1.9000,1.6206
4324500,1.9000,1.6117
4325000,1.9000,1.6117
4325500,1.9000,1.6117
4326000,1.9000,1.6214
4326500,1.9000,1.6117
4327000,1.9000,1.6037
4327500,1.9000,1.6109
4328000,1.9000,1.6109
4328500,1.9000,1.6069
4329000,1.9000,1.6238
4329500,1.9000,1.6206
4330000,1.9000,1.6158
4330500,1.9000,1.6174
4331000,1.9000,1.6125
4331500,1.9000,1.6037
4332000,1.9000,1.6246
4332500,1.9000,1.6190
4333000,1.9000,1.6174
4333500,1.9000,1.6077
4334000,1.9000,1.6117
4334500,1.9000,1.6311
4335000,1.9000,1.6214
4335500,1.9000,1.6117
4336000,1.9000,1.6109
4336500,1.9000,1.6117
4337000,1.9000,1.6117
4337500,1.9000,1.6109
4338000,1.9000,1.6093
4338500,1.9000,1.6077
4339000,1.9000,1.6133
4339500,1.9000,1.6198
4340000,1.9000,1.6117
4340500,1.9000,1.6335
4341000,1.9000,1.6174
4341500,1.9000,1.6117
4342000,1.9000,1.6214
4342500,1.9000,1.6141
4343000,1.9000,1.6101
4343500,1.9000,1.6117
4344000,1.9000,1.6117
4344500,1.9000,1.6045
4345000,1.9000,1.6149
4345500,1.9000,1.6117
4346000,1.9000,1.6021
4346500,1.9000,1.6069
4347000,1.9000,1.6109
4347500,1.9000,1.6117
4348000,1.9000,1.6069
4348500,1.9000,1.6117
4349000,1.9000,1.6125
4349500,1.9000,1.6109
4350000,1.9000,1.6117
4350500,1.9000,1.6117
4351000,1.9000,1.6190
4351500,1.9000,1.6093
4352000,1.9000,1.6141
4352500,1.9000,1.6093
4353000,1.9000,1.6117
4353500,1.9000,1.6012
4354000,1.9000,1.6117
4354500,1.9000,1.6117
4355000,1.9000,1.6101
4355500,1.9000,1.6117
4356000,1.9000,1.6093
4356500,1.9000,1.6101
4357000,1.9000,1.6166
4357500,1.9000,1.6045
4358000,1.9000,1.6117
4358500,1.9000,1.6133
4359000,1.9000,1.6109
4359500,1.9000,1.6141
4360000,1.9000,1.6109
4360500,1.9000,1.6117
4361000,1.9000,1.6141
4361500,1.9000,1.6117
4362000,1.9000,1.6101
4362500,1.9000,1.6069
4363000,1.9000,1.6085
4363500,1.9000,1.6109
4364000,1.9000,1.6101
4364500,1.9000,1.6101
4365000,1.9000,1.6109
4365500,1.9000,1.6117
4366000,1.9000,1.6069
4366500,1.9000,1.6166
4367000,1.9000,1.6117
4367500,1.9000,1.6045
4368000,1.9000,1.6021
4368500,1.9000,1.6093
4369000,1.9000,1.6117
4369500,1.9000,1.6117
4370000,1.9000,1.6069
4370500,1.9000,1.6117
4371000,1.9000,1.6117
4371500,1.9000,1.6166
4372000,1.9000,1.6077
4372500,1.9000,1.6117
4373000,1.9000,1.5996
4373500,1.9000,1.6166
4374000,1.9000,1.6117
4374500,1.9000,1.6117
4375000,1.9000,1.6117
4375500,1.9000,1.6109
4376000,1.9000,1.6045
4376500,1.9000,1.6093
4377000,1.9000,1.6029
4377500,1.9000,1.6117
4378000,1.9000,1.6117
4378500,1.9000,1.6093
4379000,1.9000,1.6149
4379500,1.9000,1.6117
4380000,1.9000,1.6133
4380500,1.9000,1.6093
4381000,1.9000,1.6109
4381500,1.9000,1.6045
4382000,1.9000,1.6117
4382500,1.9000,1.6117
4383000,1.9000,1.6149
4383500,1.9000,1.6141
4384000,1.9000,1.6093
4384500,1.9000,1.6141
4385000,1.9000,1.6117
4385500,1.9000,1.6238
4386000,1.9000,1.6133
4386500,1.9000,1.6093
4387000,1.9000,1.6166
4387500,1.9000,1.6125
4388000,1.9000,1.6093
4388500,1.9000,1.6117
4389000,1.9000,1.5988
4389500,1.9000,1.6117
4390000,1.9000,1.6085
4390500,1.9000,1.5996
4391000,1.9000,1.6061
4391500,1.9000,1.6149
4392000,1.9000,1.6117
4392500,1.9000,1.6117
4393000,1.9000,1.6117
4393500,1.9000,1.6037
4394000,1.9000,1.6117
4394500,1.9000,1.6327
4395000,1.9000,1.6117
4395500,1.9000,1.6206
4396000,1.9000,1.6117
4396500,1.9000,1.6141
4397000,1.9000,1.5996
4397500,1.9000,1.6109
4398000,1.9000,1.6125
4398500,1.9000,1.6125
4399000,1.9000,1.6029
4399500,1.9000,1.6158
4400000,1.9000,1.6238
4400500,1.9000,1.6117
4401000,1.9000,1.6093
4401500,1.9000,1.6117
4402000,1.9000,1.6158
4402500,1.9000,1.6117
4403000,1.9000,1.6117
4403500,1.9000,1.6117
4404000,1.9000,1.6085
4404500,1.9000,1.6133
4405000,1.9000,1.6109
4405500,1.9000,1.6899
4406000,1.9000,1.6125
4406500,1.9000,1.6166
4407000,1.9000,1.6117
4407500,1.9000,1.6174
4408000,1.9000,1.6101
4408500,1.9000,1.6093
4409000,1.9000,1.6117
4409500,1.9000,1.6109
4410000,1.9000,1.6254
4410500,1.9000,1.6101
4411000,1.9000,1.6133
4411500,1.9000,1.6238
4412000,1.9000,1.6174
4412500,1.9000,1.6141
4413000,1.9000,1.6125
4413500,1.9000,1.6069
4414000,1.9000,1.6117
4414500,1.9000,1.6133
4415000,1.9000,1.6141
4415500,1.9000,1.6117
4416000,1.9000,1.6141
4416500,1.9000,1.6125
4417000,1.9000,1.6117
4417500,1.9000,1.6077
4418000,1.9000,1.6141
4418500,1.9000,1.6037
4419000,1.9000,1.6109
4419500,1.9000,1.6133
4420000,1.9000,1.6117
4420500,1.9000,1.6109
4421000,1.9000,1.6133
4421500,1.9000,1.6101
4422000,1.9000,1.6093
4422500,1.9000,1.6166
4423000,1.9000,1.6109
4423500,1.9000,1.5988
4424000,1.9000,1.6085
4424500,1.9000,1.6117
4425000,1.9000,1.6117
4425500,1.9000,1.6037
4426000,1.9000,1.6029
4426500,1.9000,1.6085
4427000,1.9000,1.6190
4427500,1.9000,1.6166
4428000,1.9000,1.6117
4428500,1.9000,1.6101
4429000,1.9000,1.6206
4429500,1.9000,1.6375
4430000,1.9000,1.6117
4430500,1.9000,1.6069
4431000,1.9000,1.6125
4431500,1.9000,1.6182
4432000,1.9000,1.6117
4432500,1.9000,1.6077
4433000,1.9000,1.6125
4433500,1.9000,1.6117
4434000,1.9000,1.6093
4434500,1.9000,1.6230
4435000,1.9000,1.6117
4435500,1.9000,1.6141
4436000,1.9000,1.6109
4436500,1.9000,1.6117
4437000,1.9000,1.6198
4437500,1.9000,1.6158
4438000,1.9000,1.6109
4438500,1.9000,1.6158
4439000,1.9000,1.6109
4439500,1.9000,1.6198
4440000,1.9000,1.6117
4440500,1.9000,1.6174
4441000,1.9000,1.6133
4441500,1.9000,1.6214
4442000,1.9000,1.5972
4442500,1.9000,1.6117
4443000,1.9000,1.6101
4443500,1.9000,1.6303
4444000,1.9000,1.6125
4444500,1.9000,1.6238
4445000,1.9000,1.6117
4445500,1.9000,1.6117
4446000,1.9000,1.6109
4446500,1.9000,1.6198
4447000,1.9000,1.6125
4447500,1.9000,1.6206
4448000,1.9000,1.6117
4448500,1.9000,1.6133
4449000,1.9000,1.6093
4449500,1.9000,1.6117
4450000,1.9000,1.6117
4450500,1.9000,1.6174
4451000,1.9000,1.6174
4451500,1.9000,1.6166
4452000,1.9000,1.6174
4452500,1.9000,1.6101
4453000,1.9000,1.6141
4453500,1.9000,1.6174
4454000,1.9000,1.6198
4454500,1.9000,1.6109
4455000,1.9000,1.6117
4455500,1.9000,1.6246
4456000,1.9000,1.6158
4456500,1.9000,1.6109
4457000,1.9000,1.6158
4457500,1.9000,1.6125
4458000,1.9000,1.6069
4458500,1.9000,1.6166
4459000,1.9000,1.6117
4459500,1.9000,1.6158
4460000,1.9000,1.6117
4460500,1.9000,1.6174
4461000,1.9000,1.6141
4461500,1.9000,1.6141
4462000,1.9000,1.6141
4462500,1.9000,1.6133
4463000,1.9000,1.6222
4463500,1.9000,1.6174
4464000,1.9000,1.6174
4464500,1.9000,1.6174
4465000,1.9000,1.6125
4465500,1.9000,1.6141
4466000,1.9000,1.6222
4466500,1.9000,1.6158
4467000,1.9000,1.6375
4467500,1.9000,1.6190
4468000,1.9000,1.6174
4468500,1.9000,1.6125
4469000,1.9000,1.6206
4469500,1.9000,1.6149
4470000,1.9000,1.6311
4470500,1.9000,1.6206
4471000,1.9000,1.6117
4471500,1.9000,1.6335
4472000,1.9000,1.6133
4472500,1.9000,1.6198
4473000,1.9000,1.6109
4473500,1.9000,1.6101
4474000,1.9000,1.6166
4474500,1.9000,1.6117
4475000,1.9000,1.6133
4475500,1.9000,1.6141
4476000,1.9000,1.6166
4476500,1.9000,1.6158
4477000,1.9000,1.6109
4477500,1.9000,1.6166
4478000,1.9000,1.6117
4478500,1.9000,1.6206
4479000,1.9000,1.6158
4479500,1.9000,1.6117
4480000,1.9000,1.6158
4480500,1.9000,1.5996
4481000,1.9000,1.6190
4481500,1.9000,1.6206
4482000,1.9000,1.6270
4482500,1.9000,1.6198
4483000,1.9000,1.6174
4483500,1.9000,1.6158
4484000,1.9000,1.6141
4484500,1.9000,1.6141
4485000,1.9000,1.6222
4485500,1.9000,1.6206
4486000,1.9000,1.6012
4486500,1.9000,1.6125
4487000,1.9000,1.6141
4487500,1.9000,1.6222
4488000,1.9000,1.6069
4488500,1.9000,1.6198
4489000,1.9000,1.6117
4489500,1.9000,1.6133
4490000,1.9000,1.6158
4490500,1.9000,1.6109
4491000,1.9000,1.6133
4491500,1.9000,1.6141
4492000,1.9000,1.6158
4492500,1.9000,1.6117
4493000,1.9000,1.6174
4493500,1.9000,1.6117
4494000,1.9000,1.6045
4494500,1.9000,1.6117
4495000,1.9000,1.6262
4495500,1.9000,1.6149
4496000,1.9000,1.6117
4496500,1.9000,1.6198
4497000,1.9000,1.6335
4497500,1.9000,1.6238
4498000,1.9000,1.6295
4498500,1.9000,1.6158
4499000,1.9000,1.6174
4499500,1.9000,1.6158
4500000,1.9000,1.6262
4500500,1.9000,1.6262
4501000,1.9000,1.6117
4501500,1.9000,1.6117
4502000,1.9000,1.6303
4502500,1.9000,1.6174
4503000,1.9000,1.6166
4503500,1.9000,1.6246
4504000,1.9000,1.6117
4504500,1.9000,1.6246
4505000,1.9000,1.6133
4505500,1.9000,1.6117
4506000,1.9000,1.6254
4506500,1.9000,1.6174
4507000,1.9000,1.6158
4507500,1.9000,1.6141
4508000,1.9000,1.6174
4508500,1.9000,1.6246
4509000,1.9000,1.6238
4509500,1.9000,1.6149
4510000,1.9000,1.6198
4510500,1.9000,1.6246
4511000,1.9000,1.6109
4511500,1.9000,1.6206
4512000,1.9000,1.5940
4512500,1.9000,1.6246
4513000,1.9000,1.6286
4513500,1.9000,1.6133
4514000,1.9000,1.6214
4514500,1.9000,1.6246
4515000,1.9000,1.6206
4515500,1.9000,1.6335
4516000,1.9000,1.6198
4516500,1.9000,1.6166
4517000,1.9000,1.6174
4517500,1.9000,1.6238
4518000,1.9000,1.6343
4518500,1.9000,1.6037
4519000,1.9000,1.6158
4519500,1.9000,1.6246
4520000,1.9000,1.6198
4520500,1.9000,1.6230
4521000,1.9000,1.6351
4521500,1.9000,1.6262
4522000,1.9000,1.6230
4522500,1.9000,1.6190
4523000,1.9000,1.6246
4523500,1.9000,1.6141
4524000,1.9000,1.6238
4524500,1.9000,1.6246
4525000,1.9000,1.6149
4525500,1.9000,1.6174
4526000,1.9000,1.6254
4526500,1.9000,1.6166
4527000,1.9000,1.6222
4527500,1.9000,1.6141
4528000,1.9000,1.6206
4528500,1.9000,1.6206
4529000,1.9000,1.6230
4529500,1.9000,1.6190
4530000,1.9000,1.6141
4530500,1.9000,1.6351
4531000,1.9000,1.6448
4531500,1.9000,1.6262
4532000,1.9000,1.6262
4532500,1.9000,1.6391
4533000,1.9000,1.6174
4533500,1.9000,1.6166
4534000,1.9000,1.6222
4534500,1.9000,1.6230
4535000,1.9000,1.6238
4535500,1.9000,1.6262
4536000,1.9000,1.6295
4536500,1.9000,1.6214
4537000,1.9000,1.6174
4537500,1.9000,1.6125
4538000,1.9000,1.6311
4538500,1.9000,1.6230
4539000,1.9000,1.6174
4539500,1.9000,1.6190
4540000,1.9000,1.6238
4540500,1.9000,1.6246
4541000,1.9000,1.6166
4541500,1.9000,1.6141
4542000,1.9000,1.6166
4542500,1.9000,1.6327
4543000,1.9000,1.6206
4543500,1.9000,1.6246
4544000,1.9000,1.6166
4544500,1.9000,1.6069
4545000,1.9000,1.6141
4545500,1.9000,1.6133
4546000,1.9000,1.6286
4546500,1.9000,1.6117
4547000,1.9000,1.6198
4547500,1.9000,1.6254
4548000,1.9000,1.6359
4548500,1.9000,1.6174
4549000,1.9000,1.6246
4549500,1.9000,1.6125
4550000,1.9000,1.6174
4550500,1.9000,1.6359
4551000,1.9000,1.6158
4551500,1.9000,1.6117
4552000,1.9000,1.6141
4552500,1.9000,1.6327
4553000,1.9000,1.6262
4553500,1.9000,1.6222
4554000,1.9000,1.6198
4554500,1.9000,1.6206
4555000,1.9000,1.6222
4555500,1.9000,1.6246
4556000,1.9000,1.6198
4556500,1.9000,1.6190
4557000,1.9000,1.6286
4557500,1.9000,1.6254
4558000,1.9000,1.6270
4558500,1.9000,1.6278
4559000,1.9000,1.6230
4559500,1.9000,1.6230
4560000,1.9000,1.6206
4560500,1.9000,1.6133
4561000,1.9000,1.6367
4561500,1.9000,1.6222
4562000,1.9000,1.6222
4562500,1.9000,1.6174
4563000,1.9000,1.6190
4563500,1.9000,1.6246
4564000,1.9000,1.6286
4564500,1.9000,1.6254
4565000,1.9000,1.6222
4565500,1.9000,1.6238
4566000,1.9000,1.6230
4566500,1.9000,1.6206
4567000,1.9000,1.6254
4567500,1.9000,1.6206
4568000,1.9000,1.6238
4568500,1.9000,1.6230
4569000,1.9000,1.6214
4569500,1.9000,1.6190
4570000,1.9000,1.6238
4570500,1.9000,1.6254
4571000,1.9000,1.6230
4571500,1.9000,1.6286
4572000,1.9000,1.6117
4572500,1.9000,1.6158
4573000,1.9000,1.6166
4573500,1.9000,1.6198
4574000,1.9000,1.6343
4574500,1.9000,1.6149
4575000,1.9000,1.6222
4575500,1.9000,1.6158
4576000,1.9000,1.6448
4576500,1.9000,1.6206
4577000,1.9000,1.6222
4577500,1.9000,1.6206
4578000,1.9000,1.6238
4578500,1.9000,1.6206
4579000,1.9000,1.6222
4579500,1.9000,1.6133
4580000,1.9000,1.6222
4580500,1.9000,1.6174
4581000,1.9000,1.6238
4581500,1.9000,1.6295
4582000,1.9000,1.6246
4582500,1.9000,1.6174
4583000,1.9000,1.6222
4583500,1.9000,1.6190
4584000,1.9000,1.6351
4584500,1.9000,1.6214
4585000,1.9000,1.6101
4585500,1.9000,1.6158
4586000,1.9000,1.6214
4586500,1.9000,1.6069
4587000,1.9000,1.6230
4587500,1.9000,1.6198
4588000,1.9000,1.6158
4588500,1.9000,1.6141
4589000,1.9000,1.6117
4589500,1.9000,1.6158
4590000,1.9000,1.6230
4590500,1.9000,1.5964
4591000,1.9000,1.6174
4591500,1.9000,1.6375
4592000,1.9000,1.5996
4592500,1.9000,1.6286
4593000,1.9000,1.6295
4593500,1.9000,1.6206
4594000,1.9000,1.6125
4594500,1.9000,1.6262
4595000,1.9000,1.6286
4595500,1.9000,1.6222
4596000,1.9000,1.6206
4596500,1.9000,1.6174
4597000,1.9000,1.6238
4597500,1.9000,1.6206
4598000,1.9000,1.6246
4598500,1.9000,1.6117
4599000,1.9000,1.6166
4599500,1.9000,1.6351
4600000,1.9000,1.6182
4600500,1.9000,1.6198
4601000,1.9000,1.6230
4601500,1.9000,1.6174
4602000,1.9000,1.6158
4602500,1.9000,1.6278
4603000,1.9000,1.6174
4603500,1.9000,1.6109
4604000,1.9000,1.6166
4604500,1.9000,1.6343
4605000,1.9000,1.6166
4605500,1.9000,1.6222
4606000,1.9000,1.6262
4606500,1.9000,1.6262
4607000,1.9000,1.6230
4607500,1.9000,1.6045
4608000,1.9000,1.6166
4608500,1.9000,1.6222
4609000,1.9000,1.6238
4609500,1.9000,1.6166
4610000,1.9000,1.6166
4610500,1.9000,1.6166
4611000,1.9000,1.6190
4611500,1.9000,1.6174
4612000,1.9000,1.6254
4612500,1.9000,1.6158
4613000,1.9000,1.6133
4613500,1.9000,1.6206
4614000,1.9000,1.6246
4614500,1.9000,1.6174
4615000,1.9000,1.6174
4615500,1.9000,1.6133
4616000,1.9000,1.6141
4616500,1.9000,1.6117
4617000,1.9000,1.6149
4617500,1.9000,1.6133
4618000,1.9000,1.6101
4618500,1.9000,1.6174
4619000,1.9000,1.6254
4619500,1.9000,1.6198
4620000,1.9000,1.6286
4620500,1.9000,1.6238
4621000,1.9000,1.6270
4621500,1.9000,1.6069
4622000,1.9000,1.6117
4622500,1.9000,1.6254
4623000,1.9000,1.6190
4623500,1.9000,1.6222
4624000,1.9000,1.6190
4624500,1.9000,1.6206
4625000,1.9000,1.6206
4625500,1.9000,1.6295
4626000,1.9000,1.6174
4626500,1.9000,1.6230
4627000,1.9000,1.6295
4627500,1.9000,1.6117
4628000,1.9000,1.6158
4628500,1.9000,1.6198
4629000,1.9000,1.6262
4629500,1.9000,1.6093
4630000,1.9000,1.6174
4630500,1.9000,1.6254
4631000,1.9000,1.6158
4631500,1.9000,1.6166
4632000,1.9000,1.6246
4632500,1.9000,1.6174
4633000,1.9000,1.6270
4633500,1.9000,1.6158
4634000,1.9000,1.6198
4634500,1.9000,1.6206
4635000,1.9000,1.6262
4635500,1.9000,1.6125
4636000,1.9000,1.6174
4636500,1.9000,1.6214
4637000,1.9000,1.6141
4637500,1.9000,1.6198
4638000,1.9000,1.6166
4638500,1.9000,1.6174
4639000,1.9000,1.6166
4639500,1.9000,1.6117
4640000,1.9000,1.6133
4640500,1.9000,1.6246
4641000,1.9000,1.6125
4641500,1.9000,1.6133
4642000,1.9000,1.6198
4642500,1.9000,1.6198
4643000,1.9000,1.6158
4643500,1.9000,1.6158
4644000,1.9000,1.6174
4644500,1.9000,1.6214
4645000,1.9000,1.6166
4645500,1.9000,1.6141
4646000,1.9000,1.6295
4646500,1.9000,1.6141
4647000,1.9000,1.6198
4647500,1.9000,1.6101
4648000,1.9000,1.6149
4648500,1.9000,1.6214
4649000,1.9000,1.6174
4649500,1.9000,1.6295
4650000,1.9000,1.6125
4650500,1.9000,1.6633
4651000,1.9000,1.6198
4651500,1.9000,1.6222
4652000,1.9000,1.6206
4652500,1.9000,1.6222
4653000,1.9000,1.6222
4653500,1.9000,1.6214
4654000,1.9000,1.6182
4654500,1.9000,1.6222
4655000,1.9000,1.6133
4655500,1.9000,1.6141
4656000,1.9000,1.6174
4656500,1.9000,1.6254
4657000,1.9000,1.6125
4657500,1.9000,1.6359
4658000,1.9000,1.6206
4658500,1.9000,1.6238
4659000,1.9000,1.6246
4659500,1.9000,1.6198
4660000,1.9000,1.6133
4660500,1.9000,1.6286
4661000,1.9000,1.6141
4661500,1.9000,1.6238
4662000,1.9000,1.6222
4662500,1.9000,1.6230
4663000,1.9000,1.6375
4663500,1.9000,1.6238
4664000,1.9000,1.6230
4664500,1.9000,1.6303
4665000,1.9000,1.6206
4665500,1.9000,1.6262
4666000,1.9000,1.6158
4666500,1.9000,1.6246
4667000,1.9000,1.6206
4667500,1.9000,1.6117
4668000,1.9000,1.6222
4668500,1.9000,1.6117
4669000,1.9000,1.6262
4669500,1.9000,1.6117
4670000,1.9000,1.6190
4670500,1.9000,1.6351
4671000,1.9000,1.6230
4671500,1.9000,1.6198
4672000,1.9000,1.6206
4672500,1.9000,1.6254
4673000,1.9000,1.6230
4673500,1.9000,1.6198
4674000,1.9000,1.6166
4674500,1.9000,1.6133
4675000,1.9000,1.6158
4675500,1.9000,1.6117
4676000,1.9000,1.6254
4676500,1.9000,1.6246
4677000,1.9000,1.6198
4677500,1.9000,1.6270
4678000,1.9000,1.6262
4678500,1.9000,1.6230
4679000,1.9000,1.6133
4679500,1.9000,1.6206
4680000,1.9000,1.6158
4680500,1.9000,1.6238
4681000,1.9000,1.6375
4681500,1.9000,1.6246
4682000,1.9000,1.6270
4682500,1.9000,1.6222
4683000,1.9000,1.6295
4683500,1.9000,1.6158
4684000,1.9000,1.6149
4684500,1.9000,1.6190
4685000,1.9000,1.6117
4685500,1.9000,1.6359
4686000,1.9000,1.6174
4686500,1.9000,1.6286
4687000,1.9000,1.6133
4687500,1.9000,1.6222
4688000,1.9000,1.6198
4688500,1.9000,1.6166
4689000,1.9000,1.6198
4689500,1.9000,1.6206
4690000,1.9000,1.6206
4690500,1.9000,1.6246
4691000,1.9000,1.6375
4691500,1.9000,1.6190
4692000,1.9000,1.6206
4692500,1.9000,1.6206
4693000,1.9000,1.6295
4693500,1.9000,1.6190
4694000,1.9000,1.6238
4694500,1.9000,1.6198
4695000,1.9000,1.6246
4695500,1.9000,1.6238
4696000,1.9000,1.6222
4696500,1.9000,1.6327
4697000,1.9000,1.6286
4697500,1.9000,1.6198
4698000,1.9000,1.6230
4698500,1.9000,1.6254
4699000,1.9000,1.6303
4699500,1.9000,1.6254
4700000,1.9000,1.6391
4700500,1.9000,1.6230
4701000,1.9000,1.6117
4701500,1.9000,1.6286
4702000,1.9000,1.6198
4702500,1.9000,1.6206
4703000,1.9000,1.6407
4703500,1.9000,1.6238
4704000,1.9000,1.6101
4704500,1.9000,1.6158
4705000,1.9000,1.6254
4705500,1.9000,1.6093
4706000,1.9000,1.6230
4706500,1.9000,1.6206
4707000,1.9000,1.6198
4707500,1.9000,1.6270
4708000,1.9000,1.6149
4708500,1.9000,1.6230
4709000,1.9000,1.6254
4709500,1.9000,1.6335
4710000,1.9000,1.6206
4710500,1.9000,1.6214
4711000,1.9000,1.6222
4711500,1.9000,1.6286
4712000,1.9000,1.6206
4712500,1.9000,1.6295
4713000,1.9000,1.6230
4713500,1.9000,1.6286
4714000,1.9000,1.6391
4714500,1.9000,1.6166
4715000,1.9000,1.6254
4715500,1.9000,1.6158
4716000,1.9000,1.6319
4716500,1.9000,1.6141
4717000,1.9000,1.6222
4717500,1.9000,1.6375
4718000,1.9000,1.6246
4718500,1.9000,1.6125
4719000,1.9000,1.6375
4719500,1.9000,1.6246
4720000,1.9000,1.6125
4720500,1.9000,1.6206
4721000,1.9000,1.6190
4721500,1.9000,1.6149
4722000,1.9000,1.6319
4722500,1.9000,1.6238
4723000,1.9000,1.6254
4723500,1.9000,1.6206
4724000,1.9000,1.6246
4724500,1.9000,1.6262
4725000,1.9000,1.6327
4725500,1.9000,1.6174
4726000,1.9000,1.6230
4726500,1.9000,1.6101
4727000,1.9000,1.6206
4727500,1.9000,1.6190
4728000,1.9000,1.6295
4728500,1.9000,1.6206
4729000,1.9000,1.6423
4729500,1.9000,1.6158
4730000,1.9000,1.6190
4730500,1.9000,1.6222
4731000,1.9000,1.6311
4731500,1.9000,1.6238
4732000,1.9000,1.6246
4732500,1.9000,1.6117
4733000,1.9000,1.6246
4733500,1.9000,1.6125
4734000,1.9000,1.6166
4734500,1.9000,1.6230
4735000,1.9000,1.6206
4735500,1.9000,1.6085
4736000,1.9000,1.6657
4736500,1.9000,1.6432
4737000,1.9000,1.6141
4737500,1.9000,1.6303
4738000,1.9000,1.6222
4738500,1.9000,1.6270
4739000,1.9000,1.6278
4739500,1.9000,1.6295
4740000,1.9000,1.6335
4740500,1.9000,1.6246
4741000,1.9000,1.6230
4741500,1.9000,1.6222
4742000,1.9000,1.6246
4742500,1.9000,1.6149
4743000,1.9000,1.6222
4743500,1.9000,1.6295
4744000,1.9000,1.6246
4744500,1.9000,1.6174
4745000,1.9000,1.6254
4745500,1.9000,1.6230
4746000,1.9000,1.6375
4746500,1.9000,1.6149
4747000,1.9000,1.6270
4747500,1.9000,1.6230
4748000,1.9000,1.6351
4748500,1.9000,1.6214
4749000,1.9000,1.6262
4749500,1.9000,1.6133
4750000,1.9000,1.6141
4750500,1.9000,1.6270
4751000,1.9000,1.6174
4751500,1.9000,1.6214
4752000,1.9000,1.6270
4752500,1.9000,1.6222
4753000,1.9000,1.6198
4753500,1.9000,1.6246
4754000,1.9000,1.6117
4754500,1.9000,1.6198
4755000,1.9000,1.6238
4755500,1.9000,1.6262
4756000,1.9000,1.6166
4756500,1.9000,1.6125
4757000,1.9000,1.6093
4757500,1.9000,1.6230
4758000,1.9000,1.6174
4758500,1.9000,1.6141
4759000,1.9000,1.6375
4759500,1.9000,1.6286
4760000,1.9000,1.6246
4760500,1.9000,1.6295
4761000,1.9000,1.6222
4761500,1.9000,1.6174
4762000,1.9000,1.6407
4762500,1.9000,1.6375
4763000,1.9000,1.6222
4763500,1.9000,1.6174
4764000,1.9000,1.6270
4764500,1.9000,1.6190
4765000,1.9000,1.6222
4765500,1.9000,1.6295
4766000,1.9000,1.6286
4766500,1.9000,1.6262
4767000,1.9000,1.6319
4767500,1.9000,1.6246
4768000,1.9000,1.6278
4768500,1.9000,1.6238
4769000,1.9000,1.6327
4769500,1.9000,1.6222
4770000,1.9000,1.6230
4770500,1.9000,1.6174
4771000,1.9000,1.6206
4771500,1.9000,1.6222
4772000,1.9000,1.6206
4772500,1.9000,1.6230
4773000,1.9000,1.6093
4773500,1.9000,1.6238
4774000,1.9000,1.6254
4774500,1.9000,1.6238
4775000,1.9000,1.6230
4775500,1.9000,1.6254
4776000,1.9000,1.6238
4776500,1.9000,1.6254
4777000,1.9000,1.6230
4777500,1.9000,1.6206
4778000,1.9000,1.6222
4778500,1.9000,1.6206
4779000,1.9000,1.6061
4779500,1.9000,1.6174
4780000,1.9000,1.6295
4780500,1.9000,1.6415
4781000,1.9000,1.6174
4781500,1.9000,1.6238
4782000,1.9000,1.6174
4782500,1.9000,1.6198
4783000,1.9000,1.6286
4783500,1.9000,1.6270
4784000,1.9000,1.6254
4784500,1.9000,1.6286
4785000,1.9000,1.6246
4785500,1.9000,1.6198
4786000,1.9000,1.6278
4786500,1.9000,1.6133
4787000,1.9000,1.6214
4787500,1.9000,1.6262
4788000,1.9000,1.6190
4788500,1.9000,1.6238
4789000,1.9000,1.6230
4789500,1.9000,1.6319
4790000,1.9000,1.6246
4790500,1.9000,1.6117
4791000,1.9000,1.6246
4791500,1.9000,1.6222
4792000,1.9000,1.6278
4792500,1.9000,1.6117
4793000,1.9000,1.6222
4793500,1.9000,1.6174
4794000,1.9000,1.6238
4794500,1.9000,1.6359
4795000,1.9000,1.6174
4795500,1.9000,1.6246
4796000,1.9000,1.6117
4796500,1.9000,1.6230
4797000,1.9000,1.6198
4797500,1.9000,1.6230
4798000,1.9000,1.6222
4798500,1.9000,1.6303
4799000,1.9000,1.6222
4799500,1.9000,1.6335
4800000,1.9000,1.6262
4800500,1.9000,1.6117
4801000,1.9000,1.6190
4801500,1.9000,1.6270
4802000,1.9000,1.6254
4802500,1.9000,1.6246
4803000,1.9000,1.6254
4803500,1.9000,1.6206
4804000,1.9000,1.6246
4804500,1.9000,1.6190
4805000,1.9000,1.6246
4805500,1.9000,1.6246
4806000,1.9000,1.6262
4806500,1.9000,1.6206
4807000,1.9000,1.6286
4807500,1.9000,1.6456
4808000,1.9000,1.6254
4808500,1.9000,1.6432
4809000,1.9000,1.6198
4809500,1.9000,1.6125
4810000,1.9000,1.6198
4810500,1.9000,1.6198
4811000,1.9000,1.6246
4811500,1.9000,1.6190
4812000,1.9000,1.6125
4812500,1.9000,1.6440
4813000,1.9000,1.6198
4813500,1.9000,1.6158
4814000,1.9000,1.6238
4814500,1.9000,1.6133
4815000,1.9000,1.6149
4815500,1.9000,1.6254
4816000,1.9000,1.6174
4816500,1.9000,1.6319
4817000,1.9000,1.6133
4817500,1.9000,1.6190
4818000,1.9000,1.6262
4818500,1.9000,1.6230
4819000,1.9000,1.6166
4819500,1.9000,1.6246
4820000,1.9000,1.6230
4820500,1.9000,1.6133
4821000,1.9000,1.6270
4821500,1.9000,1.6238
4822000,1.9000,1.6246
4822500,1.9000,1.6262
4823000,1.9000,1.6407
4823500,1.9000,1.6286
4824000,1.9000,1.6238
4824500,1.9000,1.6246
4825000,1.9000,1.6230
4825500,1.9000,1.6206
4826000,1.9000,1.6262
4826500,1.9000,1.6158
4827000,1.9000,1.6254
4827500,1.9000,1.6270
4828000,1.9000,1.6367
4828500,1.9000,1.6206
4829000,1.9000,1.6262
4829500,1.9000,1.6303
4830000,1.9000,1.6174
4830500,1.9000,1.6149
4831000,1.9000,1.6278
4831500,1.9000,1.6230
4832000,1.9000,1.6222
4832500,1.9000,1.6166
4833000,1.9000,1.6262
4833500,1.9000,1.6198
4834000,1.9000,1.6254
4834500,1.9000,1.6238
4835000,1.9000,1.6238
4835500,1.9000,1.6327
4836000,1.9000,1.6198
4836500,1.9000,1.6286
4837000,1.9000,1.6254
4837500,1.9000,1.6222
4838000,1.9000,1.6375
4838500,1.9000,1.6246
4839000,1.9000,1.6222
4839500,1.9000,1.6174
4840000,1.9000,1.6214
4840500,1.9000,1.6198
4841000,1.9000,1.6238
4841500,1.9000,1.6158
4842000,1.9000,1.6230
4842500,1.9000,1.6246
4843000,1.9000,1.6399
4843500,1.9000,1.6214
4844000,1.9000,1.6141
4844500,1.9000,1.6166
4845000,1.9000,1.6158
4845500,1.9000,1.6198
4846000,1.9000,1.6222
4846500,1.9000,1.6077
4847000,1.9000,1.6198
4847500,1.9000,1.6254
4848000,1.9000,1.6254
4848500,1.9000,1.6214
4849000,1.9000,1.6174
4849500,1.9000,1.6246
4850000,1.9000,1.6278
4850500,1.9000,1.6359
4851000,1.9000,1.6246
4851500,1.9000,1.6246
4852000,1.9000,1.6198
4852500,1.9000,1.6158
4853000,1.9000,1.6174
4853500,1.9000,1.6375
4854000,1.9000,1.6198
4854500,1.9000,1.6254
4855000,1.9000,1.6125
4855500,1.9000,1.6303
4856000,1.9000,1.6286
4856500,1.9000,1.6093
4857000,1.9000,1.6206
4857500,1.9000,1.6375
4858000,1.9000,1.6286
4858500,1.9000,1.6295
4859000,1.9000,1.6238
4859500,1.9000,1.6238
4860000,1.9000,1.6254
4860500,1.9000,1.6286
4861000,1.9000,1.6278
4861500,1.9000,1.6230
4862000,1.9000,1.6198
4862500,1.9000,1.6254
4863000,1.9000,1.6262
4863500,1.9000,1.6238
4864000,1.9000,1.6238
4864500,1.9000,1.6222
4865000,1.9000,1.6198
4865500,1.9000,1.6158
4866000,1.9000,1.6295
4866500,1.9000,1.6286
4867000,1.9000,1.6246
4867500,1.9000,1.6238
4868000,1.9000,1.6117
4868500,1.9000,1.6286
4869000,1.9000,1.6190
4869500,1.9000,1.6198
4870000,1.9000,1.6214
4870500,1.9000,1.6262
4871000,1.9000,1.6133
4871500,1.9000,1.6278
4872000,1.9000,1.6254
4872500,1.9000,1.6270
4873000,1.9000,1.6286
4873500,1.9000,1.6375
4874000,1.9000,1.6198
4874500,1.9000,1.6198
4875000,1.9000,1.6343
4875500,1.9000,1.6278
4876000,1.9000,1.6190
4876500,1.9000,1.6166
4877000,1.9000,1.6303
4877500,1.9000,1.6206
4878000,1.9000,1.6262
4878500,1.9000,1.6198
4879000,1.9000,1.6238
4879500,1.9000,1.6222
4880000,1.9000,1.6254
4880500,1.9000,1.6117
4881000,1.9000,1.6222
4881500,1.9000,1.6270
4882000,1.9000,1.6174
4882500,1.9000,1.6254
4883000,1.9000,1.6456
4883500,1.9000,1.6230
4884000,1.9000,1.6198
4884500,1.9000,1.6222
4885000,1.9000,1.6262
4885500,1.9000,1.6174
4886000,1.9000,1.6149
4886500,1.9000,1.6246
4887000,1.9000,1.6141
4887500,1.9000,1.6222
4888000,1.9000,1.6109
4888500,1.9000,1.6254
4889000,1.9000,1.6230
4889500,1.9000,1.6238
4890000,1.9000,1.6198
4890500,1.9000,1.6246
4891000,1.9000,1.6053
4891500,1.9000,1.6117
4892000,1.9000,1.6375
4892500,1.9000,1.6303
4893000,1.9000,1.6198
4893500,1.9000,1.6375
4894000,1.9000,1.6206
4894500,1.9000,1.6246
4895000,1.9000,1.6270
4895500,1.9000,1.6190
4896000,1.9000,1.6222
4896500,1.9000,1.6198
4897000,1.9000,1.6230
4897500,1.9000,1.6190
4898000,1.9000,1.6190
4898500,1.9000,1.6198
4899000,1.9000,1.6246
4899500,1.9000,1.6149
4900000,1.9000,1.6262
4900500,1.9000,1.6222
4901000,1.9000,1.6238
4901500,1.9000,1.6295
4902000,1.9000,1.6222
4902500,1.9000,1.6141
4903000,1.9000,1.6174
4903500,1.9000,1.6166
4904000,1.9000,1.6238
4904500,1.9000,1.6174
4905000,1.9000,1.6319
4905500,1.9000,1.6190
4906000,1.9000,1.6295
4906500,1.9000,1.6174
4907000,1.9000,1.6246
4907500,1.9000,1.6254
4908000,1.9000,1.6367
4908500,1.9000,1.6286
4909000,1.9000,1.6230
4909500,1.9000,1.6286
4910000,1.9000,1.6238
4910500,1.9000,1.6190
4911000,1.9000,1.6246
4911500,1.9000,1.6262
4912000,1.9000,1.6222
4912500,1.9000,1.6166
4913000,1.9000,1.6238
4913500,1.9000,1.6133
4914000,1.9000,1.6262
4914500,1.9000,1.6230
4915000,1.9000,1.6077
4915500,1.9000,1.6303
4916000,1.9000,1.6270
4916500,1.9000,1.6206
4917000,1.9000,1.6222
4917500,1.9000,1.6254
4918000,1.9000,1.6238
4918500,1.9000,1.6278
4919000,1.9000,1.6375
4919500,1.9000,1.6214
4920000,1.9000,1.6190
4920500,1.9000,1.6262
4921000,1.9000,1.6262
4921500,1.9000,1.6190
4922000,1.9000,1.6101
4922500,1.9000,1.6254
4923000,1.9000,1.6254
4923500,1.9000,1.6295
4924000,1.9000,1.6456
4924500,1.9000,1.6222
4925000,1.9000,1.6335
4925500,1.9000,1.6295
4926000,1.9000,1.6262
4926500,1.9000,1.6206
4927000,1.9000,1.6125
4927500,1.9000,1.6238
4928000,1.9000,1.6262
4928500,1.9000,1.6246
4929000,1.9000,1.6295
4929500,1.9000,1.6206
4930000,1.9000,1.6190
4930500,1.9000,1.6230
4931000,1.9000,1.6174
4931500,1.9000,1.6166
4932000,1.9000,1.6158
4932500,1.9000,1.6190
4933000,1.9000,1.6238
4933500,1.9000,1.6303
4934000,1.9000,1.6270
4934500,1.9000,1.6206
4935000,1.9000,1.6262
4935500,1.9000,1.6190
4936000,1.9000,1.6254
4936500,1.9000,1.6415
4937000,1.9000,1.6198
4937500,1.9000,1.6246
4938000,1.9000,1.6012
4938500,1.9000,1.6270
4939000,1.9000,1.6254
4939500,1.9000,1.6149
4940000,1.9000,1.6246
4940500,1.9000,1.6117
4941000,1.9000,1.6295
4941500,1.9000,1.6351
4942000,1.9000,1.6238
4942500,1.9000,1.6238
4943000,1.9000,1.6270
4943500,1.9000,1.6254
4944000,1.9000,1.6174
4944500,1.9000,1.6238
4945000,1.9000,1.6206
4945500,1.9000,1.6303
4946000,1.9000,1.6327
4946500,1.9000,1.6206
4947000,1.9000,1.6391
4947500,1.9000,1.6238
4948000,1.9000,1.6174
4948500,1.9000,1.6270
4949000,1.9000,1.6303
4949500,1.9000,1.6262
4950000,1.9000,1.6238
4950500,1.9000,1.6254
4951000,1.9000,1.6198
4951500,1.9000,1.6375
4952000,1.9000,1.6375
4952500,1.9000,1.6174
4953000,1.9000,1.6254
4953500,1.9000,1.6246
4954000,1.9000,1.6262
4954500,1.9000,1.6254
4955000,1.9000,1.6238
4955500,1.9000,1.6206
4956000,1.9000,1.6117
4956500,1.9000,1.6254
4957000,1.9000,1.6278
4957500,1.9000,1.6464
4958000,1.9000,1.6230
4958500,1.9000,1.6238
4959000,1.9000,1.6262
4959500,1.9000,1.6262
4960000,1.9000,1.6254
4960500,1.9000,1.6230
4961000,1.9000,1.6166
4961500,1.9000,1.6222
4962000,1.9000,1.6375
4962500,1.9000,1.6270
4963000,1.9000,1.6246
4963500,1.9000,1.6238
4964000,1.9000,1.6270
4964500,1.9000,1.6327
4965000,1.9000,1.6568
4965500,1.9000,1.6270
4966000,1.9000,1.6278
4966500,1.9000,1.6351
4967000,1.9000,1.6295
4967500,1.9000,1.6303
4968000,1.9000,1.6359
4968500,1.9000,1.6286
4969000,1.9000,1.6270
4969500,1.9000,1.6254
4970000,1.9000,1.6254
4970500,1.9000,1.6222
4971000,1.9000,1.6206
4971500,1.9000,1.6230
4972000,1.9000,1.6270
4972500,1.9000,1.6206
4973000,1.9000,1.6198
4973500,1.9000,1.6262
4974000,1.9000,1.6117
4974500,1.9000,1.6254
4975000,1.9000,1.6230
4975500,1.9000,1.6383
4976000,1.9000,1.6270
4976500,1.9000,1.6254
4977000,1.9000,1.6238
4977500,1.9000,1.6270
4978000,1.9000,1.6109
4978500,1.9000,1.6182
4979000,1.9000,1.6230
4979500,1.9000,1.6230
4980000,1.9000,1.6327
4980500,1.9000,1.6303
4981000,1.9000,1.6222
4981500,1.9000,1.6319
4982000,1.9000,1.6270
4982500,1.9000,1.6149
4983000,1.9000,1.6270
4983500,1.9000,1.6230
4984000,1.9000,1.6158
4984500,1.9000,1.6375
4985000,1.9000,1.6359
4985500,1.9000,1.6214
4986000,1.9000,1.6230
4986500,1.9000,1.6262
4987000,1.9000,1.6278
4987500,1.9000,1.6117
4988000,1.9000,1.6303
4988500,1.9000,1.6230
4989000,1.9000,1.6286
4989500,1.9000,1.6303
4990000,1.9000,1.6295
4990500,1.9000,1.6262
4991000,1.9000,1.6295
4991500,1.9000,1.6335
4992000,1.9000,1.6295
4992500,1.9000,1.6053
4993000,1.9000,1.6270
4993500,1.9000,1.6238
4994000,1.9000,1.6262
4994500,1.9000,1.6262
4995000,1.9000,1.6375
4995500,1.9000,1.6375
4996000,1.9000,1.6262
4996500,1.9000,1.6270
4997000,1.9000,1.6206
4997500,1.9000,1.6335
4998000,1.9000,1.6319
4998500,1.9000,1.6375
4999000,1.9000,1.6270
4999500,1.9000,1.6238
5000000,1.9000,1.6359
5000500,1.9000,1.6303
5001000,1.9000,1.6375
5001500,1.9000,1.6222
5002000,1.9000,1.6295
5002500,1.9000,1.6391
5003000,1.9000,1.6303
5003500,1.9000,1.6254
5004000,1.9000,1.6254
5004500,1.9000,1.6198
5005000,1.9000,1.6262
5005500,1.9000,1.6262
5006000,1.9000,1.6367
5006500,1.9000,1.6319
5007000,1.9000,1.6270
5007500,1.9000,1.6270
5008000,1.9000,1.6335
5008500,1.9000,1.6174
5009000,1.9000,1.6254
5009500,1.9000,1.6125
5010000,1.9000,1.6238
5010500,1.9000,1.6286
5011000,1.9000,1.6286
5011500,1.9000,1.6335
5012000,1.9000,1.6270
5012500,1.9000,1.6359
5013000,1.9000,1.6254
5013500,1.9000,1.6262
5014000,1.9000,1.6286
5014500,1.9000,1.6246
5015000,1.9000,1.6254
5015500,1.9000,1.6423
5016000,1.9000,1.6335
5016500,1.9000,1.6303
5017000,1.9000,1.6238
5017500,1.9000,1.6254
5018000,1.9000,1.6286
5018500,1.9000,1.6198
5019000,1.9000,1.6327
5019500,1.9000,1.6270
5020000,1.9000,1.6343
5020500,1.9000,1.6303
5021000,1.9000,1.6383
5021500,1.9000,1.6262
5022000,1.9000,1.6230
5022500,1.9000,1.6238
5023000,1.9000,1.6303
5023500,1.9000,1.6230
5024000,1.9000,1.6262
5024500,1.9000,1.6254
5025000,1.9000,1.6278
5025500,1.9000,1.6351
5026000,1.9000,1.6117
5026500,1.9000,1.6303
5027000,1.9000,1.6166
5027500,1.9000,1.6206
5028000,1.9000,1.6254
5028500,1.9000,1.6270
5029000,1.9000,1.6335
5029500,1.9000,1.6375
5030000,1.9000,1.6311
5030500,1.9000,1.6149
5031000,1.9000,1.6335
5031500,1.9000,1.6278
5032000,1.9000,1.6456
5032500,1.9000,1.6246
5033000,1.9000,1.6117
5033500,1.9000,1.6367
5034000,1.9000,1.6278
5034500,1.9000,1.6295
5035000,1.9000,1.6238
5035500,1.9000,1.6319
5036000,1.9000,1.6375
5036500,1.9000,1.6246
5037000,1.9000,1.6230
5037500,1.9000,1.6166
5038000,1.9000,1.6270
5038500,1.9000,1.6246
5039000,1.9000,1.6496
5039500,1.9000,1.6303
5040000,1.9000,1.6303
5040500,1.9000,1.6262
5041000,1.9000,1.6230
5041500,1.9000,1.6174
5042000,1.9000,1.6238
5042500,1.9000,1.6254
5043000,1.9000,1.6617
5043500,1.9000,1.6149
5044000,1.9000,1.6278
5044500,1.9000,1.6246
5045000,1.9000,1.6303
5045500,1.9000,1.6295
5046000,1.9000,1.6319
5046500,1.9000,1.6133
5047000,1.9000,1.6295
5047500,1.9000,1.6286
5048000,1.9000,1.6246
5048500,1.9000,1.6359
5049000,1.9000,1.6069
5049500,1.9000,1.6246
5050000,1.9000,1.6399
5050500,1.9000,1.6327
5051000,1.9000,1.6254
5051500,1.9000,1.6174
5052000,1.9000,1.6230
5052500,1.9000,1.6133
5053000,1.9000,1.6278
5053500,1.9000,1.6351
5054000,1.9000,1.6254
5054500,1.9000,1.6270
5055000,1.9000,1.6246
5055500,1.9000,1.6254
5056000,1.9000,1.6222
5056500,1.9000,1.6303
5057000,1.9000,1.6230
5057500,1.9000,1.6335
5058000,1.9000,1.6286
5058500,1.9000,1.6254
5059000,1.9000,1.6303
5059500,1.9000,1.6286
5060000,1.9000,1.6375
5060500,1.9000,1.6359
5061000,1.9000,1.6375
5061500,1.9000,1.6270
5062000,1.9000,1.6367
5062500,1.9000,1.6295
5063000,1.9000,1.6383
5063500,1.9000,1.6303
5064000,1.9000,1.6327
5064500,1.9000,1.6270
5065000,1.9000,1.6045
5065500,1.9000,1.6399
5066000,1.9000,1.6295
5066500,1.9000,1.6303
5067000,1.9000,1.6335
5067500,1.9000,1.6359
5068000,1.9000,1.6327
5068500,1.9000,1.6351
5069000,1.9000,1.6488
5069500,1.9000,1.6351
5070000,1.9000,1.6375
5070500,1.9000,1.6190
5071000,1.9000,1.6262
5071500,1.9000,1.6335
5072000,1.9000,1.6230
5072500,1.9000,1.6295
5073000,1.9000,1.6391
5073500,1.9000,1.6303
5074000,1.9000,1.6391
5074500,1.9000,1.6359
5075000,1.9000,1.6303
5075500,1.9000,1.6335
5076000,1.9000,1.6343
5076500,1.9000,1.6149
5077000,1.9000,1.6238
5077500,1.9000,1.6351
5078000,1.9000,1.6262
5078500,1.9000,1.6117
5079000,1.9000,1.6214
5079500,1.9000,1.6238
5080000,1.9000,1.6496
5080500,1.9000,1.6286
5081000,1.9000,1.6415
5081500,1.9000,1.6270
5082000,1.9000,1.6278
5082500,1.9000,1.6254
5083000,1.9000,1.6359
5083500,1.9000,1.6278
5084000,1.9000,1.6399
5084500,1.9000,1.6303
5085000,1.9000,1.6343
5085500,1.9000,1.6359
5086000,1.9000,1.6351
5086500,1.9000,1.6238
5087000,1.9000,1.6335
5087500,1.9000,1.6343
5088000,1.9000,1.6286
5088500,1.9000,1.6286
5089000,1.9000,1.6367
5089500,1.9000,1.6327
5090000,1.9000,1.6343
5090500,1.9000,1.6286
5091000,1.9000,1.6375
5091500,1.9000,1.6391
5092000,1.9000,1.6262
5092500,1.9000,1.6367
5093000,1.9000,1.6182
5093500,1.9000,1.6359
5094000,1.9000,1.6295
5094500,1.9000,1.6319
5095000,1.9000,1.6295
5095500,1.9000,1.6343
5096000,1.9000,1.6327
5096500,1.9000,1.6303
5097000,1.9000,1.6359
5097500,1.9000,1.6206
5098000,1.9000,1.6327
5098500,1.9000,1.6295
5099000,1.9000,1.6327
5099500,1.9000,1.6359
5100000,1.9000,1.6262
5100500,1.9000,1.6367
5101000,1.9000,1.6295
5101500,1.9000,1.6286
5102000,1.9000,1.6286
5102500,1.9000,1.6359
5103000,1.9000,1.6270
5103500,1.9000,1.6254
5104000,1.9000,1.6359
5104500,1.9000,1.6303
5105000,1.9000,1.6295
5105500,1.9000,1.6278
5106000,1.9000,1.6295
5106500,1.9000,1.6222
5107000,1.9000,1.6286
5107500,1.9000,1.6319
5108000,1.9000,1.6278
5108500,1.9000,1.6335
5109000,1.9000,1.6375
5109500,1.9000,1.6375
5110000,1.9000,1.6327
5110500,1.9000,1.6319
5111000,1.9000,1.6262
5111500,1.9000,1.6415
5112000,1.9000,1.6270
5112500,1.9000,1.6544
5113000,1.9000,1.6303
5113500,1.9000,1.6262
5114000,1.9000,1.6286
5114500,1.9000,1.6375
5115000,1.9000,1.6335
5115500,1.9000,1.6295
5116000,1.9000,1.6367
5116500,1.9000,1.6286
5117000,1.9000,1.6327
5117500,1.9000,1.6270
5118000,1.9000,1.6367
5118500,1.9000,1.6319
5119000,1.9000,1.6319
5119500,1.9000,1.6278
5120000,1.9000,1.6367
5120500,1.9000,1.6391
5121000,1.9000,1.6262
5121500,1.9000,1.6254
5122000,1.9000,1.6303
5122500,1.9000,1.6359
5123000,1.9000,1.6383
5123500,1.9000,1.6303
5124000,1.9000,1.6303
5124500,1.9000,1.6029
5125000,1.9000,1.6367
5125500,1.9000,1.6327
5126000,1.9000,1.6351
5126500,1.9000,1.6254
5127000,1.9000,1.6270
5127500,1.9000,1.6319
5128000,1.9000,1.6311
5128500,1.9000,1.6222
5129000,1.9000,1.6319
5129500,1.9000,1.6286
5130000,1.9000,1.6303
5130500,1.9000,1.6359
5131000,1.9000,1.6335
5131500,1.9000,1.6375
5132000,1.9000,1.6351
5132500,1.9000,1.6359
5133000,1.9000,1.6375
5133500,1.9000,1.6270
5134000,1.9000,1.6295
5134500,1.9000,1.6238
5135000,1.9000,1.6254
5135500,1.9000,1.6359
5136000,1.9000,1.6335
5136500,1.9000,1.6375
5137000,1.9000,1.6319
5137500,1.9000,1.6222
5138000,1.9000,1.6391
5138500,1.9000,1.6367
5139000,1.9000,1.6423
5139500,1.9000,1.6351
5140000,1.9000,1.6262
5140500,1.9000,1.6375
5141000,1.9000,1.6230
5141500,1.9000,1.6335
5142000,1.9000,1.6335
5142500,1.9000,1.6327
5143000,1.9000,1.6295
5143500,1.9000,1.6391
5144000,1.9000,1.6270
5144500,1.9000,1.6303
5145000,1.9000,1.6359
5145500,1.9000,1.6367
5146000,1.9000,1.6415
5146500,1.9000,1.6335
5147000,1.9000,1.6367
5147500,1.9000,1.6343
5148000,1.9000,1.6359
5148500,1.9000,1.6327
5149000,1.9000,1.6375
5149500,1.9000,1.6367
5150000,1.9000,1.6278
5150500,1.9000,1.6375
5151000,1.9000,1.6230
5151500,1.9000,1.6238
5152000,1.9000,1.6190
5152500,1.9000,1.6367
5153000,1.9000,1.6303
5153500,1.9000,1.6367
5154000,1.9000,1.6383
5154500,1.9000,1.6560
5155000,1.9000,1.6488
5155500,1.9000,1.6351
5156000,1.9000,1.6399
5156500,1.9000,1.6359
5157000,1.9000,1.6383
5157500,1.9000,1.6375
5158000,1.9000,1.6351
5158500,1.9000,1.6351
5159000,1.9000,1.6335
5159500,1.9000,1.6327
5160000,1.9000,1.6383
5160500,1.9000,1.6327
5161000,1.9000,1.6383
5161500,1.9000,1.6375
5162000,1.9000,1.6198
5162500,1.9000,1.6399
5163000,1.9000,1.6359
5163500,1.9000,1.6359
5164000,1.9000,1.6367
5164500,1.9000,1.6367
5165000,1.9000,1.6375
5165500,1.9000,1.6464
5166000,1.9000,1.6383
5166500,1.9000,1.6544
5167000,1.9000,1.6327
5167500,1.9000,1.6375
5168000,1.9000,1.6496
5168500,1.9000,1.6359
5169000,1.9000,1.6238
5169500,1.9000,1.6319
5170000,1.9000,1.6399
5170500,1.9000,1.6367
5171000,1.9000,1.6270
5171500,1.9000,1.6367
5172000,1.9000,1.6480
5172500,1.9000,1.6335
5173000,1.9000,1.6399
5173500,1.9000,1.6375
5174000,1.9000,1.6351
5174500,1.9000,1.6335
5175000,1.9000,1.6351
5175500,1.9000,1.6480
5176000,1.9000,1.6633
5176500,1.9000,1.6359
5177000,1.9000,1.6335
5177500,1.9000,1.6254
5178000,1.9000,1.6367
5178500,1.9000,1.6448
5179000,1.9000,1.6343
5179500,1.9000,1.6472
5180000,1.9000,1.6375
5180500,1.9000,1.6375
5181000,1.9000,1.6295
5181500,1.9000,1.6303
5182000,1.9000,1.6262
5182500,1.9000,1.6448
5183000,1.9000,1.6568
5183500,1.9000,1.6327
5184000,1.9000,1.6206
5184500,1.9000,1.6415
5185000,1.9000,1.6166
5185500,1.9000,1.6391
5186000,1.9000,1.6351
5186500,1.9000,1.6343
5187000,1.9000,1.6359
5187500,1.9000,1.6375
5188000,1.9000,1.6375
5188500,1.9000,1.6383
5189000,1.9000,1.6391
5189500,1.9000,1.6423
5190000,1.9000,1.6432
5190500,1.9000,1.6415
5191000,1.9000,1.6383
5191500,1.9000,1.6367
5192000,1.9000,1.6480
5192500,1.9000,1.6351
5193000,1.9000,1.6456
5193500,1.9000,1.6399
5194000,1.9000,1.6375
5194500,1.9000,1.6351
5195000,1.9000,1.6375
5195500,1.9000,1.6375
5196000,1.9000,1.6456
5196500,1.9000,1.6351
5197000,1.9000,1.6327
5197500,1.9000,1.6375
5198000,1.9000,1.6319
5198500,1.9000,1.6375
5199000,1.9000,1.6359
5199500,1.9000,1.6335
5200000,1.9000,1.6673
5200500,1.9000,1.6496
5201000,1.9000,1.6391
5201500,1.9000,1.6367
5202000,1.9000,1.6383
5202500,1.9000,1.6375
5203000,1.9000,1.6391
5203500,1.9000,1.6270
5204000,1.9000,1.6343
5204500,1.9000,1.6351
5205000,1.9000,1.6375
5205500,1.9000,1.6423
5206000,1.9000,1.6432
5206500,1.9000,1.6391
5207000,1.9000,1.6391
5207500,1.9000,1.6552
5208000,1.9000,1.6496
5208500,1.9000,1.6496
5209000,1.9000,1.6238
5209500,1.9000,1.6375
5210000,1.9000,1.6270
5210500,1.9000,1.6311
5211000,1.9000,1.6391
5211500,1.9000,1.6496
5212000,1.9000,1.6383
5212500,1.9000,1.6399
5213000,1.9000,1.6407
5213500,1.9000,1.6423
5214000,1.9000,1.6383
5214500,1.9000,1.6375
5215000,1.9000,1.6303
5215500,1.9000,1.6399
5216000,1.9000,1.6399
5216500,1.9000,1.6375
5217000,1.9000,1.6351
5217500,1.9000,1.6375
5218000,1.9000,1.6375
5218500,1.9000,1.6464
5219000,1.9000,1.6399
5219500,1.9000,1.6367
5220000,1.9000,1.6351
5220500,1.9000,1.6423
5221000,1.9000,1.6391
5221500,1.9000,1.6375
5222000,1.9000,1.6375
5222500,1.9000,1.6383
5223000,1.9000,1.6335
5223500,1.9000,1.6383
5224000,1.9000,1.6359
5224500,1.9000,1.6383
5225000,1.9000,1.6375
5225500,1.9000,1.6351
5226000,1.9000,1.6383
5226500,1.9000,1.6432
5227000,1.9000,1.6303
5227500,1.9000,1.6399
5228000,1.9000,1.6375
5228500,1.9000,1.6295
5229000,1.9000,1.6432
5229500,1.9000,1.6286
5230000,1.9000,1.6367
5230500,1.9000,1.6488
5231000,1.9000,1.6367
5231500,1.9000,1.6327
5232000,1.9000,1.6375
5232500,1.9000,1.6335
5233000,1.9000,1.6190
5233500,1.9000,1.6254
5234000,1.9000,1.6303
5234500,1.9000,1.6327
5235000,1.9000,1.6367
5235500,1.9000,1.6399
5236000,1.9000,1.6359
5236500,1.9000,1.6286
5237000,1.9000,1.6319
5237500,1.9000,1.6359
5238000,1.9000,1.6399
5238500,1.9000,1.6432
5239000,1.9000,1.6367
5239500,1.9000,1.6351
5240000,1.9000,1.6375
5240500,1.9000,1.6415
5241000,1.9000,1.6367
5241500,1.9000,1.6375
5242000,1.9000,1.6375
5242500,1.9000,1.6254
5243000,1.9000,1.6456
5243500,1.9000,1.6327
5244000,1.9000,1.6174
5244500,1.9000,1.6206
5245000,1.9000,1.6335
5245500,1.9000,1.6407
5246000,1.9000,1.6383
5246500,1.9000,1.6303
5247000,1.9000,1.6303
5247500,1.9000,1.6375
5248000,1.9000,1.6375
5248500,1.9000,1.6375
5249000,1.9000,1.6383
5249500,1.9000,1.6367
5250000,1.9000,1.6367
5250500,1.9000,1.6117
5251000,1.9000,1.6432
5251500,1.9000,1.6270
5252000,1.9000,1.6295
5252500,1.9000,1.6351
5253000,1.9000,1.6222
5253500,1.9000,1.6375
5254000,1.9000,1.6351
5254500,1.9000,1.6399
5255000,1.9000,1.6262
5255500,1.9000,1.6568
5256000,1.9000,1.6375
5256500,1.9000,1.6480
5257000,1.9000,1.6399
5257500,1.9000,1.6375
5258000,1.9000,1.6399
5258500,1.9000,1.6383
5259000,1.9000,1.6399
5259500,1.9000,1.6391
5260000,1.9000,1.6472
5260500,1.9000,1.6448
5261000,1.9000,1.6375
5261500,1.9000,1.6375
5262000,1.9000,1.6367
5262500,1.9000,1.6432
5263000,1.9000,1.6415
5263500,1.9000,1.6375
5264000,1.9000,1.6375
5264500,1.9000,1.6399
5265000,1.9000,1.6399
5265500,1.9000,1.6367
5266000,1.9000,1.6432
5266500,1.9000,1.6375
5267000,1.9000,1.6415
5267500,1.9000,1.6432
5268000,1.9000,1.6375
5268500,1.9000,1.6423
5269000,1.9000,1.6375
5269500,1.9000,1.6375
5270000,1.9000,1.6673
5270500,1.9000,1.6423
5271000,1.9000,1.6391
5271500,1.9000,1.6375
5272000,1.9000,1.6423
5272500,1.9000,1.6359
5273000,1.9000,1.6262
5273500,1.9000,1.6351
5274000,1.9000,1.6423
5274500,1.9000,1.6456
5275000,1.9000,1.6432
5275500,1.9000,1.6577
5276000,1.9000,1.6415
5276500,1.9000,1.6415
5277000,1.9000,1.6617
5277500,1.9000,1.6480
5278000,1.9000,1.6432
5278500,1.9000,1.6552
5279000,1.9000,1.6383
5279500,1.9000,1.6415
5280000,1.9000,1.6496
5280500,1.9000,1.6383
5281000,1.9000,1.6375
5281500,1.9000,1.6391
5282000,1.9000,1.6407
5282500,1.9000,1.6480
5283000,1.9000,1.6391
5283500,1.9000,1.6432
5284000,1.9000,1.6399
5284500,1.9000,1.6488
5285000,1.9000,1.6423
5285500,1.9000,1.6415
5286000,1.9000,1.6456
5286500,1.9000,1.6552
5287000,1.9000,1.6464
5287500,1.9000,1.6351
5288000,1.9000,1.6383
5288500,1.9000,1.6448
5289000,1.9000,1.6383
5289500,1.9000,1.6448
5290000,1.9000,1.6375
5290500,1.9000,1.6432
5291000,1.9000,1.6407
5291500,1.9000,1.6448
5292000,1.9000,1.6359
5292500,1.9000,1.6383
5293000,1.9000,1.6375
5293500,1.9000,1.6423
5294000,1.9000,1.6456
5294500,1.9000,1.6383
5295000,1.9000,1.6496
5295500,1.9000,1.6423
5296000,1.9000,1.6238
5296500,1.9000,1.6432
5297000,1.9000,1.6456
5297500,1.9000,1.6407
5298000,1.9000,1.6577
5298500,1.9000,1.6399
5299000,1.9000,1.6303
5299500,1.9000,1.6480
5300000,1.9000,1.6633
5300500,1.9000,1.6359
5301000,1.9000,1.6367
5301500,1.9000,1.6496
5302000,1.9000,1.6383
5302500,1.9000,1.6383
5303000,1.9000,1.6415
5303500,1.9000,1.6496
5304000,1.9000,1.6399
5304500,1.9000,1.6488
5305000,1.9000,1.6432
5305500,1.9000,1.6423
5306000,1.9000,1.6415
5306500,1.9000,1.6391
5307000,1.9000,1.6448
5307500,1.9000,1.6560
5308000,1.9000,1.6432
5308500,1.9000,1.6432
5309000,1.9000,1.6415
5309500,1.9000,1.6488
5310000,1.9000,1.6415
5310500,1.9000,1.6488
5311000,1.9000,1.6609
5311500,1.9000,1.6448
5312000,1.9000,1.6488
5312500,1.9000,1.6423
5313000,1.9000,1.6335
5313500,1.9000,1.6448
5314000,1.9000,1.6399
5314500,1.9000,1.6633
5315000,1.9000,1.6327
5315500,1.9000,1.6375
5316000,1.9000,1.6415
5316500,1.9000,1.6367
5317000,1.9000,1.6536
5317500,1.9000,1.6399
5318000,1.9000,1.6456
5318500,1.9000,1.6432
5319000,1.9000,1.6496
5319500,1.9000,1.6351
5320000,1.9000,1.6415
5320500,1.9000,1.6415
5321000,1.9000,1.6375
5321500,1.9000,1.6681
5322000,1.9000,1.6375
5322500,1.9000,1.6295
5323000,1.9000,1.6383
5323500,1.9000,1.6399
5324000,1.9000,1.6641
5324500,1.9000,1.6303
5325000,1.9000,1.6399
5325500,1.9000,1.6359
5326000,1.9000,1.6432
5326500,1.9000,1.6399
5327000,1.9000,1.6472
5327500,1.9000,1.6399
5328000,1.9000,1.6415
5328500,1.9000,1.6544
5329000,1.9000,1.6415
5329500,1.9000,1.6496
5330000,1.9000,1.6391
5330500,1.9000,1.6448
5331000,1.9000,1.6399
5331500,1.9000,1.6423
5332000,1.9000,1.6456
5332500,1.9000,1.6391
5333000,1.9000,1.6391
5333500,1.9000,1.6423
5334000,1.9000,1.6407
5334500,1.9000,1.6480
5335000,1.9000,1.6383
5335500,1.9000,1.6270
5336000,1.9000,1.6673
5336500,1.9000,1.6472
5337000,1.9000,1.6464
5337500,1.9000,1.6552
5338000,1.9000,1.6270
5338500,1.9000,1.6375
5339000,1.9000,1.6375
5339500,1.9000,1.6399
5340000,1.9000,1.6440
5340500,1.9000,1.6399
5341000,1.9000,1.6399
5341500,1.9000,1.6367
5342000,1.9000,1.6423
5342500,1.9000,1.6488
5343000,1.9000,1.6432
5343500,1.9000,1.6432
5344000,1.9000,1.6496
5344500,1.9000,1.6399
5345000,1.9000,1.6391
5345500,1.9000,1.6585
5346000,1.9000,1.6834
5346500,1.9000,1.6560
5347000,1.9000,1.6359
5347500,1.9000,1.6423
5348000,1.9000,1.6496
5348500,1.9000,1.6432
5349000,1.9000,1.6399
5349500,1.9000,1.6480
5350000,1.9000,1.6423
5350500,1.9000,1.6488
5351000,1.9000,1.6480
5351500,1.9000,1.6383
5352000,1.9000,1.6423
5352500,1.9000,1.6480
5353000,1.9000,1.6399
5353500,1.9000,1.6633
5354000,1.9000,1.6472
5354500,1.9000,1.6399
5355000,1.9000,1.6448
5355500,1.9000,1.6480
5356000,1.9000,1.6496
5356500,1.9000,1.6472
5357000,1.9000,1.6456
5357500,1.9000,1.6432
5358000,1.9000,1.6375
5358500,1.9000,1.6174
5359000,1.9000,1.6399
5359500,1.9000,1.6480
5360000,1.9000,1.6464
5360500,1.9000,1.6625
5361000,1.9000,1.6375
5361500,1.9000,1.6488
5362000,1.9000,1.6488
5362500,1.9000,1.6375
5363000,1.9000,1.6423
5363500,1.9000,1.6391
5364000,1.9000,1.6423
5364500,1.9000,1.6585
5365000,1.9000,1.6415
5365500,1.9000,1.6391
5366000,1.9000,1.6601
5366500,1.9000,1.6399
5367000,1.9000,1.6448
5367500,1.9000,1.6423
5368000,1.9000,1.6528
5368500,1.9000,1.6456
5369000,1.9000,1.6464
5369500,1.9000,1.6383
5370000,1.9000,1.6464
5370500,1.9000,1.6415
5371000,1.9000,1.6464
5371500,1.9000,1.6448
5372000,1.9000,1.6335
5372500,1.9000,1.6432
5373000,1.9000,1.6480
5373500,1.9000,1.6464
5374000,1.9000,1.6464
5374500,1.9000,1.6399
5375000,1.9000,1.6391
5375500,1.9000,1.6415
5376000,1.9000,1.6448
5376500,1.9000,1.6552
5377000,1.9000,1.6440
5377500,1.9000,1.6480
5378000,1.9000,1.6423
5378500,1.9000,1.6375
5379000,1.9000,1.6601
5379500,1.9000,1.6577
5380000,1.9000,1.6303
5380500,1.9000,1.6657
5381000,1.9000,1.6432
5381500,1.9000,1.6464
5382000,1.9000,1.6520
5382500,1.9000,1.6585
5383000,1.9000,1.6423
5383500,1.9000,1.6496
5384000,1.9000,1.6399
5384500,1.9000,1.6464
5385000,1.9000,1.6488
5385500,1.9000,1.6456
5386000,1.9000,1.6649
5386500,1.9000,1.6496
5387000,1.9000,1.6577
5387500,1.9000,1.6423
5388000,1.9000,1.6593
5388500,1.9000,1.6480
5389000,1.9000,1.6407
5389500,1.9000,1.6488
5390000,1.9000,1.6496
5390500,1.9000,1.6609
5391000,1.9000,1.6432
5391500,1.9000,1.6633
5392000,1.9000,1.6488
5392500,1.9000,1.6480
5393000,1.9000,1.6440
5393500,1.9000,1.6496
5394000,1.9000,1.6423
5394500,1.9000,1.6448
5395000,1.9000,1.6496
5395500,1.9000,1.6577
5396000,1.9000,1.6464
5396500,1.9000,1.6641
5397000,1.9000,1.6488
5397500,1.9000,1.6456
5398000,1.9000,1.6432
5398500,1.9000,1.6649
5399000,1.9000,1.6464
5399500,1.9000,1.6705
5400000,1.9000,1.6697
5400500,1.9000,1.6496
5401000,1.9000,1.6472
5401500,1.9000,1.6585
5402000,1.9000,1.6391
5402500,1.9000,1.6456
5403000,1.9000,1.6577
5403500,1.9000,1.6488
5404000,1.9000,1.6480
5404500,1.9000,1.6464
5405000,1.9000,1.6480
5405500,1.9000,1.6464
5406000,1.9000,1.6464
5406500,1.9000,1.6456
5407000,1.9000,1.6383
5407500,1.9000,1.6488
5408000,1.9000,1.6552
5408500,1.9000,1.6657
5409000,1.9000,1.6117
5409500,1.9000,1.6577
5410000,1.9000,1.6423
5410500,1.9000,1.6415
5411000,1.9000,1.6399
5411500,1.9000,1.6399
5412000,1.9000,1.6560
5412500,1.9000,1.6432
5413000,1.9000,1.6496
5413500,1.9000,1.6552
5414000,1.9000,1.6456
5414500,1.9000,1.6399
5415000,1.9000,1.6174
5415500,1.9000,1.6399
5416000,1.9000,1.6456
5416500,1.9000,1.6609
5417000,1.9000,1.6456
5417500,1.9000,1.6496
5418000,1.9000,1.6496
5418500,1.9000,1.6464
5419000,1.9000,1.6609
5419500,1.9000,1.6633
5420000,1.9000,1.6222
5420500,1.9000,1.6544
5421000,1.9000,1.6560
5421500,1.9000,1.6383
5422000,1.9000,1.6480
5422500,1.9000,1.6407
5423000,1.9000,1.6488
5423500,1.9000,1.6488
5424000,1.9000,1.6585
5424500,1.9000,1.6464
5425000,1.9000,1.6415
5425500,1.9000,1.6456
5426000,1.9000,1.6464
5426500,1.9000,1.6423
5427000,1.9000,1.6456
5427500,1.9000,1.6593
5428000,1.9000,1.6464
5428500,1.9000,1.6383
5429000,1.9000,1.6375
5429500,1.9000,1.6673
5430000,1.9000,1.6488
5430500,1.9000,1.6552
5431000,1.9000,1.6480
5431500,1.9000,1.6456
5432000,1.9000,1.6432
5432500,1.9000,1.6496
5433000,1.9000,1.6609
5433500,1.9000,1.6399
5434000,1.9000,1.6448
5434500,1.9000,1.6415
5435000,1.9000,1.6464
5435500,1.9000,1.6391
5436000,1.9000,1.6577
5436500,1.9000,1.6488
5437000,1.9000,1.6335
5437500,1.9000,1.6488
5438000,1.9000,1.6577
5438500,1.9000,1.6464
5439000,1.9000,1.6480
5439500,1.9000,1.6415
5440000,1.9000,1.6375
5440500,1.9000,1.6432
5441000,1.9000,1.6359
5441500,1.9000,1.6480
5442000,1.9000,1.6456
5442500,1.9000,1.6391
5443000,1.9000,1.6480
5443500,1.9000,1.6415
5444000,1.9000,1.6480
5444500,1.9000,1.6496
5445000,1.9000,1.6560
5445500,1.9000,1.6762
5446000,1.9000,1.6560
5446500,1.9000,1.6496
5447000,1.9000,1.6456
5447500,1.9000,1.6456
5448000,1.9000,1.6544
5448500,1.9000,1.6472
5449000,1.9000,1.6480
5449500,1.9000,1.6480
5450000,1.9000,1.6448
5450500,1.9000,1.6222
5451000,1.9000,1.6415
5451500,1.9000,1.6399
5452000,1.9000,1.6464
5452500,1.9000,1.6560
5453000,1.9000,1.6496
5453500,1.9000,1.6722
5454000,1.9000,1.6633
5454500,1.9000,1.6432
5455000,1.9000,1.6456
5455500,1.9000,1.6415
5456000,1.9000,1.6496
5456500,1.9000,1.6496
5457000,1.9000,1.6560
5457500,1.9000,1.6496
5458000,1.9000,1.6480
5458500,1.9000,1.6609
5459000,1.9000,1.6472
5459500,1.9000,1.6432
5460000,1.9000,1.6472
5460500,1.9000,1.6375
5461000,1.9000,1.6560
5461500,1.9000,1.6625
5462000,1.9000,1.6480
5462500,1.9000,1.6415
5463000,1.9000,1.6375
5463500,1.9000,1.6496
5464000,1.9000,1.6633
5464500,1.9000,1.6577
5465000,1.9000,1.6593
5465500,1.9000,1.6617
5466000,1.9000,1.6601
5466500,1.9000,1.6480
5467000,1.9000,1.6432
5467500,1.9000,1.6617
5468000,1.9000,1.6456
5468500,1.9000,1.6577
5469000,1.9000,1.6432
5469500,1.9000,1.6560
5470000,1.9000,1.6488
5470500,1.9000,1.6552
5471000,1.9000,1.6633
5471500,1.9000,1.6496
5472000,1.9000,1.6375
5472500,1.9000,1.6375
5473000,1.9000,1.6625
5473500,1.9000,1.6367
5474000,1.9000,1.6585
5474500,1.9000,1.6496
5475000,1.9000,1.6585
5475500,1.9000,1.6399
5476000,1.9000,1.6432
5476500,1.9000,1.6456
5477000,1.9000,1.6480
5477500,1.9000,1.6617
5478000,1.9000,1.6496
5478500,1.9000,1.6625
5479000,1.9000,1.6560
5479500,1.9000,1.6705
5480000,1.9000,1.6496
5480500,1.9000,1.6577
5481000,1.9000,1.6552
5481500,1.9000,1.6577
5482000,1.9000,1.6544
5482500,1.9000,1.6496
5483000,1.9000,1.6560
5483500,1.9000,1.6488
5484000,1.9000,1.6432
5484500,1.9000,1.6722
5485000,1.9000,1.6593
5485500,1.9000,1.6432
5486000,1.9000,1.6391
5486500,1.9000,1.6577
5487000,1.9000,1.6585
5487500,1.9000,1.6609
5488000,1.9000,1.6496
5488500,1.9000,1.6689
5489000,1.9000,1.6633
5489500,1.9000,1.6544
5490000,1.9000,1.6585
5490500,1.9000,1.6609
5491000,1.9000,1.6480
5491500,1.9000,1.6488
5492000,1.9000,1.6488
5492500,1.9000,1.6399
5493000,1.9000,1.6464
5493500,1.9000,1.6585
5494000,1.9000,1.6496
5494500,1.9000,1.6762
5495000,1.9000,1.6593
5495500,1.9000,1.6585
5496000,1.9000,1.6601
5496500,1.9000,1.6432
5497000,1.9000,1.6560
5497500,1.9000,1.6496
5498000,1.9000,1.6488
5498500,1.9000,1.6633
5499000,1.9000,1.6480
5499500,1.9000,1.6399
5500000,1.9000,1.6480
5500500,1.9000,1.6577
5501000,1.9000,1.6560
5501500,1.9000,1.6456
5502000,1.9000,1.6577
5502500,1.9000,1.6496
5503000,1.9000,1.6415
5503500,1.9000,1.6560
5504000,1.9000,1.6472
5504500,1.9000,1.6488
5505000,1.9000,1.6464
5505500,1.9000,1.6456
5506000,1.9000,1.6488
5506500,1.9000,1.6480
5507000,1.9000,1.6480
5507500,1.9000,1.6198
5508000,1.9000,1.6472
5508500,1.9000,1.6552
5509000,1.9000,1.6496
5509500,1.9000,1.6488
5510000,1.9000,1.6585
5510500,1.9000,1.6399
5511000,1.9000,1.6617
5511500,1.9000,1.6577
5512000,1.9000,1.6375
5512500,1.9000,1.6593
5513000,1.9000,1.6440
5513500,1.9000,1.6391
5514000,1.9000,1.6432
5514500,1.9000,1.6560
5515000,1.9000,1.6617
5515500,1.9000,1.6560
5516000,1.9000,1.6423
5516500,1.9000,1.6496
5517000,1.9000,1.6464
5517500,1.9000,1.6472
5518000,1.9000,1.6488
5518500,1.9000,1.6456
5519000,1.9000,1.6560
5519500,1.9000,1.6464
5520000,1.9000,1.6560
5520500,1.9000,1.6423
5521000,1.9000,1.6552
5521500,1.9000,1.6544
5522000,1.9000,1.6593
5522500,1.9000,1.6544
5523000,1.9000,1.6488
5523500,1.9000,1.6367
5524000,1.9000,1.6633
5524500,1.9000,1.6480
5525000,1.9000,1.6577
5525500,1.9000,1.6383
5526000,1.9000,1.6432
5526500,1.9000,1.6448
5527000,1.9000,1.6432
5527500,1.9000,1.6496
5528000,1.9000,1.6359
5528500,1.9000,1.6593
5529000,1.9000,1.6488
5529500,1.9000,1.6480
5530000,1.9000,1.6617
5530500,1.9000,1.6625
5531000,1.9000,1.6415
5531500,1.9000,1.6560
5532000,1.9000,1.6496
5532500,1.9000,1.6278
5533000,1.9000,1.6456
5533500,1.9000,1.6633
5534000,1.9000,1.6480
5534500,1.9000,1.6496
5535000,1.9000,1.6440
5535500,1.9000,1.6496
5536000,1.9000,1.6448
5536500,1.9000,1.6432
5537000,1.9000,1.6456
5537500,1.9000,1.6585
5538000,1.9000,1.6464
5538500,1.9000,1.6448
5539000,1.9000,1.6391
5539500,1.9000,1.6577
5540000,1.9000,1.6649
5540500,1.9000,1.6585
5541000,1.9000,1.6391
5541500,1.9000,1.6464
5542000,1.9000,1.6423
5542500,1.9000,1.6432
5543000,1.9000,1.6480
5543500,1.9000,1.6456
5544000,1.9000,1.6448
5544500,1.9000,1.6730
5545000,1.9000,1.6593
5545500,1.9000,1.6496
5546000,1.9000,1.6432
5546500,1.9000,1.6432
5547000,1.9000,1.6472
5547500,1.9000,1.6456
5548000,1.9000,1.6335
5548500,1.9000,1.6456
5549000,1.9000,1.6609
5549500,1.9000,1.6383
5550000,1.9000,1.6593
5550500,1.9000,1.6544
5551000,1.9000,1.6448
5551500,1.9000,1.6375
5552000,1.9000,1.6496
5552500,1.9000,1.6496
5553000,1.9000,1.6496
5553500,1.9000,1.6593
5554000,1.9000,1.6367
5554500,1.9000,1.6544
5555000,1.9000,1.6480
5555500,1.9000,1.6577
5556000,1.9000,1.6432
5556500,1.9000,1.6391
5557000,1.9000,1.6480
5557500,1.9000,1.6423
5558000,1.9000,1.6496
5558500,1.9000,1.6633
5559000,1.9000,1.6286
5559500,1.9000,1.6456
5560000,1.9000,1.6456
5560500,1.9000,1.6432
5561000,1.9000,1.6351
5561500,1.9000,1.6464
5562000,1.9000,1.6488
5562500,1.9000,1.6560
5563000,1.9000,1.6633
5563500,1.9000,1.6480
5564000,1.9000,1.6472
5564500,1.9000,1.6456
5565000,1.9000,1.6456
5565500,1.9000,1.6464
5566000,1.9000,1.6464
5566500,1.9000,1.6633
5567000,1.9000,1.6657
5567500,1.9000,1.6488
5568000,1.9000,1.6480
5568500,1.9000,1.6456
5569000,1.9000,1.6496
5569500,1.9000,1.6552
5570000,1.9000,1.6585
5570500,1.9000,1.6488
5571000,1.9000,1.6633
5571500,1.9000,1.6488
5572000,1.9000,1.6496
5572500,1.9000,1.6480
5573000,1.9000,1.6472
5573500,1.9000,1.6496
5574000,1.9000,1.6472
5574500,1.9000,1.6456
5575000,1.9000,1.6568
5575500,1.9000,1.6488
5576000,1.9000,1.6496
5576500,1.9000,1.6528
5577000,1.9000,1.6278
5577500,1.9000,1.6496
5578000,1.9000,1.6560
5578500,1.9000,1.6826
5579000,1.9000,1.6423
5579500,1.9000,1.6609
5580000,1.9000,1.6552
5580500,1.9000,1.6496
5581000,1.9000,1.6496
5581500,1.9000,1.6714
5582000,1.9000,1.6577
5582500,1.9000,1.6480
5583000,1.9000,1.6496
5583500,1.9000,1.6480
5584000,1.9000,1.6544
5584500,1.9000,1.6415
5585000,1.9000,1.6472
5585500,1.9000,1.6496
5586000,1.9000,1.6625
5586500,1.9000,1.6496
5587000,1.9000,1.6496
5587500,1.9000,1.6367
5588000,1.9000,1.6617
5588500,1.9000,1.6633
5589000,1.9000,1.6593
5589500,1.9000,1.6480
5590000,1.9000,1.6415
5590500,1.9000,1.6544
5591000,1.9000,1.6407
5591500,1.9000,1.6560
5592000,1.9000,1.6488
5592500,1.9000,1.6496
5593000,1.9000,1.6456
5593500,1.9000,1.6633
5594000,1.9000,1.6625
5594500,1.9000,1.6633
5595000,1.9000,1.6585
5595500,1.9000,1.6544
5596000,1.9000,1.6496
5596500,1.9000,1.6270
5597000,1.9000,1.6577
5597500,1.9000,1.6649
5598000,1.9000,1.6560
5598500,1.9000,1.6617
5599000,1.9000,1.6609
5599500,1.9000,1.6448
5600000,1.9000,1.6488
5600500,1.9000,1.6633
5601000,1.9000,1.6480
5601500,1.9000,1.6448
5602000,1.9000,1.6560
5602500,1.9000,1.6560
5603000,1.9000,1.6552
5603500,1.9000,1.6568
5604000,1.9000,1.6609
5604500,1.9000,1.6496
5605000,1.9000,1.6585
5605500,1.9000,1.6609
5606000,1.9000,1.6560
5606500,1.9000,1.6488
5607000,1.9000,1.6585
5607500,1.9000,1.6577
5608000,1.9000,1.6593
5608500,1.9000,1.6448
5609000,1.9000,1.6560
5609500,1.9000,1.6657
5610000,1.9000,1.6480
5610500,1.9000,1.6464
5611000,1.9000,1.6560
5611500,1.9000,1.6625
5612000,1.9000,1.6633
5612500,1.9000,1.6585
5613000,1.9000,1.6560
5613500,1.9000,1.6544
5614000,1.9000,1.6552
5614500,1.9000,1.6480
5615000,1.9000,1.6593
5615500,1.9000,1.6399
5616000,1.9000,1.6601
5616500,1.9000,1.6633
5617000,1.9000,1.6246
5617500,1.9000,1.6641
5618000,1.9000,1.6560
5618500,1.9000,1.6633
5619000,1.9000,1.6633
5619500,1.9000,1.6577
5620000,1.9000,1.6601
5620500,1.9000,1.6560
5621000,1.9000,1.6270
5621500,1.9000,1.6464
5622000,1.9000,1.6625
5622500,1.9000,1.6577
5623000,1.9000,1.6560
5623500,1.9000,1.6810
5624000,1.9000,1.6456
5624500,1.9000,1.6480
5625000,1.9000,1.6593
5625500,1.9000,1.6560
5626000,1.9000,1.6585
5626500,1.9000,1.6665
5627000,1.9000,1.6496
5627500,1.9000,1.6617
5628000,1.9000,1.6625
5628500,1.9000,1.6496
5629000,1.9000,1.6593
5629500,1.9000,1.6480
5630000,1.9000,1.6891
5630500,1.9000,1.6577
5631000,1.9000,1.6633
5631500,1.9000,1.6552
5632000,1.9000,1.6625
5632500,1.9000,1.6464
5633000,1.9000,1.6440
5633500,1.9000,1.6496
5634000,1.9000,1.6383
5634500,1.9000,1.6657
5635000,1.9000,1.6633
5635500,1.9000,1.6496
5636000,1.9000,1.6617
5636500,1.9000,1.6585
5637000,1.9000,1.6633
5637500,1.9000,1.6432
5638000,1.9000,1.6625
5638500,1.9000,1.6544
5639000,1.9000,1.6496
5639500,1.9000,1.6496
5640000,1.9000,1.6472
5640500,1.9000,1.6560
5641000,1.9000,1.6585
5641500,1.9000,1.6568
5642000,1.9000,1.6552
5642500,1.9000,1.6456
5643000,1.9000,1.6552
5643500,1.9000,1.6585
5644000,1.9000,1.6375
5644500,1.9000,1.6810
5645000,1.9000,1.6552
5645500,1.9000,1.6593
5646000,1.9000,1.6585
5646500,1.9000,1.6496
5647000,1.9000,1.6560
5647500,1.9000,1.6585
5648000,1.9000,1.6544
5648500,1.9000,1.6585
5649000,1.9000,1.6673
5649500,1.9000,1.6617
5650000,1.9000,1.6633
5650500,1.9000,1.6625
5651000,1.9000,1.6786
5651500,1.9000,1.6560
5652000,1.9000,1.6633
5652500,1.9000,1.6496
5653000,1.9000,1.6609
5653500,1.9000,1.6746
5654000,1.9000,1.6593
5654500,1.9000,1.6496
5655000,1.9000,1.6496
5655500,1.9000,1.6577
5656000,1.9000,1.6560
5656500,1.9000,1.6617
5657000,1.9000,1.6617
5657500,1.9000,1.6617
5658000,1.9000,1.6633
5658500,1.9000,1.6552
5659000,1.9000,1.6552
5659500,1.9000,1.6633
5660000,1.9000,1.6625
5660500,1.9000,1.6577
5661000,1.9000,1.6601
5661500,1.9000,1.6472
5662000,1.9000,1.6577
5662500,1.9000,1.6625
5663000,1.9000,1.6456
5663500,1.9000,1.6585
5664000,1.9000,1.6552
5664500,1.9000,1.6577
5665000,1.9000,1.6560
5665500,1.9000,1.6633
5666000,1.9000,1.6593
5666500,1.9000,1.6496
5667000,1.9000,1.6593
5667500,1.9000,1.6609
5668000,1.9000,1.6617
5668500,1.9000,1.6568
5669000,1.9000,1.6480
5669500,1.9000,1.6633
5670000,1.9000,1.6617
5670500,1.9000,1.6617
5671000,1.9000,1.6633
5671500,1.9000,1.6617
5672000,1.9000,1.6585
5672500,1.9000,1.6722
5673000,1.9000,1.6560
5673500,1.9000,1.6375
5674000,1.9000,1.6633
5674500,1.9000,1.6609
5675000,1.9000,1.6657
5675500,1.9000,1.6601
5676000,1.9000,1.6593
5676500,1.9000,1.6391
5677000,1.9000,1.6851
5677500,1.9000,1.6560
5678000,1.9000,1.6544
5678500,1.9000,1.6714
5679000,1.9000,1.6633
5679500,1.9000,1.6577
5680000,1.9000,1.6585
5680500,1.9000,1.6480
5681000,1.9000,1.6609
5681500,1.9000,1.6673
5682000,1.9000,1.6633
5682500,1.9000,1.6649
5683000,1.9000,1.6625
5683500,1.9000,1.6681
5684000,1.9000,1.6633
5684500,1.9000,1.6480
5685000,1.9000,1.6560
5685500,1.9000,1.6464
5686000,1.9000,1.6552
5686500,1.9000,1.6585
5687000,1.9000,1.6367
5687500,1.9000,1.6641
5688000,1.9000,1.6544
5688500,1.9000,1.6367
5689000,1.9000,1.6496
5689500,1.9000,1.6577
5690000,1.9000,1.6625
5690500,1.9000,1.6464
5691000,1.9000,1.6544
5691500,1.9000,1.6552
5692000,1.9000,1.6496
5692500,1.9000,1.6585
5693000,1.9000,1.6577
5693500,1.9000,1.6560
5694000,1.9000,1.6560
5694500,1.9000,1.6552
5695000,1.9000,1.6560
5695500,1.9000,1.6633
5696000,1.9000,1.6722
5696500,1.9000,1.6593
5697000,1.9000,1.6488
5697500,1.9000,1.6689
5698000,1.9000,1.6464
5698500,1.9000,1.6560
5699000,1.9000,1.6609
5699500,1.9000,1.6560
5700000,1.9000,1.6673
5700500,1.9000,1.6552
5701000,1.9000,1.6609
5701500,1.9000,1.6544
5702000,1.9000,1.6601
5702500,1.9000,1.6496
5703000,1.9000,1.6585
5703500,1.9000,1.6609
5704000,1.9000,1.6609
5704500,1.9000,1.6617
5705000,1.9000,1.6544
5705500,1.9000,1.6633
5706000,1.9000,1.6488
5706500,1.9000,1.6544
5707000,1.9000,1.6746
5707500,1.9000,1.6496
5708000,1.9000,1.6633
5708500,1.9000,1.6407
5709000,1.9000,1.6601
5709500,1.9000,1.6625
5710000,1.9000,1.6496
5710500,1.9000,1.6577
5711000,1.9000,1.6593
5711500,1.9000,1.6649
5712000,1.9000,1.6601
5712500,1.9000,1.6560
5713000,1.9000,1.6496
5713500,1.9000,1.6601
5714000,1.9000,1.6609
5714500,1.9000,1.6496
5715000,1.9000,1.6609
5715500,1.9000,1.6560
5716000,1.9000,1.6568
5716500,1.9000,1.6625
5717000,1.9000,1.6593
5717500,1.9000,1.6577
5718000,1.9000,1.6448
5718500,1.9000,1.6367
5719000,1.9000,1.6609
5719500,1.9000,1.6625
5720000,1.9000,1.6496
5720500,1.9000,1.6552
5721000,1.9000,1.6456
5721500,1.9000,1.6593
5722000,1.9000,1.6432
5722500,1.9000,1.6633
5723000,1.9000,1.6456
5723500,1.9000,1.6681
5724000,1.9000,1.6641
5724500,1.9000,1.6681
5725000,1.9000,1.6544
5725500,1.9000,1.6601
5726000,1.9000,1.6593
5726500,1.9000,1.6464
5727000,1.9000,1.6609
5727500,1.9000,1.6432
5728000,1.9000,1.6432
5728500,1.9000,1.6536
5729000,1.9000,1.6496
5729500,1.9000,1.6625
5730000,1.9000,1.6585
5730500,1.9000,1.6593
5731000,1.9000,1.6633
5731500,1.9000,1.6577
5732000,1.9000,1.6560
5732500,1.9000,1.6593
5733000,1.9000,1.6496
5733500,1.9000,1.6577
5734000,1.9000,1.6560
5734500,1.9000,1.6681
5735000,1.9000,1.6577
5735500,1.9000,1.6617
5736000,1.9000,1.6496
5736500,1.9000,1.6552
5737000,1.9000,1.6383
5737500,1.9000,1.6633
5738000,1.9000,1.6593
5738500,1.9000,1.6456
5739000,1.9000,1.6423
5739500,1.9000,1.6544
5740000,1.9000,1.6617
5740500,1.9000,1.6633
5741000,1.9000,1.6496
5741500,1.9000,1.6633
5742000,1.9000,1.6464
5742500,1.9000,1.6552
5743000,1.9000,1.6625
5743500,1.9000,1.6625
5744000,1.9000,1.6456
5744500,1.9000,1.6585
5745000,1.9000,1.6625
5745500,1.9000,1.6657
5746000,1.9000,1.6464
5746500,1.9000,1.6633
5747000,1.9000,1.6464
5747500,1.9000,1.6577
5748000,1.9000,1.6391
5748500,1.9000,1.6593
5749000,1.9000,1.6496
5749500,1.9000,1.6641
5750000,1.9000,1.6432
5750500,1.9000,1.6496
5751000,1.9000,1.6609
5751500,1.9000,1.6609
5752000,1.9000,1.6593
5752500,1.9000,1.6593
5753000,1.9000,1.6585
5753500,1.9000,1.6496
5754000,1.9000,1.6585
5754500,1.9000,1.6593
5755000,1.9000,1.6496
5755500,1.9000,1.6593
5756000,1.9000,1.6593
5756500,1.9000,1.6625
5757000,1.9000,1.6585
5757500,1.9000,1.6464
5758000,1.9000,1.6585
5758500,1.9000,1.6593
5759000,1.9000,1.6617
5759500,1.9000,1.6496
5760000,1.9000,1.6593
5760500,1.9000,1.6625
5761000,1.9000,1.6560
5761500,1.9000,1.6472
5762000,1.9000,1.6577
5762500,1.9000,1.6609
5763000,1.9000,1.6649
5763500,1.9000,1.6593
5764000,1.9000,1.6593
5764500,1.9000,1.6633
5765000,1.9000,1.6633
5765500,1.9000,1.6649
5766000,1.9000,1.6577
5766500,1.9000,1.6552
5767000,1.9000,1.6375
5767500,1.9000,1.6496
5768000,1.9000,1.6577
5768500,1.9000,1.6568
5769000,1.9000,1.6577
5769500,1.9000,1.6544
5770000,1.9000,1.6496
5770500,1.9000,1.6633
5771000,1.9000,1.6585
5771500,1.9000,1.6585
5772000,1.9000,1.6633
5772500,1.9000,1.6552
5773000,1.9000,1.6601
5773500,1.9000,1.6552
5774000,1.9000,1.6415
5774500,1.9000,1.6544
5775000,1.9000,1.6560
5775500,1.9000,1.6593
5776000,1.9000,1.6560
5776500,1.9000,1.6585
5777000,1.9000,1.6673
5777500,1.9000,1.6633
5778000,1.9000,1.6609
5778500,1.9000,1.6560
5779000,1.9000,1.6560
5779500,1.9000,1.6359
5780000,1.9000,1.6585
5780500,1.9000,1.6633
5781000,1.9000,1.6625
5781500,1.9000,1.6746
5782000,1.9000,1.6593
5782500,1.9000,1.6641
5783000,1.9000,1.6609
5783500,1.9000,1.6399
5784000,1.9000,1.6633
5784500,1.9000,1.6568
5785000,1.9000,1.6577
5785500,1.9000,1.6448
5786000,1.9000,1.6496
5786500,1.9000,1.6665
5787000,1.9000,1.6641
5787500,1.9000,1.6609
5788000,1.9000,1.6577
5788500,1.9000,1.6601
5789000,1.9000,1.6617
5789500,1.9000,1.6496
5790000,1.9000,1.6593
5790500,1.9000,1.6544
5791000,1.9000,1.6488
5791500,1.9000,1.6617
5792000,1.9000,1.6657
5792500,1.9000,1.6560
5793000,1.9000,1.6496
5793500,1.9000,1.6544
5794000,1.9000,1.6577
5794500,1.9000,1.6560
5795000,1.9000,1.6585
5795500,1.9000,1.6560
5796000,1.9000,1.6625
5796500,1.9000,1.6601
5797000,1.9000,1.6601
5797500,1.9000,1.6609
5798000,1.9000,1.6496
5798500,1.9000,1.6681
5799000,1.9000,1.6593
5799500,1.9000,1.6625
5800000,1.9000,1.6585
5800500,1.9000,1.6577
5801000,1.9000,1.6609
5801500,1.9000,1.6560
5802000,1.9000,1.6560
5802500,1.9000,1.6593
5803000,1.9000,1.6633
5803500,1.9000,1.6488
5804000,1.9000,1.6593
5804500,1.9000,1.6585
5805000,1.9000,1.6665
5805500,1.9000,1.6633
5806000,1.9000,1.6488
5806500,1.9000,1.6585
5807000,1.9000,1.6617
5807500,1.9000,1.6665
5808000,1.9000,1.6633
5808500,1.9000,1.6593
5809000,1.9000,1.6480
5809500,1.9000,1.6649
5810000,1.9000,1.6633
5810500,1.9000,1.6625
5811000,1.9000,1.6617
5811500,1.9000,1.6496
5812000,1.9000,1.6585
5812500,1.9000,1.6649
5813000,1.9000,1.6633
5813500,1.9000,1.6617
5814000,1.9000,1.6585
5814500,1.9000,1.6593
5815000,1.9000,1.6560
5815500,1.9000,1.6560
5816000,1.9000,1.6496
5816500,1.9000,1.6633
5817000,1.9000,1.6617
5817500,1.9000,1.6585
5818000,1.9000,1.6738
5818500,1.9000,1.6673
5819000,1.9000,1.6544
5819500,1.9000,1.6633
5820000,1.9000,1.6705
5820500,1.9000,1.6641
5821000,1.9000,1.6786
5821500,1.9000,1.6560
5822000,1.9000,1.6617
5822500,1.9000,1.6617
5823000,1.9000,1.6593
5823500,1.9000,1.6818
5824000,1.9000,1.6577
5824500,1.9000,1.6617
5825000,1.9000,1.6641
5825500,1.9000,1.6593
5826000,1.9000,1.6697
5826500,1.9000,1.6552
5827000,1.9000,1.6633
5827500,1.9000,1.6593
5828000,1.9000,1.6714
5828500,1.9000,1.6633
5829000,1.9000,1.6585
5829500,1.9000,1.6657
5830000,1.9000,1.6633
5830500,1.9000,1.6649
5831000,1.9000,1.6609
5831500,1.9000,1.6617
5832000,1.9000,1.6552
5832500,1.9000,1.6617
5833000,1.9000,1.6649
5833500,1.9000,1.6641
5834000,1.9000,1.6786
5834500,1.9000,1.6633
5835000,1.9000,1.6633
5835500,1.9000,1.6633
5836000,1.9000,1.6633
5836500,1.9000,1.6552
5837000,1.9000,1.6633
5837500,1.9000,1.6609
5838000,1.9000,1.6496
5838500,1.9000,1.6625
5839000,1.9000,1.6633
5839500,1.9000,1.6625
5840000,1.9000,1.6649
5840500,1.9000,1.6544
5841000,1.9000,1.6593
5841500,1.9000,1.6689
5842000,1.9000,1.6673
5842500,1.9000,1.6585
5843000,1.9000,1.6641
5843500,1.9000,1.6649
5844000,1.9000,1.6593
5844500,1.9000,1.6480
5845000,1.9000,1.6633
5845500,1.9000,1.6609
5846000,1.9000,1.6657
5846500,1.9000,1.6617
5847000,1.9000,1.6601
5847500,1.9000,1.6609
5848000,1.9000,1.6560
5848500,1.9000,1.6496
5849000,1.9000,1.6585
5849500,1.9000,1.6633
5850000,1.9000,1.6375
5850500,1.9000,1.6673
5851000,1.9000,1.6770
5851500,1.9000,1.6544
5852000,1.9000,1.6633
5852500,1.9000,1.6593
5853000,1.9000,1.6593
5853500,1.9000,1.6560
5854000,1.9000,1.6633
5854500,1.9000,1.6577
5855000,1.9000,1.6633
5855500,1.9000,1.6657
5856000,1.9000,1.6552
5856500,1.9000,1.6633
5857000,1.9000,1.6681
5857500,1.9000,1.6552
5858000,1.9000,1.6633
5858500,1.9000,1.6133
5859000,1.9000,1.6625
5859500,1.9000,1.6633
5860000,1.9000,1.6641
5860500,1.9000,1.6552
5861000,1.9000,1.6625
5861500,1.9000,1.6585
5862000,1.9000,1.6496
5862500,1.9000,1.6609
5863000,1.9000,1.6593
5863500,1.9000,1.6786
5864000,1.9000,1.6617
5864500,1.9000,1.6552
5865000,1.9000,1.6625
5865500,1.9000,1.6633
5866000,1.9000,1.6633
5866500,1.9000,1.6593
5867000,1.9000,1.6633
5867500,1.9000,1.6657
5868000,1.9000,1.6480
5868500,1.9000,1.6730
5869000,1.9000,1.6577
5869500,1.9000,1.6585
5870000,1.9000,1.6633
5870500,1.9000,1.6625
5871000,1.9000,1.6593
5871500,1.9000,1.6609
5872000,1.9000,1.6786
5872500,1.9000,1.6617
5873000,1.9000,1.6681
5873500,1.9000,1.6633
5874000,1.9000,1.6689
5874500,1.9000,1.6560
5875000,1.9000,1.6641
5875500,1.9000,1.6601
5876000,1.9000,1.6633
5876500,1.9000,1.6673
5877000,1.9000,1.6842
5877500,1.9000,1.6649
5878000,1.9000,1.6585
5878500,1.9000,1.6625
5879000,1.9000,1.6633
5879500,1.9000,1.6633
5880000,1.9000,1.6633
5880500,1.9000,1.6617
5881000,1.9000,1.6633
5881500,1.9000,1.6633
5882000,1.9000,1.6577
5882500,1.9000,1.6633
5883000,1.9000,1.6593
5883500,1.9000,1.6673
5884000,1.9000,1.6730
5884500,1.9000,1.6536
5885000,1.9000,1.6585
5885500,1.9000,1.6617
5886000,1.9000,1.6480
5886500,1.9000,1.6633
5887000,1.9000,1.6649
5887500,1.9000,1.6633
5888000,1.9000,1.6585
5888500,1.9000,1.6560
5889000,1.9000,1.6609
5889500,1.9000,1.6609
5890000,1.9000,1.6577
5890500,1.9000,1.6851
5891000,1.9000,1.6617
5891500,1.9000,1.6601
5892000,1.9000,1.6633
5892500,1.9000,1.6601
5893000,1.9000,1.6560
5893500,1.9000,1.6617
5894000,1.9000,1.6585
5894500,1.9000,1.6641
5895000,1.9000,1.6423
5895500,1.9000,1.6577
5896000,1.9000,1.6585
5896500,1.9000,1.6609
5897000,1.9000,1.6560
5897500,1.9000,1.6480
5898000,1.9000,1.6488
5898500,1.9000,1.6722
5899000,1.9000,1.6585
5899500,1.9000,1.6383
5900000,1.9000,1.6496
5900500,1.9000,1.6593
5901000,1.9000,1.6560
5901500,1.9000,1.6464
5902000,1.9000,1.6641
5902500,1.9000,1.6633
5903000,1.9000,1.6585
5903500,1.9000,1.6593
5904000,1.9000,1.6552
5904500,1.9000,1.6617
5905000,1.9000,1.6496
5905500,1.9000,1.6560
5906000,1.9000,1.6633
5906500,1.9000,1.6601
5907000,1.9000,1.6432
5907500,1.9000,1.6649
5908000,1.9000,1.6560
5908500,1.9000,1.6383
5909000,1.9000,1.6496
5909500,1.9000,1.6585
5910000,1.9000,1.6633
5910500,1.9000,1.6762
5911000,1.9000,1.6472
5911500,1.9000,1.6496
5912000,1.9000,1.6609
5912500,1.9000,1.6496
5913000,1.9000,1.6617
5913500,1.9000,1.6593
5914000,1.9000,1.6649
5914500,1.9000,1.6560
5915000,1.9000,1.6609
5915500,1.9000,1.6593
5916000,1.9000,1.6560
5916500,1.9000,1.6609
5917000,1.9000,1.6665
5917500,1.9000,1.6617
5918000,1.9000,1.6633
5918500,1.9000,1.6617
5919000,1.9000,1.6496
5919500,1.9000,1.6609
5920000,1.9000,1.6633
5920500,1.9000,1.6568
5921000,1.9000,1.6609
5921500,1.9000,1.6077
5922000,1.9000,1.6617
5922500,1.9000,1.6649
5923000,1.9000,1.6649
5923500,1.9000,1.6617
5924000,1.9000,1.6633
5924500,1.9000,1.6585
5925000,1.9000,1.6625
5925500,1.9000,1.6585
5926000,1.9000,1.6625
5926500,1.9000,1.6585
5927000,1.9000,1.6577
5927500,1.9000,1.6681
5928000,1.9000,1.6593
5928500,1.9000,1.6585
5929000,1.9000,1.6552
5929500,1.9000,1.6593
5930000,1.9000,1.6601
5930500,1.9000,1.6633
5931000,1.9000,1.6560
5931500,1.9000,1.6593
5932000,1.9000,1.6689
5932500,1.9000,1.6456
5933000,1.9000,1.6633
5933500,1.9000,1.6601
5934000,1.9000,1.6770
5934500,1.9000,1.6633
5935000,1.9000,1.6625
5935500,1.9000,1.6633
5936000,1.9000,1.6560
5936500,1.9000,1.6456
5937000,1.9000,1.6681
5937500,1.9000,1.6496
5938000,1.9000,1.6560
5938500,1.9000,1.6593
5939000,1.9000,1.6633
5939500,1.9000,1.6633
5940000,1.9000,1.6633
5940500,1.9000,1.6649
5941000,1.9000,1.6375
5941500,1.9000,1.6488
5942000,1.9000,1.6714
5942500,1.9000,1.6609
5943000,1.9000,1.6560
5943500,1.9000,1.6786
5944000,1.9000,1.6633
5944500,1.9000,1.6633
5945000,1.9000,1.6544
5945500,1.9000,1.6577
5946000,1.9000,1.6609
5946500,1.9000,1.6778
5947000,1.9000,1.6593
5947500,1.9000,1.6625
5948000,1.9000,1.6544
5948500,1.9000,1.6496
5949000,1.9000,1.6625
5949500,1.9000,1.6609
5950000,1.9000,1.6649
5950500,1.9000,1.6633
5951000,1.9000,1.6633
5951500,1.9000,1.6641
5952000,1.9000,1.6577
5952500,1.9000,1.6633
5953000,1.9000,1.6464
5953500,1.9000,1.6641
5954000,1.9000,1.6746
5954500,1.9000,1.6593
5955000,1.9000,1.6544
5955500,1.9000,1.6633
5956000,1.9000,1.6625
5956500,1.9000,1.6544
5957000,1.9000,1.6625
5957500,1.9000,1.6560
5958000,1.9000,1.6625
5958500,1.9000,1.6617
5959000,1.9000,1.6617
5959500,1.9000,1.6625
5960000,1.9000,1.6456
5960500,1.9000,1.6649
5961000,1.9000,1.6641
5961500,1.9000,1.6593
5962000,1.9000,1.6625
5962500,1.9000,1.6665
5963000,1.9000,1.6625
5963500,1.9000,1.6633
5964000,1.9000,1.6633
5964500,1.9000,1.6560
5965000,1.9000,1.6649
5965500,1.9000,1.6577
5966000,1.9000,1.6649
5966500,1.9000,1.6577
5967000,1.9000,1.6665
5967500,1.9000,1.6875
5968000,1.9000,1.6770
5968500,1.9000,1.6657
5969000,1.9000,1.6641
5969500,1.9000,1.6738
5970000,1.9000,1.6617
5970500,1.9000,1.6633
5971000,1.9000,1.6585
5971500,1.9000,1.6641
5972000,1.9000,1.6609
5972500,1.9000,1.6391
5973000,1.9000,1.6842
5973500,1.9000,1.6689
5974000,1.9000,1.6633
5974500,1.9000,1.6496
5975000,1.9000,1.6544
5975500,1.9000,1.6415
5976000,1.9000,1.6601
5976500,1.9000,1.6625
5977000,1.9000,1.6448
5977500,1.9000,1.6432
5978000,1.9000,1.6657
5978500,1.9000,1.6560
5979000,1.9000,1.6794
5979500,1.9000,1.6617
5980000,1.9000,1.6536
5980500,1.9000,1.6552
5981000,1.9000,1.6609
5981500,1.9000,1.6601
5982000,1.9000,1.6633
5982500,1.9000,1.6625
5983000,1.9000,1.6665
5983500,1.9000,1.6585
5984000,1.9000,1.6738
5984500,1.9000,1.6633
5985000,1.9000,1.6673
5985500,1.9000,1.6681
5986000,1.9000,1.6633
5986500,1.9000,1.6681
5987000,1.9000,1.6633
5987500,1.9000,1.6633
5988000,1.9000,1.6971
5988500,1.9000,1.6754
5989000,1.9000,1.6641
5989500,1.9000,1.6633
5990000,1.9000,1.6496
5990500,1.9000,1.6601
5991000,1.9000,1.6665
5991500,1.9000,1.6633
5992000,1.9000,1.6593
5992500,1.9000,1.6488
5993000,1.9000,1.6625
5993500,1.9000,1.6601
5994000,1.9000,1.6625
5994500,1.9000,1.6633
5995000,1.9000,1.6633
5995500,1.9000,1.6649
5996000,1.9000,1.6585
5996500,1.9000,1.6448
5997000,1.9000,1.6657
5997500,1.9000,1.6552
5998000,1.9000,1.6617
5998500,1.9000,1.6649
5999000,1.9000,1.6633
5999500,1.9000,1.6593
6000000,1.9000,1.6633
6000500,1.9000,1.6689
6001000,1.9000,1.6665
6001500,1.9000,1.6617
6002000,1.9000,1.6633
6002500,1.9000,1.6891
6003000,1.9000,1.6657
6003500,1.9000,1.6464
6004000,1.9000,1.6593
6004500,1.9000,1.6496
6005000,1.9000,1.6609
6005500,1.9000,1.6625
6006000,1.9000,1.6633
6006500,1.9000,1.6633
6007000,1.9000,1.6802
6007500,1.9000,1.6657
6008000,1.9000,1.6617
6008500,1.9000,1.6617
6009000,1.9000,1.6778
6009500,1.9000,1.6560
6010000,1.9000,1.6560
6010500,1.9000,1.6649
6011000,1.9000,1.6689
6011500,1.9000,1.6786
6012000,1.9000,1.6746
6012500,1.9000,1.6657
6013000,1.9000,1.6810
6013500,1.9000,1.6673
6014000,1.9000,1.6641
6014500,1.9000,1.6722
6015000,1.9000,1.6665
6015500,1.9000,1.6633
6016000,1.9000,1.6705
6016500,1.9000,1.6633
6017000,1.9000,1.6649
6017500,1.9000,1.6802
6018000,1.9000,1.6738
6018500,1.9000,1.6730
6019000,1.9000,1.6633
6019500,1.9000,1.6633
6020000,1.9000,1.6609
6020500,1.9000,1.6770
6021000,1.9000,1.6665
6021500,1.9000,1.6560
6022000,1.9000,1.6625
6022500,1.9000,1.6689
6023000,1.9000,1.6689
6023500,1.9000,1.6633
6024000,1.9000,1.6673
6024500,1.9000,1.6689
6025000,1.9000,1.6633
6025500,1.9000,1.6657
6026000,1.9000,1.6641
6026500,1.9000,1.6681
6027000,1.9000,1.6762
6027500,1.9000,1.6673
6028000,1.9000,1.6649
6028500,1.9000,1.6746
6029000,1.9000,1.6689
6029500,1.9000,1.6738
6030000,1.9000,1.6617
6030500,1.9000,1.6722
6031000,1.9000,1.6391
6031500,1.9000,1.6641
6032000,1.9000,1.6641
6032500,1.9000,1.6802
6033000,1.9000,1.6633
6033500,1.9000,1.6633
6034000,1.9000,1.6746
6034500,1.9000,1.6681
6035000,1.9000,1.6689
6035500,1.9000,1.6673
6036000,1.9000,1.6649
6036500,1.9000,1.6633
6037000,1.9000,1.6625
6037500,1.9000,1.6633
6038000,1.9000,1.6657
6038500,1.9000,1.6673
6039000,1.9000,1.6609
6039500,1.9000,1.6633
6040000,1.9000,1.6673
6040500,1.9000,1.6633
6041000,1.9000,1.6673
6041500,1.9000,1.6673
6042000,1.9000,1.6609
6042500,1.9000,1.6689
6043000,1.9000,1.6585
6043500,1.9000,1.6617
6044000,1.9000,1.6560
6044500,1.9000,1.6625
6045000,1.9000,1.6665
6045500,1.9000,1.6681
6046000,1.9000,1.6738
6046500,1.9000,1.6673
6047000,1.9000,1.6649
6047500,1.9000,1.6641
6048000,1.9000,1.6681
6048500,1.9000,1.6665
6049000,1.9000,1.6657
6049500,1.9000,1.6641
6050000,1.9000,1.6625
6050500,1.9000,1.6657
6051000,1.9000,1.6633
6051500,1.9000,1.6714
6052000,1.9000,1.6705
6052500,1.9000,1.6738
6053000,1.9000,1.6681
6053500,1.9000,1.6673
6054000,1.9000,1.6681
6054500,1.9000,1.6625
6055000,1.9000,1.6714
6055500,1.9000,1.6689
6056000,1.9000,1.6826
6056500,1.9000,1.6657
6057000,1.9000,1.6641
6057500,1.9000,1.6762
6058000,1.9000,1.6657
6058500,1.9000,1.6746
6059000,1.9000,1.6681
6059500,1.9000,1.6552
6060000,1.9000,1.6746
6060500,1.9000,1.6818
6061000,1.9000,1.6617
6061500,1.9000,1.6665
6062000,1.9000,1.6657
6062500,1.9000,1.6762
6063000,1.9000,1.6649
6063500,1.9000,1.6738
6064000,1.9000,1.6681
6064500,1.9000,1.6649
6065000,1.9000,1.6665
6065500,1.9000,1.6738
6066000,1.9000,1.6496
6066500,1.9000,1.6778
6067000,1.9000,1.6705
6067500,1.9000,1.6633
6068000,1.9000,1.6601
6068500,1.9000,1.6705
6069000,1.9000,1.6633
6069500,1.9000,1.6746
6070000,1.9000,1.6681
6070500,1.9000,1.6673
6071000,1.9000,1.6891
6071500,1.9000,1.6689
6072000,1.9000,1.6649
6072500,1.9000,1.6585
6073000,1.9000,1.6794
6073500,1.9000,1.6786
6074000,1.9000,1.6705
6074500,1.9000,1.6875
6075000,1.9000,1.6689
6075500,1.9000,1.6657
6076000,1.9000,1.6577
6076500,1.9000,1.6689
6077000,1.9000,1.6641
6077500,1.9000,1.6657
6078000,1.9000,1.6762
6078500,1.9000,1.6665
6079000,1.9000,1.6681
6079500,1.9000,1.6657
6080000,1.9000,1.6681
6080500,1.9000,1.6689
6081000,1.9000,1.6633
6081500,1.9000,1.6722
6082000,1.9000,1.6673
6082500,1.9000,1.6560
6083000,1.9000,1.6633
6083500,1.9000,1.6633
6084000,1.9000,1.6560
6084500,1.9000,1.6754
6085000,1.9000,1.6673
6085500,1.9000,1.6689
6086000,1.9000,1.6786
6086500,1.9000,1.6681
6087000,1.9000,1.6738
6087500,1.9000,1.6770
6088000,1.9000,1.6649
6088500,1.9000,1.6681
6089000,1.9000,1.6657
6089500,1.9000,1.6673
6090000,1.9000,1.6681
6090500,1.9000,1.6641
6091000,1.9000,1.6480
6091500,1.9000,1.6649
6092000,1.9000,1.6722
6092500,1.9000,1.6649
6093000,1.9000,1.6560
6093500,1.9000,1.6633
6094000,1.9000,1.6633
6094500,1.9000,1.6875
6095000,1.9000,1.6633
6095500,1.9000,1.6641
6096000,1.9000,1.6738
6096500,1.9000,1.6641
6097000,1.9000,1.6794
6097500,1.9000,1.6649
6098000,1.9000,1.6657
6098500,1.9000,1.6496
6099000,1.9000,1.6754
6099500,1.9000,1.6633
6100000,1.9000,1.6681
6100500,1.9000,1.6649
6101000,1.9000,1.6697
6101500,1.9000,1.6633
6102000,1.9000,1.6633
6102500,1.9000,1.6673
6103000,1.9000,1.6842
6103500,1.9000,1.6641
6104000,1.9000,1.6601
6104500,1.9000,1.6649
6105000,1.9000,1.6681
6105500,1.9000,1.6722
6106000,1.9000,1.6641
6106500,1.9000,1.6649
6107000,1.9000,1.6714
6107500,1.9000,1.6681
6108000,1.9000,1.6649
6108500,1.9000,1.6649
6109000,1.9000,1.6673
6109500,1.9000,1.6746
6110000,1.9000,1.6625
6110500,1.9000,1.6705
6111000,1.9000,1.6697
6111500,1.9000,1.6730
6112000,1.9000,1.6633
6112500,1.9000,1.6641
6113000,1.9000,1.6657
6113500,1.9000,1.6689
6114000,1.9000,1.6665
6114500,1.9000,1.6770
6115000,1.9000,1.6649
6115500,1.9000,1.6657
6116000,1.9000,1.6689
6116500,1.9000,1.6738
6117000,1.9000,1.6673
6117500,1.9000,1.6649
6118000,1.9000,1.6552
6118500,1.9000,1.6633
6119000,1.9000,1.6649
6119500,1.9000,1.6673
6120000,1.9000,1.6633
6120500,1.9000,1.6689
6121000,1.9000,1.6770
6121500,1.9000,1.6625
6122000,1.9000,1.6665
6122500,1.9000,1.6770
6123000,1.9000,1.6649
6123500,1.9000,1.6633
6124000,1.9000,1.6633
6124500,1.9000,1.6432
6125000,1.9000,1.6681
6125500,1.9000,1.6657
6126000,1.9000,1.6641
6126500,1.9000,1.6625
6127000,1.9000,1.6657
6127500,1.9000,1.6657
6128000,1.9000,1.6625
6128500,1.9000,1.6714
6129000,1.9000,1.6681
6129500,1.9000,1.6673
6130000,1.9000,1.6657
6130500,1.9000,1.6633
6131000,1.9000,1.6552
6131500,1.9000,1.6633
6132000,1.9000,1.6633
6132500,1.9000,1.6826
6133000,1.9000,1.6633
6133500,1.9000,1.6657
6134000,1.9000,1.6496
6134500,1.9000,1.6681
6135000,1.9000,1.6496
6135500,1.9000,1.6649
6136000,1.9000,1.6633
6136500,1.9000,1.6681
6137000,1.9000,1.6633
6137500,1.9000,1.6714
6138000,1.9000,1.6617
6138500,1.9000,1.6633
6139000,1.9000,1.6633
6139500,1.9000,1.6810
6140000,1.9000,1.6665
6140500,1.9000,1.6665
6141000,1.9000,1.6705
6141500,1.9000,1.6649
6142000,1.9000,1.6649
6142500,1.9000,1.6673
6143000,1.9000,1.6633
6143500,1.9000,1.6665
6144000,1.9000,1.6585
6144500,1.9000,1.6633
6145000,1.9000,1.6617
6145500,1.9000,1.6722
6146000,1.9000,1.6633
6146500,1.9000,1.6633
6147000,1.9000,1.6641
6147500,1.9000,1.6633
6148000,1.9000,1.6657
6148500,1.9000,1.6633
6149000,1.9000,1.6617
6149500,1.9000,1.6633
6150000,1.9000,1.6633
6150500,1.9000,1.6657
6151000,1.9000,1.6633
6151500,1.9000,1.6681
6152000,1.9000,1.6673
6152500,1.9000,1.6641
6153000,1.9000,1.6722
6153500,1.9000,1.6722
6154000,1.9000,1.6738
6154500,1.9000,1.6722
6155000,1.9000,1.6593
6155500,1.9000,1.6641
6156000,1.9000,1.6649
6156500,1.9000,1.6593
6157000,1.9000,1.6714
6157500,1.9000,1.6657
6158000,1.9000,1.6601
6158500,1.9000,1.6585
6159000,1.9000,1.6665
6159500,1.9000,1.6633
6160000,1.9000,1.6649
6160500,1.9000,1.6633
6161000,1.9000,1.6722
6161500,1.9000,1.6609
6162000,1.9000,1.6722
6162500,1.9000,1.6657
6163000,1.9000,1.6754
6163500,1.9000,1.6649
6164000,1.9000,1.6633
6164500,1.9000,1.6673
6165000,1.9000,1.6810
6165500,1.9000,1.6810
6166000,1.9000,1.6585
6166500,1.9000,1.6705
6167000,1.9000,1.6633
6167500,1.9000,1.6689
6168000,1.9000,1.6681
6168500,1.9000,1.6705
6169000,1.9000,1.6689
6169500,1.9000,1.6705
6170000,1.9000,1.6786
6170500,1.9000,1.6593
6171000,1.9000,1.6689
6171500,1.9000,1.6689
6172000,1.9000,1.6633
6172500,1.9000,1.6673
6173000,1.9000,1.6633
6173500,1.9000,1.6673
6174000,1.9000,1.6641
6174500,1.9000,1.6633
6175000,1.9000,1.6617
6175500,1.9000,1.6714
6176000,1.9000,1.6625
6176500,1.9000,1.6633
6177000,1.9000,1.6633
6177500,1.9000,1.6681
6178000,1.9000,1.6818
6178500,1.9000,1.6657
6179000,1.9000,1.6633
6179500,1.9000,1.6738
6180000,1.9000,1.6633
6180500,1.9000,1.6802
6181000,1.9000,1.6633
6181500,1.9000,1.6649
6182000,1.9000,1.6665
6182500,1.9000,1.6802
6183000,1.9000,1.6657
6183500,1.9000,1.6480
6184000,1.9000,1.6633
6184500,1.9000,1.6681
6185000,1.9000,1.6689
6185500,1.9000,1.6625
6186000,1.9000,1.6754
6186500,1.9000,1.6633
6187000,1.9000,1.6665
6187500,1.9000,1.6633
6188000,1.9000,1.6657
6188500,1.9000,1.6657
6189000,1.9000,1.6722
6189500,1.9000,1.6673
6190000,1.9000,1.6649
6190500,1.9000,1.6754
6191000,1.9000,1.6689
6191500,1.9000,1.6722
6192000,1.9000,1.6633
6192500,1.9000,1.6834
6193000,1.9000,1.6705
6193500,1.9000,1.6714
6194000,1.9000,1.6657
6194500,1.9000,1.6633
6195000,1.9000,1.6649
6195500,1.9000,1.6762
6196000,1.9000,1.6714
6196500,1.9000,1.6496
6197000,1.9000,1.6601
6197500,1.9000,1.6681
6198000,1.9000,1.6625
6198500,1.9000,1.6609
6199000,1.9000,1.6657
6199500,1.9000,1.6617
6200000,1.9000,1.6649
6200500,1.9000,1.6641
6201000,1.9000,1.6641
6201500,1.9000,1.6609
6202000,1.9000,1.6673
6202500,1.9000,1.6657
6203000,1.9000,1.6649
6203500,1.9000,1.6649
6204000,1.9000,1.6673
6204500,1.9000,1.6633
6205000,1.9000,1.6641
6205500,1.9000,1.6738
6206000,1.9000,1.6738
6206500,1.9000,1.6625
6207000,1.9000,1.6665
6207500,1.9000,1.6649
6208000,1.9000,1.6367
6208500,1.9000,1.6633
6209000,1.9000,1.6633
6209500,1.9000,1.6818
6210000,1.9000,1.6673
6210500,1.9000,1.6633
6211000,1.9000,1.6609
6211500,1.9000,1.6480
6212000,1.9000,1.6601
6212500,1.9000,1.6617
6213000,1.9000,1.6617
6213500,1.9000,1.6641
6214000,1.9000,1.6681
6214500,1.9000,1.6633
6215000,1.9000,1.6585
6215500,1.9000,1.6633
6216000,1.9000,1.6649
6216500,1.9000,1.6665
6217000,1.9000,1.6673
6217500,1.9000,1.6609
6218000,1.9000,1.6633
6218500,1.9000,1.6762
6219000,1.9000,1.6641
6219500,1.9000,1.6432
6220000,1.9000,1.6673
6220500,1.9000,1.6730
6221000,1.9000,1.6730
6221500,1.9000,1.6496
6222000,1.9000,1.6673
6222500,1.9000,1.6810
6223000,1.9000,1.6673
6223500,1.9000,1.6689
6224000,1.9000,1.6641
6224500,1.9000,1.6673
6225000,1.9000,1.6649
6225500,1.9000,1.6738
6226000,1.9000,1.6665
6226500,1.9000,1.6391
6227000,1.9000,1.6633
6227500,1.9000,1.6641
6228000,1.9000,1.7141
6228500,1.9000,1.6859
6229000,1.9000,1.6665
6229500,1.9000,1.6657
6230000,1.9000,1.6633
6230500,1.9000,1.6641
6231000,1.9000,1.6649
6231500,1.9000,1.6609
6232000,1.9000,1.6633
6232500,1.9000,1.6633
6233000,1.9000,1.6657
6233500,1.9000,1.6633
6234000,1.9000,1.6673
6234500,1.9000,1.6625
6235000,1.9000,1.6673
6235500,1.9000,1.6762
6236000,1.9000,1.6625
6236500,1.9000,1.6681
6237000,1.9000,1.6786
6237500,1.9000,1.6593
6238000,1.9000,1.6633
6238500,1.9000,1.6633
6239000,1.9000,1.6842
6239500,1.9000,1.6714
6240000,1.9000,1.6577
6240500,1.9000,1.6681
6241000,1.9000,1.6673
6241500,1.9000,1.6657
6242000,1.9000,1.6738
6242500,1.9000,1.6641
6243000,1.9000,1.6633
6243500,1.9000,1.6681
6244000,1.9000,1.6657
6244500,1.9000,1.6681
6245000,1.9000,1.6633
6245500,1.9000,1.6633
6246000,1.9000,1.6633
6246500,1.9000,1.6609
6247000,1.9000,1.6738
6247500,1.9000,1.6560
6248000,1.9000,1.6375
6248500,1.9000,1.6649
6249000,1.9000,1.6464
6249500,1.9000,1.6697
6250000,1.9000,1.6633
6250500,1.9000,1.6705
6251000,1.9000,1.6673
6251500,1.9000,1.6649
6252000,1.9000,1.6722
6252500,1.9000,1.6673
6253000,1.9000,1.6641
6253500,1.9000,1.6689
6254000,1.9000,1.6681
6254500,1.9000,1.6705
6255000,1.9000,1.6641
6255500,1.9000,1.6681
6256000,1.9000,1.6665
6256500,1.9000,1.6633
6257000,1.9000,1.6633
6257500,1.9000,1.6681
6258000,1.9000,1.6657
6258500,1.9000,1.6657
6259000,1.9000,1.6560
6259500,1.9000,1.6665
6260000,1.9000,1.6456
6260500,1.9000,1.6649
6261000,1.9000,1.6738
6261500,1.9000,1.6722
6262000,1.9000,1.6657
6262500,1.9000,1.6633
6263000,1.9000,1.6657
6263500,1.9000,1.6593
6264000,1.9000,1.6786
6264500,1.9000,1.6617
6265000,1.9000,1.6681
6265500,1.9000,1.6633
6266000,1.9000,1.6681
6266500,1.9000,1.6633
6267000,1.9000,1.6681
6267500,1.9000,1.6633
6268000,1.9000,1.6641
6268500,1.9000,1.6722
6269000,1.9000,1.6649
6269500,1.9000,1.6641
6270000,1.9000,1.6851
6270500,1.9000,1.6633
6271000,1.9000,1.6705
6271500,1.9000,1.6746
6272000,1.9000,1.6738
6272500,1.9000,1.6633
6273000,1.9000,1.6399
6273500,1.9000,1.6786
6274000,1.9000,1.6609
6274500,1.9000,1.6673
6275000,1.9000,1.6714
6275500,1.9000,1.6609
6276000,1.9000,1.6617
6276500,1.9000,1.6423
6277000,1.9000,1.6633
6277500,1.9000,1.6641
6278000,1.9000,1.6496
6278500,1.9000,1.6657
6279000,1.9000,1.6633
6279500,1.9000,1.6657
6280000,1.9000,1.6834
6280500,1.9000,1.6641
6281000,1.9000,1.6673
6281500,1.9000,1.6641
6282000,1.9000,1.6568
6282500,1.9000,1.6641
6283000,1.9000,1.6633
6283500,1.9000,1.6754
6284000,1.9000,1.6649
6284500,1.9000,1.6697
6285000,1.9000,1.6657
6285500,1.9000,1.6722
6286000,1.9000,1.6657
6286500,1.9000,1.6633
6287000,1.9000,1.6633
6287500,1.9000,1.6802
6288000,1.9000,1.6633
6288500,1.9000,1.6738
6289000,1.9000,1.6657
6289500,1.9000,1.6633
6290000,1.9000,1.6633
6290500,1.9000,1.6625
6291000,1.9000,1.6681
6291500,1.9000,1.6641
6292000,1.9000,1.6834
6292500,1.9000,1.6609
6293000,1.9000,1.6617
6293500,1.9000,1.6601
6294000,1.9000,1.6633
6294500,1.9000,1.6649
6295000,1.9000,1.6633
6295500,1.9000,1.6705
6296000,1.9000,1.6633
6296500,1.9000,1.6633
6297000,1.9000,1.6633
6297500,1.9000,1.6714
6298000,1.9000,1.6714
6298500,1.9000,1.6681
6299000,1.9000,1.6673
6299500,1.9000,1.6681
6300000,1.9000,1.6891
6300500,1.9000,1.6746
6301000,1.9000,1.6786
6301500,1.9000,1.6802
6302000,1.9000,1.6746
6302500,1.9000,1.6649
6303000,1.9000,1.6714
6303500,1.9000,1.6472
6304000,1.9000,1.6633
6304500,1.9000,1.6633
6305000,1.9000,1.6665
6305500,1.9000,1.6633
6306000,1.9000,1.6657
6306500,1.9000,1.6585
6307000,1.9000,1.6730
6307500,1.9000,1.6480
6308000,1.9000,1.6609
6308500,1.9000,1.6641
6309000,1.9000,1.6633
6309500,1.9000,1.6681
6310000,1.9000,1.6665
6310500,1.9000,1.6641
6311000,1.9000,1.6327
6311500,1.9000,1.6649
6312000,1.9000,1.6633
6312500,1.9000,1.6657
6313000,1.9000,1.6544
6313500,1.9000,1.6746
6314000,1.9000,1.6714
6314500,1.9000,1.6649
6315000,1.9000,1.6601
6315500,1.9000,1.6722
6316000,1.9000,1.6738
6316500,1.9000,1.6689
6317000,1.9000,1.6633
6317500,1.9000,1.6842
6318000,1.9000,1.6633
6318500,1.9000,1.6649
6319000,1.9000,1.6633
6319500,1.9000,1.6762
6320000,1.9000,1.6560
6320500,1.9000,1.6625
6321000,1.9000,1.6665
6321500,1.9000,1.6657
6322000,1.9000,1.6633
6322500,1.9000,1.6633
6323000,1.9000,1.6657
6323500,1.9000,1.6641
6324000,1.9000,1.6593
6324500,1.9000,1.6641
6325000,1.9000,1.6673
6325500,1.9000,1.6665
6326000,1.9000,1.6673
6326500,1.9000,1.6375
6327000,1.9000,1.6633
6327500,1.9000,1.6673
6328000,1.9000,1.6633
6328500,1.9000,1.6681
6329000,1.9000,1.6657
6329500,1.9000,1.6649
6330000,1.9000,1.6625
6330500,1.9000,1.6738
6331000,1.9000,1.6657
6331500,1.9000,1.6649
6332000,1.9000,1.6641
6332500,1.9000,1.6649
6333000,1.9000,1.6649
6333500,1.9000,1.6649
6334000,1.9000,1.6609
6334500,1.9000,1.6681
6335000,1.9000,1.6641
6335500,1.9000,1.6794
6336000,1.9000,1.6778
6336500,1.9000,1.6633
6337000,1.9000,1.6649
6337500,1.9000,1.6649
6338000,1.9000,1.6641
6338500,1.9000,1.6673
6339000,1.9000,1.6681
6339500,1.9000,1.6641
6340000,1.9000,1.6681
6340500,1.9000,1.6714
6341000,1.9000,1.6705
6341500,1.9000,1.6681
6342000,1.9000,1.6714
6342500,1.9000,1.6641
6343000,1.9000,1.6794
6343500,1.9000,1.6641
6344000,1.9000,1.6705
6344500,1.9000,1.6842
6345000,1.9000,1.6714
6345500,1.9000,1.6649
6346000,1.9000,1.6705
6346500,1.9000,1.6633
6347000,1.9000,1.6641
6347500,1.9000,1.6609
6348000,1.9000,1.6633
6348500,1.9000,1.6722
6349000,1.9000,1.6633
6349500,1.9000,1.6665
6350000,1.9000,1.6641
6350500,1.9000,1.6762
6351000,1.9000,1.6673
6351500,1.9000,1.6577
6352000,1.9000,1.6673
6352500,1.9000,1.6778
6353000,1.9000,1.6633
6353500,1.9000,1.6689
6354000,1.9000,1.6665
6354500,1.9000,1.6705
6355000,1.9000,1.6689
6355500,1.9000,1.6705
6356000,1.9000,1.6746
6356500,1.9000,1.6722
6357000,1.9000,1.6681
6357500,1.9000,1.6722
6358000,1.9000,1.6738
6358500,1.9000,1.6738
6359000,1.9000,1.6673
6359500,1.9000,1.6641
6360000,1.9000,1.6689
6360500,1.9000,1.6778
6361000,1.9000,1.6705
6361500,1.9000,1.6633
6362000,1.9000,1.6681
6362500,1.9000,1.6867
6363000,1.9000,1.6657
6363500,1.9000,1.6722
6364000,1.9000,1.6697
6364500,1.9000,1.6714
6365000,1.9000,1.6762
6365500,1.9000,1.6649
6366000,1.9000,1.6657
6366500,1.9000,1.6762
6367000,1.9000,1.6722
6367500,1.9000,1.6762
6368000,1.9000,1.6673
6368500,1.9000,1.6722
6369000,1.9000,1.6891
6369500,1.9000,1.6746
6370000,1.9000,1.6673
6370500,1.9000,1.6657
6371000,1.9000,1.6633
6371500,1.9000,1.6689
6372000,1.9000,1.6689
6372500,1.9000,1.6641
6373000,1.9000,1.6633
6373500,1.9000,1.6738
6374000,1.9000,1.6673
6374500,1.9000,1.6633
6375000,1.9000,1.6657
6375500,1.9000,1.6714
6376000,1.9000,1.6641
6376500,1.9000,1.6705
6377000,1.9000,1.6641
6377500,1.9000,1.6681
6378000,1.9000,1.6641
6378500,1.9000,1.6415
6379000,1.9000,1.6552
6379500,1.9000,1.6633
6380000,1.9000,1.6657
6380500,1.9000,1.6681
6381000,1.9000,1.6657
6381500,1.9000,1.6673
6382000,1.9000,1.6875
6382500,1.9000,1.6633
6383000,1.9000,1.6714
6383500,1.9000,1.6609
6384000,1.9000,1.6722
6384500,1.9000,1.6681
6385000,1.9000,1.6705
6385500,1.9000,1.6673
6386000,1.9000,1.6681
6386500,1.9000,1.6689
6387000,1.9000,1.6705
6387500,1.9000,1.6746
6388000,1.9000,1.6810
6388500,1.9000,1.6665
6389000,1.9000,1.6633
6389500,1.9000,1.6633
6390000,1.9000,1.6689
6390500,1.9000,1.6681
6391000,1.9000,1.6633
6391500,1.9000,1.6705
6392000,1.9000,1.6681
6392500,1.9000,1.6552
6393000,1.9000,1.6762
6393500,1.9000,1.6770
6394000,1.9000,1.6657
6394500,1.9000,1.6665
6395000,1.9000,1.6641
6395500,1.9000,1.6738
6396000,1.9000,1.6633
6396500,1.9000,1.6730
6397000,1.9000,1.6810
6397500,1.9000,1.6649
6398000,1.9000,1.6649
6398500,1.9000,1.6681
6399000,1.9000,1.6754
6399500,1.9000,1.6649
6400000,1.9000,1.6633
6400500,1.9000,1.6480
6401000,1.9000,1.6432
6401500,1.9000,1.6722
6402000,1.9000,1.6681
6402500,1.9000,1.6633
6403000,1.9000,1.6649
6403500,1.9000,1.6609
6404000,1.9000,1.6633
6404500,1.9000,1.6673
6405000,1.9000,1.6577
6405500,1.9000,1.6722
6406000,1.9000,1.6657
6406500,1.9000,1.6480
6407000,1.9000,1.6593
6407500,1.9000,1.6738
6408000,1.9000,1.6673
6408500,1.9000,1.6625
6409000,1.9000,1.6722
6409500,1.9000,1.6585
6410000,1.9000,1.6641
6410500,1.9000,1.6681
6411000,1.9000,1.6657
6411500,1.9000,1.6673
6412000,1.9000,1.6754
6412500,1.9000,1.6681
6413000,1.9000,1.6633
6413500,1.9000,1.6754
6414000,1.9000,1.6488
6414500,1.9000,1.6705
6415000,1.9000,1.6681
6415500,1.9000,1.6673
6416000,1.9000,1.6657
6416500,1.9000,1.6786
6417000,1.9000,1.6754
6417500,1.9000,1.6714
6418000,1.9000,1.6633
6418500,1.9000,1.6738
6419000,1.9000,1.6641
6419500,1.9000,1.6633
6420000,1.9000,1.6649
6420500,1.9000,1.6657
6421000,1.9000,1.6762
6421500,1.9000,1.6641
6422000,1.9000,1.6762
6422500,1.9000,1.6826
6423000,1.9000,1.6746
6423500,1.9000,1.6641
6424000,1.9000,1.6633
6424500,1.9000,1.6689
6425000,1.9000,1.6689
6425500,1.9000,1.6730
6426000,1.9000,1.6657
6426500,1.9000,1.6681
6427000,1.9000,1.6689
6427500,1.9000,1.6689
6428000,1.9000,1.6842
6428500,1.9000,1.6689
6429000,1.9000,1.6585
6429500,1.9000,1.6762
6430000,1.9000,1.6673
6430500,1.9000,1.6754
6431000,1.9000,1.6673
6431500,1.9000,1.6770
6432000,1.9000,1.6738
6432500,1.9000,1.6754
6433000,1.9000,1.6633
6433500,1.9000,1.6601
6434000,1.9000,1.6810
6434500,1.9000,1.6649
6435000,1.9000,1.6705
6435500,1.9000,1.6738
6436000,1.9000,1.6754
6436500,1.9000,1.6649
6437000,1.9000,1.6714
6437500,1.9000,1.6681
6438000,1.9000,1.6633
6438500,1.9000,1.6770
6439000,1.9000,1.6971
6439500,1.9000,1.6359
6440000,1.9000,1.6778
6440500,1.9000,1.6754
6441000,1.9000,1.6714
6441500,1.9000,1.6689
6442000,1.9000,1.6633
6442500,1.9000,1.6722
6443000,1.9000,1.6681
6443500,1.9000,1.6689
6444000,1.9000,1.6681
6444500,1.9000,1.6689
6445000,1.9000,1.6617
6445500,1.9000,1.6722
6446000,1.9000,1.6754
6446500,1.9000,1.6762
6447000,1.9000,1.6681
6447500,1.9000,1.6689
6448000,1.9000,1.6689
6448500,1.9000,1.6681
6449000,1.9000,1.6689
6449500,1.9000,1.6657
6450000,1.9000,1.6705
6450500,1.9000,1.6641
6451000,1.9000,1.6673
6451500,1.9000,1.6609
6452000,1.9000,1.6673
6452500,1.9000,1.6641
6453000,1.9000,1.6673
6453500,1.9000,1.6657
6454000,1.9000,1.6697
6454500,1.9000,1.6657
6455000,1.9000,1.6722
6455500,1.9000,1.6689
6456000,1.9000,1.6842
6456500,1.9000,1.6722
6457000,1.9000,1.6681
6457500,1.9000,1.6722
6458000,1.9000,1.6681
6458500,1.9000,1.6391
6459000,1.9000,1.6722
6459500,1.9000,1.6641
6460000,1.9000,1.6552
6460500,1.9000,1.6689
6461000,1.9000,1.6641
6461500,1.9000,1.6681
6462000,1.9000,1.6641
6462500,1.9000,1.6649
6463000,1.9000,1.6681
6463500,1.9000,1.6705
6464000,1.9000,1.6746
6464500,1.9000,1.6649
6465000,1.9000,1.6714
6465500,1.9000,1.6722
6466000,1.9000,1.6665
6466500,1.9000,1.6681
6467000,1.9000,1.6722
6467500,1.9000,1.6730
6468000,1.9000,1.6714
6468500,1.9000,1.6754
6469000,1.9000,1.6689
6469500,1.9000,1.6633
6470000,1.9000,1.6665
6470500,1.9000,1.6762
6471000,1.9000,1.6689
6471500,1.9000,1.6786
6472000,1.9000,1.6657
6472500,1.9000,1.6681
6473000,1.9000,1.6770
6473500,1.9000,1.6697
6474000,1.9000,1.6762
6474500,1.9000,1.6577
6475000,1.9000,1.6722
6475500,1.9000,1.6705
6476000,1.9000,1.6722
6476500,1.9000,1.6730
6477000,1.9000,1.6633
6477500,1.9000,1.6714
6478000,1.9000,1.6657
6478500,1.9000,1.6633
6479000,1.9000,1.6705
6479500,1.9000,1.6689
6480000,1.9000,1.6641
6480500,1.9000,1.6730
6481000,1.9000,1.6681
6481500,1.9000,1.6633
6482000,1.9000,1.6746
6482500,1.9000,1.6842
6483000,1.9000,1.6633
6483500,1.9000,1.6842
6484000,1.9000,1.6738
6484500,1.9000,1.6754
6485000,1.9000,1.6754
6485500,1.9000,1.6738
6486000,1.9000,1.6738
6486500,1.9000,1.6746
6487000,1.9000,1.6649
6487500,1.9000,1.6746
6488000,1.9000,1.6681
6488500,1.9000,1.6730
6489000,1.9000,1.6681
6489500,1.9000,1.6657
6490000,1.9000,1.6770
6490500,1.9000,1.6705
6491000,1.9000,1.6875
6491500,1.9000,1.6778
6492000,1.9000,1.6762
6492500,1.9000,1.6649
6493000,1.9000,1.6770
6493500,1.9000,1.6625
6494000,1.9000,1.6673
6494500,1.9000,1.6714
6495000,1.9000,1.6754
6495500,1.9000,1.6746
6496000,1.9000,1.6673
6496500,1.9000,1.6714
6497000,1.9000,1.6657
6497500,1.9000,1.6657
6498000,1.9000,1.6641
6498500,1.9000,1.6738
6499000,1.9000,1.6786
6499500,1.9000,1.6681
6500000,1.9000,1.6673
6500500,1.9000,1.6714
6501000,1.9000,1.6641
6501500,1.9000,1.6633
6502000,1.9000,1.6633
6502500,1.9000,1.6705
6503000,1.9000,1.6754
6503500,1.9000,1.6657
6504000,1.9000,1.6673
6504500,1.9000,1.6633
6505000,1.9000,1.6738
6505500,1.9000,1.6673
6506000,1.9000,1.6770
6506500,1.9000,1.6714
6507000,1.9000,1.6705
6507500,1.9000,1.6488
6508000,1.9000,1.6722
6508500,1.9000,1.6722
6509000,1.9000,1.6705
6509500,1.9000,1.6641
6510000,1.9000,1.6689
6510500,1.9000,1.6738
6511000,1.9000,1.6673
6511500,1.9000,1.6633
6512000,1.9000,1.6722
6512500,1.9000,1.6689
6513000,1.9000,1.6722
6513500,1.9000,1.6714
6514000,1.9000,1.6697
6514500,1.9000,1.6657
6515000,1.9000,1.6649
6515500,1.9000,1.6657
6516000,1.9000,1.6714
6516500,1.9000,1.6673
6517000,1.9000,1.6714
6517500,1.9000,1.6802
6518000,1.9000,1.6891
6518500,1.9000,1.6730
6519000,1.9000,1.6754
6519500,1.9000,1.6722
6520000,1.9000,1.6746
6520500,1.9000,1.6738
6521000,1.9000,1.6649
6521500,1.9000,1.6705
6522000,1.9000,1.6641
6522500,1.9000,1.6633
6523000,1.9000,1.6593
6523500,1.9000,1.6762
6524000,1.9000,1.6714
6524500,1.9000,1.6657
6525000,1.9000,1.6633
6525500,1.9000,1.6665
6526000,1.9000,1.6810
6526500,1.9000,1.6617
6527000,1.9000,1.6730
6527500,1.9000,1.6609
6528000,1.9000,1.6641
6528500,1.9000,1.6730
6529000,1.9000,1.6641
6529500,1.9000,1.6625
6530000,1.9000,1.6633
6530500,1.9000,1.6722
6531000,1.9000,1.6689
6531500,1.9000,1.6681
6532000,1.9000,1.6673
6532500,1.9000,1.6641
6533000,1.9000,1.6730
6533500,1.9000,1.6673
6534000,1.9000,1.6673
6534500,1.9000,1.6383
6535000,1.9000,1.6754
6535500,1.9000,1.6649
6536000,1.9000,1.6722
6536500,1.9000,1.6689
6537000,1.9000,1.6722
6537500,1.9000,1.6738
6538000,1.9000,1.6786
6538500,1.9000,1.6689
6539000,1.9000,1.6689
6539500,1.9000,1.6754
6540000,1.9000,1.6738
6540500,1.9000,1.6649
6541000,1.9000,1.6657
6541500,1.9000,1.6738
6542000,1.9000,1.6722
6542500,1.9000,1.6625
6543000,1.9000,1.6673
6543500,1.9000,1.6488
6544000,1.9000,1.6560
6544500,1.9000,1.6730
6545000,1.9000,1.6625
6545500,1.9000,1.6851
6546000,1.9000,1.6770
6546500,1.9000,1.6818
6547000,1.9000,1.6714
6547500,1.9000,1.6633
6548000,1.9000,1.6673
6548500,1.9000,1.6778
6549000,1.9000,1.6746
6549500,1.9000,1.6657
6550000,1.9000,1.6697
6550500,1.9000,1.6609
6551000,1.9000,1.6673
6551500,1.9000,1.6714
6552000,1.9000,1.6657
6552500,1.9000,1.6585
6553000,1.9000,1.6657
6553500,1.9000,1.6689
6554000,1.9000,1.6568
6554500,1.9000,1.6818
6555000,1.9000,1.6641
6555500,1.9000,1.6714
6556000,1.9000,1.6633
6556500,1.9000,1.6802
6557000,1.9000,1.6778
6557500,1.9000,1.6649
6558000,1.9000,1.6689
6558500,1.9000,1.6633
6559000,1.9000,1.6689
6559500,1.9000,1.6681
6560000,1.9000,1.6633
6560500,1.9000,1.6657
6561000,1.9000,1.6714
6561500,1.9000,1.6786
6562000,1.9000,1.6649
6562500,1.9000,1.6681
6563000,1.9000,1.6714
6563500,1.9000,1.6754
6564000,1.9000,1.6681
6564500,1.9000,1.6689
6565000,1.9000,1.6746
6565500,1.9000,1.6705
6566000,1.9000,1.6738
6566500,1.9000,1.6842
6567000,1.9000,1.6714
6567500,1.9000,1.6730
6568000,1.9000,1.6697
6568500,1.9000,1.6673
6569000,1.9000,1.6762
6569500,1.9000,1.6802
6570000,1.9000,1.6705
6570500,1.9000,1.6681
6571000,1.9000,1.6464
6571500,1.9000,1.6681
6572000,1.9000,1.6722
6572500,1.9000,1.6714
6573000,1.9000,1.6681
6573500,1.9000,1.6681
6574000,1.9000,1.6673
6574500,1.9000,1.6722
6575000,1.9000,1.6633
6575500,1.9000,1.6633
6576000,1.9000,1.6738
6576500,1.9000,1.6730
6577000,1.9000,1.6730
6577500,1.9000,1.6738
6578000,1.9000,1.6633
6578500,1.9000,1.6722
6579000,1.9000,1.6714
6579500,1.9000,1.6681
6580000,1.9000,1.6899
6580500,1.9000,1.6738
6581000,1.9000,1.6488
6581500,1.9000,1.6770
6582000,1.9000,1.6649
6582500,1.9000,1.6657
6583000,1.9000,1.6689
6583500,1.9000,1.6625
6584000,1.9000,1.6770
6584500,1.9000,1.6657
6585000,1.9000,1.6754
6585500,1.9000,1.6617
6586000,1.9000,1.6738
6586500,1.9000,1.6496
6587000,1.9000,1.6665
6587500,1.9000,1.6673
6588000,1.9000,1.6705
6588500,1.9000,1.6633
6589000,1.9000,1.6714
6589500,1.9000,1.6560
6590000,1.9000,1.6714
6590500,1.9000,1.6657
6591000,1.9000,1.6738
6591500,1.9000,1.6423
6592000,1.9000,1.6722
6592500,1.9000,1.6665
6593000,1.9000,1.6738
6593500,1.9000,1.6738
6594000,1.9000,1.6714
6594500,1.9000,1.6770
6595000,1.9000,1.6657
6595500,1.9000,1.6738
6596000,1.9000,1.6673
6596500,1.9000,1.6802
6597000,1.9000,1.6834
6597500,1.9000,1.6705
6598000,1.9000,1.6714
6598500,1.9000,1.6738
6599000,1.9000,1.6786
6599500,1.9000,1.6754
6600000,1.9000,1.6697
6600500,1.9000,1.6714
6601000,1.9000,1.6826
6601500,1.9000,1.6722
6602000,1.9000,1.6657
6602500,1.9000,1.6722
6603000,1.9000,1.6657
6603500,1.9000,1.6609
6604000,1.9000,1.6673
6604500,1.9000,1.6593
6605000,1.9000,1.6867
6605500,1.9000,1.6770
6606000,1.9000,1.6810
6606500,1.9000,1.6722
6607000,1.9000,1.6810
6607500,1.9000,1.6810
6608000,1.9000,1.6762
6608500,1.9000,1.6770
6609000,1.9000,1.6681
6609500,1.9000,1.6689
6610000,1.9000,1.6746
6610500,1.9000,1.6673
6611000,1.9000,1.6681
6611500,1.9000,1.6705
6612000,1.9000,1.6681
6612500,1.9000,1.6689
6613000,1.9000,1.6560
6613500,1.9000,1.6657
6614000,1.9000,1.6754
6614500,1.9000,1.6746
6615000,1.9000,1.6714
6615500,1.9000,1.6778
6616000,1.9000,1.6705
6616500,1.9000,1.6762
6617000,1.9000,1.6730
6617500,1.9000,1.6649
6618000,1.9000,1.6738
6618500,1.9000,1.6625
6619000,1.9000,1.6746
6619500,1.9000,1.6722
6620000,1.9000,1.6657
6620500,1.9000,1.6681
6621000,1.9000,1.6665
6621500,1.9000,1.6689
6622000,1.9000,1.6689
6622500,1.9000,1.6673
6623000,1.9000,1.6633
6623500,1.9000,1.6705
6624000,1.9000,1.6826
6624500,1.9000,1.6714
6625000,1.9000,1.6754
6625500,1.9000,1.6810
6626000,1.9000,1.6367
6626500,1.9000,1.6722
6627000,1.9000,1.6730
6627500,1.9000,1.6633
6628000,1.9000,1.6738
6628500,1.9000,1.6722
6629000,1.9000,1.6818
6629500,1.9000,1.6705
6630000,1.9000,1.6770
6630500,1.9000,1.6665
6631000,1.9000,1.6818
6631500,1.9000,1.6754
6632000,1.9000,1.6714
6632500,1.9000,1.6681
6633000,1.9000,1.6665
6633500,1.9000,1.6673
6634000,1.9000,1.6842
6634500,1.9000,1.6689
6635000,1.9000,1.6786
6635500,1.9000,1.6746
6636000,1.9000,1.6722
6636500,1.9000,1.6649
6637000,1.9000,1.6641
6637500,1.9000,1.6738
6638000,1.9000,1.6714
6638500,1.9000,1.6915
6639000,1.9000,1.6705
6639500,1.9000,1.6657
6640000,1.9000,1.6705
6640500,1.9000,1.6673
6641000,1.9000,1.6705
6641500,1.9000,1.6641
6642000,1.9000,1.6649
6642500,1.9000,1.6633
6643000,1.9000,1.6649
6643500,1.9000,1.6746
6644000,1.9000,1.6722
6644500,1.9000,1.6689
6645000,1.9000,1.6649
6645500,1.9000,1.6633
6646000,1.9000,1.6689
6646500,1.9000,1.6681
6647000,1.9000,1.6641
6647500,1.9000,1.6633
6648000,1.9000,1.6657
6648500,1.9000,1.6689
6649000,1.9000,1.6633
6649500,1.9000,1.6738
6650000,1.9000,1.6689
6650500,1.9000,1.6689
6651000,1.9000,1.6689
6651500,1.9000,1.6770
6652000,1.9000,1.6689
6652500,1.9000,1.6689
6653000,1.9000,1.6867
6653500,1.9000,1.6633
6654000,1.9000,1.6802
6654500,1.9000,1.6689
6655000,1.9000,1.6480
6655500,1.9000,1.6593
6656000,1.9000,1.6681
6656500,1.9000,1.6657
6657000,1.9000,1.6705
6657500,1.9000,1.6641
6658000,1.9000,1.6657
6658500,1.9000,1.6673
6659000,1.9000,1.6641
6659500,1.9000,1.6746
6660000,1.9000,1.6633
6660500,1.9000,1.6681
6661000,1.9000,1.6714
6661500,1.9000,1.6681
6662000,1.9000,1.6851
6662500,1.9000,1.6689
6663000,1.9000,1.6673
6663500,1.9000,1.6593
6664000,1.9000,1.6738
6664500,1.9000,1.6722
6665000,1.9000,1.6633
6665500,1.9000,1.6794
6666000,1.9000,1.6762
6666500,1.9000,1.6496
6667000,1.9000,1.6851
6667500,1.9000,1.6665
6668000,1.9000,1.6681
6668500,1.9000,1.6649
6669000,1.9000,1.6633
6669500,1.9000,1.6641
6670000,1.9000,1.6714
6670500,1.9000,1.6697
6671000,1.9000,1.6842
6671500,1.9000,1.6722
6672000,1.9000,1.6738
6672500,1.9000,1.6633
6673000,1.9000,1.6109
6673500,1.9000,1.6649
6674000,1.9000,1.6778
6674500,1.9000,1.6705
6675000,1.9000,1.6448
6675500,1.9000,1.6770
6676000,1.9000,1.6762
6676500,1.9000,1.6754
6677000,1.9000,1.6633
6677500,1.9000,1.6746
6678000,1.9000,1.6633
6678500,1.9000,1.6794
6679000,1.9000,1.6689
6679500,1.9000,1.6746
6680000,1.9000,1.6689
6680500,1.9000,1.6689
6681000,1.9000,1.6802
6681500,1.9000,1.6714
6682000,1.9000,1.6714
6682500,1.9000,1.6738
6683000,1.9000,1.6633
6683500,1.9000,1.6778
6684000,1.9000,1.6754
6684500,1.9000,1.6834
6685000,1.9000,1.6859
6685500,1.9000,1.6770
6686000,1.9000,1.6714
6686500,1.9000,1.7084
6687000,1.9000,1.6705
6687500,1.9000,1.6432
6688000,1.9000,1.6842
6688500,1.9000,1.6689
6689000,1.9000,1.6689
6689500,1.9000,1.6722
6690000,1.9000,1.6754
6690500,1.9000,1.6673
6691000,1.9000,1.6689
6691500,1.9000,1.6617
6692000,1.9000,1.6786
6692500,1.9000,1.6689
6693000,1.9000,1.6705
6693500,1.9000,1.6722
6694000,1.9000,1.6705
6694500,1.9000,1.6689
6695000,1.9000,1.6722
6695500,1.9000,1.6689
6696000,1.9000,1.6633
6696500,1.9000,1.6754
6697000,1.9000,1.6770
6697500,1.9000,1.6681
6698000,1.9000,1.6818
6698500,1.9000,1.6633
6699000,1.9000,1.6899
6699500,1.9000,1.6746
6700000,1.9000,1.6754
6700500,1.9000,1.6673
6701000,1.9000,1.6673
6701500,1.9000,1.6641
6702000,1.9000,1.6714
6702500,1.9000,1.6786
6703000,1.9000,1.6722
6703500,1.9000,1.6770
6704000,1.9000,1.6689
6704500,1.9000,1.6754
6705000,1.9000,1.6770
6705500,1.9000,1.6746
6706000,1.9000,1.6673
6706500,1.9000,1.6754
6707000,1.9000,1.6689
6707500,1.9000,1.6585
6708000,1.9000,1.6738
6708500,1.9000,1.6714
6709000,1.9000,1.6875
6709500,1.9000,1.6689
6710000,1.9000,1.6754
6710500,1.9000,1.6665
6711000,1.9000,1.6762
6711500,1.9000,1.6746
6712000,1.9000,1.6641
6712500,1.9000,1.6714
6713000,1.9000,1.6681
6713500,1.9000,1.6746
6714000,1.9000,1.6770
6714500,1.9000,1.6778
6715000,1.9000,1.6722
6715500,1.9000,1.6722
6716000,1.9000,1.6641
6716500,1.9000,1.6730
6717000,1.9000,1.6730
6717500,1.9000,1.6762
6718000,1.9000,1.6689
6718500,1.9000,1.6810
6719000,1.9000,1.6754
6719500,1.9000,1.6762
6720000,1.9000,1.6705
6720500,1.9000,1.6754
6721000,1.9000,1.6762
6721500,1.9000,1.6867
6722000,1.9000,1.6633
6722500,1.9000,1.6794
6723000,1.9000,1.6762
6723500,1.9000,1.6722
6724000,1.9000,1.6762
6724500,1.9000,1.6939
6725000,1.9000,1.6536
6725500,1.9000,1.6633
6726000,1.9000,1.6722
6726500,1.9000,1.6867
6727000,1.9000,1.6754
6727500,1.9000,1.6770
6728000,1.9000,1.6754
6728500,1.9000,1.6746
6729000,1.9000,1.6834
6729500,1.9000,1.6714
6730000,1.9000,1.6859
6730500,1.9000,1.6778
6731000,1.9000,1.6802
6731500,1.9000,1.6665
6732000,1.9000,1.6778
6732500,1.9000,1.6754
6733000,1.9000,1.6834
6733500,1.9000,1.6963
6734000,1.9000,1.6859
6734500,1.9000,1.6738
6735000,1.9000,1.6746
6735500,1.9000,1.6778
6736000,1.9000,1.6778
6736500,1.9000,1.6722
6737000,1.9000,1.6834
6737500,1.9000,1.6794
6738000,1.9000,1.6778
6738500,1.9000,1.6746
6739000,1.9000,1.6601
6739500,1.9000,1.6867
6740000,1.9000,1.6794
6740500,1.9000,1.6842
6741000,1.9000,1.6834
6741500,1.9000,1.6496
6742000,1.9000,1.6778
6742500,1.9000,1.6778
6743000,1.9000,1.6778
6743500,1.9000,1.6802
6744000,1.9000,1.6722
6744500,1.9000,1.6802
6745000,1.9000,1.6722
6745500,1.9000,1.6802
6746000,1.9000,1.6657
6746500,1.9000,1.6762
6747000,1.9000,1.7020
6747500,1.9000,1.6867
6748000,1.9000,1.6778
6748500,1.9000,1.6689
6749000,1.9000,1.6762
6749500,1.9000,1.6681
6750000,1.9000,1.6915
6750500,1.9000,1.6762
6751000,1.9000,1.6754
6751500,1.9000,1.6730
6752000,1.9000,1.6754
6752500,1.9000,1.6738
6753000,1.9000,1.6722
6753500,1.9000,1.6705
6754000,1.9000,1.6681
6754500,1.9000,1.6649
6755000,1.9000,1.6818
6755500,1.9000,1.6681
6756000,1.9000,1.6738
6756500,1.9000,1.6746
6757000,1.9000,1.6834
6757500,1.9000,1.6754
6758000,1.9000,1.6738
6758500,1.9000,1.6826
6759000,1.9000,1.6738
6759500,1.9000,1.6625
6760000,1.9000,1.6794
6760500,1.9000,1.6762
6761000,1.9000,1.6633
6761500,1.9000,1.6633
6762000,1.9000,1.6786
6762500,1.9000,1.6738
6763000,1.9000,1.6730
6763500,1.9000,1.6738
6764000,1.9000,1.6722
6764500,1.9000,1.6810
6765000,1.9000,1.6971
6765500,1.9000,1.6665
6766000,1.9000,1.6633
6766500,1.9000,1.6794
6767000,1.9000,1.6754
6767500,1.9000,1.6673
6768000,1.9000,1.6786
6768500,1.9000,1.6689
6769000,1.9000,1.6770
6769500,1.9000,1.6802
6770000,1.9000,1.6738
6770500,1.9000,1.6738
6771000,1.9000,1.6770
6771500,1.9000,1.6746
6772000,1.9000,1.6818
6772500,1.9000,1.6617
6773000,1.9000,1.6762
6773500,1.9000,1.6939
6774000,1.9000,1.6762
6774500,1.9000,1.6633
6775000,1.9000,1.6859
6775500,1.9000,1.6786
6776000,1.9000,1.6730
6776500,1.9000,1.6979
6777000,1.9000,1.6778
6777500,1.9000,1.6738
6778000,1.9000,1.6746
6778500,1.9000,1.6770
6779000,1.9000,1.6786
6779500,1.9000,1.6133
6780000,1.9000,1.6778
6780500,1.9000,1.6722
6781000,1.9000,1.6746
6781500,1.9000,1.6762
6782000,1.9000,1.6673
6782500,1.9000,1.6754
6783000,1.9000,1.6802
6783500,1.9000,1.6714
6784000,1.9000,1.6810
6784500,1.9000,1.6770
6785000,1.9000,1.6681
6785500,1.9000,1.6842
6786000,1.9000,1.6778
6786500,1.9000,1.6826
6787000,1.9000,1.6794
6787500,1.9000,1.6915
6788000,1.9000,1.6681
6788500,1.9000,1.6818
6789000,1.9000,1.6810
6789500,1.9000,1.6762
6790000,1.9000,1.6714
6790500,1.9000,1.6762
6791000,1.9000,1.6738
6791500,1.9000,1.6762
6792000,1.9000,1.6705
6792500,1.9000,1.6842
6793000,1.9000,1.6746
6793500,1.9000,1.6714
6794000,1.9000,1.6230
6794500,1.9000,1.6746
6795000,1.9000,1.6867
6795500,1.9000,1.6754
6796000,1.9000,1.6778
6796500,1.9000,1.6818
6797000,1.9000,1.6649
6797500,1.9000,1.6778
6798000,1.9000,1.6689
6798500,1.9000,1.6842
6799000,1.9000,1.6738
6799500,1.9000,1.6810
6800000,1.9000,1.6754
6800500,1.9000,1.6875
6801000,1.9000,1.6738
6801500,1.9000,1.6794
6802000,1.9000,1.6705
6802500,1.9000,1.6754
6803000,1.9000,1.6738
6803500,1.9000,1.6689
6804000,1.9000,1.6754
6804500,1.9000,1.6705
6805000,1.9000,1.6730
6805500,1.9000,1.6786
6806000,1.9000,1.6802
6806500,1.9000,1.6802
6807000,1.9000,1.6778
6807500,1.9000,1.6778
6808000,1.9000,1.6689
6808500,1.9000,1.6818
6809000,1.9000,1.6762
6809500,1.9000,1.6681
6810000,1.9000,1.6633
6810500,1.9000,1.6810
6811000,1.9000,1.6915
6811500,1.9000,1.6689
6812000,1.9000,1.6802
6812500,1.9000,1.6810
6813000,1.9000,1.6722
6813500,1.9000,1.6770
6814000,1.9000,1.6786
6814500,1.9000,1.6786
6815000,1.9000,1.6834
6815500,1.9000,1.6738
6816000,1.9000,1.6818
6816500,1.9000,1.6778
6817000,1.9000,1.6786
6817500,1.9000,1.6633
6818000,1.9000,1.6746
6818500,1.9000,1.6802
6819000,1.9000,1.6770
6819500,1.9000,1.6851
6820000,1.9000,1.6754
6820500,1.9000,1.6746
6821000,1.9000,1.6722
6821500,1.9000,1.6851
6822000,1.9000,1.6891
6822500,1.9000,1.6754
6823000,1.9000,1.6754
6823500,1.9000,1.6778
6824000,1.9000,1.6778
6824500,1.9000,1.6883
6825000,1.9000,1.6633
6825500,1.9000,1.6786
6826000,1.9000,1.6689
6826500,1.9000,1.6738
6827000,1.9000,1.6802
6827500,1.9000,1.6810
6828000,1.9000,1.6746
6828500,1.9000,1.6834
6829000,1.9000,1.6472
6829500,1.9000,1.6746
6830000,1.9000,1.6786
6830500,1.9000,1.6770
6831000,1.9000,1.6665
6831500,1.9000,1.6778
6832000,1.9000,1.6722
6832500,1.9000,1.6746
6833000,1.9000,1.6786
6833500,1.9000,1.6762
6834000,1.9000,1.6786
6834500,1.9000,1.6609
6835000,1.9000,1.6762
6835500,1.9000,1.6754
6836000,1.9000,1.6802
6836500,1.9000,1.6786
6837000,1.9000,1.6754
6837500,1.9000,1.6810
6838000,1.9000,1.6738
6838500,1.9000,1.6818
6839000,1.9000,1.6802
6839500,1.9000,1.6778
6840000,1.9000,1.6689
6840500,1.9000,1.6770
6841000,1.9000,1.6714
6841500,1.9000,1.6738
6842000,1.9000,1.6762
6842500,1.9000,1.6867
6843000,1.9000,1.6754
6843500,1.9000,1.6762
6844000,1.9000,1.6875
6844500,1.9000,1.6818
6845000,1.9000,1.6762
6845500,1.9000,1.6875
6846000,1.9000,1.6859
6846500,1.9000,1.6786
6847000,1.9000,1.6746
6847500,1.9000,1.6754
6848000,1.9000,1.6770
6848500,1.9000,1.6657
6849000,1.9000,1.6794
6849500,1.9000,1.6802
6850000,1.9000,1.6891
6850500,1.9000,1.6891
6851000,1.9000,1.6786
6851500,1.9000,1.6770
6852000,1.9000,1.6705
6852500,1.9000,1.6842
6853000,1.9000,1.6770
6853500,1.9000,1.6794
6854000,1.9000,1.6754
6854500,1.9000,1.6786
6855000,1.9000,1.6754
6855500,1.9000,1.6746
6856000,1.9000,1.6818
6856500,1.9000,1.6802
6857000,1.9000,1.6907
6857500,1.9000,1.6770
6858000,1.9000,1.6794
6858500,1.9000,1.6714
6859000,1.9000,1.6762
6859500,1.9000,1.6714
6860000,1.9000,1.6681
6860500,1.9000,1.6681
6861000,1.9000,1.6762
6861500,1.9000,1.6818
6862000,1.9000,1.6818
6862500,1.9000,1.6786
6863000,1.9000,1.6633
6863500,1.9000,1.6818
6864000,1.9000,1.6746
6864500,1.9000,1.6681
6865000,1.9000,1.6746
6865500,1.9000,1.6722
6866000,1.9000,1.6738
6866500,1.9000,1.6818
6867000,1.9000,1.6705
6867500,1.9000,1.6794
6868000,1.9000,1.6762
6868500,1.9000,1.6802
6869000,1.9000,1.6794
6869500,1.9000,1.6754
6870000,1.9000,1.6705
6870500,1.9000,1.6746
6871000,1.9000,1.6786
6871500,1.9000,1.6641
6872000,1.9000,1.6851
6872500,1.9000,1.6657
6873000,1.9000,1.6915
6873500,1.9000,1.6802
6874000,1.9000,1.6842
6874500,1.9000,1.6641
6875000,1.9000,1.6722
6875500,1.9000,1.6770
6876000,1.9000,1.6802
6876500,1.9000,1.6754
6877000,1.9000,1.6786
6877500,1.9000,1.6705
6878000,1.9000,1.6714
6878500,1.9000,1.6818
6879000,1.9000,1.6754
6879500,1.9000,1.6826
6880000,1.9000,1.6778
6880500,1.9000,1.6794
6881000,1.9000,1.6770
6881500,1.9000,1.6746
6882000,1.9000,1.6689
6882500,1.9000,1.6810
6883000,1.9000,1.6899
6883500,1.9000,1.6778
6884000,1.9000,1.6802
6884500,1.9000,1.6834
6885000,1.9000,1.6786
6885500,1.9000,1.6746
6886000,1.9000,1.6722
6886500,1.9000,1.6802
6887000,1.9000,1.6891
6887500,1.9000,1.6802
6888000,1.9000,1.6794
6888500,1.9000,1.6867
6889000,1.9000,1.7020
6889500,1.9000,1.6722
6890000,1.9000,1.6979
6890500,1.9000,1.6778
6891000,1.9000,1.6754
6891500,1.9000,1.6754
6892000,1.9000,1.6794
6892500,1.9000,1.6762
6893000,1.9000,1.6649
6893500,1.9000,1.6810
6894000,1.9000,1.6746
6894500,1.9000,1.6834
6895000,1.9000,1.6778
6895500,1.9000,1.6762
6896000,1.9000,1.6722
6896500,1.9000,1.6770
6897000,1.9000,1.6633
6897500,1.9000,1.6834
6898000,1.9000,1.6705
6898500,1.9000,1.6907
6899000,1.9000,1.6754
6899500,1.9000,1.6770
6900000,1.9000,1.6802
6900500,1.9000,1.6657
6901000,1.9000,1.6770
6901500,1.9000,1.6705
6902000,1.9000,1.6786
6902500,1.9000,1.6746
6903000,1.9000,1.6689
6903500,1.9000,1.6714
6904000,1.9000,1.6778
6904500,1.9000,1.6802
6905000,1.9000,1.6778
6905500,1.9000,1.6722
6906000,1.9000,1.6722
6906500,1.9000,1.6778
6907000,1.9000,1.6746
6907500,1.9000,1.6697
6908000,1.9000,1.6730
6908500,1.9000,1.6738
6909000,1.9000,1.6722
6909500,1.9000,1.6762
6910000,1.9000,1.6738
6910500,1.9000,1.6842
6911000,1.9000,1.6649
6911500,1.9000,1.6754
6912000,1.9000,1.6738
6912500,1.9000,1.6754
6913000,1.9000,1.6818
6913500,1.9000,1.6730
6914000,1.9000,1.6802
6914500,1.9000,1.6705
6915000,1.9000,1.6770
6915500,1.9000,1.6778
6916000,1.9000,1.6617
6916500,1.9000,1.6714
6917000,1.9000,1.6689
6917500,1.9000,1.6746
6918000,1.9000,1.6883
6918500,1.9000,1.6778
6919000,1.9000,1.6802
6919500,1.9000,1.6730
6920000,1.9000,1.6778
6920500,1.9000,1.6834
6921000,1.9000,1.6673
6921500,1.9000,1.6859
6922000,1.9000,1.6730
6922500,1.9000,1.6689
6923000,1.9000,1.6851
6923500,1.9000,1.6754
6924000,1.9000,1.6891
6924500,1.9000,1.6722
6925000,1.9000,1.6730
6925500,1.9000,1.6802
6926000,1.9000,1.6786
6926500,1.9000,1.6762
6927000,1.9000,1.6714
6927500,1.9000,1.6738
6928000,1.9000,1.6689
6928500,1.9000,1.6762
6929000,1.9000,1.6496
6929500,1.9000,1.6786
6930000,1.9000,1.6770
6930500,1.9000,1.6722
6931000,1.9000,1.6786
6931500,1.9000,1.6891
6932000,1.9000,1.6738
6932500,1.9000,1.6746
6933000,1.9000,1.6714
6933500,1.9000,1.6770
6934000,1.9000,1.6891
6934500,1.9000,1.6786
6935000,1.9000,1.6770
6935500,1.9000,1.6770
6936000,1.9000,1.6875
6936500,1.9000,1.6746
6937000,1.9000,1.6770
6937500,1.9000,1.6867
6938000,1.9000,1.6778
6938500,1.9000,1.6762
6939000,1.9000,1.6754
6939500,1.9000,1.6705
6940000,1.9000,1.6722
6940500,1.9000,1.6657
6941000,1.9000,1.6681
6941500,1.9000,1.6689
6942000,1.9000,1.6770
6942500,1.9000,1.6673
6943000,1.9000,1.6834
6943500,1.9000,1.6802
6944000,1.9000,1.6762
6944500,1.9000,1.6673
6945000,1.9000,1.6714
6945500,1.9000,1.6754
6946000,1.9000,1.6722
6946500,1.9000,1.6762
6947000,1.9000,1.6778
6947500,1.9000,1.6778
6948000,1.9000,1.6730
6948500,1.9000,1.6617
6949000,1.9000,1.6673
6949500,1.9000,1.6665
6950000,1.9000,1.6867
6950500,1.9000,1.6762
6951000,1.9000,1.6722
6951500,1.9000,1.6883
6952000,1.9000,1.6770
6952500,1.9000,1.6617
6953000,1.9000,1.6754
6953500,1.9000,1.6689
6954000,1.9000,1.6722
6954500,1.9000,1.6754
6955000,1.9000,1.6673
6955500,1.9000,1.6778
6956000,1.9000,1.6746
6956500,1.9000,1.6689
6957000,1.9000,1.6770
6957500,1.9000,1.6778
6958000,1.9000,1.6891
6958500,1.9000,1.6762
6959000,1.9000,1.6705
6959500,1.9000,1.6738
6960000,1.9000,1.6722
6960500,1.9000,1.6722
6961000,1.9000,1.6754
6961500,1.9000,1.6722
6962000,1.9000,1.6754
6962500,1.9000,1.6399
6963000,1.9000,1.6762
6963500,1.9000,1.6770
6964000,1.9000,1.6689
6964500,1.9000,1.6722
6965000,1.9000,1.6778
6965500,1.9000,1.6722
6966000,1.9000,1.6770
6966500,1.9000,1.6746
6967000,1.9000,1.6697
6967500,1.9000,1.6681
6968000,1.9000,1.6786
6968500,1.9000,1.6665
6969000,1.9000,1.6689
6969500,1.9000,1.6705
6970000,1.9000,1.6746
6970500,1.9000,1.6802
6971000,1.9000,1.6762
6971500,1.9000,1.6705
6972000,1.9000,1.6786
6972500,1.9000,1.6697
6973000,1.9000,1.6738
6973500,1.9000,1.6762
6974000,1.9000,1.6762
6974500,1.9000,1.6673
6975000,1.9000,1.6818
6975500,1.9000,1.6738
6976000,1.9000,1.6738
6976500,1.9000,1.6754
6977000,1.9000,1.6705
6977500,1.9000,1.6496
6978000,1.9000,1.6730
6978500,1.9000,1.6746
6979000,1.9000,1.6673
6979500,1.9000,1.6746
6980000,1.9000,1.6689
6980500,1.9000,1.6649
6981000,1.9000,1.6689
6981500,1.9000,1.6730
6982000,1.9000,1.6585
6982500,1.9000,1.6689
6983000,1.9000,1.6673
6983500,1.9000,1.6770
6984000,1.9000,1.6778
6984500,1.9000,1.6915
6985000,1.9000,1.6754
6985500,1.9000,1.6738
6986000,1.9000,1.6649
6986500,1.9000,1.6754
6987000,1.9000,1.6722
6987500,1.9000,1.6738
6988000,1.9000,1.6673
6988500,1.9000,1.6778
6989000,1.9000,1.6714
6989500,1.9000,1.6802
6990000,1.9000,1.6810
6990500,1.9000,1.6689
6991000,1.9000,1.6754
6991500,1.9000,1.6770
6992000,1.9000,1.6851
6992500,1.9000,1.6834
6993000,1.9000,1.6778
6993500,1.9000,1.6577
6994000,1.9000,1.6722
6994500,1.9000,1.6834
6995000,1.9000,1.6867
6995500,1.9000,1.6842
6996000,1.9000,1.6762
6996500,1.9000,1.6738
6997000,1.9000,1.6802
6997500,1.9000,1.6754
6998000,1.9000,1.6794
6998500,1.9000,1.6746
6999000,1.9000,1.6786
6999500,1.9000,1.6754
7000000,1.9000,1.6746
7000500,1.9000,1.6689
7001000,1.9000,1.6754
7001500,1.9000,1.6810
7002000,1.9000,1.6714
7002500,1.9000,1.6891
7003000,1.9000,1.6851
7003500,1.9000,1.6802
7004000,1.9000,1.6746
7004500,1.9000,1.6754
7005000,1.9000,1.6746
7005500,1.9000,1.6689
7006000,1.9000,1.6705
7006500,1.9000,1.6786
7007000,1.9000,1.6705
7007500,1.9000,1.6778
7008000,1.9000,1.6641
7008500,1.9000,1.6754
7009000,1.9000,1.6730
7009500,1.9000,1.6762
7010000,1.9000,1.6907
7010500,1.9000,1.6464
7011000,1.9000,1.6738
7011500,1.9000,1.6826
7012000,1.9000,1.6738
7012500,1.9000,1.6851
7013000,1.9000,1.6633
7013500,1.9000,1.6826
7014000,1.9000,1.6786
7014500,1.9000,1.6689
7015000,1.9000,1.6714
7015500,1.9000,1.6754
7016000,1.9000,1.6633
7016500,1.9000,1.6754
7017000,1.9000,1.6665
7017500,1.9000,1.6778
7018000,1.9000,1.6722
7018500,1.9000,1.6746
7019000,1.9000,1.6786
7019500,1.9000,1.6770
7020000,1.9000,1.6770
7020500,1.9000,1.6891
7021000,1.9000,1.6730
7021500,1.9000,1.6754
7022000,1.9000,1.6746
7022500,1.9000,1.6681
7023000,1.9000,1.6851
7023500,1.9000,1.6818
7024000,1.9000,1.6738
7024500,1.9000,1.6746
7025000,1.9000,1.6746
7025500,1.9000,1.6762
7026000,1.9000,1.6778
7026500,1.9000,1.6818
7027000,1.9000,1.6794
7027500,1.9000,1.6770
7028000,1.9000,1.6778
7028500,1.9000,1.6754
7029000,1.9000,1.6705
7029500,1.9000,1.6722
7030000,1.9000,1.6875
7030500,1.9000,1.6738
7031000,1.9000,1.6746
7031500,1.9000,1.6818
7032000,1.9000,1.6649
7032500,1.9000,1.6641
7033000,1.9000,1.6778
7033500,1.9000,1.6802
7034000,1.9000,1.6770
7034500,1.9000,1.6786
7035000,1.9000,1.6754
7035500,1.9000,1.6810
7036000,1.9000,1.6867
7036500,1.9000,1.6810
7037000,1.9000,1.6947
7037500,1.9000,1.6673
7038000,1.9000,1.6770
7038500,1.9000,1.6778
7039000,1.9000,1.6810
7039500,1.9000,1.6802
7040000,1.9000,1.6818
7040500,1.9000,1.6778
7041000,1.9000,1.6770
7041500,1.9000,1.6738
7042000,1.9000,1.6689
7042500,1.9000,1.6746
7043000,1.9000,1.6802
7043500,1.9000,1.6762
7044000,1.9000,1.6988
7044500,1.9000,1.6754
7045000,1.9000,1.6842
7045500,1.9000,1.6738
7046000,1.9000,1.7060
7046500,1.9000,1.6714
7047000,1.9000,1.6730
7047500,1.9000,1.6883
7048000,1.9000,1.6722
7048500,1.9000,1.6802
7049000,1.9000,1.6818
7049500,1.9000,1.6722
7050000,1.9000,1.6762
7050500,1.9000,1.6786
7051000,1.9000,1.6834
7051500,1.9000,1.6722
7052000,1.9000,1.6891
7052500,1.9000,1.6762
7053000,1.9000,1.6859
7053500,1.9000,1.6746
7054000,1.9000,1.6810
7054500,1.9000,1.6786
7055000,1.9000,1.6786
7055500,1.9000,1.6794
7056000,1.9000,1.6770
7056500,1.9000,1.6802
7057000,1.9000,1.6770
7057500,1.9000,1.6802
7058000,1.9000,1.6891
7058500,1.9000,1.6738
7059000,1.9000,1.6802
7059500,1.9000,1.6738
7060000,1.9000,1.6802
7060500,1.9000,1.6859
7061000,1.9000,1.6762
7061500,1.9000,1.6754