timestamp_ms,setpoint_v,sensor_v
65292,1.7000,0.7027
65792,1.7000,0.7051
66292,1.7000,0.7100
66792,1.7000,0.7003
67292,1.7000,0.7092
67792,1.7000,0.7092
68292,1.7000,0.7059
68792,1.7000,0.7212
69292,1.7000,0.7261
69792,1.7000,0.7075
70292,1.7000,0.7092
70792,1.7000,0.6963
71292,1.7000,0.6947
71792,1.7000,0.7212
72292,1.7000,0.7075
72792,1.7000,0.7043
73292,1.7000,0.7100
73792,1.7000,0.7108
74292,1.7000,0.7124
74792,1.7000,0.7084
75292,1.7000,0.7092
75792,1.7000,0.7148
76292,1.7000,0.7180
76792,1.7000,0.7269
77292,1.7000,0.7092
77792,1.7000,0.7212
78292,1.7000,0.7116
78792,1.7000,0.7140
79292,1.7000,0.7075
79792,1.7000,0.7092
80292,1.7000,0.7027
80792,1.7000,0.7116
81292,1.7000,0.7003
81792,1.7000,0.7245
82292,1.7000,0.7100
82792,1.7000,0.7092
83292,1.7000,0.7092
83792,1.7000,0.7349
84292,1.7000,0.7084
84792,1.7000,0.7092
85292,1.7000,0.7092
85792,1.7000,0.7067
86292,1.7000,0.7100
86792,1.7000,0.7116
87292,1.7000,0.7212
87792,1.7000,0.7084
88292,1.7000,0.7100
88792,1.7000,0.7180
89292,1.7000,0.7116
89792,1.7000,0.7084
90292,1.7000,0.7221
90792,1.7000,0.7172
91292,1.7000,0.7092
91792,1.7000,0.7212
92292,1.7000,0.7164
92792,1.7000,0.7116
93292,1.7000,0.7148
93792,1.7000,0.7140
94292,1.7000,0.7100
94792,1.7000,0.7108
95292,1.7000,0.7092
95792,1.7000,0.7148
96292,1.7000,0.7196
96792,1.7000,0.7100
97292,1.7000,0.7140
97792,1.7000,0.7132
98292,1.7000,0.7116
98792,1.7000,0.7148
99292,1.7000,0.7092
99792,1.7000,0.7092
100292,1.7000,0.7132
100792,1.7000,0.7140
101292,1.7000,0.6971
101792,1.7000,0.6664
102292,1.7000,0.7140
102792,1.7000,0.7075
103292,1.7000,0.7229
103792,1.7000,0.7092
104292,1.7000,0.7204
104792,1.7000,0.7132
105292,1.7000,0.7221
105792,1.7000,0.7092
106292,1.7000,0.7212
106792,1.7000,0.7164
107292,1.7000,0.7116
107792,1.7000,0.7100
108292,1.7000,0.7140
108792,1.7000,0.7108
109292,1.7000,0.7164
109792,1.7000,0.7196
110292,1.7000,0.7092
110792,1.7000,0.6979
111292,1.7000,0.7092
111792,1.7000,0.7245
112292,1.7000,0.7140
112792,1.7000,0.7269
113292,1.7000,0.7140
113792,1.7000,0.7108
114292,1.7000,0.7148
114792,1.7000,0.7221
115292,1.7000,0.7116
115792,1.7000,0.7301
116292,1.7000,0.7430
116792,1.7000,0.7172
117292,1.7000,0.7100
117792,1.7000,0.7253
118292,1.7000,0.7035
118792,1.7000,0.7092
119292,1.7000,0.7204
119792,1.7000,0.7196
120292,1.7000,0.7148
120792,1.7000,0.7172
121292,1.7000,0.7100
121792,1.7000,0.7180
122292,1.7000,0.7172
122792,1.7000,0.7204
123292,1.7000,0.7212
123792,1.7000,0.7221
124292,1.7000,0.7172
124792,1.7000,0.7188
125292,1.7000,0.7108
125792,1.7000,0.7148
126292,1.7000,0.7196
126792,1.7000,0.7092
127292,1.7000,0.7140
127792,1.7000,0.7204
128292,1.7000,0.7124
128792,1.7000,0.7100
129292,1.7000,0.7237
129792,1.7000,0.7261
130292,1.7000,0.7140
130792,1.7000,0.7148
131292,1.7000,0.7237
131792,1.7000,0.7204
132292,1.7000,0.7221
132792,1.7000,0.7212
133292,1.7000,0.7188
133792,1.7000,0.7229
134292,1.7000,0.7277
134792,1.7000,0.7221
135292,1.7000,0.7212
135792,1.7000,0.7212
136292,1.7000,0.7140
136792,1.7000,0.7164
137292,1.7000,0.7172
137792,1.7000,0.7124
138292,1.7000,0.7196
138792,1.7000,0.7277
139292,1.7000,0.7212
139792,1.7000,0.7325
140292,1.7000,0.7277
140792,1.7000,0.7180
141292,1.7000,0.7277
141792,1.7000,0.7309
142292,1.7000,0.7237
142792,1.7000,0.7212
143292,1.7000,0.7212
143792,1.7000,0.7108
144292,1.7000,0.7269
144792,1.7000,0.7349
145292,1.7000,0.7180
145792,1.7000,0.7229
146292,1.7000,0.7406
146792,1.7000,0.7164
147292,1.7000,0.7349
147792,1.7000,0.7349
148292,1.7000,0.7261
148792,1.7000,0.7349
149292,1.7000,0.7341
149792,1.7000,0.7325
150292,1.7000,0.7237
150792,1.7000,0.7438
151292,1.7000,0.7221
151792,1.7000,0.7333
152292,1.7000,0.7422
152792,1.7000,0.7237
153292,1.7000,0.7325
153792,1.7000,0.7309
154292,1.7000,0.7301
154792,1.7000,0.7325
155292,1.7000,0.7341
155792,1.7000,0.7358
156292,1.7000,0.7269
156792,1.7000,0.7261
157292,1.7000,0.7221
157792,1.7000,0.7253
158292,1.7000,0.7349
158792,1.7000,0.7349
159292,1.7000,0.7390
159792,1.7000,0.7269
160292,1.7000,0.7019
160792,1.7000,0.7333
161292,1.7000,0.7478
161792,1.7000,0.7341
162292,1.7000,0.7237
162792,1.7000,0.7309
163292,1.7000,0.7301
163792,1.7000,0.7293
164292,1.7000,0.7349
164792,1.7000,0.7341
165292,1.7000,0.7398
165792,1.7000,0.7358
166292,1.7000,0.7261
166792,1.7000,0.7349
167292,1.7000,0.7349
167792,1.7000,0.7325
168292,1.7000,0.7349
168792,1.7000,0.7349
169292,1.7000,0.7269
169792,1.7000,0.7349
170292,1.7000,0.7470
170792,1.7000,0.7374
171292,1.7000,0.7293
171792,1.7000,0.7349
172292,1.7000,0.7325
172792,1.7000,0.7277
173292,1.7000,0.7358
173792,1.7000,0.7446
174292,1.7000,0.7374
174792,1.7000,0.7349
175292,1.7000,0.7470
175792,1.7000,0.7535
176292,1.7000,0.7462
176792,1.7000,0.7229
177292,1.7000,0.7398
177792,1.7000,0.7333
178292,1.7000,0.7398
178792,1.7000,0.7349
179292,1.7000,0.7462
179792,1.7000,0.7470
180292,1.7000,0.7462
180792,1.7000,0.7261
181292,1.7000,0.7349
181792,1.7000,0.7470
182292,1.7000,0.7237
182792,1.7000,0.7341
183292,1.7000,0.7349
183792,1.7000,0.7269
184292,1.7000,0.7390
184792,1.7000,0.7535
185292,1.7000,0.7349
185792,1.7000,0.7430
186292,1.7000,0.7462
186792,1.7000,0.7382
187292,1.7000,0.7438
187792,1.7000,0.7398
188292,1.7000,0.7358
188792,1.7000,0.7301
189292,1.7000,0.7374
189792,1.7000,0.7462
190292,1.7000,0.7470
190792,1.7000,0.7422
191292,1.7000,0.7430
191792,1.7000,0.7470
192292,1.7000,0.7478
192792,1.7000,0.7390
193292,1.7000,0.7438
193792,1.7000,0.7390
194292,1.7000,0.7390
194792,1.7000,0.7374
195292,1.7000,0.7567
195792,1.7000,0.7349
196292,1.7000,0.7438
196792,1.7000,0.7454
197292,1.7000,0.7406
197792,1.7000,0.7438
198292,1.7000,0.7374
198792,1.7000,0.7349
199292,1.7000,0.7374
199792,1.7000,0.7422
200292,1.7000,0.7486
200792,1.7000,0.7470
201292,1.7000,0.7503
201792,1.7000,0.7519
202292,1.7000,0.7398
202792,1.7000,0.7591
203292,1.7000,0.7446
203792,1.7000,0.7438
204292,1.7000,0.7519
204792,1.7000,0.7349
205292,1.7000,0.7470
205792,1.7000,0.7406
206292,1.7000,0.7503
206792,1.7000,0.7535
207292,1.7000,0.7406
207792,1.7000,0.7470
208292,1.7000,0.7478
208792,1.7000,0.7503
209292,1.7000,0.7438
209792,1.7000,0.7398
210292,1.7000,0.7398
210792,1.7000,0.7446
211292,1.7000,0.7519
211792,1.7000,0.7503
212292,1.7000,0.7519
212792,1.7000,0.7543
213292,1.7000,0.7607
213792,1.7000,0.7640
214292,1.7000,0.7535
214792,1.7000,0.7519
215292,1.7000,0.7607
215792,1.7000,0.7478
216292,1.7000,0.7438
216792,1.7000,0.7543
217292,1.7000,0.7551
217792,1.7000,0.7495
218292,1.7000,0.7438
218792,1.7000,0.7696
219292,1.7000,0.7462
219792,1.7000,0.7583
220292,1.7000,0.7551
220792,1.7000,0.7801
221292,1.7000,0.7495
221792,1.7000,0.7519
222292,1.7000,0.7519
222792,1.7000,0.7551
223292,1.7000,0.7253
223792,1.7000,0.7599
224292,1.7000,0.7648
224792,1.7000,0.7607
225292,1.7000,0.7607
225792,1.7000,0.7503
226292,1.7000,0.7229
226792,1.7000,0.7728
227292,1.7000,0.7495
227792,1.7000,0.7607
228292,1.7000,0.7607
228792,1.7000,0.7446
229292,1.7000,0.7575
229792,1.7000,0.7559
230292,1.7000,0.7535
230792,1.7000,0.7599
231292,1.7000,0.7607
231792,1.7000,0.7607
232292,1.7000,0.7575
232792,1.7000,0.7519
233292,1.7000,0.7615
233792,1.7000,0.7680
234292,1.7000,0.7615
234792,1.7000,0.7519
235292,1.7000,0.7478
235792,1.7000,0.7551
236292,1.7000,0.7454
236792,1.7000,0.7632
237292,1.7000,0.7567
237792,1.7000,0.7680
238292,1.7000,0.7567
238792,1.7000,0.7607
239292,1.7000,0.7664
239792,1.7000,0.7607
240292,1.7000,0.7591
240792,1.7000,0.8067
241292,1.7000,0.7607
241792,1.7000,0.7583
242292,1.7000,0.7607
242792,1.7000,0.7607
243292,1.7000,0.7615
243792,1.7000,0.7615
244292,1.7000,0.7688
244792,1.7000,0.7607
245292,1.7000,0.7615
245792,1.7000,0.7728
246292,1.7000,0.7551
246792,1.7000,0.7680
247292,1.7000,0.7696
247792,1.7000,0.7640
248292,1.7000,0.7656
248792,1.7000,0.7599
249292,1.7000,0.7656
249792,1.7000,0.7607
250292,1.7000,0.7599
250792,1.7000,0.7607
251292,1.7000,0.7607
251792,1.7000,0.7607
252292,1.7000,0.7704
252792,1.7000,0.7607
253292,1.7000,0.7696
253792,1.7000,0.7680
254292,1.7000,0.7712
254792,1.7000,0.7656
255292,1.7000,0.7744
255792,1.7000,0.7648
256292,1.7000,0.7728
256792,1.7000,0.7704
257292,1.7000,0.7712
257792,1.7000,0.7607
258292,1.7000,0.7656
258792,1.7000,0.7728
259292,1.7000,0.7865
259792,1.7000,0.7615
260292,1.7000,0.7752
260792,1.7000,0.7712
261292,1.7000,0.7648
261792,1.7000,0.7752
262292,1.7000,0.7680
262792,1.7000,0.7640
263292,1.7000,0.7648
263792,1.7000,0.7664
264292,1.7000,0.7744
264792,1.7000,0.7599
265292,1.7000,0.7696
265792,1.7000,0.7865
266292,1.7000,0.7736
266792,1.7000,0.7728
267292,1.7000,0.7664
267792,1.7000,0.7744
268292,1.7000,0.7817
268792,1.7000,0.7817
269292,1.7000,0.7664
269792,1.7000,0.7825
270292,1.7000,0.7728
270792,1.7000,0.7688
271292,1.7000,0.7736
271792,1.7000,0.7680
272292,1.7000,0.7696
272792,1.7000,0.7752
273292,1.7000,0.7736
273792,1.7000,0.7688
274292,1.7000,0.7736
274792,1.7000,0.7849
275292,1.7000,0.7777
275792,1.7000,0.7817
276292,1.7000,0.8123
276792,1.7000,0.7736
277292,1.7000,0.7744
277792,1.7000,0.7817
278292,1.7000,0.7930
278792,1.7000,0.7777
279292,1.7000,0.7777
279792,1.7000,0.7760
280292,1.7000,0.7857
280792,1.7000,0.7849
281292,1.7000,0.7809
281792,1.7000,0.7833
282292,1.7000,0.7793
282792,1.7000,0.7777
283292,1.7000,0.7793
283792,1.7000,0.7857
284292,1.7000,0.7712
284792,1.7000,0.7817
285292,1.7000,0.7833
285792,1.7000,0.7865
286292,1.7000,0.7744
286792,1.7000,0.7793
287292,1.7000,0.7857
287792,1.7000,0.7865
288292,1.7000,0.7865
288792,1.7000,0.7801
289292,1.7000,0.7809
289792,1.7000,0.7849
290292,1.7000,0.7817
290792,1.7000,0.7825
291292,1.7000,0.7865
291792,1.7000,0.7736
292292,1.7000,0.7873
292792,1.7000,0.7946
293292,1.7000,0.7793
293792,1.7000,0.7865
294292,1.7000,0.7938
294792,1.7000,0.7881
295292,1.7000,0.7857
295792,1.7000,0.7905
296292,1.7000,0.8010
296792,1.7000,0.7849
297292,1.7000,0.7865
297792,1.7000,0.7865
298292,1.7000,0.7809
298792,1.7000,0.8083
299292,1.7000,0.7865
299792,1.7000,0.7728
300292,1.7000,0.7922
300792,1.7000,0.7946
301292,1.7000,0.7865
301792,1.7000,0.7865
302292,1.7000,0.7833
302792,1.7000,0.7905
303292,1.7000,0.7930
303792,1.7000,0.7897
304292,1.7000,0.7889
304792,1.7000,0.7873
305292,1.7000,0.7865
305792,1.7000,0.7962
306292,1.7000,0.7905
306792,1.7000,0.7857
307292,1.7000,0.8010
307792,1.7000,0.7922
308292,1.7000,0.7648
308792,1.7000,0.7865
309292,1.7000,0.7970
309792,1.7000,0.7954
310292,1.7000,0.7905
310792,1.7000,0.8034
311292,1.7000,0.7938
311792,1.7000,0.7881
312292,1.7000,0.7889
312792,1.7000,0.7914
313292,1.7000,0.7986
313792,1.7000,0.7946
314292,1.7000,0.8018
314792,1.7000,0.7954
315292,1.7000,0.7946
315792,1.7000,0.7970
316292,1.7000,0.7922
316792,1.7000,0.7889
317292,1.7000,0.7922
317792,1.7000,0.7954
318292,1.7000,0.7970
318792,1.7000,0.7905
319292,1.7000,0.7962
319792,1.7000,0.8002
320292,1.7000,0.8002
320792,1.7000,0.7905
321292,1.7000,0.8123
321792,1.7000,0.7954
322292,1.7000,0.8002
322792,1.7000,0.7986
323292,1.7000,0.8002
323792,1.7000,0.7696
324292,1.7000,0.8051
324792,1.7000,0.7922
325292,1.7000,0.8010
325792,1.7000,0.8051
326292,1.7000,0.8018
326792,1.7000,0.8018
327292,1.7000,0.8107
327792,1.7000,0.8034
328292,1.7000,0.7962
328792,1.7000,0.8075
329292,1.7000,0.8042
329792,1.7000,0.8091
330292,1.7000,0.8051
330792,1.7000,0.8171
331292,1.7000,0.8051
331792,1.7000,0.7986
332292,1.7000,0.8139
332792,1.7000,0.7986
333292,1.7000,0.8026
333792,1.7000,0.8026
334292,1.7000,0.8131
334792,1.7000,0.8042
335292,1.7000,0.8034
335792,1.7000,0.8139
336292,1.7000,0.7978
336792,1.7000,0.8107
337292,1.7000,0.7962
337792,1.7000,0.8051
338292,1.7000,0.8051
338792,1.7000,0.8123
339292,1.7000,0.8236
339792,1.7000,0.8075
340292,1.7000,0.7970
340792,1.7000,0.8051
341292,1.7000,0.8091
341792,1.7000,0.8123
342292,1.7000,0.8123
342792,1.7000,0.8075
343292,1.7000,0.8034
343792,1.7000,0.8147
344292,1.7000,0.8091
344792,1.7000,0.8123
345292,1.7000,0.8131
345792,1.7000,0.8010
346292,1.7000,0.8083
346792,1.7000,0.8163
347292,1.7000,0.8107
347792,1.7000,0.8067
348292,1.7000,0.8091
348792,1.7000,0.8139
349292,1.7000,0.8163
349792,1.7000,0.8123
350292,1.7000,0.8123
350792,1.7000,0.8123
351292,1.7000,0.8123
351792,1.7000,0.8212
352292,1.7000,0.8179
352792,1.7000,0.8341
353292,1.7000,0.8397
353792,1.7000,0.8204
354292,1.7000,0.8244
354792,1.7000,0.8042
355292,1.7000,0.8115
355792,1.7000,0.8196
356292,1.7000,0.8139
356792,1.7000,0.8163
357292,1.7000,0.8115
357792,1.7000,0.8155
358292,1.7000,0.8131
358792,1.7000,0.8462
359292,1.7000,0.8123
359792,1.7000,0.8139
360292,1.7000,0.8139
360792,1.7000,0.8381
361292,1.7000,0.8155
361792,1.7000,0.8163
362292,1.7000,0.8123
362792,1.7000,0.8244
363292,1.7000,0.8179
363792,1.7000,0.8228
364292,1.7000,0.8212
364792,1.7000,0.8171
365292,1.7000,0.8171
365792,1.7000,0.8236
366292,1.7000,0.8196
366792,1.7000,0.8204
367292,1.7000,0.8179
367792,1.7000,0.8179
368292,1.7000,0.8059
368792,1.7000,0.8147
369292,1.7000,0.8341
369792,1.7000,0.8236
370292,1.7000,0.8212
370792,1.7000,0.8244
371292,1.7000,0.8123
371792,1.7000,0.8373
372292,1.7000,0.8518
372792,1.7000,0.8139
373292,1.7000,0.8196
373792,1.7000,0.8325
374292,1.7000,0.8212
374792,1.7000,0.8333
375292,1.7000,0.8381
375792,1.7000,0.8171
376292,1.7000,0.8244
376792,1.7000,0.8244
377292,1.7000,0.8228
377792,1.7000,0.8341
378292,1.7000,0.8244
378792,1.7000,0.8486
379292,1.7000,0.8325
379792,1.7000,0.8244
380292,1.7000,0.8244
380792,1.7000,0.8381
381292,1.7000,0.8357
381792,1.7000,0.8244
382292,1.7000,0.8244
382792,1.7000,0.8478
383292,1.7000,0.8357
383792,1.7000,0.8373
384292,1.7000,0.8083
384792,1.7000,0.8357
385292,1.7000,0.8228
385792,1.7000,0.8236
386292,1.7000,0.8373
386792,1.7000,0.8236
387292,1.7000,0.8333
387792,1.7000,0.8244
388292,1.7000,0.8381
388792,1.7000,0.8373
389292,1.7000,0.8462
389792,1.7000,0.8244
390292,1.7000,0.8381
390792,1.7000,0.8365
391292,1.7000,0.8365
391792,1.7000,0.8373
392292,1.7000,0.8325
392792,1.7000,0.8381
393292,1.7000,0.8429
393792,1.7000,0.8373
394292,1.7000,0.8244
394792,1.7000,0.8357
395292,1.7000,0.8381
395792,1.7000,0.8494
396292,1.7000,0.8381
396792,1.7000,0.8244
397292,1.7000,0.8421
397792,1.7000,0.8381
398292,1.7000,0.8179
398792,1.7000,0.8179
399292,1.7000,0.8244
399792,1.7000,0.8365
400292,1.7000,0.8316
400792,1.7000,0.8445
401292,1.7000,0.8397
401792,1.7000,0.8381
402292,1.7000,0.8389
402792,1.7000,0.8373
403292,1.7000,0.8365
403792,1.7000,0.8429
404292,1.7000,0.8486
404792,1.7000,0.8421
405292,1.7000,0.8244
405792,1.7000,0.8437
406292,1.7000,0.8389
406792,1.7000,0.8462
407292,1.7000,0.8405
407792,1.7000,0.8470
408292,1.7000,0.8413
408792,1.7000,0.8437
409292,1.7000,0.8437
409792,1.7000,0.8405
410292,1.7000,0.8470
410792,1.7000,0.8526
411292,1.7000,0.8526
411792,1.7000,0.8429
412292,1.7000,0.8429
412792,1.7000,0.8381
413292,1.7000,0.8534
413792,1.7000,0.8437
414292,1.7000,0.8462
414792,1.7000,0.8623
415292,1.7000,0.8437
415792,1.7000,0.8494
416292,1.7000,0.8494
416792,1.7000,0.8478
417292,1.7000,0.8462
417792,1.7000,0.8486
418292,1.7000,0.8494
418792,1.7000,0.8550
419292,1.7000,0.8397
419792,1.7000,0.8494
420292,1.7000,0.8510
420792,1.7000,0.8381
421292,1.7000,0.8486
421792,1.7000,0.8526
422292,1.7000,0.8542
422792,1.7000,0.8437
423292,1.7000,0.8494
423792,1.7000,0.8526
424292,1.7000,0.8558
424792,1.7000,0.8623
425292,1.7000,0.8647
425792,1.7000,0.8566
426292,1.7000,0.8502
426792,1.7000,0.8470
427292,1.7000,0.8582
427792,1.7000,0.8453
428292,1.7000,0.8623
428792,1.7000,0.8542
429292,1.7000,0.8534
429792,1.7000,0.8510
430292,1.7000,0.8566
430792,1.7000,0.8566
431292,1.7000,0.8558
431792,1.7000,0.8550
432292,1.7000,0.8518
432792,1.7000,0.8558
433292,1.7000,0.8518
433792,1.7000,0.8590
434292,1.7000,0.8566
434792,1.7000,0.8582
435292,1.7000,0.8462
435792,1.7000,0.8534
436292,1.7000,0.8534
436792,1.7000,0.8639
437292,1.7000,0.8494
437792,1.7000,0.8550
438292,1.7000,0.8526
438792,1.7000,0.8550
439292,1.7000,0.8623
439792,1.7000,0.8534
440292,1.7000,0.8478
440792,1.7000,0.8534
441292,1.7000,0.8558
441792,1.7000,0.8510
442292,1.7000,0.8582
442792,1.7000,0.8566
443292,1.7000,0.8615
443792,1.7000,0.8647
444292,1.7000,0.8590
444792,1.7000,0.8623
445292,1.7000,0.8558
445792,1.7000,0.8478
446292,1.7000,0.8526
446792,1.7000,0.8615
447292,1.7000,0.8655
447792,1.7000,0.8607
448292,1.7000,0.8502
448792,1.7000,0.8639
449292,1.7000,0.8582
449792,1.7000,0.8486
450292,1.7000,0.8558
450792,1.7000,0.8518
451292,1.7000,0.8607
451792,1.7000,0.8663
452292,1.7000,0.8631
452792,1.7000,0.8558
453292,1.7000,0.8639
453792,1.7000,0.8647
454292,1.7000,0.8615
454792,1.7000,0.8534
455292,1.7000,0.8526
455792,1.7000,0.8655
456292,1.7000,0.8663
456792,1.7000,0.8590
457292,1.7000,0.8647
457792,1.7000,0.8639
458292,1.7000,0.8590
458792,1.7000,0.8752
459292,1.7000,0.8639
459792,1.7000,0.8639
460292,1.7000,0.8647
460792,1.7000,0.8671
461292,1.7000,0.8711
461792,1.7000,0.8848
462292,1.7000,0.8550
462792,1.7000,0.8744
463292,1.7000,0.8647
463792,1.7000,0.8623
464292,1.7000,0.8873
464792,1.7000,0.8719
465292,1.7000,0.8727
465792,1.7000,0.8695
466292,1.7000,0.8776
466792,1.7000,0.8913
467292,1.7000,0.8736
467792,1.7000,0.8719
468292,1.7000,0.8663
468792,1.7000,0.8808
469292,1.7000,0.8719
469792,1.7000,0.8663
470292,1.7000,0.8639
470792,1.7000,0.8760
471292,1.7000,0.8719
471792,1.7000,0.8687
472292,1.7000,0.8663
472792,1.7000,0.8744
473292,1.7000,0.8719
473792,1.7000,0.8760
474292,1.7000,0.8550
474792,1.7000,0.8518
475292,1.7000,0.8711
475792,1.7000,0.8889
476292,1.7000,0.8711
476792,1.7000,0.8744
477292,1.7000,0.8695
477792,1.7000,0.8679
478292,1.7000,0.8719
478792,1.7000,0.8703
479292,1.7000,0.8663
479792,1.7000,0.8897
480292,1.7000,0.8719
480792,1.7000,0.8752
481292,1.7000,0.8727
481792,1.7000,0.8752
482292,1.7000,0.8808
482792,1.7000,0.8711
483292,1.7000,0.8816
483792,1.7000,0.8792
484292,1.7000,0.8075
484792,1.7000,0.8687
485292,1.7000,0.8727
485792,1.7000,0.8792
486292,1.7000,0.8631
486792,1.7000,0.8792
487292,1.7000,0.8663
487792,1.7000,0.8695
488292,1.7000,0.8744
488792,1.7000,0.8800
489292,1.7000,0.8752
489792,1.7000,0.8832
490292,1.7000,0.8784
490792,1.7000,0.8768
491292,1.7000,0.8647
491792,1.7000,0.8768
492292,1.7000,0.8808
492792,1.7000,0.8760
493292,1.7000,0.8816
493792,1.7000,0.8719
494292,1.7000,0.8768
494792,1.7000,0.8840
495292,1.7000,0.8784
495792,1.7000,0.8776
496292,1.7000,0.8808
496792,1.7000,0.8792
497292,1.7000,0.8776
497792,1.7000,0.8848
498292,1.7000,0.8768
498792,1.7000,0.8808
499292,1.7000,0.8736
499792,1.7000,0.8808
500292,1.7000,0.8873
500792,1.7000,0.8816
501292,1.7000,0.8824
501792,1.7000,0.8808
502292,1.7000,0.8768
502792,1.7000,0.8881
503292,1.7000,0.8768
503792,1.7000,0.8881
504292,1.7000,0.8840
504792,1.7000,0.8913
505292,1.7000,0.8864
505792,1.7000,0.8840
506292,1.7000,0.8695
506792,1.7000,0.8840
507292,1.7000,0.8792
507792,1.7000,0.8840
508292,1.7000,0.8897
508792,1.7000,0.9187
509292,1.7000,0.8816
509792,1.7000,0.8864
510292,1.7000,0.8897
510792,1.7000,0.8776
511292,1.7000,0.8897
511792,1.7000,0.8856
512292,1.7000,0.9010
512792,1.7000,0.8913
513292,1.7000,0.8816
513792,1.7000,0.8856
514292,1.7000,0.8897
514792,1.7000,0.8856
515292,1.7000,0.8897
515792,1.7000,0.8897
516292,1.7000,0.8897
516792,1.7000,0.8792
517292,1.7000,0.8897
517792,1.7000,0.8848
518292,1.7000,0.8937
518792,1.7000,0.8873
519292,1.7000,0.8953
519792,1.7000,0.8881
520292,1.7000,0.8889
520792,1.7000,0.8897
521292,1.7000,0.8913
521792,1.7000,0.8937
522292,1.7000,0.8913
522792,1.7000,0.8832
523292,1.7000,0.8913
523792,1.7000,0.8913
524292,1.7000,0.8985
524792,1.7000,0.8856
525292,1.7000,0.8897
525792,1.7000,0.8953
526292,1.7000,0.8897
526792,1.7000,0.9074
527292,1.7000,0.8856
527792,1.7000,0.8913
528292,1.7000,0.8937
528792,1.7000,0.8953
529292,1.7000,0.8945
529792,1.7000,0.8921
530292,1.7000,0.8953
530792,1.7000,0.8985
531292,1.7000,0.8897
531792,1.7000,0.8969
532292,1.7000,0.8977
532792,1.7000,0.8881
533292,1.7000,0.8921
533792,1.7000,0.9122
534292,1.7000,0.8905
534792,1.7000,0.8953
535292,1.7000,0.8945
535792,1.7000,0.9050
536292,1.7000,0.9042
536792,1.7000,0.8921
537292,1.7000,0.9138
537792,1.7000,0.9026
538292,1.7000,0.8929
538792,1.7000,0.8969
539292,1.7000,0.9010
539792,1.7000,0.9018
540292,1.7000,0.9010
540792,1.7000,0.9010
541292,1.7000,0.8977
541792,1.7000,0.8897
542292,1.7000,0.9026
542792,1.7000,0.9026
543292,1.7000,0.8977
543792,1.7000,0.8776
544292,1.7000,0.9034
544792,1.7000,0.9010
545292,1.7000,0.9010
545792,1.7000,0.9042
546292,1.7000,0.9010
546792,1.7000,0.9155
547292,1.7000,0.9074
547792,1.7000,0.9026
548292,1.7000,0.9082
548792,1.7000,0.9001
549292,1.7000,0.8985
549792,1.7000,0.9010
550292,1.7000,0.9034
550792,1.7000,0.9050
551292,1.7000,0.9074
551792,1.7000,0.9098
552292,1.7000,0.9147
552792,1.7000,0.9098
553292,1.7000,0.9010
553792,1.7000,0.9130
554292,1.7000,0.8913
554792,1.7000,0.9058
555292,1.7000,0.9050
555792,1.7000,0.8977
556292,1.7000,0.9066
556792,1.7000,0.9001
557292,1.7000,0.9026
557792,1.7000,0.9001
558292,1.7000,0.8873
558792,1.7000,0.8792
559292,1.7000,0.9138
559792,1.7000,0.9114
560292,1.7000,0.8969
560792,1.7000,0.8848
561292,1.7000,0.9179
561792,1.7000,0.8985
562292,1.7000,0.8985
562792,1.7000,0.9122
563292,1.7000,0.9114
563792,1.7000,0.9050
564292,1.7000,0.8985
564792,1.7000,0.9114
565292,1.7000,0.9211
565792,1.7000,0.9106
566292,1.7000,0.9171
566792,1.7000,0.8953
567292,1.7000,0.9050
567792,1.7000,0.9050
568292,1.7000,0.9106
568792,1.7000,0.9114
569292,1.7000,0.9082
569792,1.7000,0.8977
570292,1.7000,0.9066
570792,1.7000,0.9114
571292,1.7000,0.9066
571792,1.7000,0.9138
572292,1.7000,0.9074
572792,1.7000,0.8985
573292,1.7000,0.9130
573792,1.7000,0.9010
574292,1.7000,0.9010
574792,1.7000,0.9082
575292,1.7000,0.9074
575792,1.7000,0.8953
576292,1.7000,0.9042
576792,1.7000,0.9275
577292,1.7000,0.9155
577792,1.7000,0.9155
578292,1.7000,0.9106
578792,1.7000,0.9138
579292,1.7000,0.9147
579792,1.7000,0.9155
580292,1.7000,0.9074
580792,1.7000,0.9147
581292,1.7000,0.9066
581792,1.7000,0.9098
582292,1.7000,0.9114
582792,1.7000,0.9130
583292,1.7000,0.9114
583792,1.7000,0.9098
584292,1.7000,0.9138
584792,1.7000,0.9138
585292,1.7000,0.9227
585792,1.7000,0.9155
586292,1.7000,0.9138
586792,1.7000,0.9155
587292,1.7000,0.9114
587792,1.7000,0.9267
588292,1.7000,0.9163
588792,1.7000,0.9114
589292,1.7000,0.9155
589792,1.7000,0.9138
590292,1.7000,0.9122
590792,1.7000,0.8897
591292,1.7000,0.9155
591792,1.7000,0.9155
592292,1.7000,0.9138
592792,1.7000,0.9155
593292,1.7000,0.9138
593792,1.7000,0.9155
594292,1.7000,0.9284
594792,1.7000,0.9082
595292,1.7000,0.9155
595792,1.7000,0.9179
596292,1.7000,0.9332
596792,1.7000,0.9179
597292,1.7000,0.9179
597792,1.7000,0.9163
598292,1.7000,0.9259
598792,1.7000,0.9138
599292,1.7000,0.9171
599792,1.7000,0.9227
600292,1.7000,0.9670
600792,1.7000,0.9219
601292,1.7000,0.9235
601792,1.7000,0.9195
602292,1.7000,0.9275
602792,1.7000,0.9235
603292,1.7000,0.9171
603792,1.7000,0.9147
604292,1.7000,0.9155
604792,1.7000,0.9284
605292,1.7000,0.9203
605792,1.7000,0.9292
606292,1.7000,0.9163
606792,1.7000,0.9308
607292,1.7000,0.9284
607792,1.7000,0.9235
608292,1.7000,0.9267
608792,1.7000,0.9235
609292,1.7000,0.9227
609792,1.7000,0.9203
610292,1.7000,0.9243
610792,1.7000,0.9243
611292,1.7000,0.9211
611792,1.7000,0.9308
612292,1.7000,0.9195
612792,1.7000,0.9235
613292,1.7000,0.9284
613792,1.7000,0.9235
614292,1.7000,0.9243
614792,1.7000,0.9163
615292,1.7000,0.9275
615792,1.7000,0.9155
616292,1.7000,0.9324
616792,1.7000,0.9267
617292,1.7000,0.9243
617792,1.7000,0.9155
618292,1.7000,0.9300
618792,1.7000,0.9292
619292,1.7000,0.9308
619792,1.7000,0.9284
620292,1.7000,0.9396
620792,1.7000,0.9235
621292,1.7000,0.9243
621792,1.7000,0.9292
622292,1.7000,0.9243
622792,1.7000,0.9396
623292,1.7000,0.9284
623792,1.7000,0.9332
624292,1.7000,0.9267
624792,1.7000,0.9356
625292,1.7000,0.9316
625792,1.7000,0.9316
626292,1.7000,0.9251
626792,1.7000,0.9275
627292,1.7000,0.9292
627792,1.7000,0.9284
628292,1.7000,0.9380
628792,1.7000,0.9300
629292,1.7000,0.9300
629792,1.7000,0.9308
630292,1.7000,0.9300
630792,1.7000,0.9332
631292,1.7000,0.9284
631792,1.7000,0.9292
632292,1.7000,0.9292
632792,1.7000,0.9316
633292,1.7000,0.9356
633792,1.7000,0.9300
634292,1.7000,0.9308
634792,1.7000,0.9340
635292,1.7000,0.9412
635792,1.7000,0.9396
636292,1.7000,0.9300
636792,1.7000,0.9324
637292,1.7000,0.9364
637792,1.7000,0.9324
638292,1.7000,0.9316
638792,1.7000,0.9396
639292,1.7000,0.9372
639792,1.7000,0.9404
640292,1.7000,0.9292
640792,1.7000,0.9372
641292,1.7000,0.9412
641792,1.7000,0.9364
642292,1.7000,0.9396
642792,1.7000,0.9332
643292,1.7000,0.9308
643792,1.7000,0.9388
644292,1.7000,0.9404
644792,1.7000,0.9388
645292,1.7000,0.9388
645792,1.7000,0.9308
646292,1.7000,0.9388
646792,1.7000,0.9203
647292,1.7000,0.9364
647792,1.7000,0.9388
648292,1.7000,0.9308
648792,1.7000,0.9517
649292,1.7000,0.9412
649792,1.7000,0.9340
650292,1.7000,0.9356
650792,1.7000,0.9412
651292,1.7000,0.9549
651792,1.7000,0.9364
652292,1.7000,0.9445
652792,1.7000,0.9549
653292,1.7000,0.9493
653792,1.7000,0.9445
654292,1.7000,0.9372
654792,1.7000,0.9316
655292,1.7000,0.9388
655792,1.7000,0.9421
656292,1.7000,0.9380
656792,1.7000,0.9332
657292,1.7000,0.9412
657792,1.7000,0.9396
658292,1.7000,0.9396
658792,1.7000,0.9412
659292,1.7000,0.9372
659792,1.7000,0.9574
660292,1.7000,0.9412
660792,1.7000,0.9404
661292,1.7000,0.9348
661792,1.7000,0.9421
662292,1.7000,0.9404
662792,1.7000,0.9404
663292,1.7000,0.9493
663792,1.7000,0.9469
664292,1.7000,0.9412
664792,1.7000,0.9412
665292,1.7000,0.9517
665792,1.7000,0.9412
666292,1.7000,0.9533
666792,1.7000,0.9662
667292,1.7000,0.9469
667792,1.7000,0.9501
668292,1.7000,0.9517
668792,1.7000,0.9412
669292,1.7000,0.9163
669792,1.7000,0.9388
670292,1.7000,0.9429
670792,1.7000,0.9429
671292,1.7000,0.9445
671792,1.7000,0.9412
672292,1.7000,0.9525
672792,1.7000,0.9292
673292,1.7000,0.9412
673792,1.7000,0.9356
674292,1.7000,0.9461
674792,1.7000,0.9525
675292,1.7000,0.9453
675792,1.7000,0.9421
676292,1.7000,0.9501
676792,1.7000,0.9469
677292,1.7000,0.9654
677792,1.7000,0.9815
678292,1.7000,0.9453
678792,1.7000,0.9461
679292,1.7000,0.9469
679792,1.7000,0.9461
680292,1.7000,0.9453
680792,1.7000,0.9662
681292,1.7000,0.9670
681792,1.7000,0.9469
682292,1.7000,0.9429
682792,1.7000,0.9388
683292,1.7000,0.9574
683792,1.7000,0.9308
684292,1.7000,0.9574
684792,1.7000,0.9493
685292,1.7000,0.9453
685792,1.7000,0.9493
686292,1.7000,0.9517
686792,1.7000,0.9533
687292,1.7000,0.9412
687792,1.7000,0.9485
688292,1.7000,0.9751
688792,1.7000,0.9437
689292,1.7000,0.9517
689792,1.7000,0.9453
690292,1.7000,0.9517
690792,1.7000,0.9566
691292,1.7000,0.9437
691792,1.7000,0.9412
692292,1.7000,0.9662
692792,1.7000,0.9590
693292,1.7000,0.9501
693792,1.7000,0.9638
694292,1.7000,0.9590
694792,1.7000,0.9541
695292,1.7000,0.9582
695792,1.7000,0.9517
696292,1.7000,0.9541
696792,1.7000,0.9566
697292,1.7000,0.9558
697792,1.7000,0.9654
698292,1.7000,0.9630
698792,1.7000,0.9751
699292,1.7000,0.9670
699792,1.7000,0.9517
700292,1.7000,0.9630
700792,1.7000,0.9574
701292,1.7000,0.9670
701792,1.7000,0.9558
702292,1.7000,0.9533
702792,1.7000,0.9541
703292,1.7000,0.9525
703792,1.7000,0.9582
704292,1.7000,0.9558
704792,1.7000,0.9541
705292,1.7000,0.9541
705792,1.7000,0.9590
706292,1.7000,0.9493
706792,1.7000,0.9549
707292,1.7000,0.9582
707792,1.7000,0.9558
708292,1.7000,0.9630
708792,1.7000,0.9541
709292,1.7000,0.9533
709792,1.7000,0.9654
710292,1.7000,0.9566
710792,1.7000,0.9622
711292,1.7000,0.9558
711792,1.7000,0.9622
712292,1.7000,0.9670
712792,1.7000,0.9549
713292,1.7000,0.9566
713792,1.7000,0.9686
714292,1.7000,0.9566
714792,1.7000,0.9574
715292,1.7000,0.9501
715792,1.7000,0.9662
716292,1.7000,0.9549
716792,1.7000,0.9533
717292,1.7000,0.9558
717792,1.7000,0.9670
718292,1.7000,0.9678
718792,1.7000,0.9703
719292,1.7000,0.9598
719792,1.7000,0.9549
720292,1.7000,0.9670
720792,1.7000,0.9646
721292,1.7000,0.9590
721792,1.7000,0.9654
722292,1.7000,0.9622
722792,1.7000,0.9662
723292,1.7000,0.9598
723792,1.7000,0.9662
724292,1.7000,0.9509
724792,1.7000,0.9654
725292,1.7000,0.9638
725792,1.7000,0.9670
726292,1.7000,0.9662
726792,1.7000,0.9638
727292,1.7000,0.9670
727792,1.7000,0.9767
728292,1.7000,0.9686
728792,1.7000,0.9598
729292,1.7000,0.9598
729792,1.7000,0.9654
730292,1.7000,0.9670
730792,1.7000,0.9703
731292,1.7000,0.9678
731792,1.7000,0.9670
732292,1.7000,0.9759
732792,1.7000,0.9670
733292,1.7000,0.9686
733792,1.7000,0.9646
734292,1.7000,0.9670
734792,1.7000,0.9727
735292,1.7000,0.9606
735792,1.7000,0.9670
736292,1.7000,0.9711
736792,1.7000,0.9646
737292,1.7000,0.9678
737792,1.7000,0.9670
738292,1.7000,0.9719
738792,1.7000,0.9670
739292,1.7000,0.9670
739792,1.7000,0.9670
740292,1.7000,0.9646
740792,1.7000,0.9686
741292,1.7000,0.9622
741792,1.7000,0.9582
742292,1.7000,0.9670
742792,1.7000,0.9670
743292,1.7000,0.9670
743792,1.7000,0.9686
744292,1.7000,0.9662
744792,1.7000,0.9686
745292,1.7000,0.9783
745792,1.7000,0.9670
746292,1.7000,0.9695
746792,1.7000,0.9791
747292,1.7000,0.9695
747792,1.7000,0.9888
748292,1.7000,0.9574
748792,1.7000,0.9686
749292,1.7000,0.9759
749792,1.7000,0.9678
750292,1.7000,0.9775
750792,1.7000,0.9711
751292,1.7000,0.9598
751792,1.7000,0.9662
752292,1.7000,0.9670
752792,1.7000,0.9614
753292,1.7000,0.9759
753792,1.7000,0.9711
754292,1.7000,0.9759
754792,1.7000,0.9711
755292,1.7000,0.9614
755792,1.7000,0.9743
756292,1.7000,0.9896
756792,1.7000,0.9678
757292,1.7000,0.9711
757792,1.7000,0.9743
758292,1.7000,0.9703
758792,1.7000,0.9662
759292,1.7000,0.9960
759792,1.7000,0.9695
760292,1.7000,0.9703
760792,1.7000,0.9791
761292,1.7000,0.9743
761792,1.7000,0.9751
762292,1.7000,0.9727
762792,1.7000,0.9727
763292,1.7000,0.9686
763792,1.7000,0.9711
764292,1.7000,0.9525
764792,1.7000,0.9751
765292,1.7000,0.9743
765792,1.7000,0.9775
766292,1.7000,0.9743
766792,1.7000,0.9582
767292,1.7000,0.9719
767792,1.7000,0.9727
768292,1.7000,0.9695
768792,1.7000,0.9727
769292,1.7000,0.9783
769792,1.7000,0.9759
770292,1.7000,0.9823
770792,1.7000,0.9751
771292,1.7000,0.9807
771792,1.7000,0.9791
772292,1.7000,0.9928
772792,1.7000,0.9759
773292,1.7000,0.9719
773792,1.7000,0.9759
774292,1.7000,0.9807
774792,1.7000,0.9791
775292,1.7000,0.9735
775792,1.7000,0.9783
776292,1.7000,0.9783
776792,1.7000,0.9799
777292,1.7000,0.9703
777792,1.7000,0.9791
778292,1.7000,0.9856
778792,1.7000,0.9759
779292,1.7000,0.9799
779792,1.7000,0.9727
780292,1.7000,0.9815
780792,1.7000,0.9848
781292,1.7000,0.9799
781792,1.7000,0.9791
782292,1.7000,0.9759
782792,1.7000,0.9743
783292,1.7000,0.9815
783792,1.7000,0.9791
784292,1.7000,0.9823
784792,1.7000,0.9630
785292,1.7000,0.9920
785792,1.7000,0.9783
786292,1.7000,0.9832
786792,1.7000,0.9856
787292,1.7000,0.9864
787792,1.7000,1.0065
788292,1.7000,0.9783
788792,1.7000,0.9856
789292,1.7000,0.9832
789792,1.7000,0.9823
790292,1.7000,0.9807
790792,1.7000,0.9823
791292,1.7000,0.9928
791792,1.7000,0.9880
792292,1.7000,0.9928
792792,1.7000,0.9815
793292,1.7000,0.9832
793792,1.7000,0.9840
794292,1.7000,0.9888
794792,1.7000,0.9888
795292,1.7000,0.9791
795792,1.7000,0.9735
796292,1.7000,0.9815
796792,1.7000,0.9856
797292,1.7000,0.9783
797792,1.7000,0.9807
798292,1.7000,0.9775
798792,1.7000,0.9832
799292,1.7000,0.9823
799792,1.7000,0.9840
800292,1.7000,0.9880
800792,1.7000,0.9864
801292,1.7000,0.9856
801792,1.7000,0.9872
802292,1.7000,0.9823
802792,1.7000,0.9880
803292,1.7000,0.9872
803792,1.7000,0.9848
804292,1.7000,0.9904
804792,1.7000,0.9920
805292,1.7000,0.9880
805792,1.7000,0.9960
806292,1.7000,0.9856
806792,1.7000,0.9944
807292,1.7000,1.0017
807792,1.7000,0.9840
808292,1.7000,0.9807
808792,1.7000,0.9815
809292,1.7000,0.9928
809792,1.7000,0.9856
810292,1.7000,0.9968
810792,1.7000,0.9840
811292,1.7000,0.9880
811792,1.7000,0.9888
812292,1.7000,0.9775
812792,1.7000,0.9912
813292,1.7000,0.9783
813792,1.7000,0.9928
814292,1.7000,0.9743
814792,1.7000,0.9904
815292,1.7000,0.9848
815792,1.7000,0.9880
816292,1.7000,1.0001
816792,1.7000,0.9952
817292,1.7000,1.0009
817792,1.7000,0.9944
818292,1.7000,0.9944
818792,1.7000,0.9864
819292,1.7000,0.9928
819792,1.7000,0.9920
820292,1.7000,0.9880
820792,1.7000,0.9936
821292,1.7000,0.9977
821792,1.7000,0.9848
822292,1.7000,0.9888
822792,1.7000,0.9832
823292,1.7000,0.9928
823792,1.7000,0.9823
824292,1.7000,1.0049
824792,1.7000,0.9888
825292,1.7000,0.9928
825792,1.7000,0.9880
826292,1.7000,0.9928
826792,1.7000,0.9944
827292,1.7000,0.9856
827792,1.7000,1.0178
828292,1.7000,1.0009
828792,1.7000,0.9928
829292,1.7000,0.9928
829792,1.7000,0.9888
830292,1.7000,0.9944
830792,1.7000,0.9840
831292,1.7000,0.9952
831792,1.7000,0.9920
832292,1.7000,0.9960
832792,1.7000,0.9936
833292,1.7000,1.0017
833792,1.7000,0.9880
834292,1.7000,1.0081
834792,1.7000,0.9928
835292,1.7000,0.9920
835792,1.7000,0.9985
836292,1.7000,0.9928
836792,1.7000,0.9928
837292,1.7000,0.9977
837792,1.7000,0.9968
838292,1.7000,0.9960
838792,1.7000,0.9928
839292,1.7000,1.0049
839792,1.7000,0.9928
840292,1.7000,0.9944
840792,1.7000,0.9928
841292,1.7000,1.0057
841792,1.7000,0.9856
842292,1.7000,1.0041
842792,1.7000,1.0049
843292,1.7000,1.0049
843792,1.7000,0.9960
844292,1.7000,0.9952
844792,1.7000,0.9928
845292,1.7000,0.9952
845792,1.7000,0.9952
846292,1.7000,1.0114
846792,1.7000,0.9936
847292,1.7000,0.9928
847792,1.7000,1.0049
848292,1.7000,0.9985
848792,1.7000,0.9928
849292,1.7000,0.9952
849792,1.7000,1.0186
850292,1.7000,1.0049
850792,1.7000,0.9928
851292,1.7000,0.9928
851792,1.7000,0.9968
852292,1.7000,0.9952
852792,1.7000,1.0001
853292,1.7000,0.9977
853792,1.7000,1.0202
854292,1.7000,0.9952
854792,1.7000,1.0049
855292,1.7000,0.9928
855792,1.7000,1.0017
856292,1.7000,0.9928
856792,1.7000,1.0057
857292,1.7000,1.0081
857792,1.7000,0.9977
858292,1.7000,1.0049
858792,1.7000,0.9977
859292,1.7000,1.0017
859792,1.7000,0.9952
860292,1.7000,1.0089
860792,1.7000,1.0162
861292,1.7000,1.0081
861792,1.7000,1.0001
862292,1.7000,0.9985
862792,1.7000,1.0065
863292,1.7000,1.0081
863792,1.7000,1.0065
864292,1.7000,1.0033
864792,1.7000,1.0049
865292,1.7000,1.0057
865792,1.7000,1.0073
866292,1.7000,1.0307
866792,1.7000,1.0001
867292,1.7000,0.9985
867792,1.7000,1.0105
868292,1.7000,1.0057
868792,1.7000,1.0049
869292,1.7000,1.0001
869792,1.7000,0.9928
870292,1.7000,1.0073
870792,1.7000,1.0057
871292,1.7000,1.0105
871792,1.7000,1.0186
872292,1.7000,1.0073
872792,1.7000,1.0049
873292,1.7000,1.0105
873792,1.7000,0.9711
874292,1.7000,1.0097
874792,1.7000,1.0194
875292,1.7000,1.0186
875792,1.7000,1.0017
876292,1.7000,1.0170
876792,1.7000,1.0105
877292,1.7000,1.0089
877792,1.7000,1.0105
878292,1.7000,1.0041
878792,1.7000,1.0073
879292,1.7000,1.0073
879792,1.7000,1.0025
880292,1.7000,0.9985
880792,1.7000,1.0001
881292,1.7000,1.0001
881792,1.7000,1.0033
882292,1.7000,1.0081
882792,1.7000,1.0081
883292,1.7000,1.0073
883792,1.7000,1.0259
884292,1.7000,1.0017
884792,1.7000,1.0081
885292,1.7000,1.0009
885792,1.7000,1.0057
886292,1.7000,1.0114
886792,1.7000,0.9985
887292,1.7000,1.0275
887792,1.7000,1.0105
888292,1.7000,1.0033
888792,1.7000,1.0073
889292,1.7000,1.0057
889792,1.7000,1.0033
890292,1.7000,1.0146
890792,1.7000,1.0275
891292,1.7000,1.0049
891792,1.7000,1.0114
892292,1.7000,1.0178
892792,1.7000,1.0081
893292,1.7000,1.0178
893792,1.7000,1.0202
894292,1.7000,1.0186
894792,1.7000,1.0138
895292,1.7000,1.0114
895792,1.7000,1.0073
896292,1.7000,1.0073
896792,1.7000,1.0017
897292,1.7000,1.0331
897792,1.7000,1.0138
898292,1.7000,1.0146
898792,1.7000,1.0138
899292,1.7000,1.0114
899792,1.7000,1.0146
900292,1.7000,1.0146
900792,1.7000,1.0202
901292,1.7000,1.0065
901792,1.7000,1.0114
902292,1.7000,1.0146
902792,1.7000,1.0089
903292,1.7000,1.0049
903792,1.7000,1.0097
904292,1.7000,1.0057
904792,1.7000,1.0105
905292,1.7000,1.0178
905792,1.7000,1.0097
906292,1.7000,1.0130
906792,1.7000,1.0347
907292,1.7000,1.0186
907792,1.7000,1.0114
908292,1.7000,1.0315
908792,1.7000,1.0033
909292,1.7000,1.0186
909792,1.7000,1.0210
910292,1.7000,1.0097
910792,1.7000,1.0130
911292,1.7000,1.0452
911792,1.7000,1.0154
912292,1.7000,1.0202
912792,1.7000,1.0251
913292,1.7000,1.0307
913792,1.7000,1.0146
914292,1.7000,1.0162
914792,1.7000,1.0065
915292,1.7000,1.0146
915792,1.7000,1.0162
916292,1.7000,1.0089
916792,1.7000,1.0194
917292,1.7000,1.0186
917792,1.7000,1.0178
918292,1.7000,1.0154
918792,1.7000,1.0186
919292,1.7000,1.0138
919792,1.7000,1.0605
920292,1.7000,1.0170
920792,1.7000,1.0202
921292,1.7000,1.0194
921792,1.7000,1.0178
922292,1.7000,1.0146
922792,1.7000,1.0226
923292,1.7000,1.0146
923792,1.7000,1.0114
924292,1.7000,1.0033
924792,1.7000,1.0194
925292,1.7000,1.0186
925792,1.7000,1.0444
926292,1.7000,1.0186
926792,1.7000,1.0194
927292,1.7000,1.0234
927792,1.7000,1.0202
928292,1.7000,1.0194
928792,1.7000,1.0170
929292,1.7000,1.0218
929792,1.7000,1.0017
930292,1.7000,1.0186
930792,1.7000,1.0291
931292,1.7000,1.0146
931792,1.7000,1.0371
932292,1.7000,1.0283
932792,1.7000,1.0186
933292,1.7000,1.0202
933792,1.7000,1.0234
934292,1.7000,1.0226
934792,1.7000,1.0186
935292,1.7000,1.0331
935792,1.7000,1.0242
936292,1.7000,1.0130
936792,1.7000,1.0186
937292,1.7000,1.0226
937792,1.7000,1.0202
938292,1.7000,1.0242
938792,1.7000,1.0396
939292,1.7000,1.0259
939792,1.7000,1.0186
940292,1.7000,1.0138
940792,1.7000,1.0194
941292,1.7000,1.0186
941792,1.7000,1.0186
942292,1.7000,1.0194
942792,1.7000,1.0291
943292,1.7000,1.0275
943792,1.7000,1.0259
944292,1.7000,1.0202
944792,1.7000,1.0009
945292,1.7000,1.0242
945792,1.7000,1.0259
946292,1.7000,1.0315
946792,1.7000,1.0202
947292,1.7000,1.0259
947792,1.7000,1.0516
948292,1.7000,1.0186
948792,1.7000,1.0323
949292,1.7000,1.0226
949792,1.7000,1.0210
950292,1.7000,1.0307
950792,1.7000,1.0210
951292,1.7000,1.0259
951792,1.7000,1.0267
952292,1.7000,1.0363
952792,1.7000,1.0210
953292,1.7000,1.0234
953792,1.7000,1.0186
954292,1.7000,1.0323
954792,1.7000,1.0323
955292,1.7000,1.0097
955792,1.7000,1.0508
956292,1.7000,1.0202
956792,1.7000,1.0194
957292,1.7000,1.0210
957792,1.7000,1.0226
958292,1.7000,1.0226
958792,1.7000,1.0234
959292,1.7000,1.0210
959792,1.7000,1.0315
960292,1.7000,1.0339
960792,1.7000,1.0460
961292,1.7000,1.0452
961792,1.7000,1.0347
962292,1.7000,1.0339
962792,1.7000,1.0275
963292,1.7000,1.0339
963792,1.7000,1.0259
964292,1.7000,1.0484
964792,1.7000,1.0315
965292,1.7000,1.0291
965792,1.7000,1.0379
966292,1.7000,1.0444
966792,1.7000,1.0355
967292,1.7000,1.0436
967792,1.7000,1.0259
968292,1.7000,1.0275
968792,1.7000,1.0299
969292,1.7000,1.0347
969792,1.7000,1.0315
970292,1.7000,1.0428
970792,1.7000,1.0291
971292,1.7000,1.0315
971792,1.7000,1.0226
972292,1.7000,1.0307
972792,1.7000,1.0267
973292,1.7000,1.0275
973792,1.7000,1.0291
974292,1.7000,1.0347
974792,1.7000,1.0259
975292,1.7000,1.0339
975792,1.7000,1.0315
976292,1.7000,1.0234
976792,1.7000,1.0218
977292,1.7000,1.0299
977792,1.7000,1.0299
978292,1.7000,1.0347
978792,1.7000,1.0234
979292,1.7000,1.0307
979792,1.7000,1.0323
980292,1.7000,1.0363
980792,1.7000,1.0412
981292,1.7000,1.0299
981792,1.7000,1.0323
982292,1.7000,1.0315
982792,1.7000,1.0347
983292,1.7000,1.0218
983792,1.7000,1.0363
984292,1.7000,1.0307
984792,1.7000,1.0315
985292,1.7000,1.0291
985792,1.7000,1.0355
986292,1.7000,1.0444
986792,1.7000,1.0347
987292,1.7000,1.0226
987792,1.7000,1.0379
988292,1.7000,1.0444
988792,1.7000,1.0355
989292,1.7000,1.0444
989792,1.7000,1.0396
990292,1.7000,1.0339
990792,1.7000,1.0444
991292,1.7000,1.0315
991792,1.7000,1.0323
992292,1.7000,1.0331
992792,1.7000,1.0396
993292,1.7000,1.0315
993792,1.7000,1.0444
994292,1.7000,1.0396
994792,1.7000,1.0363
995292,1.7000,1.0500
995792,1.7000,1.0347
996292,1.7000,1.0388
996792,1.7000,1.0355
997292,1.7000,1.0428
997792,1.7000,1.0404
998292,1.7000,1.0355
998792,1.7000,1.0331
999292,1.7000,1.0388
999792,1.7000,1.0363
1000292,1.7000,1.0404
1000792,1.7000,1.0371
1001292,1.7000,1.0420
1001792,1.7000,1.0516
1002292,1.7000,1.0251
1002792,1.7000,1.0379
1003292,1.7000,1.0412
1003792,1.7000,1.0355
1004292,1.7000,1.0371
1004792,1.7000,1.0484
1005292,1.7000,1.0420
1005792,1.7000,1.0371
1006292,1.7000,1.0420
1006792,1.7000,1.0331
1007292,1.7000,1.0323
1007792,1.7000,1.0347
1008292,1.7000,1.0396
1008792,1.7000,1.0388
1009292,1.7000,1.0436
1009792,1.7000,1.0420
1010292,1.7000,1.0404
1010792,1.7000,1.0428
1011292,1.7000,1.0428
1011792,1.7000,1.0404
1012292,1.7000,1.0436
1012792,1.7000,1.0242
1013292,1.7000,1.0371
1013792,1.7000,1.0444
1014292,1.7000,1.0371
1014792,1.7000,1.0436
1015292,1.7000,1.0315
1015792,1.7000,1.0396
1016292,1.7000,1.0428
1016792,1.7000,1.0420
1017292,1.7000,1.0323
1017792,1.7000,1.0404
1018292,1.7000,1.0420
1018792,1.7000,1.0404
1019292,1.7000,1.0484
1019792,1.7000,1.0388
1020292,1.7000,1.0573
1020792,1.7000,1.0452
1021292,1.7000,1.0444
1021792,1.7000,1.0363
1022292,1.7000,1.0436
1022792,1.7000,1.0444
1023292,1.7000,1.0444
1023792,1.7000,1.0460
1024292,1.7000,1.0444
1024792,1.7000,1.0444
1025292,1.7000,1.0444
1025792,1.7000,1.0492
1026292,1.7000,1.0371
1026792,1.7000,1.0420
1027292,1.7000,1.0508
1027792,1.7000,1.0533
1028292,1.7000,1.0412
1028792,1.7000,1.0452
1029292,1.7000,1.0460
1029792,1.7000,1.0404
1030292,1.7000,1.0468
1030792,1.7000,1.0444
1031292,1.7000,1.0460
1031792,1.7000,1.0484
1032292,1.7000,1.0428
1032792,1.7000,1.0444
1033292,1.7000,1.0492
1033792,1.7000,1.0533
1034292,1.7000,1.0597
1034792,1.7000,1.0460
1035292,1.7000,1.0452
1035792,1.7000,1.0444
1036292,1.7000,1.0468
1036792,1.7000,1.0186
1037292,1.7000,1.0613
1037792,1.7000,1.0315
1038292,1.7000,1.0686
1038792,1.7000,1.0476
1039292,1.7000,1.0476
1039792,1.7000,1.0500
1040292,1.7000,1.0581
1040792,1.7000,1.0460
1041292,1.7000,1.0299
1041792,1.7000,1.0533
1042292,1.7000,1.0557
1042792,1.7000,1.0444
1043292,1.7000,1.0460
1043792,1.7000,1.0460
1044292,1.7000,1.0460
1044792,1.7000,1.0492
1045292,1.7000,1.0476
1045792,1.7000,1.0444
1046292,1.7000,1.0500
1046792,1.7000,1.0516
1047292,1.7000,1.0371
1047792,1.7000,1.0468
1048292,1.7000,1.0525
1048792,1.7000,1.0533
1049292,1.7000,1.0452
1049792,1.7000,1.0444
1050292,1.7000,1.0428
1050792,1.7000,1.0468
1051292,1.7000,1.0516
1051792,1.7000,1.0444
1052292,1.7000,1.0533
1052792,1.7000,1.0444
1053292,1.7000,1.0750
1053792,1.7000,1.0549
1054292,1.7000,1.0275
1054792,1.7000,1.0452
1055292,1.7000,1.0436
1055792,1.7000,1.0492
1056292,1.7000,1.0460
1056792,1.7000,1.0420
1057292,1.7000,1.0444
1057792,1.7000,1.0476
1058292,1.7000,1.0444
1058792,1.7000,1.0476
1059292,1.7000,1.0525
1059792,1.7000,1.0726
1060292,1.7000,1.0605
1060792,1.7000,1.0484
1061292,1.7000,1.0468
1061792,1.7000,1.0533
1062292,1.7000,1.0557
1062792,1.7000,1.0581
1063292,1.7000,1.0581
1063792,1.7000,1.0468
1064292,1.7000,1.0460
1064792,1.7000,1.0428
1065292,1.7000,1.0565
1065792,1.7000,1.0718
1066292,1.7000,1.0718
1066792,1.7000,1.0565
1067292,1.7000,1.0597
1067792,1.7000,1.0533
1068292,1.7000,1.0557
1068792,1.7000,1.0371
1069292,1.7000,1.0565
1069792,1.7000,1.0597
1070292,1.7000,1.0476
1070792,1.7000,1.0492
1071292,1.7000,1.0452
1071792,1.7000,1.0557
1072292,1.7000,1.0533
1072792,1.7000,1.0533
1073292,1.7000,1.0976
1073792,1.7000,1.0557
1074292,1.7000,1.0468
1074792,1.7000,1.0581
1075292,1.7000,1.0605
1075792,1.7000,1.0629
1076292,1.7000,1.0702
1076792,1.7000,1.0436
1077292,1.7000,1.0476
1078254,1.7000,1.0444
1078754,1.7000,1.0557
1079254,1.7000,1.0452
1079754,1.7000,1.0565
1080254,1.7000,1.0533
1080754,1.7000,1.0613
1081254,1.7000,1.0549
1081754,1.7000,1.0597
1147163,1.7000,1.0565
1147663,1.7000,1.0831
1148163,1.7000,1.0734
1148663,1.7000,1.0702
1149163,1.7000,1.0702
1149663,1.7000,1.0726
1150163,1.7000,1.0718
1150663,1.7000,1.0750
1151163,1.7000,1.0750
1151663,1.7000,1.0702
1152163,1.7000,1.0670
1152663,1.7000,1.0678
1153163,1.7000,1.0613
1153663,1.7000,1.0823
1154163,1.7000,1.0718
1154663,1.7000,1.0750
1155163,1.7000,1.0702
1155663,1.7000,1.0694
1156163,1.7000,1.0702
1156663,1.7000,1.0549
1157163,1.7000,1.0726
1157663,1.7000,1.0702
1158163,1.7000,1.0702
1158663,1.7000,1.0629
1159163,1.7000,1.0823
1159663,1.7000,1.0702
1160163,1.7000,1.0758
1160663,1.7000,1.0839
1161163,1.7000,1.0710
1162380,1.7000,1.0758
1162880,1.7000,1.0702
1163380,1.7000,1.0702
1163880,1.7000,1.0702
1164380,1.7000,1.0758
1164880,1.7000,1.0702
1165380,1.7000,1.0662
1165880,1.7000,1.0734
1166380,1.7000,1.0750
1166880,1.7000,1.0670
1167380,1.7000,1.0758
1167880,1.7000,1.0758
1168380,1.7000,1.0774
1168880,1.7000,1.0758
1169380,1.7000,1.0782
1169880,1.7000,1.0710
1170380,1.7000,1.0678
1170880,1.7000,1.0782
1171380,1.7000,1.0750
1171880,1.7000,1.0734
1172380,1.7000,1.0702
1172880,1.7000,1.0702
1173380,1.7000,1.0581
1173880,1.7000,1.0758
1174380,1.7000,1.0774
1174880,1.7000,1.0702
1175380,1.7000,1.0742
1175880,1.7000,1.0807
1176380,1.7000,1.0758
1176880,1.7000,1.0758
1177380,1.7000,1.0911
1177880,1.7000,1.0807
1178380,1.7000,1.0686
1178880,1.7000,1.0782
1179380,1.7000,1.0678
1179880,1.7000,1.0774
1180380,1.7000,1.0871
1180880,1.7000,1.0774
1181380,1.7000,1.0726
1181880,1.7000,1.0742
1182380,1.7000,1.0831
1182880,1.7000,1.0758
1183380,1.7000,1.0790
1183880,1.7000,1.0815
1184380,1.7000,1.0799
1184880,1.7000,1.0726
1185380,1.7000,1.0702
1185880,1.7000,1.0750
1186380,1.7000,1.0807
1186880,1.7000,1.0734
1187380,1.7000,1.0774
1187880,1.7000,1.0726
1188380,1.7000,1.0750
1188880,1.7000,1.0629
1189380,1.7000,1.0790
1189880,1.7000,1.0758
1190380,1.7000,1.0903
1190880,1.7000,1.0831
1191380,1.7000,1.0710
1191880,1.7000,1.0831
1192380,1.7000,1.0758
1192880,1.7000,1.0758
1193380,1.7000,1.0944
1193880,1.7000,1.0742
1194380,1.7000,1.0911
1194880,1.7000,1.0887
1195380,1.7000,1.0734
1195880,1.7000,1.0807
1196380,1.7000,1.0758
1196880,1.7000,1.0831
1197380,1.7000,1.0871
1197880,1.7000,1.0702
1198380,1.7000,1.0823
1198880,1.7000,1.0903
1199380,1.7000,1.0790
1199880,1.7000,1.0831
1200380,1.7000,1.0936
1200880,1.7000,1.0847
1201380,1.7000,1.0855
1201880,1.7000,1.0823
1202380,1.7000,1.0799
1202880,1.7000,1.0847
1203380,1.7000,1.0960
1203880,1.7000,1.0758
1204380,1.7000,1.0927
1204880,1.7000,1.0807
1205380,1.7000,1.0831
1205880,1.7000,1.0823
1206380,1.7000,1.0750
1206880,1.7000,1.0831
1207380,1.7000,1.0936
1207880,1.7000,1.1274
1208380,1.7000,1.0879
1208880,1.7000,1.0855
1209380,1.7000,1.0831
1209880,1.7000,1.0855
1210380,1.7000,1.0742
1210880,1.7000,1.0831
1211380,1.7000,1.0815
1211880,1.7000,1.0815
1212380,1.7000,1.0742
1212880,1.7000,1.0718
1213380,1.7000,1.0976
1213880,1.7000,1.0976
1214380,1.7000,1.0960
1214880,1.7000,1.0831
1215380,1.7000,1.0863
1215880,1.7000,1.0911
1216380,1.7000,1.0694
1216880,1.7000,1.1145
1217380,1.7000,1.0863
1217880,1.7000,1.0879
1218380,1.7000,1.0831
1218880,1.7000,1.0863
1219380,1.7000,1.0839
1219880,1.7000,1.0823
1220380,1.7000,1.1089
1220880,1.7000,1.0815
1221380,1.7000,1.0750
1221880,1.7000,1.0790
1222380,1.7000,1.0831
1222880,1.7000,1.0895
1223380,1.7000,1.0871
1223880,1.7000,1.1016
1224380,1.7000,1.0863
1224880,1.7000,1.0815
1225380,1.7000,1.0879
1225880,1.7000,1.0839
1226380,1.7000,1.0887
1226880,1.7000,1.0831
1227380,1.7000,1.0879
1227880,1.7000,1.0855
1228380,1.7000,1.0847
1228880,1.7000,1.0887
1229380,1.7000,1.0903
1229880,1.7000,1.0871
1230380,1.7000,1.0919
1230880,1.7000,1.0936
1231380,1.7000,1.0887
1231880,1.7000,1.0807
1232380,1.7000,1.0879
1232880,1.7000,1.0807
1233380,1.7000,1.0790
1233880,1.7000,1.0718
1234380,1.7000,1.0903
1234880,1.7000,1.0815
1235380,1.7000,1.0734
1235880,1.7000,1.0936
1236380,1.7000,1.0871
1236880,1.7000,1.0831
1237380,1.7000,1.0839
1237880,1.7000,1.0887
1238380,1.7000,1.0992
1238880,1.7000,1.0839
1239380,1.7000,1.0871
1239880,1.7000,1.0839
1240380,1.7000,1.0911
1240880,1.7000,1.0952
1241380,1.7000,1.0903
1241880,1.7000,1.0944
1242380,1.7000,1.0887
1242880,1.7000,1.0871
1243380,1.7000,1.0903
1243880,1.7000,1.0887
1244380,1.7000,1.0887
1244880,1.7000,1.0879
1245380,1.7000,1.1032
1245880,1.7000,1.0911
1246380,1.7000,1.0871
1246880,1.7000,1.0863
1247380,1.7000,1.0960
1247880,1.7000,1.0734
1248380,1.7000,1.0952
1248880,1.7000,1.0960
1249380,1.7000,1.0750
1249880,1.7000,1.0919
1250380,1.7000,1.0871
1250880,1.7000,1.1000
1251380,1.7000,1.0919
1251880,1.7000,1.0847
1252380,1.7000,1.0911
1252880,1.7000,1.0952
1253380,1.7000,1.0927
1253880,1.7000,1.0960
1254380,1.7000,1.0960
1254880,1.7000,1.0903
1255380,1.7000,1.0871
1255880,1.7000,1.0960
1256380,1.7000,1.1137
1256880,1.7000,1.1032
1257380,1.7000,1.0936
1257880,1.7000,1.1064
1258380,1.7000,1.0799
1258880,1.7000,1.0960
1259380,1.7000,1.0839
1259880,1.7000,1.0799
1260380,1.7000,1.0911
1260880,1.7000,1.1032
1261380,1.7000,1.1000
1261880,1.7000,1.0952
1262380,1.7000,1.0944
1262880,1.7000,1.0968
1263380,1.7000,1.1000
1263880,1.7000,1.0960
1264380,1.7000,1.0887
1264880,1.7000,1.0960
1265380,1.7000,1.0887
1265880,1.7000,1.0960
1266380,1.7000,1.0919
1266880,1.7000,1.1016
1267380,1.7000,1.0984
1267880,1.7000,1.0960
1268380,1.7000,1.0952
1268880,1.7000,1.0960
1269380,1.7000,1.0887
1269880,1.7000,1.0984
1270380,1.7000,1.0927
1270880,1.7000,1.1105
1271380,1.7000,1.0927
1271880,1.7000,1.0952
1272380,1.7000,1.0952
1272880,1.7000,1.0903
1273380,1.7000,1.0960
1273880,1.7000,1.1113
1274380,1.7000,1.0911
1274880,1.7000,1.0952
1275380,1.7000,1.0895
1275880,1.7000,1.1048
1276380,1.7000,1.0960
1276880,1.7000,1.0960
1277380,1.7000,1.0936
1277880,1.7000,1.1008
1278380,1.7000,1.0960
1278880,1.7000,1.0960
1279380,1.7000,1.0936
1279880,1.7000,1.0936
1280380,1.7000,1.0960
1280880,1.7000,1.0960
1281380,1.7000,1.1113
1281880,1.7000,1.0887
1282380,1.7000,1.0984
1282880,1.7000,1.0960
1283380,1.7000,1.0960
1283880,1.7000,1.0960
1284380,1.7000,1.0936
1284880,1.7000,1.0799
1285380,1.7000,1.0968
1285880,1.7000,1.0968
1286380,1.7000,1.1000
1286880,1.7000,1.0960
1287380,1.7000,1.0992
1287880,1.7000,1.1016
1288380,1.7000,1.0847
1288880,1.7000,1.1008
1289380,1.7000,1.0952
1289880,1.7000,1.0960
1290380,1.7000,1.0944
1290880,1.7000,1.1000
1291380,1.7000,1.0992
1291880,1.7000,1.1000
1292380,1.7000,1.1048
1292880,1.7000,1.0968
1293380,1.7000,1.1000
1293880,1.7000,1.0976
1294380,1.7000,1.1000
1294880,1.7000,1.0976
1295380,1.7000,1.1040
1295880,1.7000,1.1129
1296380,1.7000,1.0992
1296880,1.7000,1.0960
1297380,1.7000,1.0960
1297880,1.7000,1.1016
1298380,1.7000,1.0847
1298880,1.7000,1.0903
1299380,1.7000,1.1145
1299880,1.7000,1.0936
1300380,1.7000,1.0984
1300880,1.7000,1.0960
1301380,1.7000,1.0944
1301880,1.7000,1.1000
1302380,1.7000,1.0919
1302880,1.7000,1.0960
1303380,1.7000,1.1089
1303880,1.7000,1.0976
1304380,1.7000,1.1008
1304880,1.7000,1.0976
1305380,1.7000,1.0992
1305880,1.7000,1.1040
1306380,1.7000,1.0960
1306880,1.7000,1.1008
1307380,1.7000,1.0984
1307880,1.7000,1.1008
1308380,1.7000,1.0960
1308880,1.7000,1.1048
1309380,1.7000,1.0992
1309880,1.7000,1.1032
1310380,1.7000,1.1218
1310880,1.7000,1.1048
1311380,1.7000,1.1040
1311880,1.7000,1.1064
1312380,1.7000,1.1008
1312880,1.7000,1.0976
1313380,1.7000,1.1073
1313880,1.7000,1.1145
1314380,1.7000,1.1032
1314880,1.7000,1.1016
1315380,1.7000,1.0960
1315880,1.7000,1.1105
1316380,1.7000,1.1089
1316880,1.7000,1.0976
1317380,1.7000,1.0879
1317880,1.7000,1.1177
1318380,1.7000,1.1024
1318880,1.7000,1.1008
1319380,1.7000,1.0968
1319880,1.7000,1.1064
1320380,1.7000,1.0960
1320880,1.7000,1.1218
1321380,1.7000,1.0984
1321880,1.7000,1.1089
1322380,1.7000,1.1040
1322880,1.7000,1.0992
1323380,1.7000,1.1064
1323880,1.7000,1.1064
1324380,1.7000,1.0984
1324880,1.7000,1.1097
1325380,1.7000,1.1097
1325880,1.7000,1.0968
1326380,1.7000,1.1064
1326880,1.7000,1.1000
1327380,1.7000,1.1097
1327880,1.7000,1.1073
1328380,1.7000,1.1016
1328880,1.7000,1.1097
1329380,1.7000,1.1073
1329880,1.7000,1.1073
1330380,1.7000,1.1000
1330880,1.7000,1.0807
1331380,1.7000,1.1097
1331880,1.7000,1.0960
1332380,1.7000,1.1056
1332880,1.7000,1.1218
1333380,1.7000,1.1105
1333880,1.7000,1.1105
1334380,1.7000,1.1105
1334880,1.7000,1.1081
1335380,1.7000,1.1161
1335880,1.7000,1.1040
1336380,1.7000,1.1145
1336880,1.7000,1.1040
1337380,1.7000,1.1064
1337880,1.7000,1.1081
1338380,1.7000,1.0960
1338880,1.7000,1.1137
1339380,1.7000,1.1089
1339880,1.7000,1.1081
1340380,1.7000,1.1089
1340880,1.7000,1.1048
1341380,1.7000,1.1064
1341880,1.7000,1.1121
1342380,1.7000,1.1201
1342880,1.7000,1.1097
1343380,1.7000,1.1137
1343880,1.7000,1.1137
1344380,1.7000,1.1040
1344880,1.7000,1.1089
1345380,1.7000,1.1347
1345880,1.7000,1.0936
1346380,1.7000,1.1081
1346880,1.7000,1.1048
1347380,1.7000,1.1097
1347880,1.7000,1.1145
1348380,1.7000,1.1097
1348880,1.7000,1.1218
1349380,1.7000,1.1097
1349880,1.7000,1.0960
1350380,1.7000,1.1016
1350880,1.7000,1.1177
1351380,1.7000,1.1113
1351880,1.7000,1.0919
1352380,1.7000,1.0936
1352880,1.7000,1.1201
1353380,1.7000,1.1089
1353880,1.7000,1.1016
1354380,1.7000,1.1475
1354880,1.7000,1.0976
1355380,1.7000,1.1048
1355880,1.7000,1.1201
1356380,1.7000,1.1169
1356880,1.7000,1.1129
1357380,1.7000,1.1081
1357880,1.7000,1.1129
1358380,1.7000,1.1016
1358880,1.7000,1.1161
1359380,1.7000,1.1218
1359880,1.7000,1.1073
1360380,1.7000,1.1097
1360880,1.7000,1.1129
1361380,1.7000,1.1169
1361880,1.7000,1.1105
1362380,1.7000,1.1113
1362880,1.7000,1.1129
1363380,1.7000,1.1137
1363880,1.7000,1.1121
1364380,1.7000,1.1113
1364880,1.7000,1.1089
1365380,1.7000,1.1105
1365880,1.7000,1.1218
1366380,1.7000,1.1105
1366880,1.7000,1.1081
1367380,1.7000,1.1145
1367880,1.7000,1.1121
1368380,1.7000,1.1089
1368880,1.7000,1.1081
1369380,1.7000,1.1169
1369880,1.7000,1.1081
1370380,1.7000,1.1129
1370880,1.7000,1.1089
1371380,1.7000,1.0960
1371880,1.7000,1.1137
1372380,1.7000,1.1169
1372880,1.7000,1.1097
1373380,1.7000,1.1129
1373880,1.7000,1.1048
1374380,1.7000,1.1169
1374880,1.7000,1.0944
1375380,1.7000,1.1218
1375880,1.7000,1.1177
1376380,1.7000,1.1226
1376880,1.7000,1.1169
1377380,1.7000,1.1137
1377880,1.7000,1.1218
1378380,1.7000,1.1177
1378880,1.7000,1.1169
1379380,1.7000,1.1137
1379880,1.7000,1.1105
1380380,1.7000,1.1137
1380880,1.7000,1.1177
1381380,1.7000,1.1048
1381880,1.7000,1.1145
1382380,1.7000,1.1161
1382880,1.7000,1.1193
1383380,1.7000,1.1105
1383880,1.7000,1.1193
1384380,1.7000,1.1177
1384880,1.7000,1.1218
1385380,1.7000,1.1210
1385880,1.7000,1.1218
1386380,1.7000,1.1161
1386880,1.7000,1.1016
1387380,1.7000,1.1121
1387880,1.7000,1.1097
1388380,1.7000,1.1210
1388880,1.7000,1.1081
1389380,1.7000,1.1218
1389880,1.7000,1.1282
1390380,1.7000,1.1113
1390880,1.7000,1.1145
1391380,1.7000,1.1121
1391880,1.7000,1.1161
1392380,1.7000,1.1218
1392880,1.7000,1.1218
1393380,1.7000,1.1145
1393880,1.7000,1.1097
1394380,1.7000,1.1161
1394880,1.7000,1.1218
1395380,1.7000,1.1097
1395880,1.7000,1.1500
1396380,1.7000,1.1210
1396880,1.7000,1.1451
1397380,1.7000,1.1169
1397880,1.7000,1.1234
1398380,1.7000,1.1137
1398880,1.7000,1.1113
1399380,1.7000,1.1201
1399880,1.7000,1.1177
1400380,1.7000,1.1185
1400880,1.7000,1.1137
1401380,1.7000,1.1177
1401880,1.7000,1.1129
1402380,1.7000,1.1137
1402880,1.7000,1.1105
1403380,1.7000,1.1137
1403880,1.7000,1.1210
1404380,1.7000,1.1193
1404880,1.7000,1.1145
1405380,1.7000,1.1218
1405880,1.7000,1.1201
1406380,1.7000,1.1177
1406880,1.7000,1.1258
1407380,1.7000,1.1218
1407880,1.7000,1.1201
1408380,1.7000,1.1234
1408880,1.7000,1.1403
1409380,1.7000,1.1177
1409880,1.7000,1.1201
1410380,1.7000,1.1129
1410880,1.7000,1.1177
1411380,1.7000,1.1403
1411880,1.7000,1.1081
1412380,1.7000,1.1266
1412880,1.7000,1.1218
1413380,1.7000,1.1274
1413880,1.7000,1.1218
1414380,1.7000,1.1129
1414880,1.7000,1.1218
1415380,1.7000,1.0887
1415880,1.7000,1.1218
1416380,1.7000,1.1210
1416880,1.7000,1.1201
1417380,1.7000,1.1274
1417880,1.7000,1.1161
1418380,1.7000,1.1177
1418880,1.7000,1.0984
1419380,1.7000,1.1242
1419880,1.7000,1.1314
1420380,1.7000,1.1169
1420880,1.7000,1.1210
1421380,1.7000,1.1298
1421880,1.7000,1.1274
1422380,1.7000,1.1201
1422880,1.7000,1.1258
1423380,1.7000,1.1137
1423880,1.7000,1.1234
1424380,1.7000,1.1266
1424880,1.7000,1.1113
1425380,1.7000,1.1218
1425880,1.7000,1.1073
1426380,1.7000,1.1242
1426880,1.7000,1.1218
1427380,1.7000,1.1218
1427880,1.7000,1.1218
1428380,1.7000,1.1089
1428880,1.7000,1.1338
1429380,1.7000,1.1218
1429880,1.7000,1.1201
1430380,1.7000,1.1274
1430880,1.7000,1.1242
1431380,1.7000,1.1218
1431880,1.7000,1.1258
1432380,1.7000,1.1330
1432880,1.7000,1.1177
1433380,1.7000,1.1363
1433880,1.7000,1.1145
1434380,1.7000,1.1218
1434880,1.7000,1.1201
1435380,1.7000,1.1290
1435880,1.7000,1.1218
1436380,1.7000,1.1234
1436880,1.7000,1.1218
1437380,1.7000,1.1242
1437880,1.7000,1.1274
1438380,1.7000,1.1403
1438880,1.7000,1.1234
1439380,1.7000,1.1226
1439880,1.7000,1.1266
1440380,1.7000,1.1177
1440880,1.7000,1.1226
1441380,1.7000,1.1210
1441880,1.7000,1.1266
1442380,1.7000,1.1363
1442880,1.7000,1.1250
1443380,1.7000,1.1193
1443880,1.7000,1.1218
1444380,1.7000,1.1169
1444880,1.7000,1.1298
1445380,1.7000,1.1274
1445880,1.7000,1.1242
1446380,1.7000,1.1218
1446880,1.7000,1.1306
1447380,1.7000,1.1258
1447880,1.7000,1.1218
1448380,1.7000,1.1274
1448880,1.7000,1.1218
1449380,1.7000,1.1290
1449880,1.7000,1.1290
1450380,1.7000,1.1347
1450880,1.7000,1.1250
1451380,1.7000,1.1274
1451880,1.7000,1.1387
1452380,1.7000,1.1258
1452880,1.7000,1.1242
1453380,1.7000,1.1258
1453880,1.7000,1.1306
1454380,1.7000,1.1242
1454880,1.7000,1.1330
1455380,1.7000,1.1250
1455880,1.7000,1.1218
1456380,1.7000,1.1218
1456880,1.7000,1.1234
1457380,1.7000,1.1322
1457880,1.7000,1.1266
1458380,1.7000,1.1266
1458880,1.7000,1.1218
1459380,1.7000,1.1234
1459880,1.7000,1.1258
1460380,1.7000,1.1258
1460880,1.7000,1.1145
1461380,1.7000,1.1274
1461880,1.7000,1.1338
1462380,1.7000,1.1419
1462880,1.7000,1.1298
1463380,1.7000,1.1266
1463880,1.7000,1.1508
1464380,1.7000,1.1363
1464880,1.7000,1.1258
1465380,1.7000,1.1363
1465880,1.7000,1.1234
1466380,1.7000,1.1330
1466880,1.7000,1.1403
1467380,1.7000,1.1218
1467880,1.7000,1.1242
1468380,1.7000,1.1338
1468880,1.7000,1.1306
1469380,1.7000,1.1218
1469880,1.7000,1.1306
1470380,1.7000,1.1629
1470880,1.7000,1.1355
1471380,1.7000,1.1411
1471880,1.7000,1.1266
1472380,1.7000,1.1330
1472880,1.7000,1.1347
1473380,1.7000,1.1290
1473880,1.7000,1.1371
1474380,1.7000,1.1306
1474880,1.7000,1.1355
1475380,1.7000,1.1218
1475880,1.7000,1.1347
1476380,1.7000,1.1322
1476880,1.7000,1.1298
1477380,1.7000,1.1258
1477880,1.7000,1.1322
1478380,1.7000,1.1218
1478880,1.7000,1.1274
1479380,1.7000,1.1338
1479880,1.7000,1.1306
1480380,1.7000,1.1193
1480880,1.7000,1.1322
1481380,1.7000,1.1218
1481880,1.7000,1.1306
1482380,1.7000,1.1242
1482880,1.7000,1.1274
1483380,1.7000,1.1363
1483880,1.7000,1.1347
1484380,1.7000,1.1242
1484880,1.7000,1.1355
1485380,1.7000,1.1363
1485880,1.7000,1.1226
1486380,1.7000,1.1298
1486880,1.7000,1.1371
1487380,1.7000,1.1475
1487880,1.7000,1.1330
1488380,1.7000,1.1338
1488880,1.7000,1.1322
1489380,1.7000,1.1330
1489880,1.7000,1.1290
1490380,1.7000,1.1322
1490880,1.7000,1.1363
1491380,1.7000,1.1330
1491880,1.7000,1.1338
1492380,1.7000,1.1419
1492880,1.7000,1.1258
1493380,1.7000,1.1967
1493880,1.7000,1.1298
1494380,1.7000,1.1266
1494880,1.7000,1.1322
1495380,1.7000,1.1363
1495880,1.7000,1.1403
1496380,1.7000,1.1355
1496880,1.7000,1.1330
1497380,1.7000,1.1314
1497880,1.7000,1.1338
1498380,1.7000,1.1330
1498880,1.7000,1.1347
1499380,1.7000,1.1387
1499880,1.7000,1.1338
1500380,1.7000,1.1347
1500880,1.7000,1.1451
1501380,1.7000,1.1435
1501880,1.7000,1.1274
1502380,1.7000,1.1242
1502880,1.7000,1.1459
1503380,1.7000,1.1387
1503880,1.7000,1.1443
1504380,1.7000,1.1314
1504880,1.7000,1.1363
1505380,1.7000,1.1355
1505880,1.7000,1.1363
1506380,1.7000,1.1347
1506880,1.7000,1.1355
1507380,1.7000,1.1218
1507880,1.7000,1.1363
1508380,1.7000,1.1459
1508880,1.7000,1.1427
1509380,1.7000,1.1355
1509880,1.7000,1.1475
1510380,1.7000,1.1395
1510880,1.7000,1.1492
1511380,1.7000,1.1484
1511880,1.7000,1.1355
1512380,1.7000,1.1363
1512880,1.7000,1.1395
1513380,1.7000,1.1347
1513880,1.7000,1.1403
1514380,1.7000,1.1403
1514880,1.7000,1.1484
1515380,1.7000,1.1387
1515880,1.7000,1.1379
1516380,1.7000,1.1387
1516880,1.7000,1.1371
1517380,1.7000,1.1411
1517880,1.7000,1.1451
1518380,1.7000,1.1403
1518880,1.7000,1.1371
1519380,1.7000,1.1298
1519880,1.7000,1.1403
1520380,1.7000,1.1371
1520880,1.7000,1.1403
1521380,1.7000,1.1371
1521880,1.7000,1.1347
1522380,1.7000,1.1419
1522880,1.7000,1.1379
1523380,1.7000,1.1274
1523880,1.7000,1.1330
1524380,1.7000,1.1451
1524880,1.7000,1.1355
1525380,1.7000,1.1387
1525880,1.7000,1.1387
1526380,1.7000,1.1403
1526880,1.7000,1.1298
1527380,1.7000,1.1355
1527880,1.7000,1.1298
1528380,1.7000,1.1451
1528880,1.7000,1.1371
1529380,1.7000,1.1387
1529880,1.7000,1.1395
1530380,1.7000,1.1419
1530880,1.7000,1.1234
1531380,1.7000,1.1355
1531880,1.7000,1.1588
1532380,1.7000,1.1443
1532880,1.7000,1.1435
1533380,1.7000,1.1435
1533880,1.7000,1.1355
1534380,1.7000,1.1443
1534880,1.7000,1.1298
1535380,1.7000,1.1379
1535880,1.7000,1.1338
1536380,1.7000,1.1371
1536880,1.7000,1.1363
1537380,1.7000,1.1234
1537880,1.7000,1.1330
1538380,1.7000,1.1403
1538880,1.7000,1.1387
1539380,1.7000,1.1355
1539880,1.7000,1.1322
1540380,1.7000,1.1451
1540880,1.7000,1.1274
1541380,1.7000,1.1395
1541880,1.7000,1.1435
1542380,1.7000,1.1363
1542880,1.7000,1.1475
1543380,1.7000,1.1548
1543880,1.7000,1.1306
1544380,1.7000,1.1419
1544880,1.7000,1.1347
1545380,1.7000,1.1403
1545880,1.7000,1.1379
1546380,1.7000,1.1403
1546880,1.7000,1.1475
1547380,1.7000,1.1411
1547880,1.7000,1.1322
1548380,1.7000,1.1403
1548880,1.7000,1.1403
1549380,1.7000,1.1467
1549880,1.7000,1.1443
1550380,1.7000,1.1508
1550880,1.7000,1.1419
1551380,1.7000,1.1443
1551880,1.7000,1.1467
1552380,1.7000,1.1475
1552880,1.7000,1.1524
1553380,1.7000,1.1467
1553880,1.7000,1.1492
1554380,1.7000,1.1475
1554880,1.7000,1.1403
1555380,1.7000,1.1467
1555880,1.7000,1.1475
1556380,1.7000,1.1475
1556880,1.7000,1.1475
1557380,1.7000,1.1484
1557880,1.7000,1.1653
1558380,1.7000,1.1508
1558880,1.7000,1.1403
1559380,1.7000,1.1435
1559880,1.7000,1.1403
1560380,1.7000,1.1524
1560880,1.7000,1.1508
1561380,1.7000,1.1403
1561880,1.7000,1.1459
1562380,1.7000,1.1475
1562880,1.7000,1.1266
1563380,1.7000,1.1475
1563880,1.7000,1.1451
1564380,1.7000,1.1403
1564880,1.7000,1.1435
1565380,1.7000,1.1475
1565880,1.7000,1.1475
1566380,1.7000,1.1435
1566880,1.7000,1.1475
1567380,1.7000,1.1548
1567880,1.7000,1.1475
1568380,1.7000,1.1677
1568880,1.7000,1.1475
1569380,1.7000,1.1419
1569880,1.7000,1.1387
1570380,1.7000,1.1612
1570880,1.7000,1.1435
1571380,1.7000,1.1427
1571880,1.7000,1.1419
1572380,1.7000,1.1548
1572880,1.7000,1.1475
1573380,1.7000,1.1459
1573880,1.7000,1.1484
1574380,1.7000,1.1484
1574880,1.7000,1.1484
1575380,1.7000,1.1427
1575880,1.7000,1.1588
1576380,1.7000,1.1524
1576880,1.7000,1.1379
1577380,1.7000,1.1467
1577880,1.7000,1.1443
1578380,1.7000,1.1467
1578880,1.7000,1.1475
1579380,1.7000,1.1475
1579880,1.7000,1.1596
1580380,1.7000,1.1500
1580880,1.7000,1.1475
1581380,1.7000,1.1475
1581880,1.7000,1.1451
1582380,1.7000,1.1564
1582880,1.7000,1.1475
1583380,1.7000,1.1467
1583880,1.7000,1.1580
1584380,1.7000,1.1492
1584880,1.7000,1.1475
1585380,1.7000,1.1524
1585880,1.7000,1.1484
1586380,1.7000,1.1467
1586880,1.7000,1.1524
1587380,1.7000,1.1443
1587880,1.7000,1.1435
1588380,1.7000,1.1475
1588880,1.7000,1.1596
1589380,1.7000,1.1500
1589880,1.7000,1.1500
1590380,1.7000,1.1717
1590880,1.7000,1.1492
1591380,1.7000,1.1492
1591880,1.7000,1.1475
1592380,1.7000,1.1475
1592880,1.7000,1.1516
1593380,1.7000,1.1532
1593880,1.7000,1.1540
1594380,1.7000,1.1475
1594880,1.7000,1.1524
1595380,1.7000,1.1524
1595880,1.7000,1.1556
1596380,1.7000,1.1524
1596880,1.7000,1.1475
1597380,1.7000,1.1467
1597880,1.7000,1.1484
1598380,1.7000,1.1459
1598880,1.7000,1.1484
1599380,1.7000,1.1564
1599880,1.7000,1.1371
1600380,1.7000,1.1492
1600880,1.7000,1.1435
1601380,1.7000,1.1475
1601880,1.7000,1.1564
1602380,1.7000,1.1475
1602880,1.7000,1.1451
1603380,1.7000,1.1604
1603880,1.7000,1.1475
1604380,1.7000,1.1556
1604880,1.7000,1.1484
1605380,1.7000,1.1556
1605880,1.7000,1.1524
1606380,1.7000,1.1500
1606880,1.7000,1.1435
1607380,1.7000,1.1532
1607880,1.7000,1.1435
1608380,1.7000,1.1508
1608880,1.7000,1.1580
1609380,1.7000,1.1564
1609880,1.7000,1.1596
1610380,1.7000,1.1508
1610880,1.7000,1.1669
1611380,1.7000,1.1475
1611880,1.7000,1.1459
1612380,1.7000,1.1484
1612880,1.7000,1.1475
1613380,1.7000,1.1524
1613880,1.7000,1.1475
1614380,1.7000,1.1524
1614880,1.7000,1.1556
1615380,1.7000,1.1492
1615880,1.7000,1.1621
1616380,1.7000,1.1516
1616880,1.7000,1.1572
1617380,1.7000,1.1524
1617880,1.7000,1.1500
1618380,1.7000,1.1596
1618880,1.7000,1.1516
1619380,1.7000,1.1588
1619880,1.7000,1.1395
1620380,1.7000,1.1564
1620880,1.7000,1.1524
1621380,1.7000,1.1580
1621880,1.7000,1.1524
1622380,1.7000,1.1500
1622880,1.7000,1.1564
1623380,1.7000,1.1475
1623880,1.7000,1.1516
1624380,1.7000,1.1564
1624880,1.7000,1.1572
1625380,1.7000,1.1556
1625880,1.7000,1.1580
1626380,1.7000,1.1709
1626880,1.7000,1.1532
1627380,1.7000,1.1693
1627880,1.7000,1.1500
1628380,1.7000,1.1588
1628880,1.7000,1.1524
1629380,1.7000,1.1532
1629880,1.7000,1.1508
1630380,1.7000,1.1532
1630880,1.7000,1.1556
1631380,1.7000,1.1693
1631880,1.7000,1.1604
1632380,1.7000,1.1588
1632880,1.7000,1.1516
1633380,1.7000,1.1500
1633880,1.7000,1.1459
1634380,1.7000,1.1564
1634880,1.7000,1.1564
1635380,1.7000,1.1532
1635880,1.7000,1.1629
1636380,1.7000,1.1556
1636880,1.7000,1.1629
1637380,1.7000,1.1596
1637880,1.7000,1.1548
1638380,1.7000,1.1596
1638880,1.7000,1.1645
1639380,1.7000,1.1564
1639880,1.7000,1.1524
1640380,1.7000,1.1604
1640880,1.7000,1.1556
1641380,1.7000,1.1572
1641880,1.7000,1.1556
1642380,1.7000,1.1604
1642880,1.7000,1.1596
1643380,1.7000,1.1564
1643880,1.7000,1.1612
1644380,1.7000,1.1572
1644880,1.7000,1.1524
1645380,1.7000,1.1637
1645880,1.7000,1.1604
1646380,1.7000,1.1653
1646880,1.7000,1.1524
1647380,1.7000,1.1556
1647880,1.7000,1.1629
1648380,1.7000,1.1564
1648880,1.7000,1.1604
1649380,1.7000,1.1580
1649880,1.7000,1.1733
1650380,1.7000,1.2112
1650880,1.7000,1.1532
1651380,1.7000,1.1596
1651880,1.7000,1.1484
1652380,1.7000,1.1580
1652880,1.7000,1.1749
1653380,1.7000,1.1645
1653880,1.7000,1.1645
1654380,1.7000,1.1741
1654880,1.7000,1.1604
1655380,1.7000,1.1556
1655880,1.7000,1.1604
1656380,1.7000,1.1661
1656880,1.7000,1.1556
1657380,1.7000,1.1604
1657880,1.7000,1.1564
1658380,1.7000,1.1749
1658880,1.7000,1.1588
1659380,1.7000,1.1701
1659880,1.7000,1.1661
1660380,1.7000,1.1379
1660880,1.7000,1.1564
1661380,1.7000,1.1604
1661880,1.7000,1.1621
1662380,1.7000,1.1572
1662880,1.7000,1.1621
1663380,1.7000,1.1621
1663880,1.7000,1.1629
1664380,1.7000,1.1629
1664880,1.7000,1.1604
1665380,1.7000,1.1629
1665880,1.7000,1.1556
1666380,1.7000,1.1669
1666880,1.7000,1.1580
1667380,1.7000,1.1653
1667880,1.7000,1.1661
1668380,1.7000,1.1629
1668880,1.7000,1.1693
1669380,1.7000,1.1572
1669880,1.7000,1.1621
1670380,1.7000,1.1758
1670880,1.7000,1.1604
1671380,1.7000,1.1556
1671880,1.7000,1.1669
1672380,1.7000,1.1564
1672880,1.7000,1.1169
1673380,1.7000,1.1564
1673880,1.7000,1.1604
1674380,1.7000,1.1556
1674880,1.7000,1.1637
1675380,1.7000,1.1846
1675880,1.7000,1.1798
1676380,1.7000,1.1629
1676880,1.7000,1.1612
1677380,1.7000,1.1621
1677880,1.7000,1.1645
1678380,1.7000,1.1661
1678880,1.7000,1.1572
1679380,1.7000,1.1629
1679880,1.7000,1.1637
1680380,1.7000,1.1596
1680880,1.7000,1.1677
1681380,1.7000,1.1661
1681880,1.7000,1.1653
1682380,1.7000,1.1645
1682880,1.7000,1.1580
1683380,1.7000,1.1717
1683880,1.7000,1.1685
1684380,1.7000,1.1596
1684880,1.7000,1.1451
1685380,1.7000,1.1717
1685880,1.7000,1.1733
1686380,1.7000,1.1685
1686880,1.7000,1.1596
1687380,1.7000,1.1685
1687880,1.7000,1.1653
1688380,1.7000,1.1645
1688880,1.7000,1.1637
1689380,1.7000,1.1443
1689880,1.7000,1.1621
1690380,1.7000,1.1645
1690880,1.7000,1.1661
1691380,1.7000,1.1725
1691880,1.7000,1.1685
1692380,1.7000,1.1629
1692880,1.7000,1.1653
1693380,1.7000,1.1693
1693880,1.7000,1.1661
1694380,1.7000,1.1733
1694880,1.7000,1.1475
1695380,1.7000,1.1645
1695880,1.7000,1.1669
1696380,1.7000,1.1935
1696880,1.7000,1.1661
1697380,1.7000,1.1693
1697880,1.7000,1.1604
1698380,1.7000,1.1604
1698880,1.7000,1.1645
1699380,1.7000,1.1782
1699880,1.7000,1.1725
1700380,1.7000,1.1717
1700880,1.7000,1.1653
1701380,1.7000,1.1685
1701880,1.7000,1.1709
1702380,1.7000,1.1685
1702880,1.7000,1.1661
1703380,1.7000,1.1387
1703880,1.7000,1.1693
1704380,1.7000,1.1774
1704880,1.7000,1.1733
1705380,1.7000,1.1645
1705880,1.7000,1.1782
1706380,1.7000,1.1733
1706880,1.7000,1.1556
1707380,1.7000,1.1661
1707880,1.7000,1.1733
1708380,1.7000,1.1709
1708880,1.7000,1.1709
1709380,1.7000,1.1838
1709880,1.7000,1.1701
1710380,1.7000,1.1645
1710880,1.7000,1.1645
1711380,1.7000,1.1653
1711880,1.7000,1.1637
1712380,1.7000,1.1741
1712880,1.7000,1.1677
1713380,1.7000,1.1733
1713880,1.7000,1.1725
1714380,1.7000,1.1669
1714880,1.7000,1.1524
1715380,1.7000,1.1774
1715880,1.7000,1.1733
1716380,1.7000,1.1677
1716880,1.7000,1.1516
1717380,1.7000,1.1709
1717880,1.7000,1.1685
1718380,1.7000,1.1677
1718880,1.7000,1.1685
1719380,1.7000,1.1741
1719880,1.7000,1.1621
1720380,1.7000,1.1749
1720880,1.7000,1.1725
1721380,1.7000,1.1709
1721880,1.7000,1.1709
1722380,1.7000,1.1806
1722880,1.7000,1.1733
1723380,1.7000,1.1637
1723880,1.7000,1.1790
1724380,1.7000,1.1903
1724880,1.7000,1.1701
1725380,1.7000,1.1532
1725880,1.7000,1.1862
1726380,1.7000,1.1548
1726880,1.7000,1.1725
1727380,1.7000,1.1733
1727880,1.7000,1.1693
1728380,1.7000,1.1733
1728880,1.7000,1.1572
1729380,1.7000,1.1451
1729880,1.7000,1.1733
1730380,1.7000,1.1653
1730880,1.7000,1.1733
1731380,1.7000,1.1629
1731880,1.7000,1.1693
1732380,1.7000,1.1878
1732880,1.7000,1.1733
1733380,1.7000,1.1580
1733880,1.7000,1.1717
1734380,1.7000,1.1701
1734880,1.7000,1.1516
1735380,1.7000,1.1814
1735880,1.7000,1.1733
1736380,1.7000,1.1733
1736880,1.7000,1.1733
1737380,1.7000,1.1669
1737880,1.7000,1.1693
1738380,1.7000,1.1629
1738880,1.7000,1.1749
1739380,1.7000,1.1677
1739880,1.7000,1.1661
1740380,1.7000,1.1661
1740880,1.7000,1.1661
1741380,1.7000,1.1677
1741880,1.7000,1.1725
1742380,1.7000,1.1766
1742880,1.7000,1.1733
1743380,1.7000,1.1725
1743880,1.7000,1.1709
1744380,1.7000,1.1556
1744880,1.7000,1.1725
1745380,1.7000,1.1733
1745880,1.7000,1.1653
1746380,1.7000,1.1685
1746880,1.7000,1.1733
1747380,1.7000,1.1661
1747880,1.7000,1.1629
1748380,1.7000,1.1717
1748880,1.7000,1.1862
1749380,1.7000,1.1709
1749880,1.7000,1.1758
1750380,1.7000,1.1733
1750880,1.7000,1.1733
1751380,1.7000,1.1758
1751880,1.7000,1.1951
1752380,1.7000,1.1725
1752880,1.7000,1.1846
1753380,1.7000,1.1709
1753880,1.7000,1.1677
1754380,1.7000,1.1725
1754880,1.7000,1.1621
1755380,1.7000,1.1733
1755880,1.7000,1.1677
1756380,1.7000,1.1733
1756880,1.7000,1.1685
1757380,1.7000,1.1733
1757880,1.7000,1.1741
1758380,1.7000,1.1693
1758880,1.7000,1.1806
1759380,1.7000,1.1717
1759880,1.7000,1.1725
1760380,1.7000,1.1709
1760880,1.7000,1.1733
1761380,1.7000,1.1733
1761880,1.7000,1.1774
1762380,1.7000,1.1766
1762880,1.7000,1.1709
1763380,1.7000,1.1967
1763880,1.7000,1.1733
1764380,1.7000,1.1653
1764880,1.7000,1.1846
1765380,1.7000,1.1612
1765880,1.7000,1.1677
1766380,1.7000,1.1814
1766880,1.7000,1.1653
1767380,1.7000,1.1588
1767880,1.7000,1.1733
1768380,1.7000,1.1749
1768880,1.7000,1.1758
1769380,1.7000,1.1758
1769880,1.7000,1.1733
1770380,1.7000,1.1693
1770880,1.7000,1.1693
1771380,1.7000,1.1774
1771880,1.7000,1.1717
1772380,1.7000,1.1774
1772880,1.7000,1.1733
1773380,1.7000,1.1846
1773880,1.7000,1.1725
1774380,1.7000,1.1774
1774880,1.7000,1.1741
1775380,1.7000,1.1741
1775880,1.7000,1.1741
1776380,1.7000,1.1733
1776880,1.7000,1.1733
1777380,1.7000,1.1725
1777880,1.7000,1.1758
1778380,1.7000,1.1701
1778880,1.7000,1.1790
1779380,1.7000,1.1741
1779880,1.7000,1.1733
1780380,1.7000,1.1782
1780880,1.7000,1.1717
1781380,1.7000,1.1725
1781880,1.7000,1.1846
1782380,1.7000,1.1733
1782880,1.7000,1.1733
1783380,1.7000,1.1766
1783880,1.7000,1.1717
1784380,1.7000,1.1806
1784880,1.7000,1.1749
1785380,1.7000,1.1782
1785880,1.7000,1.1806
1786380,1.7000,1.1749
1786880,1.7000,1.1814
1787380,1.7000,1.1774
1787880,1.7000,1.1451
1788380,1.7000,1.1814
1788880,1.7000,1.1862
1789380,1.7000,1.1774
1789880,1.7000,1.1733
1790380,1.7000,1.1782
1790880,1.7000,1.1774
1791380,1.7000,1.1766
1791880,1.7000,1.1822
1792380,1.7000,1.1814
1792880,1.7000,1.1766
1793380,1.7000,1.1741
1793880,1.7000,1.1790
1794380,1.7000,1.1822
1794880,1.7000,1.1862
1795380,1.7000,1.1733
1795880,1.7000,1.1749
1796380,1.7000,1.1758
1796880,1.7000,1.1749
1797380,1.7000,1.1749
1797880,1.7000,1.1838
1798380,1.7000,1.1758
1798880,1.7000,1.1733
1799380,1.7000,1.1782
1799880,1.7000,1.1717
1800380,1.7000,1.1749
1800880,1.7000,1.1886
1801380,1.7000,1.1870
1801880,1.7000,1.1556
1802380,1.7000,1.1782
1802880,1.7000,1.1733
1803380,1.7000,1.1733
1803880,1.7000,1.1935
1804380,1.7000,1.1838
1804880,1.7000,1.1782
1805380,1.7000,1.1701
1805880,1.7000,1.1790
1806380,1.7000,1.1822
1806880,1.7000,1.1701
1807380,1.7000,1.1822
1807880,1.7000,1.1733
1808380,1.7000,1.1862
1808880,1.7000,1.1766
1809380,1.7000,1.1733
1809880,1.7000,1.1822
1810380,1.7000,1.1846
1810880,1.7000,1.1733
1811380,1.7000,1.1725
1811880,1.7000,1.1741
1812380,1.7000,1.1862
1812880,1.7000,1.1822
1813380,1.7000,1.1741
1813880,1.7000,1.1862
1814380,1.7000,1.1774
1814880,1.7000,1.1862
1815380,1.7000,1.1774
1815880,1.7000,1.1766
1816380,1.7000,1.1822
1816880,1.7000,1.1814
1817380,1.7000,1.1822
1817880,1.7000,1.1991
1818380,1.7000,1.1862
1818880,1.7000,1.1862
1819380,1.7000,1.1782
1819880,1.7000,1.1774
1820380,1.7000,1.1935
1820880,1.7000,1.1741
1821380,1.7000,1.1782
1821880,1.7000,1.1854
1822380,1.7000,1.1758
1822880,1.7000,1.1838
1823380,1.7000,1.1790
1823880,1.7000,1.1822
1824380,1.7000,1.1717
1824880,1.7000,1.1911
1825380,1.7000,1.1790
1825880,1.7000,1.1782
1826380,1.7000,1.1749
1826880,1.7000,1.1814
1827380,1.7000,1.1725
1827880,1.7000,1.1862
1828380,1.7000,1.1782
1828880,1.7000,1.1645
1829380,1.7000,1.1838
1829880,1.7000,1.1790
1830380,1.7000,1.1766
1830880,1.7000,1.1846
1831380,1.7000,1.1741
1831880,1.7000,1.1822
1832380,1.7000,1.1774
1832880,1.7000,1.1862
1833380,1.7000,1.1774
1833880,1.7000,1.1862
1834380,1.7000,1.1766
1834880,1.7000,1.1733
1835380,1.7000,1.1862
1835880,1.7000,1.1846
1836380,1.7000,1.1814
1836880,1.7000,1.1790
1837380,1.7000,1.1782
1837880,1.7000,1.1846
1838380,1.7000,1.1967
1838880,1.7000,1.1999
1839380,1.7000,1.1774
1839880,1.7000,1.1790
1840380,1.7000,1.1782
1840880,1.7000,1.1854
1841380,1.7000,1.1846
1841880,1.7000,1.2007
1842380,1.7000,1.1822
1842880,1.7000,1.1854
1843380,1.7000,1.1870
1843880,1.7000,1.1959
1844380,1.7000,1.1790
1844880,1.7000,1.1741
1845380,1.7000,1.1822
1845880,1.7000,1.1886
1846380,1.7000,1.1999
1846880,1.7000,1.1846
1847380,1.7000,1.1790
1847880,1.7000,1.1911
1848380,1.7000,1.1814
1848880,1.7000,1.1774
1849380,1.7000,1.1782
1849880,1.7000,1.2080
1850380,1.7000,1.1790
1850880,1.7000,1.1838
1851380,1.7000,1.2040
1851880,1.7000,1.1733
1852380,1.7000,1.1596
1852880,1.7000,1.1878
1853380,1.7000,1.1886
1853880,1.7000,1.1886
1854380,1.7000,1.1903
1854880,1.7000,1.1935
1855380,1.7000,1.1951
1855880,1.7000,1.1903
1856380,1.7000,1.1846
1856880,1.7000,1.1951
1857380,1.7000,1.1693
1857880,1.7000,1.1935
1858380,1.7000,1.1903
1858880,1.7000,1.2072
1859380,1.7000,1.1395
1859880,1.7000,1.1822
1860380,1.7000,1.1870
1860880,1.7000,1.1935
1861380,1.7000,1.1862
1861880,1.7000,1.1822
1862380,1.7000,1.1870
1862880,1.7000,1.1886
1863380,1.7000,1.1830
1863880,1.7000,1.1886
1864380,1.7000,1.1798
1864880,1.7000,1.1854
1865380,1.7000,1.1870
1865880,1.7000,1.1903
1866380,1.7000,1.1822
1866880,1.7000,1.1991
1867380,1.7000,1.1838
1867880,1.7000,1.1975
1868380,1.7000,1.1814
1868880,1.7000,1.1870
1869380,1.7000,1.1790
1869880,1.7000,1.1870
1870380,1.7000,1.1870
1870880,1.7000,1.1741
1871380,1.7000,1.1935
1871880,1.7000,1.1886
1872380,1.7000,1.1870
1872880,1.7000,1.1935
1873380,1.7000,1.2007
1873880,1.7000,1.1886
1874380,1.7000,1.1717
1874880,1.7000,1.1822
1875380,1.7000,1.1838
1875880,1.7000,1.1919
1876380,1.7000,1.1870
1876880,1.7000,1.1878
1877380,1.7000,1.1854
1877880,1.7000,1.1838
1878380,1.7000,1.1878
1878880,1.7000,1.1870
1879380,1.7000,1.1959
1879880,1.7000,1.1870
1880380,1.7000,1.1911
1880880,1.7000,1.1991
1881380,1.7000,1.1838
1881880,1.7000,1.1838
1882380,1.7000,1.1886
1882880,1.7000,1.1870
1883380,1.7000,1.1822
1883880,1.7000,1.1919
1884380,1.7000,1.1758
1884880,1.7000,1.1854
1885380,1.7000,1.1838
1885880,1.7000,1.1870
1886380,1.7000,1.1903
1886880,1.7000,1.1862
1887380,1.7000,1.1886
1887880,1.7000,1.1822
1888380,1.7000,1.1862
1888880,1.7000,1.1870
1889380,1.7000,1.1903
1889880,1.7000,1.1895
1890380,1.7000,1.1854
1890880,1.7000,1.1854
1891380,1.7000,1.1911
1891880,1.7000,1.1854
1892380,1.7000,1.1951
1892880,1.7000,1.1878
1893380,1.7000,1.1878
1893880,1.7000,1.1814
1894380,1.7000,1.1951
1894880,1.7000,1.1886
1895380,1.7000,1.1959
1895880,1.7000,1.1886
1896380,1.7000,1.1943
1896880,1.7000,1.1903
1897380,1.7000,1.1862
1897880,1.7000,1.1878
1898380,1.7000,1.1919
1898880,1.7000,1.1911
1899380,1.7000,1.1838
1899880,1.7000,1.1911
1900380,1.7000,1.1822
1900880,1.7000,1.1919
1901380,1.7000,1.1862
1901880,1.7000,1.1983
1902380,1.7000,1.1862
1902880,1.7000,1.1903
1903380,1.7000,1.1943
1903880,1.7000,1.2040
1904380,1.7000,1.1878
1904880,1.7000,1.1959
1905380,1.7000,1.1870
1905880,1.7000,1.1580
1906380,1.7000,1.1878
1906880,1.7000,1.1943
1907380,1.7000,1.1959
1907880,1.7000,1.1903
1908380,1.7000,1.1943
1908880,1.7000,1.1991
1909380,1.7000,1.1846
1909880,1.7000,1.1911
1910380,1.7000,1.2040
1910880,1.7000,1.1951
1911380,1.7000,1.1886
1911880,1.7000,1.1967
1912380,1.7000,1.1991
1912880,1.7000,1.1862
1913380,1.7000,1.1935
1913880,1.7000,1.1959
1914380,1.7000,1.2032
1914880,1.7000,1.1943
1915380,1.7000,1.1919
1915880,1.7000,1.1886
1916380,1.7000,1.1870
1916880,1.7000,1.1919
1917380,1.7000,1.1975
1917880,1.7000,1.1959
1918380,1.7000,1.1911
1918880,1.7000,1.1991
1919380,1.7000,1.1967
1919880,1.7000,1.1975
1920380,1.7000,1.1991
1920880,1.7000,1.2048
1921380,1.7000,1.1774
1921880,1.7000,1.1911
1922380,1.7000,1.1991
1922880,1.7000,1.1870
1923380,1.7000,1.1951
1923880,1.7000,1.1951
1924380,1.7000,1.1967
1924880,1.7000,1.1975
1925380,1.7000,1.2217
1925880,1.7000,1.2072
1926380,1.7000,1.2064
1926880,1.7000,1.1991
1927380,1.7000,1.1919
1927880,1.7000,1.1935
1928380,1.7000,1.1967
1928880,1.7000,1.2023
1929380,1.7000,1.1943
1929880,1.7000,1.1903
1930380,1.7000,1.1903
1930880,1.7000,1.1975
1931380,1.7000,1.1975
1931880,1.7000,1.1983
1932380,1.7000,1.1967
1932880,1.7000,1.1983
1933380,1.7000,1.1685
1933880,1.7000,1.2007
1934380,1.7000,1.1983
1934880,1.7000,1.1903
1935380,1.7000,1.1959
1935880,1.7000,1.1991
1936380,1.7000,1.1935
1936880,1.7000,1.1991
1937380,1.7000,1.1911
1937880,1.7000,1.2040
1938380,1.7000,1.1919
1938880,1.7000,1.1991
1939380,1.7000,1.1951
1939880,1.7000,1.1854
1940380,1.7000,1.2040
1940880,1.7000,1.1967
1941380,1.7000,1.1991
1941880,1.7000,1.1991
1942380,1.7000,1.2040
1942880,1.7000,1.1975
1943380,1.7000,1.1903
1943880,1.7000,1.2080
1944380,1.7000,1.1991
1944880,1.7000,1.1886
1945380,1.7000,1.1903
1945880,1.7000,1.1911
1946380,1.7000,1.1991
1946880,1.7000,1.1919
1947380,1.7000,1.2072
1947880,1.7000,1.1999
1948380,1.7000,1.1983
1948880,1.7000,1.1967
1949380,1.7000,1.1999
1949880,1.7000,1.2007
1950380,1.7000,1.1903
1950880,1.7000,1.1983
1951380,1.7000,1.2023
1951880,1.7000,1.1983
1952380,1.7000,1.1983
1952880,1.7000,1.1991
1953380,1.7000,1.1991
1953880,1.7000,1.1999
1954380,1.7000,1.1919
1954880,1.7000,1.2048
1955380,1.7000,1.1983
1955880,1.7000,1.1790
1956380,1.7000,1.2040
1956880,1.7000,1.2023
1957380,1.7000,1.1991
1957880,1.7000,1.1878
1958380,1.7000,1.2048
1958880,1.7000,1.1911
1959380,1.7000,1.2015
1959880,1.7000,1.1975
1960380,1.7000,1.1991
1960880,1.7000,1.1975
1961380,1.7000,1.1903
1961880,1.7000,1.1991
1962380,1.7000,1.1886
1962880,1.7000,1.1959
1963380,1.7000,1.1951
1963880,1.7000,1.2007
1964380,1.7000,1.2023
1964880,1.7000,1.1983
1965380,1.7000,1.2032
1965880,1.7000,1.1870
1966380,1.7000,1.2023
1966880,1.7000,1.2168
1967380,1.7000,1.2015
1967880,1.7000,1.2015
1968380,1.7000,1.1991
1968880,1.7000,1.2007
1969380,1.7000,1.1991
1969880,1.7000,1.2015
1970380,1.7000,1.2048
1970880,1.7000,1.2007
1971380,1.7000,1.1999
1971880,1.7000,1.1975
1972380,1.7000,1.2040
1972880,1.7000,1.1951
1973380,1.7000,1.2104
1973880,1.7000,1.1919
1974380,1.7000,1.1991
1974880,1.7000,1.1999
1975380,1.7000,1.2120
1975880,1.7000,1.2032
1976380,1.7000,1.1951
1976880,1.7000,1.2015
1977380,1.7000,1.2088
1977880,1.7000,1.2040
1978380,1.7000,1.1991
1978880,1.7000,1.1991
1979380,1.7000,1.1943
1979880,1.7000,1.1991
1980380,1.7000,1.2233
1980880,1.7000,1.1999
1981380,1.7000,1.2120
1981880,1.7000,1.1951
1982380,1.7000,1.2048
1982880,1.7000,1.2007
1983380,1.7000,1.2080
1983880,1.7000,1.2032
1984380,1.7000,1.2064
1984880,1.7000,1.1903
1985380,1.7000,1.1983
1985880,1.7000,1.1991
1986380,1.7000,1.2015
1986880,1.7000,1.2088
1987380,1.7000,1.2096
1987880,1.7000,1.1991
1988380,1.7000,1.2241
1988880,1.7000,1.2032
1989380,1.7000,1.1911
1989880,1.7000,1.2032
1990380,1.7000,1.2007
1990880,1.7000,1.2048
1991380,1.7000,1.2072
1991880,1.7000,1.2048
1992380,1.7000,1.1943
1992880,1.7000,1.1991
1993380,1.7000,1.2104
1993880,1.7000,1.2112
1994380,1.7000,1.2048
1994880,1.7000,1.1999
1995380,1.7000,1.1911
1995880,1.7000,1.1991
1996380,1.7000,1.2112
1996880,1.7000,1.2136
1997380,1.7000,1.2032
1997880,1.7000,1.2007
1998380,1.7000,1.2040
1998880,1.7000,1.2080
1999380,1.7000,1.2015
1999880,1.7000,1.2064
2000380,1.7000,1.2015
2000880,1.7000,1.1999
2001380,1.7000,1.2354
2001880,1.7000,1.2249
2002380,1.7000,1.2023
2002880,1.7000,1.1886
2003380,1.7000,1.1991
2003880,1.7000,1.2104
2004380,1.7000,1.1999
2004880,1.7000,1.1895
2005380,1.7000,1.1991
2005880,1.7000,1.1999
2006380,1.7000,1.2136
2006880,1.7000,1.2064
2007380,1.7000,1.2088
2007880,1.7000,1.2048
2008380,1.7000,1.2048
2008880,1.7000,1.2056
2009380,1.7000,1.1999
2009880,1.7000,1.1854
2010380,1.7000,1.2080
2010880,1.7000,1.2088
2011380,1.7000,1.1846
2011880,1.7000,1.2032
2012380,1.7000,1.2040
2012880,1.7000,1.2040
2013380,1.7000,1.2168
2013880,1.7000,1.2104
2014380,1.7000,1.2064
2014880,1.7000,1.1951
2015380,1.7000,1.2040
2015880,1.7000,1.1919
2016380,1.7000,1.2201
2016880,1.7000,1.2032
2017380,1.7000,1.2032
2017880,1.7000,1.2080
2018380,1.7000,1.1999
2018880,1.7000,1.2088
2019380,1.7000,1.2080
2019880,1.7000,1.1991
2020380,1.7000,1.2064
2020880,1.7000,1.2007
2021380,1.7000,1.2023
2021880,1.7000,1.2048
2022380,1.7000,1.2080
2022880,1.7000,1.2007
2023380,1.7000,1.2128
2023880,1.7000,1.2040
2024380,1.7000,1.2088
2024880,1.7000,1.2104
2025380,1.7000,1.2064
2025880,1.7000,1.2096
2026380,1.7000,1.2007
2026880,1.7000,1.1967
2027380,1.7000,1.2048
2027880,1.7000,1.2064
2028380,1.7000,1.2072
2028880,1.7000,1.2015
2029380,1.7000,1.2064
2029880,1.7000,1.2193
2030380,1.7000,1.1999
2030880,1.7000,1.2040
2031380,1.7000,1.2023
2031880,1.7000,1.1999
2032380,1.7000,1.2096
2032880,1.7000,1.2160
2033380,1.7000,1.2064
2033880,1.7000,1.2104
2034380,1.7000,1.2007
2034880,1.7000,1.2120
2035380,1.7000,1.1975
2035880,1.7000,1.2104
2036380,1.7000,1.2088
2036880,1.7000,1.2072
2037380,1.7000,1.2048
2037880,1.7000,1.2104
2038380,1.7000,1.2048
2038880,1.7000,1.2338
2039380,1.7000,1.2096
2039880,1.7000,1.2136
2040380,1.7000,1.2080
2040880,1.7000,1.1991
2041380,1.7000,1.2104
2041880,1.7000,1.2015
2042380,1.7000,1.2072
2042880,1.7000,1.2144
2043380,1.7000,1.1774
2043880,1.7000,1.2104
2044380,1.7000,1.2088
2044880,1.7000,1.2152
2045380,1.7000,1.2144
2045880,1.7000,1.2048
2046380,1.7000,1.2209
2046880,1.7000,1.1991
2047380,1.7000,1.2096
2047880,1.7000,1.1774
2048380,1.7000,1.2160
2048880,1.7000,1.2048
2049380,1.7000,1.2112
2049880,1.7000,1.2120
2050380,1.7000,1.2048
2050880,1.7000,1.2080
2051380,1.7000,1.2040
2051880,1.7000,1.2007
2052380,1.7000,1.2362
2052880,1.7000,1.2048
2053380,1.7000,1.2160
2053880,1.7000,1.2048
2054380,1.7000,1.2144
2054880,1.7000,1.2088
2055380,1.7000,1.2072
2055880,1.7000,1.2160
2056380,1.7000,1.2152
2056880,1.7000,1.2136
2057380,1.7000,1.2136
2057880,1.7000,1.2096
2058380,1.7000,1.2072
2058880,1.7000,1.2032
2059380,1.7000,1.2257
2059880,1.7000,1.2128
2060380,1.7000,1.2112
2060880,1.7000,1.2128
2061380,1.7000,1.2160
2061880,1.7000,1.2048
2062380,1.7000,1.2177
2062880,1.7000,1.2346
2063380,1.7000,1.2096
2063880,1.7000,1.2048
2064380,1.7000,1.2120
2064880,1.7000,1.2209
2065380,1.7000,1.2096
2065880,1.7000,1.2144
2066380,1.7000,1.2032
2066880,1.7000,1.2112
2067380,1.7000,1.2096
2067880,1.7000,1.2144
2068380,1.7000,1.2233
2068880,1.7000,1.2104
2069380,1.7000,1.2249
2069880,1.7000,1.2040
2070380,1.7000,1.1886
2070880,1.7000,1.2144
2071380,1.7000,1.2144
2071880,1.7000,1.2201
2072380,1.7000,1.2120
2072880,1.7000,1.2265
2073380,1.7000,1.2144
2073880,1.7000,1.2096
2074380,1.7000,1.2080
2074880,1.7000,1.2144
2075380,1.7000,1.1951
2075880,1.7000,1.2152
2076380,1.7000,1.2072
2076880,1.7000,1.2023
2077380,1.7000,1.2112
2077880,1.7000,1.2088
2078380,1.7000,1.2120
2078880,1.7000,1.2104
2079380,1.7000,1.2249
2079880,1.7000,1.2096
2080380,1.7000,1.2088
2080880,1.7000,1.2128
2081380,1.7000,1.2128
2081880,1.7000,1.2112
2082380,1.7000,1.2152
2082880,1.7000,1.1967
2083380,1.7000,1.2128
2083880,1.7000,1.2201
2084380,1.7000,1.2152
2084880,1.7000,1.2128
2085380,1.7000,1.2120
2085880,1.7000,1.2168
2086380,1.7000,1.2112
2086880,1.7000,1.2209
2087380,1.7000,1.2193
2087880,1.7000,1.2144
2088380,1.7000,1.2136
2088880,1.7000,1.2265
2089380,1.7000,1.2160
2089880,1.7000,1.2104
2090380,1.7000,1.2120
2090880,1.7000,1.2160
2091380,1.7000,1.2177
2091880,1.7000,1.2241
2092380,1.7000,1.1983
2092880,1.7000,1.2072
2093380,1.7000,1.2120
2093880,1.7000,1.2193
2094380,1.7000,1.2193
2094880,1.7000,1.2314
2095380,1.7000,1.2128
2095880,1.7000,1.2007
2096380,1.7000,1.2177
2096880,1.7000,1.1991
2097380,1.7000,1.2144
2097880,1.7000,1.2112
2098380,1.7000,1.2080
2098880,1.7000,1.2144
2099380,1.7000,1.2160
2099880,1.7000,1.2177
2100380,1.7000,1.2104
2100880,1.7000,1.2225
2101380,1.7000,1.2209
2101880,1.7000,1.2104
2102380,1.7000,1.2249
2102880,1.7000,1.2160
2103380,1.7000,1.2249
2103880,1.7000,1.2168
2104380,1.7000,1.2128
2104880,1.7000,1.2144
2105380,1.7000,1.2168
2105880,1.7000,1.2112
2106380,1.7000,1.2225
2106880,1.7000,1.2249
2107380,1.7000,1.2144
2107880,1.7000,1.2201
2108380,1.7000,1.2193
2108880,1.7000,1.2144
2109380,1.7000,1.2265
2109880,1.7000,1.2177
2110380,1.7000,1.2160
2110880,1.7000,1.2112
2111380,1.7000,1.2168
2111880,1.7000,1.2112
2112380,1.7000,1.2209
2112880,1.7000,1.2128
2113380,1.7000,1.2185
2113880,1.7000,1.2201
2114380,1.7000,1.2136
2114880,1.7000,1.2144
2115380,1.7000,1.2177
2115880,1.7000,1.2209
2116380,1.7000,1.2209
2116880,1.7000,1.2209
2117380,1.7000,1.2096
2117880,1.7000,1.2080
2118380,1.7000,1.2080
2118880,1.7000,1.2201
2119380,1.7000,1.2040
2119880,1.7000,1.2168
2120380,1.7000,1.2209
2120880,1.7000,1.2128
2121380,1.7000,1.2249
2121880,1.7000,1.2177
2122380,1.7000,1.2177
2122880,1.7000,1.2144
2123380,1.7000,1.2104
2123880,1.7000,1.2120
2124380,1.7000,1.2305
2124880,1.7000,1.2144
2125380,1.7000,1.2217
2125880,1.7000,1.2160
2126380,1.7000,1.2370
2126880,1.7000,1.2201
2127380,1.7000,1.2128
2127880,1.7000,1.2233
2128380,1.7000,1.2144
2128880,1.7000,1.2193
2129380,1.7000,1.2217
2129880,1.7000,1.2217
2130380,1.7000,1.2370
2130880,1.7000,1.2225
2131380,1.7000,1.2201
2131880,1.7000,1.2225
2132380,1.7000,1.2201
2132880,1.7000,1.2193
2133380,1.7000,1.2370
2133880,1.7000,1.2120
2134380,1.7000,1.2233
2134880,1.7000,1.2233
2135380,1.7000,1.2160
2135880,1.7000,1.2265
2136380,1.7000,1.2144
2136880,1.7000,1.2007
2137380,1.7000,1.2168
2137880,1.7000,1.2088
2138380,1.7000,1.2136
2138880,1.7000,1.2265
2139380,1.7000,1.2032
2139880,1.7000,1.2257
2140380,1.7000,1.2177
2140880,1.7000,1.2273
2141380,1.7000,1.2209
2141880,1.7000,1.2209
2142380,1.7000,1.2168
2142880,1.7000,1.2080
2143380,1.7000,1.2249
2143880,1.7000,1.2201
2144380,1.7000,1.2177
2144880,1.7000,1.2201
2145380,1.7000,1.2289
2145880,1.7000,1.2201
2146380,1.7000,1.2241
2146880,1.7000,1.2225
2147380,1.7000,1.2201
2147880,1.7000,1.2225
2148380,1.7000,1.2168
2148880,1.7000,1.2257
2149380,1.7000,1.2346
2149880,1.7000,1.2096
2150380,1.7000,1.2273
2150880,1.7000,1.2305
2151380,1.7000,1.2160
2151880,1.7000,1.2177
2152380,1.7000,1.2225
2152880,1.7000,1.2273
2153380,1.7000,1.2177
2153880,1.7000,1.2120
2154380,1.7000,1.2168
2154880,1.7000,1.2201
2155380,1.7000,1.2193
2155880,1.7000,1.2241
2156380,1.7000,1.2241
2156880,1.7000,1.2233
2157380,1.7000,1.2160
2157880,1.7000,1.2193
2158380,1.7000,1.2249
2158880,1.7000,1.2185
2159380,1.7000,1.2370
2159880,1.7000,1.2273
2160380,1.7000,1.2144
2160880,1.7000,1.2241
2161380,1.7000,1.2217
2161880,1.7000,1.2370
2162380,1.7000,1.2233
2162880,1.7000,1.2241
2163380,1.7000,1.2048
2163880,1.7000,1.2193
2164380,1.7000,1.2241
2164880,1.7000,1.2209
2165380,1.7000,1.2354
2165880,1.7000,1.2249
2166380,1.7000,1.2241
2166880,1.7000,1.2168
2167380,1.7000,1.2241
2167880,1.7000,1.2330
2168380,1.7000,1.2249
2168880,1.7000,1.2249
2169380,1.7000,1.2193
2169880,1.7000,1.2177
2170380,1.7000,1.2249
2170880,1.7000,1.2152
2171380,1.7000,1.2249
2171880,1.7000,1.2201
2172380,1.7000,1.2273
2172880,1.7000,1.2249
2173380,1.7000,1.2209
2173880,1.7000,1.2370
2174380,1.7000,1.2233
2174880,1.7000,1.2225
2175380,1.7000,1.2249
2175880,1.7000,1.2209
2176380,1.7000,1.2209
2176880,1.7000,1.2257
2177380,1.7000,1.2249
2177880,1.7000,1.2322
2178380,1.7000,1.2249
2178880,1.7000,1.2249
2179380,1.7000,1.2249
2179880,1.7000,1.2330
2180380,1.7000,1.2338
2180880,1.7000,1.2225
2181380,1.7000,1.2225
2181880,1.7000,1.2185
2182380,1.7000,1.2370
2182880,1.7000,1.2249
2183380,1.7000,1.2241
2183880,1.7000,1.2201
2184380,1.7000,1.2273
2184880,1.7000,1.2281
2185380,1.7000,1.2330
2185880,1.7000,1.2241
2186380,1.7000,1.2233
2186880,1.7000,1.2249
2187380,1.7000,1.2273
2187880,1.7000,1.2370
2188380,1.7000,1.2322
2188880,1.7000,1.2265
2189380,1.7000,1.2257
2189880,1.7000,1.2249
2190380,1.7000,1.2265
2190880,1.7000,1.2233
2191380,1.7000,1.2322
2191880,1.7000,1.2249
2192380,1.7000,1.2354
2192880,1.7000,1.2281
2193380,1.7000,1.2370
2193880,1.7000,1.2273
2194380,1.7000,1.2370
2194880,1.7000,1.2249
2195380,1.7000,1.2249
2195880,1.7000,1.2370
2196380,1.7000,1.2330
2196880,1.7000,1.2370
2197380,1.7000,1.2322
2197880,1.7000,1.2265
2198380,1.7000,1.2249
2198880,1.7000,1.2257
2199380,1.7000,1.2241
2199880,1.7000,1.2370
2200380,1.7000,1.2273
2200880,1.7000,1.2265
2201380,1.7000,1.2241
2201880,1.7000,1.2249
2202380,1.7000,1.2314
2202880,1.7000,1.2265
2203380,1.7000,1.2249
2203880,1.7000,1.2112
2204380,1.7000,1.2289
2204880,1.7000,1.2249
2205380,1.7000,1.2346
2205880,1.7000,1.2370
2206380,1.7000,1.2305
2206880,1.7000,1.2144
2207380,1.7000,1.2273
2207880,1.7000,1.2370
2208380,1.7000,1.2330
2208880,1.7000,1.2257
2209380,1.7000,1.2265
2209880,1.7000,1.2322
2210380,1.7000,1.2547
2210880,1.7000,1.2330
2211380,1.7000,1.2265
2211880,1.7000,1.2249
2212380,1.7000,1.2370
2212880,1.7000,1.2257
2213380,1.7000,1.2249
2213880,1.7000,1.2249
2214380,1.7000,1.2338
2214880,1.7000,1.2249
2215380,1.7000,1.2249
2215880,1.7000,1.2330
2216380,1.7000,1.2040
2216880,1.7000,1.2370
2217380,1.7000,1.2177
2217880,1.7000,1.2265
2218380,1.7000,1.2160
2218880,1.7000,1.2249
2219380,1.7000,1.2249
2219880,1.7000,1.2322
2220380,1.7000,1.2370
2220880,1.7000,1.2249
2221380,1.7000,1.2305
2221880,1.7000,1.2265
2222380,1.7000,1.2273
2222880,1.7000,1.2305
2223380,1.7000,1.2354
2223880,1.7000,1.2305
2224380,1.7000,1.2322
2224880,1.7000,1.2241
2225380,1.7000,1.2249
2225880,1.7000,1.2265
2226380,1.7000,1.2354
2226880,1.7000,1.2241
2227380,1.7000,1.2338
2227880,1.7000,1.2225
2228380,1.7000,1.2257
2228880,1.7000,1.2168
2229380,1.7000,1.2281
2229880,1.7000,1.2305
2230380,1.7000,1.2249
2230880,1.7000,1.2370
2231380,1.7000,1.2370
2231880,1.7000,1.2370
2232380,1.7000,1.2273
2232880,1.7000,1.2273
2233380,1.7000,1.2273
2233880,1.7000,1.2370
2234380,1.7000,1.2370
2234880,1.7000,1.2297
2235380,1.7000,1.2257
2235880,1.7000,1.2346
2236380,1.7000,1.2370
2236880,1.7000,1.2120
2237380,1.7000,1.2305
2237880,1.7000,1.2346
2238380,1.7000,1.2305
2238880,1.7000,1.2330
2239380,1.7000,1.2330
2239880,1.7000,1.2257
2240380,1.7000,1.2241
2240880,1.7000,1.2370
2241380,1.7000,1.2338
2241880,1.7000,1.2370
2242380,1.7000,1.2354
2242880,1.7000,1.2249
2243380,1.7000,1.2612
2243880,1.7000,1.2249
2244380,1.7000,1.2305
2244880,1.7000,1.2273
2245380,1.7000,1.2297
2245880,1.7000,1.2305
2246380,1.7000,1.2370
2246880,1.7000,1.2338
2247380,1.7000,1.2354
2247880,1.7000,1.2346
2248380,1.7000,1.2370
2248880,1.7000,1.2330
2249380,1.7000,1.2370
2249880,1.7000,1.2241
2250380,1.7000,1.2305
2250880,1.7000,1.2305
2251380,1.7000,1.2265
2251880,1.7000,1.2273
2252380,1.7000,1.2249
2252880,1.7000,1.2362
2253380,1.7000,1.2370
2253880,1.7000,1.2338
2254380,1.7000,1.2370
2254880,1.7000,1.2370
2255380,1.7000,1.2555
2255880,1.7000,1.2338
2256380,1.7000,1.2249
2256880,1.7000,1.2354
2257380,1.7000,1.2354
2257880,1.7000,1.2338
2258380,1.7000,1.2362
2258880,1.7000,1.2330
2259380,1.7000,1.2338
2259880,1.7000,1.2338
2260380,1.7000,1.2257
2260880,1.7000,1.2273
2261380,1.7000,1.2314
2261880,1.7000,1.2289
2262380,1.7000,1.2273
2262880,1.7000,1.2354
2263380,1.7000,1.2370
2263880,1.7000,1.2305
2264380,1.7000,1.2305
2264880,1.7000,1.2297
2265380,1.7000,1.2354
2265880,1.7000,1.2305
2266380,1.7000,1.2346
2266880,1.7000,1.2305
2267380,1.7000,1.2338
2267880,1.7000,1.2120
2268380,1.7000,1.2322
2268880,1.7000,1.2370
2269380,1.7000,1.2338
2269880,1.7000,1.2539
2270380,1.7000,1.2370
2270880,1.7000,1.2370
2271380,1.7000,1.2370
2271880,1.7000,1.2338
2272380,1.7000,1.2322
2272880,1.7000,1.2330
2273380,1.7000,1.2370
2273880,1.7000,1.2305
2274380,1.7000,1.2370
2274880,1.7000,1.2354
2275380,1.7000,1.2305
2275880,1.7000,1.2370
2276380,1.7000,1.2370
2276880,1.7000,1.2289
2277380,1.7000,1.2297
2277880,1.7000,1.2322
2278380,1.7000,1.2338
2278880,1.7000,1.2370
2279380,1.7000,1.2265
2279880,1.7000,1.2362
2280380,1.7000,1.2362
2280880,1.7000,1.2370
2281380,1.7000,1.2539
2281880,1.7000,1.2370
2282380,1.7000,1.2322
2282880,1.7000,1.2370
2283380,1.7000,1.2370
2283880,1.7000,1.2370
2284380,1.7000,1.2596
2284880,1.7000,1.2362
2285380,1.7000,1.2370
2285880,1.7000,1.2370
2286380,1.7000,1.2338
2286880,1.7000,1.2330
2287380,1.7000,1.2249
2287880,1.7000,1.2064
2288380,1.7000,1.2330
2288880,1.7000,1.2322
2289380,1.7000,1.2354
2289880,1.7000,1.2370
2290380,1.7000,1.2547
2290880,1.7000,1.2370
2291380,1.7000,1.2338
2291880,1.7000,1.2305
2292380,1.7000,1.2370
2292880,1.7000,1.2249
2293380,1.7000,1.2362
2293880,1.7000,1.2265
2294380,1.7000,1.2362
2294880,1.7000,1.2588
2295380,1.7000,1.2330
2295880,1.7000,1.2370
2296380,1.7000,1.2281
2296880,1.7000,1.2346
2297380,1.7000,1.2370
2297880,1.7000,1.2370
2298380,1.7000,1.2209
2298880,1.7000,1.2370
2299380,1.7000,1.2596
2299880,1.7000,1.2370
2300380,1.7000,1.2370
2300880,1.7000,1.2354
2301380,1.7000,1.2330
2301880,1.7000,1.2354
2302380,1.7000,1.2531
2302880,1.7000,1.2370
2303380,1.7000,1.2370
2303880,1.7000,1.2370
2304380,1.7000,1.2370
2304880,1.7000,1.2370
2305380,1.7000,1.2370
2305880,1.7000,1.2370
2306380,1.7000,1.2322
2306880,1.7000,1.2370
2307380,1.7000,1.2563
2307880,1.7000,1.2370
2308380,1.7000,1.2531
2308880,1.7000,1.2370
2309380,1.7000,1.2225
2309880,1.7000,1.2330
2310380,1.7000,1.1975
2310880,1.7000,1.2370
2311380,1.7000,1.2338
2311880,1.7000,1.2233
2312380,1.7000,1.2370
2312880,1.7000,1.2370
2313380,1.7000,1.2370
2313880,1.7000,1.2370
2314380,1.7000,1.2370
2314880,1.7000,1.2370
2315380,1.7000,1.2370
2315880,1.7000,1.2370
2316380,1.7000,1.2257
2316880,1.7000,1.2370
2317380,1.7000,1.2370
2317880,1.7000,1.2370
2318380,1.7000,1.2370
2318880,1.7000,1.2370
2319380,1.7000,1.2370
2319880,1.7000,1.2370
2320380,1.7000,1.2523
2320880,1.7000,1.2370
2321380,1.7000,1.2370
2321880,1.7000,1.2370
2322380,1.7000,1.2370
2322880,1.7000,1.2370
2323380,1.7000,1.2370
2323880,1.7000,1.2370
2324380,1.7000,1.2370
2324880,1.7000,1.2241
2325380,1.7000,1.2370
2325880,1.7000,1.2370
2326380,1.7000,1.2370
2326880,1.7000,1.2370
2327380,1.7000,1.2362
2327880,1.7000,1.2370
2328380,1.7000,1.2370
2328880,1.7000,1.2370
2329380,1.7000,1.2555
2329880,1.7000,1.2338
2330380,1.7000,1.2370
2330880,1.7000,1.2370
2331380,1.7000,1.2338
2331880,1.7000,1.2547
2332380,1.7000,1.2644
2332880,1.7000,1.2370
2333380,1.7000,1.2370
2333880,1.7000,1.2370
2334380,1.7000,1.2620
2334880,1.7000,1.2370
2335380,1.7000,1.2370
2335880,1.7000,1.2547
2336380,1.7000,1.2370
2336880,1.7000,1.2555
2337380,1.7000,1.2370
2337880,1.7000,1.2370
2338380,1.7000,1.2370
2338880,1.7000,1.2370
2339380,1.7000,1.2547
2339880,1.7000,1.2370
2340380,1.7000,1.2370
2340880,1.7000,1.2370
2341380,1.7000,1.2370
2341880,1.7000,1.2370
2342380,1.7000,1.2370
2342880,1.7000,1.2370
2343380,1.7000,1.2370
2343880,1.7000,1.2370
2344380,1.7000,1.2620
2344880,1.7000,1.2370
2345380,1.7000,1.2370
2345880,1.7000,1.2370
2346380,1.7000,1.2370
2346880,1.7000,1.2370
2347380,1.7000,1.2370
2347880,1.7000,1.2370
2348380,1.7000,1.2370
2348880,1.7000,1.2370
2349380,1.7000,1.2370
2349880,1.7000,1.2370
2350380,1.7000,1.2370
2350880,1.7000,1.2338
2351380,1.7000,1.2370
2351880,1.7000,1.2370
2352380,1.7000,1.2370
2352880,1.7000,1.2160
2353380,1.7000,1.2362
2353880,1.7000,1.2370
2354380,1.7000,1.2370
2354880,1.7000,1.2547
2355380,1.7000,1.2370
2355880,1.7000,1.2370
2356380,1.7000,1.2370
2356880,1.7000,1.2370
2357380,1.7000,1.2370
2357880,1.7000,1.2555
2358380,1.7000,1.2370
2358880,1.7000,1.2370
2359380,1.7000,1.2370
2359880,1.7000,1.2370
2360380,1.7000,1.2370
2360880,1.7000,1.2515
2361380,1.7000,1.2370
2361880,1.7000,1.2620
2362380,1.7000,1.2547
2362880,1.7000,1.2370
2363380,1.7000,1.2370
2363880,1.7000,1.2370
2364380,1.7000,1.2370
2364880,1.7000,1.2547
2365380,1.7000,1.2531
2365880,1.7000,1.2370
2366380,1.7000,1.2370
2366880,1.7000,1.2370
2367380,1.7000,1.2612
2367880,1.7000,1.2370
2368380,1.7000,1.2354
2368880,1.7000,1.2523
2369380,1.7000,1.2523
2369880,1.7000,1.2370
2370380,1.7000,1.2370
2370880,1.7000,1.2370
2371380,1.7000,1.2370
2371880,1.7000,1.2370
2372380,1.7000,1.2370
2372880,1.7000,1.2370
2373380,1.7000,1.2579
2373880,1.7000,1.2547
2374380,1.7000,1.2515
2374880,1.7000,1.2370
2375380,1.7000,1.2555
2375880,1.7000,1.2370
2376380,1.7000,1.2370
2376880,1.7000,1.2370
2377380,1.7000,1.2644
2377880,1.7000,1.2563
2378380,1.7000,1.2370
2378880,1.7000,1.2547
2379380,1.7000,1.2370
2379880,1.7000,1.2531
2380380,1.7000,1.2370
2380880,1.7000,1.2700
2381380,1.7000,1.2515
2381880,1.7000,1.2531
2382380,1.7000,1.2370
2382880,1.7000,1.2370
2383380,1.7000,1.2370
2383880,1.7000,1.2233
2384380,1.7000,1.2370
2384880,1.7000,1.2370
2385380,1.7000,1.2370
2385880,1.7000,1.2596
2386380,1.7000,1.2588
2386880,1.7000,1.2370
2387380,1.7000,1.2515
2387880,1.7000,1.2370
2388380,1.7000,1.2370
2388880,1.7000,1.2370
2389380,1.7000,1.2555
2389880,1.7000,1.2370
2390380,1.7000,1.2612
2390880,1.7000,1.2370
2391380,1.7000,1.2531
2391880,1.7000,1.2588
2392380,1.7000,1.2370
2392880,1.7000,1.2620
2393380,1.7000,1.2370
2393880,1.7000,1.2370
2394380,1.7000,1.2515
2394880,1.7000,1.2523
2395380,1.7000,1.2555
2395880,1.7000,1.2370
2396380,1.7000,1.2370
2396880,1.7000,1.2636
2397380,1.7000,1.2547
2397880,1.7000,1.2370
2398380,1.7000,1.2370
2398880,1.7000,1.2370
2399380,1.7000,1.2233
2399880,1.7000,1.2370
2400380,1.7000,1.2555
2400880,1.7000,1.2370
2401380,1.7000,1.2370
2401880,1.7000,1.2370
2402380,1.7000,1.2370
2402880,1.7000,1.2370
2403380,1.7000,1.2370
2403880,1.7000,1.2555
2404380,1.7000,1.2370
2404880,1.7000,1.2370
2405380,1.7000,1.2370
2405880,1.7000,1.2370
2406380,1.7000,1.2370
2406880,1.7000,1.2620
2407380,1.7000,1.2370
2407880,1.7000,1.2370
2408380,1.7000,1.2370
2408880,1.7000,1.2370
2409380,1.7000,1.2531
2409880,1.7000,1.2370
2410380,1.7000,1.2370
2410880,1.7000,1.2370
2411380,1.7000,1.2523
2411880,1.7000,1.2596
2412380,1.7000,1.2370
2412880,1.7000,1.2370
2413380,1.7000,1.2370
2413880,1.7000,1.2370
2414380,1.7000,1.2620
2414880,1.7000,1.2370
2415380,1.7000,1.2571
2415880,1.7000,1.2523
2416380,1.7000,1.2370
2416880,1.7000,1.2620
2417380,1.7000,1.2523
2417880,1.7000,1.2370
2418380,1.7000,1.2588
2418880,1.7000,1.2531
2419380,1.7000,1.2370
2419880,1.7000,1.2620
2420380,1.7000,1.2539
2420880,1.7000,1.2370
2421380,1.7000,1.2370
2421880,1.7000,1.2555
2422380,1.7000,1.2531
2422880,1.7000,1.2555
2423380,1.7000,1.2523
2423880,1.7000,1.2370
2424380,1.7000,1.2289
2424880,1.7000,1.2370
2425380,1.7000,1.2588
2425880,1.7000,1.2547
2426380,1.7000,1.2588
2426880,1.7000,1.2370
2427380,1.7000,1.2555
2427880,1.7000,1.2547
2428380,1.7000,1.2531
2428880,1.7000,1.2539
2429380,1.7000,1.2620
2429880,1.7000,1.2539
2430380,1.7000,1.2579
2430880,1.7000,1.2370
2431380,1.7000,1.2563
2431880,1.7000,1.2588
2432380,1.7000,1.2531
2432880,1.7000,1.2579
2433380,1.7000,1.2620
2433880,1.7000,1.2644
2434380,1.7000,1.2523
2434880,1.7000,1.2596
2435380,1.7000,1.2370
2435880,1.7000,1.2539
2436380,1.7000,1.2604
2436880,1.7000,1.2370
2437380,1.7000,1.2588
2437880,1.7000,1.2547
2438380,1.7000,1.2370
2438880,1.7000,1.2596
2439380,1.7000,1.2370
2439880,1.7000,1.2370
2440380,1.7000,1.2676
2440880,1.7000,1.2555
2441380,1.7000,1.2370
2441880,1.7000,1.2636
2442380,1.7000,1.2668
2442880,1.7000,1.2523
2443380,1.7000,1.2708
2443880,1.7000,1.2716
2444380,1.7000,1.2596
2444880,1.7000,1.2620
2445380,1.7000,1.2523
2445880,1.7000,1.2644
2446380,1.7000,1.2370
2446880,1.7000,1.2370
2447380,1.7000,1.2652
2447880,1.7000,1.2370
2448380,1.7000,1.2596
2448880,1.7000,1.2644
2449380,1.7000,1.2684
2449880,1.7000,1.2636
2450380,1.7000,1.2596
2450880,1.7000,1.2588
2451380,1.7000,1.2563
2451880,1.7000,1.2636
2452380,1.7000,1.2370
2452880,1.7000,1.2620
2453380,1.7000,1.2636
2453880,1.7000,1.2507
2454380,1.7000,1.2644
2454880,1.7000,1.2644
2455380,1.7000,1.2563
2455880,1.7000,1.2725
2456380,1.7000,1.2588
2456880,1.7000,1.2652
2457380,1.7000,1.2652
2457880,1.7000,1.2547
2458380,1.7000,1.2612
2458880,1.7000,1.2555
2459380,1.7000,1.2620
2459880,1.7000,1.2676
2460380,1.7000,1.2628
2460880,1.7000,1.2612
2461380,1.7000,1.2305
2461880,1.7000,1.2579
2462380,1.7000,1.2547
2462880,1.7000,1.2781
2463380,1.7000,1.2628
2463880,1.7000,1.2612
2464380,1.7000,1.2370
2464880,1.7000,1.2757
2465380,1.7000,1.2620
2465880,1.7000,1.2612
2466380,1.7000,1.2652
2466880,1.7000,1.2539
2467380,1.7000,1.2604
2467880,1.7000,1.2596
2468380,1.7000,1.2676
2468880,1.7000,1.2684
2469380,1.7000,1.2370
2469880,1.7000,1.2579
2470380,1.7000,1.2644
2470880,1.7000,1.2604
2471380,1.7000,1.2604
2471880,1.7000,1.2612
2472380,1.7000,1.2668
2472880,1.7000,1.2620
2473380,1.7000,1.2596
2473880,1.7000,1.2596
2474380,1.7000,1.2579
2474880,1.7000,1.2547
2475380,1.7000,1.2547
2475880,1.7000,1.2555
2476380,1.7000,1.2370
2476880,1.7000,1.2563
2477380,1.7000,1.2628
2477880,1.7000,1.2628
2478380,1.7000,1.2588
2478880,1.7000,1.2612
2479380,1.7000,1.2531
2479880,1.7000,1.2370
2480380,1.7000,1.2555
2480880,1.7000,1.2700
2481380,1.7000,1.2604
2481880,1.7000,1.2620
2482380,1.7000,1.2289
2482880,1.7000,1.2563
2483380,1.7000,1.2579
2483880,1.7000,1.2596
2484380,1.7000,1.2652
2484880,1.7000,1.2547
2485380,1.7000,1.2628
2485880,1.7000,1.2370
2486380,1.7000,1.2612
2486880,1.7000,1.2612
2487380,1.7000,1.2660
2487880,1.7000,1.2588
2488380,1.7000,1.2620
2488880,1.7000,1.2628
2489380,1.7000,1.2636
2489880,1.7000,1.2555
2490380,1.7000,1.2749
2490880,1.7000,1.2555
2491380,1.7000,1.2579
2491880,1.7000,1.2620
2492380,1.7000,1.2588
2492880,1.7000,1.2708
2493380,1.7000,1.2620
2493880,1.7000,1.2628
2494380,1.7000,1.2628
2494880,1.7000,1.2588
2495380,1.7000,1.2596
2495880,1.7000,1.2636
2496380,1.7000,1.2612
2496880,1.7000,1.2708
2497380,1.7000,1.2547
2497880,1.7000,1.2370
2498380,1.7000,1.2660
2498880,1.7000,1.2757
2499380,1.7000,1.2523
2499880,1.7000,1.2644
2500380,1.7000,1.2636
2500880,1.7000,1.2660
2501380,1.7000,1.2523
2501880,1.7000,1.2555
2502380,1.7000,1.2749
2502880,1.7000,1.2692
2503380,1.7000,1.2684
2503880,1.7000,1.2628
2504380,1.7000,1.2636
2504880,1.7000,1.2370
2505380,1.7000,1.2805
2505880,1.7000,1.2563
2506380,1.7000,1.2588
2506880,1.7000,1.2628
2507380,1.7000,1.2652
2507880,1.7000,1.2604
2508380,1.7000,1.2749
2508880,1.7000,1.2757
2509380,1.7000,1.2596
2509880,1.7000,1.2716
2510380,1.7000,1.2531
2510880,1.7000,1.2636
2511380,1.7000,1.2588
2511880,1.7000,1.2563
2512380,1.7000,1.2620
2512880,1.7000,1.2652
2513380,1.7000,1.2612
2513880,1.7000,1.2668
2514380,1.7000,1.2692
2514880,1.7000,1.2596
2515380,1.7000,1.2596
2515880,1.7000,1.2579
2516380,1.7000,1.2612
2516880,1.7000,1.2781
2517380,1.7000,1.2829
2517880,1.7000,1.2628
2518380,1.7000,1.2571
2518880,1.7000,1.2531
2519380,1.7000,1.2660
2519880,1.7000,1.2547
2520380,1.7000,1.2507
2520880,1.7000,1.2612
2521380,1.7000,1.2684
2521880,1.7000,1.2604
2522380,1.7000,1.2523
2522880,1.7000,1.2370
2523380,1.7000,1.2676
2523880,1.7000,1.2370
2524380,1.7000,1.2555
2524880,1.7000,1.2765
2525380,1.7000,1.2644
2525880,1.7000,1.2716
2526380,1.7000,1.2579
2526880,1.7000,1.2708
2527380,1.7000,1.2644
2527880,1.7000,1.2757
2528380,1.7000,1.2636
2528880,1.7000,1.2588
2529380,1.7000,1.2668
2529880,1.7000,1.2636
2530380,1.7000,1.2644
2530880,1.7000,1.2725
2531380,1.7000,1.2555
2531880,1.7000,1.2612
2532380,1.7000,1.2749
2532880,1.7000,1.2620
2533380,1.7000,1.2620
2533880,1.7000,1.2676
2534380,1.7000,1.2579
2534880,1.7000,1.2579
2535380,1.7000,1.2708
2535880,1.7000,1.2676
2536380,1.7000,1.2225
2536880,1.7000,1.2596
2537380,1.7000,1.2620
2537880,1.7000,1.2628
2538380,1.7000,1.2700
2538880,1.7000,1.2370
2539380,1.7000,1.2636
2539880,1.7000,1.2588
2540380,1.7000,1.2676
2540880,1.7000,1.2692
2541380,1.7000,1.2588
2541880,1.7000,1.2692
2542380,1.7000,1.2660
2542880,1.7000,1.2628
2543380,1.7000,1.2652
2543880,1.7000,1.2636
2544380,1.7000,1.2676
2544880,1.7000,1.2660
2545380,1.7000,1.2628
2545880,1.7000,1.2716
2546380,1.7000,1.2676
2546880,1.7000,1.2547
2547380,1.7000,1.2628
2547880,1.7000,1.2741
2548380,1.7000,1.2660
2548880,1.7000,1.2620
2549380,1.7000,1.2684
2549880,1.7000,1.2620
2550380,1.7000,1.2628
2550880,1.7000,1.2644
2551380,1.7000,1.2684
2551880,1.7000,1.2668
2552380,1.7000,1.2628
2552880,1.7000,1.2604
2553380,1.7000,1.2652
2553880,1.7000,1.2636
2554380,1.7000,1.2676
2554880,1.7000,1.2588
2555380,1.7000,1.2708
2555880,1.7000,1.2725
2556380,1.7000,1.2749
2556880,1.7000,1.2733
2557380,1.7000,1.2684
2557880,1.7000,1.2660
2558380,1.7000,1.2555
2558880,1.7000,1.2628
2559380,1.7000,1.2676
2559880,1.7000,1.2813
2560380,1.7000,1.2660
2560880,1.7000,1.2692
2561380,1.7000,1.2620
2561880,1.7000,1.2692
2562380,1.7000,1.2644
2562880,1.7000,1.2765
2563380,1.7000,1.2370
2563880,1.7000,1.2789
2564380,1.7000,1.2636
2564880,1.7000,1.2716
2565380,1.7000,1.2644
2565880,1.7000,1.2781
2566380,1.7000,1.2765
2566880,1.7000,1.2596
2567380,1.7000,1.2660
2567880,1.7000,1.2531
2568380,1.7000,1.2612
2568880,1.7000,1.2684
2569380,1.7000,1.2596
2569880,1.7000,1.2757
2570380,1.7000,1.2692
2570880,1.7000,1.2588
2571380,1.7000,1.2684
2571880,1.7000,1.2805
2572380,1.7000,1.2144
2572880,1.7000,1.2765
2573380,1.7000,1.2636
2573880,1.7000,1.2684
2574380,1.7000,1.2370
2574880,1.7000,1.2692
2575380,1.7000,1.2821
2575880,1.7000,1.2765
2576380,1.7000,1.2676
2576880,1.7000,1.2370
2577380,1.7000,1.2660
2577880,1.7000,1.2684
2578380,1.7000,1.2370
2578880,1.7000,1.2547
2579380,1.7000,1.2636
2579880,1.7000,1.2588
2580380,1.7000,1.2725
2580880,1.7000,1.2604
2581380,1.7000,1.2829
2581880,1.7000,1.2652
2582380,1.7000,1.2660
2582880,1.7000,1.2555
2583380,1.7000,1.2676
2583880,1.7000,1.2765
2584380,1.7000,1.2725
2584880,1.7000,1.2692
2585380,1.7000,1.2676
2585880,1.7000,1.2684
2586380,1.7000,1.2555
2586880,1.7000,1.2660
2587380,1.7000,1.2676
2587880,1.7000,1.2749
2588380,1.7000,1.2700
2588880,1.7000,1.2749
2589380,1.7000,1.2741
2589880,1.7000,1.2652
2590380,1.7000,1.2733
2590880,1.7000,1.2902
2591380,1.7000,1.2668
2591880,1.7000,1.2749
2592380,1.7000,1.2684
2592880,1.7000,1.2821
2593380,1.7000,1.2692
2593880,1.7000,1.2660
2594380,1.7000,1.2749
2594880,1.7000,1.2652
2595380,1.7000,1.2708
2595880,1.7000,1.2725
2596380,1.7000,1.2708
2596880,1.7000,1.2692
2597380,1.7000,1.2757
2597880,1.7000,1.2644
2598380,1.7000,1.2789
2598880,1.7000,1.2741
2599380,1.7000,1.2781
2599880,1.7000,1.2692
2600380,1.7000,1.2692
2600880,1.7000,1.2765
2601380,1.7000,1.2676
2601880,1.7000,1.2596
2602380,1.7000,1.2644
2602880,1.7000,1.2781
2603380,1.7000,1.2765
2603880,1.7000,1.2636
2604380,1.7000,1.2725
2604880,1.7000,1.2757
2605380,1.7000,1.2829
2605880,1.7000,1.2708
2606380,1.7000,1.2886
2606880,1.7000,1.2765
2607380,1.7000,1.2636
2607880,1.7000,1.2765
2608380,1.7000,1.2781
2608880,1.7000,1.2652
2609380,1.7000,1.2684
2609880,1.7000,1.2765
2610380,1.7000,1.2596
2610880,1.7000,1.2660
2611380,1.7000,1.2620
2611880,1.7000,1.2716
2612380,1.7000,1.2716
2612880,1.7000,1.2684
2613380,1.7000,1.2789
2613880,1.7000,1.2708
2614380,1.7000,1.2588
2614880,1.7000,1.2684
2615380,1.7000,1.2716
2615880,1.7000,1.2579
2616380,1.7000,1.2370
2616880,1.7000,1.2684
2617380,1.7000,1.2708
2617880,1.7000,1.2539
2618380,1.7000,1.2741
2618880,1.7000,1.2749
2619380,1.7000,1.2765
2619880,1.7000,1.2749
2620380,1.7000,1.2773
2620880,1.7000,1.2765
2621380,1.7000,1.2652
2621880,1.7000,1.2636
2622380,1.7000,1.2716
2622880,1.7000,1.2660
2623380,1.7000,1.2725
2623880,1.7000,1.2749
2624380,1.7000,1.2684
2624880,1.7000,1.2660
2625380,1.7000,1.2370
2625880,1.7000,1.2773
2626380,1.7000,1.2708
2626880,1.7000,1.2620
2627380,1.7000,1.2870
2627880,1.7000,1.2620
2628380,1.7000,1.2773
2628880,1.7000,1.2757
2629380,1.7000,1.2628
2629880,1.7000,1.2757
2630380,1.7000,1.2781
2630880,1.7000,1.2813
2631380,1.7000,1.2765
2631880,1.7000,1.2741
2632380,1.7000,1.2765
2632880,1.7000,1.2781
2633380,1.7000,1.2749
2633880,1.7000,1.2797
2634380,1.7000,1.2805
2634880,1.7000,1.2765
2635380,1.7000,1.2845
2635880,1.7000,1.2741
2636380,1.7000,1.2781
2636880,1.7000,1.2821
2637380,1.7000,1.2845
2637880,1.7000,1.2894
2638380,1.7000,1.2765
2638880,1.7000,1.2692
2639380,1.7000,1.2725
2639880,1.7000,1.2749
2640380,1.7000,1.2741
2640880,1.7000,1.2684
2641380,1.7000,1.2765
2641880,1.7000,1.2813
2642380,1.7000,1.2716
2642880,1.7000,1.2781
2643380,1.7000,1.2749
2643880,1.7000,1.2765
2644380,1.7000,1.2757
2644880,1.7000,1.2837
2645380,1.7000,1.2644
2645880,1.7000,1.2765
2646380,1.7000,1.2765
2646880,1.7000,1.2733
2647380,1.7000,1.2765
2647880,1.7000,1.2894
2648380,1.7000,1.2765
2648880,1.7000,1.2813
2649380,1.7000,1.2813
2649880,1.7000,1.2773
2650380,1.7000,1.2789
2650880,1.7000,1.2612
2651380,1.7000,1.2805
2651880,1.7000,1.2765
2652380,1.7000,1.2588
2652880,1.7000,1.2821
2653380,1.7000,1.2733
2653880,1.7000,1.2886
2654380,1.7000,1.2716
2654880,1.7000,1.2765
2655380,1.7000,1.2805
2655880,1.7000,1.2741
2656380,1.7000,1.2781
2656880,1.7000,1.2910
2657380,1.7000,1.2781
2657880,1.7000,1.2837
2658380,1.7000,1.2853
2658880,1.7000,1.2741
2659380,1.7000,1.2789
2659880,1.7000,1.2821
2660380,1.7000,1.2765
2660880,1.7000,1.2765
2661380,1.7000,1.2765
2661880,1.7000,1.2733
2662380,1.7000,1.2821
2662880,1.7000,1.2910
2663380,1.7000,1.2773
2663880,1.7000,1.2692
2664380,1.7000,1.2886
2664880,1.7000,1.2821
2665380,1.7000,1.2765
2665880,1.7000,1.2765
2666380,1.7000,1.2773
2666880,1.7000,1.2765
2667380,1.7000,1.2765
2667880,1.7000,1.2813
2668380,1.7000,1.2757
2668880,1.7000,1.2910
2669380,1.7000,1.2765
2669880,1.7000,1.2789
2670380,1.7000,1.2765
2670880,1.7000,1.2765
2671380,1.7000,1.2894
2671880,1.7000,1.2894
2672380,1.7000,1.2757
2672880,1.7000,1.2781
2673380,1.7000,1.2999
2673880,1.7000,1.2765
2674380,1.7000,1.2813
2674880,1.7000,1.2821
2675380,1.7000,1.2821
2675880,1.7000,1.2725
2676380,1.7000,1.2741
2676880,1.7000,1.2821
2677380,1.7000,1.2781
2677880,1.7000,1.2966
2678380,1.7000,1.2813
2678880,1.7000,1.2773
2679380,1.7000,1.2789
2679880,1.7000,1.2765
2680380,1.7000,1.2781
2680880,1.7000,1.2765
2681380,1.7000,1.2910
2681880,1.7000,1.2773
2682380,1.7000,1.2749
2682880,1.7000,1.2821
2683380,1.7000,1.2781
2683880,1.7000,1.2781
2684380,1.7000,1.2716
2684880,1.7000,1.2733
2685380,1.7000,1.2894
2685880,1.7000,1.2773
2686380,1.7000,1.2749
2686880,1.7000,1.2813
2687380,1.7000,1.2942
2687880,1.7000,1.2757
2688380,1.7000,1.2781
2688880,1.7000,1.2765
2689380,1.7000,1.2773
2689880,1.7000,1.2845
2690380,1.7000,1.2926
2690880,1.7000,1.2781
2691380,1.7000,1.2765
2691880,1.7000,1.2725
2692380,1.7000,1.2837
2692880,1.7000,1.2894
2693380,1.7000,1.2757
2693880,1.7000,1.2805
2694380,1.7000,1.2749
2694880,1.7000,1.2894
2695380,1.7000,1.2797
2695880,1.7000,1.2837
2696380,1.7000,1.2668
2696880,1.7000,1.2845
2697380,1.7000,1.2845
2697880,1.7000,1.2870
2698380,1.7000,1.2837
2698880,1.7000,1.2886
2699380,1.7000,1.2789
2699880,1.7000,1.2797
2700380,1.7000,1.2821
2700880,1.7000,1.2878
2701380,1.7000,1.2805
2701880,1.7000,1.2821
2702380,1.7000,1.2886
2702880,1.7000,1.2765
2703380,1.7000,1.2765
2703880,1.7000,1.2781
2704380,1.7000,1.2805
2704880,1.7000,1.2837
2705380,1.7000,1.2894
2705880,1.7000,1.2870
2706380,1.7000,1.2789
2706880,1.7000,1.2878
2707380,1.7000,1.2894
2707880,1.7000,1.2918
2708380,1.7000,1.2757
2708880,1.7000,1.2765
2709380,1.7000,1.2789
2709880,1.7000,1.2821
2710380,1.7000,1.2870
2710880,1.7000,1.2789
2711380,1.7000,1.2878
2711880,1.7000,1.2805
2712380,1.7000,1.2886
2712880,1.7000,1.2813
2713380,1.7000,1.2910
2713880,1.7000,1.2821
2714380,1.7000,1.3071
2714880,1.7000,1.2845
2715380,1.7000,1.2821
2715880,1.7000,1.2781
2716380,1.7000,1.2870
2716880,1.7000,1.2853
2717380,1.7000,1.2765
2717880,1.7000,1.2853
2718380,1.7000,1.2805
2718880,1.7000,1.2878
2719380,1.7000,1.2853
2719880,1.7000,1.2765
2720380,1.7000,1.2805
2720880,1.7000,1.2684
2721380,1.7000,1.2870
2721880,1.7000,1.2789
2722380,1.7000,1.2821
2722880,1.7000,1.2894
2723380,1.7000,1.2821
2723880,1.7000,1.2765
2724380,1.7000,1.2765
2724880,1.7000,1.2773
2725380,1.7000,1.2765
2725880,1.7000,1.2821
2726380,1.7000,1.2813
2726880,1.7000,1.2862
2727380,1.7000,1.2845
2727880,1.7000,1.2805
2728380,1.7000,1.2773
2728880,1.7000,1.3031
2729380,1.7000,1.2878
2729880,1.7000,1.2765
2730380,1.7000,1.2853
2730880,1.7000,1.2725
2731380,1.7000,1.2942
2731880,1.7000,1.2773
2732380,1.7000,1.2878
2732880,1.7000,1.2789
2733380,1.7000,1.2894
2733880,1.7000,1.2684
2734380,1.7000,1.2837
2734880,1.7000,1.2902
2735380,1.7000,1.2781
2735880,1.7000,1.2853
2736380,1.7000,1.3160
2736880,1.7000,1.2821
2737380,1.7000,1.2789
2737880,1.7000,1.2902
2738380,1.7000,1.2894
2738880,1.7000,1.3023
2739380,1.7000,1.2853
2739880,1.7000,1.2853
2740380,1.7000,1.2894
2740880,1.7000,1.2813
2741380,1.7000,1.2781
2741880,1.7000,1.2797
2742380,1.7000,1.2862
2742880,1.7000,1.2894
2743380,1.7000,1.2821
2743880,1.7000,1.2789
2744380,1.7000,1.2934
2744880,1.7000,1.2894
2745380,1.7000,1.2853
2745880,1.7000,1.2918
2746380,1.7000,1.2862
2746880,1.7000,1.2934
2747380,1.7000,1.2813
2747880,1.7000,1.2765
2748380,1.7000,1.2870
2748880,1.7000,1.2660
2749380,1.7000,1.2853
2749880,1.7000,1.2853
2750380,1.7000,1.2918
2750880,1.7000,1.3023
2751380,1.7000,1.2853
2751880,1.7000,1.2845
2752380,1.7000,1.2837
2752880,1.7000,1.2950
2753380,1.7000,1.2886
2753880,1.7000,1.2974
2754380,1.7000,1.2862
2754880,1.7000,1.2773
2755380,1.7000,1.2886
2755880,1.7000,1.2620
2756380,1.7000,1.2918
2756880,1.7000,1.2878
2757380,1.7000,1.2805
2757880,1.7000,1.2902
2758380,1.7000,1.2894
2758880,1.7000,1.2918
2759380,1.7000,1.2853
2759880,1.7000,1.2910
2760380,1.7000,1.2781
2760880,1.7000,1.2894
2761380,1.7000,1.2821
2761880,1.7000,1.2853
2762380,1.7000,1.2797
2762880,1.7000,1.3023
2763380,1.7000,1.2813
2763880,1.7000,1.2934
2764380,1.7000,1.2853
2764880,1.7000,1.2853
2765380,1.7000,1.2950
2765880,1.7000,1.2821
2766380,1.7000,1.2845
2766880,1.7000,1.2870
2767380,1.7000,1.2910
2767880,1.7000,1.2934
2768380,1.7000,1.2853
2768880,1.7000,1.2821
2769380,1.7000,1.2870
2769880,1.7000,1.2902
2770380,1.7000,1.2789
2770880,1.7000,1.2837
2771380,1.7000,1.2789
2771880,1.7000,1.2942
2772380,1.7000,1.2878
2772880,1.7000,1.2894
2773380,1.7000,1.2765
2773880,1.7000,1.2894
2774380,1.7000,1.2878
2774880,1.7000,1.2926
2775380,1.7000,1.2878
2775880,1.7000,1.2894
2776380,1.7000,1.2886
2776880,1.7000,1.2805
2777380,1.7000,1.2894
2777880,1.7000,1.2950
2778380,1.7000,1.2821
2778880,1.7000,1.2886
2779380,1.7000,1.2886
2779880,1.7000,1.2878
2780380,1.7000,1.2878
2780880,1.7000,1.2837
2781380,1.7000,1.2950
2781880,1.7000,1.2886
2782380,1.7000,1.2886
2782880,1.7000,1.2741
2783380,1.7000,1.2789
2783880,1.7000,1.2950
2784380,1.7000,1.2910
2784880,1.7000,1.2902
2785380,1.7000,1.2894
2785880,1.7000,1.2853
2786380,1.7000,1.2942
2786880,1.7000,1.2910
2787380,1.7000,1.2982
2787880,1.7000,1.2902
2788380,1.7000,1.2870
2788880,1.7000,1.2894
2789380,1.7000,1.2934
2789880,1.7000,1.2837
2790380,1.7000,1.2765
2790880,1.7000,1.2870
2791380,1.7000,1.2902
2791880,1.7000,1.2902
2792380,1.7000,1.2894
2792880,1.7000,1.2878
2793380,1.7000,1.2773
2793880,1.7000,1.2886
2794380,1.7000,1.2910
2794880,1.7000,1.2725
2795380,1.7000,1.2886
2795880,1.7000,1.2886
2796380,1.7000,1.2999
2796880,1.7000,1.2878
2797380,1.7000,1.2845
2797880,1.7000,1.2789
2798380,1.7000,1.2845
2798880,1.7000,1.3023
2799380,1.7000,1.2862
2799880,1.7000,1.2942
2800380,1.7000,1.2894
2800880,1.7000,1.2886
2801380,1.7000,1.2942
2801880,1.7000,1.3023
2802380,1.7000,1.2942
2802880,1.7000,1.2837
2803380,1.7000,1.2902
2803880,1.7000,1.2886
2804380,1.7000,1.2894
2804880,1.7000,1.2821
2805380,1.7000,1.3063
2805880,1.7000,1.2942
2806380,1.7000,1.2894
2806880,1.7000,1.2902
2807380,1.7000,1.2886
2807880,1.7000,1.2934
2808380,1.7000,1.3039
2808880,1.7000,1.2990
2809380,1.7000,1.2902
2809880,1.7000,1.2813
2810380,1.7000,1.2878
2810880,1.7000,1.2894
2811380,1.7000,1.3023
2811880,1.7000,1.2870
2812380,1.7000,1.2918
2812880,1.7000,1.2894
2813380,1.7000,1.2902
2813880,1.7000,1.2845
2814380,1.7000,1.2918
2814880,1.7000,1.2829
2815380,1.7000,1.2894
2815880,1.7000,1.2886
2816380,1.7000,1.2918
2816880,1.7000,1.2918
2817380,1.7000,1.3007
2817880,1.7000,1.2902
2818380,1.7000,1.2910
2818880,1.7000,1.2894
2819380,1.7000,1.2974
2819880,1.7000,1.2894
2820380,1.7000,1.2950
2820880,1.7000,1.2918
2821380,1.7000,1.2886
2821880,1.7000,1.2845
2822380,1.7000,1.2765
2822880,1.7000,1.2894
2823380,1.7000,1.3063
2823880,1.7000,1.2894
2824380,1.7000,1.2870
2824880,1.7000,1.2902
2825380,1.7000,1.2918
2825880,1.7000,1.2886
2826380,1.7000,1.2999
2826880,1.7000,1.2870
2827380,1.7000,1.2886
2827880,1.7000,1.2805
2828380,1.7000,1.2870
2828880,1.7000,1.2821
2829380,1.7000,1.2894
2829880,1.7000,1.2926
2830380,1.7000,1.2910
2830880,1.7000,1.2894
2831380,1.7000,1.2999
2831880,1.7000,1.2902
2832380,1.7000,1.2902
2832880,1.7000,1.2886
2833380,1.7000,1.2990
2833880,1.7000,1.2950
2834380,1.7000,1.2974
2834880,1.7000,1.2902
2835380,1.7000,1.3087
2835880,1.7000,1.3015
2836380,1.7000,1.2918
2836880,1.7000,1.2902
2837380,1.7000,1.2950
2837880,1.7000,1.2934
2838380,1.7000,1.2628
2838880,1.7000,1.2918
2839380,1.7000,1.2934
2839880,1.7000,1.2918
2840380,1.7000,1.2934
2840880,1.7000,1.2813
2841380,1.7000,1.2966
2841880,1.7000,1.2845
2842380,1.7000,1.2966
2842880,1.7000,1.2942
2843380,1.7000,1.2926
2843880,1.7000,1.2902
2844380,1.7000,1.2870
2844880,1.7000,1.2918
2845380,1.7000,1.2934
2845880,1.7000,1.2934
2846380,1.7000,1.2950
2846880,1.7000,1.2918
2847380,1.7000,1.2902
2847880,1.7000,1.2966
2848380,1.7000,1.2990
2848880,1.7000,1.2773
2849380,1.7000,1.2845
2849880,1.7000,1.2918
2850380,1.7000,1.3087
2850880,1.7000,1.2918
2851380,1.7000,1.2950
2851880,1.7000,1.2926
2852380,1.7000,1.2974
2852880,1.7000,1.2894
2853380,1.7000,1.2853
2853880,1.7000,1.2894
2854380,1.7000,1.3136
2854880,1.7000,1.2918
2855380,1.7000,1.2966
2855880,1.7000,1.2894
2856380,1.7000,1.3111
2856880,1.7000,1.2805
2857380,1.7000,1.2966
2857880,1.7000,1.2974
2858380,1.7000,1.2934
2858880,1.7000,1.2942
2859380,1.7000,1.2950
2859880,1.7000,1.2950
2860380,1.7000,1.2894
2860880,1.7000,1.2910
2861380,1.7000,1.2902
2861880,1.7000,1.2942
2862380,1.7000,1.2966
2862880,1.7000,1.3023
2863380,1.7000,1.2773
2863880,1.7000,1.2910
2864380,1.7000,1.2902
2864880,1.7000,1.2999
2865380,1.7000,1.3023
2865880,1.7000,1.2894
2866380,1.7000,1.2894
2866880,1.7000,1.2918
2867380,1.7000,1.3055
2867880,1.7000,1.2982
2868380,1.7000,1.2950
2868880,1.7000,1.3071
2869380,1.7000,1.3023
2869880,1.7000,1.2902
2870380,1.7000,1.3023
2870880,1.7000,1.2974
2871380,1.7000,1.2821
2871880,1.7000,1.3023
2872380,1.7000,1.2894
2872880,1.7000,1.2974
2873380,1.7000,1.2990
2873880,1.7000,1.2982
2874380,1.7000,1.2894
2874880,1.7000,1.2934
2875380,1.7000,1.2950
2875880,1.7000,1.2902
2876380,1.7000,1.2982
2876880,1.7000,1.3289
2877380,1.7000,1.2910
2877880,1.7000,1.3039
2878380,1.7000,1.3047
2878880,1.7000,1.2934
2879380,1.7000,1.2942
2879880,1.7000,1.2918
2880380,1.7000,1.2894
2880880,1.7000,1.2966
2881380,1.7000,1.2894
2881880,1.7000,1.2942
2882380,1.7000,1.3023
2882880,1.7000,1.3023
2883380,1.7000,1.3023
2883880,1.7000,1.2966
2884380,1.7000,1.2894
2884880,1.7000,1.2942
2885380,1.7000,1.2894
2885880,1.7000,1.2870
2886380,1.7000,1.2966
2886880,1.7000,1.2942
2887380,1.7000,1.2781
2887880,1.7000,1.2982
2888380,1.7000,1.2974
2888880,1.7000,1.2982
2889380,1.7000,1.2870
2889880,1.7000,1.2894
2890380,1.7000,1.2974
2890880,1.7000,1.3015
2891380,1.7000,1.2878
2891880,1.7000,1.2902
2892380,1.7000,1.3031
2892880,1.7000,1.2918
2893380,1.7000,1.2886
2893880,1.7000,1.2942
2894380,1.7000,1.2934
2894880,1.7000,1.2974
2895380,1.7000,1.2982
2895880,1.7000,1.3023
2896380,1.7000,1.2918
2896880,1.7000,1.2918
2897380,1.7000,1.2926
2897880,1.7000,1.2902
2898380,1.7000,1.2894
2898880,1.7000,1.2870
2899380,1.7000,1.2894
2899880,1.7000,1.2918
2900380,1.7000,1.2894
2900880,1.7000,1.2999
2901380,1.7000,1.3063
2901880,1.7000,1.2958
2902380,1.7000,1.2950
2902880,1.7000,1.2982
2903380,1.7000,1.2926
2903880,1.7000,1.2966
2904380,1.7000,1.3039
2904880,1.7000,1.2958
2905380,1.7000,1.2894
2905880,1.7000,1.2999
2906380,1.7000,1.2918
2906880,1.7000,1.3111
2907380,1.7000,1.2966
2907880,1.7000,1.2958
2908380,1.7000,1.2934
2908880,1.7000,1.3007
2909380,1.7000,1.2910
2909880,1.7000,1.2942
2910380,1.7000,1.2950
2910880,1.7000,1.3095
2911380,1.7000,1.3047
2911880,1.7000,1.2966
2912380,1.7000,1.3039
2912880,1.7000,1.3015
2913380,1.7000,1.2934
2913880,1.7000,1.2942
2914380,1.7000,1.2982
2914880,1.7000,1.2966
2915380,1.7000,1.3023
2915880,1.7000,1.2950
2916380,1.7000,1.3023
2916880,1.7000,1.2982
2917380,1.7000,1.2789
2917880,1.7000,1.2974
2918380,1.7000,1.3031
2918880,1.7000,1.2942
2919380,1.7000,1.3023
2919880,1.7000,1.3007
2920380,1.7000,1.3023
2920880,1.7000,1.3015
2921380,1.7000,1.2966
2921880,1.7000,1.2982
2922380,1.7000,1.2902
2922880,1.7000,1.3023
2923380,1.7000,1.2950
2923880,1.7000,1.2934
2924380,1.7000,1.2894
2924880,1.7000,1.2950
2925380,1.7000,1.2999
2925880,1.7000,1.2894
2926380,1.7000,1.2990
2926880,1.7000,1.2982
2927380,1.7000,1.2966
2927880,1.7000,1.2902
2928380,1.7000,1.2942
2928880,1.7000,1.3031
2929380,1.7000,1.2918
2929880,1.7000,1.2999
2930380,1.7000,1.3063
2930880,1.7000,1.2974
2931380,1.7000,1.2942
2931880,1.7000,1.3055
2932380,1.7000,1.2982
2932880,1.7000,1.3047
2933380,1.7000,1.2894
2933880,1.7000,1.2974
2934380,1.7000,1.3023
2934880,1.7000,1.3039
2935380,1.7000,1.2966
2935880,1.7000,1.2999
2936380,1.7000,1.2966
2936880,1.7000,1.3023
2937380,1.7000,1.2990
2937880,1.7000,1.3127
2938380,1.7000,1.2982
2938880,1.7000,1.2942
2939380,1.7000,1.2950
2939880,1.7000,1.3015
2940380,1.7000,1.2837
2940880,1.7000,1.3063
2941380,1.7000,1.2982
2941880,1.7000,1.3023
2942380,1.7000,1.2974
2942880,1.7000,1.2902
2943380,1.7000,1.2910
2943880,1.7000,1.3385
2944380,1.7000,1.3023
2944880,1.7000,1.2966
2945380,1.7000,1.3039
2945880,1.7000,1.3023
2946380,1.7000,1.3023
2946880,1.7000,1.2982
2947380,1.7000,1.3079
2947880,1.7000,1.2990
2948380,1.7000,1.2878
2948880,1.7000,1.2974
2949380,1.7000,1.2934
2949880,1.7000,1.3015
2950380,1.7000,1.2966
2950880,1.7000,1.2886
2951380,1.7000,1.3015
2951880,1.7000,1.3063
2952380,1.7000,1.2886
2952880,1.7000,1.3007
2953380,1.7000,1.2982
2953880,1.7000,1.2950
2954380,1.7000,1.3015
2954880,1.7000,1.2990
2955380,1.7000,1.3015
2955880,1.7000,1.2886
2956380,1.7000,1.3007
2956880,1.7000,1.2982
2957380,1.7000,1.3007
2957880,1.7000,1.2999
2958380,1.7000,1.3071
2958880,1.7000,1.3007
2959380,1.7000,1.3023
2959880,1.7000,1.3023
2960380,1.7000,1.2918
2960880,1.7000,1.2982
2961380,1.7000,1.2999
2961880,1.7000,1.3007
2962380,1.7000,1.2684
2962880,1.7000,1.2974
2963380,1.7000,1.2982
2963880,1.7000,1.2974
2964380,1.7000,1.2821
2964880,1.7000,1.3144
2965380,1.7000,1.3023
2965880,1.7000,1.2934
2966380,1.7000,1.3023
2966880,1.7000,1.2999
2967380,1.7000,1.2982
2967880,1.7000,1.3031
2968380,1.7000,1.3240
2968880,1.7000,1.2982
2969380,1.7000,1.3023
2969880,1.7000,1.3023
2970380,1.7000,1.2974
2970880,1.7000,1.3047
2971380,1.7000,1.3007
2971880,1.7000,1.2990
2972380,1.7000,1.3007
2972880,1.7000,1.2982
2973380,1.7000,1.3023
2973880,1.7000,1.2982
2974380,1.7000,1.3031
2974880,1.7000,1.2950
2975380,1.7000,1.2999
2975880,1.7000,1.3015
2976380,1.7000,1.2999
2976880,1.7000,1.2966
2977380,1.7000,1.3297
2977880,1.7000,1.3063
2978380,1.7000,1.2974
2978880,1.7000,1.2990
2979380,1.7000,1.3055
2979880,1.7000,1.3095
2980380,1.7000,1.3023
2980880,1.7000,1.3047
2981380,1.7000,1.3023
2981880,1.7000,1.2942
2982380,1.7000,1.3023
2982880,1.7000,1.3031
2983380,1.7000,1.3136
2983880,1.7000,1.3015
2984380,1.7000,1.3023
2984880,1.7000,1.3023
2985380,1.7000,1.3015
2985880,1.7000,1.2974
2986380,1.7000,1.3200
2986880,1.7000,1.3031
2987380,1.7000,1.3047
2987880,1.7000,1.2974
2988380,1.7000,1.3023
2988880,1.7000,1.2982
2989380,1.7000,1.3087
2989880,1.7000,1.2990
2990380,1.7000,1.3023
2990880,1.7000,1.2934
2991380,1.7000,1.3023
2991880,1.7000,1.2894
2992380,1.7000,1.3071
2992880,1.7000,1.3039
2993380,1.7000,1.3063
2993880,1.7000,1.3039
2994380,1.7000,1.3031
2994880,1.7000,1.3281
2995380,1.7000,1.3023
2995880,1.7000,1.3055
2996380,1.7000,1.3023
2996880,1.7000,1.3079
2997380,1.7000,1.3023
2997880,1.7000,1.3039
2998380,1.7000,1.2999
2998880,1.7000,1.3023
2999380,1.7000,1.3047
2999880,1.7000,1.3047
3000380,1.7000,1.3079
3000880,1.7000,1.3007
3001380,1.7000,1.3095
3001880,1.7000,1.3007
3002380,1.7000,1.3031
3002880,1.7000,1.2999
3003380,1.7000,1.3023
3003880,1.7000,1.2982
3004380,1.7000,1.3031
3004880,1.7000,1.3168
3005380,1.7000,1.3031
3005880,1.7000,1.3031
3006380,1.7000,1.3047
3006880,1.7000,1.3039
3007380,1.7000,1.3152
3007880,1.7000,1.2918
3008380,1.7000,1.3039
3008880,1.7000,1.3023
3009380,1.7000,1.2982
3009880,1.7000,1.3007
3010380,1.7000,1.3119
3010880,1.7000,1.3055
3011380,1.7000,1.3071
3011880,1.7000,1.3039
3012380,1.7000,1.3023
3012880,1.7000,1.3023
3013380,1.7000,1.2918
3013880,1.7000,1.3079
3014380,1.7000,1.2966
3014880,1.7000,1.3071
3015380,1.7000,1.3095
3015880,1.7000,1.3023
3016380,1.7000,1.3353
3016880,1.7000,1.3047
3017380,1.7000,1.3047
3017880,1.7000,1.3007
3018380,1.7000,1.3023
3018880,1.7000,1.3023
3019380,1.7000,1.3063
3019880,1.7000,1.2894
3020380,1.7000,1.3015
3020880,1.7000,1.3023
3021380,1.7000,1.3007
3021880,1.7000,1.3047
3022380,1.7000,1.3095
3022880,1.7000,1.2902
3023380,1.7000,1.3047
3023880,1.7000,1.3023
3024380,1.7000,1.3039
3024880,1.7000,1.3039
3025380,1.7000,1.3023
3025880,1.7000,1.3168
3026380,1.7000,1.3007
3026880,1.7000,1.2982
3027380,1.7000,1.2894
3027880,1.7000,1.3023
3028380,1.7000,1.3055
3028880,1.7000,1.3007
3029380,1.7000,1.3023
3029880,1.7000,1.3047
3030380,1.7000,1.3152
3030880,1.7000,1.2878
3031380,1.7000,1.2974
3031880,1.7000,1.3095
3032380,1.7000,1.2886
3032880,1.7000,1.3055
3033380,1.7000,1.3055
3033880,1.7000,1.3055
3034380,1.7000,1.3079
3034880,1.7000,1.3079
3035380,1.7000,1.3023
3035880,1.7000,1.3111
3036380,1.7000,1.3063
3036880,1.7000,1.3023
3037380,1.7000,1.3127
3037880,1.7000,1.3079
3038380,1.7000,1.3111
3038880,1.7000,1.3111
3039380,1.7000,1.2966
3039880,1.7000,1.3023
3040380,1.7000,1.3023
3040880,1.7000,1.2910
3041380,1.7000,1.3039
3041880,1.7000,1.2982
3042380,1.7000,1.3063
3042880,1.7000,1.3039
3043380,1.7000,1.3015
3043880,1.7000,1.3281
3044380,1.7000,1.3039
3044880,1.7000,1.2982
3045380,1.7000,1.2999
3045880,1.7000,1.3047
3046380,1.7000,1.3079
3046880,1.7000,1.3248
3047380,1.7000,1.3023
3047880,1.7000,1.3039
3048380,1.7000,1.3071
3048880,1.7000,1.3015
3049380,1.7000,1.3047
3049880,1.7000,1.3111
3050380,1.7000,1.3023
3050880,1.7000,1.3023
3051380,1.7000,1.3015
3051880,1.7000,1.3023
3052380,1.7000,1.3023
3052880,1.7000,1.3063
3053380,1.7000,1.3039
3053880,1.7000,1.3007
3054380,1.7000,1.2797
3054880,1.7000,1.2974
3055380,1.7000,1.3031
3055880,1.7000,1.2974
3056380,1.7000,1.3023
3056880,1.7000,1.3031
3057380,1.7000,1.3023
3057880,1.7000,1.3023
3058380,1.7000,1.3023
3058880,1.7000,1.3337
3059380,1.7000,1.3039
3059880,1.7000,1.3039
3060380,1.7000,1.3015
3060880,1.7000,1.3031
3061380,1.7000,1.3023
3061880,1.7000,1.3071
3062380,1.7000,1.3047
3062880,1.7000,1.3039
3063380,1.7000,1.3023
3063880,1.7000,1.3031
3064380,1.7000,1.3015
3064880,1.7000,1.3023
3065380,1.7000,1.3136
3065880,1.7000,1.3055
3066380,1.7000,1.3023
3066880,1.7000,1.3047
3067380,1.7000,1.3023
3067880,1.7000,1.3176
3068380,1.7000,1.3039
3068880,1.7000,1.3023
3069380,1.7000,1.3039
3069880,1.7000,1.3031
3070380,1.7000,1.3023
3070880,1.7000,1.3224
3071380,1.7000,1.3039
3071880,1.7000,1.3095
3072380,1.7000,1.2797
3072880,1.7000,1.3136
3073380,1.7000,1.3071
3073880,1.7000,1.3337
3074380,1.7000,1.3127
3074880,1.7000,1.3023
3075380,1.7000,1.3087
3075880,1.7000,1.3144
3076380,1.7000,1.3079
3076880,1.7000,1.3063
3077380,1.7000,1.3136
3077880,1.7000,1.3015
3078380,1.7000,1.3071
3078880,1.7000,1.3015
3079380,1.7000,1.3103
3079880,1.7000,1.3007
3080380,1.7000,1.3023
3080880,1.7000,1.3023
3081380,1.7000,1.3152
3081880,1.7000,1.3119
3082380,1.7000,1.3160
3082880,1.7000,1.3071
3083380,1.7000,1.3208
3083880,1.7000,1.3047
3084380,1.7000,1.3071
3084880,1.7000,1.3063
3085380,1.7000,1.2894
3085880,1.7000,1.3232
3086380,1.7000,1.3039
3086880,1.7000,1.3176
3087380,1.7000,1.3063
3087880,1.7000,1.3103
3088380,1.7000,1.3031
3088880,1.7000,1.3079
3089380,1.7000,1.3160
3089880,1.7000,1.3103
3090380,1.7000,1.3063
3090880,1.7000,1.3079
3091380,1.7000,1.3023
3091880,1.7000,1.3055
3092380,1.7000,1.3023
3092880,1.7000,1.3103
3093380,1.7000,1.2741
3093880,1.7000,1.3111
3094380,1.7000,1.3071
3094880,1.7000,1.3160
3095380,1.7000,1.3023
3095880,1.7000,1.3200
3096380,1.7000,1.3023
3096880,1.7000,1.3079
3097380,1.7000,1.3144
3097880,1.7000,1.2974
3098380,1.7000,1.3103
3098880,1.7000,1.3071
3099380,1.7000,1.3136
3099880,1.7000,1.3256
3100380,1.7000,1.3039
3100880,1.7000,1.3055
3101380,1.7000,1.3015
3101880,1.7000,1.3127
3102380,1.7000,1.3031
3102880,1.7000,1.3111
3103380,1.7000,1.3023
3103880,1.7000,1.3208
3104380,1.7000,1.3055
3104880,1.7000,1.3144
3105380,1.7000,1.3063
3105880,1.7000,1.3031
3106380,1.7000,1.3055
3106880,1.7000,1.3103
3107380,1.7000,1.3103
3107880,1.7000,1.3144
3108380,1.7000,1.3079
3108880,1.7000,1.3127
3109380,1.7000,1.3063
3109880,1.7000,1.3256
3110380,1.7000,1.3071
3110880,1.7000,1.3079
3111380,1.7000,1.3160
3111880,1.7000,1.3063
3112380,1.7000,1.3079
3112880,1.7000,1.3047
3113380,1.7000,1.3023
3113880,1.7000,1.3047
3114380,1.7000,1.3111
3114880,1.7000,1.3079
3115380,1.7000,1.3079
3115880,1.7000,1.3184
3116380,1.7000,1.3168
3116880,1.7000,1.3039
3117380,1.7000,1.3023
3117880,1.7000,1.2894
3118380,1.7000,1.3047
3118880,1.7000,1.3079
3119380,1.7000,1.3079
3119880,1.7000,1.3232
3120380,1.7000,1.3023
3120880,1.7000,1.3103
3121380,1.7000,1.3063
3121880,1.7000,1.3144
3122380,1.7000,1.2950
3122880,1.7000,1.3071
3123380,1.7000,1.3119
3123880,1.7000,1.3152
3124380,1.7000,1.3111
3124880,1.7000,1.3103
3125380,1.7000,1.3264
3125880,1.7000,1.3160
3126380,1.7000,1.3111
3126880,1.7000,1.3007
3127380,1.7000,1.3136
3127880,1.7000,1.3111
3128380,1.7000,1.3152
3128880,1.7000,1.3256
3129380,1.7000,1.3152
3129880,1.7000,1.3023
3130380,1.7000,1.3127
3130880,1.7000,1.3144
3131380,1.7000,1.3079
3131880,1.7000,1.3103
3132380,1.7000,1.3055
3132880,1.7000,1.3208
3133380,1.7000,1.3184
3133880,1.7000,1.3160
3134380,1.7000,1.3160
3134880,1.7000,1.3079
3135380,1.7000,1.3136
3135880,1.7000,1.3079
3136380,1.7000,1.3168
3136880,1.7000,1.3095
3137380,1.7000,1.3160
3137880,1.7000,1.2990
3138380,1.7000,1.3144
3138880,1.7000,1.3103
3139380,1.7000,1.3136
3139880,1.7000,1.3152
3140380,1.7000,1.3063
3140880,1.7000,1.3136
3141380,1.7000,1.3047
3141880,1.7000,1.3119
3142380,1.7000,1.3160
3142880,1.7000,1.3208
3143380,1.7000,1.3281
3143880,1.7000,1.3111
3144380,1.7000,1.3160
3144880,1.7000,1.3079
3145380,1.7000,1.3111
3145880,1.7000,1.3152
3146380,1.7000,1.3216
3146880,1.7000,1.3111
3147380,1.7000,1.3047
3147880,1.7000,1.3160
3148380,1.7000,1.3136
3148880,1.7000,1.3192
3149380,1.7000,1.3111
3149880,1.7000,1.3168
3150380,1.7000,1.3192
3150880,1.7000,1.3168
3151380,1.7000,1.3039
3151880,1.7000,1.3103
3152380,1.7000,1.3136
3152880,1.7000,1.3160
3153380,1.7000,1.3031
3153880,1.7000,1.3321
3154380,1.7000,1.3160
3154880,1.7000,1.2999
3155380,1.7000,1.3160
3155880,1.7000,1.3200
3156380,1.7000,1.3127
3156880,1.7000,1.3136
3157380,1.7000,1.3119
3157880,1.7000,1.3127
3158380,1.7000,1.3127
3158880,1.7000,1.3111
3159380,1.7000,1.3136
3159880,1.7000,1.3176
3160380,1.7000,1.3369
3160880,1.7000,1.3023
3161380,1.7000,1.3015
3161880,1.7000,1.3224
3162380,1.7000,1.3136
3162880,1.7000,1.3103
3163380,1.7000,1.3095
3163880,1.7000,1.3095
3164380,1.7000,1.3111
3164880,1.7000,1.3111
3165380,1.7000,1.3240
3165880,1.7000,1.3111
3166380,1.7000,1.3144
3166880,1.7000,1.3200
3167380,1.7000,1.3176
3167880,1.7000,1.3127
3168380,1.7000,1.3127
3168880,1.7000,1.3023
3169380,1.7000,1.3160
3169880,1.7000,1.3184
3170380,1.7000,1.3176
3170880,1.7000,1.3160
3171380,1.7000,1.3160
3171880,1.7000,1.3208
3172380,1.7000,1.3127
3172880,1.7000,1.3152
3173380,1.7000,1.3192
3173880,1.7000,1.3136
3174380,1.7000,1.3127
3174880,1.7000,1.3119
3175380,1.7000,1.3063
3175880,1.7000,1.3345
3176380,1.7000,1.3200
3176880,1.7000,1.3281
3177380,1.7000,1.3152
3177880,1.7000,1.3224
3178380,1.7000,1.3168
3178880,1.7000,1.3160
3179380,1.7000,1.3168
3179880,1.7000,1.3144
3180380,1.7000,1.2999
3180880,1.7000,1.3144
3181380,1.7000,1.3152
3181880,1.7000,1.3224
3182380,1.7000,1.3224
3182880,1.7000,1.3152
3183380,1.7000,1.3168
3183880,1.7000,1.3224
3184380,1.7000,1.3200
3184880,1.7000,1.3208
3185380,1.7000,1.3192
3185880,1.7000,1.3144
3186380,1.7000,1.3160
3186880,1.7000,1.3297
3187380,1.7000,1.3103
3187880,1.7000,1.3208
3188380,1.7000,1.3031
3188880,1.7000,1.3192
3189380,1.7000,1.3224
3189880,1.7000,1.3168
3190380,1.7000,1.3031
3190880,1.7000,1.3160
3191380,1.7000,1.3144
3191880,1.7000,1.3119
3192380,1.7000,1.3144
3192880,1.7000,1.3224
3193380,1.7000,1.3095
3193880,1.7000,1.3192
3194380,1.7000,1.3144
3194880,1.7000,1.3208
3195380,1.7000,1.3160
3195880,1.7000,1.3055
3196380,1.7000,1.3136
3196880,1.7000,1.3136
3197380,1.7000,1.3144
3197880,1.7000,1.3144
3198380,1.7000,1.3127
3198880,1.7000,1.3023
3199380,1.7000,1.3200
3199880,1.7000,1.3176
3200380,1.7000,1.3200
3200880,1.7000,1.3136
3201380,1.7000,1.3232
3201880,1.7000,1.3071
3202380,1.7000,1.3232
3202880,1.7000,1.3192
3203380,1.7000,1.3160
3203880,1.7000,1.3031
3204380,1.7000,1.3152
3204880,1.7000,1.3127
3205380,1.7000,1.3095
3205880,1.7000,1.3079
3206380,1.7000,1.3144
3206880,1.7000,1.3168
3207380,1.7000,1.3152
3207880,1.7000,1.3264
3208380,1.7000,1.3232
3208880,1.7000,1.3200
3209380,1.7000,1.3192
3209880,1.7000,1.3160
3210380,1.7000,1.3144
3210880,1.7000,1.3361
3211380,1.7000,1.3144
3211880,1.7000,1.3152
3212380,1.7000,1.3144
3212880,1.7000,1.3176
3213380,1.7000,1.3264
3213880,1.7000,1.3063
3214380,1.7000,1.3144
3214880,1.7000,1.3184
3215380,1.7000,1.3200
3215880,1.7000,1.3281
3216380,1.7000,1.3208
3216880,1.7000,1.3160
3217380,1.7000,1.3144
3217880,1.7000,1.3127
3218380,1.7000,1.3256
3218880,1.7000,1.3039
3219380,1.7000,1.3248
3219880,1.7000,1.3111
3220380,1.7000,1.3176
3220880,1.7000,1.3281
3221380,1.7000,1.3192
3221880,1.7000,1.3208
3222380,1.7000,1.3111
3222880,1.7000,1.3111
3223380,1.7000,1.3192
3223880,1.7000,1.3144
3224380,1.7000,1.3248
3224880,1.7000,1.3273
3225380,1.7000,1.3152
3225880,1.7000,1.3232
3226380,1.7000,1.3168
3226880,1.7000,1.3281
3227380,1.7000,1.3208
3227880,1.7000,1.3200
3228380,1.7000,1.3192
3228880,1.7000,1.3192
3229380,1.7000,1.3240
3229880,1.7000,1.3200
3230380,1.7000,1.3192
3230880,1.7000,1.3176
3231380,1.7000,1.3176
3231880,1.7000,1.3256
3232380,1.7000,1.3111
3232880,1.7000,1.3256
3233380,1.7000,1.3160
3233880,1.7000,1.3136
3234380,1.7000,1.3168
3234880,1.7000,1.3240
3235380,1.7000,1.3281
3235880,1.7000,1.3144
3236380,1.7000,1.3281
3236880,1.7000,1.3248
3237380,1.7000,1.3289
3237880,1.7000,1.3184
3238380,1.7000,1.3184
3238880,1.7000,1.3224
3239380,1.7000,1.3240
3239880,1.7000,1.3176
3240380,1.7000,1.3063
3240880,1.7000,1.3240
3241380,1.7000,1.3184
3241880,1.7000,1.3305
3242380,1.7000,1.3168
3242880,1.7000,1.3281
3243380,1.7000,1.3160
3243880,1.7000,1.3152
3244380,1.7000,1.3176
3244880,1.7000,1.3224
3245380,1.7000,1.3111
3245880,1.7000,1.3216
3246380,1.7000,1.3305
3246880,1.7000,1.3144
3247380,1.7000,1.3224
3247880,1.7000,1.3281
3248380,1.7000,1.3192
3248880,1.7000,1.3208
3249380,1.7000,1.3111
3249880,1.7000,1.3111
3250380,1.7000,1.3224
3250880,1.7000,1.3200
3251380,1.7000,1.3337
3251880,1.7000,1.3192
3252380,1.7000,1.3160
3252880,1.7000,1.3095
3253380,1.7000,1.3168
3253880,1.7000,1.3313
3254380,1.7000,1.3208
3254880,1.7000,1.3168
3255380,1.7000,1.3208
3255880,1.7000,1.3393
3256380,1.7000,1.3216
3256880,1.7000,1.3127
3257380,1.7000,1.3063
3257880,1.7000,1.3192
3258380,1.7000,1.3144
3258880,1.7000,1.3136
3259380,1.7000,1.3264
3259880,1.7000,1.3192
3260380,1.7000,1.3256
3260880,1.7000,1.3152
3261380,1.7000,1.3192
3261880,1.7000,1.3200
3262380,1.7000,1.3168
3262880,1.7000,1.3160
3263380,1.7000,1.3176
3263880,1.7000,1.3281
3264380,1.7000,1.3208
3264880,1.7000,1.3136
3265380,1.7000,1.3111
3265880,1.7000,1.3289
3266380,1.7000,1.3192
3266880,1.7000,1.3281
3267380,1.7000,1.3200
3267880,1.7000,1.3353
3268380,1.7000,1.3232
3268880,1.7000,1.3208
3269380,1.7000,1.3426
3269880,1.7000,1.3321
3270380,1.7000,1.3200
3270880,1.7000,1.3208
3271380,1.7000,1.3192
3271880,1.7000,1.3200
3272380,1.7000,1.3232
3272880,1.7000,1.3184
3273380,1.7000,1.3289
3273880,1.7000,1.3208
3274380,1.7000,1.3281
3274880,1.7000,1.3200
3275380,1.7000,1.3224
3275880,1.7000,1.3273
3276380,1.7000,1.3200
3276880,1.7000,1.3200
3277380,1.7000,1.3168
3277880,1.7000,1.3281
3278380,1.7000,1.3200
3278880,1.7000,1.3281
3279380,1.7000,1.3289
3279880,1.7000,1.3240
3280380,1.7000,1.3216
3280880,1.7000,1.3208
3281380,1.7000,1.3144
3281880,1.7000,1.3152
3282380,1.7000,1.3208
3282880,1.7000,1.3200
3283380,1.7000,1.3184
3283880,1.7000,1.3273
3284380,1.7000,1.3192
3284880,1.7000,1.3224
3285380,1.7000,1.3160
3285880,1.7000,1.3256
3286380,1.7000,1.3111
3286880,1.7000,1.3256
3287380,1.7000,1.3127
3287880,1.7000,1.3264
3288380,1.7000,1.3208
3288880,1.7000,1.3208
3289380,1.7000,1.3007
3289880,1.7000,1.3200
3290380,1.7000,1.3055
3290880,1.7000,1.3329
3291380,1.7000,1.3240
3291880,1.7000,1.3256
3292380,1.7000,1.3248
3292880,1.7000,1.3240
3293380,1.7000,1.3232
3293880,1.7000,1.3256
3294380,1.7000,1.3160
3294880,1.7000,1.3208
3295380,1.7000,1.3160
3295880,1.7000,1.3208
3296380,1.7000,1.3144
3296880,1.7000,1.3224
3297380,1.7000,1.3192
3297880,1.7000,1.3184
3298380,1.7000,1.3232
3298880,1.7000,1.3297
3299380,1.7000,1.3224
3299880,1.7000,1.3184
3300380,1.7000,1.3063
3300880,1.7000,1.3289
3301380,1.7000,1.3232
3301880,1.7000,1.3281
3302380,1.7000,1.3248
3302880,1.7000,1.3136
3303380,1.7000,1.3192
3303880,1.7000,1.3273
3304380,1.7000,1.3281
3304880,1.7000,1.3256
3305380,1.7000,1.3208
3305880,1.7000,1.3208
3306380,1.7000,1.3176
3306880,1.7000,1.3208
3307380,1.7000,1.3281
3307880,1.7000,1.3361
3308380,1.7000,1.3281
3308880,1.7000,1.3192
3309380,1.7000,1.3281
3309880,1.7000,1.3224
3310380,1.7000,1.3208
3310880,1.7000,1.3208
3311380,1.7000,1.3305
3311880,1.7000,1.3184
3312380,1.7000,1.3240
3312880,1.7000,1.3256
3313380,1.7000,1.3264
3313880,1.7000,1.3127
3314380,1.7000,1.3216
3314880,1.7000,1.3031
3315380,1.7000,1.3176
3315880,1.7000,1.3256
3316380,1.7000,1.3248
3316880,1.7000,1.3273
3317380,1.7000,1.3248
3317880,1.7000,1.3079
3318380,1.7000,1.3393
3318880,1.7000,1.3281
3319380,1.7000,1.3208
3319880,1.7000,1.3240
3320380,1.7000,1.3321
3320880,1.7000,1.3256
3321380,1.7000,1.3273
3321880,1.7000,1.3256
3322380,1.7000,1.3224
3322880,1.7000,1.3281
3323380,1.7000,1.3273
3323880,1.7000,1.3232
3324380,1.7000,1.3281
3324880,1.7000,1.3240
3325380,1.7000,1.3248
3325880,1.7000,1.3256
3326380,1.7000,1.3224
3326880,1.7000,1.3200
3327380,1.7000,1.3264
3327880,1.7000,1.3240
3328380,1.7000,1.3410
3328880,1.7000,1.3281
3329380,1.7000,1.3281
3329880,1.7000,1.3273
3330380,1.7000,1.3152
3330880,1.7000,1.3224
3331380,1.7000,1.3426
3331880,1.7000,1.3208
3332380,1.7000,1.3256
3332880,1.7000,1.3321
3333380,1.7000,1.3281
3333880,1.7000,1.3216
3334380,1.7000,1.3313
3334880,1.7000,1.3152
3335380,1.7000,1.3232
3335880,1.7000,1.3216
3336380,1.7000,1.3313
3336880,1.7000,1.3393
3337380,1.7000,1.3232
3337880,1.7000,1.3264
3338380,1.7000,1.3127
3338880,1.7000,1.3281
3339380,1.7000,1.3256
3339880,1.7000,1.3144
3340380,1.7000,1.3224
3340880,1.7000,1.3514
3341380,1.7000,1.3160
3341880,1.7000,1.3434
3342380,1.7000,1.3208
3342880,1.7000,1.3176
3343380,1.7000,1.3281
3343880,1.7000,1.3224
3344380,1.7000,1.3168
3344880,1.7000,1.3232
3345380,1.7000,1.3337
3345880,1.7000,1.3224
3346380,1.7000,1.3273
3346880,1.7000,1.3264
3347380,1.7000,1.3297
3347880,1.7000,1.3273
3348380,1.7000,1.3240
3348880,1.7000,1.3232
3349380,1.7000,1.3248
3349880,1.7000,1.3256
3350380,1.7000,1.3289
3350880,1.7000,1.3256
3351380,1.7000,1.3256
3351880,1.7000,1.3256
3352380,1.7000,1.3200
3352880,1.7000,1.3273
3353380,1.7000,1.3248
3353880,1.7000,1.3256
3354380,1.7000,1.3264
3354880,1.7000,1.3337
3355380,1.7000,1.3281
3355880,1.7000,1.3345
3356380,1.7000,1.3200
3356880,1.7000,1.3281
3357380,1.7000,1.3281
3357880,1.7000,1.3144
3358380,1.7000,1.3281
3358880,1.7000,1.3256
3359380,1.7000,1.3442
3359880,1.7000,1.3321
3360380,1.7000,1.3281
3360880,1.7000,1.3168
3361380,1.7000,1.3410
3361880,1.7000,1.3192
3362380,1.7000,1.3248
3362880,1.7000,1.3273
3363380,1.7000,1.3232
3363880,1.7000,1.3240
3364380,1.7000,1.3264
3364880,1.7000,1.3200
3365380,1.7000,1.3208
3365880,1.7000,1.3232
3366380,1.7000,1.3168
3366880,1.7000,1.3264
3367380,1.7000,1.3192
3367880,1.7000,1.3208
3368380,1.7000,1.3023
3368880,1.7000,1.3216
3369380,1.7000,1.3313
3369880,1.7000,1.3184
3370380,1.7000,1.3200
3370880,1.7000,1.3273
3371380,1.7000,1.3160
3371880,1.7000,1.3281
3372380,1.7000,1.3264
3372880,1.7000,1.3264
3373380,1.7000,1.3264
3373880,1.7000,1.3192
3374380,1.7000,1.3184
3374880,1.7000,1.3281
3375380,1.7000,1.3224
3375880,1.7000,1.3240
3376380,1.7000,1.3144
3376880,1.7000,1.3240
3377380,1.7000,1.3160
3377880,1.7000,1.3297
3378380,1.7000,1.3273
3378880,1.7000,1.3192
3379380,1.7000,1.3240
3379880,1.7000,1.3289
3380380,1.7000,1.3490
3380880,1.7000,1.3264
3381380,1.7000,1.3410
3381880,1.7000,1.3232
3382380,1.7000,1.3289
3382880,1.7000,1.3256
3383380,1.7000,1.3337
3383880,1.7000,1.3256
3384380,1.7000,1.3401
3384880,1.7000,1.3248
3385380,1.7000,1.3232
3385880,1.7000,1.3273
3386380,1.7000,1.3152
3386880,1.7000,1.3264
3387380,1.7000,1.3482
3387880,1.7000,1.3418
3388380,1.7000,1.3281
3388880,1.7000,1.3273
3389380,1.7000,1.3289
3389880,1.7000,1.3522
3390380,1.7000,1.3281
3390880,1.7000,1.3281
3391380,1.7000,1.3281
3391880,1.7000,1.3281
3392380,1.7000,1.3289
3392880,1.7000,1.3337
3393380,1.7000,1.3232
3393880,1.7000,1.3305
3394380,1.7000,1.3281
3394880,1.7000,1.3281
3395380,1.7000,1.3256
3395880,1.7000,1.3305
3396380,1.7000,1.3321
3396880,1.7000,1.3289
3397380,1.7000,1.3224
3397880,1.7000,1.3281
3398380,1.7000,1.3289
3398880,1.7000,1.3377
3399380,1.7000,1.3329
3399880,1.7000,1.3273
3400380,1.7000,1.3281
3400880,1.7000,1.3184
3401380,1.7000,1.3264
3401880,1.7000,1.3353
3402380,1.7000,1.3385
3402880,1.7000,1.3184
3403380,1.7000,1.3281
3403880,1.7000,1.3281
3404380,1.7000,1.3281
3404880,1.7000,1.3442
3405380,1.7000,1.3385
3405880,1.7000,1.3361
3406380,1.7000,1.3281
3406880,1.7000,1.3297
3407380,1.7000,1.3232
3407880,1.7000,1.3168
3408380,1.7000,1.3264
3408880,1.7000,1.3240
3409380,1.7000,1.3281
3409880,1.7000,1.3240
3410380,1.7000,1.3281
3410880,1.7000,1.3393
3411380,1.7000,1.3426
3411880,1.7000,1.3321
3412380,1.7000,1.3289
3412880,1.7000,1.3273
3413380,1.7000,1.3273
3413880,1.7000,1.3498
3414380,1.7000,1.3281
3414880,1.7000,1.3289
3415380,1.7000,1.3240
3415880,1.7000,1.3232
3416380,1.7000,1.3289
3416880,1.7000,1.3256
3417380,1.7000,1.3361
3417880,1.7000,1.3281
3418380,1.7000,1.3168
3418880,1.7000,1.3297
3419380,1.7000,1.3305
3419880,1.7000,1.3337
3420380,1.7000,1.3297
3420880,1.7000,1.3321
3421380,1.7000,1.3281
3421880,1.7000,1.3289
3422380,1.7000,1.3281
3422880,1.7000,1.3289
3423380,1.7000,1.3281
3423880,1.7000,1.3329
3424380,1.7000,1.3192
3424880,1.7000,1.3361
3425380,1.7000,1.3273
3425880,1.7000,1.3361
3426380,1.7000,1.3458
3426880,1.7000,1.3281
3427380,1.7000,1.3329
3427880,1.7000,1.3281
3428380,1.7000,1.3273
3428880,1.7000,1.3369
3429380,1.7000,1.3297
3429880,1.7000,1.3337
3430380,1.7000,1.3434
3430880,1.7000,1.3281
3431380,1.7000,1.3297
3431880,1.7000,1.3281
3432380,1.7000,1.3111
3432880,1.7000,1.3418
3433380,1.7000,1.3361
3433880,1.7000,1.3337
3434380,1.7000,1.3264
3434880,1.7000,1.3281
3435380,1.7000,1.3401
3435880,1.7000,1.3426
3436380,1.7000,1.3377
3436880,1.7000,1.3281
3437380,1.7000,1.3281
3437880,1.7000,1.3281
3438380,1.7000,1.3337
3438880,1.7000,1.3385
3439380,1.7000,1.3289
3439880,1.7000,1.3281
3440380,1.7000,1.3281
3440880,1.7000,1.3297
3441380,1.7000,1.3337
3441880,1.7000,1.3281
3442380,1.7000,1.3281
3442880,1.7000,1.3281
3443380,1.7000,1.3281
3443880,1.7000,1.3361
3444380,1.7000,1.3458
3444880,1.7000,1.3329
3445380,1.7000,1.3281
3445880,1.7000,1.3329
3446380,1.7000,1.3289
3446880,1.7000,1.3281
3447380,1.7000,1.3208
3447880,1.7000,1.3289
3448380,1.7000,1.3281
3448880,1.7000,1.3329
3449380,1.7000,1.3256
3449880,1.7000,1.3289
3450380,1.7000,1.3393
3450880,1.7000,1.3530
3451380,1.7000,1.3313
3451880,1.7000,1.3273
3452380,1.7000,1.3281
3452880,1.7000,1.3127
3453380,1.7000,1.3321
3453880,1.7000,1.3281
3454380,1.7000,1.3369
3454880,1.7000,1.3305
3455380,1.7000,1.3289
3455880,1.7000,1.3256
3456380,1.7000,1.3208
3456880,1.7000,1.3224
3457380,1.7000,1.3385
3457880,1.7000,1.3176
3458380,1.7000,1.3289
3458880,1.7000,1.3369
3459380,1.7000,1.3418
3459880,1.7000,1.3353
3460380,1.7000,1.3305
3460880,1.7000,1.3361
3461380,1.7000,1.3321
3461880,1.7000,1.3337
3462380,1.7000,1.3184
3462880,1.7000,1.3329
3463380,1.7000,1.3192
3463880,1.7000,1.3264
3464380,1.7000,1.3410
3464880,1.7000,1.3305
3465380,1.7000,1.3281
3465880,1.7000,1.3410
3466380,1.7000,1.3111
3466880,1.7000,1.3369
3467380,1.7000,1.3152
3467880,1.7000,1.3434
3468380,1.7000,1.3329
3468880,1.7000,1.3281
3469380,1.7000,1.3289
3469880,1.7000,1.3353
3470380,1.7000,1.3361
3470880,1.7000,1.3466
3471380,1.7000,1.3482
3471880,1.7000,1.3337
3472380,1.7000,1.3353
3472880,1.7000,1.3329
3473380,1.7000,1.3192
3473880,1.7000,1.3297
3474380,1.7000,1.3281
3474880,1.7000,1.3264
3475380,1.7000,1.3329
3475880,1.7000,1.3305
3476380,1.7000,1.3264
3476880,1.7000,1.3361
3477380,1.7000,1.3329
3477880,1.7000,1.3281
3478380,1.7000,1.3289
3478880,1.7000,1.3321
3479380,1.7000,1.3345
3479880,1.7000,1.3305
3480380,1.7000,1.3281
3480880,1.7000,1.3369
3481380,1.7000,1.3256
3481880,1.7000,1.3321
3482380,1.7000,1.3281
3482880,1.7000,1.3192
3483380,1.7000,1.3281
3483880,1.7000,1.3248
3484380,1.7000,1.3353
3484880,1.7000,1.3321
3485380,1.7000,1.3289
3485880,1.7000,1.3369
3486380,1.7000,1.3458
3486880,1.7000,1.3281
3487380,1.7000,1.3329
3487880,1.7000,1.3321
3488380,1.7000,1.3264
3488880,1.7000,1.3321
3489380,1.7000,1.3297
3489880,1.7000,1.3401
3490380,1.7000,1.3305
3490880,1.7000,1.3297
3491380,1.7000,1.3353
3491880,1.7000,1.3281
3492380,1.7000,1.3353
3492880,1.7000,1.3369
3493380,1.7000,1.3329
3493880,1.7000,1.3418
3494380,1.7000,1.3361
3494880,1.7000,1.3305
3495380,1.7000,1.3232
3495880,1.7000,1.3273
3496380,1.7000,1.3321
3496880,1.7000,1.3240
3497380,1.7000,1.3305
3497880,1.7000,1.3538
3498380,1.7000,1.3410
3498880,1.7000,1.3410
3499380,1.7000,1.3369
3499880,1.7000,1.3224
3500380,1.7000,1.3297
3500880,1.7000,1.3281
3501380,1.7000,1.3289
3501880,1.7000,1.3361
3502380,1.7000,1.3361
3502880,1.7000,1.3401
3503380,1.7000,1.3337
3503880,1.7000,1.3289
3504380,1.7000,1.3305
3504880,1.7000,1.3281
3505380,1.7000,1.3289
3505880,1.7000,1.3337
3506380,1.7000,1.3458
3506880,1.7000,1.3264
3507380,1.7000,1.3321
3507880,1.7000,1.3281
3508380,1.7000,1.3329
3508880,1.7000,1.3474
3509380,1.7000,1.3289
3509880,1.7000,1.3297
3510380,1.7000,1.3353
3510880,1.7000,1.3337
3511380,1.7000,1.3297
3511880,1.7000,1.3305
3512380,1.7000,1.3401
3512880,1.7000,1.3281
3513380,1.7000,1.3297
3513880,1.7000,1.3281
3514380,1.7000,1.3273
3514880,1.7000,1.3305
3515380,1.7000,1.3401
3515880,1.7000,1.3313
3516380,1.7000,1.3401
3516880,1.7000,1.3305
3517380,1.7000,1.3337
3517880,1.7000,1.3361
3518380,1.7000,1.3305
3518880,1.7000,1.3329
3519380,1.7000,1.3410
3519880,1.7000,1.3418
3520380,1.7000,1.3353
3520880,1.7000,1.3281
3521380,1.7000,1.3498
3521880,1.7000,1.3321
3522380,1.7000,1.3321
3522880,1.7000,1.3434
3523380,1.7000,1.3289
3523880,1.7000,1.3321
3524380,1.7000,1.3337
3524880,1.7000,1.3369
3525380,1.7000,1.3281
3525880,1.7000,1.3297
3526380,1.7000,1.2934
3526880,1.7000,1.3305
3527380,1.7000,1.3297
3527880,1.7000,1.3369
3528380,1.7000,1.3281
3528880,1.7000,1.3289
3529380,1.7000,1.3337
3529880,1.7000,1.3256
3530380,1.7000,1.3281
3530880,1.7000,1.3410
3531380,1.7000,1.3393
3531880,1.7000,1.3305
3532380,1.7000,1.3353
3532880,1.7000,1.3385
3533380,1.7000,1.3538
3533880,1.7000,1.3329
3534380,1.7000,1.3337
3534880,1.7000,1.3281
3535380,1.7000,1.3401
3535880,1.7000,1.3385
3536380,1.7000,1.3385
3536880,1.7000,1.3410
3537380,1.7000,1.3264
3537880,1.7000,1.3305
3538380,1.7000,1.3297
3538880,1.7000,1.3353
3539380,1.7000,1.3393
3539880,1.7000,1.3289
3540380,1.7000,1.3337
3540880,1.7000,1.3337
3541380,1.7000,1.3385
3541880,1.7000,1.3297
3542380,1.7000,1.3426
3542880,1.7000,1.3369
3543380,1.7000,1.3410
3543880,1.7000,1.3369
3544380,1.7000,1.3466
3544880,1.7000,1.3522
3545380,1.7000,1.3361
3545880,1.7000,1.3385
3546380,1.7000,1.3418
3546880,1.7000,1.3401
3547380,1.7000,1.3321
3547880,1.7000,1.3297
3548380,1.7000,1.3450
3548880,1.7000,1.3353
3549380,1.7000,1.3385
3549880,1.7000,1.3401
3550380,1.7000,1.3401
3550880,1.7000,1.3256
3551380,1.7000,1.3281
3551880,1.7000,1.3305
3552380,1.7000,1.3442
3552880,1.7000,1.3369
3553380,1.7000,1.3369
3553880,1.7000,1.3321
3554380,1.7000,1.3281
3554880,1.7000,1.3264
3555380,1.7000,1.3337
3555880,1.7000,1.3490
3556380,1.7000,1.3361
3556880,1.7000,1.3264
3557380,1.7000,1.3289
3557880,1.7000,1.3305
3558380,1.7000,1.3224
3558880,1.7000,1.3530
3559380,1.7000,1.3289
3559880,1.7000,1.3361
3560380,1.7000,1.3401
3560880,1.7000,1.3418
3561380,1.7000,1.3281
3561880,1.7000,1.3538
3562380,1.7000,1.3369
3562880,1.7000,1.3321
3563380,1.7000,1.3361
3563880,1.7000,1.3305
3564380,1.7000,1.3410
3564880,1.7000,1.3369
3565380,1.7000,1.3458
3565880,1.7000,1.3490
3566380,1.7000,1.3313
3566880,1.7000,1.3313
3567380,1.7000,1.3555
3567880,1.7000,1.3329
3568380,1.7000,1.3410
3568880,1.7000,1.3385
3569380,1.7000,1.3361
3569880,1.7000,1.3418
3570380,1.7000,1.3240
3570880,1.7000,1.3321
3571380,1.7000,1.3353
3571880,1.7000,1.3321
3572380,1.7000,1.3369
3572880,1.7000,1.3289
3573380,1.7000,1.3321
3573880,1.7000,1.3369
3574380,1.7000,1.3385
3574880,1.7000,1.3377
3575380,1.7000,1.3369
3575880,1.7000,1.3385
3576380,1.7000,1.3337
3576880,1.7000,1.3369
3577380,1.7000,1.3401
3577880,1.7000,1.3482
3578380,1.7000,1.3450
3578880,1.7000,1.3506
3579380,1.7000,1.3369
3579880,1.7000,1.3385
3580380,1.7000,1.3410
3580880,1.7000,1.3482
3581380,1.7000,1.3401
3581880,1.7000,1.3401
3582380,1.7000,1.3369
3582880,1.7000,1.3410
3583380,1.7000,1.3401
3583880,1.7000,1.3426
3584380,1.7000,1.3385
3584880,1.7000,1.3361
3585380,1.7000,1.3289
3585880,1.7000,1.3410
3586380,1.7000,1.3393
3586880,1.7000,1.3458
3587380,1.7000,1.3410
3587880,1.7000,1.3369
3588380,1.7000,1.3450
3588880,1.7000,1.3410
3589380,1.7000,1.3426
3589880,1.7000,1.3401
3590380,1.7000,1.3410
3590880,1.7000,1.3385
3591380,1.7000,1.3410
3591880,1.7000,1.3377
3592380,1.7000,1.3385
3592880,1.7000,1.3353
3593380,1.7000,1.3385
3593880,1.7000,1.3385
3594380,1.7000,1.3410
3594880,1.7000,1.3289
3595380,1.7000,1.3418
3595880,1.7000,1.3369
3596380,1.7000,1.3490
3596880,1.7000,1.3289
3597380,1.7000,1.3337
3597880,1.7000,1.3361
3598380,1.7000,1.3353
3598880,1.7000,1.3426
3599380,1.7000,1.3345
3599880,1.7000,1.3410
3600380,1.7000,1.3329
3600880,1.7000,1.3377
3601380,1.7000,1.3401
3601880,1.7000,1.3329
3602380,1.7000,1.3329
3602880,1.7000,1.3498
3603380,1.7000,1.3434
3603880,1.7000,1.3337
3604380,1.7000,1.3426
3604880,1.7000,1.3353
3605380,1.7000,1.3434
3605880,1.7000,1.3385
3606380,1.7000,1.3458
3606880,1.7000,1.3434
3607380,1.7000,1.3410
3607880,1.7000,1.3329
3608380,1.7000,1.3538
3608880,1.7000,1.3224
3609380,1.7000,1.3434
3609880,1.7000,1.3418
3610380,1.7000,1.3353
3610880,1.7000,1.3160
3611380,1.7000,1.3377
3611880,1.7000,1.3418
3612380,1.7000,1.3353
3612880,1.7000,1.3369
3613380,1.7000,1.3466
3613880,1.7000,1.3426
3614380,1.7000,1.3466
3614880,1.7000,1.3466
3615380,1.7000,1.3369
3615880,1.7000,1.3418
3616380,1.7000,1.3482
3616880,1.7000,1.3361
3617380,1.7000,1.3538
3617880,1.7000,1.3401
3618380,1.7000,1.3297
3618880,1.7000,1.3796
3619380,1.7000,1.3418
3619880,1.7000,1.2789
3620380,1.7000,1.3458
3620880,1.7000,1.3385
3621380,1.7000,1.3385
3621880,1.7000,1.3619
3622380,1.7000,1.3337
3622880,1.7000,1.3410
3623380,1.7000,1.3426
3623880,1.7000,1.3256
3624380,1.7000,1.3410
3624880,1.7000,1.3514
3625380,1.7000,1.3337
3625880,1.7000,1.3385
3626380,1.7000,1.3337
3626880,1.7000,1.3410
3627380,1.7000,1.3401
3627880,1.7000,1.3393
3628380,1.7000,1.3369
3628880,1.7000,1.3329
3629380,1.7000,1.3410
3629880,1.7000,1.3361
3630380,1.7000,1.3538
3630880,1.7000,1.3377
3631380,1.7000,1.3426
3631880,1.7000,1.3361
3632380,1.7000,1.3410
3632880,1.7000,1.3305
3633380,1.7000,1.3410
3633880,1.7000,1.3466
3634380,1.7000,1.3401
3634880,1.7000,1.3329
3635380,1.7000,1.3458
3635880,1.7000,1.3410
3636380,1.7000,1.3369
3636880,1.7000,1.3369
3637380,1.7000,1.3418
3637880,1.7000,1.3264
3638380,1.7000,1.3401
3638880,1.7000,1.3490
3639380,1.7000,1.3385
3639880,1.7000,1.3337
3640380,1.7000,1.3482
3640880,1.7000,1.3385
3641380,1.7000,1.3385
3641880,1.7000,1.3611
3642380,1.7000,1.3418
3642880,1.7000,1.3361
3643380,1.7000,1.3369
3643880,1.7000,1.3603
3644380,1.7000,1.3369
3644880,1.7000,1.3450
3645380,1.7000,1.3482
3645880,1.7000,1.3434
3646380,1.7000,1.3377
3646880,1.7000,1.3337
3647380,1.7000,1.3482
3647880,1.7000,1.3353
3648380,1.7000,1.3410
3648880,1.7000,1.3369
3649380,1.7000,1.3410
3649880,1.7000,1.3289
3650380,1.7000,1.3313
3650880,1.7000,1.3434
3651380,1.7000,1.3426
3651880,1.7000,1.3426
3652380,1.7000,1.3434
3652880,1.7000,1.3498
3653380,1.7000,1.3401
3653880,1.7000,1.3434
3654380,1.7000,1.3401
3654880,1.7000,1.3434
3655380,1.7000,1.3490
3655880,1.7000,1.3401
3656380,1.7000,1.3466
3656880,1.7000,1.3369
3657380,1.7000,1.3418
3657880,1.7000,1.3434
3658380,1.7000,1.3538
3658880,1.7000,1.3401
3659380,1.7000,1.3434
3659880,1.7000,1.3482
3660380,1.7000,1.3393
3660880,1.7000,1.3547
3661380,1.7000,1.3329
3661880,1.7000,1.3426
3662380,1.7000,1.3538
3662880,1.7000,1.3450
3663380,1.7000,1.3369
3663880,1.7000,1.3393
3664380,1.7000,1.3393
3664880,1.7000,1.3385
3665380,1.7000,1.3434
3665880,1.7000,1.3450
3666380,1.7000,1.3434
3666880,1.7000,1.3385
3667380,1.7000,1.3458
3667880,1.7000,1.3418
3668380,1.7000,1.3466
3668880,1.7000,1.3426
3669380,1.7000,1.3538
3669880,1.7000,1.3442
3670380,1.7000,1.3530
3670880,1.7000,1.3385
3671380,1.7000,1.3361
3671880,1.7000,1.3410
3672380,1.7000,1.3538
3672880,1.7000,1.3385
3673380,1.7000,1.3434
3673880,1.7000,1.3434
3674380,1.7000,1.3289
3674880,1.7000,1.3385
3675380,1.7000,1.3289
3675880,1.7000,1.3410
3676380,1.7000,1.3450
3676880,1.7000,1.3361
3677380,1.7000,1.3530
3677880,1.7000,1.3522
3678380,1.7000,1.3418
3678880,1.7000,1.3506
3679380,1.7000,1.3410
3679880,1.7000,1.3466
3680380,1.7000,1.3538
3680880,1.7000,1.3450
3681380,1.7000,1.3337
3681880,1.7000,1.3329
3682380,1.7000,1.3442
3682880,1.7000,1.3538
3683380,1.7000,1.3450
3683880,1.7000,1.3466
3684380,1.7000,1.3434
3684880,1.7000,1.3410
3685380,1.7000,1.3522
3685880,1.7000,1.3369
3686380,1.7000,1.3450
3686880,1.7000,1.3466
3687380,1.7000,1.3418
3687880,1.7000,1.3353
3688380,1.7000,1.3538
3688880,1.7000,1.3651
3689380,1.7000,1.3410
3689880,1.7000,1.3450
3690380,1.7000,1.3426
3690880,1.7000,1.3434
3691380,1.7000,1.3538
3691880,1.7000,1.3466
3692380,1.7000,1.2765
3692880,1.7000,1.3426
3693380,1.7000,1.3514
3693880,1.7000,1.3410
3694380,1.7000,1.3587
3694880,1.7000,1.3401
3695380,1.7000,1.3393
3695880,1.7000,1.3466
3696380,1.7000,1.3353
3696880,1.7000,1.3410
3697380,1.7000,1.3385
3697880,1.7000,1.3434
3698380,1.7000,1.3538
3698880,1.7000,1.3450
3699380,1.7000,1.3418
3699880,1.7000,1.3466
3700380,1.7000,1.3490
3700880,1.7000,1.3450
3701380,1.7000,1.3466
3701880,1.7000,1.3530
3702380,1.7000,1.3490
3702880,1.7000,1.3426
3703380,1.7000,1.3450
3703880,1.7000,1.3442
3704380,1.7000,1.3466
3704880,1.7000,1.3410
3705380,1.7000,1.3216
3705880,1.7000,1.3450
3706380,1.7000,1.3337
3706880,1.7000,1.3418
3707380,1.7000,1.3442
3707880,1.7000,1.3538
3708380,1.7000,1.3538
3708880,1.7000,1.3410
3709380,1.7000,1.3434
3709880,1.7000,1.3426
3710380,1.7000,1.3490
3710880,1.7000,1.3426
3711380,1.7000,1.3490
3711880,1.7000,1.3450
3712380,1.7000,1.3426
3712880,1.7000,1.3418
3713380,1.7000,1.3281
3713880,1.7000,1.3410
3714380,1.7000,1.3490
3714880,1.7000,1.3434
3715380,1.7000,1.3434
3715880,1.7000,1.3538
3716380,1.7000,1.3426
3716880,1.7000,1.3498
3717380,1.7000,1.3547
3717880,1.7000,1.3321
3718380,1.7000,1.3482
3718880,1.7000,1.3418
3719380,1.7000,1.3547
3719880,1.7000,1.3401
3720380,1.7000,1.3458
3720880,1.7000,1.3434
3721380,1.7000,1.3434
3721880,1.7000,1.3538
3722380,1.7000,1.3482
3722880,1.7000,1.3490
3723380,1.7000,1.3410
3723880,1.7000,1.3490
3724380,1.7000,1.3530
3724880,1.7000,1.3555
3725380,1.7000,1.3498
3725880,1.7000,1.3434
3726380,1.7000,1.3458
3726880,1.7000,1.3281
3727380,1.7000,1.3538
3727880,1.7000,1.3522
3728380,1.7000,1.3401
3728880,1.7000,1.3426
3729380,1.7000,1.3434
3729880,1.7000,1.3659
3730380,1.7000,1.3450
3730880,1.7000,1.3369
3731380,1.7000,1.3458
3731880,1.7000,1.3458
3732380,1.7000,1.3410
3732880,1.7000,1.3514
3733380,1.7000,1.3490
3733880,1.7000,1.3442
3734380,1.7000,1.3426
3734880,1.7000,1.3410
3735380,1.7000,1.3466
3735880,1.7000,1.3361
3736380,1.7000,1.3474
3736880,1.7000,1.3410
3737380,1.7000,1.3458
3737880,1.7000,1.3490
3738380,1.7000,1.3555
3738880,1.7000,1.3434
3739380,1.7000,1.3466
3739880,1.7000,1.3401
3740380,1.7000,1.3337
3740880,1.7000,1.3466
3741380,1.7000,1.3538
3741880,1.7000,1.3393
3742380,1.7000,1.3410
3742880,1.7000,1.3490
3743380,1.7000,1.3514
3743880,1.7000,1.3643
3744380,1.7000,1.3724
3744880,1.7000,1.3418
3745380,1.7000,1.3458
3745880,1.7000,1.3458
3746380,1.7000,1.3530
3746880,1.7000,1.3401
3747380,1.7000,1.3555
3747880,1.7000,1.3498
3748380,1.7000,1.3474
3748880,1.7000,1.3466
3749380,1.7000,1.3506
3749880,1.7000,1.3418
3750380,1.7000,1.3047
3750880,1.7000,1.3563
3751380,1.7000,1.3418
3751880,1.7000,1.3426
3752380,1.7000,1.3410
3752880,1.7000,1.3466
3753380,1.7000,1.3466
3753880,1.7000,1.3321
3754380,1.7000,1.3329
3754880,1.7000,1.3490
3755380,1.7000,1.3385
3755880,1.7000,1.3410
3756380,1.7000,1.3426
3756880,1.7000,1.3514
3757380,1.7000,1.3587
3757880,1.7000,1.3458
3758380,1.7000,1.3450
3758880,1.7000,1.3466
3759380,1.7000,1.3426
3759880,1.7000,1.3522
3760380,1.7000,1.3450
3760880,1.7000,1.3410
3761380,1.7000,1.3426
3761880,1.7000,1.3458
3762380,1.7000,1.3514
3762880,1.7000,1.3514
3763380,1.7000,1.3692
3763880,1.7000,1.3434
3764380,1.7000,1.3458
3764880,1.7000,1.3482
3765380,1.7000,1.3498
3765880,1.7000,1.3555
3766380,1.7000,1.3651
3766880,1.7000,1.3458
3767380,1.7000,1.3514
3767880,1.7000,1.3401
3768380,1.7000,1.3538
3768880,1.7000,1.3732
3769380,1.7000,1.3490
3769880,1.7000,1.3530
3770380,1.7000,1.3410
3770880,1.7000,1.3450
3771380,1.7000,1.3490
3771880,1.7000,1.3684
3772380,1.7000,1.3514
3772880,1.7000,1.3458
3773380,1.7000,1.3490
3773880,1.7000,1.3490
3774380,1.7000,1.3401
3774880,1.7000,1.3555
3775380,1.7000,1.3434
3775880,1.7000,1.3522
3776380,1.7000,1.3434
3776880,1.7000,1.3369
3777380,1.7000,1.3410
3777880,1.7000,1.3490
3778380,1.7000,1.3490
3778880,1.7000,1.3555
3779380,1.7000,1.3482
3779880,1.7000,1.3490
3780380,1.7000,1.3514
3780880,1.7000,1.3482
3781380,1.7000,1.3498
3781880,1.7000,1.3498
3782380,1.7000,1.3418
3782880,1.7000,1.3522
3783380,1.7000,1.3450
3783880,1.7000,1.3514
3784380,1.7000,1.3498
3784880,1.7000,1.3538
3785380,1.7000,1.3490
3785880,1.7000,1.3684
3786380,1.7000,1.3514
3786880,1.7000,1.3538
3787380,1.7000,1.3466
3787880,1.7000,1.3458
3788380,1.7000,1.3490
3788880,1.7000,1.3563
3789380,1.7000,1.3450
3789880,1.7000,1.3506
3790380,1.7000,1.3458
3790880,1.7000,1.3498
3791380,1.7000,1.3547
3791880,1.7000,1.3490
3792380,1.7000,1.3498
3792880,1.7000,1.3538
3793380,1.7000,1.3466
3793880,1.7000,1.3619
3794380,1.7000,1.3522
3794880,1.7000,1.3450
3795380,1.7000,1.3401
3795880,1.7000,1.3450
3796380,1.7000,1.3474
3796880,1.7000,1.3506
3797380,1.7000,1.3498
3797880,1.7000,1.3482
3798380,1.7000,1.3434
3798880,1.7000,1.3498
3799380,1.7000,1.3538
3799880,1.7000,1.3587
3800380,1.7000,1.3401
3800880,1.7000,1.3434
3801380,1.7000,1.3458
3801880,1.7000,1.3498
3802380,1.7000,1.3659
3802880,1.7000,1.3410
3803380,1.7000,1.3281
3803880,1.7000,1.3490
3804380,1.7000,1.3514
3804880,1.7000,1.3538
3805380,1.7000,1.3458
3805880,1.7000,1.3466
3806380,1.7000,1.3538
3806880,1.7000,1.3522
3807380,1.7000,1.3563
3807880,1.7000,1.3466
3808380,1.7000,1.3490
3808880,1.7000,1.3482
3809380,1.7000,1.3434
3809880,1.7000,1.3522
3810380,1.7000,1.3498
3810880,1.7000,1.3603
3811380,1.7000,1.3538
3811880,1.7000,1.3538
3812380,1.7000,1.3522
3812880,1.7000,1.3538
3813380,1.7000,1.3490
3813880,1.7000,1.3498
3814380,1.7000,1.3498
3814880,1.7000,1.3434
3815380,1.7000,1.3498
3815880,1.7000,1.3506
3816380,1.7000,1.3450
3816880,1.7000,1.3627
3817380,1.7000,1.3530
3817880,1.7000,1.3506
3818380,1.7000,1.3482
3818880,1.7000,1.3579
3819380,1.7000,1.3426
3819880,1.7000,1.3498
3820380,1.7000,1.3490
3820880,1.7000,1.3522
3821380,1.7000,1.3555
3821880,1.7000,1.3522
3822380,1.7000,1.3522
3822880,1.7000,1.3410
3823380,1.7000,1.3538
3823880,1.7000,1.3466
3824380,1.7000,1.3434
3824880,1.7000,1.3522
3825380,1.7000,1.3442
3825880,1.7000,1.3458
3826380,1.7000,1.3748
3826880,1.7000,1.3538
3827380,1.7000,1.3482
3827880,1.7000,1.3442
3828380,1.7000,1.3482
3828880,1.7000,1.3458
3829380,1.7000,1.3458
3829880,1.7000,1.3538
3830380,1.7000,1.3434
3830880,1.7000,1.3538
3831380,1.7000,1.3804
3831880,1.7000,1.3466
3832380,1.7000,1.3522
3832880,1.7000,1.3563
3833380,1.7000,1.3555
3833880,1.7000,1.3434
3834380,1.7000,1.3538
3834880,1.7000,1.3490
3835380,1.7000,1.3426
3835880,1.7000,1.3595
3836380,1.7000,1.3474
3836880,1.7000,1.3490
3837380,1.7000,1.3498
3837880,1.7000,1.3482
3838380,1.7000,1.3651
3838880,1.7000,1.3522
3839380,1.7000,1.3506
3839880,1.7000,1.3514
3840380,1.7000,1.3498
3840880,1.7000,1.3482
3841380,1.7000,1.3538
3841880,1.7000,1.3490
3842380,1.7000,1.3538
3842880,1.7000,1.3160
3843380,1.7000,1.3538
3843880,1.7000,1.3538
3844380,1.7000,1.3619
3844880,1.7000,1.3329
3845380,1.7000,1.3538
3845880,1.7000,1.3635
3846380,1.7000,1.3547
3846880,1.7000,1.3547
3847380,1.7000,1.3514
3847880,1.7000,1.3538
3848380,1.7000,1.3450
3848880,1.7000,1.3538
3849380,1.7000,1.3667
3849880,1.7000,1.3538
3850380,1.7000,1.3538
3850880,1.7000,1.3490
3851380,1.7000,1.3490
3851880,1.7000,1.3498
3852380,1.7000,1.3538
3852880,1.7000,1.3434
3853380,1.7000,1.3555
3853880,1.7000,1.3555
3854380,1.7000,1.3571
3854880,1.7000,1.3555
3855380,1.7000,1.3377
3855880,1.7000,1.3522
3856380,1.7000,1.3538
3856880,1.7000,1.3538
3857380,1.7000,1.3538
3857880,1.7000,1.3579
3858380,1.7000,1.3458
3858880,1.7000,1.3514
3859380,1.7000,1.3410
3859880,1.7000,1.3538
3860380,1.7000,1.3498
3860880,1.7000,1.3522
3861380,1.7000,1.3490
3861880,1.7000,1.3514
3862380,1.7000,1.3466
3862880,1.7000,1.3684
3863380,1.7000,1.3619
3863880,1.7000,1.3498
3864380,1.7000,1.3506
3864880,1.7000,1.3538
3865380,1.7000,1.3611
3865880,1.7000,1.3418
3866380,1.7000,1.3490
3866880,1.7000,1.3547
3867380,1.7000,1.3579
3867880,1.7000,1.3538
3868380,1.7000,1.3555
3868880,1.7000,1.3530
3869380,1.7000,1.3458
3869880,1.7000,1.3482
3870380,1.7000,1.3555
3870880,1.7000,1.3506
3871380,1.7000,1.3482
3871880,1.7000,1.3571
3872380,1.7000,1.3466
3872880,1.7000,1.3538
3873380,1.7000,1.3563
3873880,1.7000,1.3418
3874380,1.7000,1.3555
3874880,1.7000,1.3522
3875380,1.7000,1.3281
3875880,1.7000,1.3538
3876380,1.7000,1.3522
3876880,1.7000,1.3482
3877380,1.7000,1.3692
3877880,1.7000,1.3522
3878380,1.7000,1.3538
3878880,1.7000,1.3490
3879380,1.7000,1.3482
3879880,1.7000,1.3522
3880380,1.7000,1.3490
3880880,1.7000,1.3538
3881380,1.7000,1.3514
3881880,1.7000,1.3522
3882380,1.7000,1.3498
3882880,1.7000,1.3490
3883380,1.7000,1.3555
3883880,1.7000,1.3522
3884380,1.7000,1.3538
3884880,1.7000,1.3667
3885380,1.7000,1.3522
3885880,1.7000,1.3555
3886380,1.7000,1.3538
3886880,1.7000,1.3538
3887380,1.7000,1.3522
3887880,1.7000,1.3377
3888380,1.7000,1.3369
3888880,1.7000,1.3458
3889380,1.7000,1.3547
3889880,1.7000,1.3538
3890380,1.7000,1.3627
3890880,1.7000,1.3619
3891380,1.7000,1.3538
3891880,1.7000,1.3514
3892380,1.7000,1.3627
3892880,1.7000,1.3530
3893380,1.7000,1.3506
3893880,1.7000,1.3490
3894380,1.7000,1.3571
3894880,1.7000,1.3522
3895380,1.7000,1.3522
3895880,1.7000,1.3538
3896380,1.7000,1.3538
3896880,1.7000,1.3434
3897380,1.7000,1.3530
3897880,1.7000,1.3498
3898380,1.7000,1.3538
3898880,1.7000,1.3514
3899380,1.7000,1.3627
3899880,1.7000,1.3684
3900380,1.7000,1.3547
3900880,1.7000,1.3530
3901380,1.7000,1.3530
3901880,1.7000,1.3659
3902380,1.7000,1.3498
3902880,1.7000,1.3530
3903380,1.7000,1.3563
3903880,1.7000,1.3555
3904380,1.7000,1.3538
3904880,1.7000,1.3410
3905380,1.7000,1.3619
3905880,1.7000,1.3466
3906380,1.7000,1.3538
3906880,1.7000,1.3522
3907380,1.7000,1.3643
3907880,1.7000,1.3587
3908380,1.7000,1.3579
3908880,1.7000,1.3579
3909380,1.7000,1.3538
3909880,1.7000,1.3538
3910380,1.7000,1.3635
3910880,1.7000,1.3627
3911380,1.7000,1.3498
3911880,1.7000,1.3538
3912380,1.7000,1.3514
3912880,1.7000,1.3530
3913380,1.7000,1.3401
3913880,1.7000,1.3434
3914380,1.7000,1.3514
3914880,1.7000,1.3490
3915380,1.7000,1.3482
3915880,1.7000,1.3490
3916380,1.7000,1.3595
3916880,1.7000,1.3522
3917380,1.7000,1.3587
3917880,1.7000,1.3498
3918380,1.7000,1.3538
3918880,1.7000,1.3684
3919380,1.7000,1.3538
3919880,1.7000,1.3538
3920380,1.7000,1.3466
3920880,1.7000,1.3587
3921380,1.7000,1.3877
3921880,1.7000,1.3530
3922380,1.7000,1.3555
3922880,1.7000,1.3498
3923380,1.7000,1.3466
3923880,1.7000,1.3530
3924380,1.7000,1.3667
3924880,1.7000,1.3538
3925380,1.7000,1.3410
3925880,1.7000,1.3579
3926380,1.7000,1.3563
3926880,1.7000,1.3538
3927380,1.7000,1.3587
3927880,1.7000,1.3474
3928380,1.7000,1.3563
3928880,1.7000,1.3530
3929380,1.7000,1.3538
3929880,1.7000,1.3547
3930380,1.7000,1.3538
3930880,1.7000,1.3563
3931380,1.7000,1.3538
3931880,1.7000,1.3498
3932380,1.7000,1.3547
3932880,1.7000,1.3530
3933380,1.7000,1.3538
3933880,1.7000,1.3506
3934380,1.7000,1.3538
3934880,1.7000,1.3482
3935380,1.7000,1.3692
3935880,1.7000,1.3667
3936380,1.7000,1.3587
3936880,1.7000,1.3619
3937380,1.7000,1.3466
3937880,1.7000,1.3538
3938380,1.7000,1.3595
3938880,1.7000,1.3506
3939380,1.7000,1.3547
3939880,1.7000,1.3563
3940380,1.7000,1.3538
3940880,1.7000,1.3579
3941380,1.7000,1.3538
3941880,1.7000,1.3490
3942380,1.7000,1.3579
3942880,1.7000,1.3538
3943380,1.7000,1.3547
3943880,1.7000,1.3587
3944380,1.7000,1.3579
3944880,1.7000,1.3547
3945380,1.7000,1.3466
3945880,1.7000,1.3514
3946380,1.7000,1.3611
3946880,1.7000,1.3506
3947380,1.7000,1.3547
3947880,1.7000,1.3563
3948380,1.7000,1.3490
3948880,1.7000,1.3506
3949380,1.7000,1.3595
3949880,1.7000,1.3659
3950380,1.7000,1.3538
3950880,1.7000,1.3538
3951380,1.7000,1.3579
3951880,1.7000,1.3635
3952380,1.7000,1.3530
3952880,1.7000,1.3538
3953380,1.7000,1.3732
3953880,1.7000,1.3611
3954380,1.7000,1.3555
3954880,1.7000,1.3538
3955380,1.7000,1.3579
3955880,1.7000,1.3563
3956380,1.7000,1.3522
3956880,1.7000,1.3458
3957380,1.7000,1.3716
3957880,1.7000,1.3547
3958380,1.7000,1.3281
3958880,1.7000,1.3538
3959380,1.7000,1.3498
3959880,1.7000,1.3538
3960380,1.7000,1.3651
3960880,1.7000,1.3563
3961380,1.7000,1.3530
3961880,1.7000,1.3643
3962380,1.7000,1.3538
3962880,1.7000,1.3538
3963380,1.7000,1.3740
3963880,1.7000,1.3538
3964380,1.7000,1.3563
3964880,1.7000,1.3555
3965380,1.7000,1.3506
3965880,1.7000,1.3547
3966380,1.7000,1.3555
3966880,1.7000,1.3514
3967380,1.7000,1.3619
3967880,1.7000,1.3538
3968380,1.7000,1.3522
3968880,1.7000,1.3555
3969380,1.7000,1.3538
3969880,1.7000,1.3538
3970380,1.7000,1.3522
3970880,1.7000,1.3643
3971380,1.7000,1.3538
3971880,1.7000,1.3579
3972380,1.7000,1.3482
3972880,1.7000,1.3563
3973380,1.7000,1.3675
3973880,1.7000,1.3530
3974380,1.7000,1.3587
3974880,1.7000,1.3538
3975380,1.7000,1.3538
3975880,1.7000,1.3555
3976380,1.7000,1.3587
3976880,1.7000,1.3538
3977380,1.7000,1.3635
3977880,1.7000,1.3587
3978380,1.7000,1.3579
3978880,1.7000,1.3538
3979380,1.7000,1.3595
3979880,1.7000,1.3434
3980380,1.7000,1.3538
3980880,1.7000,1.3619
3981380,1.7000,1.3490
3981880,1.7000,1.3555
3982380,1.7000,1.3514
3982880,1.7000,1.3538
3983380,1.7000,1.3530
3983880,1.7000,1.3538
3984380,1.7000,1.3555
3984880,1.7000,1.3530
3985380,1.7000,1.3732
3985880,1.7000,1.3579
3986380,1.7000,1.3579
3986880,1.7000,1.3772
3987380,1.7000,1.3530
3987880,1.7000,1.3595
3988380,1.7000,1.3547
3988880,1.7000,1.3595
3989380,1.7000,1.3522
3989880,1.7000,1.3547
3990380,1.7000,1.3498
3990880,1.7000,1.3587
3991380,1.7000,1.3587
3991880,1.7000,1.3538
3992380,1.7000,1.3547
3992880,1.7000,1.3522
3993380,1.7000,1.3627
3993880,1.7000,1.3458
3994380,1.7000,1.3538
3994880,1.7000,1.3595
3995380,1.7000,1.3522
3995880,1.7000,1.3442
3996380,1.7000,1.3595
3996880,1.7000,1.3450
3997380,1.7000,1.3538
3997880,1.7000,1.3530
3998380,1.7000,1.3579
3998880,1.7000,1.3587
3999380,1.7000,1.3538
3999880,1.7000,1.3514
4000380,1.7000,1.3587
4000880,1.7000,1.3514
4001380,1.7000,1.3547
4001880,1.7000,1.3538
4002380,1.7000,1.3692
4002880,1.7000,1.3538
4003380,1.7000,1.3498
4003880,1.7000,1.3538
4004380,1.7000,1.3474
4004880,1.7000,1.3595
4005380,1.7000,1.3538
4005880,1.7000,1.3555
4006380,1.7000,1.3522
4006880,1.7000,1.3538
4007380,1.7000,1.3434
4007880,1.7000,1.3514
4008380,1.7000,1.3482
4008880,1.7000,1.3555
4009380,1.7000,1.3547
4009880,1.7000,1.3514
4010380,1.7000,1.3595
4010880,1.7000,1.3538
4011380,1.7000,1.3514
4011880,1.7000,1.3555
4012380,1.7000,1.3498
4012880,1.7000,1.3458
4013380,1.7000,1.3538
4013880,1.7000,1.3547
4014380,1.7000,1.3587
4014880,1.7000,1.3498
4015380,1.7000,1.3538
4015880,1.7000,1.3643
4016380,1.7000,1.3458
4016880,1.7000,1.3369
4017380,1.7000,1.3659
4017880,1.7000,1.3458
4018380,1.7000,1.3538
4018880,1.7000,1.3555
4019380,1.7000,1.3595
4019880,1.7000,1.3635
4020380,1.7000,1.3538
4020880,1.7000,1.3555
4021380,1.7000,1.3643
4021880,1.7000,1.3555
4022380,1.7000,1.3522
4022880,1.7000,1.3490
4023380,1.7000,1.3538
4023880,1.7000,1.3538
4024380,1.7000,1.3514
4024880,1.7000,1.3684
4025380,1.7000,1.3538
4025880,1.7000,1.3522
4026380,1.7000,1.3538
4026880,1.7000,1.3595
4027380,1.7000,1.3498
4027880,1.7000,1.3547
4028380,1.7000,1.3538
4028880,1.7000,1.3563
4029380,1.7000,1.3563
4029880,1.7000,1.3450
4030380,1.7000,1.3563
4030880,1.7000,1.3506
4031380,1.7000,1.3555
4031880,1.7000,1.3530
4032380,1.7000,1.3748
4032880,1.7000,1.3587
4033380,1.7000,1.3538
4033880,1.7000,1.3643
4034380,1.7000,1.3555
4034880,1.7000,1.3538
4035380,1.7000,1.3748
4035880,1.7000,1.3563
4036380,1.7000,1.3538
4036880,1.7000,1.3530
4037380,1.7000,1.3547
4037880,1.7000,1.3514
4038380,1.7000,1.3498
4038880,1.7000,1.3522
4039380,1.7000,1.3522
4039880,1.7000,1.3490
4040380,1.7000,1.3530
4040880,1.7000,1.3579
4041380,1.7000,1.3506
4041880,1.7000,1.3538
4042380,1.7000,1.3804
4042880,1.7000,1.3547
4043380,1.7000,1.3732
4043880,1.7000,1.3627
4044380,1.7000,1.3530
4044880,1.7000,1.3571
4045380,1.7000,1.3522
4045880,1.7000,1.3579
4046380,1.7000,1.3555
4046880,1.7000,1.3538
4047380,1.7000,1.3547
4047880,1.7000,1.3595
4048380,1.7000,1.3538
4048880,1.7000,1.3555
4049380,1.7000,1.3498
4049880,1.7000,1.3684
4050380,1.7000,1.3498
4050880,1.7000,1.3450
4051380,1.7000,1.3482
4051880,1.7000,1.3563
4052380,1.7000,1.3530
4052880,1.7000,1.3563
4053380,1.7000,1.3563
4053880,1.7000,1.3611
4054380,1.7000,1.3595
4054880,1.7000,1.3587
4055380,1.7000,1.3530
4055880,1.7000,1.3563
4056380,1.7000,1.3547
4056880,1.7000,1.3538
4057380,1.7000,1.3675
4057880,1.7000,1.3538
4058380,1.7000,1.3538
4058880,1.7000,1.3538
4059380,1.7000,1.3587
4059880,1.7000,1.3538
4060380,1.7000,1.3643
4060880,1.7000,1.3555
4061380,1.7000,1.3563
4061880,1.7000,1.3611
4062380,1.7000,1.3563
4062880,1.7000,1.3498
4063380,1.7000,1.3563
4063880,1.7000,1.3563
4064380,1.7000,1.3716
4064880,1.7000,1.3490
4065380,1.7000,1.3522
4065880,1.7000,1.3812
4066380,1.7000,1.3434
4066880,1.7000,1.3595
4067380,1.7000,1.3466
4067880,1.7000,1.3587
4068380,1.7000,1.3587
4068880,1.7000,1.3812
4069380,1.7000,1.3716
4069880,1.7000,1.3587
4070380,1.7000,1.3579
4070880,1.7000,1.3547
4071380,1.7000,1.3651
4071880,1.7000,1.3547
4072380,1.7000,1.3506
4072880,1.7000,1.3595
4073380,1.7000,1.3667
4073880,1.7000,1.3651
4074380,1.7000,1.3498
4074880,1.7000,1.3563
4075380,1.7000,1.3538
4075880,1.7000,1.3514
4076380,1.7000,1.3563
4076880,1.7000,1.3667
4077380,1.7000,1.3538
4077880,1.7000,1.3547
4078380,1.7000,1.3563
4078880,1.7000,1.3579
4079380,1.7000,1.3538
4079880,1.7000,1.3595
4080380,1.7000,1.3538
4080880,1.7000,1.3442
4081380,1.7000,1.3522
4081880,1.7000,1.3538
4082380,1.7000,1.3651
4082880,1.7000,1.3555
4083380,1.7000,1.3530
4083880,1.7000,1.3410
4084380,1.7000,1.3563
4084880,1.7000,1.3595
4085380,1.7000,1.3538
4085880,1.7000,1.3595
4086380,1.7000,1.3538
4086880,1.7000,1.3538
4087380,1.7000,1.3506
4087880,1.7000,1.3482
4088380,1.7000,1.3675
4088880,1.7000,1.3538
4089380,1.7000,1.3611
4089880,1.7000,1.3530
4090380,1.7000,1.3538
4090880,1.7000,1.3627
4091380,1.7000,1.3498
4091880,1.7000,1.3538
4092380,1.7000,1.3579
4092880,1.7000,1.3538
4093380,1.7000,1.3547
4093880,1.7000,1.3563
4094380,1.7000,1.3571
4094880,1.7000,1.3538
4095380,1.7000,1.3563
4095880,1.7000,1.3538
4096380,1.7000,1.3587
4096880,1.7000,1.3555
4097380,1.7000,1.3418
4097880,1.7000,1.3611
4098380,1.7000,1.3571
4098880,1.7000,1.3651
4099380,1.7000,1.3708
4099880,1.7000,1.3571
4100380,1.7000,1.3595
4100880,1.7000,1.3369
4101380,1.7000,1.3611
4101880,1.7000,1.3595
4102380,1.7000,1.3692
4102880,1.7000,1.3538
4103380,1.7000,1.3563
4103880,1.7000,1.3587
4104380,1.7000,1.3643
4104880,1.7000,1.3538
4105380,1.7000,1.3547
4105880,1.7000,1.3498
4106380,1.7000,1.3587
4106880,1.7000,1.3587
4107380,1.7000,1.3522
4107880,1.7000,1.3482
4108380,1.7000,1.3547
4108880,1.7000,1.3563
4109380,1.7000,1.3563
4109880,1.7000,1.3571
4110380,1.7000,1.3547
4110880,1.7000,1.3619
4111380,1.7000,1.3442
4111880,1.7000,1.3538
4112380,1.7000,1.3538
4112880,1.7000,1.3466
4113380,1.7000,1.3538
4113880,1.7000,1.3716
4114380,1.7000,1.3587
4114880,1.7000,1.3571
4115380,1.7000,1.3538
4115880,1.7000,1.3530
4116380,1.7000,1.3579
4116880,1.7000,1.3530
4117380,1.7000,1.3595
4117880,1.7000,1.3538
4118380,1.7000,1.3563
4118880,1.7000,1.3547
4119380,1.7000,1.3635
4119880,1.7000,1.3498
4120380,1.7000,1.3538
4120880,1.7000,1.3563
4121380,1.7000,1.3643
4121880,1.7000,1.3563
4122380,1.7000,1.3788
4122880,1.7000,1.3595
4123380,1.7000,1.3547
4123880,1.7000,1.3514
4124380,1.7000,1.3563
4124880,1.7000,1.3635
4125380,1.7000,1.3547
4125880,1.7000,1.3369
4126380,1.7000,1.3538
4126880,1.7000,1.3538
4127380,1.7000,1.3764
4127880,1.7000,1.3587
4128380,1.7000,1.3587
4128880,1.7000,1.3538
4129380,1.7000,1.3563
4129880,1.7000,1.3716
4130380,1.7000,1.3466
4130880,1.7000,1.3595
4131380,1.7000,1.3498
4131880,1.7000,1.3611
4132380,1.7000,1.3538
4132880,1.7000,1.3547
4133380,1.7000,1.3555
4133880,1.7000,1.3514
4134380,1.7000,1.3571
4134880,1.7000,1.3595
4135380,1.7000,1.3684
4135880,1.7000,1.3571
4136380,1.7000,1.3579
4136880,1.7000,1.3595
4137380,1.7000,1.3684
4137880,1.7000,1.3579
4138380,1.7000,1.3490
4138880,1.7000,1.3522
4139380,1.7000,1.3651
4139880,1.7000,1.3627
4140380,1.7000,1.3587
4140880,1.7000,1.3579
4141380,1.7000,1.3555
4141880,1.7000,1.3796
4142380,1.7000,1.3643
4142880,1.7000,1.3555
4143380,1.7000,1.3667
4143880,1.7000,1.3555
4144380,1.7000,1.3837
4144880,1.7000,1.3498
4145380,1.7000,1.3530
4145880,1.7000,1.3651
4146380,1.7000,1.3555
4146880,1.7000,1.3667
4147380,1.7000,1.3595
4147880,1.7000,1.3490
4148380,1.7000,1.3538
4148880,1.7000,1.3538
4149380,1.7000,1.3538
4149880,1.7000,1.3651
4150380,1.7000,1.3498
4150880,1.7000,1.3538
4151380,1.7000,1.3458
4151880,1.7000,1.3748
4152380,1.7000,1.3619
4152880,1.7000,1.3538
4153380,1.7000,1.3538
4153880,1.7000,1.3659
4154380,1.7000,1.3555
4154880,1.7000,1.3595
4155380,1.7000,1.3530
4155880,1.7000,1.3563
4156380,1.7000,1.3490
4156880,1.7000,1.3547
4157380,1.7000,1.3716
4157880,1.7000,1.3627
4158380,1.7000,1.3538
4158880,1.7000,1.3764
4159380,1.7000,1.3490
4159880,1.7000,1.3563
4160380,1.7000,1.3555
4160880,1.7000,1.3595
4161380,1.7000,1.3579
4161880,1.7000,1.3780
4162380,1.7000,1.3611
4162880,1.7000,1.3667
4163380,1.7000,1.3538
4163880,1.7000,1.3635
4164380,1.7000,1.3547
4164880,1.7000,1.3651
4165380,1.7000,1.3563
4165880,1.7000,1.3643
4166380,1.7000,1.3555
4166880,1.7000,1.3522
4167380,1.7000,1.3643
4167880,1.7000,1.3651
4168380,1.7000,1.3530
4168880,1.7000,1.3651
4169380,1.7000,1.3595
4169880,1.7000,1.3764
4170380,1.7000,1.3635
4170880,1.7000,1.3555
4171380,1.7000,1.3796
4171880,1.7000,1.3547
4172380,1.7000,1.3692
4172880,1.7000,1.3627
4173380,1.7000,1.3611
4173880,1.7000,1.3571
4174380,1.7000,1.3651
4174880,1.7000,1.3627
4175380,1.7000,1.3571
4175880,1.7000,1.3659
4176380,1.7000,1.3603
4176880,1.7000,1.3595
4177380,1.7000,1.3579
4177880,1.7000,1.3651
4178380,1.7000,1.3587
4178880,1.7000,1.3764
4179380,1.7000,1.3579
4179880,1.7000,1.3530
4180380,1.7000,1.3563
4180880,1.7000,1.3393
4181380,1.7000,1.3651
4181880,1.7000,1.3587
4182380,1.7000,1.3538
4182880,1.7000,1.3579
4183380,1.7000,1.3627
4183880,1.7000,1.3659
4184380,1.7000,1.3538
4184880,1.7000,1.3538
4185380,1.7000,1.3587
4185880,1.7000,1.3555
4186380,1.7000,1.3748
4186880,1.7000,1.3659
4187380,1.7000,1.3547
4187880,1.7000,1.3538
4188380,1.7000,1.3587
4188880,1.7000,1.3667
4189380,1.7000,1.3675
4189880,1.7000,1.3514
4190380,1.7000,1.3659
4190880,1.7000,1.3667
4191380,1.7000,1.3659
4191880,1.7000,1.3619
4192380,1.7000,1.3611
4192880,1.7000,1.3611
4193380,1.7000,1.3603
4193880,1.7000,1.3651
4194380,1.7000,1.3708
4194880,1.7000,1.3579
4195380,1.7000,1.3643
4195880,1.7000,1.3595
4196380,1.7000,1.3555
4196880,1.7000,1.3692
4197380,1.7000,1.3684
4197880,1.7000,1.3595
4198380,1.7000,1.3579
4198880,1.7000,1.3732
4199380,1.7000,1.3611
4199880,1.7000,1.3587
4200380,1.7000,1.3619
4200880,1.7000,1.3684
4201380,1.7000,1.3692
4201880,1.7000,1.3659
4202380,1.7000,1.3764
4202880,1.7000,1.3555
4203380,1.7000,1.3595
4203880,1.7000,1.3555
4204380,1.7000,1.3716
4204880,1.7000,1.3643
4205380,1.7000,1.3538
4205880,1.7000,1.3643
4206380,1.7000,1.3643
4206880,1.7000,1.3643
4207380,1.7000,1.3619
4207880,1.7000,1.3635
4208380,1.7000,1.3700
4208880,1.7000,1.4046
4209380,1.7000,1.3555
4209880,1.7000,1.3740
4210380,1.7000,1.3627
4210880,1.7000,1.3595
4211380,1.7000,1.3651
4211880,1.7000,1.3619
4212380,1.7000,1.3595
4212880,1.7000,1.3764
4213380,1.7000,1.3563
4213880,1.7000,1.3643
4214380,1.7000,1.3571
4214880,1.7000,1.3579
4215380,1.7000,1.3708
4215880,1.7000,1.3619
4216380,1.7000,1.3627
4216880,1.7000,1.3563
4217380,1.7000,1.3684
4217880,1.7000,1.3611
4218380,1.7000,1.3748
4218880,1.7000,1.3659
4219380,1.7000,1.3692
4219880,1.7000,1.3667
4220380,1.7000,1.3716
4220880,1.7000,1.3659
4221380,1.7000,1.3627
4221880,1.7000,1.3675
4222380,1.7000,1.3708
4222880,1.7000,1.3595
4223380,1.7000,1.3619
4223880,1.7000,1.3700
4224380,1.7000,1.3595
4224880,1.7000,1.3595
4225380,1.7000,1.3724
4225880,1.7000,1.3692
4226380,1.7000,1.3579
4226880,1.7000,1.3603
4227380,1.7000,1.3796
4227880,1.7000,1.3619
4228380,1.7000,1.3627
4228880,1.7000,1.3667
4229380,1.7000,1.3659
4229880,1.7000,1.3611
4230380,1.7000,1.3675
4230880,1.7000,1.3619
4231380,1.7000,1.3643
4231880,1.7000,1.3619
4232380,1.7000,1.3579
4232880,1.7000,1.3740
4233380,1.7000,1.3643
4233880,1.7000,1.3563
4234380,1.7000,1.3651
4234880,1.7000,1.3667
4235380,1.7000,1.3716
4235880,1.7000,1.3724
4236380,1.7000,1.3651
4236880,1.7000,1.3627
4237380,1.7000,1.3700
4237880,1.7000,1.3804
4238380,1.7000,1.3675
4238880,1.7000,1.3667
4239380,1.7000,1.3659
4239880,1.7000,1.3877
4240380,1.7000,1.3611
4240880,1.7000,1.3667
4241380,1.7000,1.3490
4241880,1.7000,1.3482
4242380,1.7000,1.3780
4242880,1.7000,1.3684
4243380,1.7000,1.3659
4243880,1.7000,1.3651
4244380,1.7000,1.3667
4244880,1.7000,1.3587
4245380,1.7000,1.3595
4245880,1.7000,1.3627
4246380,1.7000,1.3748
4246880,1.7000,1.3619
4247380,1.7000,1.3796
4247880,1.7000,1.3643
4248380,1.7000,1.3667
4248880,1.7000,1.3627
4249380,1.7000,1.3748
4249880,1.7000,1.3547
4250380,1.7000,1.3700
4250880,1.7000,1.3700
4251380,1.7000,1.3442
4251880,1.7000,1.3740
4252380,1.7000,1.3571
4252880,1.7000,1.3675
4253380,1.7000,1.3595
4253880,1.7000,1.3651
4254380,1.7000,1.3756
4254880,1.7000,1.3772
4255380,1.7000,1.3410
4255880,1.7000,1.3579
4256380,1.7000,1.3667
4256880,1.7000,1.3724
4257380,1.7000,1.3627
4257880,1.7000,1.3635
4258380,1.7000,1.3611
4258880,1.7000,1.3716
4259380,1.7000,1.3708
4259880,1.7000,1.3796
4260380,1.7000,1.3659
4260880,1.7000,1.3563
4261380,1.7000,1.3627
4261880,1.7000,1.3780
4262380,1.7000,1.3667
4262880,1.7000,1.3675
4263380,1.7000,1.3748
4263880,1.7000,1.3619
4264380,1.7000,1.3675
4264880,1.7000,1.3740
4265380,1.7000,1.3724
4265880,1.7000,1.3651
4266380,1.7000,1.3675
4266880,1.7000,1.3716
4267380,1.7000,1.3724
4267880,1.7000,1.3788
4268380,1.7000,1.3538
4268880,1.7000,1.3708
4269380,1.7000,1.3772
4269880,1.7000,1.3643
4270380,1.7000,1.3796
4270880,1.7000,1.3595
4271380,1.7000,1.3611
4271880,1.7000,1.3716
4272380,1.7000,1.3675
4272880,1.7000,1.3635
4273380,1.7000,1.3627
4273880,1.7000,1.3611
4274380,1.7000,1.3788
4274880,1.7000,1.3692
4275380,1.7000,1.3716
4275880,1.7000,1.3716
4276380,1.7000,1.3796
4276880,1.7000,1.3675
4277380,1.7000,1.3724
4277880,1.7000,1.3651
4278380,1.7000,1.3675
4278880,1.7000,1.3675
4279380,1.7000,1.3595
4279880,1.7000,1.3708
4280380,1.7000,1.3796
4280880,1.7000,1.3619
4281380,1.7000,1.3659
4281880,1.7000,1.3740
4282380,1.7000,1.3796
4282880,1.7000,1.3684
4283380,1.7000,1.3684
4283880,1.7000,1.3675
4284380,1.7000,1.3708
4284880,1.7000,1.3877
4285380,1.7000,1.3700
4285880,1.7000,1.3627
4286380,1.7000,1.3708
4286880,1.7000,1.3563
4287380,1.7000,1.3627
4287880,1.7000,1.3643
4288380,1.7000,1.3796
4288880,1.7000,1.3692
4289380,1.7000,1.3724
4289880,1.7000,1.3635
4290380,1.7000,1.3692
4290880,1.7000,1.3651
4291380,1.7000,1.3627
4291880,1.7000,1.3740
4292380,1.7000,1.3684
4292880,1.7000,1.3684
4293380,1.7000,1.3700
4293880,1.7000,1.3659
4294380,1.7000,1.3667
4294880,1.7000,1.3716
4295380,1.7000,1.3692
4295880,1.7000,1.3595
4296380,1.7000,1.3796
4296880,1.7000,1.3643
4297380,1.7000,1.3708
4297880,1.7000,1.3788
4298380,1.7000,1.3659
4298880,1.7000,1.3643
4299380,1.7000,1.3619
4299880,1.7000,1.3877
4300380,1.7000,1.3611
4300880,1.7000,1.3643
4301380,1.7000,1.3692
4301880,1.7000,1.3772
4302380,1.7000,1.3756
4302880,1.7000,1.3675
4303380,1.7000,1.3708
4303880,1.7000,1.3667
4304380,1.7000,1.3788
4304880,1.7000,1.3530
4305380,1.7000,1.3675
4305880,1.7000,1.3692
4306380,1.7000,1.3538
4306880,1.7000,1.3756
4307380,1.7000,1.3692
4307880,1.7000,1.3724
4308380,1.7000,1.3667
4308880,1.7000,1.3796
4309380,1.7000,1.3684
4309880,1.7000,1.3675
4310380,1.7000,1.3635
4310880,1.7000,1.3684
4311380,1.7000,1.3796
4311880,1.7000,1.3651
4312380,1.7000,1.3724
4312880,1.7000,1.3627
4313380,1.7000,1.3700
4313880,1.7000,1.3716
4314380,1.7000,1.3667
4314880,1.7000,1.3667
4315380,1.7000,1.3724
4315880,1.7000,1.3514
4316380,1.7000,1.3684
4316880,1.7000,1.3643
4317380,1.7000,1.3667
4317880,1.7000,1.3587
4318380,1.7000,1.3692
4318880,1.7000,1.3635
4319380,1.7000,1.3708
4319880,1.7000,1.3684
4320380,1.7000,1.3651
4320880,1.7000,1.3692
4321380,1.7000,1.3643
4321880,1.7000,1.3651
4322380,1.7000,1.3780
4322880,1.7000,1.3708
4323380,1.7000,1.3700
4323880,1.7000,1.3708
4324380,1.7000,1.3700
4324880,1.7000,1.3716
4325380,1.7000,1.3530
4325880,1.7000,1.3724
4326380,1.7000,1.3772
4326880,1.7000,1.3756
4327380,1.7000,1.3796
4327880,1.7000,1.3724
4328380,1.7000,1.3659
4328880,1.7000,1.3538
4329380,1.7000,1.3692
4329880,1.7000,1.3925
4330380,1.7000,1.3740
4330880,1.7000,1.3788
4331380,1.7000,1.3692
4331880,1.7000,1.3611
4332380,1.7000,1.3393
4332880,1.7000,1.3619
4333380,1.7000,1.3667
4333880,1.7000,1.3667
4334380,1.7000,1.3692
4334880,1.7000,1.3684
4335380,1.7000,1.3796
4335880,1.7000,1.4304
4336380,1.7000,1.3748
4336880,1.7000,1.3651
4337380,1.7000,1.3627
4337880,1.7000,1.3780
4338380,1.7000,1.3684
4338880,1.7000,1.3724
4339380,1.7000,1.3740
4339880,1.7000,1.3692
4340380,1.7000,1.3659
4340880,1.7000,1.3829
4341380,1.7000,1.3643
4341880,1.7000,1.3595
4342380,1.7000,1.3667
4342880,1.7000,1.3796
4343380,1.7000,1.3756
4343880,1.7000,1.3595
4344380,1.7000,1.3563
4344880,1.7000,1.3514
4345380,1.7000,1.3675
4345880,1.7000,1.3708
4346380,1.7000,1.3788
4346880,1.7000,1.3780
4347380,1.7000,1.3692
4347880,1.7000,1.3555
4348380,1.7000,1.3667
4348880,1.7000,1.3796
4349380,1.7000,1.3796
4349880,1.7000,1.3740
4350380,1.7000,1.3659
4350880,1.7000,1.3716
4351380,1.7000,1.3724
4351880,1.7000,1.3796
4352380,1.7000,1.3692
4352880,1.7000,1.3667
4353380,1.7000,1.3684
4353880,1.7000,1.3667
4354380,1.7000,1.3724
4354880,1.7000,1.3796
4355380,1.7000,1.3740
4355880,1.7000,1.3716
4356380,1.7000,1.3659
4356880,1.7000,1.3716
4357380,1.7000,1.3684
4357880,1.7000,1.3651
4358380,1.7000,1.3780
4358880,1.7000,1.3772
4359380,1.7000,1.3764
4359880,1.7000,1.3724
4360380,1.7000,1.3538
4360880,1.7000,1.3700
4361380,1.7000,1.3708
4361880,1.7000,1.3748
4362380,1.7000,1.3659
4362880,1.7000,1.3740
4363380,1.7000,1.3684
4363880,1.7000,1.3740
4364380,1.7000,1.3643
4364880,1.7000,1.3667
4365380,1.7000,1.3764
4365880,1.7000,1.3756
4366380,1.7000,1.3917
4366880,1.7000,1.3627
4367380,1.7000,1.3659
4367880,1.7000,1.3692
4368380,1.7000,1.3667
4368880,1.7000,1.3619
4369380,1.7000,1.3812
4369880,1.7000,1.3772
4370380,1.7000,1.3740
4370880,1.7000,1.3619
4371380,1.7000,1.3748
4371880,1.7000,1.3667
4372380,1.7000,1.3724
4372880,1.7000,1.3563
4373380,1.7000,1.3643
4373880,1.7000,1.3684
4374380,1.7000,1.3587
4374880,1.7000,1.3667
4375380,1.7000,1.3692
4375880,1.7000,1.3772
4376380,1.7000,1.3756
4376880,1.7000,1.3812
4377380,1.7000,1.3651
4377880,1.7000,1.3700
4378380,1.7000,1.3772
4378880,1.7000,1.3675
4379380,1.7000,1.3780
4379880,1.7000,1.3506
4380380,1.7000,1.3772
4380880,1.7000,1.3780
4381380,1.7000,1.3804
4381880,1.7000,1.3796
4382380,1.7000,1.3716
4382880,1.7000,1.3796
4383380,1.7000,1.3635
4383880,1.7000,1.3796
4384380,1.7000,1.3845
4384880,1.7000,1.3716
4385380,1.7000,1.3595
4385880,1.7000,1.3692
4386380,1.7000,1.3724
4386880,1.7000,1.3667
4387380,1.7000,1.3748
4387880,1.7000,1.3692
4388380,1.7000,1.3788
4388880,1.7000,1.3756
4389380,1.7000,1.3756
4389880,1.7000,1.3756
4390380,1.7000,1.3587
4390880,1.7000,1.3675
4391380,1.7000,1.3643
4391880,1.7000,1.3748
4392380,1.7000,1.3659
4392880,1.7000,1.3708
4393380,1.7000,1.3643
4393880,1.7000,1.3740
4394380,1.7000,1.3595
4394880,1.7000,1.3708
4395380,1.7000,1.3643
4395880,1.7000,1.3692
4396380,1.7000,1.3667
4396880,1.7000,1.3716
4397380,1.7000,1.3748
4397880,1.7000,1.3716
4398380,1.7000,1.3772
4398880,1.7000,1.3667
4399380,1.7000,1.3780
4399880,1.7000,1.3756
4400380,1.7000,1.3796
4400880,1.7000,1.3756
4401380,1.7000,1.3684
4401880,1.7000,1.3587
4402380,1.7000,1.3595
4402880,1.7000,1.3724
4403380,1.7000,1.3700
4403880,1.7000,1.3724
4404380,1.7000,1.3780
4404880,1.7000,1.3716
4405380,1.7000,1.3724
4405880,1.7000,1.3684
4406380,1.7000,1.3780
4406880,1.7000,1.3780
4407380,1.7000,1.3804
4407880,1.7000,1.3587
4408380,1.7000,1.3772
4408880,1.7000,1.3812
4409380,1.7000,1.3724
4409880,1.7000,1.3877
4410380,1.7000,1.3756
4410880,1.7000,1.3845
4411380,1.7000,1.3740
4411880,1.7000,1.3788
4412380,1.7000,1.3748
4412880,1.7000,1.3829
4413380,1.7000,1.3796
4413880,1.7000,1.3700
4414380,1.7000,1.3764
4414880,1.7000,1.3675
4415380,1.7000,1.3555
4415880,1.7000,1.3724
4416380,1.7000,1.3748
4416880,1.7000,1.3796
4417380,1.7000,1.3812
4417880,1.7000,1.3724
4418380,1.7000,1.3716
4418880,1.7000,1.3821
4419380,1.7000,1.3595
4419880,1.7000,1.3780
4420380,1.7000,1.3756
4420880,1.7000,1.3692
4421380,1.7000,1.3764
4421880,1.7000,1.3877
4422380,1.7000,1.3796
4422880,1.7000,1.3708
4423380,1.7000,1.3821
4423880,1.7000,1.3756
4424380,1.7000,1.3772
4424880,1.7000,1.4030
4425380,1.7000,1.3756
4425880,1.7000,1.3837
4426380,1.7000,1.3853
4426880,1.7000,1.3756
4427380,1.7000,1.3796
4427880,1.7000,1.3740
4428380,1.7000,1.3748
4428880,1.7000,1.3756
4429380,1.7000,1.3716
4429880,1.7000,1.3853
4430380,1.7000,1.3885
4430880,1.7000,1.3885
4431380,1.7000,1.3700
4431880,1.7000,1.3716
4432380,1.7000,1.3804
4432880,1.7000,1.3740
4433380,1.7000,1.3643
4433880,1.7000,1.3724
4434380,1.7000,1.3740
4434880,1.7000,1.3692
4435380,1.7000,1.3772
4435880,1.7000,1.3732
4436380,1.7000,1.3772
4436880,1.7000,1.3708
4437380,1.7000,1.3748
4437880,1.7000,1.3716
4438380,1.7000,1.3619
4438880,1.7000,1.3925
4439380,1.7000,1.3716
4439880,1.7000,1.3756
4440380,1.7000,1.3901
4440880,1.7000,1.3659
4441380,1.7000,1.3748
4441880,1.7000,1.3804
4442380,1.7000,1.3708
4442880,1.7000,1.3796
4443380,1.7000,1.3724
4443880,1.7000,1.3684
4444380,1.7000,1.3635
4444880,1.7000,1.3708
4445380,1.7000,1.3788
4445880,1.7000,1.3748
4446380,1.7000,1.3788
4446880,1.7000,1.3788
4447380,1.7000,1.3837
4447880,1.7000,1.3740
4448380,1.7000,1.3740
4448880,1.7000,1.3627
4449380,1.7000,1.3692
4449880,1.7000,1.3708
4450380,1.7000,1.3611
4450880,1.7000,1.3796
4451380,1.7000,1.3740
4451880,1.7000,1.3748
4452380,1.7000,1.3901
4452880,1.7000,1.3780
4453380,1.7000,1.3796
4453880,1.7000,1.3853
4454380,1.7000,1.3667
4454880,1.7000,1.3837
4455380,1.7000,1.3788
4455880,1.7000,1.3796
4456380,1.7000,1.3780
4456880,1.7000,1.3837
4457380,1.7000,1.3804
4457880,1.7000,1.3716
4458380,1.7000,1.3796
4458880,1.7000,1.3724
4459380,1.7000,1.3829
4459880,1.7000,1.3796
4460380,1.7000,1.3796
4460880,1.7000,1.3821
4461380,1.7000,1.3595
4461880,1.7000,1.3684
4462380,1.7000,1.3659
4462880,1.7000,1.3837
4463380,1.7000,1.3796
4463880,1.7000,1.3579
4464380,1.7000,1.3708
4464880,1.7000,1.3732
4465380,1.7000,1.3764
4465880,1.7000,1.3804
4466380,1.7000,1.3708
4466880,1.7000,1.3796
4467380,1.7000,1.3780
4467880,1.7000,1.3756
4468380,1.7000,1.3716
4468880,1.7000,1.3796
4469380,1.7000,1.3845
4469880,1.7000,1.3321
4470380,1.7000,1.3788
4470880,1.7000,1.3756
4471380,1.7000,1.3627
4471880,1.7000,1.3796
4472380,1.7000,1.3780
4472880,1.7000,1.3740
4473380,1.7000,1.3756
4473880,1.7000,1.3724
4474380,1.7000,1.3740
4474880,1.7000,1.3635
4475380,1.7000,1.3692
4475880,1.7000,1.3756
4476380,1.7000,1.3772
4476880,1.7000,1.3772
4477380,1.7000,1.3933
4477880,1.7000,1.3692
4478380,1.7000,1.3780
4478880,1.7000,1.3716
4479380,1.7000,1.3788
4479880,1.7000,1.3796
4480380,1.7000,1.3740
4480880,1.7000,1.3756
4481380,1.7000,1.3788
4481880,1.7000,1.3780
4482380,1.7000,1.3853
4482880,1.7000,1.3772
4483380,1.7000,1.3675
4483880,1.7000,1.3764
4484380,1.7000,1.3788
4484880,1.7000,1.3845
4485380,1.7000,1.3796
4485880,1.7000,1.3708
4486380,1.7000,1.3756
4486880,1.7000,1.3756
4487380,1.7000,1.3845
4487880,1.7000,1.3764
4488380,1.7000,1.3780
4488880,1.7000,1.3804
4489380,1.7000,1.3667
4489880,1.7000,1.3740
4490380,1.7000,1.3724
4490880,1.7000,1.3845
4491380,1.7000,1.3716
4491880,1.7000,1.3804
4492380,1.7000,1.3893
4492880,1.7000,1.3764
4493380,1.7000,1.3796
4493880,1.7000,1.3740
4494380,1.7000,1.3716
4494880,1.7000,1.3675
4495380,1.7000,1.3796
4495880,1.7000,1.3748
4496380,1.7000,1.3796
4496880,1.7000,1.3796
4497380,1.7000,1.3555
4497880,1.7000,1.3796
4498380,1.7000,1.3788
4498880,1.7000,1.3796
4499380,1.7000,1.3877
4499880,1.7000,1.3829
4500380,1.7000,1.3788
4500880,1.7000,1.3772
4501380,1.7000,1.3772
4501880,1.7000,1.3796
4502380,1.7000,1.3756
4502880,1.7000,1.3925
4503380,1.7000,1.4070
4503880,1.7000,1.3796
4504380,1.7000,1.3780
4504880,1.7000,1.3780
4505380,1.7000,1.3780
4505880,1.7000,1.3788
4506380,1.7000,1.3788
4506880,1.7000,1.3909
4507380,1.7000,1.3941
4507880,1.7000,1.3804
4508380,1.7000,1.3772
4508880,1.7000,1.3708
4509380,1.7000,1.3724
4509880,1.7000,1.3772
4510380,1.7000,1.4030
4510880,1.7000,1.3756
4511380,1.7000,1.3796
4511880,1.7000,1.3748
4512380,1.7000,1.3764
4512880,1.7000,1.3829
4513380,1.7000,1.3547
4513880,1.7000,1.3772
4514380,1.7000,1.3796
4514880,1.7000,1.3780
4515380,1.7000,1.3780
4515880,1.7000,1.3796
4516380,1.7000,1.3796
4516880,1.7000,1.3780
4517380,1.7000,1.3796
4517880,1.7000,1.3869
4518380,1.7000,1.3675
4518880,1.7000,1.3804
4519380,1.7000,1.3772
4519880,1.7000,1.3708
4520380,1.7000,1.4111
4520880,1.7000,1.3885
4521380,1.7000,1.3796
4521880,1.7000,1.3732
4522380,1.7000,1.3796
4522880,1.7000,1.3780
4523380,1.7000,1.3796
4523880,1.7000,1.3861
4524380,1.7000,1.3796
4524880,1.7000,1.3724
4525380,1.7000,1.3885
4525880,1.7000,1.3708
4526380,1.7000,1.3764
4526880,1.7000,1.3796
4527380,1.7000,1.3724
4527880,1.7000,1.3748
4528380,1.7000,1.3804
4528880,1.7000,1.3796
4529380,1.7000,1.3788
4529880,1.7000,1.3925
4530380,1.7000,1.3845
4530880,1.7000,1.3869
4531380,1.7000,1.3740
4531880,1.7000,1.3692
4532380,1.7000,1.3780
4532880,1.7000,1.3724
4533380,1.7000,1.3788
4533880,1.7000,1.3780
4534380,1.7000,1.3675
4534880,1.7000,1.3796
4535380,1.7000,1.3925
4535880,1.7000,1.3925
4536380,1.7000,1.3804
4536880,1.7000,1.3788
4537380,1.7000,1.3780
4537880,1.7000,1.3788
4538380,1.7000,1.3966
4538880,1.7000,1.3748
4539380,1.7000,1.3796
4539880,1.7000,1.3724
4540380,1.7000,1.3740
4540880,1.7000,1.3877
4541380,1.7000,1.3925
4541880,1.7000,1.3772
4542380,1.7000,1.3708
4542880,1.7000,1.3861
4543380,1.7000,1.3756
4543880,1.7000,1.3796
4544380,1.7000,1.3796
4544880,1.7000,1.3772
4545380,1.7000,1.3708
4545880,1.7000,1.3845
4546380,1.7000,1.3772
4546880,1.7000,1.3796
4547380,1.7000,1.3780
4547880,1.7000,1.3845
4548380,1.7000,1.3925
4548880,1.7000,1.3748
4549380,1.7000,1.3788
4549880,1.7000,1.3788
4550380,1.7000,1.3692
4550880,1.7000,1.3796
4551380,1.7000,1.3772
4551880,1.7000,1.3796
4552380,1.7000,1.3796
4552880,1.7000,1.3788
4553380,1.7000,1.3772
4553880,1.7000,1.3772
4554380,1.7000,1.3796
4554880,1.7000,1.3829
4555380,1.7000,1.3780
4555880,1.7000,1.3796
4556380,1.7000,1.3579
4556880,1.7000,1.3764
4557380,1.7000,1.3796
4557880,1.7000,1.3796
4558380,1.7000,1.3812
4558880,1.7000,1.3796
4559380,1.7000,1.3772
4559880,1.7000,1.3563
4560380,1.7000,1.3748
4560880,1.7000,1.3724
4561380,1.7000,1.3925
4561880,1.7000,1.3692
4562380,1.7000,1.3788
4562880,1.7000,1.3869
4563380,1.7000,1.3780
4563880,1.7000,1.3869
4564380,1.7000,1.3829
4564880,1.7000,1.3796
4565380,1.7000,1.3756
4565880,1.7000,1.3925
4566380,1.7000,1.3748
4566880,1.7000,1.3845
4567380,1.7000,1.3772
4567880,1.7000,1.3667
4568380,1.7000,1.3804
4568880,1.7000,1.3796
4569380,1.7000,1.3788
4569880,1.7000,1.3772
4570380,1.7000,1.3796
4570880,1.7000,1.3772
4571380,1.7000,1.3853
4571880,1.7000,1.3756
4572380,1.7000,1.3692
4572880,1.7000,1.3796
4573380,1.7000,1.3788
4573880,1.7000,1.3804
4574380,1.7000,1.3740
4574880,1.7000,1.3748
4575380,1.7000,1.3756
4575880,1.7000,1.3796
4576380,1.7000,1.3788
4576880,1.7000,1.3861
4577380,1.7000,1.3796
4577880,1.7000,1.3788
4578380,1.7000,1.3708
4578880,1.7000,1.3982
4579380,1.7000,1.3796
4579880,1.7000,1.3780
4580380,1.7000,1.3780
4580880,1.7000,1.3756
4581380,1.7000,1.3812
4581880,1.7000,1.3804
4582380,1.7000,1.3788
4582880,1.7000,1.3869
4583380,1.7000,1.3796
4583880,1.7000,1.3700
4584380,1.7000,1.3837
4584880,1.7000,1.3821
4585380,1.7000,1.3885
4585880,1.7000,1.3756
4586380,1.7000,1.3845
4586880,1.7000,1.3829
4587380,1.7000,1.3885
4587880,1.7000,1.3788
4588380,1.7000,1.3756
4588880,1.7000,1.3796
4589380,1.7000,1.3821
4589880,1.7000,1.3538
4590380,1.7000,1.3796
4590880,1.7000,1.3547
4591380,1.7000,1.3716
4591880,1.7000,1.3788
4592380,1.7000,1.3772
4592880,1.7000,1.3716
4593380,1.7000,1.3716
4593880,1.7000,1.3627
4594380,1.7000,1.3643
4594880,1.7000,1.3667
4595380,1.7000,1.3796
4595880,1.7000,1.3724
4596380,1.7000,1.3893
4596880,1.7000,1.3796
4597380,1.7000,1.3780
4597880,1.7000,1.3780
4598380,1.7000,1.3716
4598880,1.7000,1.3675
4599380,1.7000,1.3845
4599880,1.7000,1.3740
4600380,1.7000,1.3821
4600880,1.7000,1.3708
4601380,1.7000,1.3796
4601880,1.7000,1.3837
4602380,1.7000,1.3764
4602880,1.7000,1.3788
4603380,1.7000,1.3788
4603880,1.7000,1.3796
4604380,1.7000,1.3796
4604880,1.7000,1.3772
4605380,1.7000,1.3796
4605880,1.7000,1.3788
4606380,1.7000,1.3780
4606880,1.7000,1.3796
4607380,1.7000,1.3756
4607880,1.7000,1.3796
4608380,1.7000,1.3885
4608880,1.7000,1.3772
4609380,1.7000,1.3692
4609880,1.7000,1.3724
4610380,1.7000,1.3812
4610880,1.7000,1.3764
4611380,1.7000,1.3724
4611880,1.7000,1.3732
4612380,1.7000,1.3788
4612880,1.7000,1.3909
4613380,1.7000,1.3821
4613880,1.7000,1.3724
4614380,1.7000,1.3853
4614880,1.7000,1.3925
4615380,1.7000,1.3796
4615880,1.7000,1.3837
4616380,1.7000,1.3812
4616880,1.7000,1.3780
4617380,1.7000,1.3708
4617880,1.7000,1.3780
4618380,1.7000,1.3812
4618880,1.7000,1.3675
4619380,1.7000,1.3756
4619880,1.7000,1.3675
4620380,1.7000,1.3772
4620880,1.7000,1.3796
4621380,1.7000,1.3756
4621880,1.7000,1.3659
4622380,1.7000,1.3804
4622880,1.7000,1.3772
4623380,1.7000,1.3748
4623880,1.7000,1.3821
4624380,1.7000,1.3796
4624880,1.7000,1.3667
4625380,1.7000,1.3780
4625880,1.7000,1.3796
4626380,1.7000,1.3756
4626880,1.7000,1.3853
4627380,1.7000,1.3740
4627880,1.7000,1.3748
4628380,1.7000,1.3740
4628880,1.7000,1.3780
4629380,1.7000,1.3667
4629880,1.7000,1.4022
4630380,1.7000,1.3796
4630880,1.7000,1.3804
4631380,1.7000,1.3796
4631880,1.7000,1.3804
4632380,1.7000,1.3885
4632880,1.7000,1.3684
4633380,1.7000,1.3740
4633880,1.7000,1.3901
4634380,1.7000,1.3812
4634880,1.7000,1.3796
4635380,1.7000,1.3772
4635880,1.7000,1.3869
4636380,1.7000,1.3788
4636880,1.7000,1.3684
4637380,1.7000,1.3796
4637880,1.7000,1.3796
4638380,1.7000,1.3885
4638880,1.7000,1.3780
4639380,1.7000,1.3748
4639880,1.7000,1.4038
4640380,1.7000,1.3861
4640880,1.7000,1.3748
4641380,1.7000,1.3708
4641880,1.7000,1.3635
4642380,1.7000,1.3893
4642880,1.7000,1.3772
4643380,1.7000,1.3756
4643880,1.7000,1.3796
4644380,1.7000,1.3667
4644880,1.7000,1.3692
4645380,1.7000,1.3780
4645880,1.7000,1.3756
4646380,1.7000,1.3796
4646880,1.7000,1.3796
4647380,1.7000,1.3941
4647880,1.7000,1.3796
4648380,1.7000,1.3812
4648880,1.7000,1.3837
4649380,1.7000,1.3740
4649880,1.7000,1.3796
4650380,1.7000,1.3990
4650880,1.7000,1.3772
4651380,1.7000,1.3788
4651880,1.7000,1.3708
4652380,1.7000,1.3853
4652880,1.7000,1.3788
4653380,1.7000,1.3788
4653880,1.7000,1.3659
4654380,1.7000,1.3756
4654880,1.7000,1.3821
4655380,1.7000,1.3740
4655880,1.7000,1.3796
4656380,1.7000,1.3756
4656880,1.7000,1.3788
4657380,1.7000,1.3780
4657880,1.7000,1.3812
4658380,1.7000,1.3708
4658880,1.7000,1.3740
4659380,1.7000,1.3724
4659880,1.7000,1.3748
4660380,1.7000,1.3796
4660880,1.7000,1.3716
4661380,1.7000,1.3708
4661880,1.7000,1.3796
4662380,1.7000,1.3788
4662880,1.7000,1.3692
4663380,1.7000,1.3796
4663880,1.7000,1.3804
4664380,1.7000,1.3740
4664880,1.7000,1.3853
4665380,1.7000,1.3804
4665880,1.7000,1.3804
4666380,1.7000,1.3748
4666880,1.7000,1.3764
4667380,1.7000,1.3804
4667880,1.7000,1.4030
4668380,1.7000,1.3796
4668880,1.7000,1.3796
4669380,1.7000,1.3764
4669880,1.7000,1.3780
4670380,1.7000,1.3885
4670880,1.7000,1.3772
4671380,1.7000,1.3748
4671880,1.7000,1.3796
4672380,1.7000,1.3845
4672880,1.7000,1.3716
4673380,1.7000,1.3708
4673880,1.7000,1.3772
4674380,1.7000,1.3796
4674880,1.7000,1.3877
4675380,1.7000,1.3740
4675880,1.7000,1.3780
4676380,1.7000,1.3764
4676880,1.7000,1.3724
4677380,1.7000,1.3788
4677880,1.7000,1.3796
4678380,1.7000,1.3796
4678880,1.7000,1.3788
4679380,1.7000,1.3901
4679880,1.7000,1.3643
4680380,1.7000,1.3796
4680880,1.7000,1.3812
4681380,1.7000,1.3780
4681880,1.7000,1.3756
4682380,1.7000,1.3764
4682880,1.7000,1.3853
4683380,1.7000,1.3837
4683880,1.7000,1.4127
4684380,1.7000,1.3829
4684880,1.7000,1.3772
4685380,1.7000,1.3796
4685880,1.7000,1.3885
4686380,1.7000,1.3804
4686880,1.7000,1.3772
4687380,1.7000,1.3780
4687880,1.7000,1.3877
4688380,1.7000,1.3901
4688880,1.7000,1.3812
4689380,1.7000,1.3756
4689880,1.7000,1.3812
4690380,1.7000,1.3692
4690880,1.7000,1.3796
4691380,1.7000,1.3941
4691880,1.7000,1.3804
4692380,1.7000,1.3675
4692880,1.7000,1.3796
4693380,1.7000,1.3893
4693880,1.7000,1.3756
4694380,1.7000,1.3796
4694880,1.7000,1.3796
4695380,1.7000,1.3788
4695880,1.7000,1.3829
4696380,1.7000,1.3780
4696880,1.7000,1.3796
4697380,1.7000,1.3796
4697880,1.7000,1.3821
4698380,1.7000,1.3925
4698880,1.7000,1.3643
4699380,1.7000,1.3780
4699880,1.7000,1.3748
4700380,1.7000,1.3812
4700880,1.7000,1.3684
4701380,1.7000,1.3869
4701880,1.7000,1.3788
4702380,1.7000,1.3845
4702880,1.7000,1.3845
4703380,1.7000,1.3869
4703880,1.7000,1.3772
4704380,1.7000,1.3796
4704880,1.7000,1.3796
4705380,1.7000,1.3796
4705880,1.7000,1.3925
4706380,1.7000,1.3780
4706880,1.7000,1.3796
4707380,1.7000,1.3821
4707880,1.7000,1.3772
4708380,1.7000,1.3796
4708880,1.7000,1.3796
4709380,1.7000,1.3845
4709880,1.7000,1.3804
4710380,1.7000,1.3804
4710880,1.7000,1.3941
4711380,1.7000,1.3788
4711880,1.7000,1.3796
4712380,1.7000,1.3885
4712880,1.7000,1.3764
4713380,1.7000,1.3853
4713880,1.7000,1.3853
4714380,1.7000,1.3829
4714880,1.7000,1.3796
4715380,1.7000,1.3853
4715880,1.7000,1.3877
4716380,1.7000,1.3829
4716880,1.7000,1.3829
4717380,1.7000,1.3796
4717880,1.7000,1.3796
4718380,1.7000,1.3796
4718880,1.7000,1.3796
4719380,1.7000,1.3812
4719880,1.7000,1.3627
4720380,1.7000,1.3788
4720880,1.7000,1.3804
4721380,1.7000,1.3796
4721880,1.7000,1.3796
4722380,1.7000,1.3917
4722880,1.7000,1.3853
4723380,1.7000,1.3925
4723880,1.7000,1.3796
4724380,1.7000,1.3812
4724880,1.7000,1.3756
4725380,1.7000,1.3804
4725880,1.7000,1.3804
4726380,1.7000,1.3788
4726880,1.7000,1.3772
4727380,1.7000,1.3780
4727880,1.7000,1.3869
4728380,1.7000,1.3804
4728880,1.7000,1.3812
4729380,1.7000,1.3788
4729880,1.7000,1.3788
4730380,1.7000,1.3796
4730880,1.7000,1.3821
4731380,1.7000,1.3796
4731880,1.7000,1.3804
4732380,1.7000,1.3829
4732880,1.7000,1.3651
4733380,1.7000,1.3788
4733880,1.7000,1.3780
4734380,1.7000,1.3925
4734880,1.7000,1.3780
4735380,1.7000,1.3796
4735880,1.7000,1.3756
4736380,1.7000,1.3796
4736880,1.7000,1.3796
4737380,1.7000,1.3821
4737880,1.7000,1.3804
4738380,1.7000,1.3595
4738880,1.7000,1.4038
4739380,1.7000,1.3869
4739880,1.7000,1.3796
4740380,1.7000,1.3901
4740880,1.7000,1.3740
4741380,1.7000,1.3925
4741880,1.7000,1.3821
4742380,1.7000,1.3812
4742880,1.7000,1.3901
4743380,1.7000,1.3708
4743880,1.7000,1.3788
4744380,1.7000,1.3611
4744880,1.7000,1.3780
4745380,1.7000,1.3724
4745880,1.7000,1.3804
4746380,1.7000,1.3837
4746880,1.7000,1.3772
4747380,1.7000,1.3796
4747880,1.7000,1.3796
4748380,1.7000,1.3748
4748880,1.7000,1.3796
4749380,1.7000,1.3901
4749880,1.7000,1.3796
4750380,1.7000,1.3772
4750880,1.7000,1.3812
4751380,1.7000,1.3772
4751880,1.7000,1.3990
4752380,1.7000,1.3684
4752880,1.7000,1.3724
4753380,1.7000,1.3796
4753880,1.7000,1.3812
4754380,1.7000,1.3788
4754880,1.7000,1.3756
4755380,1.7000,1.3555
4755880,1.7000,1.3845
4756380,1.7000,1.3812
4756880,1.7000,1.3740
4757380,1.7000,1.3788
4757880,1.7000,1.3756
4758380,1.7000,1.3796
4758880,1.7000,1.3796
4759380,1.7000,1.3853
4759880,1.7000,1.3821
4760380,1.7000,1.3740
4760880,1.7000,1.3837
4761380,1.7000,1.4038
4761880,1.7000,1.3708
4762380,1.7000,1.3804
4762880,1.7000,1.3885
4763380,1.7000,1.3740
4763880,1.7000,1.3780
4764380,1.7000,1.3877
4764880,1.7000,1.3869
4765380,1.7000,1.3812
4765880,1.7000,1.3756
4766380,1.7000,1.3804
4766880,1.7000,1.3748
4767380,1.7000,1.3966
4767880,1.7000,1.3772
4768380,1.7000,1.3845
4768880,1.7000,1.3796
4769380,1.7000,1.3708
4769880,1.7000,1.3804
4770380,1.7000,1.3796
4770880,1.7000,1.3780
4771380,1.7000,1.3796
4771880,1.7000,1.3780
4772380,1.7000,1.3804
4772880,1.7000,1.3885
4773380,1.7000,1.3377
4773880,1.7000,1.3966
4774380,1.7000,1.3845
4774880,1.7000,1.3756
4775380,1.7000,1.3595
4775880,1.7000,1.3909
4776380,1.7000,1.3796
4776880,1.7000,1.3869
4777380,1.7000,1.3982
4777880,1.7000,1.3772
4778380,1.7000,1.3812
4778880,1.7000,1.3845
4779380,1.7000,1.3941
4779880,1.7000,1.3821
4780380,1.7000,1.3796
4780880,1.7000,1.3772
4781380,1.7000,1.3780
4781880,1.7000,1.3861
4782380,1.7000,1.3909
4782880,1.7000,1.3812
4783380,1.7000,1.3796
4783880,1.7000,1.3796
4784380,1.7000,1.3796
4784880,1.7000,1.3869
4785380,1.7000,1.3812
4785880,1.7000,1.3788
4786380,1.7000,1.3796
4786880,1.7000,1.3780
4787380,1.7000,1.3796
4787880,1.7000,1.3941
4788380,1.7000,1.3796
4788880,1.7000,1.3804
4789380,1.7000,1.3724
4789880,1.7000,1.3845
4790380,1.7000,1.3772
4790880,1.7000,1.3853
4791380,1.7000,1.3812
4791880,1.7000,1.3821
4792380,1.7000,1.3837
4792880,1.7000,1.3837
4793380,1.7000,1.3804
4793880,1.7000,1.3853
4794380,1.7000,1.3796
4794880,1.7000,1.3756
4795380,1.7000,1.3837
4795880,1.7000,1.3724
4796380,1.7000,1.3780
4796880,1.7000,1.3796
4797380,1.7000,1.3812
4797880,1.7000,1.3780
4798380,1.7000,1.3837
4798880,1.7000,1.3796
4799380,1.7000,1.3788
4799880,1.7000,1.3877
4800380,1.7000,1.3796
4800880,1.7000,1.3772
4801380,1.7000,1.3772
4801880,1.7000,1.3812
4802380,1.7000,1.3925
4802880,1.7000,1.3756
4803380,1.7000,1.3812
4803880,1.7000,1.3796
4804380,1.7000,1.3788
4804880,1.7000,1.4030
4805380,1.7000,1.3796
4805880,1.7000,1.3796
4806380,1.7000,1.3829
4806880,1.7000,1.3796
4807380,1.7000,1.3853
4807880,1.7000,1.3877
4808380,1.7000,1.3796
4808880,1.7000,1.3845
4809380,1.7000,1.3812
4809880,1.7000,1.3837
4810380,1.7000,1.3845
4810880,1.7000,1.3837
4811380,1.7000,1.3804
4811880,1.7000,1.3780
4812380,1.7000,1.3716
4812880,1.7000,1.3788
4813380,1.7000,1.3812
4813880,1.7000,1.3748
4814380,1.7000,1.3796
4814880,1.7000,1.3837
4815380,1.7000,1.3796
4815880,1.7000,1.3837
4816380,1.7000,1.3837
4816880,1.7000,1.3796
4817380,1.7000,1.3796
4817880,1.7000,1.3812
4818380,1.7000,1.3821
4818880,1.7000,1.3796
4819380,1.7000,1.3821
4819880,1.7000,1.4167
4820380,1.7000,1.3796
4820880,1.7000,1.3869
4821380,1.7000,1.3748
4821880,1.7000,1.3837
4822380,1.7000,1.3772
4822880,1.7000,1.3861
4823380,1.7000,1.3788
4823880,1.7000,1.3845
4824380,1.7000,1.3796
4824880,1.7000,1.3780
4825380,1.7000,1.3893
4825880,1.7000,1.3885
4826380,1.7000,1.3780
4826880,1.7000,1.3796
4827380,1.7000,1.3788
4827880,1.7000,1.3756
4828380,1.7000,1.3756
4828880,1.7000,1.3796
4829380,1.7000,1.3643
4829880,1.7000,1.3772
4830380,1.7000,1.4030
4830880,1.7000,1.3772
4831380,1.7000,1.3780
4831880,1.7000,1.3821
4832380,1.7000,1.3780
4832880,1.7000,1.3700
4833380,1.7000,1.3796
4833880,1.7000,1.3893
4834380,1.7000,1.3796
4834880,1.7000,1.3837
4835380,1.7000,1.3788
4835880,1.7000,1.3901
4836380,1.7000,1.3845
4836880,1.7000,1.3853
4837380,1.7000,1.3869
4837880,1.7000,1.4006
4838380,1.7000,1.3812
4838880,1.7000,1.3812
4839380,1.7000,1.3829
4839880,1.7000,1.3796
4840380,1.7000,1.3804
4840880,1.7000,1.3901
4841380,1.7000,1.3845
4841880,1.7000,1.3885
4842380,1.7000,1.3796
4842880,1.7000,1.3821
4843380,1.7000,1.3796
4843880,1.7000,1.3796
4844380,1.7000,1.3853
4844880,1.7000,1.3748
4845380,1.7000,1.3901
4845880,1.7000,1.3804
4846380,1.7000,1.3804
4846880,1.7000,1.3821
4847380,1.7000,1.3796
4847880,1.7000,1.3740
4848380,1.7000,1.3845
4848880,1.7000,1.3796
4849380,1.7000,1.3812
4849880,1.7000,1.3796
4850380,1.7000,1.3909
4850880,1.7000,1.3821
4851380,1.7000,1.3853
4851880,1.7000,1.3804
4852380,1.7000,1.3829
4852880,1.7000,1.3812
4853380,1.7000,1.3796
4853880,1.7000,1.3837
4854380,1.7000,1.3853
4854880,1.7000,1.3796
4855380,1.7000,1.3796
4855880,1.7000,1.3821
4856380,1.7000,1.3748
4856880,1.7000,1.3821
4857380,1.7000,1.3845
4857880,1.7000,1.3829
4858380,1.7000,1.3788
4858880,1.7000,1.3812
4859380,1.7000,1.3796
4859880,1.7000,1.3812
4860380,1.7000,1.3780
4860880,1.7000,1.3716
4861380,1.7000,1.3780
4861880,1.7000,1.3764
4862380,1.7000,1.3772
4862880,1.7000,1.3788
4863380,1.7000,1.3796
4863880,1.7000,1.3909
4864380,1.7000,1.3909
4864880,1.7000,1.3901
4865380,1.7000,1.3812
4865880,1.7000,1.3829
4866380,1.7000,1.3821
4866880,1.7000,1.3796
4867380,1.7000,1.3821
4867880,1.7000,1.3837
4868380,1.7000,1.3796
4868880,1.7000,1.3796
4869380,1.7000,1.3804
4869880,1.7000,1.3780
4870380,1.7000,1.3804
4870880,1.7000,1.3933
4871380,1.7000,1.3829
4871880,1.7000,1.3788
4872380,1.7000,1.3829
4872880,1.7000,1.3845
4873380,1.7000,1.3933
4873880,1.7000,1.4054
4874380,1.7000,1.3837
4874880,1.7000,1.3796
4875380,1.7000,1.3708
4875880,1.7000,1.3909
4876380,1.7000,1.3796
4876880,1.7000,1.3845
4877380,1.7000,1.3821
4877880,1.7000,1.3877
4878380,1.7000,1.3804
4878880,1.7000,1.3941
4879380,1.7000,1.3756
4879880,1.7000,1.3877
4880380,1.7000,1.3837
4880880,1.7000,1.3893
4881380,1.7000,1.3966
4881880,1.7000,1.3821
4882380,1.7000,1.3821
4882880,1.7000,1.3756
4883380,1.7000,1.3667
4883880,1.7000,1.3877
4884380,1.7000,1.3877
4884880,1.7000,1.3853
4885380,1.7000,1.3893
4885880,1.7000,1.3877
4886380,1.7000,1.3796
4886880,1.7000,1.3909
4887380,1.7000,1.3982
4887880,1.7000,1.3877
4888380,1.7000,1.3788
4888880,1.7000,1.3877
4889380,1.7000,1.3853
4889880,1.7000,1.3796
4890380,1.7000,1.3837
4890880,1.7000,1.3869
4891380,1.7000,1.3837
4891880,1.7000,1.3885
4892380,1.7000,1.3885
4892880,1.7000,1.3812
4893380,1.7000,1.3885
4893880,1.7000,1.3812
4894380,1.7000,1.3796
4894880,1.7000,1.3877
4895380,1.7000,1.3885
4895880,1.7000,1.3708
4896380,1.7000,1.3845
4896880,1.7000,1.4006
4897380,1.7000,1.3877
4897880,1.7000,1.3821
4898380,1.7000,1.3901
4898880,1.7000,1.3764
4899380,1.7000,1.3837
4899880,1.7000,1.3885
4900380,1.7000,1.4030
4900880,1.7000,1.3853
4901380,1.7000,1.4054
4901880,1.7000,1.3941
4902380,1.7000,1.3909
4902880,1.7000,1.3885
4903380,1.7000,1.3804
4903880,1.7000,1.3845
4904380,1.7000,1.3909
4904880,1.7000,1.3853
4905380,1.7000,1.3796
4905880,1.7000,1.3829
4906380,1.7000,1.3901
4906880,1.7000,1.3941
4907380,1.7000,1.3845
4907880,1.7000,1.3877
4908380,1.7000,1.3869
4908880,1.7000,1.3821
4909380,1.7000,1.3893
4909880,1.7000,1.3893
4910380,1.7000,1.3788
4910880,1.7000,1.3901
4911380,1.7000,1.3845
4911880,1.7000,1.3925
4912380,1.7000,1.3877
4912880,1.7000,1.3877
4913380,1.7000,1.3837
4913880,1.7000,1.3901
4914380,1.7000,1.3869
4914880,1.7000,1.3804
4915380,1.7000,1.3804
4915880,1.7000,1.3901
4916380,1.7000,1.3869
4916880,1.7000,1.3917
4917380,1.7000,1.3958
4917880,1.7000,1.4175
4918380,1.7000,1.3821
4918880,1.7000,1.3829
4919380,1.7000,1.3845
4919880,1.7000,1.3821
4920380,1.7000,1.3853
4920880,1.7000,1.3877
4921380,1.7000,1.3885
4921880,1.7000,1.3949
4922380,1.7000,1.3748
4922880,1.7000,1.3869
4923380,1.7000,1.3796
4923880,1.7000,1.3917
4924380,1.7000,1.3966
4924880,1.7000,1.3812
4925380,1.7000,1.3933
4925880,1.7000,1.3853
4926380,1.7000,1.3909
4926880,1.7000,1.4062
4927380,1.7000,1.3885
4927880,1.7000,1.3853
4928380,1.7000,1.3845
4928880,1.7000,1.3885
4929380,1.7000,1.3949
4929880,1.7000,1.3941
4930380,1.7000,1.3821
4930880,1.7000,1.3901
4931380,1.7000,1.3748
4931880,1.7000,1.3845
4932380,1.7000,1.3861
4932880,1.7000,1.3885
4933380,1.7000,1.3877
4933880,1.7000,1.3821
4934380,1.7000,1.3796
4934880,1.7000,1.3925
4935380,1.7000,1.3627
4935880,1.7000,1.3821
4936380,1.7000,1.3869
4936880,1.7000,1.4062
4937380,1.7000,1.3925
4937880,1.7000,1.3885
4938380,1.7000,1.3933
4938880,1.7000,1.4014
4939380,1.7000,1.3949
4939880,1.7000,1.3853
4940380,1.7000,1.3966
4940880,1.7000,1.3869
4941380,1.7000,1.3909
4941880,1.7000,1.3853
4942380,1.7000,1.3853
4942880,1.7000,1.3917
4943380,1.7000,1.3748
4943880,1.7000,1.3877
4944380,1.7000,1.3933
4944880,1.7000,1.3804
4945380,1.7000,1.3812
4945880,1.7000,1.3780
4946380,1.7000,1.3845
4946880,1.7000,1.3812
4947380,1.7000,1.3853
4947880,1.7000,1.3837
4948380,1.7000,1.3877
4948880,1.7000,1.3885
4949380,1.7000,1.3877
4949880,1.7000,1.3821
4950380,1.7000,1.3837
4950880,1.7000,1.3901
4951380,1.7000,1.3837
4951880,1.7000,1.3853
4952380,1.7000,1.3966
4952880,1.7000,1.3917
4953380,1.7000,1.3821
4953880,1.7000,1.3821
4954380,1.7000,1.3917
4954880,1.7000,1.3804
4955380,1.7000,1.3909
4955880,1.7000,1.3837
4956380,1.7000,1.3845
4956880,1.7000,1.3917
4957380,1.7000,1.3974
4957880,1.7000,1.3917
4958380,1.7000,1.3901
4958880,1.7000,1.3829
4959380,1.7000,1.3885
4959880,1.7000,1.3909
4960380,1.7000,1.4054
4960880,1.7000,1.3853
4961380,1.7000,1.4022
4961880,1.7000,1.3917
4962380,1.7000,1.4070
4962880,1.7000,1.3901
4963380,1.7000,1.3885
4963880,1.7000,1.3853
4964380,1.7000,1.3877
4964880,1.7000,1.4054
4965380,1.7000,1.3756
4965880,1.7000,1.3885
4966380,1.7000,1.3917
4966880,1.7000,1.3869
4967380,1.7000,1.3974
4967880,1.7000,1.3845
4968380,1.7000,1.3901
4968880,1.7000,1.3804
4969380,1.7000,1.3845
4969880,1.7000,1.4046
4970380,1.7000,1.3958
4970880,1.7000,1.3925
4971380,1.7000,1.3796
4971880,1.7000,1.3796
4972380,1.7000,1.4038
4972880,1.7000,1.3829
4973380,1.7000,1.3877
4973880,1.7000,1.3893
4974380,1.7000,1.3796
4974880,1.7000,1.3917
4975380,1.7000,1.3974
4975880,1.7000,1.3901
4976380,1.7000,1.3917
4976880,1.7000,1.3780
4977380,1.7000,1.3853
4977880,1.7000,1.4078
4978380,1.7000,1.3821
4978880,1.7000,1.3901
4979380,1.7000,1.3837
4979880,1.7000,1.3885
4980380,1.7000,1.3853
4980880,1.7000,1.3853
4981380,1.7000,1.3925
4981880,1.7000,1.3829
4982380,1.7000,1.3901
4982880,1.7000,1.4038
4983380,1.7000,1.3853
4983880,1.7000,1.3885
4984380,1.7000,1.3877
4984880,1.7000,1.3925
4985380,1.7000,1.3917
4985880,1.7000,1.3901
4986380,1.7000,1.3837
4986880,1.7000,1.3877
4987380,1.7000,1.3877
4987880,1.7000,1.3845
4988380,1.7000,1.3796
4988880,1.7000,1.3869
4989380,1.7000,1.3853
4989880,1.7000,1.3933
4990380,1.7000,1.3885
4990880,1.7000,1.3877
4991380,1.7000,1.3829
4991880,1.7000,1.3901
4992380,1.7000,1.3885
4992880,1.7000,1.3933
4993380,1.7000,1.3877
4993880,1.7000,1.3772
4994380,1.7000,1.3885
4994880,1.7000,1.3901
4995380,1.7000,1.3659
4995880,1.7000,1.3893
4996380,1.7000,1.3925
4996880,1.7000,1.3901
4997380,1.7000,1.3821
4997880,1.7000,1.3877
4998380,1.7000,1.3909
4998880,1.7000,1.3821
4999380,1.7000,1.3869
4999880,1.7000,1.4070
5000380,1.7000,1.3804
5000880,1.7000,1.3917
5001380,1.7000,1.3845
5001880,1.7000,1.4022
5002380,1.7000,1.3853
5002880,1.7000,1.3804
5003380,1.7000,1.3821
5003880,1.7000,1.3909
5004380,1.7000,1.3909
5004880,1.7000,1.3901
5005380,1.7000,1.3796
5005880,1.7000,1.3796
5006380,1.7000,1.3853
5006880,1.7000,1.3796
5007380,1.7000,1.3909
5007880,1.7000,1.3853
5008380,1.7000,1.3909
5008880,1.7000,1.4030
5009380,1.7000,1.3804
5009880,1.7000,1.3796
5010380,1.7000,1.3925
5010880,1.7000,1.3958
5011380,1.7000,1.3925
5011880,1.7000,1.3917
5012380,1.7000,1.3869
5012880,1.7000,1.3821
5013380,1.7000,1.3837
5013880,1.7000,1.3845
5014380,1.7000,1.3869
5014880,1.7000,1.3853
5015380,1.7000,1.3869
5015880,1.7000,1.3949
5016380,1.7000,1.3853
5016880,1.7000,1.3821
5017380,1.7000,1.3861
5017880,1.7000,1.3812
5018380,1.7000,1.4070
5018880,1.7000,1.3853
5019380,1.7000,1.3837
5019880,1.7000,1.4014
5020380,1.7000,1.3917
5020880,1.7000,1.3901
5021380,1.7000,1.3909
5021880,1.7000,1.4062
5022380,1.7000,1.4336
5022880,1.7000,1.3845
5023380,1.7000,1.3925
5023880,1.7000,1.3804
5024380,1.7000,1.4038
5024880,1.7000,1.3909
5025380,1.7000,1.3837
5025880,1.7000,1.3812
5026380,1.7000,1.3796
5026880,1.7000,1.3829
5027380,1.7000,1.4006
5027880,1.7000,1.3901
5028380,1.7000,1.3893
5028880,1.7000,1.3812
5029380,1.7000,1.3893
5029880,1.7000,1.3893
5030380,1.7000,1.3837
5030880,1.7000,1.3869
5031380,1.7000,1.3941
5031880,1.7000,1.3780
5032380,1.7000,1.3877
5032880,1.7000,1.4038
5033380,1.7000,1.3885
5033880,1.7000,1.3869
5034380,1.7000,1.3796
5034880,1.7000,1.3821
5035380,1.7000,1.3853
5035880,1.7000,1.3845
5036380,1.7000,1.3804
5036880,1.7000,1.3853
5037380,1.7000,1.3651
5037880,1.7000,1.3869
5038380,1.7000,1.3837
5038880,1.7000,1.3780
5039380,1.7000,1.3812
5039880,1.7000,1.3796
5040380,1.7000,1.3885
5040880,1.7000,1.3812
5041380,1.7000,1.3901
5041880,1.7000,1.3909
5042380,1.7000,1.4022
5042880,1.7000,1.3869
5043380,1.7000,1.3837
5043880,1.7000,1.3796
5044380,1.7000,1.4006
5044880,1.7000,1.3861
5045380,1.7000,1.3925
5045880,1.7000,1.3893
5046380,1.7000,1.3917
5046880,1.7000,1.3941
5047380,1.7000,1.3877
5047880,1.7000,1.3853
5048380,1.7000,1.3941
5048880,1.7000,1.3941
5049380,1.7000,1.3917
5049880,1.7000,1.3933
5050380,1.7000,1.3893
5050880,1.7000,1.3893
5051380,1.7000,1.3925
5051880,1.7000,1.3901
5052380,1.7000,1.3901
5052880,1.7000,1.3901
5053380,1.7000,1.3917
5053880,1.7000,1.4143
5054380,1.7000,1.3893
5054880,1.7000,1.3917
5055380,1.7000,1.4038
5055880,1.7000,1.3804
5056380,1.7000,1.3909
5056880,1.7000,1.3917
5057380,1.7000,1.3949
5057880,1.7000,1.3966
5058380,1.7000,1.4006
5058880,1.7000,1.3829
5059380,1.7000,1.3812
5059880,1.7000,1.3869
5060380,1.7000,1.3974
5060880,1.7000,1.3925
5061380,1.7000,1.4054
5061880,1.7000,1.3804
5062380,1.7000,1.3933
5062880,1.7000,1.3941
5063380,1.7000,1.3821
5063880,1.7000,1.3974
5064380,1.7000,1.3909
5064880,1.7000,1.3933
5065380,1.7000,1.3901
5065880,1.7000,1.3917
5066380,1.7000,1.3877
5066880,1.7000,1.4167
5067380,1.7000,1.3909
5067880,1.7000,1.3925
5068380,1.7000,1.3837
5068880,1.7000,1.3917
5069380,1.7000,1.4054
5069880,1.7000,1.3917
5070380,1.7000,1.3877
5070880,1.7000,1.3917
5071380,1.7000,1.3869
5071880,1.7000,1.3804
5072380,1.7000,1.3885
5072880,1.7000,1.3853
5073380,1.7000,1.3877
5073880,1.7000,1.3966
5074380,1.7000,1.3917
5074880,1.7000,1.3933
5075380,1.7000,1.3845
5075880,1.7000,1.3853
5076380,1.7000,1.3845
5076880,1.7000,1.3901
5077380,1.7000,1.3966
5077880,1.7000,1.3893
5078380,1.7000,1.3845
5078880,1.7000,1.3796
5079380,1.7000,1.3998
5079880,1.7000,1.3812
5080380,1.7000,1.3877
5080880,1.7000,1.3845
5081380,1.7000,1.3869
5081880,1.7000,1.3837
5082380,1.7000,1.3925
5082880,1.7000,1.3796
5083380,1.7000,1.3853
5083880,1.7000,1.4014
5084380,1.7000,1.3804
5084880,1.7000,1.4078
5085380,1.7000,1.3700
5085880,1.7000,1.3877
5086380,1.7000,1.3958
5086880,1.7000,1.3885
5087380,1.7000,1.3909
5087880,1.7000,1.3901
5088380,1.7000,1.3917
5088880,1.7000,1.4054
5089380,1.7000,1.3877
5089880,1.7000,1.3901
5090380,1.7000,1.3909
5090880,1.7000,1.3966
5091380,1.7000,1.3941
5091880,1.7000,1.3845
5092380,1.7000,1.3917
5092880,1.7000,1.3821
5093380,1.7000,1.4014
5093880,1.7000,1.3812
5094380,1.7000,1.3804
5094880,1.7000,1.3837
5095380,1.7000,1.3821
5095880,1.7000,1.3837
5096380,1.7000,1.4038
5096880,1.7000,1.3925
5097380,1.7000,1.3974
5097880,1.7000,1.3933
5098380,1.7000,1.3949
5098880,1.7000,1.3917
5099380,1.7000,1.3853
5099880,1.7000,1.3917
5100380,1.7000,1.3853
5100880,1.7000,1.4054
5101380,1.7000,1.3812
5101880,1.7000,1.3837
5102380,1.7000,1.3853
5102880,1.7000,1.3845
5103380,1.7000,1.3837
5103880,1.7000,1.3853
5104380,1.7000,1.3901
5104880,1.7000,1.3901
5105380,1.7000,1.3909
5105880,1.7000,1.3845
5106380,1.7000,1.3812
5106880,1.7000,1.3877
5107380,1.7000,1.3933
5107880,1.7000,1.3909
5108380,1.7000,1.3853
5108880,1.7000,1.3837
5109380,1.7000,1.3837
5109880,1.7000,1.4054
5110380,1.7000,1.3821
5110880,1.7000,1.3845
5111380,1.7000,1.3909
5111880,1.7000,1.3909
5112380,1.7000,1.3845
5112880,1.7000,1.3804
5113380,1.7000,1.3821
5113880,1.7000,1.3845
5114380,1.7000,1.4006
5114880,1.7000,1.3893
5115380,1.7000,1.3845
5115880,1.7000,1.3893
5116380,1.7000,1.3925
5116880,1.7000,1.3925
5117380,1.7000,1.3885
5117880,1.7000,1.3901
5118380,1.7000,1.3909
5118880,1.7000,1.3877
5119380,1.7000,1.3877
5119880,1.7000,1.3853
5120380,1.7000,1.3901
5120880,1.7000,1.3990
5121380,1.7000,1.3684
5121880,1.7000,1.3845
5122380,1.7000,1.3796
5122880,1.7000,1.3812
5123380,1.7000,1.3901
5123880,1.7000,1.3837
5124380,1.7000,1.3966
5124880,1.7000,1.3837
5125380,1.7000,1.4054
5125880,1.7000,1.3917
5126380,1.7000,1.3853
5126880,1.7000,1.3708
5127380,1.7000,1.4014
5127880,1.7000,1.3821
5128380,1.7000,1.3869
5128880,1.7000,1.4030
5129380,1.7000,1.3861
5129880,1.7000,1.3812
5130380,1.7000,1.3917
5130880,1.7000,1.3869
5131380,1.7000,1.3974
5131880,1.7000,1.3909
5132380,1.7000,1.3812
5132880,1.7000,1.3893
5133380,1.7000,1.3909
5133880,1.7000,1.4054
5134380,1.7000,1.3821
5134880,1.7000,1.3821
5135380,1.7000,1.3853
5135880,1.7000,1.3933
5136380,1.7000,1.3885
5136880,1.7000,1.3909
5137380,1.7000,1.3901
5137880,1.7000,1.3885
5138380,1.7000,1.4086
5138880,1.7000,1.3837
5139380,1.7000,1.3869
5139880,1.7000,1.3796
5140380,1.7000,1.3756
5140880,1.7000,1.3724
5141380,1.7000,1.3933
5141880,1.7000,1.3958
5142380,1.7000,1.3917
5142880,1.7000,1.3925
5143380,1.7000,1.3837
5143880,1.7000,1.3885
5144380,1.7000,1.3877
5144880,1.7000,1.3925
5145380,1.7000,1.3982
5145880,1.7000,1.3901
5146380,1.7000,1.3901
5146880,1.7000,1.3885
5147380,1.7000,1.4054
5147880,1.7000,1.3853
5148380,1.7000,1.3925
5148880,1.7000,1.3933
5149380,1.7000,1.3941
5149880,1.7000,1.3804
5150380,1.7000,1.3893
5150880,1.7000,1.3885
5151380,1.7000,1.3941
5151880,1.7000,1.3869
5152380,1.7000,1.3837
5152880,1.7000,1.4062
5153380,1.7000,1.3917
5153880,1.7000,1.3869
5154380,1.7000,1.3982
5154880,1.7000,1.3861
5155380,1.7000,1.3974
5155880,1.7000,1.3909
5156380,1.7000,1.3925
5156880,1.7000,1.3949
5157380,1.7000,1.3909
5157880,1.7000,1.3885
5158380,1.7000,1.3925
5158880,1.7000,1.3796
5159380,1.7000,1.3974
5159880,1.7000,1.3925
5160380,1.7000,1.4030
5160880,1.7000,1.3933
5161380,1.7000,1.3925
5161880,1.7000,1.3893
5162380,1.7000,1.3917
5162880,1.7000,1.3901
5163380,1.7000,1.3684
5163880,1.7000,1.4014
5164380,1.7000,1.3909
5164880,1.7000,1.3885
5165380,1.7000,1.4054
5165880,1.7000,1.3909
5166380,1.7000,1.3909
5166880,1.7000,1.3853
5167380,1.7000,1.3901
5167880,1.7000,1.3901
5168380,1.7000,1.3901
5168880,1.7000,1.3958
5169380,1.7000,1.3958
5169880,1.7000,1.3949
5170380,1.7000,1.3958
5170880,1.7000,1.3982
5171380,1.7000,1.3893
5171880,1.7000,1.4054
5172380,1.7000,1.3837
5172880,1.7000,1.4054
5173380,1.7000,1.3909
5173880,1.7000,1.3949
5174380,1.7000,1.3885
5174880,1.7000,1.3966
5175380,1.7000,1.3812
5175880,1.7000,1.3941
5176380,1.7000,1.3925
5176880,1.7000,1.3925
5177380,1.7000,1.4054
5177880,1.7000,1.3885
5178380,1.7000,1.3933
5178880,1.7000,1.3796
5179380,1.7000,1.3933
5179880,1.7000,1.3901
5180380,1.7000,1.3893
5180880,1.7000,1.3917
5181380,1.7000,1.3925
5181880,1.7000,1.3909
5182380,1.7000,1.3949
5182880,1.7000,1.3837
5183380,1.7000,1.3917
5183880,1.7000,1.3901
5184380,1.7000,1.3990
5184880,1.7000,1.3925
5185380,1.7000,1.3909
5185880,1.7000,1.3917
5186380,1.7000,1.4078
5186880,1.7000,1.4143
5187380,1.7000,1.3917
5187880,1.7000,1.3909
5188380,1.7000,1.3853
5188880,1.7000,1.3901
5189380,1.7000,1.3917
5189880,1.7000,1.3990
5190380,1.7000,1.3933
5190880,1.7000,1.3853
5191380,1.7000,1.3998
5191880,1.7000,1.3949
5192380,1.7000,1.3837
5192880,1.7000,1.3829
5193380,1.7000,1.3974
5193880,1.7000,1.4143
5194380,1.7000,1.3877
5194880,1.7000,1.3885
5195380,1.7000,1.3901
5195880,1.7000,1.3925
5196380,1.7000,1.3861
5196880,1.7000,1.3949
5197380,1.7000,1.3966
5197880,1.7000,1.3708
5198380,1.7000,1.3917
5198880,1.7000,1.3966
5199380,1.7000,1.3796
5199880,1.7000,1.3925
5200380,1.7000,1.3990
5200880,1.7000,1.3909
5201380,1.7000,1.3974
5201880,1.7000,1.3490
5202380,1.7000,1.3949
5202880,1.7000,1.3877
5203380,1.7000,1.3909
5203880,1.7000,1.3901
5204380,1.7000,1.4030
5204880,1.7000,1.3909
5205380,1.7000,1.3877
5205880,1.7000,1.3941
5206380,1.7000,1.3812
5206880,1.7000,1.3788
5207380,1.7000,1.3917
5207880,1.7000,1.3869
5208380,1.7000,1.3877
5208880,1.7000,1.3925
5209380,1.7000,1.4070
5209880,1.7000,1.3909
5210380,1.7000,1.3982
5210880,1.7000,1.3941
5211380,1.7000,1.3821
5211880,1.7000,1.4103
5212380,1.7000,1.3925
5212880,1.7000,1.3982
5213380,1.7000,1.3796
5213880,1.7000,1.3974
5214380,1.7000,1.3949
5214880,1.7000,1.3877
5215380,1.7000,1.3780
5215880,1.7000,1.3933
5216380,1.7000,1.3869
5216880,1.7000,1.3667
5217380,1.7000,1.3796
5217880,1.7000,1.3982
5218380,1.7000,1.3941
5218880,1.7000,1.4288
5219380,1.7000,1.3877
5219880,1.7000,1.3788
5220380,1.7000,1.3925
5220880,1.7000,1.3925
5221380,1.7000,1.3982
5221880,1.7000,1.3853
5222380,1.7000,1.3667
5222880,1.7000,1.3909
5223380,1.7000,1.3901
5223880,1.7000,1.3885
5224380,1.7000,1.3982
5224880,1.7000,1.3885
5225380,1.7000,1.4014
5225880,1.7000,1.3925
5226380,1.7000,1.3853
5226880,1.7000,1.3925
5227380,1.7000,1.3917
5227880,1.7000,1.3917
5228380,1.7000,1.3821
5228880,1.7000,1.3812
5229380,1.7000,1.3901
5229880,1.7000,1.4312
5230380,1.7000,1.3877
5230880,1.7000,1.3845
5231380,1.7000,1.3812
5231880,1.7000,1.3804
5232380,1.7000,1.3821
5232880,1.7000,1.4014
5233380,1.7000,1.3845
5233880,1.7000,1.3804
5234380,1.7000,1.4207
5234880,1.7000,1.3925
5235380,1.7000,1.3949
5235880,1.7000,1.3796
5236380,1.7000,1.3885
5236880,1.7000,1.3812
5237380,1.7000,1.3974
5237880,1.7000,1.3885
5238380,1.7000,1.3949
5238880,1.7000,1.3837
5239380,1.7000,1.4014
5239880,1.7000,1.3812
5240380,1.7000,1.3949
5240880,1.7000,1.3933
5241380,1.7000,1.3901
5241880,1.7000,1.4054
5242380,1.7000,1.3853
5242880,1.7000,1.3933
5243380,1.7000,1.3901
5243880,1.7000,1.3885
5244380,1.7000,1.3877
5244880,1.7000,1.4006
5245380,1.7000,1.3845
5245880,1.7000,1.3949
5246380,1.7000,1.3925
5246880,1.7000,1.3837
5247380,1.7000,1.3925
5247880,1.7000,1.3877
5248380,1.7000,1.3829
5248880,1.7000,1.3917
5249380,1.7000,1.3796
5249880,1.7000,1.3885
5250380,1.7000,1.3982
5250880,1.7000,1.3917
5251380,1.7000,1.3949
5251880,1.7000,1.3877
5252380,1.7000,1.3845
5252880,1.7000,1.3901
5253380,1.7000,1.3925
5253880,1.7000,1.3885
5254380,1.7000,1.3909
5254880,1.7000,1.3966
5255380,1.7000,1.3901
5255880,1.7000,1.3901
5256380,1.7000,1.3933
5256880,1.7000,1.3917
5257380,1.7000,1.3941
5257880,1.7000,1.3949
5258380,1.7000,1.3748
5258880,1.7000,1.3853
5259380,1.7000,1.3869
5259880,1.7000,1.3877
5260380,1.7000,1.3845
5260880,1.7000,1.3893
5261380,1.7000,1.3941
5261880,1.7000,1.3821
5262380,1.7000,1.4014
5262880,1.7000,1.3837
5263380,1.7000,1.3917
5263880,1.7000,1.3909
5264380,1.7000,1.3941
5264880,1.7000,1.3974
5265380,1.7000,1.3885
5265880,1.7000,1.3821
5266380,1.7000,1.3796
5266880,1.7000,1.3917
5267380,1.7000,1.3845
5267880,1.7000,1.3998
5268380,1.7000,1.3949
5268880,1.7000,1.3877
5269380,1.7000,1.4135
5269880,1.7000,1.4006
5270380,1.7000,1.3740
5270880,1.7000,1.3885
5271380,1.7000,1.3925
5271880,1.7000,1.3958
5272380,1.7000,1.3893
5272880,1.7000,1.4054
5273380,1.7000,1.3901
5273880,1.7000,1.3949
5274380,1.7000,1.3917
5274880,1.7000,1.3941
5275380,1.7000,1.3901
5275880,1.7000,1.3949
5276380,1.7000,1.3917
5276880,1.7000,1.3917
5277380,1.7000,1.3869
5277880,1.7000,1.3933
5278380,1.7000,1.3925
5278880,1.7000,1.3917
5279380,1.7000,1.3845
5279880,1.7000,1.3901
5280380,1.7000,1.3659
5280880,1.7000,1.3917
5281380,1.7000,1.3853
5281880,1.7000,1.3812
5282380,1.7000,1.3974
5282880,1.7000,1.3885
5283380,1.7000,1.3958
5283880,1.7000,1.3974
5284380,1.7000,1.3853
5284880,1.7000,1.3982
5285380,1.7000,1.3651
5285880,1.7000,1.3933
5286380,1.7000,1.4078
5286880,1.7000,1.4006
5287380,1.7000,1.3949
5287880,1.7000,1.3925
5288380,1.7000,1.3925
5288880,1.7000,1.4030
5289380,1.7000,1.3925
5289880,1.7000,1.3982
5290380,1.7000,1.3949
5290880,1.7000,1.3982
5291380,1.7000,1.4014
5291880,1.7000,1.3990
5292380,1.7000,1.3933
5292880,1.7000,1.4038
5293380,1.7000,1.3909
5293880,1.7000,1.3909
5294380,1.7000,1.3925
5294880,1.7000,1.3796
5295380,1.7000,1.3716
5295880,1.7000,1.3804
5296380,1.7000,1.3966
5296880,1.7000,1.3917
5297380,1.7000,1.3925
5297880,1.7000,1.3966
5298380,1.7000,1.3885
5298880,1.7000,1.3675
5299380,1.7000,1.4143
5299880,1.7000,1.3869
5300380,1.7000,1.3917
5300880,1.7000,1.3861
5301380,1.7000,1.3949
5301880,1.7000,1.3974
5302380,1.7000,1.3821
5302880,1.7000,1.3949
5303380,1.7000,1.3982
5303880,1.7000,1.3941
5304380,1.7000,1.4030
5304880,1.7000,1.3877
5305380,1.7000,1.4078
5305880,1.7000,1.3885
5306380,1.7000,1.3909
5306880,1.7000,1.3941
5307380,1.7000,1.3933
5307880,1.7000,1.3998
5308380,1.7000,1.3675
5308880,1.7000,1.3941
5309380,1.7000,1.3925
5309880,1.7000,1.4046
5310380,1.7000,1.3917
5310880,1.7000,1.3796
5311380,1.7000,1.3925
5311880,1.7000,1.3925
5312380,1.7000,1.3869
5312880,1.7000,1.3941
5313380,1.7000,1.3925
5313880,1.7000,1.3853
5314380,1.7000,1.3925
5314880,1.7000,1.4054
5315380,1.7000,1.3837
5315880,1.7000,1.3901
5316380,1.7000,1.3966
5316880,1.7000,1.3941
5317380,1.7000,1.3933
5317880,1.7000,1.3958
5318380,1.7000,1.3933
5318880,1.7000,1.3925
5319380,1.7000,1.4014
5319880,1.7000,1.3982
5320380,1.7000,1.4070
5320880,1.7000,1.3917
5321380,1.7000,1.3804
5321880,1.7000,1.3974
5322380,1.7000,1.3837
5322880,1.7000,1.3925
5323380,1.7000,1.3845
5323880,1.7000,1.3909
5324380,1.7000,1.3845
5324880,1.7000,1.3853
5325380,1.7000,1.3901
5325880,1.7000,1.3917
5326380,1.7000,1.3869
5326880,1.7000,1.3949
5327380,1.7000,1.3917
5327880,1.7000,1.3885
5328380,1.7000,1.3812
5328880,1.7000,1.3949
5329380,1.7000,1.4038
5329880,1.7000,1.3837
5330380,1.7000,1.3941
5330880,1.7000,1.3853
5331380,1.7000,1.4054
5331880,1.7000,1.3917
5332380,1.7000,1.3869
5332880,1.7000,1.3925
5333380,1.7000,1.4014
5333880,1.7000,1.3909
5334380,1.7000,1.3982
5334880,1.7000,1.3909
5335380,1.7000,1.3885
5335880,1.7000,1.3949
5336380,1.7000,1.3941
5336880,1.7000,1.3869
5337380,1.7000,1.3941
5337880,1.7000,1.3909
5338380,1.7000,1.3941
5338880,1.7000,1.3941
5339380,1.7000,1.3877
5339880,1.7000,1.3853
5340380,1.7000,1.4030
5340880,1.7000,1.4054
5341380,1.7000,1.3788
5341880,1.7000,1.3958
5342380,1.7000,1.3885
5342880,1.7000,1.3982
5343380,1.7000,1.4103
5343880,1.7000,1.3998
5344380,1.7000,1.3917
5344880,1.7000,1.3893
5345380,1.7000,1.3933
5345880,1.7000,1.4135
5346380,1.7000,1.3958
5346880,1.7000,1.3949
5347380,1.7000,1.3982
5347880,1.7000,1.3877
5348380,1.7000,1.4014
5348880,1.7000,1.3933
5349380,1.7000,1.4014
5349880,1.7000,1.4111
5350380,1.7000,1.3909
5350880,1.7000,1.3925
5351380,1.7000,1.3837
5351880,1.7000,1.4046
5352380,1.7000,1.3941
5352880,1.7000,1.3909
5353380,1.7000,1.3925
5353880,1.7000,1.3925
5354380,1.7000,1.3958
5354880,1.7000,1.3941
5355380,1.7000,1.3917
5355880,1.7000,1.3869
5356380,1.7000,1.3780
5356880,1.7000,1.4006
5357380,1.7000,1.3974
5357880,1.7000,1.3966
5358380,1.7000,1.3901
5358880,1.7000,1.4143
5359380,1.7000,1.4119
5359880,1.7000,1.3949
5360380,1.7000,1.3917
5360880,1.7000,1.3877
5361380,1.7000,1.3925
5361880,1.7000,1.3917
5362380,1.7000,1.3982
5362880,1.7000,1.3925
5363380,1.7000,1.3925
5363880,1.7000,1.3925
5364380,1.7000,1.3949
5364880,1.7000,1.3909
5365380,1.7000,1.3917
5365880,1.7000,1.4014
5366380,1.7000,1.3909
5366880,1.7000,1.3917
5367380,1.7000,1.3909
5367880,1.7000,1.3740
5368380,1.7000,1.3941
5368880,1.7000,1.3941
5369380,1.7000,1.3933
5369880,1.7000,1.3941
5370380,1.7000,1.4046
5370880,1.7000,1.3990
5371380,1.7000,1.4054
5371880,1.7000,1.3998
5372380,1.7000,1.3974
5372880,1.7000,1.4046
5373380,1.7000,1.4062
5373880,1.7000,1.3901
5374380,1.7000,1.3949
5374880,1.7000,1.3966
5375380,1.7000,1.3853
5375880,1.7000,1.3974
5376380,1.7000,1.3949
5376880,1.7000,1.3933
5377380,1.7000,1.3925
5377880,1.7000,1.4054
5378380,1.7000,1.4014
5378880,1.7000,1.4054
5379380,1.7000,1.3925
5379880,1.7000,1.3861
5380380,1.7000,1.4038
5380880,1.7000,1.3804
5381380,1.7000,1.3998
5381880,1.7000,1.3941
5382380,1.7000,1.3949
5382880,1.7000,1.3925
5383380,1.7000,1.3917
5383880,1.7000,1.3885
5384380,1.7000,1.3949
5384880,1.7000,1.3877
5385380,1.7000,1.3909
5385880,1.7000,1.3925
5386380,1.7000,1.3941
5386880,1.7000,1.3949
5387380,1.7000,1.3982
5387880,1.7000,1.3949
5388380,1.7000,1.3958
5388880,1.7000,1.3925
5389380,1.7000,1.3982
5389880,1.7000,1.3845
5390380,1.7000,1.3917
5390880,1.7000,1.3941
5391380,1.7000,1.3982
5391880,1.7000,1.3845
5392380,1.7000,1.3949
5392880,1.7000,1.3821
5393380,1.7000,1.4014
5393880,1.7000,1.4046
5394380,1.7000,1.4135
5394880,1.7000,1.4030
5395380,1.7000,1.4095
5395880,1.7000,1.3925
5396380,1.7000,1.4054
5396880,1.7000,1.3966
5397380,1.7000,1.3949
5397880,1.7000,1.3917
5398380,1.7000,1.3885
5398880,1.7000,1.3917
5399380,1.7000,1.3909
5399880,1.7000,1.3885
5400380,1.7000,1.3917
5400880,1.7000,1.3982
5401380,1.7000,1.4038
5401880,1.7000,1.4038
5402380,1.7000,1.4014
5402880,1.7000,1.3925
5403380,1.7000,1.3925
5403880,1.7000,1.3925
5404380,1.7000,1.3845
5404880,1.7000,1.3966
5405380,1.7000,1.3917
5405880,1.7000,1.4127
5406380,1.7000,1.3925
5406880,1.7000,1.4030
5407380,1.7000,1.3933
5407880,1.7000,1.3958
5408380,1.7000,1.3982
5408880,1.7000,1.3853
5409380,1.7000,1.3877
5409880,1.7000,1.3966
5410380,1.7000,1.3901
5410880,1.7000,1.3909
5411380,1.7000,1.3958
5411880,1.7000,1.4022
5412380,1.7000,1.3925
5412880,1.7000,1.4038
5413380,1.7000,1.4038
5413880,1.7000,1.3925
5414380,1.7000,1.3796
5414880,1.7000,1.4111
5415380,1.7000,1.3925
5415880,1.7000,1.4054
5416380,1.7000,1.4054
5416880,1.7000,1.3877
5417380,1.7000,1.3845
5417880,1.7000,1.3845
5418380,1.7000,1.3949
5418880,1.7000,1.3877
5419380,1.7000,1.4014
5419880,1.7000,1.3982
5420380,1.7000,1.3982
5420880,1.7000,1.3901
5421380,1.7000,1.3998
5421880,1.7000,1.3909
5422380,1.7000,1.3941
5422880,1.7000,1.4038
5423380,1.7000,1.3893
5423880,1.7000,1.3982
5424380,1.7000,1.3966
5424880,1.7000,1.4054
5425380,1.7000,1.4030
5425880,1.7000,1.4054
5426380,1.7000,1.3925
5426880,1.7000,1.4054
5427380,1.7000,1.4046
5427880,1.7000,1.4078
5428380,1.7000,1.4022
5428880,1.7000,1.3974
5429380,1.7000,1.4062
5429880,1.7000,1.3941
5430380,1.7000,1.3909
5430880,1.7000,1.3958
5431380,1.7000,1.3877
5431880,1.7000,1.3885
5432380,1.7000,1.3949
5432880,1.7000,1.3941
5433380,1.7000,1.3966
5433880,1.7000,1.4425
5434380,1.7000,1.4014
5434880,1.7000,1.3893
5435380,1.7000,1.3925
5435880,1.7000,1.3933
5436380,1.7000,1.4006
5436880,1.7000,1.3974
5437380,1.7000,1.3966
5437880,1.7000,1.4183
5438380,1.7000,1.3998
5438880,1.7000,1.4006
5439380,1.7000,1.3982
5439880,1.7000,1.3966
5440380,1.7000,1.4006
5440880,1.7000,1.3982
5441380,1.7000,1.3974
5441880,1.7000,1.3925
5442380,1.7000,1.3917
5442880,1.7000,1.3917
5443380,1.7000,1.3933
5443880,1.7000,1.4046
5444380,1.7000,1.3974
5444880,1.7000,1.4030
5445380,1.7000,1.3861
5445880,1.7000,1.3974
5446380,1.7000,1.3941
5446880,1.7000,1.3949
5447380,1.7000,1.3949
5447880,1.7000,1.4070
5448380,1.7000,1.4062
5448880,1.7000,1.3974
5449380,1.7000,1.3966
5449880,1.7000,1.3966
5450380,1.7000,1.4054
5450880,1.7000,1.3941
5451380,1.7000,1.4054
5451880,1.7000,1.3949
5452380,1.7000,1.3982
5452880,1.7000,1.4014
5453380,1.7000,1.3933
5453880,1.7000,1.3974
5454380,1.7000,1.3821
5454880,1.7000,1.3877
5455380,1.7000,1.3998
5455880,1.7000,1.3925
5456380,1.7000,1.3877
5456880,1.7000,1.4030
5457380,1.7000,1.4103
5457880,1.7000,1.4006
5458380,1.7000,1.4062
5458880,1.7000,1.3966
5459380,1.7000,1.4030
5459880,1.7000,1.3982
5460380,1.7000,1.4022
5460880,1.7000,1.3885
5461380,1.7000,1.4006
5461880,1.7000,1.3982
5462380,1.7000,1.4054
5462880,1.7000,1.3998
5463380,1.7000,1.4038
5463880,1.7000,1.3909
5464380,1.7000,1.4062
5464880,1.7000,1.3893
5465380,1.7000,1.4006
5465880,1.7000,1.4006
5466380,1.7000,1.4038
5466880,1.7000,1.3966
5467380,1.7000,1.3982
5467880,1.7000,1.3949
5468380,1.7000,1.3974
5468880,1.7000,1.4127
5469380,1.7000,1.3925
5469880,1.7000,1.4054
5470380,1.7000,1.3982
5470880,1.7000,1.3877
5471380,1.7000,1.4054
5471880,1.7000,1.3933
5472380,1.7000,1.4095
5472880,1.7000,1.3917
5473380,1.7000,1.4046
5473880,1.7000,1.4014
5474380,1.7000,1.3974
5474880,1.7000,1.4006
5475380,1.7000,1.3941
5475880,1.7000,1.3885
5476380,1.7000,1.3933
5476880,1.7000,1.3941
5477380,1.7000,1.3974
5477880,1.7000,1.3998
5478380,1.7000,1.3941
5478880,1.7000,1.3933
5479380,1.7000,1.3982
5479880,1.7000,1.3949
5480380,1.7000,1.3925
5480880,1.7000,1.3949
5481380,1.7000,1.3958
5481880,1.7000,1.3949
5482380,1.7000,1.4038
5482880,1.7000,1.3933
5483380,1.7000,1.3949
5483880,1.7000,1.3917
5484380,1.7000,1.4030
5484880,1.7000,1.3869
5485380,1.7000,1.4038
5485880,1.7000,1.3998
5486380,1.7000,1.3974
5486880,1.7000,1.3974
5487380,1.7000,1.3982
5487880,1.7000,1.3974
5488380,1.7000,1.4014
5488880,1.7000,1.4054
5489380,1.7000,1.3925
5489880,1.7000,1.4014
5490380,1.7000,1.4054
5490880,1.7000,1.3925
5491380,1.7000,1.3949
5491880,1.7000,1.4320
5492380,1.7000,1.3998
5492880,1.7000,1.4006
5493380,1.7000,1.3917
5493880,1.7000,1.3925
5494380,1.7000,1.4111
5494880,1.7000,1.4046
5495380,1.7000,1.3982
5495880,1.7000,1.3941
5496380,1.7000,1.3885
5496880,1.7000,1.3982
5497380,1.7000,1.4014
5497880,1.7000,1.4006
5498380,1.7000,1.4054
5498880,1.7000,1.3974
5499380,1.7000,1.3949
5499880,1.7000,1.4103
5500380,1.7000,1.4046
5500880,1.7000,1.3958
5501380,1.7000,1.4022
5501880,1.7000,1.4070
5502380,1.7000,1.3974
5502880,1.7000,1.3941
5503380,1.7000,1.3974
5503880,1.7000,1.4014
5504380,1.7000,1.3925
5504880,1.7000,1.3933
5505380,1.7000,1.3966
5505880,1.7000,1.4022
5506380,1.7000,1.3941
5506880,1.7000,1.3933
5507380,1.7000,1.3998
5507880,1.7000,1.3925
5508380,1.7000,1.4046
5508880,1.7000,1.4062
5509380,1.7000,1.3901
5509880,1.7000,1.4046
5510380,1.7000,1.4038
5510880,1.7000,1.3941
5511380,1.7000,1.4006
5511880,1.7000,1.3982
5512380,1.7000,1.4022
5512880,1.7000,1.3949
5513380,1.7000,1.3901
5513880,1.7000,1.3998
5514380,1.7000,1.3982
5514880,1.7000,1.3941
5515380,1.7000,1.4014
5515880,1.7000,1.3925
5516380,1.7000,1.4038
5516880,1.7000,1.3998
5517380,1.7000,1.3966
5517880,1.7000,1.4127
5518380,1.7000,1.4038
5518880,1.7000,1.4054
5519380,1.7000,1.3982
5519880,1.7000,1.4167
5520380,1.7000,1.4006
5520880,1.7000,1.3974
5521380,1.7000,1.3925
5521880,1.7000,1.4368
5522380,1.7000,1.4054
5522880,1.7000,1.3933
5523380,1.7000,1.3949
5523880,1.7000,1.3917
5524380,1.7000,1.3845
5524880,1.7000,1.4014
5525380,1.7000,1.3958
5525880,1.7000,1.3974
5526380,1.7000,1.4014
5526880,1.7000,1.3949
5527380,1.7000,1.3982
5527880,1.7000,1.3949
5528380,1.7000,1.3949
5528880,1.7000,1.4062
5529380,1.7000,1.4046
5529880,1.7000,1.4014
5530380,1.7000,1.3982
5530880,1.7000,1.3925
5531380,1.7000,1.3974
5531880,1.7000,1.3812
5532380,1.7000,1.4030
5532880,1.7000,1.3974
5533380,1.7000,1.4054
5533880,1.7000,1.4014
5534380,1.7000,1.4215
5534880,1.7000,1.3998
5535380,1.7000,1.3982
5535880,1.7000,1.3982
5536380,1.7000,1.4054
5536880,1.7000,1.3941
5537380,1.7000,1.3941
5537880,1.7000,1.3982
5538380,1.7000,1.3974
5538880,1.7000,1.4062
5539380,1.7000,1.3974
5539880,1.7000,1.3974
5540380,1.7000,1.4022
5540880,1.7000,1.4086
5541380,1.7000,1.4046
5541880,1.7000,1.3974
5542380,1.7000,1.3958
5542880,1.7000,1.3966
5543380,1.7000,1.4006
5543880,1.7000,1.4054
5544380,1.7000,1.4030
5544880,1.7000,1.4006
5545380,1.7000,1.4054
5545880,1.7000,1.4062
5546380,1.7000,1.3917
5546880,1.7000,1.3949
5547380,1.7000,1.3724
5547880,1.7000,1.3796
5548380,1.7000,1.4199
5548880,1.7000,1.4006
5549380,1.7000,1.4030
5549880,1.7000,1.3837
5550380,1.7000,1.3917
5550880,1.7000,1.3958
5551380,1.7000,1.3982
5551880,1.7000,1.3933
5552380,1.7000,1.4095
5552880,1.7000,1.4030
5553380,1.7000,1.3949
5553880,1.7000,1.4046
5554380,1.7000,1.3966
5554880,1.7000,1.4175
5555380,1.7000,1.3966
5555880,1.7000,1.3990
5556380,1.7000,1.4030
5556880,1.7000,1.3974
5557380,1.7000,1.4038
5557880,1.7000,1.3845
5558380,1.7000,1.4054
5558880,1.7000,1.3958
5559380,1.7000,1.3917
5559880,1.7000,1.4006
5560380,1.7000,1.4054
5560880,1.7000,1.3966
5561380,1.7000,1.3933
5561880,1.7000,1.4054
5562380,1.7000,1.3998
5562880,1.7000,1.3998
5563380,1.7000,1.4006
5563880,1.7000,1.4078
5564380,1.7000,1.4014
5564880,1.7000,1.3974
5565380,1.7000,1.4054
5565880,1.7000,1.4054
5566380,1.7000,1.3982
5566880,1.7000,1.4046
5567380,1.7000,1.4030
5567880,1.7000,1.4038
5568380,1.7000,1.4054
5568880,1.7000,1.4296
5569380,1.7000,1.4078
5569880,1.7000,1.4054
5570380,1.7000,1.4030
5570880,1.7000,1.4070
5571380,1.7000,1.4151
5571880,1.7000,1.3982
5572380,1.7000,1.4006
5572880,1.7000,1.4014
5573380,1.7000,1.3901
5573880,1.7000,1.3837
5574380,1.7000,1.4014
5574880,1.7000,1.3982
5575380,1.7000,1.3982
5575880,1.7000,1.4078
5576380,1.7000,1.3982
5576880,1.7000,1.4054
5577380,1.7000,1.3933
5577880,1.7000,1.4006
5578380,1.7000,1.3982
5578880,1.7000,1.3982
5579380,1.7000,1.3998
5579880,1.7000,1.3917
5580380,1.7000,1.4006
5580880,1.7000,1.4119
5581380,1.7000,1.3998
5581880,1.7000,1.3941
5582380,1.7000,1.4030
5582880,1.7000,1.4135
5583380,1.7000,1.3966
5583880,1.7000,1.4046
5584380,1.7000,1.4046
5584880,1.7000,1.4078
5585380,1.7000,1.4054
5585880,1.7000,1.4006
5586380,1.7000,1.4054
5586880,1.7000,1.3982
5587380,1.7000,1.4070
5587880,1.7000,1.4030
5588380,1.7000,1.4014
5588880,1.7000,1.3885
5589380,1.7000,1.3966
5589880,1.7000,1.4159
5590380,1.7000,1.4038
5590880,1.7000,1.3949
5591380,1.7000,1.3909
5591880,1.7000,1.4240
5592380,1.7000,1.4014
5592880,1.7000,1.4078
5593380,1.7000,1.3917
5593880,1.7000,1.4006
5594380,1.7000,1.4062
5594880,1.7000,1.4304
5595380,1.7000,1.4022
5595880,1.7000,1.4054
5596380,1.7000,1.4151
5596880,1.7000,1.4054
5597380,1.7000,1.4062
5597880,1.7000,1.4070
5598380,1.7000,1.3893
5598880,1.7000,1.4183
5599380,1.7000,1.4401
5599880,1.7000,1.4022
5600380,1.7000,1.4046
5600880,1.7000,1.4014
5601380,1.7000,1.4078
5601880,1.7000,1.4070
5602380,1.7000,1.3974
5602880,1.7000,1.4014
5603380,1.7000,1.4199
5603880,1.7000,1.4070
5604380,1.7000,1.4038
5604880,1.7000,1.4062
5605380,1.7000,1.4070
5605880,1.7000,1.3958
5606380,1.7000,1.4111
5606880,1.7000,1.4006
5607380,1.7000,1.4014
5607880,1.7000,1.4159
5608380,1.7000,1.4030
5608880,1.7000,1.4054
5609380,1.7000,1.4014
5609880,1.7000,1.3772
5610380,1.7000,1.4014
5610880,1.7000,1.4038
5611380,1.7000,1.4078
5611880,1.7000,1.3982
5612380,1.7000,1.3998
5612880,1.7000,1.4062
5613380,1.7000,1.4143
5613880,1.7000,1.3982
5614380,1.7000,1.4054
5614880,1.7000,1.4014
5615380,1.7000,1.4054
5615880,1.7000,1.4135
5616380,1.7000,1.4014
5616880,1.7000,1.4054
5617380,1.7000,1.3966
5617880,1.7000,1.4070
5618380,1.7000,1.4046
5618880,1.7000,1.4111
5619380,1.7000,1.4054
5619880,1.7000,1.4054
5620380,1.7000,1.4062
5620880,1.7000,1.4070
5621380,1.7000,1.4006
5621880,1.7000,1.4006
5622380,1.7000,1.4054
5622880,1.7000,1.4199
5623380,1.7000,1.3949
5623880,1.7000,1.4014
5624380,1.7000,1.4046
5624880,1.7000,1.4070
5625380,1.7000,1.3966
5625880,1.7000,1.4070
5626380,1.7000,1.3998
5626880,1.7000,1.4046
5627380,1.7000,1.4103
5627880,1.7000,1.4054
5628380,1.7000,1.4054
5628880,1.7000,1.4054
5629380,1.7000,1.4199
5629880,1.7000,1.3982
5630380,1.7000,1.4006
5630880,1.7000,1.3998
5631380,1.7000,1.4054
5631880,1.7000,1.4054
5632380,1.7000,1.4030
5632880,1.7000,1.4078
5633380,1.7000,1.4062
5633880,1.7000,1.4070
5634380,1.7000,1.4054
5634880,1.7000,1.4054
5635380,1.7000,1.4078
5635880,1.7000,1.4054
5636380,1.7000,1.3982
5636880,1.7000,1.4054
5637380,1.7000,1.4054
5637880,1.7000,1.4054
5638380,1.7000,1.4095
5638880,1.7000,1.4022
5639380,1.7000,1.4014
5639880,1.7000,1.4086
5640380,1.7000,1.4054
5640880,1.7000,1.4111
5641380,1.7000,1.4127
5641880,1.7000,1.4054
5642380,1.7000,1.4062
5642880,1.7000,1.4030
5643380,1.7000,1.3949
5643880,1.7000,1.4191
5644380,1.7000,1.4038
5644880,1.7000,1.4119
5645380,1.7000,1.4103
5645880,1.7000,1.4046
5646380,1.7000,1.4014
5646880,1.7000,1.4046
5647380,1.7000,1.4006
5647880,1.7000,1.4054
5648380,1.7000,1.4030
5648880,1.7000,1.3998
5649380,1.7000,1.4054
5649880,1.7000,1.4014
5650380,1.7000,1.4207
5650880,1.7000,1.3941
5651380,1.7000,1.3901
5651880,1.7000,1.4046
5652380,1.7000,1.4062
5652880,1.7000,1.3925
5653380,1.7000,1.4046
5653880,1.7000,1.3966
5654380,1.7000,1.3966
5654880,1.7000,1.4143
5655380,1.7000,1.4046
5655880,1.7000,1.4054
5656380,1.7000,1.4095
5656880,1.7000,1.4062
5657380,1.7000,1.4054
5657880,1.7000,1.4175
5658380,1.7000,1.4127
5658880,1.7000,1.3982
5659380,1.7000,1.4070
5659880,1.7000,1.4070
5660380,1.7000,1.4038
5660880,1.7000,1.4054
5661380,1.7000,1.3982
5661880,1.7000,1.4111
5662380,1.7000,1.4143
5662880,1.7000,1.4111
5663380,1.7000,1.4022
5663880,1.7000,1.4078
5664380,1.7000,1.4062
5664880,1.7000,1.4078
5665380,1.7000,1.4062
5665880,1.7000,1.4054
5666380,1.7000,1.4095
5666880,1.7000,1.4127
5667380,1.7000,1.4054
5667880,1.7000,1.4167
5668380,1.7000,1.4054
5668880,1.7000,1.4054
5669380,1.7000,1.4095
5669880,1.7000,1.4054
5670380,1.7000,1.4078
5670880,1.7000,1.4062
5671380,1.7000,1.4046
5671880,1.7000,1.4095
5672380,1.7000,1.4030
5672880,1.7000,1.4054
5673380,1.7000,1.4151
5673880,1.7000,1.4054
5674380,1.7000,1.4127
5674880,1.7000,1.3982
5675380,1.7000,1.4103
5675880,1.7000,1.4264
5676380,1.7000,1.4095
5676880,1.7000,1.4054
5677380,1.7000,1.4062
5677880,1.7000,1.4143
5678380,1.7000,1.4054
5678880,1.7000,1.4078
5679380,1.7000,1.4046
5679880,1.7000,1.4062
5680380,1.7000,1.4215
5680880,1.7000,1.4046
5681380,1.7000,1.4030
5681880,1.7000,1.4344
5682380,1.7000,1.4111
5682880,1.7000,1.3998
5683380,1.7000,1.4054
5683880,1.7000,1.4135
5684380,1.7000,1.4046
5684880,1.7000,1.4103
5685380,1.7000,1.4135
5685880,1.7000,1.4103
5686380,1.7000,1.4070
5686880,1.7000,1.4054
5687380,1.7000,1.4111
5687880,1.7000,1.4103
5688380,1.7000,1.4054
5688880,1.7000,1.4086
5689380,1.7000,1.4111
5689880,1.7000,1.4062
5690380,1.7000,1.4288
5690880,1.7000,1.4062
5691380,1.7000,1.4070
5691880,1.7000,1.4086
5692380,1.7000,1.4062
5692880,1.7000,1.4167
5693380,1.7000,1.4111
5693880,1.7000,1.4038
5694380,1.7000,1.4054
5694880,1.7000,1.4111
5695380,1.7000,1.4054
5695880,1.7000,1.4183
5696380,1.7000,1.4223
5696880,1.7000,1.4078
5697380,1.7000,1.3982
5697880,1.7000,1.4119
5698380,1.7000,1.4175
5698880,1.7000,1.4054
5699380,1.7000,1.4175
5699880,1.7000,1.4070
5700380,1.7000,1.4070
5700880,1.7000,1.4070
5701380,1.7000,1.3966
5701880,1.7000,1.4070
5702380,1.7000,1.4070
5702880,1.7000,1.3998
5703380,1.7000,1.4135
5703880,1.7000,1.4103
5704380,1.7000,1.4086
5704880,1.7000,1.4046
5705380,1.7000,1.4054
5705880,1.7000,1.4054
5706380,1.7000,1.4006
5706880,1.7000,1.4167
5707380,1.7000,1.4062
5707880,1.7000,1.4223
5708380,1.7000,1.4070
5708880,1.7000,1.4046
5709380,1.7000,1.4070
5709880,1.7000,1.4054
5710380,1.7000,1.4095
5710880,1.7000,1.4095
5711380,1.7000,1.4054
5711880,1.7000,1.4046
5712380,1.7000,1.4046
5712880,1.7000,1.4095
5713380,1.7000,1.4070
5713880,1.7000,1.4030
5714380,1.7000,1.4054
5714880,1.7000,1.4143
5715380,1.7000,1.4151
5715880,1.7000,1.4095
5716380,1.7000,1.4030
5716880,1.7000,1.4103
5717380,1.7000,1.4095
5717880,1.7000,1.4078
5718380,1.7000,1.4078
5718880,1.7000,1.4103
5719380,1.7000,1.4054
5719880,1.7000,1.4159
5720380,1.7000,1.4054
5720880,1.7000,1.4095
5721380,1.7000,1.4038
5721880,1.7000,1.4054
5722380,1.7000,1.4312
5722880,1.7000,1.4062
5723380,1.7000,1.4095
5723880,1.7000,1.4078
5724380,1.7000,1.4070
5724880,1.7000,1.4070
5725380,1.7000,1.4054
5725880,1.7000,1.3966
5726380,1.7000,1.4135
5726880,1.7000,1.4127
5727380,1.7000,1.4054
5727880,1.7000,1.4078
5728380,1.7000,1.4111
5728880,1.7000,1.4054
5729380,1.7000,1.4127
5729880,1.7000,1.4014
5730380,1.7000,1.4030
5730880,1.7000,1.4111
5731380,1.7000,1.4127
5731880,1.7000,1.4078
5732380,1.7000,1.4135
5732880,1.7000,1.4070
5733380,1.7000,1.4054
5733880,1.7000,1.4223
5734380,1.7000,1.4078
5734880,1.7000,1.4030
5735380,1.7000,1.4103
5735880,1.7000,1.4183
5736380,1.7000,1.4038
5736880,1.7000,1.3925
5737380,1.7000,1.4054
5737880,1.7000,1.4070
5738380,1.7000,1.4175
5738880,1.7000,1.4030
5739380,1.7000,1.4103
5739880,1.7000,1.4086
5740380,1.7000,1.4288
5740880,1.7000,1.4030
5741380,1.7000,1.4078
5741880,1.7000,1.4095
5742380,1.7000,1.4062
5742880,1.7000,1.4288
5743380,1.7000,1.4014
5743880,1.7000,1.4062
5744380,1.7000,1.3998
5744880,1.7000,1.4070
5745380,1.7000,1.4070
5745880,1.7000,1.4054
5746380,1.7000,1.3966
5746880,1.7000,1.4143
5747380,1.7000,1.4199
5747880,1.7000,1.4030
5748380,1.7000,1.4046
5748880,1.7000,1.4151
5749380,1.7000,1.4103
5749880,1.7000,1.4095
5750380,1.7000,1.4127
5750880,1.7000,1.4054
5751380,1.7000,1.4111
5751880,1.7000,1.4078
5752380,1.7000,1.4199
5752880,1.7000,1.4054
5753380,1.7000,1.4135
5753880,1.7000,1.4151
5754380,1.7000,1.4014
5754880,1.7000,1.4111
5755380,1.7000,1.4046
5755880,1.7000,1.4022
5756380,1.7000,1.4070
5756880,1.7000,1.4103
5757380,1.7000,1.4014
5757880,1.7000,1.4062
5758380,1.7000,1.4135
5758880,1.7000,1.4014
5759380,1.7000,1.4046
5759880,1.7000,1.4054
5760380,1.7000,1.4240
5760880,1.7000,1.4054
5761380,1.7000,1.4256
5761880,1.7000,1.4111
5762380,1.7000,1.4054
5762880,1.7000,1.4054
5763380,1.7000,1.4159
5763880,1.7000,1.4272
5764380,1.7000,1.4054
5764880,1.7000,1.4030
5765380,1.7000,1.4054
5765880,1.7000,1.4054
5766380,1.7000,1.4062
5766880,1.7000,1.4062
5767380,1.7000,1.4054
5767880,1.7000,1.4070
5768380,1.7000,1.4038
5768880,1.7000,1.4336
5769380,1.7000,1.4054
5769880,1.7000,1.4054
5770380,1.7000,1.4095
5770880,1.7000,1.4191
5771380,1.7000,1.4038
5771880,1.7000,1.4143
5772380,1.7000,1.4054
5772880,1.7000,1.4070
5773380,1.7000,1.4191
5773880,1.7000,1.4272
5774380,1.7000,1.4078
5774880,1.7000,1.3998
5775380,1.7000,1.4103
5775880,1.7000,1.4078
5776380,1.7000,1.4054
5776880,1.7000,1.4143
5777380,1.7000,1.4135
5777880,1.7000,1.4159
5778380,1.7000,1.4175
5778880,1.7000,1.4078
5779380,1.7000,1.4054
5779880,1.7000,1.4095
5780380,1.7000,1.4078
5780880,1.7000,1.4054
5781380,1.7000,1.4062
5781880,1.7000,1.3982
5782380,1.7000,1.4054
5782880,1.7000,1.4232
5783380,1.7000,1.4078
5783880,1.7000,1.4078
5784380,1.7000,1.4103
5784880,1.7000,1.4054
5785380,1.7000,1.4062
5785880,1.7000,1.4014
5786380,1.7000,1.4030
5786880,1.7000,1.4143
5787380,1.7000,1.4159
5787880,1.7000,1.4054
5788380,1.7000,1.4199
5788880,1.7000,1.4078
5789380,1.7000,1.4070
5789880,1.7000,1.4062
5790380,1.7000,1.4054
5790880,1.7000,1.4054
5791380,1.7000,1.4054
5791880,1.7000,1.4207
5792380,1.7000,1.4151
5792880,1.7000,1.4103
5793380,1.7000,1.4054
5793880,1.7000,1.4103
5794380,1.7000,1.4111
5794880,1.7000,1.4062
5795380,1.7000,1.4183
5795880,1.7000,1.4086
5796380,1.7000,1.4167
5796880,1.7000,1.4095
5797380,1.7000,1.4095
5797880,1.7000,1.4086
5798380,1.7000,1.3885
5798880,1.7000,1.4054
5799380,1.7000,1.4199
5799880,1.7000,1.4062
5800380,1.7000,1.4103
5800880,1.7000,1.4199
5801380,1.7000,1.4135
5801880,1.7000,1.4054
5802380,1.7000,1.4062
5802880,1.7000,1.4070
5803380,1.7000,1.4103
5803880,1.7000,1.4054
5804380,1.7000,1.4086
5804880,1.7000,1.3925
5805380,1.7000,1.4006
5805880,1.7000,1.4135
5806380,1.7000,1.4062
5806880,1.7000,1.4078
5807380,1.7000,1.4054
5807880,1.7000,1.4207
5808380,1.7000,1.3949
5808880,1.7000,1.4223
5809380,1.7000,1.4143
5809880,1.7000,1.4119
5810380,1.7000,1.4078
5810880,1.7000,1.4030
5811380,1.7000,1.4054
5811880,1.7000,1.4054
5812380,1.7000,1.4095
5812880,1.7000,1.4127
5813380,1.7000,1.4046
5813880,1.7000,1.3982
5814380,1.7000,1.4127
5814880,1.7000,1.4054
5815380,1.7000,1.4030
5815880,1.7000,1.4014
5816380,1.7000,1.4022
5816880,1.7000,1.4167
5817380,1.7000,1.4175
5817880,1.7000,1.4078
5818380,1.7000,1.4062
5818880,1.7000,1.4159
5819380,1.7000,1.4054
5819880,1.7000,1.3917
5820380,1.7000,1.4111
5820880,1.7000,1.4078
5821380,1.7000,1.4111
5821880,1.7000,1.4288
5822380,1.7000,1.4127
5822880,1.7000,1.4191
5823380,1.7000,1.4167
5823880,1.7000,1.4078
5824380,1.7000,1.4078
5824880,1.7000,1.4078
5825380,1.7000,1.4111
5825880,1.7000,1.4062
5826380,1.7000,1.4223
5826880,1.7000,1.4207
5827380,1.7000,1.4111
5827880,1.7000,1.4103
5828380,1.7000,1.4054
5828880,1.7000,1.4062
5829380,1.7000,1.4054
5829880,1.7000,1.4078
5830380,1.7000,1.4159
5830880,1.7000,1.4143
5831380,1.7000,1.4078
5831880,1.7000,1.4046
5832380,1.7000,1.4223
5832880,1.7000,1.4103
5833380,1.7000,1.4135
5833880,1.7000,1.4030
5834380,1.7000,1.4054
5834880,1.7000,1.4272
5835380,1.7000,1.3933
5835880,1.7000,1.4062
5836380,1.7000,1.4054
5836880,1.7000,1.4183
5837380,1.7000,1.4054
5837880,1.7000,1.4054
5838380,1.7000,1.4054
5838880,1.7000,1.4256
5839380,1.7000,1.4135
5839880,1.7000,1.4111
5840380,1.7000,1.4103
5840880,1.7000,1.4070
5841380,1.7000,1.4127
5841880,1.7000,1.4046
5842380,1.7000,1.4095
5842880,1.7000,1.4054
5843380,1.7000,1.4119
5843880,1.7000,1.4143
5844380,1.7000,1.4135
5844880,1.7000,1.3982
5845380,1.7000,1.4086
5845880,1.7000,1.4054
5846380,1.7000,1.4062
5846880,1.7000,1.4086
5847380,1.7000,1.4167
5847880,1.7000,1.4054
5848380,1.7000,1.4135
5848880,1.7000,1.4119
5849380,1.7000,1.4175
5849880,1.7000,1.4103
5850380,1.7000,1.4183
5850880,1.7000,1.4288
5851380,1.7000,1.4135
5851880,1.7000,1.4054
5852380,1.7000,1.4014
5852880,1.7000,1.3974
5853380,1.7000,1.4199
5853880,1.7000,1.4183
5854380,1.7000,1.4111
5854880,1.7000,1.4078
5855380,1.7000,1.4159
5855880,1.7000,1.4159
5856380,1.7000,1.4062
5856880,1.7000,1.4143
5857380,1.7000,1.4054
5857880,1.7000,1.4143
5858380,1.7000,1.4127
5858880,1.7000,1.4167
5859380,1.7000,1.4022
5859880,1.7000,1.4127
5860380,1.7000,1.4095
5860880,1.7000,1.4095
5861380,1.7000,1.4256
5861880,1.7000,1.4159
5862380,1.7000,1.4062
5862880,1.7000,1.4143
5863380,1.7000,1.4119
5863880,1.7000,1.4038
5864380,1.7000,1.4127
5864880,1.7000,1.4095
5865380,1.7000,1.4296
5865880,1.7000,1.4078
5866380,1.7000,1.4151
5866880,1.7000,1.4127
5867380,1.7000,1.4078
5867880,1.7000,1.4135
5868380,1.7000,1.4086
5868880,1.7000,1.4103
5869380,1.7000,1.4240
5869880,1.7000,1.4078
5870380,1.7000,1.4095
5870880,1.7000,1.4054
5871380,1.7000,1.4103
5871880,1.7000,1.4457
5872380,1.7000,1.4183
5872880,1.7000,1.4103
5873380,1.7000,1.4151
5873880,1.7000,1.4070
5874380,1.7000,1.4095
5874880,1.7000,1.4143
5875380,1.7000,1.4111
5875880,1.7000,1.4296
5876380,1.7000,1.4240
5876880,1.7000,1.4046
5877380,1.7000,1.4103
5877880,1.7000,1.3933
5878380,1.7000,1.4288
5878880,1.7000,1.4191
5879380,1.7000,1.4078
5879880,1.7000,1.4103
5880380,1.7000,1.4191
5880880,1.7000,1.4111
5881380,1.7000,1.4175
5881880,1.7000,1.4191
5882380,1.7000,1.4151
5882880,1.7000,1.4014
5883380,1.7000,1.4199
5883880,1.7000,1.4183
5884380,1.7000,1.4103
5884880,1.7000,1.4183
5885380,1.7000,1.4103
5885880,1.7000,1.4256
5886380,1.7000,1.4127
5886880,1.7000,1.4070
5887380,1.7000,1.4062
5887880,1.7000,1.4046
5888380,1.7000,1.4272
5888880,1.7000,1.4175
5889380,1.7000,1.4095
5889880,1.7000,1.4312
5890380,1.7000,1.4175
5890880,1.7000,1.4111
5891380,1.7000,1.4167
5891880,1.7000,1.4207
5892380,1.7000,1.4207
5892880,1.7000,1.4232
5893380,1.7000,1.4151
5893880,1.7000,1.4143
5894380,1.7000,1.4215
5894880,1.7000,1.4078
5895380,1.7000,1.4175
5895880,1.7000,1.4143
5896380,1.7000,1.4127
5896880,1.7000,1.4143
5897380,1.7000,1.3821
5897880,1.7000,1.4054
5898380,1.7000,1.4207
5898880,1.7000,1.4095
5899380,1.7000,1.4086
5899880,1.7000,1.4095
5900380,1.7000,1.4030
5900880,1.7000,1.4127
5901380,1.7000,1.4159
5901880,1.7000,1.4135
5902380,1.7000,1.4086
5902880,1.7000,1.4014
5903380,1.7000,1.4111
5903880,1.7000,1.4175
5904380,1.7000,1.4167
5904880,1.7000,1.4240
5905380,1.7000,1.4095
5905880,1.7000,1.4030
5906380,1.7000,1.4127
5906880,1.7000,1.4320
5907380,1.7000,1.4320
5907880,1.7000,1.4143
5908380,1.7000,1.4086
5908880,1.7000,1.4223
5909380,1.7000,1.4111
5909880,1.7000,1.3909
5910380,1.7000,1.4143
5910880,1.7000,1.4103
5911380,1.7000,1.4143
5911880,1.7000,1.4054
5912380,1.7000,1.4127
5912880,1.7000,1.4207
5913380,1.7000,1.4095
5913880,1.7000,1.4135
5914380,1.7000,1.4191
5914880,1.7000,1.4086
5915380,1.7000,1.4199
5915880,1.7000,1.4070
5916380,1.7000,1.4175
5916880,1.7000,1.4054
5917380,1.7000,1.4078
5917880,1.7000,1.4111
5918380,1.7000,1.4111
5918880,1.7000,1.4078
5919380,1.7000,1.4127
5919880,1.7000,1.4127
5920380,1.7000,1.4086
5920880,1.7000,1.4103
5921380,1.7000,1.4062
5921880,1.7000,1.4046
5922380,1.7000,1.4095
5922880,1.7000,1.4272
5923380,1.7000,1.4038
5923880,1.7000,1.4167
5924380,1.7000,1.4062
5924880,1.7000,1.4095
5925380,1.7000,1.4070
5925880,1.7000,1.4046
5926380,1.7000,1.4111
5926880,1.7000,1.4054
5927380,1.7000,1.4143
5927880,1.7000,1.4207
5928380,1.7000,1.4127
5928880,1.7000,1.4256
5929380,1.7000,1.4078
5929880,1.7000,1.4183
5930380,1.7000,1.4078
5930880,1.7000,1.4127
5931380,1.7000,1.4256
5931880,1.7000,1.4143
5932380,1.7000,1.4103
5932880,1.7000,1.4344
5933380,1.7000,1.4086
5933880,1.7000,1.4103
5934380,1.7000,1.4095
5934880,1.7000,1.4151
5935380,1.7000,1.4111
5935880,1.7000,1.4078
5936380,1.7000,1.4143
5936880,1.7000,1.4183
5937380,1.7000,1.4095
5937880,1.7000,1.4264
5938380,1.7000,1.4167
5938880,1.7000,1.4135
5939380,1.7000,1.4111
5939880,1.7000,1.3909
5940380,1.7000,1.4296
5940880,1.7000,1.4151
5941380,1.7000,1.4296
5941880,1.7000,1.4095
5942380,1.7000,1.4103
5942880,1.7000,1.4441
5943380,1.7000,1.4151
5943880,1.7000,1.4054
5944380,1.7000,1.4103
5944880,1.7000,1.4103
5945380,1.7000,1.4240
5945880,1.7000,1.4095
5946380,1.7000,1.4159
5946880,1.7000,1.4215
5947380,1.7000,1.4167
5947880,1.7000,1.4070
5948380,1.7000,1.4215
5948880,1.7000,1.4135
5949380,1.7000,1.4175
5949880,1.7000,1.4191
5950380,1.7000,1.4288
5950880,1.7000,1.4127
5951380,1.7000,1.4143
5951880,1.7000,1.4159
5952380,1.7000,1.4215
5952880,1.7000,1.4183
5953380,1.7000,1.4223
5953880,1.7000,1.4119
5954380,1.7000,1.4054
5954880,1.7000,1.4175
5955380,1.7000,1.4143
5955880,1.7000,1.4054
5956380,1.7000,1.4127
5956880,1.7000,1.4280
5957380,1.7000,1.4175
5957880,1.7000,1.4175
5958380,1.7000,1.4175
5958880,1.7000,1.4207
5959380,1.7000,1.4095
5959880,1.7000,1.4135
5960380,1.7000,1.4191
5960880,1.7000,1.4159
5961380,1.7000,1.4175
5961880,1.7000,1.4191
5962380,1.7000,1.4175
5962880,1.7000,1.4119
5963380,1.7000,1.4183
5963880,1.7000,1.4135
5964380,1.7000,1.4159
5964880,1.7000,1.4151
5965380,1.7000,1.4215
5965880,1.7000,1.4143
5966380,1.7000,1.4038
5966880,1.7000,1.4111
5967380,1.7000,1.4127
5967880,1.7000,1.4127
5968380,1.7000,1.4070
5968880,1.7000,1.4264
5969380,1.7000,1.4175
5969880,1.7000,1.4078
5970380,1.7000,1.4183
5970880,1.7000,1.4103
5971380,1.7000,1.4159
5971880,1.7000,1.4095
5972380,1.7000,1.4215
5972880,1.7000,1.4167
5973380,1.7000,1.4393
5973880,1.7000,1.4111
5974380,1.7000,1.4127
5974880,1.7000,1.4240
5975380,1.7000,1.4103
5975880,1.7000,1.4159
5976380,1.7000,1.4070
5976880,1.7000,1.4054
5977380,1.7000,1.4103
5977880,1.7000,1.4151
5978380,1.7000,1.4207
5978880,1.7000,1.4183
5979380,1.7000,1.4256
5979880,1.7000,1.4175
5980380,1.7000,1.4272
5980880,1.7000,1.4159
5981380,1.7000,1.4328
5981880,1.7000,1.4054
5982380,1.7000,1.4159
5982880,1.7000,1.4095
5983380,1.7000,1.4167
5983880,1.7000,1.4304
5984380,1.7000,1.4240
5984880,1.7000,1.4175
5985380,1.7000,1.4175
5985880,1.7000,1.4401
5986380,1.7000,1.4215
5986880,1.7000,1.4143
5987380,1.7000,1.4095
5987880,1.7000,1.4143
5988380,1.7000,1.4191
5988880,1.7000,1.4232
5989380,1.7000,1.4191
5989880,1.7000,1.4223
5990380,1.7000,1.4240
5990880,1.7000,1.4175
5991380,1.7000,1.4159
5991880,1.7000,1.4191
5992380,1.7000,1.4111
5992880,1.7000,1.4215
5993380,1.7000,1.4199
5993880,1.7000,1.4183
5994380,1.7000,1.4135
5994880,1.7000,1.4070
5995380,1.7000,1.4111
5995880,1.7000,1.4175
5996380,1.7000,1.4143
5996880,1.7000,1.4288
5997380,1.7000,1.4143
5997880,1.7000,1.4256
5998380,1.7000,1.4175
5998880,1.7000,1.4127
5999380,1.7000,1.4143
5999880,1.7000,1.4103
6000380,1.7000,1.4135
6000880,1.7000,1.4167
6001380,1.7000,1.4127
6001880,1.7000,1.4143
6002380,1.7000,1.4111
6002880,1.7000,1.4095
6003380,1.7000,1.4183
6003880,1.7000,1.4207
6004380,1.7000,1.4062
6004880,1.7000,1.4288
6005380,1.7000,1.4159
6005880,1.7000,1.4111
6006380,1.7000,1.4312
6006880,1.7000,1.4272
6007380,1.7000,1.4175
6007880,1.7000,1.4183
6008380,1.7000,1.4159
6008880,1.7000,1.4095
6009380,1.7000,1.4151
6009880,1.7000,1.4135
6010380,1.7000,1.4183
6010880,1.7000,1.4175
6011380,1.7000,1.4054
6011880,1.7000,1.4175
6012380,1.7000,1.4191
6012880,1.7000,1.4183
6013380,1.7000,1.4175
6013880,1.7000,1.4175
6014380,1.7000,1.4215
6014880,1.7000,1.4191
6015380,1.7000,1.4207
6015880,1.7000,1.4207
6016380,1.7000,1.4046
6016880,1.7000,1.4207
6017380,1.7000,1.4191
6017880,1.7000,1.4143
6018380,1.7000,1.4296
6018880,1.7000,1.4127
6019380,1.7000,1.4151
6019880,1.7000,1.4183
6020380,1.7000,1.4159
6020880,1.7000,1.4111
6021380,1.7000,1.4183
6021880,1.7000,1.4167
6022380,1.7000,1.4135
6022880,1.7000,1.4296
6023380,1.7000,1.4175
6023880,1.7000,1.4167
6024380,1.7000,1.4151
6024880,1.7000,1.4223
6025380,1.7000,1.4280
6025880,1.7000,1.4175
6026380,1.7000,1.4119
6026880,1.7000,1.4272
6027380,1.7000,1.4175
6027880,1.7000,1.4135
6028380,1.7000,1.4151
6028880,1.7000,1.4143
6029380,1.7000,1.4175
6029880,1.7000,1.4135
6030380,1.7000,1.4264
6030880,1.7000,1.4272
6031380,1.7000,1.4159
6031880,1.7000,1.4272
6032380,1.7000,1.4328
6032880,1.7000,1.4095
6033380,1.7000,1.4272
6033880,1.7000,1.4191
6034380,1.7000,1.4143
6034880,1.7000,1.4312
6035380,1.7000,1.4127
6035880,1.7000,1.4070
6036380,1.7000,1.4183
6036880,1.7000,1.4070
6037380,1.7000,1.4296
6037880,1.7000,1.4135
6038380,1.7000,1.4111
6038880,1.7000,1.4175
6039380,1.7000,1.4199
6039880,1.7000,1.4143
6040380,1.7000,1.4191
6040880,1.7000,1.4191
6041380,1.7000,1.4207
6041880,1.7000,1.4199
6042380,1.7000,1.4215
6042880,1.7000,1.4191
6043380,1.7000,1.4183
6043880,1.7000,1.4078
6044380,1.7000,1.4167
6044880,1.7000,1.4167
6045380,1.7000,1.3949
6045880,1.7000,1.4207
6046380,1.7000,1.4207
6046880,1.7000,1.4272
6047380,1.7000,1.4167
6047880,1.7000,1.4240
6048380,1.7000,1.4312
6048880,1.7000,1.3788
6049380,1.7000,1.4119
6049880,1.7000,1.4240
6050380,1.7000,1.4175
6050880,1.7000,1.4232
6051380,1.7000,1.4095
6051880,1.7000,1.4054
6052380,1.7000,1.4159
6052880,1.7000,1.4223
6053380,1.7000,1.4320
6053880,1.7000,1.4191
6054380,1.7000,1.4288
6054880,1.7000,1.4207
6055380,1.7000,1.4175
6055880,1.7000,1.4312
6056380,1.7000,1.4312
6056880,1.7000,1.4135
6057380,1.7000,1.4167
6057880,1.7000,1.4143
6058380,1.7000,1.4199
6058880,1.7000,1.4240
6059380,1.7000,1.4207
6059880,1.7000,1.4433
6060380,1.7000,1.4320
6060880,1.7000,1.4191
6061380,1.7000,1.4199
6061880,1.7000,1.4304
6062380,1.7000,1.4046
6062880,1.7000,1.4111
6063380,1.7000,1.4095
6063880,1.7000,1.4191
6064380,1.7000,1.4175
6064880,1.7000,1.4191
6065380,1.7000,1.4320
6065880,1.7000,1.4167
6066380,1.7000,1.4232
6066880,1.7000,1.4183
6067380,1.7000,1.4312
6067880,1.7000,1.4191
6068380,1.7000,1.4183
6068880,1.7000,1.4272
6069380,1.7000,1.4264
6069880,1.7000,1.4159
6070380,1.7000,1.4191
6070880,1.7000,1.4175
6071380,1.7000,1.4223
6071880,1.7000,1.4191
6072380,1.7000,1.4183
6072880,1.7000,1.4191
6073380,1.7000,1.4280
6073880,1.7000,1.4135
6074380,1.7000,1.4207
6074880,1.7000,1.4143
6075380,1.7000,1.4320
6075880,1.7000,1.4304
6076380,1.7000,1.4054
6076880,1.7000,1.4175
6077380,1.7000,1.4240
6077880,1.7000,1.3966
6078380,1.7000,1.4207
6078880,1.7000,1.4175
6079380,1.7000,1.4167
6079880,1.7000,1.4207
6080380,1.7000,1.4167
6080880,1.7000,1.4159
6081380,1.7000,1.4183
6081880,1.7000,1.4151
6082380,1.7000,1.4232
6082880,1.7000,1.4175
6083380,1.7000,1.4143
6083880,1.7000,1.4191
6084380,1.7000,1.4207
6084880,1.7000,1.4312
6085380,1.7000,1.4103
6085880,1.7000,1.4199
6086380,1.7000,1.4312
6086880,1.7000,1.4191
6087380,1.7000,1.4159
6087880,1.7000,1.4207
6088380,1.7000,1.4264
6088880,1.7000,1.4360
6089380,1.7000,1.4159
6089880,1.7000,1.4296
6090380,1.7000,1.4207
6090880,1.7000,1.4232
6091380,1.7000,1.4159
6091880,1.7000,1.4223
6092380,1.7000,1.4183
6092880,1.7000,1.4062
6093380,1.7000,1.4151
6093880,1.7000,1.4199
6094380,1.7000,1.4312
6094880,1.7000,1.4223
6095380,1.7000,1.4191
6095880,1.7000,1.4352
6096380,1.7000,1.4191
6096880,1.7000,1.4199
6097380,1.7000,1.4288
6097880,1.7000,1.4256
6098380,1.7000,1.4207
6098880,1.7000,1.4183
6099380,1.7000,1.4207
6099880,1.7000,1.4191
6100380,1.7000,1.4288
6100880,1.7000,1.4191
6101380,1.7000,1.4183
6101880,1.7000,1.4119
6102380,1.7000,1.4167
6102880,1.7000,1.4199
6103380,1.7000,1.4215
6103880,1.7000,1.4312
6104380,1.7000,1.4272
6104880,1.7000,1.4191
6105380,1.7000,1.4385
6105880,1.7000,1.4223
6106380,1.7000,1.4175
6106880,1.7000,1.4223
6107380,1.7000,1.4304
6107880,1.7000,1.4264
6108380,1.7000,1.4296
6108880,1.7000,1.4232
6109380,1.7000,1.4240
6109880,1.7000,1.4288
6110380,1.7000,1.4167
6110880,1.7000,1.4135
6111380,1.7000,1.4199
6111880,1.7000,1.4183
6112380,1.7000,1.4248
6112880,1.7000,1.4223
6113380,1.7000,1.4175
6113880,1.7000,1.4296
6114380,1.7000,1.4312
6114880,1.7000,1.4199
6115380,1.7000,1.4070
6115880,1.7000,1.4191
6116380,1.7000,1.4240
6116880,1.7000,1.4207
6117380,1.7000,1.4240
6117880,1.7000,1.4223
6118380,1.7000,1.4167
6118880,1.7000,1.4256
6119380,1.7000,1.4272
6119880,1.7000,1.4014
6120380,1.7000,1.4788
6120880,1.7000,1.4127
6121380,1.7000,1.4207
6121880,1.7000,1.4159
6122380,1.7000,1.4199
6122880,1.7000,1.4312
6123380,1.7000,1.4199
6123880,1.7000,1.4191
6124380,1.7000,1.4215
6124880,1.7000,1.4215
6125380,1.7000,1.4312
6125880,1.7000,1.4191
6126380,1.7000,1.4183
6126880,1.7000,1.4207
6127380,1.7000,1.4401
6127880,1.7000,1.4312
6128380,1.7000,1.4352
6128880,1.7000,1.4360
6129380,1.7000,1.4296
6129880,1.7000,1.4207
6130380,1.7000,1.4272
6130880,1.7000,1.4328
6131380,1.7000,1.4175
6131880,1.7000,1.4175
6132380,1.7000,1.4191
6132880,1.7000,1.4191
6133380,1.7000,1.4312
6133880,1.7000,1.4175
6134380,1.7000,1.4143
6134880,1.7000,1.4207
6135380,1.7000,1.4215
6135880,1.7000,1.4328
6136380,1.7000,1.4127
6136880,1.7000,1.4175
6137380,1.7000,1.4296
6137880,1.7000,1.4296
6138380,1.7000,1.4296
6138880,1.7000,1.4191
6139380,1.7000,1.4465
6139880,1.7000,1.4328
6140380,1.7000,1.4175
6140880,1.7000,1.4312
6141380,1.7000,1.4223
6141880,1.7000,1.4304
6142380,1.7000,1.4175
6142880,1.7000,1.4207
6143380,1.7000,1.4215
6143880,1.7000,1.4167
6144380,1.7000,1.4191
6144880,1.7000,1.4191
6145380,1.7000,1.4199
6145880,1.7000,1.4207
6146380,1.7000,1.4095
6146880,1.7000,1.4095
6147380,1.7000,1.4248
6147880,1.7000,1.4103
6148380,1.7000,1.4425
6148880,1.7000,1.4320
6149380,1.7000,1.4086
6149880,1.7000,1.4215
6150380,1.7000,1.4199
6150880,1.7000,1.4256
6151380,1.7000,1.4159
6151880,1.7000,1.4199
6152380,1.7000,1.4207
6152880,1.7000,1.4288
6153380,1.7000,1.4175
6153880,1.7000,1.4159
6154380,1.7000,1.4280
6154880,1.7000,1.4159
6155380,1.7000,1.4191
6155880,1.7000,1.4207
6156380,1.7000,1.4191
6156880,1.7000,1.4417
6157380,1.7000,1.4183
6157880,1.7000,1.4199
6158380,1.7000,1.4232
6158880,1.7000,1.4135
6159380,1.7000,1.4344
6159880,1.7000,1.4223
6160380,1.7000,1.4223
6160880,1.7000,1.4207
6161380,1.7000,1.4280
6161880,1.7000,1.4264
6162380,1.7000,1.4167
6162880,1.7000,1.4336
6163380,1.7000,1.4054
6163880,1.7000,1.4272
6164380,1.7000,1.4256
6164880,1.7000,1.4199
6165380,1.7000,1.4312
6165880,1.7000,1.4232
6166380,1.7000,1.4175
6166880,1.7000,1.4207
6167380,1.7000,1.4296
6167880,1.7000,1.4336
6168380,1.7000,1.4215
6168880,1.7000,1.4167
6169380,1.7000,1.4312
6169880,1.7000,1.4328
6170380,1.7000,1.4232
6170880,1.7000,1.4264
6171380,1.7000,1.4232
6171880,1.7000,1.3966
6172380,1.7000,1.4223
6172880,1.7000,1.4183
6173380,1.7000,1.4240
6173880,1.7000,1.4312
6174380,1.7000,1.4223
6174880,1.7000,1.4304
6175380,1.7000,1.4272
6175880,1.7000,1.4304
6176380,1.7000,1.4223
6176880,1.7000,1.4207
6177380,1.7000,1.4256
6177880,1.7000,1.4232
6178380,1.7000,1.4223
6178880,1.7000,1.4312
6179380,1.7000,1.4223
6179880,1.7000,1.4264
6180380,1.7000,1.4215
6180880,1.7000,1.4328
6181380,1.7000,1.4167
6181880,1.7000,1.4191
6182380,1.7000,1.4344
6182880,1.7000,1.4248
6183380,1.7000,1.4240
6183880,1.7000,1.4183
6184380,1.7000,1.4111
6184880,1.7000,1.4360
6185380,1.7000,1.4264
6185880,1.7000,1.4191
6186380,1.7000,1.4312
6186880,1.7000,1.4256
6187380,1.7000,1.4240
6187880,1.7000,1.4223
6188380,1.7000,1.4223
6188880,1.7000,1.4215
6189380,1.7000,1.4296
6189880,1.7000,1.4223
6190380,1.7000,1.4320
6190880,1.7000,1.4199
6191380,1.7000,1.4199
6191880,1.7000,1.4223
6192380,1.7000,1.4191
6192880,1.7000,1.4223
6193380,1.7000,1.4377
6193880,1.7000,1.4223
6194380,1.7000,1.4264
6194880,1.7000,1.4240
6195380,1.7000,1.4151
6195880,1.7000,1.4223
6196380,1.7000,1.4272
6196880,1.7000,1.4240
6197380,1.7000,1.4191
6197880,1.7000,1.4296
6198380,1.7000,1.4328
6198880,1.7000,1.4272
6199380,1.7000,1.4320
6199880,1.7000,1.4256
6200380,1.7000,1.4054
6200880,1.7000,1.4296
6201380,1.7000,1.4256
6201880,1.7000,1.4312
6202380,1.7000,1.4135
6202880,1.7000,1.4272
6203380,1.7000,1.4135
6203880,1.7000,1.4240
6204380,1.7000,1.4240
6204880,1.7000,1.4159
6205380,1.7000,1.4304
6205880,1.7000,1.4175
6206380,1.7000,1.4183
6206880,1.7000,1.4296
6207380,1.7000,1.4159
6207880,1.7000,1.4272
6208380,1.7000,1.4207
6208880,1.7000,1.4377
6209380,1.7000,1.4223
6209880,1.7000,1.4377
6210380,1.7000,1.4191
6210880,1.7000,1.4207
6211380,1.7000,1.4191
6211880,1.7000,1.4223
6212380,1.7000,1.4175
6212880,1.7000,1.4272
6213380,1.7000,1.4191
6213880,1.7000,1.4264
6214380,1.7000,1.4320
6214880,1.7000,1.4232
6215380,1.7000,1.4304
6215880,1.7000,1.4272
6216380,1.7000,1.4280
6216880,1.7000,1.4328
6217380,1.7000,1.4280
6217880,1.7000,1.4223
6218380,1.7000,1.4232
6218880,1.7000,1.4280
6219380,1.7000,1.4199
6219880,1.7000,1.4199
6220380,1.7000,1.4232
6220880,1.7000,1.4328
6221380,1.7000,1.4256
6221880,1.7000,1.4232
6222380,1.7000,1.4167
6222880,1.7000,1.4183
6223380,1.7000,1.4441
6223880,1.7000,1.4207
6224380,1.7000,1.4232
6224880,1.7000,1.4215
6225380,1.7000,1.4191
6225880,1.7000,1.4280
6226380,1.7000,1.4264
6226880,1.7000,1.4232
6227380,1.7000,1.4312
6227880,1.7000,1.4393
6228380,1.7000,1.4304
6228880,1.7000,1.4264
6229380,1.7000,1.4167
6229880,1.7000,1.4360
6230380,1.7000,1.4312
6230880,1.7000,1.4344
6231380,1.7000,1.4288
6231880,1.7000,1.4264
6232380,1.7000,1.4223
6232880,1.7000,1.4159
6233380,1.7000,1.4199
6233880,1.7000,1.4312
6234380,1.7000,1.4288
6234880,1.7000,1.4264
6235380,1.7000,1.4215
6235880,1.7000,1.4240
6236380,1.7000,1.4159
6236880,1.7000,1.4312
6237380,1.7000,1.4207
6237880,1.7000,1.4183
6238380,1.7000,1.4280
6238880,1.7000,1.4127
6239380,1.7000,1.4223
6239880,1.7000,1.4207
6240380,1.7000,1.4240
6240880,1.7000,1.4296
6241380,1.7000,1.4272
6241880,1.7000,1.4183
6242380,1.7000,1.4111
6242880,1.7000,1.4232
6243380,1.7000,1.4280
6243880,1.7000,1.4264
6244380,1.7000,1.4223
6244880,1.7000,1.4143
6245380,1.7000,1.4207
6245880,1.7000,1.4296
6246380,1.7000,1.4288
6246880,1.7000,1.4280
6247380,1.7000,1.4207
6247880,1.7000,1.4312
6248380,1.7000,1.4207
6248880,1.7000,1.4288
6249380,1.7000,1.4280
6249880,1.7000,1.4280
6250380,1.7000,1.4240
6250880,1.7000,1.4288
6251380,1.7000,1.4304
6251880,1.7000,1.4223
6252380,1.7000,1.4135
6252880,1.7000,1.4191
6253380,1.7000,1.4135
6253880,1.7000,1.4175
6254380,1.7000,1.4215
6254880,1.7000,1.4215
6255380,1.7000,1.4336
6255880,1.7000,1.4223
6256380,1.7000,1.4320
6256880,1.7000,1.4336
6257380,1.7000,1.4151
6257880,1.7000,1.4256
6258380,1.7000,1.4191
6258880,1.7000,1.4272
6259380,1.7000,1.4328
6259880,1.7000,1.4232
6260380,1.7000,1.4199
6260880,1.7000,1.4223
6261380,1.7000,1.4336
6261880,1.7000,1.4232
6262380,1.7000,1.4304
6262880,1.7000,1.4183
6263380,1.7000,1.4360
6263880,1.7000,1.4223
6264380,1.7000,1.4312
6264880,1.7000,1.4296
6265380,1.7000,1.4296
6265880,1.7000,1.4232
6266380,1.7000,1.4240
6266880,1.7000,1.4232
6267380,1.7000,1.4425
6267880,1.7000,1.4272
6268380,1.7000,1.4296
6268880,1.7000,1.4215
6269380,1.7000,1.4320
6269880,1.7000,1.4240
6270380,1.7000,1.4191
6270880,1.7000,1.4256
6271380,1.7000,1.4417
6271880,1.7000,1.4352
6272380,1.7000,1.4183
6272880,1.7000,1.4272
6273380,1.7000,1.4264
6273880,1.7000,1.4344
6274380,1.7000,1.4272
6274880,1.7000,1.4183
6275380,1.7000,1.4240
6275880,1.7000,1.4280
6276380,1.7000,1.3772
6276880,1.7000,1.4070
6277380,1.7000,1.4232
6277880,1.7000,1.4352
6278380,1.7000,1.4223
6278880,1.7000,1.4215
6279380,1.7000,1.4296
6279880,1.7000,1.4272
6280380,1.7000,1.4240
6280880,1.7000,1.4393
6281380,1.7000,1.4175
6281880,1.7000,1.4272
6282380,1.7000,1.4344
6282880,1.7000,1.4256
6283380,1.7000,1.3909
6283880,1.7000,1.4368
6284380,1.7000,1.4175
6284880,1.7000,1.4248
6285380,1.7000,1.4207
6285880,1.7000,1.4304
6286380,1.7000,1.4223
6286880,1.7000,1.4344
6287380,1.7000,1.4199
6287880,1.7000,1.4312
6288380,1.7000,1.4256
6288880,1.7000,1.4232
6289380,1.7000,1.4425
6289880,1.7000,1.4062
6290380,1.7000,1.4280
6290880,1.7000,1.4248
6291380,1.7000,1.4328
6291880,1.7000,1.4175
6292380,1.7000,1.4264
6292880,1.7000,1.4223
6293380,1.7000,1.4336
6293880,1.7000,1.4360
6294380,1.7000,1.4280
6294880,1.7000,1.4272
6295380,1.7000,1.4264
6295880,1.7000,1.4175
6296380,1.7000,1.4232
6296880,1.7000,1.3958
6297380,1.7000,1.4264
6297880,1.7000,1.4368
6298380,1.7000,1.4070
6298880,1.7000,1.4280
6299380,1.7000,1.4175
6299880,1.7000,1.4248
6300380,1.7000,1.4240
6300880,1.7000,1.4167
6301380,1.7000,1.4312
6301880,1.7000,1.4014
6302380,1.7000,1.4280
6302880,1.7000,1.4296
6303380,1.7000,1.4232
6303880,1.7000,1.4240
6304380,1.7000,1.4344
6304880,1.7000,1.4312
6305380,1.7000,1.4360
6305880,1.7000,1.4393
6306380,1.7000,1.4159
6306880,1.7000,1.3966
6307380,1.7000,1.4207
6307880,1.7000,1.4344
6308380,1.7000,1.4312
6308880,1.7000,1.4199
6309380,1.7000,1.4312
6309880,1.7000,1.4288
6310380,1.7000,1.4312
6310880,1.7000,1.4223
6311380,1.7000,1.4296
6311880,1.7000,1.4191
6312380,1.7000,1.4264
6312880,1.7000,1.4248
6313380,1.7000,1.4127
6313880,1.7000,1.4296
6314380,1.7000,1.4159
6314880,1.7000,1.4288
6315380,1.7000,1.4320
6315880,1.7000,1.4296
6316380,1.7000,1.4223
6316880,1.7000,1.4312
6317380,1.7000,1.4312
6317880,1.7000,1.4296
6318380,1.7000,1.4215
6318880,1.7000,1.4385
6319380,1.7000,1.4207
6319880,1.7000,1.4240
6320380,1.7000,1.4288
6320880,1.7000,1.4425
6321380,1.7000,1.4199
6321880,1.7000,1.4207
6322380,1.7000,1.4312
6322880,1.7000,1.4223
6323380,1.7000,1.4312
6323880,1.7000,1.4288
6324380,1.7000,1.4256
6324880,1.7000,1.4159
6325380,1.7000,1.4288
6325880,1.7000,1.4199
6326380,1.7000,1.4240
6326880,1.7000,1.4240
6327380,1.7000,1.4304
6327880,1.7000,1.4288
6328380,1.7000,1.4304
6328880,1.7000,1.4385
6329380,1.7000,1.4425
6329880,1.7000,1.4441
6330380,1.7000,1.3909
6330880,1.7000,1.4328
6331380,1.7000,1.4199
6331880,1.7000,1.4320
6332380,1.7000,1.4312
6332880,1.7000,1.4312
6333380,1.7000,1.4312
6333880,1.7000,1.4441
6334380,1.7000,1.4199
6334880,1.7000,1.4320
6335380,1.7000,1.4264
6335880,1.7000,1.4489
6336380,1.7000,1.4223
6336880,1.7000,1.4336
6337380,1.7000,1.4312
6337880,1.7000,1.4296
6338380,1.7000,1.4328
6338880,1.7000,1.4272
6339380,1.7000,1.4191
6339880,1.7000,1.4417
6340380,1.7000,1.4288
6340880,1.7000,1.4272
6341380,1.7000,1.4256
6341880,1.7000,1.4320
6342380,1.7000,1.4288
6342880,1.7000,1.4328
6343380,1.7000,1.4385
6343880,1.7000,1.4312
6344380,1.7000,1.4312
6344880,1.7000,1.4409
6345380,1.7000,1.4199
6345880,1.7000,1.4288
6346380,1.7000,1.4151
6346880,1.7000,1.4312
6347380,1.7000,1.4312
6347880,1.7000,1.4312
6348380,1.7000,1.4232
6348880,1.7000,1.4288
6349380,1.7000,1.4304
6349880,1.7000,1.4191
6350380,1.7000,1.4320
6350880,1.7000,1.4425
6351380,1.7000,1.4312
6351880,1.7000,1.4264
6352380,1.7000,1.4240
6352880,1.7000,1.4320
6353380,1.7000,1.4312
6353880,1.7000,1.4320
6354380,1.7000,1.4223
6354880,1.7000,1.4223
6355380,1.7000,1.4336
6355880,1.7000,1.4207
6356380,1.7000,1.4240
6356880,1.7000,1.4288
6357380,1.7000,1.4385
6357880,1.7000,1.4240
6358380,1.7000,1.4272
6358880,1.7000,1.4272
6359380,1.7000,1.4272
6359880,1.7000,1.4272
6360380,1.7000,1.4151
6360880,1.7000,1.4296
6361380,1.7000,1.4368
6361880,1.7000,1.4159
6362380,1.7000,1.4264
6362880,1.7000,1.4336
6363380,1.7000,1.4441
6363880,1.7000,1.4272
6364380,1.7000,1.4103
6364880,1.7000,1.4296
6365380,1.7000,1.4232
6365880,1.7000,1.4272
6366380,1.7000,1.4312
6366880,1.7000,1.4264
6367380,1.7000,1.4232
6367880,1.7000,1.4296
6368380,1.7000,1.4288
6368880,1.7000,1.4336
6369380,1.7000,1.4336
6369880,1.7000,1.4256
6370380,1.7000,1.4514
6370880,1.7000,1.4368
6371380,1.7000,1.4288
6371880,1.7000,1.4264
6372380,1.7000,1.4328
6372880,1.7000,1.4312
6373380,1.7000,1.4312
6373880,1.7000,1.4199
6374380,1.7000,1.4199
6374880,1.7000,1.4312
6375380,1.7000,1.4312
6375880,1.7000,1.4280
6376380,1.7000,1.4360
6376880,1.7000,1.4191
6377380,1.7000,1.4240
6377880,1.7000,1.4223
6378380,1.7000,1.4312
6378880,1.7000,1.4183
6379380,1.7000,1.4288
6379880,1.7000,1.4183
6380380,1.7000,1.4320
6380880,1.7000,1.4272
6381380,1.7000,1.4425
6381880,1.7000,1.4199
6382380,1.7000,1.4296
6382880,1.7000,1.4312
6383380,1.7000,1.4296
6383880,1.7000,1.4425
6384380,1.7000,1.4336
6384880,1.7000,1.4207
6385380,1.7000,1.4328
6385880,1.7000,1.4328
6386380,1.7000,1.4304
6386880,1.7000,1.4377
6387380,1.7000,1.4304
6387880,1.7000,1.4207
6388380,1.7000,1.4336
6388880,1.7000,1.4215
6389380,1.7000,1.4256
6389880,1.7000,1.4304
6390380,1.7000,1.4352
6390880,1.7000,1.4272
6391380,1.7000,1.4336
6391880,1.7000,1.4296
6392380,1.7000,1.4304
6392880,1.7000,1.4296
6393380,1.7000,1.4489
6393880,1.7000,1.4312
6394380,1.7000,1.4312
6394880,1.7000,1.4223
6395380,1.7000,1.4240
6395880,1.7000,1.4264
6396380,1.7000,1.4449
6396880,1.7000,1.4288
6397380,1.7000,1.4578
6397880,1.7000,1.4457
6398380,1.7000,1.4449
6398880,1.7000,1.4312
6399380,1.7000,1.4272
6399880,1.7000,1.4312
6400380,1.7000,1.4457
6400880,1.7000,1.4304
6401380,1.7000,1.4296
6401880,1.7000,1.4489
6402380,1.7000,1.4393
6402880,1.7000,1.4336
6403380,1.7000,1.4360
6403880,1.7000,1.4280
6404380,1.7000,1.4352
6404880,1.7000,1.4223
6405380,1.7000,1.4312
6405880,1.7000,1.4256
6406380,1.7000,1.4215
6406880,1.7000,1.4191
6407380,1.7000,1.4240
6407880,1.7000,1.4401
6408380,1.7000,1.4288
6408880,1.7000,1.4272
6409380,1.7000,1.4127
6409880,1.7000,1.4352
6410380,1.7000,1.4264
6410880,1.7000,1.4288
6411380,1.7000,1.4296
6411880,1.7000,1.4312
6412380,1.7000,1.4191
6412880,1.7000,1.4393
6413380,1.7000,1.4312
6413880,1.7000,1.4022
6414380,1.7000,1.4312
6414880,1.7000,1.4312
6415380,1.7000,1.4312
6415880,1.7000,1.4385
6416380,1.7000,1.4296
6416880,1.7000,1.4393
6417380,1.7000,1.4272
6417880,1.7000,1.4312
6418380,1.7000,1.4223
6418880,1.7000,1.4320
6419380,1.7000,1.4344
6419880,1.7000,1.4159
6420380,1.7000,1.4409
6420880,1.7000,1.4232
6421380,1.7000,1.4296
6421880,1.7000,1.4336
6422380,1.7000,1.4272
6422880,1.7000,1.4312
6423380,1.7000,1.4296
6423880,1.7000,1.4312
6424380,1.7000,1.4240
6424880,1.7000,1.4336
6425380,1.7000,1.4312
6425880,1.7000,1.4312
6426380,1.7000,1.4312
6426880,1.7000,1.4312
6427380,1.7000,1.4127
6427880,1.7000,1.4312
6428380,1.7000,1.4312
6428880,1.7000,1.4360
6429380,1.7000,1.4393
6429880,1.7000,1.4304
6430380,1.7000,1.4256
6430880,1.7000,1.4352
6431380,1.7000,1.4368
6431880,1.7000,1.4304
6432380,1.7000,1.4320
6432880,1.7000,1.4320
6433380,1.7000,1.4191
6433880,1.7000,1.4352
6434380,1.7000,1.4272
6434880,1.7000,1.4119
6435380,1.7000,1.4232
6435880,1.7000,1.4199
6436380,1.7000,1.4336
6436880,1.7000,1.4312
6437380,1.7000,1.4272
6437880,1.7000,1.4207
6438380,1.7000,1.4489
6438880,1.7000,1.4175
6439380,1.7000,1.4199
6439880,1.7000,1.4336
6440380,1.7000,1.4320
6440880,1.7000,1.4360
6441380,1.7000,1.4264
6441880,1.7000,1.4360
6442380,1.7000,1.4457
6442880,1.7000,1.4417
6443380,1.7000,1.4312
6443880,1.7000,1.4441
6444380,1.7000,1.4312
6444880,1.7000,1.4562
6445380,1.7000,1.4272
6445880,1.7000,1.4312
6446380,1.7000,1.4191
6446880,1.7000,1.4393
6447380,1.7000,1.4296
6447880,1.7000,1.4288
6448380,1.7000,1.4441
6448880,1.7000,1.4352
6449380,1.7000,1.4296
6449880,1.7000,1.4272
6450380,1.7000,1.4328
6450880,1.7000,1.4256
6451380,1.7000,1.4272
6451880,1.7000,1.4336
6452380,1.7000,1.4272
6452880,1.7000,1.4248
6453380,1.7000,1.4328
6453880,1.7000,1.4312
6454380,1.7000,1.4433
6454880,1.7000,1.4256
6455380,1.7000,1.4328
6455880,1.7000,1.4232
6456380,1.7000,1.4344
6456880,1.7000,1.4288
6457380,1.7000,1.4304
6457880,1.7000,1.4328
6458380,1.7000,1.4232
6458880,1.7000,1.4352
6459380,1.7000,1.4240
6459880,1.7000,1.4240
6460380,1.7000,1.4312
6460880,1.7000,1.4336
6461380,1.7000,1.4312
6461880,1.7000,1.4352
6462380,1.7000,1.4256
6462880,1.7000,1.4312
6463380,1.7000,1.4304
6463880,1.7000,1.4191
6464380,1.7000,1.4393
6464880,1.7000,1.4328
6465380,1.7000,1.4296
6465880,1.7000,1.4401
6466380,1.7000,1.4312
6466880,1.7000,1.4312
6467380,1.7000,1.4554
6467880,1.7000,1.4352
6468380,1.7000,1.4264
6468880,1.7000,1.4304
6469380,1.7000,1.4377
6469880,1.7000,1.4360
6470380,1.7000,1.4288
6470880,1.7000,1.4256
6471380,1.7000,1.4320
6471880,1.7000,1.4288
6472380,1.7000,1.4183
6472880,1.7000,1.4320
6473380,1.7000,1.4256
6473880,1.7000,1.4304
6474380,1.7000,1.4449
6474880,1.7000,1.4320
6475380,1.7000,1.4368
6475880,1.7000,1.4393
6476380,1.7000,1.4312
6476880,1.7000,1.4272
6477380,1.7000,1.4207
6477880,1.7000,1.4288
6478380,1.7000,1.4256
6478880,1.7000,1.4377
6479380,1.7000,1.4320
6479880,1.7000,1.4328
6480380,1.7000,1.4328
6480880,1.7000,1.4312
6481380,1.7000,1.4272
6481880,1.7000,1.4296
6482380,1.7000,1.4312
6482880,1.7000,1.4417
6483380,1.7000,1.4594
6483880,1.7000,1.4296
6484380,1.7000,1.4304
6484880,1.7000,1.4328
6485380,1.7000,1.4288
6485880,1.7000,1.4264
6486380,1.7000,1.4360
6486880,1.7000,1.4401
6487380,1.7000,1.4304
6487880,1.7000,1.4240
6488380,1.7000,1.4288
6488880,1.7000,1.4368
6489380,1.7000,1.4481
6489880,1.7000,1.4288
6490380,1.7000,1.4240
6490880,1.7000,1.4296
6491380,1.7000,1.4312
6491880,1.7000,1.4272
6492380,1.7000,1.4256
6492880,1.7000,1.4304
6493380,1.7000,1.4328
6493880,1.7000,1.4054
6494380,1.7000,1.4352
6494880,1.7000,1.4360
6495380,1.7000,1.4441
6495880,1.7000,1.4232
6496380,1.7000,1.4344
6496880,1.7000,1.4312
6497380,1.7000,1.4272
6497880,1.7000,1.4312
6498380,1.7000,1.4304
6498880,1.7000,1.4304
6499380,1.7000,1.4111
6499880,1.7000,1.4111
6500380,1.7000,1.4554
6500880,1.7000,1.4288
6501380,1.7000,1.4457
6501880,1.7000,1.4401
6502380,1.7000,1.4280
6502880,1.7000,1.4312
6503380,1.7000,1.4385
6503880,1.7000,1.4328
6504380,1.7000,1.4312
6504880,1.7000,1.4320
6505380,1.7000,1.4336
6505880,1.7000,1.4320
6506380,1.7000,1.4554
6506880,1.7000,1.4095
6507380,1.7000,1.4078
6507880,1.7000,1.4352
6508380,1.7000,1.4320
6508880,1.7000,1.4312
6509380,1.7000,1.4312
6509880,1.7000,1.4264
6510380,1.7000,1.4232
6510880,1.7000,1.4288
6511380,1.7000,1.4296
6511880,1.7000,1.4288
6512380,1.7000,1.4280
6512880,1.7000,1.4296
6513380,1.7000,1.4232
6513880,1.7000,1.4296
6514380,1.7000,1.4312
6514880,1.7000,1.4199
6515380,1.7000,1.4288
6515880,1.7000,1.4385
6516380,1.7000,1.4223
6516880,1.7000,1.4191
6517380,1.7000,1.4304
6517880,1.7000,1.4151
6518380,1.7000,1.4272
6518880,1.7000,1.4409
6519380,1.7000,1.4304
6519880,1.7000,1.4304
6520380,1.7000,1.4264
6520880,1.7000,1.4312
6521380,1.7000,1.4320
6521880,1.7000,1.4191
6522380,1.7000,1.4433
6522880,1.7000,1.4368
6523380,1.7000,1.4304
6523880,1.7000,1.4312
6524380,1.7000,1.4304
6524880,1.7000,1.4328
6525380,1.7000,1.4312
6525880,1.7000,1.4296
6526380,1.7000,1.4312
6526880,1.7000,1.4288
6527380,1.7000,1.4248
6527880,1.7000,1.4385
6528380,1.7000,1.4312
6528880,1.7000,1.4280
6529380,1.7000,1.4312
6529880,1.7000,1.4312
6530380,1.7000,1.4272
6530880,1.7000,1.4199
6531380,1.7000,1.4320
6531880,1.7000,1.4344
6532380,1.7000,1.4312
6532880,1.7000,1.4368
6533380,1.7000,1.4312
6533880,1.7000,1.4272
6534380,1.7000,1.4723
6534880,1.7000,1.4215
6535380,1.7000,1.4433
6535880,1.7000,1.4360
6536380,1.7000,1.4232
6536880,1.7000,1.4240
6537380,1.7000,1.4272
6537880,1.7000,1.4385
6538380,1.7000,1.4240
6538880,1.7000,1.4240
6539380,1.7000,1.4070
6539880,1.7000,1.4183
6540380,1.7000,1.4320
6540880,1.7000,1.4336
6541380,1.7000,1.4296
6541880,1.7000,1.4336
6542380,1.7000,1.4264
6542880,1.7000,1.4312
6543380,1.7000,1.4312
6543880,1.7000,1.4328
6544380,1.7000,1.4312
6544880,1.7000,1.4304
6545380,1.7000,1.4232
6545880,1.7000,1.4328
6546380,1.7000,1.4304
6546880,1.7000,1.4449
6547380,1.7000,1.4264
6547880,1.7000,1.4272
6548380,1.7000,1.4272
6548880,1.7000,1.4304
6549380,1.7000,1.4312
6549880,1.7000,1.4304
6550380,1.7000,1.4465
6550880,1.7000,1.4207
6551380,1.7000,1.4240
6551880,1.7000,1.4304
6552380,1.7000,1.4441
6552880,1.7000,1.4304
6553380,1.7000,1.4312
6553880,1.7000,1.4175
6554380,1.7000,1.4304
6554880,1.7000,1.4304
6555380,1.7000,1.4320
6555880,1.7000,1.4385
6556380,1.7000,1.4240
6556880,1.7000,1.4296
6557380,1.7000,1.4223
6557880,1.7000,1.4360
6558380,1.7000,1.4530
6558880,1.7000,1.4288
6559380,1.7000,1.4360
6559880,1.7000,1.4328
6560380,1.7000,1.4312
6560880,1.7000,1.4336
6561380,1.7000,1.4288
6561880,1.7000,1.4328
6562380,1.7000,1.4336
6562880,1.7000,1.4312
6563380,1.7000,1.4336
6563880,1.7000,1.4288
6564380,1.7000,1.4368
6564880,1.7000,1.4368
6565380,1.7000,1.4320
6565880,1.7000,1.4215
6566380,1.7000,1.4304
6566880,1.7000,1.4344
6567380,1.7000,1.4264
6567880,1.7000,1.4264
6568380,1.7000,1.4328
6568880,1.7000,1.4312
6569380,1.7000,1.4272
6569880,1.7000,1.4417
6570380,1.7000,1.4272
6570880,1.7000,1.4304
6571380,1.7000,1.4433
6571880,1.7000,1.4223
6572380,1.7000,1.4304
6572880,1.7000,1.4264
6573380,1.7000,1.4385
6573880,1.7000,1.4312
6574380,1.7000,1.4312
6574880,1.7000,1.4264
6575380,1.7000,1.4360
6575880,1.7000,1.4368
6576380,1.7000,1.4352
6576880,1.7000,1.4191
6577380,1.7000,1.4312
6577880,1.7000,1.4312
6578380,1.7000,1.4232
6578880,1.7000,1.4320
6579380,1.7000,1.4393
6579880,1.7000,1.4312
6580380,1.7000,1.4368
6580880,1.7000,1.4328
6581380,1.7000,1.4352
6581880,1.7000,1.4312
6582380,1.7000,1.4304
6582880,1.7000,1.4522
6583380,1.7000,1.4103
6583880,1.7000,1.4223
6584380,1.7000,1.4360
6584880,1.7000,1.4328
6585380,1.7000,1.4336
6585880,1.7000,1.4288
6586380,1.7000,1.4312
6586880,1.7000,1.4320
6587380,1.7000,1.4256
6587880,1.7000,1.4312
6588380,1.7000,1.4328
6588880,1.7000,1.4336
6589380,1.7000,1.4385
6589880,1.7000,1.4296
6590380,1.7000,1.4385
6590880,1.7000,1.4312
6591380,1.7000,1.4312
6591880,1.7000,1.4272
6592380,1.7000,1.4433
6592880,1.7000,1.4312
6593380,1.7000,1.4312
6593880,1.7000,1.4360
6594380,1.7000,1.4360
6594880,1.7000,1.4215
6595380,1.7000,1.4320
6595880,1.7000,1.4344
6596380,1.7000,1.4296
6596880,1.7000,1.4336
6597380,1.7000,1.4304
6597880,1.7000,1.4457
6598380,1.7000,1.4336
6598880,1.7000,1.4127
6599380,1.7000,1.4441
6599880,1.7000,1.4336
6600380,1.7000,1.4328
6600880,1.7000,1.4336
6601380,1.7000,1.4336
6601880,1.7000,1.4433
6602380,1.7000,1.4288
6602880,1.7000,1.4232
6603380,1.7000,1.4425
6603880,1.7000,1.4425
6604380,1.7000,1.4296
6604880,1.7000,1.4312
6605380,1.7000,1.4207
6605880,1.7000,1.4489
6606380,1.7000,1.4320
6606880,1.7000,1.4207
6607380,1.7000,1.4272
6607880,1.7000,1.4304
6608380,1.7000,1.4304
6608880,1.7000,1.4320
6609380,1.7000,1.4296
6609880,1.7000,1.4264
6610380,1.7000,1.4272
6610880,1.7000,1.4401
6611380,1.7000,1.4401
6611880,1.7000,1.4320
6612380,1.7000,1.4312
6612880,1.7000,1.4304
6613380,1.7000,1.4433
6613880,1.7000,1.4175
6614380,1.7000,1.4578
6614880,1.7000,1.4272
6615380,1.7000,1.4441
6615880,1.7000,1.4312
6616380,1.7000,1.4312
6616880,1.7000,1.4304
6617380,1.7000,1.4304
6617880,1.7000,1.4368
6618380,1.7000,1.4401
6618880,1.7000,1.4417
6619380,1.7000,1.4312
6619880,1.7000,1.4272
6620380,1.7000,1.4433
6620880,1.7000,1.4320
6621380,1.7000,1.4304
6621880,1.7000,1.4586
6622380,1.7000,1.4240
6622880,1.7000,1.4312
6623380,1.7000,1.4167
6623880,1.7000,1.4312
6624380,1.7000,1.4401
6624880,1.7000,1.4272
6625380,1.7000,1.4288
6625880,1.7000,1.4433
6626380,1.7000,1.4328
6626880,1.7000,1.4304
6627380,1.7000,1.4433
6627880,1.7000,1.4296
6628380,1.7000,1.4304
6628880,1.7000,1.4304
6629380,1.7000,1.4288
6629880,1.7000,1.4312
6630380,1.7000,1.4240
6630880,1.7000,1.4328
6631380,1.7000,1.4272
6631880,1.7000,1.4352
6632380,1.7000,1.4449
6632880,1.7000,1.4280
6633380,1.7000,1.4296
6633880,1.7000,1.4304
6634380,1.7000,1.4272
6634880,1.7000,1.4240
6635380,1.7000,1.4336
6635880,1.7000,1.4240
6636380,1.7000,1.4296
6636880,1.7000,1.4417
6637380,1.7000,1.4296
6637880,1.7000,1.4368
6638380,1.7000,1.4296
6638880,1.7000,1.4401
6639380,1.7000,1.4312
6639880,1.7000,1.4288
6640380,1.7000,1.4328
6640880,1.7000,1.4215
6641380,1.7000,1.4393
6641880,1.7000,1.4240
6642380,1.7000,1.4312
6642880,1.7000,1.4433
6643380,1.7000,1.4360
6643880,1.7000,1.4280
6644380,1.7000,1.4328
6644880,1.7000,1.4489
6645380,1.7000,1.4433
6645880,1.7000,1.4312
6646380,1.7000,1.4288
6646880,1.7000,1.4296
6647380,1.7000,1.4304
6647880,1.7000,1.4304
6648380,1.7000,1.4272
6648880,1.7000,1.4312
6649380,1.7000,1.4425
6649880,1.7000,1.4312
6650380,1.7000,1.4368
6650880,1.7000,1.4320
6651380,1.7000,1.4312
6651880,1.7000,1.4312
6652380,1.7000,1.4248
6652880,1.7000,1.4304
6653380,1.7000,1.4312
6653880,1.7000,1.4272
6654380,1.7000,1.4183
6654880,1.7000,1.4344
6655380,1.7000,1.4111
6655880,1.7000,1.4207
6656380,1.7000,1.4328
6656880,1.7000,1.4312
6657380,1.7000,1.4320
6657880,1.7000,1.4272
6658380,1.7000,1.4385
6658880,1.7000,1.4320
6659380,1.7000,1.4385
6659880,1.7000,1.4328
6660380,1.7000,1.4272
6660880,1.7000,1.4360
6661380,1.7000,1.4393
6661880,1.7000,1.4288
6662380,1.7000,1.4207
6662880,1.7000,1.4457
6663380,1.7000,1.4393
6663880,1.7000,1.4320
6664380,1.7000,1.4312
6664880,1.7000,1.4175
6665380,1.7000,1.4240
6665880,1.7000,1.4312
6666380,1.7000,1.4264
6666880,1.7000,1.4336
6667380,1.7000,1.4312
6667880,1.7000,1.4352
6668380,1.7000,1.4328
6668880,1.7000,1.4264
6669380,1.7000,1.4240
6669880,1.7000,1.4312
6670380,1.7000,1.4360
6670880,1.7000,1.4288
6671380,1.7000,1.4304
6671880,1.7000,1.4457
6672380,1.7000,1.4175
6672880,1.7000,1.4368
6673380,1.7000,1.4312
6673880,1.7000,1.4312
6674380,1.7000,1.4336
6674880,1.7000,1.4360
6675380,1.7000,1.4320
6675880,1.7000,1.4288
6676380,1.7000,1.4401
6676880,1.7000,1.4344
6677380,1.7000,1.4223
6677880,1.7000,1.4312
6678380,1.7000,1.4312
6678880,1.7000,1.4143
6679380,1.7000,1.4312
6679880,1.7000,1.4352
6680380,1.7000,1.4368
6680880,1.7000,1.4312
6681380,1.7000,1.4320
6681880,1.7000,1.4272
6682380,1.7000,1.4264
6682880,1.7000,1.4368
6683380,1.7000,1.4401
6683880,1.7000,1.4312
6684380,1.7000,1.4312
6684880,1.7000,1.4570
6685380,1.7000,1.4320
6685880,1.7000,1.4312
6686380,1.7000,1.4054
6686880,1.7000,1.4272
6687380,1.7000,1.4304
6687880,1.7000,1.4352
6688380,1.7000,1.4296
6688880,1.7000,1.4272
6689380,1.7000,1.4272
6689880,1.7000,1.4312
6690380,1.7000,1.4368
6690880,1.7000,1.4312
6691380,1.7000,1.4296
6691880,1.7000,1.4538
6692380,1.7000,1.4304
6692880,1.7000,1.4296
6693380,1.7000,1.4328
6693880,1.7000,1.4264
6694380,1.7000,1.4288
6694880,1.7000,1.4232
6695380,1.7000,1.4272
6695880,1.7000,1.4368
6696380,1.7000,1.4328
6696880,1.7000,1.4312
6697380,1.7000,1.4320
6697880,1.7000,1.4312
6698380,1.7000,1.4425
6698880,1.7000,1.4256
6699380,1.7000,1.4304
6699880,1.7000,1.4336
6700380,1.7000,1.4320
6700880,1.7000,1.4352
6701380,1.7000,1.4320
6701880,1.7000,1.4296
6702380,1.7000,1.4070
6702880,1.7000,1.4304
6703380,1.7000,1.4256
6703880,1.7000,1.4449
6704380,1.7000,1.4385
6704880,1.7000,1.4570
6705380,1.7000,1.4441
6705880,1.7000,1.4304
6706380,1.7000,1.4296
6706880,1.7000,1.4610
6707380,1.7000,1.4449
6707880,1.7000,1.4207
6708380,1.7000,1.4336
6708880,1.7000,1.4304
6709380,1.7000,1.4312
6709880,1.7000,1.4425
6710380,1.7000,1.4328
6710880,1.7000,1.4312
6711380,1.7000,1.4320
6711880,1.7000,1.4368
6712380,1.7000,1.4352
6712880,1.7000,1.4264
6713380,1.7000,1.4441
6713880,1.7000,1.4312
6714380,1.7000,1.4368
6714880,1.7000,1.4344
6715380,1.7000,1.4272
6715880,1.7000,1.4312
6716380,1.7000,1.4312
6716880,1.7000,1.4288
6717380,1.7000,1.4256
6717880,1.7000,1.4473
6718380,1.7000,1.4320
6718880,1.7000,1.4312
6719380,1.7000,1.4296
6719880,1.7000,1.4441
6720380,1.7000,1.4360
6720880,1.7000,1.4320
6721380,1.7000,1.4312
6721880,1.7000,1.4425
6722380,1.7000,1.4352
6722880,1.7000,1.4111
6723380,1.7000,1.4207
6723880,1.7000,1.4328
6724380,1.7000,1.4489
6724880,1.7000,1.4385
6725380,1.7000,1.4312
6725880,1.7000,1.4344
6726380,1.7000,1.4522
6726880,1.7000,1.4312
6727380,1.7000,1.4385
6727880,1.7000,1.4312
6728380,1.7000,1.4312
6728880,1.7000,1.4344
6729380,1.7000,1.4570
6729880,1.7000,1.4385
6730380,1.7000,1.4312
6730880,1.7000,1.4352
6731380,1.7000,1.4514
6731880,1.7000,1.4320
6732380,1.7000,1.4441
6732880,1.7000,1.4385
6733380,1.7000,1.4385
6733880,1.7000,1.4385
6734380,1.7000,1.4159
6734880,1.7000,1.4336
6735380,1.7000,1.4368
6735880,1.7000,1.4433
6736380,1.7000,1.4328
6736880,1.7000,1.4433
6737380,1.7000,1.4385
6737880,1.7000,1.4385
6738380,1.7000,1.4304
6738880,1.7000,1.4385
6739380,1.7000,1.4385
6739880,1.7000,1.4312
6740380,1.7000,1.4312
6740880,1.7000,1.4385
6741380,1.7000,1.4312
6741880,1.7000,1.4296
6742380,1.7000,1.4368
6742880,1.7000,1.4312
6743380,1.7000,1.4368
6743880,1.7000,1.4393
6744380,1.7000,1.4344
6744880,1.7000,1.4328
6745380,1.7000,1.4320
6745880,1.7000,1.4328
6746380,1.7000,1.4280
6746880,1.7000,1.4336
6747380,1.7000,1.4344
6747880,1.7000,1.4304
6748380,1.7000,1.4352
6748880,1.7000,1.4320
6749380,1.7000,1.4433
6749880,1.7000,1.4489
6750380,1.7000,1.4377
6750880,1.7000,1.4272
6751380,1.7000,1.4385
6751880,1.7000,1.4449
6752380,1.7000,1.4586
6752880,1.7000,1.4393
6753380,1.7000,1.4320
6753880,1.7000,1.4457
6754380,1.7000,1.4360
6754880,1.7000,1.4425
6755380,1.7000,1.4312
6755880,1.7000,1.4312
6756380,1.7000,1.4368
6756880,1.7000,1.4328
6757380,1.7000,1.4344
6757880,1.7000,1.4401
6758380,1.7000,1.4264
6758880,1.7000,1.4352
6759380,1.7000,1.4312
6759880,1.7000,1.4312
6760380,1.7000,1.4489
6760880,1.7000,1.4320
6761380,1.7000,1.4312
6761880,1.7000,1.4344
6762380,1.7000,1.4336
6762880,1.7000,1.4489
6763380,1.7000,1.4304
6763880,1.7000,1.4336
6764380,1.7000,1.4336
6764880,1.7000,1.4352
6765380,1.7000,1.4352
6765880,1.7000,1.4312
6766380,1.7000,1.4328
6766880,1.7000,1.4433
6767380,1.7000,1.4538
6767880,1.7000,1.4425
6768380,1.7000,1.4320
6768880,1.7000,1.4215
6769380,1.7000,1.4368
6769880,1.7000,1.4320
6770380,1.7000,1.4473
6770880,1.7000,1.4417
6771380,1.7000,1.4223
6771880,1.7000,1.4312
6772380,1.7000,1.4328
6772880,1.7000,1.4336
6773380,1.7000,1.4457
6773880,1.7000,1.4328
6774380,1.7000,1.4433
6774880,1.7000,1.4393
6775380,1.7000,1.4368
6775880,1.7000,1.4417
6776380,1.7000,1.4401
6776880,1.7000,1.4368
6777380,1.7000,1.4328
6777880,1.7000,1.4441
6778380,1.7000,1.4352
6778880,1.7000,1.4264
6779380,1.7000,1.4336
6779880,1.7000,1.4328
6780380,1.7000,1.4368
6780880,1.7000,1.4433
6781380,1.7000,1.4425
6781880,1.7000,1.4530
6782380,1.7000,1.4417
6782880,1.7000,1.4312
6783380,1.7000,1.4304
6783880,1.7000,1.4312
6784380,1.7000,1.4328
6784880,1.7000,1.4312
6785380,1.7000,1.4328
6785880,1.7000,1.4385
6786380,1.7000,1.4328
6786880,1.7000,1.4368
6787380,1.7000,1.4368
6787880,1.7000,1.4328
6788380,1.7000,1.4199
6788880,1.7000,1.4385
6789380,1.7000,1.4393
6789880,1.7000,1.4312
6790380,1.7000,1.4368
6790880,1.7000,1.4417
6791380,1.7000,1.4336
6791880,1.7000,1.4296
6792380,1.7000,1.4312
6792880,1.7000,1.4288
6793380,1.7000,1.4312
6793880,1.7000,1.4441
6794380,1.7000,1.4489
6794880,1.7000,1.4433
6795380,1.7000,1.4312
6795880,1.7000,1.4368
6796380,1.7000,1.4481
6796880,1.7000,1.4385
6797380,1.7000,1.4320
6797880,1.7000,1.4360
6798380,1.7000,1.4441
6798880,1.7000,1.4336
6799380,1.7000,1.4352
6799880,1.7000,1.4054
6800380,1.7000,1.4393
6800880,1.7000,1.4328
6801380,1.7000,1.4409
6801880,1.7000,1.4360
6802380,1.7000,1.4336
6802880,1.7000,1.4441
6803380,1.7000,1.4320
6803880,1.7000,1.4320
6804380,1.7000,1.4530
6804880,1.7000,1.4344
6805380,1.7000,1.4377
6805880,1.7000,1.4409
6806380,1.7000,1.4368
6806880,1.7000,1.4328
6807380,1.7000,1.4312
6807880,1.7000,1.4336
6808380,1.7000,1.4368
6808880,1.7000,1.4385
6809380,1.7000,1.4425
6809880,1.7000,1.4401
6810380,1.7000,1.4312
6810880,1.7000,1.4352
6811380,1.7000,1.4312
6811880,1.7000,1.4352
6812380,1.7000,1.4425
6812880,1.7000,1.4368
6813380,1.7000,1.4473
6813880,1.7000,1.4417
6814380,1.7000,1.4441
6814880,1.7000,1.4393
6815380,1.7000,1.4336
6815880,1.7000,1.4312
6816380,1.7000,1.4352
6816880,1.7000,1.4401
6817380,1.7000,1.4264
6817880,1.7000,1.4304
6818380,1.7000,1.4377
6818880,1.7000,1.4320
6819380,1.7000,1.4320
6819880,1.7000,1.4570
6820380,1.7000,1.4409
6820880,1.7000,1.4368
6821380,1.7000,1.4425
6821880,1.7000,1.4473
6822380,1.7000,1.4393
6822880,1.7000,1.4465
6823380,1.7000,1.4385
6823880,1.7000,1.4409
6824380,1.7000,1.4368
6824880,1.7000,1.4336
6825380,1.7000,1.4312
6825880,1.7000,1.4465
6826380,1.7000,1.4368
6826880,1.7000,1.4207
6827380,1.7000,1.4578
6827880,1.7000,1.4336
6828380,1.7000,1.4312
6828880,1.7000,1.4328
6829380,1.7000,1.4433
6829880,1.7000,1.4449
6830380,1.7000,1.4360
6830880,1.7000,1.4264
6831380,1.7000,1.4497
6831880,1.7000,1.4320
6832380,1.7000,1.4368
6832880,1.7000,1.4473
6833380,1.7000,1.4497
6833880,1.7000,1.4312
6834380,1.7000,1.4336
6834880,1.7000,1.4312
6835380,1.7000,1.4425
6835880,1.7000,1.4433
6836380,1.7000,1.4336
6836880,1.7000,1.4393
6837380,1.7000,1.4352
6837880,1.7000,1.4368
6838380,1.7000,1.4304
6838880,1.7000,1.4360
6839380,1.7000,1.4465
6839880,1.7000,1.4368
6840380,1.7000,1.4449
6840880,1.7000,1.4393
6841380,1.7000,1.4159
6841880,1.7000,1.4417
6842380,1.7000,1.4546
6842880,1.7000,1.4352
6843380,1.7000,1.4546
6843880,1.7000,1.4320
6844380,1.7000,1.4296
6844880,1.7000,1.4554
6845380,1.7000,1.4336
6845880,1.7000,1.4489
6846380,1.7000,1.4393
6846880,1.7000,1.4425
6847380,1.7000,1.4344
6847880,1.7000,1.4393
6848380,1.7000,1.4385
6848880,1.7000,1.3974
6849380,1.7000,1.4256
6849880,1.7000,1.4368
6850380,1.7000,1.4441
6850880,1.7000,1.4393
6851380,1.7000,1.4465
6851880,1.7000,1.4352
6852380,1.7000,1.4328
6852880,1.7000,1.4457
6853380,1.7000,1.4336
6853880,1.7000,1.4312
6854380,1.7000,1.4385
6854880,1.7000,1.4272
6855380,1.7000,1.4401
6855880,1.7000,1.4336
6856380,1.7000,1.4401
6856880,1.7000,1.4489
6857380,1.7000,1.4336
6857880,1.7000,1.4385
6858380,1.7000,1.4457
6858880,1.7000,1.4320
6859380,1.7000,1.4393
6859880,1.7000,1.4344
6860380,1.7000,1.4312
6860880,1.7000,1.4328
6861380,1.7000,1.4368
6861880,1.7000,1.4401
6862380,1.7000,1.4336
6862880,1.7000,1.4199
6863380,1.7000,1.4296
6863880,1.7000,1.4417
6864380,1.7000,1.4352
6864880,1.7000,1.4393
6865380,1.7000,1.4368
6865880,1.7000,1.4449
6866380,1.7000,1.4344
6866880,1.7000,1.4433
6867380,1.7000,1.4360
6867880,1.7000,1.4385
6868380,1.7000,1.4401
6868880,1.7000,1.4433
6869380,1.7000,1.4473
6869880,1.7000,1.4344
6870380,1.7000,1.4586
6870880,1.7000,1.4368
6871380,1.7000,1.4546
6871880,1.7000,1.4038
6872380,1.7000,1.4433
6872880,1.7000,1.4030
6873380,1.7000,1.4393
6873880,1.7000,1.4401
6874380,1.7000,1.4457
6874880,1.7000,1.4223
6875380,1.7000,1.4336
6875880,1.7000,1.4312
6876380,1.7000,1.4481
6876880,1.7000,1.4368
6877380,1.7000,1.4320
6877880,1.7000,1.4441
6878380,1.7000,1.4481
6878880,1.7000,1.4393
6879380,1.7000,1.4320
6879880,1.7000,1.4215
6880380,1.7000,1.4441
6880880,1.7000,1.4328
6881380,1.7000,1.4360
6881880,1.7000,1.4618
6882380,1.7000,1.4417
6882880,1.7000,1.4385
6883380,1.7000,1.4417
6883880,1.7000,1.4312
6884380,1.7000,1.4425
6884880,1.7000,1.4401
6885380,1.7000,1.4385
6885880,1.7000,1.4514
6886380,1.7000,1.4368
6886880,1.7000,1.4401
6887380,1.7000,1.4360
6887880,1.7000,1.4481
6888380,1.7000,1.4385
6888880,1.7000,1.4304
6889380,1.7000,1.4368
6889880,1.7000,1.4328
6890380,1.7000,1.4312
6890880,1.7000,1.4352
6891380,1.7000,1.4352
6891880,1.7000,1.4368
6892380,1.7000,1.4514
6892880,1.7000,1.4312
6893380,1.7000,1.4457
6893880,1.7000,1.4441
6894380,1.7000,1.4360
6894880,1.7000,1.4328
6895380,1.7000,1.4312
6895880,1.7000,1.4417
6896380,1.7000,1.4473
6896880,1.7000,1.4344
6897380,1.7000,1.4441
6897880,1.7000,1.4344
6898380,1.7000,1.4344
6898880,1.7000,1.4409
6899380,1.7000,1.4352
6899880,1.7000,1.4352
6900380,1.7000,1.4336
6900880,1.7000,1.4425
6901380,1.7000,1.4360
6901880,1.7000,1.4312
6902380,1.7000,1.4320
6902880,1.7000,1.4312
6903380,1.7000,1.4352
6903880,1.7000,1.4457
6904380,1.7000,1.4417
6904880,1.7000,1.4240
6905380,1.7000,1.4554
6905880,1.7000,1.4312
6906380,1.7000,1.4385
6906880,1.7000,1.4312
6907380,1.7000,1.4393
6907880,1.7000,1.4562
6908380,1.7000,1.4312
6908880,1.7000,1.4320
6909380,1.7000,1.4393
6909880,1.7000,1.4368
6910380,1.7000,1.4441
6910880,1.7000,1.4481
6911380,1.7000,1.4522
6911880,1.7000,1.4320
6912380,1.7000,1.4368
6912880,1.7000,1.4385
6913380,1.7000,1.4489
6913880,1.7000,1.4320
6914380,1.7000,1.4328
6914880,1.7000,1.4272
6915380,1.7000,1.4352
6915880,1.7000,1.4481
6916380,1.7000,1.4248
6916880,1.7000,1.4304
6917380,1.7000,1.4320
6917880,1.7000,1.4497
6918380,1.7000,1.4336
6918880,1.7000,1.4489
6919380,1.7000,1.4409
6919880,1.7000,1.4368
6920380,1.7000,1.4385
6920880,1.7000,1.4385
6921380,1.7000,1.4530
6921880,1.7000,1.4352
6922380,1.7000,1.4312
6922880,1.7000,1.4449
6923380,1.7000,1.4433
6923880,1.7000,1.4409
6924380,1.7000,1.4368
6924880,1.7000,1.4441
6925380,1.7000,1.4344
6925880,1.7000,1.4433
6926380,1.7000,1.4449
6926880,1.7000,1.4368
6927380,1.7000,1.4312
6927880,1.7000,1.4352
6928380,1.7000,1.4312
6928880,1.7000,1.4505
6929380,1.7000,1.4473
6929880,1.7000,1.4401
6930380,1.7000,1.4312
6930880,1.7000,1.4360
6931380,1.7000,1.4360
6931880,1.7000,1.4352
6932380,1.7000,1.4336
6932880,1.7000,1.4360
6933380,1.7000,1.4344
6933880,1.7000,1.4199
6934380,1.7000,1.4522
6934880,1.7000,1.4425
6935380,1.7000,1.4401
6935880,1.7000,1.4417
6936380,1.7000,1.4352
6936880,1.7000,1.4481
6937380,1.7000,1.4352
6937880,1.7000,1.4352
6938380,1.7000,1.4481
6938880,1.7000,1.4320
6939380,1.7000,1.4352
6939880,1.7000,1.4312
6940380,1.7000,1.4433
6940880,1.7000,1.4328
6941380,1.7000,1.4352
6941880,1.7000,1.4497
6942380,1.7000,1.4433
6942880,1.7000,1.4393
6943380,1.7000,1.4425
6943880,1.7000,1.3909
6944380,1.7000,1.4425
6944880,1.7000,1.4336
6945380,1.7000,1.4336
6945880,1.7000,1.4457
6946380,1.7000,1.4449
6946880,1.7000,1.4368
6947380,1.7000,1.4393
6947880,1.7000,1.4441
6948380,1.7000,1.4530
6948880,1.7000,1.4433
6949380,1.7000,1.4352
6949880,1.7000,1.4368
6950380,1.7000,1.4360
6950880,1.7000,1.4489
6951380,1.7000,1.4409
6951880,1.7000,1.4578
6952380,1.7000,1.4489
6952880,1.7000,1.4401
6953380,1.7000,1.4425
6953880,1.7000,1.4336
6954380,1.7000,1.4481
6954880,1.7000,1.4272
6955380,1.7000,1.4401
6955880,1.7000,1.4336
6956380,1.7000,1.4360
6956880,1.7000,1.4360
6957380,1.7000,1.4312
6957880,1.7000,1.4401
6958380,1.7000,1.4433
6958880,1.7000,1.4449
6959380,1.7000,1.4336
6959880,1.7000,1.4401
6960380,1.7000,1.4570
6960880,1.7000,1.4312
6961380,1.7000,1.4401
6961880,1.7000,1.4328
6962380,1.7000,1.4360
6962880,1.7000,1.4344
6963380,1.7000,1.4360
6963880,1.7000,1.4449
6964380,1.7000,1.4457
6964880,1.7000,1.4360
6965380,1.7000,1.4352
6965880,1.7000,1.4119
6966380,1.7000,1.4393
6966880,1.7000,1.4336
6967380,1.7000,1.4304
6967880,1.7000,1.4457
6968380,1.7000,1.4393
6968880,1.7000,1.4497
6969380,1.7000,1.4393
6969880,1.7000,1.4546
6970380,1.7000,1.4385
6970880,1.7000,1.4336
6971380,1.7000,1.4570
6971880,1.7000,1.4183
6972380,1.7000,1.4328
6972880,1.7000,1.4385
6973380,1.7000,1.4312
6973880,1.7000,1.4401
6974380,1.7000,1.4441
6974880,1.7000,1.4409
6975380,1.7000,1.4570
6975880,1.7000,1.4401
6976380,1.7000,1.4312
6976880,1.7000,1.4320
6977380,1.7000,1.4465
6977880,1.7000,1.4514
6978380,1.7000,1.4296
6978880,1.7000,1.4344
6979380,1.7000,1.4368
6979880,1.7000,1.4352
6980380,1.7000,1.4425
6980880,1.7000,1.4336
6981380,1.7000,1.4457
6981880,1.7000,1.4393
6982380,1.7000,1.4240
6982880,1.7000,1.4481
6983380,1.7000,1.4417
6983880,1.7000,1.4570
6984380,1.7000,1.4393
6984880,1.7000,1.4352
6985380,1.7000,1.4425
6985880,1.7000,1.4360
6986380,1.7000,1.4417
6986880,1.7000,1.4368
6987380,1.7000,1.4457
6987880,1.7000,1.4570
6988380,1.7000,1.4385
6988880,1.7000,1.4425
6989380,1.7000,1.4586
6989880,1.7000,1.4312
6990380,1.7000,1.4312
6990880,1.7000,1.4336
6991380,1.7000,1.4368
6991880,1.7000,1.4409
6992380,1.7000,1.4393
6992880,1.7000,1.4401
6993380,1.7000,1.4570
6993880,1.7000,1.4312
6994380,1.7000,1.4385
6994880,1.7000,1.4473
6995380,1.7000,1.4368
6995880,1.7000,1.4336
6996380,1.7000,1.4320
6996880,1.7000,1.4417
6997380,1.7000,1.4328
6997880,1.7000,1.4401
6998380,1.7000,1.4312
6998880,1.7000,1.4312
6999380,1.7000,1.4481
6999880,1.7000,1.4336
7000380,1.7000,1.4401
7000880,1.7000,1.4433
7001380,1.7000,1.4296
7001880,1.7000,1.4272
7002380,1.7000,1.4417
7002880,1.7000,1.4489
7003380,1.7000,1.4328
7003880,1.7000,1.4393
7004380,1.7000,1.4328
7004880,1.7000,1.4417
7005380,1.7000,1.4465
7005880,1.7000,1.4336
7006380,1.7000,1.4409
7006880,1.7000,1.4457
7007380,1.7000,1.4336
7007880,1.7000,1.4368
7008380,1.7000,1.4336
7008880,1.7000,1.4433
7009380,1.7000,1.4489
7009880,1.7000,1.4425
7010380,1.7000,1.4352
7010880,1.7000,1.4449
7011380,1.7000,1.4336
7011880,1.7000,1.4433
7012380,1.7000,1.4336
7012880,1.7000,1.4425
7013380,1.7000,1.4449
7013880,1.7000,1.4433
7014380,1.7000,1.4675
7014880,1.7000,1.4441
7015380,1.7000,1.4320
7015880,1.7000,1.4425
7016380,1.7000,1.4352
7016880,1.7000,1.4441
7017380,1.7000,1.4393
7017880,1.7000,1.4441
7018380,1.7000,1.4393
7018880,1.7000,1.4514
7019380,1.7000,1.4320
7019880,1.7000,1.4433
7020380,1.7000,1.4368
7020880,1.7000,1.4328
7021380,1.7000,1.4328
7021880,1.7000,1.4610
7022380,1.7000,1.4393
7022880,1.7000,1.4570
7023380,1.7000,1.4417
7023880,1.7000,1.4409
7024380,1.7000,1.4360
7024880,1.7000,1.4360
7025380,1.7000,1.4385
7025880,1.7000,1.4417
7026380,1.7000,1.4530
7026880,1.7000,1.4368
7027380,1.7000,1.4336
7027880,1.7000,1.4336
7028380,1.7000,1.4199
7028880,1.7000,1.4497
7029380,1.7000,1.4344
7029880,1.7000,1.4489
7030380,1.7000,1.4868
7030880,1.7000,1.4344
7031380,1.7000,1.4409
7031880,1.7000,1.4393
7032380,1.7000,1.4497
7032880,1.7000,1.4401
7033380,1.7000,1.4401
7033880,1.7000,1.4344
7034380,1.7000,1.4368
7034880,1.7000,1.4312
7035380,1.7000,1.4320
7035880,1.7000,1.4417
7036380,1.7000,1.4546
7036880,1.7000,1.4417
7037380,1.7000,1.4352
7037880,1.7000,1.4497
7038380,1.7000,1.4449
7038880,1.7000,1.4449
7039380,1.7000,1.4401
7039880,1.7000,1.4360
7040380,1.7000,1.4360
7040880,1.7000,1.4328
7041380,1.7000,1.4328
7041880,1.7000,1.4360
7042380,1.7000,1.4368
7042880,1.7000,1.4449
7043380,1.7000,1.4401
7043880,1.7000,1.4530
7044380,1.7000,1.4368
7044880,1.7000,1.4336
7045380,1.7000,1.4336
7045880,1.7000,1.4328
7046380,1.7000,1.4385
7046880,1.7000,1.4417
7047380,1.7000,1.4360
7047880,1.7000,1.4360
7048380,1.7000,1.4385
7048880,1.7000,1.4320
7049380,1.7000,1.4425
7049880,1.7000,1.4554
7050380,1.7000,1.4336
7050880,1.7000,1.4417
7051380,1.7000,1.4425
7051880,1.7000,1.4425
7052380,1.7000,1.4393
7052880,1.7000,1.4401
7053380,1.7000,1.4320
7053880,1.7000,1.4514
7054380,1.7000,1.4320
7054880,1.7000,1.4433
7055380,1.7000,1.4417
7055880,1.7000,1.4465
7056380,1.7000,1.4360
7056880,1.7000,1.4626
7057380,1.7000,1.4417
7057880,1.7000,1.4360
7058380,1.7000,1.4449
7058880,1.7000,1.4312
7059380,1.7000,1.4328
7059880,1.7000,1.4312
7060380,1.7000,1.4368
7060880,1.7000,1.4360
7061380,1.7000,1.4457
7061880,1.7000,1.4360
7062380,1.7000,1.4103
7062880,1.7000,1.4393
7063380,1.7000,1.4457
7063880,1.7000,1.4336
7064380,1.7000,1.4264
7064880,1.7000,1.4304
7065380,1.7000,1.4360
7065880,1.7000,1.4505
7066380,1.7000,1.4441
7066880,1.7000,1.4368
7067380,1.7000,1.4457
7067880,1.7000,1.4368
7068380,1.7000,1.4368
7068880,1.7000,1.4360
7069380,1.7000,1.4514
7069880,1.7000,1.4417
7070380,1.7000,1.4425
7070880,1.7000,1.4352
7071380,1.7000,1.4514
7071880,1.7000,1.4352
7072380,1.7000,1.4409
7072880,1.7000,1.4401
7073380,1.7000,1.4489
7073880,1.7000,1.4368
7074380,1.7000,1.4554
7074880,1.7000,1.4393
7075380,1.7000,1.4465
7075880,1.7000,1.4570
7076380,1.7000,1.4385
7076880,1.7000,1.4417
7077380,1.7000,1.4368
7077880,1.7000,1.4360
7078380,1.7000,1.4312
7078880,1.7000,1.4352
7079380,1.7000,1.4360
7079880,1.7000,1.4433
7080380,1.7000,1.4385
7080880,1.7000,1.4336
7081380,1.7000,1.4368
7081880,1.7000,1.4401
7082380,1.7000,1.4312
7082880,1.7000,1.4425
7083380,1.7000,1.4344
7083880,1.7000,1.4425
7084380,1.7000,1.4401
7084880,1.7000,1.4312
7085380,1.7000,1.4368
7085880,1.7000,1.4425
7086380,1.7000,1.4393
7086880,1.7000,1.4457
7087380,1.7000,1.4312
7087880,1.7000,1.4240
7088380,1.7000,1.4441
7088880,1.7000,1.4417
7089380,1.7000,1.4425
7089880,1.7000,1.4368
7090380,1.7000,1.4401
7090880,1.7000,1.4634
7091380,1.7000,1.4336
7091880,1.7000,1.4368
7092380,1.7000,1.4481
7092880,1.7000,1.4417
7093380,1.7000,1.4457
7093880,1.7000,1.4393
7094380,1.7000,1.4433
7094880,1.7000,1.4465
7095380,1.7000,1.4449
7095880,1.7000,1.4433
7096380,1.7000,1.4465
7096880,1.7000,1.4481
7097380,1.7000,1.4433
7097880,1.7000,1.4449
7098380,1.7000,1.4377
7098880,1.7000,1.4352
7099380,1.7000,1.4360
7099880,1.7000,1.4433
7100380,1.7000,1.4360
7100880,1.7000,1.4570
7101380,1.7000,1.4328
7101880,1.7000,1.4344
7102380,1.7000,1.4393
7102880,1.7000,1.4393
7103380,1.7000,1.4417
7103880,1.7000,1.4368
7104380,1.7000,1.4360
7104880,1.7000,1.4449
7105380,1.7000,1.4320
7105880,1.7000,1.3853
7106380,1.7000,1.4433
7106880,1.7000,1.4433
7107380,1.7000,1.4368
7107880,1.7000,1.4385
7108380,1.7000,1.4401
7108880,1.7000,1.4618
7109380,1.7000,1.4449
7109880,1.7000,1.4360
7110380,1.7000,1.4417
7110880,1.7000,1.4473
7111380,1.7000,1.4401
7111880,1.7000,1.4288
7112380,1.7000,1.4360
7112880,1.7000,1.4312
7113380,1.7000,1.4594
7113880,1.7000,1.4578
7114380,1.7000,1.4312
7114880,1.7000,1.4368
7115380,1.7000,1.4401
7115880,1.7000,1.4296
7116380,1.7000,1.4312
7116880,1.7000,1.4578
7117380,1.7000,1.4441
7117880,1.7000,1.4401
7118380,1.7000,1.4312
7118880,1.7000,1.4433
7119380,1.7000,1.4417
7119880,1.7000,1.4457
7120380,1.7000,1.4401
7120880,1.7000,1.4360
7121380,1.7000,1.4368
7121880,1.7000,1.4409
7122380,1.7000,1.4312
7122880,1.7000,1.4401
7123380,1.7000,1.4393
7123880,1.7000,1.4425
7124380,1.7000,1.4393
7124880,1.7000,1.4385
7125380,1.7000,1.4433
7125880,1.7000,1.4497
7126380,1.7000,1.4385
7126880,1.7000,1.4368
7127380,1.7000,1.4393
7127880,1.7000,1.4312
7128380,1.7000,1.4272
7128880,1.7000,1.4546
7129380,1.7000,1.4514
7129880,1.7000,1.4417
7130380,1.7000,1.4312
7130880,1.7000,1.4401
7131380,1.7000,1.4675
7131880,1.7000,1.4618
7132380,1.7000,1.4127
7132880,1.7000,1.4320
7133380,1.7000,1.4465
7133880,1.7000,1.4481
7134380,1.7000,1.4433
7134880,1.7000,1.4401
7135380,1.7000,1.4352
7135880,1.7000,1.4570
7136380,1.7000,1.4360
7136880,1.7000,1.4312
7137380,1.7000,1.4441
7137880,1.7000,1.4352
7138380,1.7000,1.4433
7138880,1.7000,1.4312
7139380,1.7000,1.4457
7139880,1.7000,1.4425
7140380,1.7000,1.4433
7140880,1.7000,1.4393
7141380,1.7000,1.4352
7141880,1.7000,1.4401
7142380,1.7000,1.4433
7142880,1.7000,1.4546
7143380,1.7000,1.4417
7143880,1.7000,1.4368
7144380,1.7000,1.4425
7144880,1.7000,1.4328
7145380,1.7000,1.4457
7145880,1.7000,1.4344
7146380,1.7000,1.4336
7146880,1.7000,1.4320
7147380,1.7000,1.4465
7147880,1.7000,1.4352
7148380,1.7000,1.4368
7148880,1.7000,1.4385
7149380,1.7000,1.4554
7149880,1.7000,1.4352
7150380,1.7000,1.4312
7150880,1.7000,1.4618
7151380,1.7000,1.4546
7151880,1.7000,1.4433
7152380,1.7000,1.4401
7152880,1.7000,1.4368
7153380,1.7000,1.4465
7153880,1.7000,1.4481
7154380,1.7000,1.4570
7154880,1.7000,1.4312
7155380,1.7000,1.4393
7155880,1.7000,1.4417
7156380,1.7000,1.4417
7156880,1.7000,1.4328
7157380,1.7000,1.4360
7157880,1.7000,1.4167
7158380,1.7000,1.4441
7158880,1.7000,1.4159
7159380,1.7000,1.4288
7159880,1.7000,1.4175
7160380,1.7000,1.4441
7160880,1.7000,1.4570
7161380,1.7000,1.4465
7161880,1.7000,1.4401
7162380,1.7000,1.4465
7162880,1.7000,1.4570
7163380,1.7000,1.4401
7163880,1.7000,1.4385
7164380,1.7000,1.4417
7164880,1.7000,1.4546
7165380,1.7000,1.4514
7165880,1.7000,1.4425
7166380,1.7000,1.4344
7166880,1.7000,1.4385
7167380,1.7000,1.4441
7167880,1.7000,1.4441
7168380,1.7000,1.4433
7168880,1.7000,1.4336
7169380,1.7000,1.4522
7169880,1.7000,1.4497
7170380,1.7000,1.4417
7170880,1.7000,1.4457
7171380,1.7000,1.4417
7171880,1.7000,1.4417
7172380,1.7000,1.4570
7172880,1.7000,1.4481
7173380,1.7000,1.4417
7173880,1.7000,1.4401
7174380,1.7000,1.4320
7174880,1.7000,1.4828
7175380,1.7000,1.4489
7175880,1.7000,1.4481
7176380,1.7000,1.4570
7176880,1.7000,1.4570
7177380,1.7000,1.4425
7177880,1.7000,1.4336
7178380,1.7000,1.4425
7178880,1.7000,1.4328
7179380,1.7000,1.4514
7179880,1.7000,1.4457
7180380,1.7000,1.4401
7180880,1.7000,1.4570
7181380,1.7000,1.4465
7181880,1.7000,1.4409
7182380,1.7000,1.4489
7182880,1.7000,1.4457
7183380,1.7000,1.4344
7183880,1.7000,1.4352
7184380,1.7000,1.4522
7184880,1.7000,1.4433
7185380,1.7000,1.4401
7185880,1.7000,1.4401
7186380,1.7000,1.4522
7186880,1.7000,1.4449
7187380,1.7000,1.4401
7187880,1.7000,1.4578
7188380,1.7000,1.4425
7188880,1.7000,1.4481
7189380,1.7000,1.4328
7189880,1.7000,1.4530
7190380,1.7000,1.4505
7190880,1.7000,1.4417
7191380,1.7000,1.4417
7191880,1.7000,1.4473
7192380,1.7000,1.4393
7192880,1.7000,1.4433
7193380,1.7000,1.4433
7193880,1.7000,1.4481
7194380,1.7000,1.4514
7194880,1.7000,1.4449
7195380,1.7000,1.4530
7195880,1.7000,1.4360
7196380,1.7000,1.4441
7196880,1.7000,1.4465
7197380,1.7000,1.4433
7197880,1.7000,1.4634
7198380,1.7000,1.4441
7198880,1.7000,1.4514
7199380,1.7000,1.4409
7199880,1.7000,1.4167
7200380,1.7000,1.4465
7200880,1.7000,1.4425
7201380,1.7000,1.4377
7201880,1.7000,1.4352
7202380,1.7000,1.4457
7202880,1.7000,1.4433
7203380,1.7000,1.4618
7203880,1.7000,1.4425
7204380,1.7000,1.4425
7204880,1.7000,1.4514
7205380,1.7000,1.4409
7205880,1.7000,1.4328
7206380,1.7000,1.4441
7206880,1.7000,1.4457
7207380,1.7000,1.4481
7207880,1.7000,1.4409
7208380,1.7000,1.4441
7208880,1.7000,1.4651
7209380,1.7000,1.4441
7209880,1.7000,1.4554
7210380,1.7000,1.4449
7210880,1.7000,1.4417
7211380,1.7000,1.4401
7211880,1.7000,1.4578
7212380,1.7000,1.4449
7212880,1.7000,1.4401
7213380,1.7000,1.4312
7213880,1.7000,1.4489
7214380,1.7000,1.4385
7214880,1.7000,1.4385
7215380,1.7000,1.4425
7215880,1.7000,1.4433
7216380,1.7000,1.4336
7216880,1.7000,1.4465
7217380,1.7000,1.4546
7217880,1.7000,1.4473
7218380,1.7000,1.4449
7218880,1.7000,1.4465
7219380,1.7000,1.4401
7219880,1.7000,1.4385
7220380,1.7000,1.4433
7220880,1.7000,1.4433
7221380,1.7000,1.4328
7221880,1.7000,1.4433
7222380,1.7000,1.4393
7222880,1.7000,1.4449
7223380,1.7000,1.4441
7223880,1.7000,1.4401
7224380,1.7000,1.4312
7224880,1.7000,1.4554
7225380,1.7000,1.4441
7225880,1.7000,1.4368
7226380,1.7000,1.4433
7226880,1.7000,1.4546
7227380,1.7000,1.4497
7227880,1.7000,1.4433
7228380,1.7000,1.4465
7228880,1.7000,1.4393
7229380,1.7000,1.4546
7229880,1.7000,1.4433
7230380,1.7000,1.4514
7230880,1.7000,1.4554
7231380,1.7000,1.4514
7231880,1.7000,1.4465
7232380,1.7000,1.4481
7232880,1.7000,1.4530
7233380,1.7000,1.4594
7233880,1.7000,1.4465
7234380,1.7000,1.4449
7234880,1.7000,1.4457
7235380,1.7000,1.4457
7235880,1.7000,1.4618
7236380,1.7000,1.4441
7236880,1.7000,1.4497
7237380,1.7000,1.4385
7237880,1.7000,1.4457
7238380,1.7000,1.4433
7238880,1.7000,1.4618
7239380,1.7000,1.4497
7239880,1.7000,1.4425
7240380,1.7000,1.4401
7240880,1.7000,1.4417
7241380,1.7000,1.4320
7241880,1.7000,1.4497
7242380,1.7000,1.4481
7242880,1.7000,1.4481
7243380,1.7000,1.4538
7243880,1.7000,1.4336
7244380,1.7000,1.4417
7244880,1.7000,1.4352
7245380,1.7000,1.4610
7245880,1.7000,1.4489
7246380,1.7000,1.4570
7246880,1.7000,1.4457
7247380,1.7000,1.4465
7247880,1.7000,1.4352
7248380,1.7000,1.4449
7248880,1.7000,1.4441
7249380,1.7000,1.4449
7249880,1.7000,1.4441
7250380,1.7000,1.4409
7250880,1.7000,1.4264
7251380,1.7000,1.4457
7251880,1.7000,1.4368
7252380,1.7000,1.4449
7252880,1.7000,1.4497
7253380,1.7000,1.4441
7253880,1.7000,1.4514
7254380,1.7000,1.4433
7254880,1.7000,1.4078
7255380,1.7000,1.4433
7255880,1.7000,1.4465
7256380,1.7000,1.4409
7256880,1.7000,1.4457
7257380,1.7000,1.4651
7257880,1.7000,1.4352
7258380,1.7000,1.4046
7258880,1.7000,1.4514
7259380,1.7000,1.4393
7259880,1.7000,1.4473
7260380,1.7000,1.4538
7260880,1.7000,1.4385
7261380,1.7000,1.4433
7261880,1.7000,1.4457
7262380,1.7000,1.4368
7262880,1.7000,1.4449
7263380,1.7000,1.4425
7263880,1.7000,1.4425
7264380,1.7000,1.4554
7264880,1.7000,1.4514
7265380,1.7000,1.4570
7265880,1.7000,1.4675
7266380,1.7000,1.4457
7266880,1.7000,1.4546
7267380,1.7000,1.4336
7267880,1.7000,1.4425
7268380,1.7000,1.4449
7268880,1.7000,1.4425
7269380,1.7000,1.4465
7269880,1.7000,1.4425
7270380,1.7000,1.4417
7270880,1.7000,1.4505
7271380,1.7000,1.4465
7271880,1.7000,1.4433
7272380,1.7000,1.4312
7272880,1.7000,1.4312
7273380,1.7000,1.4449
7273880,1.7000,1.4497
7274380,1.7000,1.4651
7274880,1.7000,1.4449
7275380,1.7000,1.4409
7275880,1.7000,1.4441
7276380,1.7000,1.4489
7276880,1.7000,1.4505
7277380,1.7000,1.4433
7277880,1.7000,1.4554
7278380,1.7000,1.4433
7278880,1.7000,1.4433
7279380,1.7000,1.4530
7279880,1.7000,1.4554
7280380,1.7000,1.4562
7280880,1.7000,1.4634
7281380,1.7000,1.4425
7281880,1.7000,1.4586
7282380,1.7000,1.4489
7282880,1.7000,1.4425
7283380,1.7000,1.4465
7283880,1.7000,1.4449
7284380,1.7000,1.4401
7284880,1.7000,1.4489
7285380,1.7000,1.4433
7285880,1.7000,1.4449
7286380,1.7000,1.4441
7286880,1.7000,1.4514
7287380,1.7000,1.4449
7287880,1.7000,1.4465
7288380,1.7000,1.4570
7288880,1.7000,1.4441
7289380,1.7000,1.4409
7289880,1.7000,1.4441
7290380,1.7000,1.4457
7290880,1.7000,1.4610
7291380,1.7000,1.4417
7291880,1.7000,1.4425
7292380,1.7000,1.4489
7292880,1.7000,1.4441
7293380,1.7000,1.4562
7293880,1.7000,1.4489
7294380,1.7000,1.4465
7294880,1.7000,1.4481
7295380,1.7000,1.4546
7295880,1.7000,1.4497
7296380,1.7000,1.4489
7296880,1.7000,1.4457
7297380,1.7000,1.4296
7297880,1.7000,1.4409
7298380,1.7000,1.4546
7298880,1.7000,1.4385
7299380,1.7000,1.4441
7299880,1.7000,1.4425
7300380,1.7000,1.4207
7300880,1.7000,1.4320
7301380,1.7000,1.4417
7301880,1.7000,1.4449
7302380,1.7000,1.4457
7302880,1.7000,1.4449
7303380,1.7000,1.4433
7303880,1.7000,1.4522
7304380,1.7000,1.4433
7304880,1.7000,1.4433
7305380,1.7000,1.4449
7305880,1.7000,1.4264
7306380,1.7000,1.4449
7306880,1.7000,1.4441
7307380,1.7000,1.4489
7307880,1.7000,1.4232
7308380,1.7000,1.4385
7308880,1.7000,1.4489
7309380,1.7000,1.4433
7309880,1.7000,1.4425
7310380,1.7000,1.4352
7310880,1.7000,1.4586
7311380,1.7000,1.4433
7311880,1.7000,1.4586
7312380,1.7000,1.4441
7312880,1.7000,1.4481
7313380,1.7000,1.4514
7313880,1.7000,1.4546
7314380,1.7000,1.4433
7314880,1.7000,1.4465
7315380,1.7000,1.4457
7315880,1.7000,1.4530
7316380,1.7000,1.4433
7316880,1.7000,1.4522
7317380,1.7000,1.4497
7317880,1.7000,1.4538
7318380,1.7000,1.4441
7318880,1.7000,1.4675
7319380,1.7000,1.4465
7319880,1.7000,1.4433
7320380,1.7000,1.4449
7320880,1.7000,1.4570
7321380,1.7000,1.4546
7321880,1.7000,1.4497
7322380,1.7000,1.4538
7322880,1.7000,1.4514
7323380,1.7000,1.4546
7323880,1.7000,1.4449
7324380,1.7000,1.4570
7324880,1.7000,1.4497
7325380,1.7000,1.4578
7325880,1.7000,1.4514
7326380,1.7000,1.4417
7326880,1.7000,1.4618
7327380,1.7000,1.4554
7327880,1.7000,1.4328
7328380,1.7000,1.4449
7328880,1.7000,1.4465
7329380,1.7000,1.4554
7329880,1.7000,1.4401
7330380,1.7000,1.4449
7330880,1.7000,1.4586
7331380,1.7000,1.4497
7331880,1.7000,1.4312
7332380,1.7000,1.4489
7332880,1.7000,1.4441
7333380,1.7000,1.4465
7333880,1.7000,1.4602
7334380,1.7000,1.4570
7334880,1.7000,1.4441
7335380,1.7000,1.4497
7335880,1.7000,1.4514
7336380,1.7000,1.4562
7336880,1.7000,1.4570
7337380,1.7000,1.4554
7337880,1.7000,1.4457
7338380,1.7000,1.4554
7338880,1.7000,1.4465
7339380,1.7000,1.4240
7339880,1.7000,1.4473
7340380,1.7000,1.4562
7340880,1.7000,1.4489
7341380,1.7000,1.4514
7341880,1.7000,1.4562
7342380,1.7000,1.4570
7342880,1.7000,1.4385
7343380,1.7000,1.4538
7343880,1.7000,1.4433
7344380,1.7000,1.4602
7344880,1.7000,1.4505
7345380,1.7000,1.4457
7345880,1.7000,1.4505
7346380,1.7000,1.4344
7346880,1.7000,1.4425
7347380,1.7000,1.4546
7347880,1.7000,1.4538
7348380,1.7000,1.4618
7348880,1.7000,1.4336
7349380,1.7000,1.4481
7349880,1.7000,1.4481
7350380,1.7000,1.4570
7350880,1.7000,1.4554
7351380,1.7000,1.4530
7351880,1.7000,1.4522
7352380,1.7000,1.4352
7352880,1.7000,1.4562
7353380,1.7000,1.4449
7353880,1.7000,1.4562
7354380,1.7000,1.4514
7354880,1.7000,1.4441
7355380,1.7000,1.4481
7355880,1.7000,1.4570
7356380,1.7000,1.4530
7356880,1.7000,1.4457
7357380,1.7000,1.4312
7357880,1.7000,1.4465
7358380,1.7000,1.4554
7358880,1.7000,1.4546
7359380,1.7000,1.4481
7359880,1.7000,1.4465
7360380,1.7000,1.4530
7360880,1.7000,1.4514
7361380,1.7000,1.4385
7361880,1.7000,1.4505
7362380,1.7000,1.4465
7362880,1.7000,1.4441
7363380,1.7000,1.4417
7363880,1.7000,1.4570
7364380,1.7000,1.4449
7364880,1.7000,1.4465
7365380,1.7000,1.4489
7365880,1.7000,1.4546
7366380,1.7000,1.4457
7366880,1.7000,1.4401
7367380,1.7000,1.4433
7367880,1.7000,1.4465
7368380,1.7000,1.4441
7368880,1.7000,1.4312
7369380,1.7000,1.4401
7369880,1.7000,1.4497
7370380,1.7000,1.4465
7370880,1.7000,1.4336
7371380,1.7000,1.4570
7371880,1.7000,1.4449
7372380,1.7000,1.4538
7372880,1.7000,1.4522
7373380,1.7000,1.4409
7373880,1.7000,1.4457
7374380,1.7000,1.4570
7374880,1.7000,1.4288
7375380,1.7000,1.4514
7375880,1.7000,1.4570
7376380,1.7000,1.4143
7376880,1.7000,1.4336
7377380,1.7000,1.4441
7377880,1.7000,1.4441
7378380,1.7000,1.4441
7378880,1.7000,1.4441
7379380,1.7000,1.4368
7379880,1.7000,1.4457
7380380,1.7000,1.4546
7380880,1.7000,1.4449
7381380,1.7000,1.4473
7381880,1.7000,1.4497
7382380,1.7000,1.4570
7382880,1.7000,1.4618
7383380,1.7000,1.4441
7383880,1.7000,1.4441
7384380,1.7000,1.4586
7384880,1.7000,1.4465
7385380,1.7000,1.4554
7385880,1.7000,1.4522
7386380,1.7000,1.4457
7386880,1.7000,1.4530
7387380,1.7000,1.4433
7387880,1.7000,1.4570
7388380,1.7000,1.4401
7388880,1.7000,1.4514
7389380,1.7000,1.4433
7389880,1.7000,1.4441
7396678,1.7000,1.4497
7397178,1.7000,1.4570
7397678,1.7000,1.4522
7398178,1.7000,1.4352
7398678,1.7000,1.4433
7399178,1.7000,1.4481
7399678,1.7000,1.4360
7429248,1.7000,1.4522
7429748,1.7000,1.4570
7430248,1.7000,1.4417
7430748,1.7000,1.4530
7431248,1.7000,1.4546
7431748,1.7000,1.4554
7432248,1.7000,1.4328
7432748,1.7000,1.4457
7433248,1.7000,1.4481
7433748,1.7000,1.4514
7434248,1.7000,1.4465
7434748,1.7000,1.4433
7435248,1.7000,1.4417
7435748,1.7000,1.4586
7436248,1.7000,1.4457
7436748,1.7000,1.4610
7437248,1.7000,1.4481
7437748,1.7000,1.4385
7438248,1.7000,1.4111
7438748,1.7000,1.4465
7439248,1.7000,1.4449
7439748,1.7000,1.4465
7440248,1.7000,1.4530
7440748,1.7000,1.4489
7441248,1.7000,1.4570
7441748,1.7000,1.4481
7442248,1.7000,1.4570
7442748,1.7000,1.4417
7443248,1.7000,1.4497
7443748,1.7000,1.4473
7444248,1.7000,1.4514
7444748,1.7000,1.4489
7445248,1.7000,1.4497
7445748,1.7000,1.4489
7446248,1.7000,1.4562
7446748,1.7000,1.4530
7447248,1.7000,1.4360
7447748,1.7000,1.4360
7448248,1.7000,1.4497
7448748,1.7000,1.4441
7449248,1.7000,1.4497
7449748,1.7000,1.4538
7450248,1.7000,1.4481
7450748,1.7000,1.4473
7451248,1.7000,1.4522
7451748,1.7000,1.4473
7452248,1.7000,1.4530
7452748,1.7000,1.4586
7453248,1.7000,1.4651
7453748,1.7000,1.4433
7454248,1.7000,1.4489
7454748,1.7000,1.4578
7455248,1.7000,1.4546
7455748,1.7000,1.4514
7456248,1.7000,1.4570
7456748,1.7000,1.4489
7457248,1.7000,1.4514
7457748,1.7000,1.4570
7458248,1.7000,1.4449
7458748,1.7000,1.4473
7459248,1.7000,1.4489
7459748,1.7000,1.4272
7460248,1.7000,1.4522
7460748,1.7000,1.4457
7461248,1.7000,1.4489
7461748,1.7000,1.4505
7462248,1.7000,1.4530
7462748,1.7000,1.4465
7463248,1.7000,1.4473
7463748,1.7000,1.4465
7464248,1.7000,1.4481
7464748,1.7000,1.4586
7465248,1.7000,1.4433
7465748,1.7000,1.4465
7466248,1.7000,1.4465
7466748,1.7000,1.4401
7467248,1.7000,1.4570
7467748,1.7000,1.4546
7468248,1.7000,1.4594
7468748,1.7000,1.4530
7469248,1.7000,1.4441
7469748,1.7000,1.4368
7470248,1.7000,1.4570
7470748,1.7000,1.4215
7471248,1.7000,1.4481
7471748,1.7000,1.4441
7472248,1.7000,1.4586
7472748,1.7000,1.4522
7473248,1.7000,1.4465
7473748,1.7000,1.4538
7474248,1.7000,1.4530
7474748,1.7000,1.4457
7475248,1.7000,1.4530
7475748,1.7000,1.4457
7476248,1.7000,1.4546
7476748,1.7000,1.4586
7477248,1.7000,1.4570
7477748,1.7000,1.4546
7478248,1.7000,1.4433
7478748,1.7000,1.4546
7479248,1.7000,1.4489
7479748,1.7000,1.4562
7480248,1.7000,1.4578
7480748,1.7000,1.4473
7481248,1.7000,1.4554
7481748,1.7000,1.4417
7482248,1.7000,1.4570
7482748,1.7000,1.4683
7483248,1.7000,1.4465
7483748,1.7000,1.4562
7484248,1.7000,1.4489
7484748,1.7000,1.4497
7485248,1.7000,1.4570
7485748,1.7000,1.4465
7486248,1.7000,1.4481
7486748,1.7000,1.4409
7487248,1.7000,1.4570
7487748,1.7000,1.4489
7488248,1.7000,1.4586
7488748,1.7000,1.4554
7489248,1.7000,1.4659
7489748,1.7000,1.4538
7490248,1.7000,1.4586
7490748,1.7000,1.4675
7491248,1.7000,1.4594
7491748,1.7000,1.4514
7492248,1.7000,1.4465
7492748,1.7000,1.4530
7493248,1.7000,1.4401
7493748,1.7000,1.4594
7494248,1.7000,1.4425
7494748,1.7000,1.4691
7495248,1.7000,1.4602
7495748,1.7000,1.4570
7496248,1.7000,1.4691
7496748,1.7000,1.4465
7497248,1.7000,1.4457
7497748,1.7000,1.4514
7498248,1.7000,1.4465
7498748,1.7000,1.4489
7499248,1.7000,1.4489
7499748,1.7000,1.4651
7500248,1.7000,1.4522
7500748,1.7000,1.4441
7501248,1.7000,1.4449
7501748,1.7000,1.4586
7502248,1.7000,1.4489
7502748,1.7000,1.4425
7503248,1.7000,1.4530
7503748,1.7000,1.4425
7504248,1.7000,1.4554
7504748,1.7000,1.4481
7505248,1.7000,1.4546
7505748,1.7000,1.4514
7506248,1.7000,1.4465
7506748,1.7000,1.4586
7507248,1.7000,1.4457
7507748,1.7000,1.4497
7508248,1.7000,1.4570
7508748,1.7000,1.4570
7509248,1.7000,1.4352
7509748,1.7000,1.4562
7510248,1.7000,1.4481
7510748,1.7000,1.4586
7511248,1.7000,1.4522
7511748,1.7000,1.4232
7512248,1.7000,1.4449
7512748,1.7000,1.4651
7513248,1.7000,1.4538
7513748,1.7000,1.4570
7514248,1.7000,1.4642
7514748,1.7000,1.4401
7515248,1.7000,1.4433
7515748,1.7000,1.4441
7516248,1.7000,1.4497
7516748,1.7000,1.4546
7517248,1.7000,1.4562
7517748,1.7000,1.4522
7518248,1.7000,1.4570
7518748,1.7000,1.4417
7519248,1.7000,1.4594
7519748,1.7000,1.4449
7520248,1.7000,1.4465
7520748,1.7000,1.4546
7521248,1.7000,1.4497
7521748,1.7000,1.4562
7522248,1.7000,1.4522
7522748,1.7000,1.4594
7523248,1.7000,1.4514
7523748,1.7000,1.4505
7524248,1.7000,1.4489
7524748,1.7000,1.4626
7525248,1.7000,1.4465
7525748,1.7000,1.4368
7526248,1.7000,1.4522
7526748,1.7000,1.4739
7527248,1.7000,1.4562
7527748,1.7000,1.4522
7528248,1.7000,1.4514
7528748,1.7000,1.4401
7529248,1.7000,1.4594
7529748,1.7000,1.4457
7530248,1.7000,1.4457
7530748,1.7000,1.4489
7531248,1.7000,1.4497
7531748,1.7000,1.4417
7532248,1.7000,1.4578
7532748,1.7000,1.4602
7533248,1.7000,1.4497
7533748,1.7000,1.4538
7534248,1.7000,1.4497
7534748,1.7000,1.4659
7535248,1.7000,1.4602
7535748,1.7000,1.4779
7536248,1.7000,1.4570
7536748,1.7000,1.4449
7537248,1.7000,1.4699
7537748,1.7000,1.4457
7538248,1.7000,1.4481
7538748,1.7000,1.4320
7539248,1.7000,1.4497
7539748,1.7000,1.4594
7540248,1.7000,1.4570
7540748,1.7000,1.4570
7541248,1.7000,1.4570
7541748,1.7000,1.4626
7542248,1.7000,1.4489
7542748,1.7000,1.4570
7543248,1.7000,1.4481
7543748,1.7000,1.4522
7544248,1.7000,1.4538
7544748,1.7000,1.4522
7545248,1.7000,1.4602
7545748,1.7000,1.4554
7546248,1.7000,1.4497
7546748,1.7000,1.4586
7547248,1.7000,1.4522
7547748,1.7000,1.4489
7548248,1.7000,1.4554
7548748,1.7000,1.4562
7549248,1.7000,1.4570
7549748,1.7000,1.4489
7550248,1.7000,1.4546
7550748,1.7000,1.4594
7551248,1.7000,1.4497
7551748,1.7000,1.4675
7552248,1.7000,1.4530
7552748,1.7000,1.4610
7553248,1.7000,1.4546
7553748,1.7000,1.4570
7554248,1.7000,1.4481
7554748,1.7000,1.4570
7555248,1.7000,1.4465
7555748,1.7000,1.4457
7556248,1.7000,1.4667
7556748,1.7000,1.4739
7557248,1.7000,1.4691
7557748,1.7000,1.4594
7558248,1.7000,1.4538
7558748,1.7000,1.4433
7559248,1.7000,1.4441
7559748,1.7000,1.4481
7560248,1.7000,1.4562
7560748,1.7000,1.4481
7561248,1.7000,1.4586
7561748,1.7000,1.4570
7562248,1.7000,1.4570
7562748,1.7000,1.4304
7563248,1.7000,1.4393
7563748,1.7000,1.4562
7564248,1.7000,1.4530
7564748,1.7000,1.4465
7565248,1.7000,1.4562
7565748,1.7000,1.4554
7566248,1.7000,1.4723
7566748,1.7000,1.4449
7567248,1.7000,1.4546
7567748,1.7000,1.4546
7568248,1.7000,1.4578
7568748,1.7000,1.4514
7569248,1.7000,1.4465
7569748,1.7000,1.4417
7570248,1.7000,1.4610
7570748,1.7000,1.4489
7571248,1.7000,1.4530
7571748,1.7000,1.4554
7572248,1.7000,1.4441
7572748,1.7000,1.4417
7573248,1.7000,1.4562
7573748,1.7000,1.4530
7574248,1.7000,1.4570
7574748,1.7000,1.4570
7575248,1.7000,1.4779
7575748,1.7000,1.4473
7576248,1.7000,1.4530
7576748,1.7000,1.4570
7577248,1.7000,1.4578
7577748,1.7000,1.4497
7578248,1.7000,1.4570
7578748,1.7000,1.4530
7579248,1.7000,1.4610
7579748,1.7000,1.4594
7580248,1.7000,1.4320
7580748,1.7000,1.4530
7581248,1.7000,1.4546
7581748,1.7000,1.4514
7582248,1.7000,1.4457
7582748,1.7000,1.4570
7583248,1.7000,1.4441
7583748,1.7000,1.4457
7584248,1.7000,1.4530
7584748,1.7000,1.4546
7585248,1.7000,1.4489
7585748,1.7000,1.4514
7586248,1.7000,1.4594
7586748,1.7000,1.4328
7587248,1.7000,1.4562
7587748,1.7000,1.4457
7588248,1.7000,1.4441
7588748,1.7000,1.4522
7589248,1.7000,1.4505
7589748,1.7000,1.4417
7590248,1.7000,1.4554
7590748,1.7000,1.4554
7591248,1.7000,1.4489
7591748,1.7000,1.4586
7592248,1.7000,1.4514
7592748,1.7000,1.4489
7593248,1.7000,1.4522
7593748,1.7000,1.4530
7594248,1.7000,1.4570
7594748,1.7000,1.4554
7595248,1.7000,1.4546
7595748,1.7000,1.4522
7596248,1.7000,1.4594
7596748,1.7000,1.4554
7597248,1.7000,1.4425
7597748,1.7000,1.4441
7598248,1.7000,1.4546
7598748,1.7000,1.4586
7599248,1.7000,1.4626
7599748,1.7000,1.4570
7600248,1.7000,1.4497
7600748,1.7000,1.4546
7601248,1.7000,1.4449
7601748,1.7000,1.4522
7602248,1.7000,1.4457
7602748,1.7000,1.4530
7603248,1.7000,1.4618
7603748,1.7000,1.4618
7604248,1.7000,1.4465
7604748,1.7000,1.4497
7605248,1.7000,1.4546
7605748,1.7000,1.4530
7606248,1.7000,1.4554
7606748,1.7000,1.4385
7607248,1.7000,1.4497
7607748,1.7000,1.4642
7608248,1.7000,1.4570
7608748,1.7000,1.4522
7609248,1.7000,1.4578
7609748,1.7000,1.4514
7610248,1.7000,1.4522
7610748,1.7000,1.4538
7611248,1.7000,1.4876
7611748,1.7000,1.4360
7612248,1.7000,1.4586
7612748,1.7000,1.4562
7613248,1.7000,1.4530
7613748,1.7000,1.4570
7614248,1.7000,1.4562
7614748,1.7000,1.4691
7615248,1.7000,1.4497
7615748,1.7000,1.4546
7616248,1.7000,1.4659
7616748,1.7000,1.4570
7617248,1.7000,1.4546
7617748,1.7000,1.4489
7618248,1.7000,1.4570
7618748,1.7000,1.4586
7619248,1.7000,1.4514
7619748,1.7000,1.4522
7620248,1.7000,1.4651
7620748,1.7000,1.4570
7621248,1.7000,1.4651
7621748,1.7000,1.4530
7622248,1.7000,1.4530
7622748,1.7000,1.4554
7623248,1.7000,1.4586
7623748,1.7000,1.4626
7624248,1.7000,1.4522
7624748,1.7000,1.4417
7625248,1.7000,1.4481
7625748,1.7000,1.4683
7626248,1.7000,1.4570
7626748,1.7000,1.4570
7627248,1.7000,1.4626
7627748,1.7000,1.4594
7628248,1.7000,1.4481
7628748,1.7000,1.4570
7629248,1.7000,1.4626
7629748,1.7000,1.4554
7630248,1.7000,1.4570
7630748,1.7000,1.4618
7631248,1.7000,1.4723
7631748,1.7000,1.4554
7632248,1.7000,1.4538
7632748,1.7000,1.4626
7633248,1.7000,1.4514
7633748,1.7000,1.4465
7634248,1.7000,1.4610
7634748,1.7000,1.4812
7635248,1.7000,1.4562
7635748,1.7000,1.4570
7636248,1.7000,1.4618
7636748,1.7000,1.4618
7637248,1.7000,1.4570
7637748,1.7000,1.4586
7638248,1.7000,1.4489
7638748,1.7000,1.4570
7639248,1.7000,1.4578
7639748,1.7000,1.4554
7640248,1.7000,1.4481
7640748,1.7000,1.4546
7641248,1.7000,1.4626
7641748,1.7000,1.4691
7642248,1.7000,1.4554
7642748,1.7000,1.4594
7643248,1.7000,1.4626
7643748,1.7000,1.4522
7644248,1.7000,1.4514
7644748,1.7000,1.4562
7645248,1.7000,1.4465
7645748,1.7000,1.4570
7646248,1.7000,1.4651
7646748,1.7000,1.4522
7647248,1.7000,1.4610
7647748,1.7000,1.4659
7648248,1.7000,1.4570
7648748,1.7000,1.4570
7649248,1.7000,1.4570
7649748,1.7000,1.4675
7650248,1.7000,1.4570
7650748,1.7000,1.4618
7651248,1.7000,1.4570
7651748,1.7000,1.4659
7652248,1.7000,1.4538
7652748,1.7000,1.4562
7653248,1.7000,1.4578
7653748,1.7000,1.4594
7654248,1.7000,1.4634
7654748,1.7000,1.4763
7655248,1.7000,1.4481
7655748,1.7000,1.4554
7656248,1.7000,1.4570
7656748,1.7000,1.4514
7657248,1.7000,1.4763
7657748,1.7000,1.4497
7658248,1.7000,1.4594
7658748,1.7000,1.4562
7659248,1.7000,1.4562
7659748,1.7000,1.4570
7660248,1.7000,1.4481
7660748,1.7000,1.4570
7661248,1.7000,1.4578
7661748,1.7000,1.4554
7662248,1.7000,1.4497
7662748,1.7000,1.4594
7663248,1.7000,1.4723
7663748,1.7000,1.4570
7664248,1.7000,1.4433
7664748,1.7000,1.4570
7665248,1.7000,1.4594
7665748,1.7000,1.4481
7666248,1.7000,1.4562
7666748,1.7000,1.4546
7667248,1.7000,1.4578
7667748,1.7000,1.4538
7668248,1.7000,1.4562
7668748,1.7000,1.4610
7669248,1.7000,1.4570
7669748,1.7000,1.4570
7670248,1.7000,1.4562
7670748,1.7000,1.4651
7671248,1.7000,1.4618
7671748,1.7000,1.4586
7672248,1.7000,1.4449
7672748,1.7000,1.4570
7673248,1.7000,1.4530
7673748,1.7000,1.4642
7674248,1.7000,1.4570
7674748,1.7000,1.4530
7675248,1.7000,1.4554
7675748,1.7000,1.4530
7676248,1.7000,1.4417
7676748,1.7000,1.4570
7677248,1.7000,1.4514
7677748,1.7000,1.4715
7678248,1.7000,1.4344
7678748,1.7000,1.4578
7679248,1.7000,1.4368
7679748,1.7000,1.4586
7680248,1.7000,1.4570
7680748,1.7000,1.4530
7681248,1.7000,1.4562
7681748,1.7000,1.4618
7682248,1.7000,1.4530
7682748,1.7000,1.4554
7683248,1.7000,1.4514
7683748,1.7000,1.4538
7684248,1.7000,1.4505
7684748,1.7000,1.4522
7685248,1.7000,1.4723
7685748,1.7000,1.4473
7686248,1.7000,1.4723
7686748,1.7000,1.4538
7687248,1.7000,1.4562
7687748,1.7000,1.4675
7688248,1.7000,1.4417
7688748,1.7000,1.4562
7689248,1.7000,1.4570
7689748,1.7000,1.4610
7690248,1.7000,1.4554
7690748,1.7000,1.4497
7691248,1.7000,1.4489
7691748,1.7000,1.4570
7692248,1.7000,1.4570
7692748,1.7000,1.4401
7693248,1.7000,1.4707
7693748,1.7000,1.4562
7694248,1.7000,1.4514
7694748,1.7000,1.4489
7695248,1.7000,1.4659
7695748,1.7000,1.4570
7696248,1.7000,1.4514
7696748,1.7000,1.4562
7697248,1.7000,1.4522
7697748,1.7000,1.4562
7698248,1.7000,1.4514
7698748,1.7000,1.4522
7699248,1.7000,1.4554
7699748,1.7000,1.4562
7700248,1.7000,1.4570
7700748,1.7000,1.4538
7701248,1.7000,1.4578
7701748,1.7000,1.4449
7702248,1.7000,1.4747
7702748,1.7000,1.4570
7703248,1.7000,1.4538
7703748,1.7000,1.4562
7704248,1.7000,1.4465
7704748,1.7000,1.4570
7705248,1.7000,1.4554
7705748,1.7000,1.4626
7706248,1.7000,1.4175
7706748,1.7000,1.4610
7707248,1.7000,1.4570
7707748,1.7000,1.4578
7708248,1.7000,1.4562
7708748,1.7000,1.4481
7709248,1.7000,1.4659
7709748,1.7000,1.4570
7710248,1.7000,1.4578
7710748,1.7000,1.4586
7711248,1.7000,1.4626
7711748,1.7000,1.4788
7712248,1.7000,1.4554
7712748,1.7000,1.4514
7713248,1.7000,1.4715
7713748,1.7000,1.4554
7714248,1.7000,1.4578
7714748,1.7000,1.4522
7715248,1.7000,1.4530
7715748,1.7000,1.4570
7716248,1.7000,1.4578
7716748,1.7000,1.4554
7717248,1.7000,1.4634
7717748,1.7000,1.4586
7718248,1.7000,1.4578
7718748,1.7000,1.4514
7719248,1.7000,1.4570
7719748,1.7000,1.4570
7720248,1.7000,1.4344
7720748,1.7000,1.4570
7721248,1.7000,1.4570
7721748,1.7000,1.4546
7722248,1.7000,1.4570
7722748,1.7000,1.4602
7723248,1.7000,1.4546
7723748,1.7000,1.4651
7724248,1.7000,1.4546
7724748,1.7000,1.4497
7725248,1.7000,1.4570
7725748,1.7000,1.4675
7726248,1.7000,1.4530
7726748,1.7000,1.4586
7727248,1.7000,1.4554
7727748,1.7000,1.4570
7728248,1.7000,1.4570
7728748,1.7000,1.4610
7729248,1.7000,1.4618
7729748,1.7000,1.4546
7730248,1.7000,1.4320
7730748,1.7000,1.4642
7731248,1.7000,1.4570
7731748,1.7000,1.4562
7732248,1.7000,1.4707
7732748,1.7000,1.4562
7733248,1.7000,1.4570
7733748,1.7000,1.4570
7734248,1.7000,1.4618
7734748,1.7000,1.4530
7735248,1.7000,1.4530
7735748,1.7000,1.4651
7736248,1.7000,1.4570
7736748,1.7000,1.4586
7737248,1.7000,1.4594
7737748,1.7000,1.4433
7738248,1.7000,1.4457
7738748,1.7000,1.4570
7739248,1.7000,1.4562
7739748,1.7000,1.4570
7740248,1.7000,1.4441
7740748,1.7000,1.4586
7741248,1.7000,1.4626
7741748,1.7000,1.4530
7742248,1.7000,1.4667
7742748,1.7000,1.4554
7743248,1.7000,1.4570
7743748,1.7000,1.4642
7744248,1.7000,1.4546
7744748,1.7000,1.4610
7745248,1.7000,1.4675
7745748,1.7000,1.4610
7746248,1.7000,1.4570
7746748,1.7000,1.4522
7747248,1.7000,1.4683
7747748,1.7000,1.4530
7748248,1.7000,1.4143
7748748,1.7000,1.4570
7749248,1.7000,1.4707
7749748,1.7000,1.4618
7750248,1.7000,1.4546
7750748,1.7000,1.4602
7751248,1.7000,1.4659
7751748,1.7000,1.4570
7752248,1.7000,1.4651
7752748,1.7000,1.4594
7753248,1.7000,1.4570
7753748,1.7000,1.4570
7754248,1.7000,1.4473
7754748,1.7000,1.4530
7755248,1.7000,1.4570
7755748,1.7000,1.4562
7756248,1.7000,1.4530
7756748,1.7000,1.4554
7757248,1.7000,1.4618
7757748,1.7000,1.4530
7758248,1.7000,1.4578
7758748,1.7000,1.4433
7759248,1.7000,1.4659
7759748,1.7000,1.4578
7760248,1.7000,1.4570
7760748,1.7000,1.4570
7761248,1.7000,1.4626
7761748,1.7000,1.4586
7762248,1.7000,1.4610
7762748,1.7000,1.4433
7763248,1.7000,1.4739
7763748,1.7000,1.4610
7764248,1.7000,1.4530
7764748,1.7000,1.4610
7765248,1.7000,1.4715
7765748,1.7000,1.4610
7766248,1.7000,1.4473
7766748,1.7000,1.4570
7767248,1.7000,1.4618
7767748,1.7000,1.4626
7768248,1.7000,1.4642
7768748,1.7000,1.4699
7769248,1.7000,1.4610
7769748,1.7000,1.4586
7770248,1.7000,1.4731
7770748,1.7000,1.4562
7771248,1.7000,1.4586
7771748,1.7000,1.4497
7772248,1.7000,1.4530
7772748,1.7000,1.4610
7773248,1.7000,1.4586
7773748,1.7000,1.4570
7774248,1.7000,1.4723
7774748,1.7000,1.4562
7775248,1.7000,1.4570
7775748,1.7000,1.4691
7776248,1.7000,1.4602
7776748,1.7000,1.4602
7777248,1.7000,1.4554
7777748,1.7000,1.4626
7778248,1.7000,1.4570
7778748,1.7000,1.4481
7779248,1.7000,1.4570
7779748,1.7000,1.4586
7780248,1.7000,1.4594
7780748,1.7000,1.4562
7781248,1.7000,1.4788
7781748,1.7000,1.4586
7782248,1.7000,1.4715
7782748,1.7000,1.4554
7783248,1.7000,1.4570
7783748,1.7000,1.4610
7784248,1.7000,1.4570
7784748,1.7000,1.4642
7785248,1.7000,1.4586
7785748,1.7000,1.4578
7786248,1.7000,1.4779
7786748,1.7000,1.4497
7787248,1.7000,1.4594
7787748,1.7000,1.4562
7788248,1.7000,1.4570
7788748,1.7000,1.4699
7789248,1.7000,1.4626
7789748,1.7000,1.4570
7790248,1.7000,1.4562
7790748,1.7000,1.4546
7791248,1.7000,1.4570
7791748,1.7000,1.4457
7792248,1.7000,1.4320
7792748,1.7000,1.4570
7793248,1.7000,1.4570
7793748,1.7000,1.4763
7794248,1.7000,1.4570
7794748,1.7000,1.4401
7795248,1.7000,1.4659
7795748,1.7000,1.4562
7796248,1.7000,1.4739
7796748,1.7000,1.4602
7797248,1.7000,1.4594
7797748,1.7000,1.4538
7798248,1.7000,1.4602
7798748,1.7000,1.4417
7799248,1.7000,1.4618
7799748,1.7000,1.4626
7800248,1.7000,1.4610
7800748,1.7000,1.4530
7801248,1.7000,1.4578
7801748,1.7000,1.4570
7802248,1.7000,1.4554
7802748,1.7000,1.4530
7803248,1.7000,1.4586
7803748,1.7000,1.4570
7804248,1.7000,1.4642
7804748,1.7000,1.4683
7805248,1.7000,1.4570
7805748,1.7000,1.4570
7806248,1.7000,1.4699
7806748,1.7000,1.4667
7807248,1.7000,1.4570
7807748,1.7000,1.4449
7808248,1.7000,1.4570
7808748,1.7000,1.4651
7809248,1.7000,1.4546
7809748,1.7000,1.4642
7810248,1.7000,1.4546
7810748,1.7000,1.4642
7811248,1.7000,1.4610
7811748,1.7000,1.4570
7812248,1.7000,1.4489
7812748,1.7000,1.4610
7813248,1.7000,1.4514
7813748,1.7000,1.4586
7814248,1.7000,1.4489
7814748,1.7000,1.4570
7815248,1.7000,1.4570
7815748,1.7000,1.4578
7816248,1.7000,1.4578
7816748,1.7000,1.4554
7817248,1.7000,1.4570
7817748,1.7000,1.4554
7818248,1.7000,1.4594
7818748,1.7000,1.4618
7819248,1.7000,1.4618
7819748,1.7000,1.4578
7820248,1.7000,1.4779
7820748,1.7000,1.4570
7821248,1.7000,1.4497
7821748,1.7000,1.4594
7822248,1.7000,1.4562
7822748,1.7000,1.4481
7823248,1.7000,1.4570
7823748,1.7000,1.4570
7824248,1.7000,1.4626
7824748,1.7000,1.4409
7825248,1.7000,1.4538
7825748,1.7000,1.4546
7826248,1.7000,1.4602
7826748,1.7000,1.4570
7827248,1.7000,1.4530
7827748,1.7000,1.4715
7828248,1.7000,1.4594
7828748,1.7000,1.4481
7829248,1.7000,1.4570
7829748,1.7000,1.4578
7830248,1.7000,1.4642
7830748,1.7000,1.4554
7831248,1.7000,1.4562
7831748,1.7000,1.4707
7832248,1.7000,1.4570
7832748,1.7000,1.4570
7833248,1.7000,1.4530
7833748,1.7000,1.4570
7834248,1.7000,1.4530
7834748,1.7000,1.4570
7835248,1.7000,1.4651
7835748,1.7000,1.4530
7836248,1.7000,1.4554
7836748,1.7000,1.4586
7837248,1.7000,1.4514
7837748,1.7000,1.4570
7838248,1.7000,1.4691
7838748,1.7000,1.4473
7839248,1.7000,1.4570
7839748,1.7000,1.4586
7840248,1.7000,1.4659
7840748,1.7000,1.4570
7841248,1.7000,1.4514
7841748,1.7000,1.4538
7842248,1.7000,1.4618
7842748,1.7000,1.4562
7843248,1.7000,1.4554
7843748,1.7000,1.4610
7844248,1.7000,1.4570
7844748,1.7000,1.4618
7845248,1.7000,1.4691
7845748,1.7000,1.4489
7846248,1.7000,1.4546
7846748,1.7000,1.4578
7847248,1.7000,1.4659
7847748,1.7000,1.4570
7848248,1.7000,1.4570
7848748,1.7000,1.4570
7849248,1.7000,1.4610
7849748,1.7000,1.4570
7850248,1.7000,1.4183
7850748,1.7000,1.4715
7851248,1.7000,1.4578
7851748,1.7000,1.4610
7852248,1.7000,1.4554
7852748,1.7000,1.4570
7853248,1.7000,1.4586
7853748,1.7000,1.4642
7854248,1.7000,1.4497
7854748,1.7000,1.4505
7855248,1.7000,1.4538
7855748,1.7000,1.4618
7856248,1.7000,1.4481
7856748,1.7000,1.4659
7857248,1.7000,1.4562
7857748,1.7000,1.4562
7858248,1.7000,1.4433
7858748,1.7000,1.4578
7859248,1.7000,1.4522
7859748,1.7000,1.4514
7860248,1.7000,1.4618
7860748,1.7000,1.4715
7861248,1.7000,1.4570
7861748,1.7000,1.4570
7862248,1.7000,1.4586
7862748,1.7000,1.4626
7863248,1.7000,1.4546
7863748,1.7000,1.4578
7864248,1.7000,1.4578
7864748,1.7000,1.4433
7865248,1.7000,1.4441
7865748,1.7000,1.4594