timestamp_ms,setpoint_v,sensor_v
24774,1.6000,0.7752
25274,1.6000,0.7825
25774,1.6000,0.7833
26274,1.6000,0.7865
26774,1.6000,0.7801
27274,1.6000,0.7785
27774,1.6000,0.7623
28274,1.6000,0.7825
28774,1.6000,0.7817
29274,1.6000,0.7809
29774,1.6000,0.7793
30274,1.6000,0.7865
30774,1.6000,0.7785
31274,1.6000,0.7728
31774,1.6000,0.7793
32274,1.6000,0.7857
32774,1.6000,0.7785
33274,1.6000,0.7768
33774,1.6000,0.7857
34274,1.6000,0.7817
34774,1.6000,0.7857
35274,1.6000,0.7857
35774,1.6000,0.7857
36274,1.6000,0.7760
36774,1.6000,0.7865
37274,1.6000,0.7777
37774,1.6000,0.7849
38274,1.6000,0.7728
38774,1.6000,0.7785
39274,1.6000,0.7849
39774,1.6000,0.7905
40274,1.6000,0.7640
40774,1.6000,0.7793
41274,1.6000,0.7736
41774,1.6000,0.7825
42274,1.6000,0.7744
42774,1.6000,0.7744
43274,1.6000,0.7817
43774,1.6000,0.7865
44274,1.6000,0.7728
44774,1.6000,0.7785
45274,1.6000,0.7849
45774,1.6000,0.7672
46274,1.6000,0.7760
46774,1.6000,0.7785
47274,1.6000,0.7777
47774,1.6000,0.7696
48274,1.6000,0.7865
48774,1.6000,0.7817
49274,1.6000,0.7486
49774,1.6000,0.7938
50274,1.6000,0.7777
50774,1.6000,0.7841
51274,1.6000,0.7946
51774,1.6000,0.7865
52274,1.6000,0.7817
52774,1.6000,0.7857
53274,1.6000,0.7793
53774,1.6000,0.7793
54274,1.6000,0.7809
54774,1.6000,0.7865
55274,1.6000,0.7817
55774,1.6000,0.7857
56274,1.6000,0.7849
56774,1.6000,0.7801
57274,1.6000,0.7785
57774,1.6000,0.7873
58274,1.6000,0.7785
58774,1.6000,0.7696
59274,1.6000,0.7777
59774,1.6000,0.7744
60274,1.6000,0.7865
60774,1.6000,0.7857
61274,1.6000,0.7841
61774,1.6000,0.7752
62274,1.6000,0.7986
62774,1.6000,0.7744
63274,1.6000,0.7865
63774,1.6000,0.7777
64274,1.6000,0.7873
64774,1.6000,0.7841
65274,1.6000,0.7849
65774,1.6000,0.7825
66274,1.6000,0.7897
66774,1.6000,0.7865
67274,1.6000,0.7760
67774,1.6000,0.7825
68274,1.6000,0.7736
68774,1.6000,0.7712
69274,1.6000,0.7865
69774,1.6000,0.7865
70274,1.6000,0.7777
70774,1.6000,0.7801
71274,1.6000,0.7809
71774,1.6000,0.7865
72274,1.6000,0.7736
72774,1.6000,0.7760
73274,1.6000,0.7817
73774,1.6000,0.7785
74274,1.6000,0.7736
74774,1.6000,0.7760
75274,1.6000,0.7841
75774,1.6000,0.7793
76274,1.6000,0.7736
76774,1.6000,0.7777
77274,1.6000,0.7817
77774,1.6000,0.7793
78274,1.6000,0.7777
78774,1.6000,0.7833
79274,1.6000,0.7752
79774,1.6000,0.7664
80274,1.6000,0.7865
80774,1.6000,0.7777
81274,1.6000,0.7865
81774,1.6000,0.7809
82274,1.6000,0.7736
82774,1.6000,0.8042
83274,1.6000,0.7825
83774,1.6000,0.7849
84274,1.6000,0.7841
84774,1.6000,0.7865
85274,1.6000,0.7785
85774,1.6000,0.7857
86274,1.6000,0.8010
86774,1.6000,0.7865
87274,1.6000,0.7865
87774,1.6000,0.7728
88274,1.6000,0.8171
88774,1.6000,0.7865
89274,1.6000,0.7865
89774,1.6000,0.7809
90274,1.6000,0.7865
90774,1.6000,0.7841
91274,1.6000,0.7841
91774,1.6000,0.7865
92274,1.6000,0.7841
92774,1.6000,0.7889
93274,1.6000,0.7881
93774,1.6000,0.7793
94274,1.6000,0.7914
94774,1.6000,0.7922
95274,1.6000,0.7656
95774,1.6000,0.7664
96274,1.6000,0.7857
96774,1.6000,0.7873
97274,1.6000,0.7825
97774,1.6000,0.7849
98274,1.6000,0.7809
98774,1.6000,0.7825
99274,1.6000,0.7841
99774,1.6000,0.7809
100274,1.6000,0.7648
100774,1.6000,0.7889
101274,1.6000,0.7817
101774,1.6000,0.7817
102274,1.6000,0.7865
102774,1.6000,0.7849
103274,1.6000,0.7825
103774,1.6000,0.7825
104274,1.6000,0.7897
104774,1.6000,0.7825
105274,1.6000,0.7865
105774,1.6000,0.7865
106274,1.6000,0.7865
106774,1.6000,0.7817
107274,1.6000,0.7865
107774,1.6000,0.7849
108274,1.6000,0.7865
108774,1.6000,0.7914
109274,1.6000,0.8002
109774,1.6000,0.7954
110274,1.6000,0.7865
110774,1.6000,0.7994
111274,1.6000,0.7865
111774,1.6000,0.8123
112274,1.6000,0.7938
112774,1.6000,0.7865
113274,1.6000,0.7897
113774,1.6000,0.8010
114274,1.6000,0.7865
114774,1.6000,0.7905
115274,1.6000,0.7841
115774,1.6000,0.7865
116274,1.6000,0.7849
116774,1.6000,0.7736
117274,1.6000,0.7865
117774,1.6000,0.7841
118274,1.6000,0.7897
118774,1.6000,0.7889
119274,1.6000,0.7970
119774,1.6000,0.7914
120274,1.6000,0.7841
120774,1.6000,0.7970
121274,1.6000,0.7922
121774,1.6000,0.7865
122274,1.6000,0.7897
122774,1.6000,0.7865
123274,1.6000,0.7873
123774,1.6000,0.7752
124274,1.6000,0.7865
124774,1.6000,0.7841
125274,1.6000,0.7889
125774,1.6000,0.7760
126274,1.6000,0.7720
126774,1.6000,0.7954
127274,1.6000,0.7865
127774,1.6000,0.7962
128274,1.6000,0.7865
128774,1.6000,0.8051
129274,1.6000,0.7946
129774,1.6000,0.7994
130274,1.6000,0.7825
130774,1.6000,0.7889
131274,1.6000,0.8026
131774,1.6000,0.7777
132274,1.6000,0.7849
132774,1.6000,0.7889
133274,1.6000,0.7905
133774,1.6000,0.7873
134274,1.6000,0.7865
134774,1.6000,0.7881
135274,1.6000,0.7793
135774,1.6000,0.7865
136274,1.6000,0.7865
136774,1.6000,0.7897
137274,1.6000,0.7986
137774,1.6000,0.7865
138274,1.6000,0.7656
138774,1.6000,0.8123
139274,1.6000,0.8026
139774,1.6000,0.7938
140274,1.6000,0.7914
140774,1.6000,0.7865
141274,1.6000,0.7865
141774,1.6000,0.7640
142274,1.6000,0.8083
142774,1.6000,0.7857
143274,1.6000,0.7865
143774,1.6000,0.7736
144274,1.6000,0.7857
144774,1.6000,0.7978
145274,1.6000,0.7793
145774,1.6000,0.8002
146274,1.6000,0.8067
146774,1.6000,0.7889
147274,1.6000,0.7889
147774,1.6000,0.7809
148274,1.6000,0.7889
148774,1.6000,0.8236
149274,1.6000,0.7857
149774,1.6000,0.7905
150274,1.6000,0.7938
150774,1.6000,0.7938
151274,1.6000,0.7978
151774,1.6000,0.7994
152274,1.6000,0.8179
152774,1.6000,0.7897
153274,1.6000,0.8002
153774,1.6000,0.8002
154274,1.6000,0.7881
154774,1.6000,0.8051
155274,1.6000,0.7938
155774,1.6000,0.7760
156274,1.6000,0.7978
156774,1.6000,0.7768
157274,1.6000,0.7865
157774,1.6000,0.7978
158274,1.6000,0.8131
158774,1.6000,0.8034
159274,1.6000,0.7817
159774,1.6000,0.7881
160274,1.6000,0.7986
160774,1.6000,0.7970
161274,1.6000,0.8123
161774,1.6000,0.8107
162274,1.6000,0.7970
162774,1.6000,0.7946
163274,1.6000,0.8010
163774,1.6000,0.7905
164274,1.6000,0.7994
164774,1.6000,0.7954
165274,1.6000,0.8067
165774,1.6000,0.7954
166274,1.6000,0.7825
166774,1.6000,0.7994
167274,1.6000,0.7978
167774,1.6000,0.7994
168274,1.6000,0.8018
168774,1.6000,0.7986
169274,1.6000,0.7889
169774,1.6000,0.8204
170274,1.6000,0.7962
170774,1.6000,0.8099
171274,1.6000,0.7978
171774,1.6000,0.8051
172274,1.6000,0.8123
172774,1.6000,0.7986
173274,1.6000,0.8018
173774,1.6000,0.8034
174274,1.6000,0.8059
174774,1.6000,0.7954
175274,1.6000,0.7986
175774,1.6000,0.7905
176274,1.6000,0.7994
176774,1.6000,0.7752
177274,1.6000,0.8123
177774,1.6000,0.8026
178274,1.6000,0.8075
178774,1.6000,0.8034
179274,1.6000,0.8139
179774,1.6000,0.8018
180274,1.6000,0.8018
180774,1.6000,0.8059
181274,1.6000,0.8083
181774,1.6000,0.8083
182274,1.6000,0.8083
182774,1.6000,0.8083
183274,1.6000,0.8059
183774,1.6000,0.7994
184274,1.6000,0.8051
184774,1.6000,0.8123
185274,1.6000,0.8083
185774,1.6000,0.8107
186274,1.6000,0.8115
186774,1.6000,0.8018
187274,1.6000,0.8067
187774,1.6000,0.8042
188274,1.6000,0.8034
188774,1.6000,0.8139
189274,1.6000,0.8107
189774,1.6000,0.8083
190274,1.6000,0.8131
190774,1.6000,0.8123
191274,1.6000,0.8018
191774,1.6000,0.8099
192274,1.6000,0.8018
192774,1.6000,0.8123
193274,1.6000,0.8163
193774,1.6000,0.7978
194274,1.6000,0.8075
194774,1.6000,0.8123
195274,1.6000,0.8115
195774,1.6000,0.8083
196274,1.6000,0.8051
196774,1.6000,0.8123
197274,1.6000,0.8115
197774,1.6000,0.8115
198274,1.6000,0.8075
198774,1.6000,0.8026
199274,1.6000,0.8099
199774,1.6000,0.8107
200274,1.6000,0.8147
200774,1.6000,0.8147
201274,1.6000,0.8051
201774,1.6000,0.7938
202274,1.6000,0.8083
202774,1.6000,0.8083
203274,1.6000,0.8179
203774,1.6000,0.8034
204274,1.6000,0.8083
204774,1.6000,0.8244
205274,1.6000,0.8220
205774,1.6000,0.8123
206274,1.6000,0.8123
206774,1.6000,0.8075
207274,1.6000,0.8026
207774,1.6000,0.8107
208274,1.6000,0.8083
208774,1.6000,0.8179
209274,1.6000,0.8212
209774,1.6000,0.8123
210274,1.6000,0.8381
210774,1.6000,0.8236
211274,1.6000,0.8179
211774,1.6000,0.8123
212274,1.6000,0.8115
212774,1.6000,0.8147
213274,1.6000,0.8099
213774,1.6000,0.8244
214274,1.6000,0.8123
214774,1.6000,0.8244
215274,1.6000,0.8147
215774,1.6000,0.8123
216274,1.6000,0.8139
216774,1.6000,0.8171
217274,1.6000,0.8131
217774,1.6000,0.8204
218274,1.6000,0.8155
218774,1.6000,0.8147
219274,1.6000,0.8123
219774,1.6000,0.8212
220274,1.6000,0.8236
220774,1.6000,0.8204
221274,1.6000,0.8083
221774,1.6000,0.8147
222274,1.6000,0.8147
222774,1.6000,0.8244
223274,1.6000,0.8244
223774,1.6000,0.8188
224274,1.6000,0.8212
224774,1.6000,0.8147
225274,1.6000,0.8204
225774,1.6000,0.8220
226274,1.6000,0.8163
226774,1.6000,0.8155
227274,1.6000,0.8123
227774,1.6000,0.8163
228274,1.6000,0.8212
228774,1.6000,0.8244
229274,1.6000,0.8357
229774,1.6000,0.8244
230274,1.6000,0.8236
230774,1.6000,0.8220
231274,1.6000,0.8381
231774,1.6000,0.8333
232274,1.6000,0.8171
232774,1.6000,0.8163
233274,1.6000,0.8244
233774,1.6000,0.8413
234274,1.6000,0.8083
234774,1.6000,0.8196
235274,1.6000,0.8244
235774,1.6000,0.8220
236274,1.6000,0.8220
236774,1.6000,0.8244
237274,1.6000,0.8099
237774,1.6000,0.8333
238274,1.6000,0.8163
238774,1.6000,0.8220
239274,1.6000,0.8179
239774,1.6000,0.8244
240274,1.6000,0.8155
240774,1.6000,0.8357
241274,1.6000,0.8373
241774,1.6000,0.7615
242274,1.6000,0.8502
242774,1.6000,0.8397
243274,1.6000,0.8236
243774,1.6000,0.8381
244274,1.6000,0.8470
244774,1.6000,0.8413
245274,1.6000,0.8405
245774,1.6000,0.8405
246274,1.6000,0.8333
246774,1.6000,0.8599
247274,1.6000,0.8365
247774,1.6000,0.8244
248274,1.6000,0.8405
248774,1.6000,0.8325
249274,1.6000,0.8212
249774,1.6000,0.8502
250274,1.6000,0.8373
250774,1.6000,0.8429
251274,1.6000,0.8381
251774,1.6000,0.8341
252274,1.6000,0.8518
252774,1.6000,0.8365
253274,1.6000,0.8357
253774,1.6000,0.8236
254274,1.6000,0.8357
254774,1.6000,0.8333
255274,1.6000,0.8397
255774,1.6000,0.8405
256274,1.6000,0.8212
256774,1.6000,0.8381
257274,1.6000,0.8510
257774,1.6000,0.8357
258274,1.6000,0.8381
258774,1.6000,0.8381
259274,1.6000,0.8365
259774,1.6000,0.8196
260274,1.6000,0.8381
260774,1.6000,0.8526
261274,1.6000,0.8357
261774,1.6000,0.8421
262274,1.6000,0.8453
262774,1.6000,0.8381
263274,1.6000,0.8397
263774,1.6000,0.8381
264274,1.6000,0.8381
264774,1.6000,0.8421
265274,1.6000,0.8405
265774,1.6000,0.8381
266274,1.6000,0.8486
266774,1.6000,0.8462
267274,1.6000,0.8413
267774,1.6000,0.8244
268274,1.6000,0.8405
268774,1.6000,0.8518
269274,1.6000,0.8381
269774,1.6000,0.8341
270274,1.6000,0.8453
270774,1.6000,0.8381
271274,1.6000,0.8381
271774,1.6000,0.8429
272274,1.6000,0.8147
272774,1.6000,0.8373
273274,1.6000,0.8373
273774,1.6000,0.8429
274274,1.6000,0.8526
274774,1.6000,0.8647
275274,1.6000,0.8494
275774,1.6000,0.8510
276274,1.6000,0.8437
276774,1.6000,0.8179
277274,1.6000,0.8397
277774,1.6000,0.8494
278274,1.6000,0.8486
278774,1.6000,0.8397
279274,1.6000,0.8526
279774,1.6000,0.8236
280274,1.6000,0.8486
280774,1.6000,0.8518
281274,1.6000,0.8171
281774,1.6000,0.8470
282274,1.6000,0.8437
282774,1.6000,0.8550
283274,1.6000,0.8558
283774,1.6000,0.8494
284274,1.6000,0.8405
284774,1.6000,0.8558
285274,1.6000,0.8397
285774,1.6000,0.8558
286274,1.6000,0.8244
286774,1.6000,0.8518
287274,1.6000,0.8647
287774,1.6000,0.8470
288274,1.6000,0.8502
288774,1.6000,0.8615
289274,1.6000,0.8437
289774,1.6000,0.8631
290274,1.6000,0.8486
290774,1.6000,0.8462
291274,1.6000,0.8550
291774,1.6000,0.8462
292274,1.6000,0.8373
292774,1.6000,0.8607
293274,1.6000,0.8494
293774,1.6000,0.8494
294274,1.6000,0.8566
294774,1.6000,0.8534
295274,1.6000,0.8381
295774,1.6000,0.8534
296274,1.6000,0.8550
296774,1.6000,0.8631
297274,1.6000,0.8566
297774,1.6000,0.8526
298274,1.6000,0.8631
298774,1.6000,0.8566
299274,1.6000,0.8534
299774,1.6000,0.8582
300274,1.6000,0.8623
300774,1.6000,0.8639
301274,1.6000,0.8566
301774,1.6000,0.8534
302274,1.6000,0.8550
302774,1.6000,0.8639
303274,1.6000,0.8558
303774,1.6000,0.8615
304274,1.6000,0.8631
304774,1.6000,0.8639
305274,1.6000,0.8566
305774,1.6000,0.8631
306274,1.6000,0.8590
306774,1.6000,0.8470
307274,1.6000,0.8518
307774,1.6000,0.8655
308274,1.6000,0.8550
308774,1.6000,0.8639
309274,1.6000,0.8663
309774,1.6000,0.8607
310274,1.6000,0.8582
310774,1.6000,0.8599
311274,1.6000,0.8590
311774,1.6000,0.8558
312274,1.6000,0.8510
312774,1.6000,0.8832
313274,1.6000,0.8639
313774,1.6000,0.8631
314274,1.6000,0.8623
314774,1.6000,0.8719
315274,1.6000,0.8599
315774,1.6000,0.8719
316274,1.6000,0.8615
316774,1.6000,0.8631
317274,1.6000,0.8711
317774,1.6000,0.8671
318274,1.6000,0.8792
318774,1.6000,0.8663
319274,1.6000,0.8873
319774,1.6000,0.8663
320274,1.6000,0.8639
320774,1.6000,0.8639
321274,1.6000,0.8776
321774,1.6000,0.8663
322274,1.6000,0.8711
322774,1.6000,0.8679
323274,1.6000,0.8663
323774,1.6000,0.8784
324274,1.6000,0.8647
324774,1.6000,0.8719
325274,1.6000,0.8599
325774,1.6000,0.8711
326274,1.6000,0.8639
326774,1.6000,0.8727
327274,1.6000,0.8639
327774,1.6000,0.8639
328274,1.6000,0.8631
328774,1.6000,0.8687
329274,1.6000,0.8663
329774,1.6000,0.8864
330274,1.6000,0.8623
330774,1.6000,0.8711
331274,1.6000,0.8768
331774,1.6000,0.8744
332274,1.6000,0.8590
332774,1.6000,0.8647
333274,1.6000,0.8760
333774,1.6000,0.8711
334274,1.6000,0.8687
334774,1.6000,0.8695
335274,1.6000,0.8760
335774,1.6000,0.8792
336274,1.6000,0.8711
336774,1.6000,0.8663
337274,1.6000,0.8679
337774,1.6000,0.8768
338274,1.6000,0.8768
338774,1.6000,0.8744
339274,1.6000,0.8808
339774,1.6000,0.8889
340274,1.6000,0.8752
340774,1.6000,0.8808
341274,1.6000,0.8744
341774,1.6000,0.8526
342274,1.6000,0.8671
342774,1.6000,0.8736
343274,1.6000,0.8792
343774,1.6000,0.8784
344274,1.6000,0.8687
344774,1.6000,0.8768
345274,1.6000,0.8687
345774,1.6000,0.8744
346274,1.6000,0.8784
346774,1.6000,0.8768
347274,1.6000,0.8744
347774,1.6000,0.8768
348274,1.6000,0.8848
348774,1.6000,0.8776
349274,1.6000,0.8760
349774,1.6000,0.8897
350274,1.6000,0.8760
350774,1.6000,0.8687
351274,1.6000,0.8792
351774,1.6000,0.8897
352274,1.6000,0.8856
352774,1.6000,0.8800
353274,1.6000,0.8776
353774,1.6000,0.8768
354274,1.6000,0.8784
354774,1.6000,0.8792
355274,1.6000,0.8816
355774,1.6000,0.8808
356274,1.6000,0.8824
356774,1.6000,0.8856
357274,1.6000,0.8873
357774,1.6000,0.8776
358274,1.6000,0.8776
358774,1.6000,0.8840
359274,1.6000,0.8768
359774,1.6000,0.8864
360274,1.6000,0.8824
360774,1.6000,0.8655
361274,1.6000,0.8985
361774,1.6000,0.8824
362274,1.6000,0.8897
362774,1.6000,0.8905
363274,1.6000,0.8784
363774,1.6000,0.8848
364274,1.6000,0.9018
364774,1.6000,0.8889
365274,1.6000,0.8873
365774,1.6000,0.8711
366274,1.6000,0.8840
366774,1.6000,0.8897
367274,1.6000,0.8776
367774,1.6000,0.8784
368274,1.6000,0.8808
368774,1.6000,0.8856
369274,1.6000,0.8824
369774,1.6000,0.8760
370274,1.6000,0.8840
370774,1.6000,0.8897
371274,1.6000,0.8848
371774,1.6000,0.8897
372274,1.6000,0.8921
372774,1.6000,0.8856
373274,1.6000,0.8856
373774,1.6000,0.8856
374274,1.6000,0.8897
374774,1.6000,0.8897
375274,1.6000,0.8792
375774,1.6000,0.8897
376274,1.6000,0.8776
376774,1.6000,0.8897
377274,1.6000,0.8856
377774,1.6000,0.9042
378274,1.6000,0.8816
378774,1.6000,0.8687
379274,1.6000,0.8897
379774,1.6000,0.9074
380274,1.6000,0.8905
380774,1.6000,0.8977
381274,1.6000,0.8897
381774,1.6000,0.8792
382274,1.6000,0.8864
382774,1.6000,0.8985
383274,1.6000,0.8969
383774,1.6000,0.8889
384274,1.6000,0.8848
384774,1.6000,0.8969
385274,1.6000,0.8913
385774,1.6000,0.8897
386274,1.6000,0.8945
386774,1.6000,0.8937
387274,1.6000,0.8848
387774,1.6000,0.8824
388274,1.6000,0.8937
388774,1.6000,0.8969
389274,1.6000,0.9082
389774,1.6000,0.8977
390274,1.6000,0.9034
390774,1.6000,0.8889
391274,1.6000,0.8744
391774,1.6000,0.8953
392274,1.6000,0.8921
392774,1.6000,0.8873
393274,1.6000,0.8937
393774,1.6000,0.8937
394274,1.6000,0.8913
394774,1.6000,0.8897
395274,1.6000,0.8905
395774,1.6000,0.9155
396274,1.6000,0.9001
396774,1.6000,0.8889
397274,1.6000,0.8921
397774,1.6000,0.8953
398274,1.6000,0.8985
398774,1.6000,0.8945
399274,1.6000,0.8977
399774,1.6000,0.9187
400274,1.6000,0.8897
400774,1.6000,0.8953
401274,1.6000,0.9001
401774,1.6000,0.8969
402274,1.6000,0.8808
402774,1.6000,0.9050
403274,1.6000,0.9018
403774,1.6000,0.9042
404274,1.6000,0.8953
404774,1.6000,0.9018
405274,1.6000,0.9163
405774,1.6000,0.8977
406274,1.6000,0.8881
406774,1.6000,0.8969
407274,1.6000,0.9018
407774,1.6000,0.8985
408274,1.6000,0.8969
408774,1.6000,0.8929
409274,1.6000,0.8993
409774,1.6000,0.8993
410274,1.6000,0.9050
410774,1.6000,0.8993
411274,1.6000,0.9074
411774,1.6000,0.9074
412274,1.6000,0.8985
412774,1.6000,0.9227
413274,1.6000,0.9114
413774,1.6000,0.9050
414274,1.6000,0.9026
414774,1.6000,0.9066
415274,1.6000,0.9001
415774,1.6000,0.9034
416274,1.6000,0.9042
416774,1.6000,0.9114
417274,1.6000,0.9130
417774,1.6000,0.9042
418274,1.6000,0.8945
418774,1.6000,0.9042
419274,1.6000,0.9066
419774,1.6000,0.9066
420274,1.6000,0.9026
420774,1.6000,0.9114
421274,1.6000,0.8977
421774,1.6000,0.9130
422274,1.6000,0.9147
422774,1.6000,0.9034
423274,1.6000,0.9034
423774,1.6000,0.9114
424274,1.6000,0.9114
424774,1.6000,0.9114
425274,1.6000,0.9082
425774,1.6000,0.9042
426274,1.6000,0.9147
426774,1.6000,0.9058
427274,1.6000,0.9001
427774,1.6000,0.9155
428274,1.6000,0.9155
428774,1.6000,0.9114
429274,1.6000,0.9171
429774,1.6000,0.9034
430274,1.6000,0.9130
430774,1.6000,0.9066
431274,1.6000,0.9211
431774,1.6000,0.9163
432274,1.6000,0.9106
432774,1.6000,0.9284
433274,1.6000,0.8905
433774,1.6000,0.9179
434274,1.6000,0.9138
434774,1.6000,0.8913
435274,1.6000,0.9275
435774,1.6000,0.9300
436274,1.6000,0.9195
436774,1.6000,0.9155
437274,1.6000,0.9147
437774,1.6000,0.9155
438274,1.6000,0.9001
438774,1.6000,0.9348
439274,1.6000,0.9308
439774,1.6000,0.9155
440274,1.6000,0.9155
440774,1.6000,0.9203
441274,1.6000,0.9243
441774,1.6000,0.9179
442274,1.6000,0.9026
442774,1.6000,0.9211
443274,1.6000,0.9155
443774,1.6000,0.9155
444274,1.6000,0.9155
444774,1.6000,0.9179
445274,1.6000,0.9211
445774,1.6000,0.9147
446274,1.6000,0.9138
446774,1.6000,0.9138
447274,1.6000,0.9211
447774,1.6000,0.9155
448274,1.6000,0.9187
448774,1.6000,0.9155
449274,1.6000,0.9155
449774,1.6000,0.9155
450274,1.6000,0.9171
450774,1.6000,0.9211
451274,1.6000,0.9284
451774,1.6000,0.9187
452274,1.6000,0.9211
452774,1.6000,0.9195
453274,1.6000,0.9082
453774,1.6000,0.9259
454274,1.6000,0.9227
454774,1.6000,0.9203
455274,1.6000,0.9155
455774,1.6000,0.9147
456274,1.6000,0.9235
456774,1.6000,0.9179
457274,1.6000,0.9412
457774,1.6000,0.9163
458274,1.6000,0.9332
458774,1.6000,0.9267
459274,1.6000,0.9412
459774,1.6000,0.9259
460274,1.6000,0.9259
460774,1.6000,0.9163
461274,1.6000,0.9251
461774,1.6000,0.9155
462274,1.6000,0.9187
462774,1.6000,0.9235
463274,1.6000,0.9292
463774,1.6000,0.9284
464274,1.6000,0.9235
464774,1.6000,0.9267
465274,1.6000,0.9243
465774,1.6000,0.9179
466274,1.6000,0.9284
466774,1.6000,0.9155
467274,1.6000,0.9388
467774,1.6000,0.9308
468274,1.6000,0.9292
468774,1.6000,0.9284
469274,1.6000,0.9155
469774,1.6000,0.9429
470274,1.6000,0.9404
470774,1.6000,0.9308
471274,1.6000,0.9195
471774,1.6000,0.9308
472274,1.6000,0.9138
472774,1.6000,0.9235
473274,1.6000,0.9324
473774,1.6000,0.9243
474274,1.6000,0.9316
474774,1.6000,0.9284
475274,1.6000,0.9404
475774,1.6000,0.9332
476274,1.6000,0.9275
476774,1.6000,0.9356
477274,1.6000,0.9316
477774,1.6000,0.9235
478274,1.6000,0.8937
478774,1.6000,0.9171
479274,1.6000,0.9155
479774,1.6000,0.9114
480274,1.6000,0.9429
480774,1.6000,0.9308
481274,1.6000,0.9316
481774,1.6000,0.9380
482274,1.6000,0.9243
482774,1.6000,0.9332
483274,1.6000,0.9308
483774,1.6000,0.9356
484274,1.6000,0.9340
484774,1.6000,0.9388
485274,1.6000,0.9340
485774,1.6000,0.9284
486274,1.6000,0.9340
486774,1.6000,0.9292
487274,1.6000,0.9340
487774,1.6000,0.9316
488274,1.6000,0.9300
488774,1.6000,0.9412
489274,1.6000,0.9388
489774,1.6000,0.9388
490274,1.6000,0.9412
490774,1.6000,0.9308
491274,1.6000,0.9235
491774,1.6000,0.9372
492274,1.6000,0.9284
492774,1.6000,0.9412
493274,1.6000,0.9364
493774,1.6000,0.9340
494274,1.6000,0.9412
494774,1.6000,0.9138
495274,1.6000,0.9332
495774,1.6000,0.9412
496274,1.6000,0.9380
496774,1.6000,0.9421
497274,1.6000,0.9380
497774,1.6000,0.9356
498274,1.6000,0.9396
498774,1.6000,0.9404
499274,1.6000,0.9469
499774,1.6000,0.9388
500274,1.6000,0.9380
500774,1.6000,0.9404
501274,1.6000,0.9429
501774,1.6000,0.9388
502274,1.6000,0.9275
502774,1.6000,0.9412
503274,1.6000,0.9388
503774,1.6000,0.9412
504274,1.6000,0.9412
504774,1.6000,0.9316
505274,1.6000,0.9493
505774,1.6000,0.9412
506274,1.6000,0.9485
506774,1.6000,0.9421
507274,1.6000,0.9421
507774,1.6000,0.9396
508274,1.6000,0.9412
508774,1.6000,0.9493
509274,1.6000,0.9469
509774,1.6000,0.9493
510274,1.6000,0.9412
510774,1.6000,0.9437
511274,1.6000,0.9412
511774,1.6000,0.9412
512274,1.6000,0.9509
512774,1.6000,0.9453
513274,1.6000,0.9461
513774,1.6000,0.9461
514274,1.6000,0.9421
514774,1.6000,0.9421
515274,1.6000,0.9421
515774,1.6000,0.9517
516274,1.6000,0.9437
516774,1.6000,0.9517
517274,1.6000,0.9493
517774,1.6000,0.9453
518274,1.6000,0.9437
518774,1.6000,0.9332
519274,1.6000,0.9453
519774,1.6000,0.9437
520274,1.6000,0.9533
520774,1.6000,0.9485
521274,1.6000,0.9501
521774,1.6000,0.9517
522274,1.6000,0.9501
522774,1.6000,0.9412
523274,1.6000,0.9412
523774,1.6000,0.9437
524274,1.6000,0.9437
524774,1.6000,0.9445
525274,1.6000,0.9469
525774,1.6000,0.9501
526274,1.6000,0.9388
526774,1.6000,0.9437
527274,1.6000,0.9582
527774,1.6000,0.9509
528274,1.6000,0.9558
528774,1.6000,0.9525
529274,1.6000,0.9598
529774,1.6000,0.9517
530274,1.6000,0.9558
530774,1.6000,0.9549
531274,1.6000,0.9493
531774,1.6000,0.9525
532274,1.6000,0.9453
532774,1.6000,0.9412
533274,1.6000,0.9469
533774,1.6000,0.9509
534274,1.6000,0.9437
534774,1.6000,0.9469
535274,1.6000,0.9823
535774,1.6000,0.9678
536274,1.6000,0.9525
536774,1.6000,0.9566
537274,1.6000,0.9525
537774,1.6000,0.9501
538274,1.6000,0.9437
538774,1.6000,0.9541
539274,1.6000,0.9574
539774,1.6000,0.9582
540274,1.6000,0.9823
540774,1.6000,0.9453
541274,1.6000,0.9662
541774,1.6000,0.9751
542274,1.6000,0.9533
542774,1.6000,0.9533
543274,1.6000,0.9533
543774,1.6000,0.9517
544274,1.6000,0.9525
544774,1.6000,0.9590
545274,1.6000,0.9590
545774,1.6000,0.9421
546274,1.6000,0.9598
546774,1.6000,0.9622
547274,1.6000,0.9654
547774,1.6000,0.9332
548274,1.6000,0.9630
548774,1.6000,0.9566
549274,1.6000,0.9541
549774,1.6000,0.9525
550274,1.6000,0.9582
550774,1.6000,0.9598
551274,1.6000,0.9558
551774,1.6000,0.9259
552274,1.6000,0.9670
552774,1.6000,0.9590
553274,1.6000,0.9646
553774,1.6000,0.9622
554274,1.6000,0.9574
554774,1.6000,0.9558
555274,1.6000,0.9533
555774,1.6000,0.9533
556274,1.6000,0.9533
556774,1.6000,0.9711
557274,1.6000,0.9574
557774,1.6000,0.9630
558274,1.6000,0.9533
558774,1.6000,0.9574
559274,1.6000,0.9630
559774,1.6000,0.9654
560274,1.6000,0.9566
560774,1.6000,0.9654
561274,1.6000,0.9598
561774,1.6000,0.9654
562274,1.6000,0.9646
562774,1.6000,0.9670
563274,1.6000,0.9670
563774,1.6000,0.9670
564274,1.6000,0.9630
564774,1.6000,0.9485
565274,1.6000,0.9638
565774,1.6000,0.9590
566274,1.6000,0.9646
566774,1.6000,0.9606
567274,1.6000,0.9678
567774,1.6000,0.9654
568274,1.6000,0.9622
568774,1.6000,0.9541
569274,1.6000,0.9759
569774,1.6000,0.9630
570274,1.6000,0.9549
570774,1.6000,0.9670
571274,1.6000,0.9630
571774,1.6000,0.9614
572274,1.6000,0.9670
572774,1.6000,0.9678
573274,1.6000,0.9670
573774,1.6000,0.9630
574274,1.6000,0.9727
574774,1.6000,0.9670
575274,1.6000,0.9856
575774,1.6000,0.9670
576274,1.6000,0.9670
576774,1.6000,0.9630
577274,1.6000,0.9654
577774,1.6000,0.9743
578274,1.6000,0.9695
578774,1.6000,0.9783
579274,1.6000,0.9662
579774,1.6000,0.9719
580274,1.6000,0.9678
580774,1.6000,0.9662
581274,1.6000,0.9670
581774,1.6000,0.9590
582274,1.6000,0.9920
582774,1.6000,0.9791
583274,1.6000,0.9670
583774,1.6000,0.9775
584274,1.6000,0.9654
584774,1.6000,0.9727
585274,1.6000,0.9759
585774,1.6000,0.9872
586274,1.6000,0.9703
586774,1.6000,0.9840
587274,1.6000,0.9759
587774,1.6000,0.9743
588274,1.6000,0.9695
588774,1.6000,0.9727
589274,1.6000,0.9719
589774,1.6000,0.9743
590274,1.6000,0.9703
590774,1.6000,0.9719
591274,1.6000,0.9670
591774,1.6000,0.9743
592274,1.6000,0.9670
592774,1.6000,0.9743
593274,1.6000,0.9654
593774,1.6000,0.9678
594274,1.6000,0.9686
594774,1.6000,0.9832
595274,1.6000,0.9783
595774,1.6000,0.9719
596274,1.6000,0.9751
596774,1.6000,0.9727
597274,1.6000,0.9695
597774,1.6000,0.9759
598274,1.6000,0.9751
598774,1.6000,0.9670
599274,1.6000,0.9759
599774,1.6000,0.9743
600274,1.6000,0.9791
600774,1.6000,0.9719
601274,1.6000,0.9670
601774,1.6000,0.9735
602274,1.6000,0.9727
602774,1.6000,0.9711
603274,1.6000,0.9759
603774,1.6000,0.9735
604274,1.6000,0.9711
604774,1.6000,0.9783
605274,1.6000,0.9832
605774,1.6000,0.9856
606274,1.6000,0.9896
606774,1.6000,0.9670
607274,1.6000,0.9670
607774,1.6000,0.9928
608274,1.6000,0.9815
608774,1.6000,0.9799
609274,1.6000,0.9662
609774,1.6000,0.9743
610274,1.6000,0.9807
610774,1.6000,0.9654
611274,1.6000,0.9711
611774,1.6000,0.9807
612274,1.6000,0.9783
612774,1.6000,0.9928
613274,1.6000,0.9807
613774,1.6000,0.9823
614274,1.6000,0.9791
614774,1.6000,0.9888
615274,1.6000,0.9848
615774,1.6000,0.9823
616274,1.6000,0.9791
616774,1.6000,0.9678
617274,1.6000,0.9622
617774,1.6000,0.9799
618274,1.6000,0.9751
618774,1.6000,0.9791
619274,1.6000,0.9823
619774,1.6000,0.9759
620274,1.6000,0.9807
620774,1.6000,0.9807
621274,1.6000,0.9807
621774,1.6000,0.9848
622274,1.6000,0.9912
622774,1.6000,0.9751
623274,1.6000,0.9880
623774,1.6000,0.9783
624274,1.6000,0.9711
624774,1.6000,0.9775
625274,1.6000,0.9928
625774,1.6000,0.9888
626274,1.6000,0.9646
626774,1.6000,0.9670
627274,1.6000,0.9840
627774,1.6000,0.9807
628274,1.6000,0.9848
628774,1.6000,0.9670
629274,1.6000,0.9904
629774,1.6000,0.9751
630274,1.6000,0.9815
630774,1.6000,0.9928
631274,1.6000,0.9896
631774,1.6000,0.9920
632274,1.6000,0.9920
632774,1.6000,0.9799
633274,1.6000,0.9848
633774,1.6000,0.9848
634274,1.6000,0.9888
634774,1.6000,0.9880
635274,1.6000,0.9928
635774,1.6000,0.9783
636274,1.6000,0.9727
636774,1.6000,0.9912
637274,1.6000,0.9799
637774,1.6000,0.9880
638274,1.6000,0.9928
638774,1.6000,0.9872
639274,1.6000,0.9872
639774,1.6000,0.9936
640274,1.6000,0.9832
640774,1.6000,0.9936
641274,1.6000,0.9928
641774,1.6000,0.9896
642274,1.6000,0.9856
642774,1.6000,0.9912
643274,1.6000,0.9904
643774,1.6000,0.9848
644274,1.6000,1.0049
644774,1.6000,0.9775
645274,1.6000,0.9912
645774,1.6000,0.9904
646274,1.6000,0.9977
646774,1.6000,0.9936
647274,1.6000,0.9928
647774,1.6000,0.9888
648274,1.6000,0.9928
648774,1.6000,0.9840
649274,1.6000,0.9896
649774,1.6000,0.9928
650274,1.6000,0.9904
650774,1.6000,0.9928
651274,1.6000,0.9936
651774,1.6000,0.9944
652274,1.6000,0.9928
652774,1.6000,0.9936
653274,1.6000,0.9944
653774,1.6000,0.9912
654274,1.6000,0.9928
654774,1.6000,0.9928
655274,1.6000,0.9904
655774,1.6000,1.0001
656274,1.6000,0.9944
656774,1.6000,0.9928
657274,1.6000,0.9912
657774,1.6000,0.9936
658274,1.6000,0.9993
658774,1.6000,0.9944
659274,1.6000,0.9920
659774,1.6000,0.9936
660274,1.6000,0.9928
660774,1.6000,0.9977
661274,1.6000,0.9904
661774,1.6000,0.9968
662274,1.6000,0.9928
662774,1.6000,0.9936
663274,1.6000,0.9952
663774,1.6000,1.0154
664274,1.6000,0.9904
664774,1.6000,0.9952
665274,1.6000,0.9952
665774,1.6000,1.0178
666274,1.6000,0.9944
666774,1.6000,0.9985
667274,1.6000,0.9977
667774,1.6000,1.0049
668274,1.6000,1.0001
668774,1.6000,0.9896
669274,1.6000,0.9928
669774,1.6000,0.9985
670274,1.6000,0.9856
670774,1.6000,0.9807
671274,1.6000,0.9928
671774,1.6000,1.0001
672274,1.6000,1.0017
672774,1.6000,1.0001
673274,1.6000,0.9920
673774,1.6000,0.9888
674274,1.6000,0.9928
674774,1.6000,0.9944
675274,1.6000,1.0162
675774,1.6000,1.0081
676274,1.6000,1.0065
676774,1.6000,1.0065
677274,1.6000,1.0049
677774,1.6000,0.9904
678274,1.6000,1.0033
678774,1.6000,0.9968
679274,1.6000,1.0009
679774,1.6000,1.0138
680274,1.6000,0.9823
680774,1.6000,1.0081
681274,1.6000,1.0001
681774,1.6000,0.9936
682274,1.6000,1.0049
682774,1.6000,1.0041
683274,1.6000,1.0138
683774,1.6000,1.0033
684274,1.6000,1.0017
684774,1.6000,0.9936
685274,1.6000,1.0041
685774,1.6000,1.0049
686274,1.6000,1.0275
686774,1.6000,1.0073
687274,1.6000,1.0065
687774,1.6000,1.0170
688274,1.6000,1.0073
688774,1.6000,1.0009
689274,1.6000,1.0065
689774,1.6000,1.0057
690274,1.6000,1.0130
690774,1.6000,1.0154
691274,1.6000,1.0033
691774,1.6000,1.0065
692274,1.6000,1.0065
692774,1.6000,1.0057
693274,1.6000,1.0009
693774,1.6000,0.9920
694274,1.6000,0.9977
694774,1.6000,1.0073
695274,1.6000,1.0057
695774,1.6000,1.0033
696274,1.6000,1.0057
696774,1.6000,1.0049
697274,1.6000,1.0017
697774,1.6000,1.0017
698274,1.6000,1.0146
698774,1.6000,1.0097
699274,1.6000,1.0186
699774,1.6000,1.0081
700274,1.6000,1.0041
700774,1.6000,1.0081
701274,1.6000,0.9670
701774,1.6000,0.9952
702274,1.6000,1.0105
702774,1.6000,1.0017
703274,1.6000,1.0041
703774,1.6000,1.0154
704274,1.6000,1.0114
704774,1.6000,1.0073
705274,1.6000,1.0186
705774,1.6000,0.9928
706274,1.6000,1.0049
706774,1.6000,1.0186
707274,1.6000,1.0105
707774,1.6000,1.0073
708274,1.6000,1.0041
708774,1.6000,1.0170
709274,1.6000,1.0275
709774,1.6000,1.0130
710274,1.6000,1.0065
710774,1.6000,1.0114
711274,1.6000,1.0041
711774,1.6000,1.0114
712274,1.6000,1.0178
712774,1.6000,1.0146
713274,1.6000,1.0009
713774,1.6000,1.0170
714274,1.6000,1.0170
714774,1.6000,1.0130
715274,1.6000,1.0049
715774,1.6000,1.0114
716274,1.6000,1.0146
716774,1.6000,1.0186
717274,1.6000,1.0065
717774,1.6000,1.0033
718274,1.6000,1.0146
718774,1.6000,1.0146
719274,1.6000,1.0114
719774,1.6000,1.0178
720274,1.6000,1.0283
720774,1.6000,1.0105
721274,1.6000,1.0049
721774,1.6000,1.0186
722274,1.6000,1.0097
722774,1.6000,1.0146
723274,1.6000,1.0146
723774,1.6000,1.0154
724274,1.6000,1.0186
724774,1.6000,1.0194
725274,1.6000,1.0162
725774,1.6000,1.0194
726274,1.6000,1.0146
726774,1.6000,1.0218
727274,1.6000,1.0041
727774,1.6000,1.0170
728274,1.6000,1.0170
728774,1.6000,1.0105
729274,1.6000,1.0202
729774,1.6000,1.0178
730274,1.6000,1.0186
730774,1.6000,1.0025
731274,1.6000,1.0073
731774,1.6000,1.0130
732274,1.6000,1.0178
732774,1.6000,1.0033
733274,1.6000,1.0275
733774,1.6000,1.0210
734274,1.6000,1.0218
734774,1.6000,1.0226
735274,1.6000,1.0323
735774,1.6000,1.0162
736274,1.6000,1.0307
736774,1.6000,1.0210
737274,1.6000,1.0114
737774,1.6000,1.0242
738274,1.6000,1.0194
738774,1.6000,1.0081
739274,1.6000,1.0138
739774,1.6000,1.0267
740274,1.6000,1.0186
740774,1.6000,1.0234
741274,1.6000,1.0186
741774,1.6000,1.0170
742274,1.6000,1.0218
742774,1.6000,1.0339
743274,1.6000,1.0315
743774,1.6000,1.0267
744274,1.6000,1.0307
744774,1.6000,1.0267
745274,1.6000,1.0210
745774,1.6000,1.0371
746274,1.6000,1.0226
746774,1.6000,1.0114
747274,1.6000,1.0533
747774,1.6000,1.0186
748274,1.6000,1.0259
748774,1.6000,1.0234
749274,1.6000,1.0162
749774,1.6000,1.0259
750274,1.6000,1.0194
750774,1.6000,1.0242
751274,1.6000,1.0162
751774,1.6000,1.0178
752274,1.6000,1.0291
752774,1.6000,1.0259
753274,1.6000,1.0339
753774,1.6000,1.0186
754274,1.6000,1.0186
754774,1.6000,1.0363
755274,1.6000,1.0234
755774,1.6000,1.0315
756274,1.6000,1.0226
756774,1.6000,1.0275
757274,1.6000,1.0210
757774,1.6000,1.0210
758274,1.6000,1.0242
758774,1.6000,1.0242
759274,1.6000,1.0299
759774,1.6000,1.0291
760274,1.6000,1.0283
760774,1.6000,1.0202
761274,1.6000,1.0307
761774,1.6000,1.0178
762274,1.6000,1.0259
762774,1.6000,1.0315
763274,1.6000,1.0275
763774,1.6000,1.0307
764274,1.6000,1.0315
764774,1.6000,1.0307
765274,1.6000,1.0202
765774,1.6000,1.0355
766274,1.6000,1.0267
766774,1.6000,1.0315
767274,1.6000,1.0105
767774,1.6000,1.0355
768274,1.6000,1.0299
768774,1.6000,1.0291
769274,1.6000,1.0299
769774,1.6000,1.0307
770274,1.6000,1.0331
770774,1.6000,1.0275
771274,1.6000,1.0331
771774,1.6000,1.0275
772274,1.6000,1.0291
772774,1.6000,1.0355
773274,1.6000,1.0331
773774,1.6000,1.0355
774274,1.6000,1.0291
774774,1.6000,1.0242
775274,1.6000,1.0291
775774,1.6000,1.0323
776274,1.6000,1.0218
776774,1.6000,1.0242
777274,1.6000,1.0339
777774,1.6000,1.0146
778274,1.6000,1.0315
778774,1.6000,1.0178
779274,1.6000,1.0396
779774,1.6000,1.0299
780274,1.6000,1.0363
780774,1.6000,1.0315
781274,1.6000,1.0307
781774,1.6000,1.0299
782274,1.6000,1.0533
782774,1.6000,1.0226
783274,1.6000,1.0226
783774,1.6000,1.0315
784274,1.6000,1.0210
784774,1.6000,1.0331
785274,1.6000,1.0363
785774,1.6000,1.0339
786274,1.6000,1.0436
786774,1.6000,1.0242
787274,1.6000,1.0307
787774,1.6000,1.0315
788274,1.6000,1.0363
788774,1.6000,1.0363
789274,1.6000,1.0339
789774,1.6000,1.0307
790274,1.6000,1.0331
790774,1.6000,1.0299
791274,1.6000,1.0339
791774,1.6000,1.0388
792274,1.6000,1.0355
792774,1.6000,1.0355
793274,1.6000,1.0347
793774,1.6000,1.0388
794274,1.6000,1.0299
794774,1.6000,1.0388
795274,1.6000,1.0226
795774,1.6000,1.0315
796274,1.6000,1.0315
796774,1.6000,1.0379
797274,1.6000,1.0363
797774,1.6000,1.0404
798274,1.6000,1.0420
798774,1.6000,1.0331
799274,1.6000,1.0347
799774,1.6000,1.0355
800274,1.6000,1.0500
800774,1.6000,1.0315
801274,1.6000,1.0347
801774,1.6000,1.0339
802274,1.6000,1.0307
802774,1.6000,1.0371
803274,1.6000,1.0371
803774,1.6000,1.0428
804274,1.6000,1.0339
804774,1.6000,1.0339
805274,1.6000,1.0315
805774,1.6000,1.0218
806274,1.6000,1.0291
806774,1.6000,1.0444
807274,1.6000,1.0436
807774,1.6000,1.0444
808274,1.6000,1.0404
808774,1.6000,1.0202
809274,1.6000,1.0468
809774,1.6000,1.0388
810274,1.6000,1.0444
810774,1.6000,1.0404
811274,1.6000,1.0339
811774,1.6000,1.0323
812274,1.6000,1.0444
812774,1.6000,1.0379
813274,1.6000,1.0371
813774,1.6000,1.0436
814274,1.6000,1.0315
814774,1.6000,1.0412
815274,1.6000,1.0396
815774,1.6000,1.0226
816274,1.6000,1.0444
816774,1.6000,1.0444
817274,1.6000,1.0412
817774,1.6000,1.0404
818274,1.6000,1.0355
818774,1.6000,1.0533
819274,1.6000,1.0541
819774,1.6000,1.0299
820274,1.6000,1.0428
820774,1.6000,1.0371
821274,1.6000,1.0500
821774,1.6000,1.0444
822274,1.6000,1.0371
822774,1.6000,1.0226
823274,1.6000,1.0299
823774,1.6000,1.0396
824274,1.6000,1.0420
824774,1.6000,1.0645
825274,1.6000,1.0396
825774,1.6000,1.0428
826274,1.6000,1.0242
826774,1.6000,1.0420
827274,1.6000,1.0444
827774,1.6000,1.0307
828274,1.6000,1.0371
828774,1.6000,1.0565
829274,1.6000,1.0444
829774,1.6000,1.0371
830274,1.6000,1.0412
830774,1.6000,1.0839
831274,1.6000,1.0396
831774,1.6000,1.0492
832274,1.6000,1.0436
832774,1.6000,1.0331
833274,1.6000,1.0331
833774,1.6000,1.0444
834274,1.6000,1.0428
834774,1.6000,1.0476
835274,1.6000,1.0525
835774,1.6000,1.0452
836274,1.6000,1.0468
836774,1.6000,1.0428
837274,1.6000,1.0468
837774,1.6000,1.0492
838274,1.6000,1.0452
838774,1.6000,1.0468
839274,1.6000,1.0484
839774,1.6000,1.0444
840274,1.6000,1.0444
840774,1.6000,1.0452
841274,1.6000,1.0468
841774,1.6000,1.0444
842274,1.6000,1.0468
842774,1.6000,1.0460
843274,1.6000,1.0516
843774,1.6000,1.0525
844274,1.6000,1.0444
844774,1.6000,1.0444
845274,1.6000,1.0460
845774,1.6000,1.0533
846274,1.6000,1.0484
846774,1.6000,1.0460
847274,1.6000,1.0525
847774,1.6000,1.0476
848274,1.6000,1.0444
848774,1.6000,1.0621
849274,1.6000,1.0476
849774,1.6000,1.0114
850274,1.6000,1.0516
850774,1.6000,1.0549
851274,1.6000,1.0452
851774,1.6000,1.0492
852274,1.6000,1.0589
852774,1.6000,1.0371
853274,1.6000,1.0500
853774,1.6000,1.0476
854274,1.6000,1.0339
854774,1.6000,1.0484
855274,1.6000,1.0468
855774,1.6000,1.0573
856274,1.6000,1.0774
856774,1.6000,1.0508
857274,1.6000,1.0460
857774,1.6000,1.0500
858274,1.6000,1.0557
858774,1.6000,1.0533
859274,1.6000,1.0444
859774,1.6000,1.0444
860274,1.6000,1.0444
860774,1.6000,1.0460
861274,1.6000,1.0533
861774,1.6000,1.0525
862274,1.6000,1.0484
862774,1.6000,1.0492
863274,1.6000,1.0533
863774,1.6000,1.0533
864274,1.6000,1.0653
864774,1.6000,1.0557
865274,1.6000,1.0541
865774,1.6000,1.0500
866274,1.6000,1.0500
866774,1.6000,1.0581
867274,1.6000,1.0452
867774,1.6000,1.0468
868274,1.6000,1.0492
868774,1.6000,1.0573
869274,1.6000,1.0742
869774,1.6000,1.0597
870274,1.6000,1.0444
870774,1.6000,1.0662
871274,1.6000,1.0525
871774,1.6000,1.0605
872274,1.6000,1.0500
872774,1.6000,1.0525
873274,1.6000,1.0533
873774,1.6000,1.0476
874274,1.6000,1.0444
874774,1.6000,1.0565
875274,1.6000,1.0589
875774,1.6000,1.0452
876274,1.6000,1.0589
876774,1.6000,1.0492
877274,1.6000,1.0476
877774,1.6000,1.0484
878274,1.6000,1.0516
878774,1.6000,1.0613
879274,1.6000,1.0565
879774,1.6000,1.0573
880274,1.6000,1.0565
880774,1.6000,1.0597
881274,1.6000,1.0533
881774,1.6000,1.0726
882274,1.6000,1.0597
882774,1.6000,1.0573
883274,1.6000,1.0525
883774,1.6000,1.0388
884274,1.6000,1.0533
884774,1.6000,1.0452
885274,1.6000,1.0573
885774,1.6000,1.0565
886274,1.6000,1.0573
886774,1.6000,1.0702
887274,1.6000,1.0573
887774,1.6000,1.0629
888274,1.6000,1.0581
888774,1.6000,1.0581
889274,1.6000,1.0573
889774,1.6000,1.0573
890274,1.6000,1.0557
890774,1.6000,1.0629
891274,1.6000,1.0363
891774,1.6000,1.0565
892274,1.6000,1.0388
892774,1.6000,1.0613
893274,1.6000,1.0613
893774,1.6000,1.0525
894274,1.6000,1.0621
894774,1.6000,1.0621
895274,1.6000,1.0597
895774,1.6000,1.0670
896274,1.6000,1.0936
896774,1.6000,1.0694
897274,1.6000,1.0645
897774,1.6000,1.0629
898274,1.6000,1.0702
898774,1.6000,1.0565
899274,1.6000,1.0694
899774,1.6000,1.0653
900274,1.6000,1.0613
900774,1.6000,1.0613
901274,1.6000,1.0516
901774,1.6000,1.0597
902274,1.6000,1.0613
902774,1.6000,1.0887
903274,1.6000,1.0790
903774,1.6000,1.0565
904274,1.6000,1.0678
904774,1.6000,1.0903
905274,1.6000,1.0847
905774,1.6000,1.0605
906274,1.6000,1.0702
906774,1.6000,1.0597
907274,1.6000,1.0629
907774,1.6000,1.0516
908274,1.6000,1.0662
908774,1.6000,1.0670
909274,1.6000,1.0525
909774,1.6000,1.0678
910274,1.6000,1.0541
910774,1.6000,1.0694
911274,1.6000,1.0694
911774,1.6000,1.0645
912274,1.6000,1.0629
912774,1.6000,1.0581
913274,1.6000,1.0710
913774,1.6000,1.0597
914274,1.6000,1.0702
914774,1.6000,1.0629
915274,1.6000,1.0686
915774,1.6000,1.0637
916274,1.6000,1.0678
916774,1.6000,1.0702
917274,1.6000,1.0694
917774,1.6000,1.0645
918274,1.6000,1.0702
918774,1.6000,1.0678
919274,1.6000,1.0492
919774,1.6000,1.0444
920274,1.6000,1.0662
920774,1.6000,1.0702
921274,1.6000,1.0613
921774,1.6000,1.0670
922274,1.6000,1.0718
922774,1.6000,1.0444
923274,1.6000,1.0726
923774,1.6000,1.0653
924274,1.6000,1.0662
924774,1.6000,1.0702
925274,1.6000,1.0621
925774,1.6000,1.0702
926274,1.6000,1.0750
926774,1.6000,1.0702
927274,1.6000,1.0613
927774,1.6000,1.0549
928274,1.6000,1.0686
928774,1.6000,1.0678
929274,1.6000,1.0750
929774,1.6000,1.0573
930274,1.6000,1.0597
930774,1.6000,1.0726
931274,1.6000,1.0742
931774,1.6000,1.0662
932274,1.6000,1.0629
932774,1.6000,1.0742
933274,1.6000,1.0742
933774,1.6000,1.0774
934274,1.6000,1.0702
934774,1.6000,1.0718
935274,1.6000,1.0702
935774,1.6000,1.0750
936274,1.6000,1.0750
936774,1.6000,1.0790
937274,1.6000,1.0533
937774,1.6000,1.0710
938274,1.6000,1.0750
938774,1.6000,1.0702
939274,1.6000,1.0653
939774,1.6000,1.0686
940274,1.6000,1.0823
940774,1.6000,1.0734
941274,1.6000,1.0694
941774,1.6000,1.0702
942274,1.6000,1.0702
942774,1.6000,1.1169
943274,1.6000,1.0790
943774,1.6000,1.0694
944274,1.6000,1.0936
944774,1.6000,1.0702
945274,1.6000,1.0742
945774,1.6000,1.0468
946274,1.6000,1.0887
946774,1.6000,1.0702
947274,1.6000,1.0597
947774,1.6000,1.0718
948274,1.6000,1.0686
948774,1.6000,1.0718
949274,1.6000,1.0782
949774,1.6000,1.0831
950274,1.6000,1.0702
950774,1.6000,1.0742
951274,1.6000,1.0702
951774,1.6000,1.0678
952274,1.6000,1.0742
952774,1.6000,1.0799
953274,1.6000,1.0742
953774,1.6000,1.0790
954274,1.6000,1.0726
954774,1.6000,1.0758
955274,1.6000,1.0686
955774,1.6000,1.0702
956274,1.6000,1.0742
956774,1.6000,1.0734
957274,1.6000,1.0670
957774,1.6000,1.0629
958274,1.6000,1.0718
958774,1.6000,1.0823
959274,1.6000,1.0726
959774,1.6000,1.0782
960274,1.6000,1.0742
960774,1.6000,1.0726
961274,1.6000,1.0718
961774,1.6000,1.0774
962274,1.6000,1.0734
962774,1.6000,1.0702
963274,1.6000,1.0782
963774,1.6000,1.0782
964274,1.6000,1.0847
964774,1.6000,1.0726
965274,1.6000,1.0758
965774,1.6000,1.0807
966274,1.6000,1.0782
966774,1.6000,1.0742
967274,1.6000,1.0629
967774,1.6000,1.0726
968274,1.6000,1.0742
968774,1.6000,1.0758
969274,1.6000,1.0662
969774,1.6000,1.0799
970274,1.6000,1.0758
970774,1.6000,1.0790
971274,1.6000,1.0831
971774,1.6000,1.0952
972274,1.6000,1.0879
972774,1.6000,1.0758
973274,1.6000,1.0702
973774,1.6000,1.0500
974274,1.6000,1.0927
974774,1.6000,1.0702
975274,1.6000,1.0831
975774,1.6000,1.0790
976274,1.6000,1.0742
976774,1.6000,1.0799
977274,1.6000,1.0694
977774,1.6000,1.0790
978274,1.6000,1.0919
978774,1.6000,1.0734
979274,1.6000,1.0774
979774,1.6000,1.0815
980274,1.6000,1.0742
980774,1.6000,1.0718
981274,1.6000,1.0823
981774,1.6000,1.0742
982274,1.6000,1.0823
982774,1.6000,1.0758
983274,1.6000,1.0758
983774,1.6000,1.0718
984274,1.6000,1.0815
984774,1.6000,1.0823
985274,1.6000,1.0718
985774,1.6000,1.0855
986274,1.6000,1.0847
986774,1.6000,1.0790
987274,1.6000,1.0807
987774,1.6000,1.0694
988274,1.6000,1.0863
988774,1.6000,1.0807
989274,1.6000,1.0855
989774,1.6000,1.0839
990274,1.6000,1.1097
990774,1.6000,1.0831
991274,1.6000,1.0847
991774,1.6000,1.0952
992274,1.6000,1.0815
992774,1.6000,1.0831
993274,1.6000,1.0863
993774,1.6000,1.0887
994274,1.6000,1.0855
994774,1.6000,1.0855
995274,1.6000,1.0750
995774,1.6000,1.0815
996274,1.6000,1.0831
996774,1.6000,1.0823
997274,1.6000,1.0831
997774,1.6000,1.0839
998274,1.6000,1.0839
998774,1.6000,1.0871
999274,1.6000,1.0807
999774,1.6000,1.0774
1000274,1.6000,1.0855
1000774,1.6000,1.0790
1001274,1.6000,1.0774
1001774,1.6000,1.0871
1002274,1.6000,1.0936
1002774,1.6000,1.0871
1003274,1.6000,1.0831
1003774,1.6000,1.0758
1004274,1.6000,1.0758
1004774,1.6000,1.0807
1005274,1.6000,1.0887
1005774,1.6000,1.0823
1006274,1.6000,1.0936
1006774,1.6000,1.0871
1007274,1.6000,1.0855
1007774,1.6000,1.0960
1008274,1.6000,1.0855
1008774,1.6000,1.0726
1009274,1.6000,1.0960
1009774,1.6000,1.0790
1010274,1.6000,1.0879
1010774,1.6000,1.0799
1011274,1.6000,1.0992
1011774,1.6000,1.0742
1012274,1.6000,1.0839
1012774,1.6000,1.0936
1013274,1.6000,1.0855
1013774,1.6000,1.0750
1014274,1.6000,1.0903
1014774,1.6000,1.0871
1015274,1.6000,1.0815
1015774,1.6000,1.0847
1016274,1.6000,1.0823
1016774,1.6000,1.0936
1017274,1.6000,1.1016
1017774,1.6000,1.0960
1018274,1.6000,1.0839
1018774,1.6000,1.0911
1019274,1.6000,1.0919
1019774,1.6000,1.0960
1020274,1.6000,1.0960
1020774,1.6000,1.0960
1021274,1.6000,1.0919
1021774,1.6000,1.0960
1022274,1.6000,1.0774
1022774,1.6000,1.0936
1023274,1.6000,1.0823
1023774,1.6000,1.0919
1024274,1.6000,1.0919
1024774,1.6000,1.0855
1025274,1.6000,1.0911
1025774,1.6000,1.0855
1026274,1.6000,1.0911
1026774,1.6000,1.0960
1027274,1.6000,1.0911
1027774,1.6000,1.0871
1028274,1.6000,1.0927
1028774,1.6000,1.0815
1029274,1.6000,1.0799
1029774,1.6000,1.0823
1030274,1.6000,1.0887
1030774,1.6000,1.0919
1031274,1.6000,1.0976
1031774,1.6000,1.0855
1032274,1.6000,1.1008
1032774,1.6000,1.0903
1033274,1.6000,1.0960
1033774,1.6000,1.0936
1034274,1.6000,1.0952
1034774,1.6000,1.0936
1035274,1.6000,1.1137
1035774,1.6000,1.0887
1036274,1.6000,1.0903
1036774,1.6000,1.0871
1037274,1.6000,1.0911
1037774,1.6000,1.0960
1038274,1.6000,1.0960
1038774,1.6000,1.0790
1039274,1.6000,1.0863
1039774,1.6000,1.0936
1040274,1.6000,1.0992
1040774,1.6000,1.0952
1041274,1.6000,1.0968
1041774,1.6000,1.0952
1042274,1.6000,1.0927
1042774,1.6000,1.0936
1043274,1.6000,1.0839
1043774,1.6000,1.0839
1044274,1.6000,1.1210
1044774,1.6000,1.0839
1045274,1.6000,1.0960
1045774,1.6000,1.0919
1046274,1.6000,1.0936
1046774,1.6000,1.0903
1047274,1.6000,1.0960
1047774,1.6000,1.1008
1048274,1.6000,1.0919
1048774,1.6000,1.0944
1049274,1.6000,1.0960
1049774,1.6000,1.0952
1050274,1.6000,1.0944
1050774,1.6000,1.1048
1051274,1.6000,1.0960
1051774,1.6000,1.0887
1052274,1.6000,1.1008
1052774,1.6000,1.0855
1053274,1.6000,1.0984
1053774,1.6000,1.1048
1054274,1.6000,1.0984
1054774,1.6000,1.0944
1055274,1.6000,1.0952
1055774,1.6000,1.1097
1056274,1.6000,1.1064
1056774,1.6000,1.0927
1057274,1.6000,1.0984
1057774,1.6000,1.0944
1058274,1.6000,1.1008
1058774,1.6000,1.1008
1059274,1.6000,1.1016
1059774,1.6000,1.1016
1060274,1.6000,1.0960
1060774,1.6000,1.0984
1061274,1.6000,1.0710
1061774,1.6000,1.0984
1062274,1.6000,1.0960
1062774,1.6000,1.1201
1063274,1.6000,1.0976
1063774,1.6000,1.1000
1064274,1.6000,1.1008
1064774,1.6000,1.1000
1065274,1.6000,1.1048
1065774,1.6000,1.0968
1066274,1.6000,1.1000
1066774,1.6000,1.0984
1067274,1.6000,1.1008
1067774,1.6000,1.0960
1068274,1.6000,1.1016
1068774,1.6000,1.1048
1069274,1.6000,1.0976
1069774,1.6000,1.0774
1070274,1.6000,1.1000
1070774,1.6000,1.0831
1071274,1.6000,1.0960
1071774,1.6000,1.1008
1072274,1.6000,1.0992
1072774,1.6000,1.1008
1073274,1.6000,1.1024
1073774,1.6000,1.1097
1074274,1.6000,1.1040
1074774,1.6000,1.1016
1075274,1.6000,1.1048
1075774,1.6000,1.1008
1076274,1.6000,1.1040
1076774,1.6000,1.0952
1077274,1.6000,1.1073
1077774,1.6000,1.1008
1078274,1.6000,1.1073
1078774,1.6000,1.0887
1079274,1.6000,1.1040
1079774,1.6000,1.1016
1080274,1.6000,1.0984
1080774,1.6000,1.1016
1081274,1.6000,1.1064
1081774,1.6000,1.1000
1082274,1.6000,1.1097
1082774,1.6000,1.0968
1083274,1.6000,1.1081
1083774,1.6000,1.1040
1084274,1.6000,1.1032
1084774,1.6000,1.1008
1085274,1.6000,1.0960
1085774,1.6000,1.1016
1086274,1.6000,1.1008
1086774,1.6000,1.1201
1087274,1.6000,1.1040
1087774,1.6000,1.1064
1088274,1.6000,1.1081
1088774,1.6000,1.1306
1089274,1.6000,1.1081
1089774,1.6000,1.1048
1090274,1.6000,1.0960
1090774,1.6000,1.1218
1091274,1.6000,1.1089
1091774,1.6000,1.1064
1092274,1.6000,1.1040
1092774,1.6000,1.1040
1093274,1.6000,1.1008
1093774,1.6000,1.1081
1094274,1.6000,1.1040
1094774,1.6000,1.1073
1095274,1.6000,1.1097
1095774,1.6000,1.1040
1096274,1.6000,1.1177
1096774,1.6000,1.1032
1097274,1.6000,1.1016
1097774,1.6000,1.1113
1098274,1.6000,1.1193
1098774,1.6000,1.1137
1099274,1.6000,1.1016
1099774,1.6000,1.1081
1100274,1.6000,1.1016
1100774,1.6000,1.1097
1101274,1.6000,1.1210
1101774,1.6000,1.1081
1102274,1.6000,1.1347
1102774,1.6000,1.1056
1103274,1.6000,1.1048
1103774,1.6000,1.1169
1104274,1.6000,1.1048
1104774,1.6000,1.1218
1105274,1.6000,1.1064
1105774,1.6000,1.1113
1106274,1.6000,1.1073
1106774,1.6000,1.1073
1107274,1.6000,1.1040
1107774,1.6000,1.1081
1108274,1.6000,1.1097
1108774,1.6000,1.1081
1109274,1.6000,1.1218
1109774,1.6000,1.1193
1110274,1.6000,1.1177
1110774,1.6000,1.1298
1111274,1.6000,1.1073
1111774,1.6000,1.1218
1112274,1.6000,1.1121
1112774,1.6000,1.1604
1113274,1.6000,1.1097
1113774,1.6000,1.1105
1114274,1.6000,1.1089
1114774,1.6000,1.1161
1115274,1.6000,1.1161
1115774,1.6000,1.1193
1116274,1.6000,1.1137
1116774,1.6000,1.1137
1117274,1.6000,1.1218
1117774,1.6000,1.0960
1118274,1.6000,1.1161
1118774,1.6000,1.1008
1119274,1.6000,1.1089
1119774,1.6000,1.1177
1120274,1.6000,1.1201
1120774,1.6000,1.1218
1121274,1.6000,1.1137
1121774,1.6000,1.1129
1122274,1.6000,1.1169
1122774,1.6000,1.1089
1123274,1.6000,1.1185
1123774,1.6000,1.1193
1124274,1.6000,1.1169
1124774,1.6000,1.1113
1125274,1.6000,1.1081
1125774,1.6000,1.0984
1126274,1.6000,1.1250
1126774,1.6000,1.1113
1127274,1.6000,1.1419
1127774,1.6000,1.1185
1128274,1.6000,1.1137
1128774,1.6000,1.1145
1129274,1.6000,1.1105
1129774,1.6000,1.1161
1130274,1.6000,1.1210
1130774,1.6000,1.1145
1131274,1.6000,1.1218
1131774,1.6000,1.1218
1132274,1.6000,1.1210
1132774,1.6000,1.1153
1133274,1.6000,1.1210
1133774,1.6000,1.1201
1134274,1.6000,1.1129
1134774,1.6000,1.1161
1135274,1.6000,1.1169
1135774,1.6000,1.1177
1136274,1.6000,1.1218
1136774,1.6000,1.1097
1137274,1.6000,1.1226
1137774,1.6000,1.1234
1138274,1.6000,1.1210
1138774,1.6000,1.1113
1139274,1.6000,1.1210
1139774,1.6000,1.1218
1140274,1.6000,1.1201
1140774,1.6000,1.1218
1141274,1.6000,1.1363
1141774,1.6000,1.1242
1142274,1.6000,1.1137
1142774,1.6000,1.1161
1143274,1.6000,1.1177
1143774,1.6000,1.1145
1144274,1.6000,1.1145
1144774,1.6000,1.1218
1145274,1.6000,1.1226
1145774,1.6000,1.1177
1146274,1.6000,1.1129
1146774,1.6000,1.1129
1147274,1.6000,1.1137
1147774,1.6000,1.1218
1148274,1.6000,1.1097
1148774,1.6000,1.1218
1149274,1.6000,1.1177
1149774,1.6000,1.1242
1150274,1.6000,1.1234
1150774,1.6000,1.1210
1151274,1.6000,1.1201
1151774,1.6000,1.1290
1152274,1.6000,1.1218
1152774,1.6000,1.1282
1153274,1.6000,1.1242
1154336,1.6000,1.1790
1154836,1.6000,1.1250
1155336,1.6000,1.1306
1155836,1.6000,1.1266
1156336,1.6000,1.1218
1156836,1.6000,1.1218
1157336,1.6000,1.1210
1157836,1.6000,1.1290
1158336,1.6000,1.1298
1158836,1.6000,1.1218
1159336,1.6000,1.1258
1159836,1.6000,1.1218
1160336,1.6000,1.1218
1160836,1.6000,1.1218
1161336,1.6000,1.1258
1161836,1.6000,1.1218
1162336,1.6000,1.1218
1162836,1.6000,1.1266
1163336,1.6000,1.1121
1163836,1.6000,1.1234
1164336,1.6000,1.1258
1164836,1.6000,1.1226
1165336,1.6000,1.1218
1165836,1.6000,1.1363
1166336,1.6000,1.1484
1166836,1.6000,1.1314
1167336,1.6000,1.1250
1167836,1.6000,1.1242
1168336,1.6000,1.1193
1168836,1.6000,1.1250
1169336,1.6000,1.1242
1169836,1.6000,1.1266
1170336,1.6000,1.1347
1170836,1.6000,1.1306
1171336,1.6000,1.1242
1171836,1.6000,1.1242
1172336,1.6000,1.1298
1172836,1.6000,1.1314
1173336,1.6000,1.1298
1173836,1.6000,1.1234
1174336,1.6000,1.1234
1174836,1.6000,1.1266
1175336,1.6000,1.1210
1175836,1.6000,1.1330
1176336,1.6000,1.1330
1176836,1.6000,1.1363
1177336,1.6000,1.1201
1177836,1.6000,1.1226
1178336,1.6000,1.1218
1178836,1.6000,1.1475
1179336,1.6000,1.1258
1179836,1.6000,1.1234
1180336,1.6000,1.1338
1180836,1.6000,1.1266
1181336,1.6000,1.1226
1181836,1.6000,1.1258
1182336,1.6000,1.1306
1182836,1.6000,1.1274
1183336,1.6000,1.1355
1183836,1.6000,1.1314
1184336,1.6000,1.1314
1184836,1.6000,1.1298
1185336,1.6000,1.1242
1185836,1.6000,1.1314
1186336,1.6000,1.1347
1186836,1.6000,1.1274
1187336,1.6000,1.1250
1187836,1.6000,1.1234
1188336,1.6000,1.1306
1188836,1.6000,1.1306
1189336,1.6000,1.1274
1189836,1.6000,1.1306
1190336,1.6000,1.1338
1190836,1.6000,1.1234
1191336,1.6000,1.1363
1191836,1.6000,1.1097
1192336,1.6000,1.1338
1192836,1.6000,1.1355
1193336,1.6000,1.1387
1193836,1.6000,1.1427
1194336,1.6000,1.1387
1194836,1.6000,1.1322
1195336,1.6000,1.1201
1195836,1.6000,1.1347
1196336,1.6000,1.1330
1196836,1.6000,1.1177
1197336,1.6000,1.1306
1197836,1.6000,1.1274
1198336,1.6000,1.1242
1198836,1.6000,1.1218
1199336,1.6000,1.1355
1199836,1.6000,1.1298
1200336,1.6000,1.1330
1200836,1.6000,1.1330
1201336,1.6000,1.1355
1201836,1.6000,1.1290
1202336,1.6000,1.1347
1202836,1.6000,1.1355
1203336,1.6000,1.1347
1203836,1.6000,1.1347
1204336,1.6000,1.1338
1204836,1.6000,1.1330
1205336,1.6000,1.1347
1205836,1.6000,1.1347
1206336,1.6000,1.1306
1206836,1.6000,1.1218
1207336,1.6000,1.1234
1207836,1.6000,1.1330
1208336,1.6000,1.1347
1208836,1.6000,1.1403
1209336,1.6000,1.1338
1209836,1.6000,1.1371
1210336,1.6000,1.1322
1210836,1.6000,1.1387
1211336,1.6000,1.1347
1211836,1.6000,1.1322
1212336,1.6000,1.1226
1212836,1.6000,1.1355
1213336,1.6000,1.1250
1213836,1.6000,1.1500
1214336,1.6000,1.1298
1214836,1.6000,1.1371
1215336,1.6000,1.1371
1215836,1.6000,1.1338
1216336,1.6000,1.1717
1216836,1.6000,1.1371
1217336,1.6000,1.1274
1217836,1.6000,1.1435
1218336,1.6000,1.1588
1218836,1.6000,1.1387
1219336,1.6000,1.1580
1219836,1.6000,1.1435
1220336,1.6000,1.1347
1220836,1.6000,1.1355
1221336,1.6000,1.1387
1221836,1.6000,1.1363
1222336,1.6000,1.1274
1222836,1.6000,1.1387
1223336,1.6000,1.1379
1223836,1.6000,1.1467
1224336,1.6000,1.1435
1224836,1.6000,1.1266
1225336,1.6000,1.1363
1225836,1.6000,1.1419
1226336,1.6000,1.1363
1226836,1.6000,1.1355
1227336,1.6000,1.1395
1227836,1.6000,1.1596
1228336,1.6000,1.1306
1228836,1.6000,1.1387
1229336,1.6000,1.1403
1229836,1.6000,1.1459
1230336,1.6000,1.1443
1230836,1.6000,1.1395
1231336,1.6000,1.1338
1231836,1.6000,1.1322
1232336,1.6000,1.1379
1232836,1.6000,1.1347
1233336,1.6000,1.1435
1233836,1.6000,1.1363
1234336,1.6000,1.1330
1234836,1.6000,1.1435
1235336,1.6000,1.1395
1235836,1.6000,1.1379
1236336,1.6000,1.1338
1236836,1.6000,1.1395
1237336,1.6000,1.1459
1237836,1.6000,1.1258
1238336,1.6000,1.1347
1238836,1.6000,1.1395
1239336,1.6000,1.1395
1239836,1.6000,1.1467
1240336,1.6000,1.1387
1240836,1.6000,1.1419
1241336,1.6000,1.1371
1241836,1.6000,1.1492
1242336,1.6000,1.1435
1242836,1.6000,1.1371
1243336,1.6000,1.1500
1243836,1.6000,1.1427
1244336,1.6000,1.1427
1244836,1.6000,1.1387
1245336,1.6000,1.1435
1245836,1.6000,1.1475
1246336,1.6000,1.1379
1246836,1.6000,1.1435
1247336,1.6000,1.1451
1247836,1.6000,1.1419
1248336,1.6000,1.1298
1248836,1.6000,1.1516
1249336,1.6000,1.1484
1249836,1.6000,1.1435
1250336,1.6000,1.1419
1250836,1.6000,1.1459
1251336,1.6000,1.1484
1251836,1.6000,1.1500
1252336,1.6000,1.1363
1252836,1.6000,1.1419
1253336,1.6000,1.1371
1253836,1.6000,1.1363
1254336,1.6000,1.1467
1254836,1.6000,1.1459
1255336,1.6000,1.1298
1255836,1.6000,1.1427
1256336,1.6000,1.1330
1256836,1.6000,1.1492
1257336,1.6000,1.1733
1257836,1.6000,1.1363
1258336,1.6000,1.1459
1258836,1.6000,1.1492
1259336,1.6000,1.1371
1259836,1.6000,1.1524
1260336,1.6000,1.1435
1260836,1.6000,1.1274
1261336,1.6000,1.1347
1261836,1.6000,1.1363
1262336,1.6000,1.1508
1262836,1.6000,1.1484
1263336,1.6000,1.1459
1263836,1.6000,1.1467
1264336,1.6000,1.1484
1264836,1.6000,1.1443
1265336,1.6000,1.1475
1265836,1.6000,1.1548
1266336,1.6000,1.1435
1266836,1.6000,1.1524
1267336,1.6000,1.1492
1267836,1.6000,1.1500
1268336,1.6000,1.1451
1268836,1.6000,1.1564
1269336,1.6000,1.1492
1269836,1.6000,1.1435
1270336,1.6000,1.1475
1270836,1.6000,1.1484
1271336,1.6000,1.1556
1271836,1.6000,1.1492
1272336,1.6000,1.1338
1272836,1.6000,1.1532
1273336,1.6000,1.1475
1273836,1.6000,1.1564
1274336,1.6000,1.1500
1274836,1.6000,1.1572
1275336,1.6000,1.1459
1275836,1.6000,1.1524
1276336,1.6000,1.1475
1276836,1.6000,1.1500
1277336,1.6000,1.1403
1277836,1.6000,1.1556
1278336,1.6000,1.1475
1278836,1.6000,1.1451
1279336,1.6000,1.1484
1279836,1.6000,1.1725
1280336,1.6000,1.1572
1280836,1.6000,1.1532
1281336,1.6000,1.1548
1281836,1.6000,1.1588
1282336,1.6000,1.1435
1282836,1.6000,1.1604
1283336,1.6000,1.1347
1283836,1.6000,1.1484
1284336,1.6000,1.1475
1284836,1.6000,1.1604
1285336,1.6000,1.1040
1285836,1.6000,1.1532
1286336,1.6000,1.1475
1286836,1.6000,1.1508
1287336,1.6000,1.1500
1287836,1.6000,1.1588
1288336,1.6000,1.1508
1288836,1.6000,1.1492
1289336,1.6000,1.1500
1289836,1.6000,1.1524
1290336,1.6000,1.1653
1290836,1.6000,1.1290
1291336,1.6000,1.1363
1291836,1.6000,1.1532
1292336,1.6000,1.1492
1292836,1.6000,1.1548
1293336,1.6000,1.1524
1293836,1.6000,1.1564
1294336,1.6000,1.1596
1294836,1.6000,1.1580
1295336,1.6000,1.1516
1295836,1.6000,1.1564
1296336,1.6000,1.1556
1296836,1.6000,1.1580
1297336,1.6000,1.1532
1297836,1.6000,1.1572
1298336,1.6000,1.1572
1298836,1.6000,1.1604
1299336,1.6000,1.1629
1299836,1.6000,1.1516
1300336,1.6000,1.1612
1300836,1.6000,1.1516
1301336,1.6000,1.1540
1301836,1.6000,1.1661
1302336,1.6000,1.1637
1302836,1.6000,1.1556
1303336,1.6000,1.1596
1303836,1.6000,1.1475
1304336,1.6000,1.1645
1304836,1.6000,1.1572
1305336,1.6000,1.1580
1305836,1.6000,1.1588
1306336,1.6000,1.1572
1306836,1.6000,1.1508
1307336,1.6000,1.1492
1307836,1.6000,1.1516
1308336,1.6000,1.1629
1308836,1.6000,1.1733
1309336,1.6000,1.1621
1309836,1.6000,1.1500
1310336,1.6000,1.1693
1310836,1.6000,1.1733
1311336,1.6000,1.1637
1311836,1.6000,1.1588
1312336,1.6000,1.1604
1312836,1.6000,1.1677
1313336,1.6000,1.1572
1313836,1.6000,1.1596
1314336,1.6000,1.1556
1314836,1.6000,1.1516
1315336,1.6000,1.1709
1315836,1.6000,1.1524
1316336,1.6000,1.1637
1316836,1.6000,1.1645
1317336,1.6000,1.1653
1317836,1.6000,1.1572
1318336,1.6000,1.1508
1318836,1.6000,1.1604
1319336,1.6000,1.1822
1319836,1.6000,1.1629
1320336,1.6000,1.1733
1320836,1.6000,1.1637
1321336,1.6000,1.1629
1321836,1.6000,1.1580
1322336,1.6000,1.1580
1322836,1.6000,1.1532
1323336,1.6000,1.1645
1323836,1.6000,1.1604
1324336,1.6000,1.1564
1324836,1.6000,1.1532
1325336,1.6000,1.1580
1325836,1.6000,1.1661
1326336,1.6000,1.1629
1326836,1.6000,1.1693
1327336,1.6000,1.1870
1327836,1.6000,1.1612
1328336,1.6000,1.1612
1328836,1.6000,1.1596
1329336,1.6000,1.1661
1329836,1.6000,1.1645
1330336,1.6000,1.1588
1330836,1.6000,1.1733
1331336,1.6000,1.1612
1331836,1.6000,1.1621
1332336,1.6000,1.1629
1332836,1.6000,1.1580
1333336,1.6000,1.1685
1333836,1.6000,1.1532
1334336,1.6000,1.1685
1334836,1.6000,1.1532
1335336,1.6000,1.1596
1335836,1.6000,1.1475
1336336,1.6000,1.1629
1336836,1.6000,1.1693
1337336,1.6000,1.1621
1337836,1.6000,1.1612
1338336,1.6000,1.1484
1338836,1.6000,1.1862
1339336,1.6000,1.1637
1339836,1.6000,1.1685
1340336,1.6000,1.1629
1340836,1.6000,1.1661
1341336,1.6000,1.1693
1341836,1.6000,1.1733
1342336,1.6000,1.1596
1342836,1.6000,1.1645
1343336,1.6000,1.1661
1343836,1.6000,1.1621
1344336,1.6000,1.1653
1344836,1.6000,1.1612
1345336,1.6000,1.1685
1345836,1.6000,1.1693
1346336,1.6000,1.1685
1346836,1.6000,1.1661
1347336,1.6000,1.1653
1347836,1.6000,1.1475
1348336,1.6000,1.1685
1348836,1.6000,1.1758
1349336,1.6000,1.1677
1349836,1.6000,1.1709
1350336,1.6000,1.1645
1350836,1.6000,1.1701
1351336,1.6000,1.1685
1351836,1.6000,1.1725
1352336,1.6000,1.1556
1352836,1.6000,1.1725
1353336,1.6000,1.1725
1353836,1.6000,1.1854
1354336,1.6000,1.1741
1354836,1.6000,1.1427
1355336,1.6000,1.1604
1355836,1.6000,1.1661
1356336,1.6000,1.1653
1356836,1.6000,1.1677
1357336,1.6000,1.1733
1357836,1.6000,1.1629
1358336,1.6000,1.1629
1358836,1.6000,1.1693
1359336,1.6000,1.1629
1359836,1.6000,1.1629
1360336,1.6000,1.1725
1360836,1.6000,1.1709
1361336,1.6000,1.1629
1361836,1.6000,1.1733
1362336,1.6000,1.1717
1362836,1.6000,1.1685
1363336,1.6000,1.1596
1363836,1.6000,1.1693
1364336,1.6000,1.1741
1364836,1.6000,1.1653
1365336,1.6000,1.1629
1365836,1.6000,1.1677
1366336,1.6000,1.1733
1366836,1.6000,1.1782
1367336,1.6000,1.1621
1367836,1.6000,1.1701
1368336,1.6000,1.1725
1368836,1.6000,1.1733
1369336,1.6000,1.1741
1369836,1.6000,1.1677
1370336,1.6000,1.1774
1370836,1.6000,1.1475
1371336,1.6000,1.1548
1371836,1.6000,1.1475
1372336,1.6000,1.1653
1372836,1.6000,1.1693
1373336,1.6000,1.1709
1373836,1.6000,1.1564
1374336,1.6000,1.1629
1374836,1.6000,1.1822
1375336,1.6000,1.1604
1375836,1.6000,1.1733
1376336,1.6000,1.1645
1376836,1.6000,1.1685
1377336,1.6000,1.1717
1377836,1.6000,1.1661
1378336,1.6000,1.1701
1378836,1.6000,1.1967
1379336,1.6000,1.1749
1379836,1.6000,1.1741
1380336,1.6000,1.1733
1380836,1.6000,1.1846
1381336,1.6000,1.1717
1381836,1.6000,1.1596
1382336,1.6000,1.1733
1382836,1.6000,1.1790
1383336,1.6000,1.1782
1383836,1.6000,1.1733
1384336,1.6000,1.1661
1384836,1.6000,1.1693
1385336,1.6000,1.1862
1385836,1.6000,1.1741
1386336,1.6000,1.1766
1386836,1.6000,1.1774
1387336,1.6000,1.1645
1387836,1.6000,1.1717
1388336,1.6000,1.1733
1388836,1.6000,1.1741
1389336,1.6000,1.1774
1389836,1.6000,1.1733
1390336,1.6000,1.1725
1390836,1.6000,1.1733
1391336,1.6000,1.1701
1391836,1.6000,1.1725
1392336,1.6000,1.1741
1392836,1.6000,1.1717
1393336,1.6000,1.1701
1393836,1.6000,1.1782
1394336,1.6000,1.1790
1394836,1.6000,1.1733
1395336,1.6000,1.1943
1395836,1.6000,1.1886
1396336,1.6000,1.1733
1396836,1.6000,1.1814
1397336,1.6000,1.1822
1397836,1.6000,1.1717
1398336,1.6000,1.1782
1398836,1.6000,1.1717
1399336,1.6000,1.1838
1399836,1.6000,1.1661
1400336,1.6000,1.1661
1400836,1.6000,1.1733
1401336,1.6000,1.1766
1401836,1.6000,1.1677
1402336,1.6000,1.1717
1402836,1.6000,1.1838
1403336,1.6000,1.1766
1403836,1.6000,1.1782
1404336,1.6000,1.1838
1404836,1.6000,1.1830
1405336,1.6000,1.1717
1405836,1.6000,1.1596
1406336,1.6000,1.1733
1406836,1.6000,1.1790
1407336,1.6000,1.1725
1407836,1.6000,1.1749
1408336,1.6000,1.1782
1408836,1.6000,1.1766
1409336,1.6000,1.1677
1409836,1.6000,1.1749
1410336,1.6000,1.1758
1410836,1.6000,1.1749
1411336,1.6000,1.1790
1411836,1.6000,1.1653
1412336,1.6000,1.1814
1412836,1.6000,1.1806
1413336,1.6000,1.1492
1413836,1.6000,1.1749
1414336,1.6000,1.1814
1414836,1.6000,1.1733
1415336,1.6000,1.1443
1415836,1.6000,1.1701
1416336,1.6000,1.1741
1416836,1.6000,1.1862
1417336,1.6000,1.1822
1417836,1.6000,1.1741
1418336,1.6000,1.1822
1418836,1.6000,1.1774
1419336,1.6000,1.1741
1419836,1.6000,1.1766
1420336,1.6000,1.1991
1420836,1.6000,1.1806
1421336,1.6000,1.1733
1421836,1.6000,1.1854
1422336,1.6000,1.1782
1422836,1.6000,1.1733
1423336,1.6000,1.1814
1423836,1.6000,1.1878
1424336,1.6000,1.1782
1424836,1.6000,1.1806
1425336,1.6000,1.1830
1425836,1.6000,1.1846
1426336,1.6000,1.1758
1426836,1.6000,1.1733
1427336,1.6000,1.1774
1427836,1.6000,1.1733
1428336,1.6000,1.1846
1428836,1.6000,1.1790
1429336,1.6000,1.1854
1429836,1.6000,1.1846
1430336,1.6000,1.1870
1430836,1.6000,1.1782
1431336,1.6000,1.1733
1431836,1.6000,1.1766
1432336,1.6000,1.1798
1432836,1.6000,1.1814
1433336,1.6000,1.1838
1433836,1.6000,1.1862
1434336,1.6000,1.1774
1434836,1.6000,1.1782
1435336,1.6000,1.1854
1435836,1.6000,1.1766
1436336,1.6000,1.1862
1436836,1.6000,1.1830
1437336,1.6000,1.1919
1437836,1.6000,1.1870
1438336,1.6000,1.1741
1438836,1.6000,1.1830
1439336,1.6000,1.1919
1439836,1.6000,1.1878
1440336,1.6000,1.1693
1440836,1.6000,1.1854
1441336,1.6000,1.1814
1441836,1.6000,1.1862
1442336,1.6000,1.1741
1442836,1.6000,1.1725
1443336,1.6000,1.1846
1443836,1.6000,1.1790
1444336,1.6000,1.1943
1444836,1.6000,1.1886
1445336,1.6000,1.1854
1445836,1.6000,1.1822
1446336,1.6000,1.1741
1446836,1.6000,1.1903
1447336,1.6000,1.1935
1447836,1.6000,1.1919
1448336,1.6000,1.1830
1448836,1.6000,1.2104
1449336,1.6000,1.1838
1449836,1.6000,1.1943
1450336,1.6000,1.1870
1450836,1.6000,1.1862
1451336,1.6000,1.1733
1451836,1.6000,1.1862
1452336,1.6000,1.1911
1452836,1.6000,1.1886
1453336,1.6000,1.1846
1453836,1.6000,1.1870
1454336,1.6000,1.1903
1454836,1.6000,1.1838
1455336,1.6000,1.1838
1455836,1.6000,1.1838
1456336,1.6000,1.1782
1456836,1.6000,1.1854
1457336,1.6000,1.1798
1457836,1.6000,1.1878
1458336,1.6000,1.1903
1458836,1.6000,1.1854
1459336,1.6000,1.1991
1459836,1.6000,1.1878
1460336,1.6000,1.1862
1460836,1.6000,1.1870
1461336,1.6000,1.1830
1461836,1.6000,1.1878
1462336,1.6000,1.1903
1462836,1.6000,1.1862
1463336,1.6000,1.2048
1463836,1.6000,1.1838
1464336,1.6000,1.1886
1464836,1.6000,1.1830
1465336,1.6000,1.1782
1465836,1.6000,1.1903
1466336,1.6000,1.1862
1466836,1.6000,1.1621
1467336,1.6000,1.1854
1467836,1.6000,1.1870
1468336,1.6000,1.1935
1468836,1.6000,1.1911
1469336,1.6000,1.1935
1469836,1.6000,1.1862
1470336,1.6000,1.1886
1470836,1.6000,1.1943
1471336,1.6000,1.1846
1471836,1.6000,1.1878
1472336,1.6000,1.1854
1472836,1.6000,1.1790
1473336,1.6000,1.1782
1473836,1.6000,1.1911
1474336,1.6000,1.2096
1474836,1.6000,1.1886
1475336,1.6000,1.1975
1475836,1.6000,1.1935
1476336,1.6000,1.1854
1476836,1.6000,1.1878
1477336,1.6000,1.2112
1477836,1.6000,1.1983
1478336,1.6000,1.1878
1478836,1.6000,1.1975
1479336,1.6000,1.1629
1479836,1.6000,1.1870
1480336,1.6000,1.1854
1480836,1.6000,1.1919
1481336,1.6000,1.1774
1481836,1.6000,1.1911
1482336,1.6000,1.1774
1482836,1.6000,1.1927
1483336,1.6000,1.1975
1483836,1.6000,1.1886
1484336,1.6000,1.1830
1484836,1.6000,1.1733
1485336,1.6000,1.1862
1485836,1.6000,1.1790
1486336,1.6000,1.1870
1486836,1.6000,1.1822
1487336,1.6000,1.1951
1487836,1.6000,1.1935
1488336,1.6000,1.1878
1488836,1.6000,1.1911
1489336,1.6000,1.1903
1489836,1.6000,1.1766
1490336,1.6000,1.1862
1490836,1.6000,1.1806
1491336,1.6000,1.1919
1491836,1.6000,1.1830
1492336,1.6000,1.1951
1492836,1.6000,1.1943
1493336,1.6000,1.1854
1493836,1.6000,1.1975
1494336,1.6000,1.1935
1494836,1.6000,1.1983
1495336,1.6000,1.2080
1495836,1.6000,1.1935
1496336,1.6000,1.1975
1496836,1.6000,1.1886
1497336,1.6000,1.1886
1497836,1.6000,1.1935
1498336,1.6000,1.1741
1498836,1.6000,1.1862
1499336,1.6000,1.1943
1499836,1.6000,1.1991
1500336,1.6000,1.1854
1500836,1.6000,1.1935
1501336,1.6000,1.1870
1501836,1.6000,1.2007
1502336,1.6000,1.1983
1502836,1.6000,1.1943
1503336,1.6000,1.1991
1503836,1.6000,1.2096
1504336,1.6000,1.1951
1504836,1.6000,1.2120
1505336,1.6000,1.1878
1505836,1.6000,1.1935
1506336,1.6000,1.1991
1506836,1.6000,1.1846
1507336,1.6000,1.1983
1507836,1.6000,1.1983
1508336,1.6000,1.1919
1508836,1.6000,1.1862
1509336,1.6000,1.1919
1509836,1.6000,1.1911
1510336,1.6000,1.1733
1510836,1.6000,1.1870
1511336,1.6000,1.1886
1511836,1.6000,1.1854
1512336,1.6000,1.2088
1512836,1.6000,1.1943
1513336,1.6000,1.1991
1513836,1.6000,1.1814
1514336,1.6000,1.1991
1514836,1.6000,1.1991
1515336,1.6000,1.1951
1515836,1.6000,1.1983
1516336,1.6000,1.1991
1516836,1.6000,1.1862
1517336,1.6000,1.2160
1517836,1.6000,1.1870
1518336,1.6000,1.2144
1518836,1.6000,1.2104
1519336,1.6000,1.1951
1519836,1.6000,1.1943
1520336,1.6000,1.1991
1520836,1.6000,1.1935
1521336,1.6000,1.1967
1521836,1.6000,1.1870
1522336,1.6000,1.1943
1522836,1.6000,1.1967
1523336,1.6000,1.1959
1523836,1.6000,1.1991
1524336,1.6000,1.2007
1524836,1.6000,1.1967
1525336,1.6000,1.1870
1525836,1.6000,1.1878
1526336,1.6000,1.1991
1526836,1.6000,1.2007
1527336,1.6000,1.1870
1527836,1.6000,1.2007
1528336,1.6000,1.1886
1528836,1.6000,1.1911
1529336,1.6000,1.2015
1529836,1.6000,1.1967
1530336,1.6000,1.1991
1530836,1.6000,1.1975
1531336,1.6000,1.2015
1531836,1.6000,1.2104
1532336,1.6000,1.1991
1532836,1.6000,1.1983
1533336,1.6000,1.2330
1533836,1.6000,1.1983
1534336,1.6000,1.1959
1534836,1.6000,1.1886
1535336,1.6000,1.2201
1535836,1.6000,1.1886
1536336,1.6000,1.2040
1536836,1.6000,1.1999
1537336,1.6000,1.1991
1537836,1.6000,1.1975
1538336,1.6000,1.2015
1538836,1.6000,1.1967
1539336,1.6000,1.2032
1539836,1.6000,1.1983
1540336,1.6000,1.1886
1540836,1.6000,1.1999
1541336,1.6000,1.2015
1541836,1.6000,1.2015
1542336,1.6000,1.1991
1542836,1.6000,1.2096
1543336,1.6000,1.1967
1543836,1.6000,1.1991
1544336,1.6000,1.1999
1544836,1.6000,1.1911
1545336,1.6000,1.1935
1545836,1.6000,1.1967
1546336,1.6000,1.2007
1546836,1.6000,1.1878
1547336,1.6000,1.2040
1547836,1.6000,1.2032
1548336,1.6000,1.1999
1548836,1.6000,1.2048
1549336,1.6000,1.1991
1549836,1.6000,1.2249
1550336,1.6000,1.1991
1550836,1.6000,1.1991
1551336,1.6000,1.1991
1551836,1.6000,1.2048
1552336,1.6000,1.2023
1552836,1.6000,1.1999
1553336,1.6000,1.2007
1553836,1.6000,1.1967
1554336,1.6000,1.1967
1554836,1.6000,1.2064
1555336,1.6000,1.1903
1555836,1.6000,1.2015
1556336,1.6000,1.1999
1556836,1.6000,1.1991
1557336,1.6000,1.1999
1557836,1.6000,1.1983
1558336,1.6000,1.1991
1558836,1.6000,1.1475
1559336,1.6000,1.1991
1559836,1.6000,1.2007
1560336,1.6000,1.1733
1560836,1.6000,1.2015
1561336,1.6000,1.1983
1561836,1.6000,1.2007
1562336,1.6000,1.2048
1562836,1.6000,1.2015
1563336,1.6000,1.2072
1563836,1.6000,1.1991
1564336,1.6000,1.2048
1564836,1.6000,1.1999
1565336,1.6000,1.1991
1565836,1.6000,1.2136
1566336,1.6000,1.2112
1566836,1.6000,1.2007
1567336,1.6000,1.2040
1567836,1.6000,1.1999
1568336,1.6000,1.2015
1568836,1.6000,1.1991
1569336,1.6000,1.2112
1569836,1.6000,1.1967
1570336,1.6000,1.1991
1570836,1.6000,1.2032
1571336,1.6000,1.1943
1571836,1.6000,1.2032
1572336,1.6000,1.2088
1572836,1.6000,1.1999
1573336,1.6000,1.1991
1573836,1.6000,1.2096
1574336,1.6000,1.2160
1574836,1.6000,1.1951
1575336,1.6000,1.2104
1575836,1.6000,1.2040
1576336,1.6000,1.1862
1576836,1.6000,1.2032
1577336,1.6000,1.2120
1577836,1.6000,1.2040
1578336,1.6000,1.2080
1578836,1.6000,1.2007
1579336,1.6000,1.2048
1579836,1.6000,1.1999
1580336,1.6000,1.2112
1580836,1.6000,1.1991
1581336,1.6000,1.1983
1581836,1.6000,1.1878
1582336,1.6000,1.2072
1582836,1.6000,1.2007
1583336,1.6000,1.2040
1583836,1.6000,1.1975
1584336,1.6000,1.2241
1584836,1.6000,1.2040
1585336,1.6000,1.2104
1585836,1.6000,1.2080
1586336,1.6000,1.2064
1586836,1.6000,1.2064
1587336,1.6000,1.2032
1587836,1.6000,1.2048
1588336,1.6000,1.2257
1588836,1.6000,1.2023
1589336,1.6000,1.2072
1589836,1.6000,1.2015
1590336,1.6000,1.2136
1590836,1.6000,1.1935
1591336,1.6000,1.2225
1591836,1.6000,1.2289
1592336,1.6000,1.2007
1592836,1.6000,1.2040
1593336,1.6000,1.2128
1593836,1.6000,1.2104
1594336,1.6000,1.2136
1594836,1.6000,1.1991
1595336,1.6000,1.2048
1595836,1.6000,1.2040
1596336,1.6000,1.1975
1596836,1.6000,1.1991
1597336,1.6000,1.1943
1597836,1.6000,1.2015
1598336,1.6000,1.2032
1598836,1.6000,1.2048
1599336,1.6000,1.2241
1599836,1.6000,1.2072
1600336,1.6000,1.2112
1600836,1.6000,1.2048
1601336,1.6000,1.2080
1601836,1.6000,1.2088
1602336,1.6000,1.1967
1602836,1.6000,1.2128
1603336,1.6000,1.1943
1603836,1.6000,1.1991
1604336,1.6000,1.2048
1604836,1.6000,1.2072
1605336,1.6000,1.2136
1605836,1.6000,1.2152
1606336,1.6000,1.2120
1606836,1.6000,1.2040
1607336,1.6000,1.2273
1607836,1.6000,1.2177
1608336,1.6000,1.2088
1608836,1.6000,1.2193
1609336,1.6000,1.2088
1609836,1.6000,1.2072
1610336,1.6000,1.2023
1610836,1.6000,1.2104
1611336,1.6000,1.2032
1611836,1.6000,1.2152
1612336,1.6000,1.2023
1612836,1.6000,1.2136
1613336,1.6000,1.2144
1613836,1.6000,1.2112
1614336,1.6000,1.1975
1614836,1.6000,1.1999
1615336,1.6000,1.2104
1615836,1.6000,1.2120
1616336,1.6000,1.2104
1616836,1.6000,1.2168
1617336,1.6000,1.2064
1617836,1.6000,1.2128
1618336,1.6000,1.2040
1618836,1.6000,1.2023
1619336,1.6000,1.2048
1619836,1.6000,1.2120
1620336,1.6000,1.2072
1620836,1.6000,1.1943
1621336,1.6000,1.2209
1621836,1.6000,1.2032
1622336,1.6000,1.2048
1622836,1.6000,1.1822
1623336,1.6000,1.2120
1623836,1.6000,1.2144
1624336,1.6000,1.2007
1624836,1.6000,1.2120
1625336,1.6000,1.2072
1625836,1.6000,1.2128
1626336,1.6000,1.2144
1626836,1.6000,1.2168
1627336,1.6000,1.2088
1627836,1.6000,1.2370
1628336,1.6000,1.2144
1628836,1.6000,1.2120
1629336,1.6000,1.2217
1629836,1.6000,1.2128
1630336,1.6000,1.2048
1630836,1.6000,1.2177
1631336,1.6000,1.2032
1631836,1.6000,1.2112
1632336,1.6000,1.2249
1632836,1.6000,1.2040
1633336,1.6000,1.2136
1633836,1.6000,1.2112
1634336,1.6000,1.2112
1634836,1.6000,1.2249
1635336,1.6000,1.2128
1635836,1.6000,1.2112
1636336,1.6000,1.2144
1636836,1.6000,1.2072
1637336,1.6000,1.2040
1637836,1.6000,1.2168
1638336,1.6000,1.2120
1638836,1.6000,1.2160
1639336,1.6000,1.2015
1639836,1.6000,1.2144
1640336,1.6000,1.2136
1640836,1.6000,1.2096
1641336,1.6000,1.2072
1641836,1.6000,1.2193
1642336,1.6000,1.2136
1642836,1.6000,1.2330
1643336,1.6000,1.2168
1643836,1.6000,1.2201
1644336,1.6000,1.2120
1644836,1.6000,1.2128
1645336,1.6000,1.2209
1645836,1.6000,1.2144
1646336,1.6000,1.2136
1646836,1.6000,1.1943
1647336,1.6000,1.1991
1647836,1.6000,1.2168
1648336,1.6000,1.2346
1648836,1.6000,1.2201
1649336,1.6000,1.2048
1649836,1.6000,1.2168
1650336,1.6000,1.1991
1650836,1.6000,1.2080
1651336,1.6000,1.2136
1651836,1.6000,1.2257
1652336,1.6000,1.2128
1652836,1.6000,1.1999
1653336,1.6000,1.2104
1653836,1.6000,1.2048
1654336,1.6000,1.2338
1654836,1.6000,1.2144
1655336,1.6000,1.2136
1655836,1.6000,1.2136
1656336,1.6000,1.2257
1656836,1.6000,1.2112
1657336,1.6000,1.1991
1657836,1.6000,1.2120
1658336,1.6000,1.2072
1658836,1.6000,1.2120
1659336,1.6000,1.2160
1659836,1.6000,1.2201
1660336,1.6000,1.2201
1660836,1.6000,1.2233
1661336,1.6000,1.2160
1661836,1.6000,1.2128
1662336,1.6000,1.2032
1662836,1.6000,1.2201
1663336,1.6000,1.2193
1663836,1.6000,1.2305
1664336,1.6000,1.2112
1664836,1.6000,1.2048
1665336,1.6000,1.2225
1665836,1.6000,1.2152
1666336,1.6000,1.2144
1666836,1.6000,1.2104
1667336,1.6000,1.2225
1667836,1.6000,1.2168
1668336,1.6000,1.2128
1668836,1.6000,1.2370
1669336,1.6000,1.2128
1669836,1.6000,1.2201
1670336,1.6000,1.2136
1670836,1.6000,1.2233
1671336,1.6000,1.2209
1671836,1.6000,1.2330
1672336,1.6000,1.2112
1672836,1.6000,1.2112
1673336,1.6000,1.2193
1673836,1.6000,1.2160
1674336,1.6000,1.2249
1674836,1.6000,1.2201
1675336,1.6000,1.2209
1675836,1.6000,1.2249
1676336,1.6000,1.2249
1676836,1.6000,1.2168
1677336,1.6000,1.2233
1677836,1.6000,1.2193
1678336,1.6000,1.2249
1678836,1.6000,1.2241
1679336,1.6000,1.2120
1679836,1.6000,1.2209
1680336,1.6000,1.2120
1680836,1.6000,1.2370
1681336,1.6000,1.1967
1681836,1.6000,1.2168
1682336,1.6000,1.2168
1682836,1.6000,1.2249
1683336,1.6000,1.2209
1683836,1.6000,1.2233
1684336,1.6000,1.2209
1684836,1.6000,1.2209
1685336,1.6000,1.2177
1685836,1.6000,1.2209
1686336,1.6000,1.2072
1686836,1.6000,1.2096
1687336,1.6000,1.2249
1687836,1.6000,1.2201
1688336,1.6000,1.2273
1688836,1.6000,1.2201
1689336,1.6000,1.2233
1689836,1.6000,1.2209
1690336,1.6000,1.2217
1690836,1.6000,1.2193
1691336,1.6000,1.2249
1691836,1.6000,1.2233
1692336,1.6000,1.2289
1692836,1.6000,1.2249
1693336,1.6000,1.2265
1693836,1.6000,1.2177
1694336,1.6000,1.2209
1694836,1.6000,1.2241
1695336,1.6000,1.2265
1695836,1.6000,1.2177
1696336,1.6000,1.2241
1696836,1.6000,1.2177
1697336,1.6000,1.2144
1697836,1.6000,1.2233
1698336,1.6000,1.2241
1698836,1.6000,1.2193
1699336,1.6000,1.2249
1699836,1.6000,1.2370
1700336,1.6000,1.2305
1700836,1.6000,1.2289
1701336,1.6000,1.2596
1701836,1.6000,1.2241
1702336,1.6000,1.2217
1702836,1.6000,1.2241
1703336,1.6000,1.2168
1703836,1.6000,1.2273
1704336,1.6000,1.2636
1704836,1.6000,1.2265
1705336,1.6000,1.2241
1705836,1.6000,1.2209
1706336,1.6000,1.2023
1706836,1.6000,1.2273
1707336,1.6000,1.2370
1707836,1.6000,1.2144
1708336,1.6000,1.2370
1708836,1.6000,1.2249
1709336,1.6000,1.2249
1709836,1.6000,1.2193
1710336,1.6000,1.2225
1710836,1.6000,1.2177
1711336,1.6000,1.2370
1711836,1.6000,1.2249
1712336,1.6000,1.2330
1712836,1.6000,1.2257
1713336,1.6000,1.2225
1713836,1.6000,1.2563
1714336,1.6000,1.2225
1714836,1.6000,1.2281
1715336,1.6000,1.2225
1715836,1.6000,1.2217
1716336,1.6000,1.2249
1716836,1.6000,1.2249
1717336,1.6000,1.2273
1717836,1.6000,1.2265
1718336,1.6000,1.2112
1718836,1.6000,1.2249
1719336,1.6000,1.2249
1719836,1.6000,1.2225
1720336,1.6000,1.2249
1720836,1.6000,1.2225
1721336,1.6000,1.2249
1721836,1.6000,1.2249
1722336,1.6000,1.2257
1722836,1.6000,1.2249
1723336,1.6000,1.2305
1723836,1.6000,1.2273
1724336,1.6000,1.2249
1724836,1.6000,1.2249
1725336,1.6000,1.2305
1725836,1.6000,1.2152
1726336,1.6000,1.2305
1726836,1.6000,1.2265
1727336,1.6000,1.2233
1727836,1.6000,1.2209
1728336,1.6000,1.2233
1728836,1.6000,1.2289
1729336,1.6000,1.2233
1729836,1.6000,1.2128
1730336,1.6000,1.2168
1730836,1.6000,1.2265
1731336,1.6000,1.2338
1731836,1.6000,1.2233
1732336,1.6000,1.2209
1732836,1.6000,1.2249
1733336,1.6000,1.2305
1733836,1.6000,1.2273
1734336,1.6000,1.2330
1734836,1.6000,1.2249
1735336,1.6000,1.2265
1735836,1.6000,1.2362
1736336,1.6000,1.2233
1736836,1.6000,1.2370
1737336,1.6000,1.2370
1737836,1.6000,1.2249
1738336,1.6000,1.2249
1738836,1.6000,1.2273
1739336,1.6000,1.2249
1739836,1.6000,1.2281
1740336,1.6000,1.2249
1740836,1.6000,1.2249
1741336,1.6000,1.2289
1741836,1.6000,1.2249
1742336,1.6000,1.2370
1742836,1.6000,1.2233
1743336,1.6000,1.2265
1743836,1.6000,1.2080
1744336,1.6000,1.2370
1744836,1.6000,1.2249
1745336,1.6000,1.2322
1745836,1.6000,1.2249
1746336,1.6000,1.2660
1746836,1.6000,1.2354
1747336,1.6000,1.2370
1747836,1.6000,1.2281
1748336,1.6000,1.2289
1748836,1.6000,1.2273
1749336,1.6000,1.2249
1749836,1.6000,1.2362
1750336,1.6000,1.2346
1750836,1.6000,1.2007
1751336,1.6000,1.2249
1751836,1.6000,1.2305
1752336,1.6000,1.2837
1752836,1.6000,1.2241
1753336,1.6000,1.2241
1753836,1.6000,1.2289
1754336,1.6000,1.2249
1754836,1.6000,1.2265
1755336,1.6000,1.2362
1755836,1.6000,1.2233
1756336,1.6000,1.2241
1756836,1.6000,1.2305
1757336,1.6000,1.2241
1757836,1.6000,1.2265
1758336,1.6000,1.2265
1758836,1.6000,1.2257
1759336,1.6000,1.2273
1759836,1.6000,1.2249
1760336,1.6000,1.2297
1760836,1.6000,1.2297
1761336,1.6000,1.2370
1761836,1.6000,1.2330
1762336,1.6000,1.2297
1762836,1.6000,1.2338
1763336,1.6000,1.2297
1763836,1.6000,1.2249
1764336,1.6000,1.2370
1764836,1.6000,1.2297
1765336,1.6000,1.2314
1765836,1.6000,1.2273
1766336,1.6000,1.2370
1766836,1.6000,1.2297
1767336,1.6000,1.2265
1767836,1.6000,1.2330
1768336,1.6000,1.2354
1768836,1.6000,1.2370
1769336,1.6000,1.2370
1769836,1.6000,1.2362
1770336,1.6000,1.2297
1770836,1.6000,1.2370
1771336,1.6000,1.2330
1771836,1.6000,1.2177
1772336,1.6000,1.2370
1772836,1.6000,1.2281
1773336,1.6000,1.2249
1773836,1.6000,1.2297
1774336,1.6000,1.2354
1774836,1.6000,1.2370
1775336,1.6000,1.2370
1775836,1.6000,1.2338
1776336,1.6000,1.2305
1776836,1.6000,1.2273
1777336,1.6000,1.2265
1777836,1.6000,1.2346
1778336,1.6000,1.2257
1778836,1.6000,1.2217
1779336,1.6000,1.2257
1779836,1.6000,1.2305
1780336,1.6000,1.2249
1780836,1.6000,1.2305
1781336,1.6000,1.2297
1781836,1.6000,1.2305
1782336,1.6000,1.2281
1782836,1.6000,1.2289
1783336,1.6000,1.2273
1783836,1.6000,1.2305
1784336,1.6000,1.2370
1784836,1.6000,1.2547
1785336,1.6000,1.2370
1785836,1.6000,1.2338
1786336,1.6000,1.2370
1786836,1.6000,1.2297
1787336,1.6000,1.2547
1787836,1.6000,1.2370
1788336,1.6000,1.2273
1788836,1.6000,1.2338
1789336,1.6000,1.2330
1789836,1.6000,1.2193
1790336,1.6000,1.2104
1790836,1.6000,1.2265
1791336,1.6000,1.2305
1791836,1.6000,1.2370
1792336,1.6000,1.2362
1792836,1.6000,1.2370
1793336,1.6000,1.2330
1793836,1.6000,1.2370
1794336,1.6000,1.2209
1794836,1.6000,1.2305
1795336,1.6000,1.2281
1795836,1.6000,1.2322
1796336,1.6000,1.2305
1796836,1.6000,1.2217
1797336,1.6000,1.2370
1797836,1.6000,1.2273
1798336,1.6000,1.2370
1798836,1.6000,1.2265
1799336,1.6000,1.2289
1799836,1.6000,1.2370
1800336,1.6000,1.2362
1800836,1.6000,1.2370
1801336,1.6000,1.2273
1801836,1.6000,1.2338
1802336,1.6000,1.2297
1802836,1.6000,1.2297
1803336,1.6000,1.2370
1803836,1.6000,1.2370
1804336,1.6000,1.2362
1804836,1.6000,1.2209
1805336,1.6000,1.2370
1805836,1.6000,1.2330
1806336,1.6000,1.2362
1806836,1.6000,1.2257
1807336,1.6000,1.2370
1807836,1.6000,1.2273
1808336,1.6000,1.2305
1808836,1.6000,1.2346
1809336,1.6000,1.2370
1809836,1.6000,1.2289
1810336,1.6000,1.2362
1810836,1.6000,1.2370
1811336,1.6000,1.2273
1811836,1.6000,1.2370
1812336,1.6000,1.2370
1812836,1.6000,1.2370
1813336,1.6000,1.2249
1813836,1.6000,1.2338
1814336,1.6000,1.2362
1814836,1.6000,1.2338
1815336,1.6000,1.2249
1815836,1.6000,1.2249
1816336,1.6000,1.2249
1816836,1.6000,1.2370
1817336,1.6000,1.2354
1817836,1.6000,1.2660
1818336,1.6000,1.2346
1818836,1.6000,1.2370
1819336,1.6000,1.2305
1819836,1.6000,1.2370
1820336,1.6000,1.2346
1820836,1.6000,1.2330
1821336,1.6000,1.2322
1821836,1.6000,1.2370
1822336,1.6000,1.2370
1822836,1.6000,1.2241
1823336,1.6000,1.2330
1823836,1.6000,1.2362
1824336,1.6000,1.2338
1824836,1.6000,1.2241
1825336,1.6000,1.2265
1825836,1.6000,1.2370
1826336,1.6000,1.2346
1826836,1.6000,1.2370
1827336,1.6000,1.2354
1827836,1.6000,1.2370
1828336,1.6000,1.2249
1828836,1.6000,1.2370
1829336,1.6000,1.2370
1829836,1.6000,1.2346
1830336,1.6000,1.2305
1830836,1.6000,1.2322
1831336,1.6000,1.2370
1831836,1.6000,1.2370
1832336,1.6000,1.2370
1832836,1.6000,1.2289
1833336,1.6000,1.2370
1833836,1.6000,1.2370
1834336,1.6000,1.2265
1834836,1.6000,1.2257
1835336,1.6000,1.2322
1835836,1.6000,1.2370
1836336,1.6000,1.2354
1836836,1.6000,1.2330
1837336,1.6000,1.2297
1837836,1.6000,1.2257
1838336,1.6000,1.2354
1838836,1.6000,1.2338
1839336,1.6000,1.2354
1839836,1.6000,1.2362
1840336,1.6000,1.2370
1840836,1.6000,1.2370
1841336,1.6000,1.2370
1841836,1.6000,1.2273
1842336,1.6000,1.2370
1842836,1.6000,1.2370
1843336,1.6000,1.2305
1843836,1.6000,1.2346
1844336,1.6000,1.2362
1844836,1.6000,1.2370
1845336,1.6000,1.2370
1845836,1.6000,1.2370
1846336,1.6000,1.2370
1846836,1.6000,1.2346
1847336,1.6000,1.2354
1847836,1.6000,1.2257
1848336,1.6000,1.2370
1848836,1.6000,1.2370
1849336,1.6000,1.2370
1849836,1.6000,1.2370
1850336,1.6000,1.2370
1850836,1.6000,1.2370
1851336,1.6000,1.2370
1851836,1.6000,1.2370
1852336,1.6000,1.2523
1852836,1.6000,1.2636
1853336,1.6000,1.2370
1853836,1.6000,1.2370
1854336,1.6000,1.2370
1854836,1.6000,1.2370
1855336,1.6000,1.2370
1855836,1.6000,1.2233
1856336,1.6000,1.2370
1856836,1.6000,1.2370
1857336,1.6000,1.2289
1857836,1.6000,1.2370
1858336,1.6000,1.2338
1858836,1.6000,1.2539
1859336,1.6000,1.2201
1859836,1.6000,1.2531
1860336,1.6000,1.2370
1860836,1.6000,1.2370
1861336,1.6000,1.2249
1861836,1.6000,1.2370
1862336,1.6000,1.2297
1862836,1.6000,1.2370
1863336,1.6000,1.2370
1863836,1.6000,1.2346
1864336,1.6000,1.2370
1864836,1.6000,1.2370
1865336,1.6000,1.2305
1865836,1.6000,1.2370
1866336,1.6000,1.2660
1866836,1.6000,1.2370
1867336,1.6000,1.2370
1867836,1.6000,1.2265
1868336,1.6000,1.2370
1868836,1.6000,1.2330
1869336,1.6000,1.2370
1869836,1.6000,1.2781
1870336,1.6000,1.2370
1870836,1.6000,1.2370
1871336,1.6000,1.2297
1871836,1.6000,1.2305
1872336,1.6000,1.2370
1872836,1.6000,1.2370
1873336,1.6000,1.2362
1873836,1.6000,1.2523
1874336,1.6000,1.2636
1874836,1.6000,1.2370
1875336,1.6000,1.2370
1875836,1.6000,1.2370
1876336,1.6000,1.2644
1876836,1.6000,1.2152
1877336,1.6000,1.2370
1877836,1.6000,1.2370
1878336,1.6000,1.2539
1878836,1.6000,1.2652
1879336,1.6000,1.2370
1879836,1.6000,1.2370
1880336,1.6000,1.2531
1880836,1.6000,1.2370
1881336,1.6000,1.2322
1881836,1.6000,1.2370
1882336,1.6000,1.2370
1882836,1.6000,1.2370
1883336,1.6000,1.2370
1883836,1.6000,1.2555
1884336,1.6000,1.2370
1884836,1.6000,1.2370
1885336,1.6000,1.2531
1885836,1.6000,1.2370
1886336,1.6000,1.2370
1886836,1.6000,1.2370
1887336,1.6000,1.2370
1887836,1.6000,1.2370
1888336,1.6000,1.2370
1888836,1.6000,1.2563
1889336,1.6000,1.2370
1889836,1.6000,1.2676
1890336,1.6000,1.2555
1890836,1.6000,1.2370
1891336,1.6000,1.2370
1891836,1.6000,1.2370
1892336,1.6000,1.2539
1892836,1.6000,1.2370
1893336,1.6000,1.2370
1893836,1.6000,1.2370
1894336,1.6000,1.2370
1894836,1.6000,1.2370
1895336,1.6000,1.2370
1895836,1.6000,1.2370
1896336,1.6000,1.2563
1896836,1.6000,1.2370
1897336,1.6000,1.2370
1897836,1.6000,1.2370
1898336,1.6000,1.2588
1898836,1.6000,1.2370
1899336,1.6000,1.2588
1899836,1.6000,1.2588
1900336,1.6000,1.2064
1900836,1.6000,1.2370
1901336,1.6000,1.2370
1901836,1.6000,1.2370
1902336,1.6000,1.2563
1902836,1.6000,1.2370
1903336,1.6000,1.2370
1903836,1.6000,1.2370
1904336,1.6000,1.2370
1904836,1.6000,1.2370
1905336,1.6000,1.2370
1905836,1.6000,1.2370
1906336,1.6000,1.2370
1906836,1.6000,1.2370
1907336,1.6000,1.2370
1907836,1.6000,1.2370
1908336,1.6000,1.2370
1908836,1.6000,1.2354
1909336,1.6000,1.2370
1909836,1.6000,1.2370
1910336,1.6000,1.2370
1910836,1.6000,1.2531
1911336,1.6000,1.2555
1911836,1.6000,1.2507
1912336,1.6000,1.2370
1912836,1.6000,1.2523
1913336,1.6000,1.2547
1913836,1.6000,1.2370
1914336,1.6000,1.2523
1914836,1.6000,1.2370
1915336,1.6000,1.2596
1915836,1.6000,1.2370
1916336,1.6000,1.2370
1916836,1.6000,1.2370
1917336,1.6000,1.2370
1917836,1.6000,1.2563
1918336,1.6000,1.2370
1918836,1.6000,1.2370
1919336,1.6000,1.2370
1919836,1.6000,1.2579
1920336,1.6000,1.2370
1920836,1.6000,1.2563
1921336,1.6000,1.2370
1921836,1.6000,1.2563
1922336,1.6000,1.2370
1922836,1.6000,1.2330
1923336,1.6000,1.2370
1923836,1.6000,1.2563
1924336,1.6000,1.2257
1924836,1.6000,1.2370
1925336,1.6000,1.2370
1925836,1.6000,1.2596
1926336,1.6000,1.2370
1926836,1.6000,1.2579
1927336,1.6000,1.2370
1927836,1.6000,1.2531
1928336,1.6000,1.2523
1928836,1.6000,1.2370
1929336,1.6000,1.2531
1929836,1.6000,1.2588
1930336,1.6000,1.2684
1930836,1.6000,1.2531
1931336,1.6000,1.2370
1931836,1.6000,1.2523
1932336,1.6000,1.2370
1932836,1.6000,1.2370
1933336,1.6000,1.2612
1933836,1.6000,1.2370
1934336,1.6000,1.2305
1934836,1.6000,1.2370
1935336,1.6000,1.2612
1935836,1.6000,1.2370
1936336,1.6000,1.2547
1936836,1.6000,1.2620
1937336,1.6000,1.2370
1937836,1.6000,1.2370
1938336,1.6000,1.2539
1938836,1.6000,1.2652
1939336,1.6000,1.2588
1939836,1.6000,1.2322
1940336,1.6000,1.2370
1940836,1.6000,1.2370
1941336,1.6000,1.2612
1941836,1.6000,1.2370
1942336,1.6000,1.2547
1942836,1.6000,1.2370
1943336,1.6000,1.2370
1943836,1.6000,1.2563
1944336,1.6000,1.2370
1944836,1.6000,1.2370
1945336,1.6000,1.2523
1945836,1.6000,1.2563
1946336,1.6000,1.2370
1946836,1.6000,1.2370
1947336,1.6000,1.2370
1947836,1.6000,1.2523
1948336,1.6000,1.2620
1948836,1.6000,1.2579
1949336,1.6000,1.2370
1949836,1.6000,1.2515
1950336,1.6000,1.2370
1950836,1.6000,1.2555
1951336,1.6000,1.2370
1951836,1.6000,1.2370
1952336,1.6000,1.2370
1952836,1.6000,1.2539
1953336,1.6000,1.2588
1953836,1.6000,1.2725
1954336,1.6000,1.2338
1954836,1.6000,1.2370
1955336,1.6000,1.2555
1955836,1.6000,1.2749
1956336,1.6000,1.2370
1956836,1.6000,1.2668
1957336,1.6000,1.2370
1957836,1.6000,1.2612
1958336,1.6000,1.2676
1958836,1.6000,1.2370
1959336,1.6000,1.2370
1959836,1.6000,1.2370
1960336,1.6000,1.2596
1960836,1.6000,1.2523
1961336,1.6000,1.2370
1961836,1.6000,1.2370
1962336,1.6000,1.2628
1962836,1.6000,1.2579
1963336,1.6000,1.2370
1963836,1.6000,1.2579
1964336,1.6000,1.2620
1964836,1.6000,1.2370
1965336,1.6000,1.2612
1965836,1.6000,1.2741
1966336,1.6000,1.2370
1966836,1.6000,1.2370
1967336,1.6000,1.2370
1967836,1.6000,1.2370
1968336,1.6000,1.2547
1968836,1.6000,1.2531
1969336,1.6000,1.2563
1969836,1.6000,1.2370
1970336,1.6000,1.2370
1970836,1.6000,1.2370
1971336,1.6000,1.2370
1971836,1.6000,1.2370
1972336,1.6000,1.2370
1972836,1.6000,1.2531
1973336,1.6000,1.2596
1973836,1.6000,1.2370
1974336,1.6000,1.2652
1974836,1.6000,1.2547
1975336,1.6000,1.2370
1975836,1.6000,1.2596
1976336,1.6000,1.2531
1976836,1.6000,1.2596
1977336,1.6000,1.2370
1977836,1.6000,1.2370
1978336,1.6000,1.2370
1978836,1.6000,1.2523
1979336,1.6000,1.2612
1979836,1.6000,1.2628
1980336,1.6000,1.2765
1980836,1.6000,1.2563
1981336,1.6000,1.2579
1981836,1.6000,1.2370
1982336,1.6000,1.2588
1982836,1.6000,1.2612
1983336,1.6000,1.2555
1983836,1.6000,1.2523
1984336,1.6000,1.2652
1984836,1.6000,1.2596
1985336,1.6000,1.2370
1985836,1.6000,1.2579
1986336,1.6000,1.2547
1986836,1.6000,1.2515
1987336,1.6000,1.2563
1987836,1.6000,1.2555
1988336,1.6000,1.2668
1988836,1.6000,1.2668
1989336,1.6000,1.2273
1989836,1.6000,1.2370
1990336,1.6000,1.2579
1990836,1.6000,1.2684
1991336,1.6000,1.2620
1991836,1.6000,1.2805
1992336,1.6000,1.2644
1992836,1.6000,1.2370
1993336,1.6000,1.2620
1993836,1.6000,1.2370
1994336,1.6000,1.2628
1994836,1.6000,1.2563
1995336,1.6000,1.2588
1995836,1.6000,1.2620
1996336,1.6000,1.2612
1996836,1.6000,1.2652
1997336,1.6000,1.2563
1997836,1.6000,1.2612
1998336,1.6000,1.2628
1998836,1.6000,1.2596
1999336,1.6000,1.2749
1999836,1.6000,1.2612
2000336,1.6000,1.2725
2000836,1.6000,1.2660
2001336,1.6000,1.2660
2001836,1.6000,1.2563
2002336,1.6000,1.2708
2002836,1.6000,1.2531
2003336,1.6000,1.2660
2003836,1.6000,1.2547
2004336,1.6000,1.2596
2004836,1.6000,1.2579
2005336,1.6000,1.2716
2005836,1.6000,1.2588
2006336,1.6000,1.2692
2006836,1.6000,1.2370
2007336,1.6000,1.2370
2007836,1.6000,1.2652
2008336,1.6000,1.2531
2008836,1.6000,1.2636
2009336,1.6000,1.2612
2009836,1.6000,1.2612
2010336,1.6000,1.2620
2010836,1.6000,1.2628
2011336,1.6000,1.2684
2011836,1.6000,1.2684
2012336,1.6000,1.2676
2012836,1.6000,1.2620
2013336,1.6000,1.2684
2013836,1.6000,1.2708
2014336,1.6000,1.2305
2014836,1.6000,1.2628
2015336,1.6000,1.2749
2015836,1.6000,1.2628
2016336,1.6000,1.2757
2016836,1.6000,1.2660
2017336,1.6000,1.2660
2017836,1.6000,1.2676
2018336,1.6000,1.2612
2018836,1.6000,1.2612
2019336,1.6000,1.2652
2019836,1.6000,1.2579
2020336,1.6000,1.2741
2020836,1.6000,1.2700
2021336,1.6000,1.2660
2021836,1.6000,1.2684
2022336,1.6000,1.2636
2022836,1.6000,1.2579
2023336,1.6000,1.2668
2023836,1.6000,1.2692
2024336,1.6000,1.2620
2024836,1.6000,1.2708
2025336,1.6000,1.2620
2025836,1.6000,1.2628
2026336,1.6000,1.2612
2026836,1.6000,1.2644
2027336,1.6000,1.2571
2027836,1.6000,1.2596
2028336,1.6000,1.2660
2028836,1.6000,1.2579
2029336,1.6000,1.2692
2029836,1.6000,1.2596
2030336,1.6000,1.2636
2030836,1.6000,1.2620
2031336,1.6000,1.2733
2031836,1.6000,1.2749
2032336,1.6000,1.2660
2032836,1.6000,1.2644
2033336,1.6000,1.2644
2033836,1.6000,1.2588
2034336,1.6000,1.2563
2034836,1.6000,1.2596
2035336,1.6000,1.2636
2035836,1.6000,1.2652
2036336,1.6000,1.2781
2036836,1.6000,1.2660
2037336,1.6000,1.2716
2037836,1.6000,1.2620
2038336,1.6000,1.2612
2038836,1.6000,1.2660
2039336,1.6000,1.2628
2039836,1.6000,1.2555
2040336,1.6000,1.2716
2040836,1.6000,1.2588
2041336,1.6000,1.2660
2041836,1.6000,1.2660
2042336,1.6000,1.2741
2042836,1.6000,1.2853
2043336,1.6000,1.2370
2043836,1.6000,1.2370
2044336,1.6000,1.2579
2044836,1.6000,1.2644
2045336,1.6000,1.2628
2045836,1.6000,1.2741
2046336,1.6000,1.2644
2046836,1.6000,1.2741
2047336,1.6000,1.2684
2047836,1.6000,1.2612
2048336,1.6000,1.2676
2048836,1.6000,1.2370
2049336,1.6000,1.2660
2049836,1.6000,1.2636
2050336,1.6000,1.2716
2050836,1.6000,1.2612
2051336,1.6000,1.2749
2051836,1.6000,1.2765
2052336,1.6000,1.2370
2052836,1.6000,1.2370
2053336,1.6000,1.2741
2053836,1.6000,1.2612
2054336,1.6000,1.2660
2054836,1.6000,1.2741
2055336,1.6000,1.2708
2055836,1.6000,1.2563
2056336,1.6000,1.2886
2056836,1.6000,1.2684
2057336,1.6000,1.2628
2057836,1.6000,1.2692
2058336,1.6000,1.2749
2058836,1.6000,1.2596
2059336,1.6000,1.2725
2059836,1.6000,1.2370
2060336,1.6000,1.2716
2060836,1.6000,1.2555
2061336,1.6000,1.2612
2061836,1.6000,1.2821
2062336,1.6000,1.2692
2062836,1.6000,1.2652
2063336,1.6000,1.2660
2063836,1.6000,1.2765
2064336,1.6000,1.2563
2064836,1.6000,1.2853
2065336,1.6000,1.2725
2065836,1.6000,1.2934
2066336,1.6000,1.2684
2066836,1.6000,1.2692
2067336,1.6000,1.2725
2067836,1.6000,1.2596
2068336,1.6000,1.2660
2068836,1.6000,1.2612
2069336,1.6000,1.2725
2069836,1.6000,1.2628
2070336,1.6000,1.2741
2070836,1.6000,1.2765
2071336,1.6000,1.2749
2071836,1.6000,1.3192
2072336,1.6000,1.2660
2072836,1.6000,1.2620
2073336,1.6000,1.2676
2073836,1.6000,1.2620
2074336,1.6000,1.2636
2074836,1.6000,1.2555
2075336,1.6000,1.2886
2075836,1.6000,1.2660
2076336,1.6000,1.2370
2076836,1.6000,1.2781
2077336,1.6000,1.2757
2077836,1.6000,1.2765
2078336,1.6000,1.2741
2078836,1.6000,1.2716
2079336,1.6000,1.2749
2079836,1.6000,1.2668
2080336,1.6000,1.2757
2080836,1.6000,1.2741
2081336,1.6000,1.2725
2081836,1.6000,1.2708
2082336,1.6000,1.2757
2082836,1.6000,1.2725
2083336,1.6000,1.2765
2083836,1.6000,1.2636
2084336,1.6000,1.2725
2084836,1.6000,1.2781
2085336,1.6000,1.2733
2085836,1.6000,1.2571
2086336,1.6000,1.2757
2086836,1.6000,1.2725
2087336,1.6000,1.2781
2087836,1.6000,1.2741
2088336,1.6000,1.2660
2088836,1.6000,1.2926
2089336,1.6000,1.2765
2089836,1.6000,1.2749
2090336,1.6000,1.2765
2090836,1.6000,1.2692
2091336,1.6000,1.2692
2091836,1.6000,1.2757
2092336,1.6000,1.2652
2092836,1.6000,1.2725
2093336,1.6000,1.2660
2093836,1.6000,1.2765
2094336,1.6000,1.2749
2094836,1.6000,1.2773
2095336,1.6000,1.2684
2095836,1.6000,1.2813
2096336,1.6000,1.2821
2096836,1.6000,1.2733
2097336,1.6000,1.2628
2097836,1.6000,1.2692
2098336,1.6000,1.2773
2098836,1.6000,1.2725
2099336,1.6000,1.2765
2099836,1.6000,1.2741
2100336,1.6000,1.2249
2100836,1.6000,1.2773
2101336,1.6000,1.2692
2101836,1.6000,1.2781
2102336,1.6000,1.2845
2102836,1.6000,1.2708
2103336,1.6000,1.2765
2103836,1.6000,1.2749
2104336,1.6000,1.2652
2104836,1.6000,1.2910
2105336,1.6000,1.2741
2105836,1.6000,1.2725
2106336,1.6000,1.2813
2106836,1.6000,1.2757
2107336,1.6000,1.2757
2107836,1.6000,1.2765
2108336,1.6000,1.2741
2108836,1.6000,1.2765
2109336,1.6000,1.2757
2109836,1.6000,1.2725
2110336,1.6000,1.2660
2110836,1.6000,1.2765
2111336,1.6000,1.2781
2111836,1.6000,1.2708
2112336,1.6000,1.2845
2112836,1.6000,1.2716
2113336,1.6000,1.2781
2113836,1.6000,1.2684
2114336,1.6000,1.2660
2114836,1.6000,1.2757
2115336,1.6000,1.2789
2115836,1.6000,1.2870
2116336,1.6000,1.2741
2116836,1.6000,1.2652
2117336,1.6000,1.2813
2117836,1.6000,1.2805
2118336,1.6000,1.2853
2118836,1.6000,1.2757
2119336,1.6000,1.2765
2119836,1.6000,1.2773
2120336,1.6000,1.2821
2120836,1.6000,1.2773
2121336,1.6000,1.2765
2121836,1.6000,1.2862
2122336,1.6000,1.2805
2122836,1.6000,1.2773
2123336,1.6000,1.2749
2123836,1.6000,1.2741
2124336,1.6000,1.2749
2124836,1.6000,1.2773
2125336,1.6000,1.2765
2125836,1.6000,1.2757
2126336,1.6000,1.2563
2126836,1.6000,1.2894
2127336,1.6000,1.2757
2127836,1.6000,1.2773
2128336,1.6000,1.2660
2128836,1.6000,1.2773
2129336,1.6000,1.2773
2129836,1.6000,1.2588
2130336,1.6000,1.2765
2130836,1.6000,1.2370
2131336,1.6000,1.2757
2131836,1.6000,1.2765
2132336,1.6000,1.2708
2132836,1.6000,1.2757
2133336,1.6000,1.2644
2133836,1.6000,1.2733
2134336,1.6000,1.2765
2134836,1.6000,1.2725
2135336,1.6000,1.2765
2135836,1.6000,1.2700
2136336,1.6000,1.2773
2136836,1.6000,1.2781
2137336,1.6000,1.2781
2137836,1.6000,1.2789
2138336,1.6000,1.2765
2138836,1.6000,1.2821
2139336,1.6000,1.2781
2139836,1.6000,1.2845
2140336,1.6000,1.2765
2140836,1.6000,1.2765
2141336,1.6000,1.2765
2141836,1.6000,1.2805
2142336,1.6000,1.2813
2142836,1.6000,1.2765
2143336,1.6000,1.2789
2143836,1.6000,1.2765
2144336,1.6000,1.2813
2144836,1.6000,1.2765
2145336,1.6000,1.2966
2145836,1.6000,1.2821
2146336,1.6000,1.2636
2146836,1.6000,1.2547
2147336,1.6000,1.2837
2147836,1.6000,1.2652
2148336,1.6000,1.2676
2148836,1.6000,1.2813
2149336,1.6000,1.2789
2149836,1.6000,1.2805
2150336,1.6000,1.2741
2150836,1.6000,1.2765
2151336,1.6000,1.2886
2151836,1.6000,1.2773
2152336,1.6000,1.2765
2152836,1.6000,1.2805
2153336,1.6000,1.2741
2153836,1.6000,1.2757
2154336,1.6000,1.2733
2154836,1.6000,1.2982
2155336,1.6000,1.2805
2155836,1.6000,1.2829
2156336,1.6000,1.2765
2156836,1.6000,1.2765
2157336,1.6000,1.2821
2157836,1.6000,1.2886
2158336,1.6000,1.2894
2158836,1.6000,1.2829
2159336,1.6000,1.2789
2159836,1.6000,1.2765
2160336,1.6000,1.2773
2160836,1.6000,1.2934
2161336,1.6000,1.2660
2161836,1.6000,1.2773
2162336,1.6000,1.2805
2162836,1.6000,1.2813
2163336,1.6000,1.2805
2163836,1.6000,1.2845
2164336,1.6000,1.2918
2164836,1.6000,1.2813
2165336,1.6000,1.2926
2165836,1.6000,1.2708
2166336,1.6000,1.2684
2166836,1.6000,1.2845
2167336,1.6000,1.2652
2167836,1.6000,1.2837
2168336,1.6000,1.2813
2168836,1.6000,1.2853
2169336,1.6000,1.2813
2169836,1.6000,1.2853
2170336,1.6000,1.2845
2170836,1.6000,1.2781
2171336,1.6000,1.2821
2171836,1.6000,1.2668
2172336,1.6000,1.2644
2172836,1.6000,1.2773
2173336,1.6000,1.2644
2173836,1.6000,1.2805
2174336,1.6000,1.2789
2174836,1.6000,1.2781
2175336,1.6000,1.2765
2175836,1.6000,1.2370
2176336,1.6000,1.2773
2176836,1.6000,1.2837
2177336,1.6000,1.3103
2177836,1.6000,1.2789
2178336,1.6000,1.2805
2178836,1.6000,1.2741
2179336,1.6000,1.2733
2179836,1.6000,1.2773
2180336,1.6000,1.2579
2180836,1.6000,1.2845
2181336,1.6000,1.2789
2181836,1.6000,1.2813
2182336,1.6000,1.2757
2182836,1.6000,1.2725
2183336,1.6000,1.2878
2183836,1.6000,1.2789
2184336,1.6000,1.2789
2184836,1.6000,1.2805
2185336,1.6000,1.2773
2185836,1.6000,1.2910
2186336,1.6000,1.2813
2186836,1.6000,1.2733
2187336,1.6000,1.2878
2187836,1.6000,1.2853
2188336,1.6000,1.2813
2188836,1.6000,1.2749
2189336,1.6000,1.2773
2189836,1.6000,1.2918
2190336,1.6000,1.2797
2190836,1.6000,1.2853
2191336,1.6000,1.2902
2191836,1.6000,1.3023
2192336,1.6000,1.2870
2192836,1.6000,1.2789
2193336,1.6000,1.2789
2193836,1.6000,1.2813
2194336,1.6000,1.2862
2194836,1.6000,1.3031
2195336,1.6000,1.2845
2195836,1.6000,1.2862
2196336,1.6000,1.2934
2196836,1.6000,1.2837
2197336,1.6000,1.2837
2197836,1.6000,1.3015
2198336,1.6000,1.2644
2198836,1.6000,1.2829
2199336,1.6000,1.2853
2199836,1.6000,1.2845
2200336,1.6000,1.2813
2200836,1.6000,1.2918
2201336,1.6000,1.2781
2201836,1.6000,1.2853
2202336,1.6000,1.3023
2202836,1.6000,1.2821
2203336,1.6000,1.2789
2203836,1.6000,1.2765
2204336,1.6000,1.2910
2204836,1.6000,1.2797
2205336,1.6000,1.2902
2205836,1.6000,1.2765
2206336,1.6000,1.2781
2206836,1.6000,1.2789
2207336,1.6000,1.2894
2207836,1.6000,1.2845
2208336,1.6000,1.2878
2208836,1.6000,1.2853
2209336,1.6000,1.2797
2209836,1.6000,1.2837
2210336,1.6000,1.2813
2210836,1.6000,1.2805
2211336,1.6000,1.2837
2211836,1.6000,1.2886
2212336,1.6000,1.2862
2212836,1.6000,1.2853
2213336,1.6000,1.2886
2213836,1.6000,1.2894
2214336,1.6000,1.2821
2214836,1.6000,1.2894
2215336,1.6000,1.2813
2215836,1.6000,1.3023
2216336,1.6000,1.2853
2216836,1.6000,1.2765
2217336,1.6000,1.2853
2217836,1.6000,1.2910
2218336,1.6000,1.2821
2218836,1.6000,1.2878
2219336,1.6000,1.2950
2219836,1.6000,1.2725
2220336,1.6000,1.2805
2220836,1.6000,1.2886
2221336,1.6000,1.2821
2221836,1.6000,1.2725
2222336,1.6000,1.2870
2222836,1.6000,1.2837
2223336,1.6000,1.2942
2223836,1.6000,1.2813
2224336,1.6000,1.2886
2224836,1.6000,1.2797
2225336,1.6000,1.2926
2225836,1.6000,1.2918
2226336,1.6000,1.2789
2226836,1.6000,1.2853
2227336,1.6000,1.2966
2227836,1.6000,1.2765
2228336,1.6000,1.2813
2228836,1.6000,1.2862
2229336,1.6000,1.2902
2229836,1.6000,1.2853
2230336,1.6000,1.2837
2230836,1.6000,1.2918
2231336,1.6000,1.2845
2231836,1.6000,1.2813
2232336,1.6000,1.2910
2232836,1.6000,1.2894
2233336,1.6000,1.2845
2233836,1.6000,1.2878
2234336,1.6000,1.3015
2234836,1.6000,1.3047
2235336,1.6000,1.2878
2235836,1.6000,1.2878
2236336,1.6000,1.2894
2236836,1.6000,1.2845
2237336,1.6000,1.2918
2237836,1.6000,1.2829
2238336,1.6000,1.2845
2238836,1.6000,1.2942
2239336,1.6000,1.2942
2239836,1.6000,1.2910
2240336,1.6000,1.2974
2240836,1.6000,1.2870
2241336,1.6000,1.2813
2241836,1.6000,1.2862
2242336,1.6000,1.2934
2242836,1.6000,1.2894
2243336,1.6000,1.2894
2243836,1.6000,1.2918
2244336,1.6000,1.2910
2244836,1.6000,1.2942
2245336,1.6000,1.2894
2245836,1.6000,1.2886
2246336,1.6000,1.2805
2246836,1.6000,1.2870
2247336,1.6000,1.2894
2247836,1.6000,1.2966
2248336,1.6000,1.2894
2248836,1.6000,1.2886
2249336,1.6000,1.2934
2249836,1.6000,1.2853
2250336,1.6000,1.2886
2250836,1.6000,1.2845
2251336,1.6000,1.2934
2251836,1.6000,1.2870
2252336,1.6000,1.2853
2252836,1.6000,1.2926
2253336,1.6000,1.3111
2253836,1.6000,1.2886
2254336,1.6000,1.2781
2254836,1.6000,1.3031
2255336,1.6000,1.2982
2255836,1.6000,1.2894
2256336,1.6000,1.2853
2256836,1.6000,1.2910
2257336,1.6000,1.2910
2257836,1.6000,1.2870
2258336,1.6000,1.2934
2258836,1.6000,1.2910
2259336,1.6000,1.2837
2259836,1.6000,1.2902
2260336,1.6000,1.2878
2260836,1.6000,1.2878
2261336,1.6000,1.3031
2261836,1.6000,1.2918
2262336,1.6000,1.2942
2262836,1.6000,1.2942
2263336,1.6000,1.2902
2263836,1.6000,1.2974
2264336,1.6000,1.2878
2264836,1.6000,1.2926
2265336,1.6000,1.2950
2265836,1.6000,1.2894
2266336,1.6000,1.2853
2266836,1.6000,1.3071
2267336,1.6000,1.2894
2267836,1.6000,1.2886
2268336,1.6000,1.2918
2268836,1.6000,1.2870
2269336,1.6000,1.2870
2269836,1.6000,1.2974
2270336,1.6000,1.2894
2270836,1.6000,1.2894
2271336,1.6000,1.3015
2271836,1.6000,1.2886
2272336,1.6000,1.2902
2272836,1.6000,1.2942
2273336,1.6000,1.2910
2273836,1.6000,1.2894
2274336,1.6000,1.2902
2274836,1.6000,1.2926
2275336,1.6000,1.2999
2275836,1.6000,1.3023
2276336,1.6000,1.2966
2276836,1.6000,1.2999
2277336,1.6000,1.2902
2277836,1.6000,1.2926
2278336,1.6000,1.3095
2278836,1.6000,1.3031
2279336,1.6000,1.2821
2279836,1.6000,1.2934
2280336,1.6000,1.2999
2280836,1.6000,1.2974
2281336,1.6000,1.2966
2281836,1.6000,1.2894
2282336,1.6000,1.2773
2282836,1.6000,1.2886
2283336,1.6000,1.2982
2283836,1.6000,1.2982
2284336,1.6000,1.2982
2284836,1.6000,1.2999
2285336,1.6000,1.3007
2285836,1.6000,1.2894
2286336,1.6000,1.2974
2286836,1.6000,1.2837
2287336,1.6000,1.2910
2287836,1.6000,1.2870
2288336,1.6000,1.2894
2288836,1.6000,1.2886
2289336,1.6000,1.3152
2289836,1.6000,1.2934
2290336,1.6000,1.2926
2290836,1.6000,1.2934
2291336,1.6000,1.2999
2291836,1.6000,1.3063
2292336,1.6000,1.2934
2292836,1.6000,1.2918
2293336,1.6000,1.2950
2293836,1.6000,1.3160
2294336,1.6000,1.2934
2294836,1.6000,1.2982
2295336,1.6000,1.3031
2295836,1.6000,1.2870
2296336,1.6000,1.2999
2296836,1.6000,1.3071
2297336,1.6000,1.2950
2297836,1.6000,1.2845
2298336,1.6000,1.2821
2298836,1.6000,1.2853
2299336,1.6000,1.2894
2299836,1.6000,1.2934
2300336,1.6000,1.2974
2300836,1.6000,1.2805
2301336,1.6000,1.2974
2301836,1.6000,1.3071
2302336,1.6000,1.2934
2302836,1.6000,1.2894
2303336,1.6000,1.2934
2303836,1.6000,1.3095
2304336,1.6000,1.3297
2304836,1.6000,1.2942
2305336,1.6000,1.2966
2305836,1.6000,1.2902
2306336,1.6000,1.2878
2306836,1.6000,1.2974
2307336,1.6000,1.2942
2307836,1.6000,1.2974
2308336,1.6000,1.3023
2308836,1.6000,1.3015
2309336,1.6000,1.2918
2309836,1.6000,1.2805
2310336,1.6000,1.2974
2310836,1.6000,1.2974
2311336,1.6000,1.2966
2311836,1.6000,1.2990
2312336,1.6000,1.3184
2312836,1.6000,1.3063
2313336,1.6000,1.2813
2313836,1.6000,1.3023
2314336,1.6000,1.3023
2314836,1.6000,1.2902
2315336,1.6000,1.2902
2315836,1.6000,1.2999
2316336,1.6000,1.2845
2316836,1.6000,1.2773
2317336,1.6000,1.2821
2317836,1.6000,1.2934
2318336,1.6000,1.2950
2318836,1.6000,1.3007
2319336,1.6000,1.2934
2319836,1.6000,1.3111
2320336,1.6000,1.2982
2320836,1.6000,1.2934
2321336,1.6000,1.2934
2321836,1.6000,1.3015
2322336,1.6000,1.2982
2322836,1.6000,1.2966
2323336,1.6000,1.2999
2323836,1.6000,1.2966
2324336,1.6000,1.2757
2324836,1.6000,1.2894
2325336,1.6000,1.2902
2325836,1.6000,1.2862
2326336,1.6000,1.2886
2326836,1.6000,1.3047
2327336,1.6000,1.2902
2327836,1.6000,1.2942
2328336,1.6000,1.2910
2328836,1.6000,1.2870
2329336,1.6000,1.2894
2329836,1.6000,1.3039
2330336,1.6000,1.3023
2330836,1.6000,1.2942
2331336,1.6000,1.2620
2331836,1.6000,1.3023
2332336,1.6000,1.3079
2332836,1.6000,1.3023
2333336,1.6000,1.2982
2333836,1.6000,1.3023
2334336,1.6000,1.2990
2334836,1.6000,1.2918
2335336,1.6000,1.3047
2335836,1.6000,1.2999
2336336,1.6000,1.2974
2336836,1.6000,1.3031
2337336,1.6000,1.3039
2337836,1.6000,1.2974
2338336,1.6000,1.2910
2338836,1.6000,1.3023
2339336,1.6000,1.3015
2339836,1.6000,1.3031
2340336,1.6000,1.2974
2340836,1.6000,1.3023
2341336,1.6000,1.2886
2341836,1.6000,1.2918
2342336,1.6000,1.3063
2342836,1.6000,1.2902
2343336,1.6000,1.3023
2343836,1.6000,1.2950
2344336,1.6000,1.2942
2344836,1.6000,1.3031
2345336,1.6000,1.3023
2345836,1.6000,1.3047
2346336,1.6000,1.2942
2346836,1.6000,1.2982
2347336,1.6000,1.2966
2347836,1.6000,1.2926
2348336,1.6000,1.3039
2348836,1.6000,1.2918
2349336,1.6000,1.2999
2349836,1.6000,1.3055
2350336,1.6000,1.2894
2350836,1.6000,1.2878
2351336,1.6000,1.3007
2351836,1.6000,1.2982
2352336,1.6000,1.2974
2352836,1.6000,1.2934
2353336,1.6000,1.2966
2353836,1.6000,1.2910
2354336,1.6000,1.2942
2354836,1.6000,1.3015
2355336,1.6000,1.2950
2355836,1.6000,1.3015
2356336,1.6000,1.2789
2356836,1.6000,1.3103
2357336,1.6000,1.3015
2357836,1.6000,1.3015
2358336,1.6000,1.3007
2358836,1.6000,1.3176
2359336,1.6000,1.2942
2359836,1.6000,1.2894
2360336,1.6000,1.2926
2360836,1.6000,1.2966
2361336,1.6000,1.3127
2361836,1.6000,1.2918
2362336,1.6000,1.2918
2362836,1.6000,1.2950
2363336,1.6000,1.2942
2363836,1.6000,1.3039
2364336,1.6000,1.3007
2364836,1.6000,1.2966
2365336,1.6000,1.3031
2365836,1.6000,1.2821
2366336,1.6000,1.3039
2366836,1.6000,1.2886
2367336,1.6000,1.2773
2367836,1.6000,1.3071
2368336,1.6000,1.3063
2368836,1.6000,1.2950
2369336,1.6000,1.2894
2369836,1.6000,1.3240
2370336,1.6000,1.2757
2370836,1.6000,1.3015
2371336,1.6000,1.2773
2371836,1.6000,1.3281
2372336,1.6000,1.3168
2372836,1.6000,1.3023
2373336,1.6000,1.3103
2373836,1.6000,1.3023
2374336,1.6000,1.3023
2374836,1.6000,1.3023
2375336,1.6000,1.3111
2375836,1.6000,1.2999
2376336,1.6000,1.3063
2376836,1.6000,1.3023
2377336,1.6000,1.3071
2377836,1.6000,1.3063
2378336,1.6000,1.3023
2378836,1.6000,1.3031
2379336,1.6000,1.2982
2379836,1.6000,1.3039
2380336,1.6000,1.3015
2380836,1.6000,1.3023
2381336,1.6000,1.2982
2381836,1.6000,1.3023
2382336,1.6000,1.3007
2382836,1.6000,1.3095
2383336,1.6000,1.2982
2383836,1.6000,1.2974
2384336,1.6000,1.3007
2384836,1.6000,1.2910
2385336,1.6000,1.2918
2385836,1.6000,1.3047
2386336,1.6000,1.2902
2386836,1.6000,1.2990
2387336,1.6000,1.3232
2387836,1.6000,1.3039
2388336,1.6000,1.3168
2388836,1.6000,1.3095
2389336,1.6000,1.3047
2389836,1.6000,1.2950
2390336,1.6000,1.3023
2390836,1.6000,1.3023
2391336,1.6000,1.3176
2391836,1.6000,1.2999
2392336,1.6000,1.3055
2392836,1.6000,1.3007
2393336,1.6000,1.3023
2393836,1.6000,1.2974
2394336,1.6000,1.3039
2394836,1.6000,1.2894
2395336,1.6000,1.3039
2395836,1.6000,1.3071
2396336,1.6000,1.3047
2396836,1.6000,1.3023
2397336,1.6000,1.3015
2397836,1.6000,1.3031
2398336,1.6000,1.3136
2398836,1.6000,1.3047
2399336,1.6000,1.3007
2399836,1.6000,1.3200
2400336,1.6000,1.3119
2400836,1.6000,1.3039
2401336,1.6000,1.2966
2401836,1.6000,1.3063
2402336,1.6000,1.3152
2402836,1.6000,1.3144
2403336,1.6000,1.3047
2403836,1.6000,1.3144
2404336,1.6000,1.3023
2404836,1.6000,1.3023
2405336,1.6000,1.3095
2405836,1.6000,1.3039
2406336,1.6000,1.3063
2406836,1.6000,1.3136
2407336,1.6000,1.3176
2407836,1.6000,1.2974
2408336,1.6000,1.2878
2408836,1.6000,1.3047
2409336,1.6000,1.3023
2409836,1.6000,1.3289
2410336,1.6000,1.3071
2410836,1.6000,1.2942
2411336,1.6000,1.3015
2411836,1.6000,1.3071
2412336,1.6000,1.3023
2412836,1.6000,1.3023
2413336,1.6000,1.2902
2413836,1.6000,1.3047
2414336,1.6000,1.2950
2414836,1.6000,1.3023
2415336,1.6000,1.2894
2415836,1.6000,1.2821
2416336,1.6000,1.3023
2416836,1.6000,1.2958
2417336,1.6000,1.3079
2417836,1.6000,1.3063
2418336,1.6000,1.3079
2418836,1.6000,1.3047
2419336,1.6000,1.3095
2419836,1.6000,1.3071
2420336,1.6000,1.3023
2420836,1.6000,1.3023
2421336,1.6000,1.3047
2421836,1.6000,1.3023
2422336,1.6000,1.3031
2422836,1.6000,1.3023
2423336,1.6000,1.3071
2423836,1.6000,1.2982
2424336,1.6000,1.2765
2424836,1.6000,1.3071
2425336,1.6000,1.3176
2425836,1.6000,1.2999
2426336,1.6000,1.3031
2426836,1.6000,1.3015
2427336,1.6000,1.3079
2427836,1.6000,1.3047
2428336,1.6000,1.3071
2428836,1.6000,1.3111
2429336,1.6000,1.3063
2429836,1.6000,1.3256
2430336,1.6000,1.3071
2430836,1.6000,1.2999
2431336,1.6000,1.3063
2431836,1.6000,1.3023
2432336,1.6000,1.3039
2432836,1.6000,1.3015
2433336,1.6000,1.3047
2433836,1.6000,1.3095
2434336,1.6000,1.3071
2434836,1.6000,1.2910
2435336,1.6000,1.3023
2435836,1.6000,1.3063
2436336,1.6000,1.3071
2436836,1.6000,1.2950
2437336,1.6000,1.3136
2437836,1.6000,1.3152
2438336,1.6000,1.3039
2438836,1.6000,1.3144
2439336,1.6000,1.3039
2439836,1.6000,1.3047
2440336,1.6000,1.3192
2440836,1.6000,1.3007
2441336,1.6000,1.3063
2441836,1.6000,1.3063
2442336,1.6000,1.3111
2442836,1.6000,1.3095
2443336,1.6000,1.3136
2443836,1.6000,1.3369
2444336,1.6000,1.3063
2444836,1.6000,1.2902
2445336,1.6000,1.3152
2445836,1.6000,1.2966
2446336,1.6000,1.3047
2446836,1.6000,1.3071
2447336,1.6000,1.3111
2447836,1.6000,1.3023
2448336,1.6000,1.3160
2448836,1.6000,1.3119
2449336,1.6000,1.3160
2449836,1.6000,1.3095
2450336,1.6000,1.3144
2450836,1.6000,1.3055
2451336,1.6000,1.3136
2451836,1.6000,1.3127
2452336,1.6000,1.3111
2452836,1.6000,1.3127
2453336,1.6000,1.3127
2453836,1.6000,1.3031
2454336,1.6000,1.3321
2454836,1.6000,1.2966
2455336,1.6000,1.3176
2455836,1.6000,1.3136
2456336,1.6000,1.3144
2456836,1.6000,1.3079
2457336,1.6000,1.3071
2457836,1.6000,1.3136
2458336,1.6000,1.3136
2458836,1.6000,1.3103
2459336,1.6000,1.3144
2459836,1.6000,1.3168
2460336,1.6000,1.3071
2460836,1.6000,1.3023
2461336,1.6000,1.3031
2461836,1.6000,1.3264
2462336,1.6000,1.3039
2462836,1.6000,1.3152
2463336,1.6000,1.3144
2463836,1.6000,1.3095
2464336,1.6000,1.3087
2464836,1.6000,1.3208
2465336,1.6000,1.3136
2465836,1.6000,1.3136
2466336,1.6000,1.3111
2466836,1.6000,1.3063
2467336,1.6000,1.3079
2467836,1.6000,1.3136
2468336,1.6000,1.3119
2468836,1.6000,1.3079
2469336,1.6000,1.3071
2469836,1.6000,1.3119
2470336,1.6000,1.3152
2470836,1.6000,1.3039
2471336,1.6000,1.3176
2471836,1.6000,1.3240
2472336,1.6000,1.3111
2472836,1.6000,1.3144
2473336,1.6000,1.3160
2473836,1.6000,1.3127
2474336,1.6000,1.3184
2474836,1.6000,1.3152
2475336,1.6000,1.3144
2475836,1.6000,1.3281
2476336,1.6000,1.3144
2476836,1.6000,1.3176
2477336,1.6000,1.3039
2477836,1.6000,1.3418
2478336,1.6000,1.3160
2478836,1.6000,1.3264
2479336,1.6000,1.3127
2479836,1.6000,1.3144
2480336,1.6000,1.3071
2480836,1.6000,1.3023
2481336,1.6000,1.3160
2481836,1.6000,1.3127
2482336,1.6000,1.3192
2482836,1.6000,1.3232
2483336,1.6000,1.3136
2483836,1.6000,1.3329
2484336,1.6000,1.3144
2484836,1.6000,1.2999
2485336,1.6000,1.3039
2485836,1.6000,1.3192
2486336,1.6000,1.3071
2486836,1.6000,1.3095
2487336,1.6000,1.3168
2487836,1.6000,1.3192
2488336,1.6000,1.3063
2488836,1.6000,1.3136
2489336,1.6000,1.3144
2489836,1.6000,1.3152
2490336,1.6000,1.3136
2490836,1.6000,1.3103
2491336,1.6000,1.3111
2491836,1.6000,1.3176
2492336,1.6000,1.3240
2492836,1.6000,1.3273
2493336,1.6000,1.3144
2493836,1.6000,1.3063
2494336,1.6000,1.3119
2494836,1.6000,1.3136
2495336,1.6000,1.3264
2495836,1.6000,1.3127
2496336,1.6000,1.3200
2496836,1.6000,1.3127
2497336,1.6000,1.3160
2497836,1.6000,1.3119
2498336,1.6000,1.3055
2498836,1.6000,1.3281
2499336,1.6000,1.3071
2499836,1.6000,1.3168
2500336,1.6000,1.3410
2500836,1.6000,1.3144
2501336,1.6000,1.3136
2501836,1.6000,1.3111
2502336,1.6000,1.2999
2502836,1.6000,1.3103
2503336,1.6000,1.3127
2503836,1.6000,1.3232
2504336,1.6000,1.3160
2504836,1.6000,1.3200
2505336,1.6000,1.3232
2505836,1.6000,1.3095
2506336,1.6000,1.3095
2506836,1.6000,1.3111
2507336,1.6000,1.2870
2507836,1.6000,1.3168
2508336,1.6000,1.3136
2508836,1.6000,1.3127
2509336,1.6000,1.3152
2509836,1.6000,1.3224
2510336,1.6000,1.3023
2510836,1.6000,1.3200
2511336,1.6000,1.3168
2511836,1.6000,1.3087
2512336,1.6000,1.3152
2512836,1.6000,1.3111
2513336,1.6000,1.3095
2513836,1.6000,1.3079
2514336,1.6000,1.3281
2514836,1.6000,1.3152
2515336,1.6000,1.3176
2515836,1.6000,1.3111
2516336,1.6000,1.3152
2516836,1.6000,1.3200
2517336,1.6000,1.3200
2517836,1.6000,1.3192
2518336,1.6000,1.3144
2518836,1.6000,1.3103
2519336,1.6000,1.3144
2519836,1.6000,1.3176
2520336,1.6000,1.3007
2520836,1.6000,1.3095
2521336,1.6000,1.3192
2521836,1.6000,1.3111
2522336,1.6000,1.3144
2522836,1.6000,1.3184
2523336,1.6000,1.3152
2523836,1.6000,1.3264
2524336,1.6000,1.3144
2524836,1.6000,1.3200
2525336,1.6000,1.3127
2525836,1.6000,1.2950
2526336,1.6000,1.3208
2526836,1.6000,1.3144
2527336,1.6000,1.3176
2527836,1.6000,1.3160
2528336,1.6000,1.3152
2528836,1.6000,1.3281
2529336,1.6000,1.3136
2529836,1.6000,1.2894
2530336,1.6000,1.3152
2530836,1.6000,1.3160
2531336,1.6000,1.3208
2531836,1.6000,1.3168
2532336,1.6000,1.3192
2532836,1.6000,1.3071
2533336,1.6000,1.3119
2533836,1.6000,1.3208
2534336,1.6000,1.3200
2534836,1.6000,1.3144
2535336,1.6000,1.3224
2535836,1.6000,1.3240
2536336,1.6000,1.3160
2536836,1.6000,1.3119
2537336,1.6000,1.3264
2537836,1.6000,1.3127
2538336,1.6000,1.3160
2538836,1.6000,1.3224
2539336,1.6000,1.3168
2539836,1.6000,1.3385
2540336,1.6000,1.3240
2540836,1.6000,1.3168
2541336,1.6000,1.3176
2541836,1.6000,1.3192
2542336,1.6000,1.3144
2542836,1.6000,1.3248
2543336,1.6000,1.3297
2543836,1.6000,1.3281
2544336,1.6000,1.3152
2544836,1.6000,1.3224
2545336,1.6000,1.3248
2545836,1.6000,1.3055
2546336,1.6000,1.3329
2546836,1.6000,1.3200
2547336,1.6000,1.3144
2547836,1.6000,1.3176
2548336,1.6000,1.3200
2548836,1.6000,1.3152
2549336,1.6000,1.3168
2549836,1.6000,1.3031
2550336,1.6000,1.3248
2550836,1.6000,1.3256
2551336,1.6000,1.3176
2551836,1.6000,1.3208
2552336,1.6000,1.3264
2552836,1.6000,1.3232
2553336,1.6000,1.3232
2553836,1.6000,1.3111
2554336,1.6000,1.3321
2554836,1.6000,1.3273
2555336,1.6000,1.3256
2555836,1.6000,1.3136
2556336,1.6000,1.3119
2556836,1.6000,1.3152
2557336,1.6000,1.3200
2557836,1.6000,1.3273
2558336,1.6000,1.3152
2558836,1.6000,1.3119
2559336,1.6000,1.3208
2559836,1.6000,1.3232
2560336,1.6000,1.3192
2560836,1.6000,1.3192
2561336,1.6000,1.3192
2561836,1.6000,1.3224
2562336,1.6000,1.3256
2562836,1.6000,1.3168
2563336,1.6000,1.3321
2563836,1.6000,1.3281
2564336,1.6000,1.3192
2564836,1.6000,1.3136
2565336,1.6000,1.3192
2565836,1.6000,1.3176
2566336,1.6000,1.3184
2566836,1.6000,1.3208
2567336,1.6000,1.3168
2567836,1.6000,1.3273
2568336,1.6000,1.3240
2568836,1.6000,1.3240
2569336,1.6000,1.3144
2569836,1.6000,1.3200
2570336,1.6000,1.3240
2570836,1.6000,1.3256
2571336,1.6000,1.3031
2571836,1.6000,1.3224
2572336,1.6000,1.3273
2572836,1.6000,1.3530
2573336,1.6000,1.3103
2573836,1.6000,1.3192
2574336,1.6000,1.3023
2574836,1.6000,1.3200
2575336,1.6000,1.3240
2575836,1.6000,1.3216
2576336,1.6000,1.3152
2576836,1.6000,1.3692
2577336,1.6000,1.3256
2577836,1.6000,1.3168
2578336,1.6000,1.3127
2578836,1.6000,1.3192
2579336,1.6000,1.3248
2579836,1.6000,1.3466
2580336,1.6000,1.3281
2580836,1.6000,1.3176
2581336,1.6000,1.3176
2581836,1.6000,1.3200
2582336,1.6000,1.3192
2582836,1.6000,1.3466
2583336,1.6000,1.3281
2583836,1.6000,1.3273
2584336,1.6000,1.3401
2584836,1.6000,1.3176
2585336,1.6000,1.3192
2585836,1.6000,1.3281
2586336,1.6000,1.3264
2586836,1.6000,1.3208
2587336,1.6000,1.3256
2587836,1.6000,1.3192
2588336,1.6000,1.3264
2588836,1.6000,1.3176
2589336,1.6000,1.3208
2589836,1.6000,1.3160
2590336,1.6000,1.3240
2590836,1.6000,1.3273
2591336,1.6000,1.3208
2591836,1.6000,1.3232
2592336,1.6000,1.3385
2592836,1.6000,1.3240
2593336,1.6000,1.3208
2593836,1.6000,1.3208
2594336,1.6000,1.3281
2594836,1.6000,1.3152
2595336,1.6000,1.3256
2595836,1.6000,1.3410
2596336,1.6000,1.3007
2596836,1.6000,1.3337
2597336,1.6000,1.3256
2597836,1.6000,1.3361
2598336,1.6000,1.3514
2598836,1.6000,1.3224
2599336,1.6000,1.2950
2599836,1.6000,1.2966
2600336,1.6000,1.3144
2600836,1.6000,1.3377
2601336,1.6000,1.3127
2601836,1.6000,1.3240
2602336,1.6000,1.3136
2602836,1.6000,1.3297
2603336,1.6000,1.3273
2603836,1.6000,1.3192
2604336,1.6000,1.3192
2604836,1.6000,1.3200
2605336,1.6000,1.3240
2605836,1.6000,1.3264
2606336,1.6000,1.3208
2606836,1.6000,1.3224
2607336,1.6000,1.3127
2607836,1.6000,1.3240
2608336,1.6000,1.3305
2608836,1.6000,1.3079
2609336,1.6000,1.3281
2609836,1.6000,1.3273
2610336,1.6000,1.3192
2610836,1.6000,1.3232
2611336,1.6000,1.3289
2611836,1.6000,1.3401
2612336,1.6000,1.3144
2612836,1.6000,1.3216
2613336,1.6000,1.3232
2613836,1.6000,1.3321
2614336,1.6000,1.3176
2614836,1.6000,1.3273
2615336,1.6000,1.3248
2615836,1.6000,1.3200
2616336,1.6000,1.3281
2616836,1.6000,1.3264
2617336,1.6000,1.3200
2617836,1.6000,1.3264
2618336,1.6000,1.3273
2618836,1.6000,1.3337
2619336,1.6000,1.3192
2619836,1.6000,1.3273
2620336,1.6000,1.3281
2620836,1.6000,1.3240
2621336,1.6000,1.3273
2621836,1.6000,1.3111
2622336,1.6000,1.3127
2622836,1.6000,1.3200
2623336,1.6000,1.3232
2623836,1.6000,1.3152
2624336,1.6000,1.3297
2624836,1.6000,1.3273
2625336,1.6000,1.3297
2625836,1.6000,1.3240
2626336,1.6000,1.3273
2626836,1.6000,1.3031
2627336,1.6000,1.3273
2627836,1.6000,1.3176
2628336,1.6000,1.3289
2628836,1.6000,1.3289
2629336,1.6000,1.3337
2629836,1.6000,1.3297
2630336,1.6000,1.3160
2630836,1.6000,1.3281
2631336,1.6000,1.3144
2631836,1.6000,1.3208
2632336,1.6000,1.3039
2632836,1.6000,1.3281
2633336,1.6000,1.3281
2633836,1.6000,1.3281
2634336,1.6000,1.3176
2634836,1.6000,1.3184
2635336,1.6000,1.3297
2635836,1.6000,1.3264
2636336,1.6000,1.3289
2636836,1.6000,1.3281
2637336,1.6000,1.3281
2637836,1.6000,1.3264
2638336,1.6000,1.3240
2638836,1.6000,1.3281
2639336,1.6000,1.3321
2639836,1.6000,1.3256
2640336,1.6000,1.3264
2640836,1.6000,1.3297
2641336,1.6000,1.3305
2641836,1.6000,1.3410
2642336,1.6000,1.3305
2642836,1.6000,1.3273
2643336,1.6000,1.3273
2643836,1.6000,1.3281
2644336,1.6000,1.3281
2644836,1.6000,1.3329
2645336,1.6000,1.3393
2645836,1.6000,1.3273
2646336,1.6000,1.3200
2646836,1.6000,1.3281
2647336,1.6000,1.3273
2647836,1.6000,1.3321
2648336,1.6000,1.3184
2648836,1.6000,1.3281
2649336,1.6000,1.3281
2649836,1.6000,1.3289
2650336,1.6000,1.3281
2650836,1.6000,1.3200
2651336,1.6000,1.3192
2651836,1.6000,1.3410
2652336,1.6000,1.3281
2652836,1.6000,1.3273
2653336,1.6000,1.3281
2653836,1.6000,1.3281
2654336,1.6000,1.3329
2654836,1.6000,1.3466
2655336,1.6000,1.3281
2655836,1.6000,1.3240
2656336,1.6000,1.3281
2656836,1.6000,1.3281
2657336,1.6000,1.3281
2657836,1.6000,1.3297
2658336,1.6000,1.3377
2658836,1.6000,1.3305
2659336,1.6000,1.3273
2659836,1.6000,1.3281
2660336,1.6000,1.3289
2660836,1.6000,1.3281
2661336,1.6000,1.3281
2661836,1.6000,1.3345
2662336,1.6000,1.3248
2662836,1.6000,1.3297
2663336,1.6000,1.3224
2663836,1.6000,1.3514
2664336,1.6000,1.3321
2664836,1.6000,1.3321
2665336,1.6000,1.3369
2665836,1.6000,1.3281
2666336,1.6000,1.3289
2666836,1.6000,1.2894
2667336,1.6000,1.3264
2667836,1.6000,1.3281
2668336,1.6000,1.2821
2668836,1.6000,1.3297
2669336,1.6000,1.3418
2669836,1.6000,1.3256
2670336,1.6000,1.2910
2670836,1.6000,1.3297
2671336,1.6000,1.3281
2671836,1.6000,1.3305
2672336,1.6000,1.3281
2672836,1.6000,1.3369
2673336,1.6000,1.3305
2673836,1.6000,1.3289
2674336,1.6000,1.3289
2674836,1.6000,1.3281
2675336,1.6000,1.3281
2675836,1.6000,1.3273
2676336,1.6000,1.3313
2676836,1.6000,1.3281
2677336,1.6000,1.3305
2677836,1.6000,1.3240
2678336,1.6000,1.3281
2678836,1.6000,1.3240
2679336,1.6000,1.3079
2679836,1.6000,1.3264
2680336,1.6000,1.3345
2680836,1.6000,1.3538
2681336,1.6000,1.3369
2681836,1.6000,1.3289
2682336,1.6000,1.3369
2682836,1.6000,1.3385
2683336,1.6000,1.3297
2683836,1.6000,1.3281
2684336,1.6000,1.3095
2684836,1.6000,1.3361
2685336,1.6000,1.3232
2685836,1.6000,1.3329
2686336,1.6000,1.3240
2686836,1.6000,1.3305
2687336,1.6000,1.3273
2687836,1.6000,1.3289
2688336,1.6000,1.3297
2688836,1.6000,1.3401
2689336,1.6000,1.3297
2689836,1.6000,1.3281
2690336,1.6000,1.3281
2690836,1.6000,1.3329
2691336,1.6000,1.3136
2691836,1.6000,1.3337
2692336,1.6000,1.3337
2692836,1.6000,1.3337
2693336,1.6000,1.3273
2693836,1.6000,1.3393
2694336,1.6000,1.3281
2694836,1.6000,1.3256
2695336,1.6000,1.3377
2695836,1.6000,1.3361
2696336,1.6000,1.3418
2696836,1.6000,1.3385
2697336,1.6000,1.3273
2697836,1.6000,1.3297
2698336,1.6000,1.3273
2698836,1.6000,1.3281
2699336,1.6000,1.3289
2699836,1.6000,1.3337
2700336,1.6000,1.3337
2700836,1.6000,1.3289
2701336,1.6000,1.3281
2701836,1.6000,1.3305
2702336,1.6000,1.3313
2702836,1.6000,1.3393
2703336,1.6000,1.3240
2703836,1.6000,1.3281
2704336,1.6000,1.3297
2704836,1.6000,1.3281
2705336,1.6000,1.3305
2705836,1.6000,1.3393
2706336,1.6000,1.3418
2706836,1.6000,1.3289
2707336,1.6000,1.3329
2707836,1.6000,1.3248
2708336,1.6000,1.3353
2708836,1.6000,1.3240
2709336,1.6000,1.3442
2709836,1.6000,1.3393
2710336,1.6000,1.3281
2710836,1.6000,1.3361
2711336,1.6000,1.3289
2711836,1.6000,1.3305
2712336,1.6000,1.3305
2712836,1.6000,1.3337
2713336,1.6000,1.3434
2713836,1.6000,1.3401
2714336,1.6000,1.3579
2714836,1.6000,1.3329
2715336,1.6000,1.3385
2715836,1.6000,1.3240
2716336,1.6000,1.3321
2716836,1.6000,1.3321
2717336,1.6000,1.3297
2717836,1.6000,1.3305
2718336,1.6000,1.3474
2718836,1.6000,1.3289
2719336,1.6000,1.3385
2719836,1.6000,1.3434
2720336,1.6000,1.3361
2720836,1.6000,1.3240
2721336,1.6000,1.3248
2721836,1.6000,1.3353
2722336,1.6000,1.3466
2722836,1.6000,1.3410
2723336,1.6000,1.3337
2723836,1.6000,1.3232
2724336,1.6000,1.3192
2724836,1.6000,1.3337
2725336,1.6000,1.3256
2725836,1.6000,1.3369
2726336,1.6000,1.3337
2726836,1.6000,1.3281
2727336,1.6000,1.3281
2727836,1.6000,1.3490
2728336,1.6000,1.3361
2728836,1.6000,1.3281
2729336,1.6000,1.3385
2729836,1.6000,1.3369
2730336,1.6000,1.3297
2730836,1.6000,1.3426
2731336,1.6000,1.3329
2731836,1.6000,1.3281
2732336,1.6000,1.3281
2732836,1.6000,1.3281
2733336,1.6000,1.3313
2733836,1.6000,1.3418
2734336,1.6000,1.3273
2734836,1.6000,1.3256
2735336,1.6000,1.3401
2735836,1.6000,1.3321
2736336,1.6000,1.3321
2736836,1.6000,1.3337
2737336,1.6000,1.3466
2737836,1.6000,1.3289
2738336,1.6000,1.3393
2738836,1.6000,1.3353
2739336,1.6000,1.3232
2739836,1.6000,1.3385
2740336,1.6000,1.3353
2740836,1.6000,1.3393
2741336,1.6000,1.3337
2741836,1.6000,1.3410
2742336,1.6000,1.3337
2742836,1.6000,1.3466
2743336,1.6000,1.3401
2743836,1.6000,1.3248
2744336,1.6000,1.3305
2744836,1.6000,1.3353
2745336,1.6000,1.3361
2745836,1.6000,1.3289
2746336,1.6000,1.3385
2746836,1.6000,1.3313
2747336,1.6000,1.3281
2747836,1.6000,1.3522
2748336,1.6000,1.3361
2748836,1.6000,1.3401
2749336,1.6000,1.3410
2749836,1.6000,1.3353
2750336,1.6000,1.3264
2750836,1.6000,1.3450
2751336,1.6000,1.3418
2751836,1.6000,1.3377
2752336,1.6000,1.3361
2752836,1.6000,1.3410
2753336,1.6000,1.3329
2753836,1.6000,1.3208
2754336,1.6000,1.3337
2754836,1.6000,1.3321
2755336,1.6000,1.3313
2755836,1.6000,1.3337
2756336,1.6000,1.3369
2756836,1.6000,1.3305
2757336,1.6000,1.3305
2757836,1.6000,1.3305
2758336,1.6000,1.3377
2758836,1.6000,1.3321
2759336,1.6000,1.3337
2759836,1.6000,1.3305
2760336,1.6000,1.3289
2760836,1.6000,1.3281
2761336,1.6000,1.3289
2761836,1.6000,1.3313
2762336,1.6000,1.3410
2762836,1.6000,1.3522
2763336,1.6000,1.3385
2763836,1.6000,1.3538
2764336,1.6000,1.3401
2764836,1.6000,1.3297
2765336,1.6000,1.3337
2765836,1.6000,1.3281
2766336,1.6000,1.3329
2766836,1.6000,1.3329
2767336,1.6000,1.3369
2767836,1.6000,1.3337
2768336,1.6000,1.3264
2768836,1.6000,1.3393
2769336,1.6000,1.3385
2769836,1.6000,1.3321
2770336,1.6000,1.3434
2770836,1.6000,1.3273
2771336,1.6000,1.3377
2771836,1.6000,1.3337
2772336,1.6000,1.3369
2772836,1.6000,1.3498
2773336,1.6000,1.3450
2773836,1.6000,1.3619
2774336,1.6000,1.3401
2774836,1.6000,1.3273
2775336,1.6000,1.3361
2775836,1.6000,1.3305
2776336,1.6000,1.3385
2776836,1.6000,1.3297
2777336,1.6000,1.3313
2777836,1.6000,1.3353
2778336,1.6000,1.3393
2778836,1.6000,1.3369
2779336,1.6000,1.3329
2779836,1.6000,1.3369
2780336,1.6000,1.3571
2780836,1.6000,1.3321
2781336,1.6000,1.3369
2781836,1.6000,1.3377
2782336,1.6000,1.3337
2782836,1.6000,1.3329
2783336,1.6000,1.3410
2783836,1.6000,1.3329
2784336,1.6000,1.3385
2784836,1.6000,1.3337
2785336,1.6000,1.3297
2785836,1.6000,1.3385
2786336,1.6000,1.3289
2786836,1.6000,1.3393
2787336,1.6000,1.3361
2787836,1.6000,1.3538
2788336,1.6000,1.3547
2788836,1.6000,1.3410
2789336,1.6000,1.3401
2789836,1.6000,1.3329
2790336,1.6000,1.3732
2790836,1.6000,1.3514
2791336,1.6000,1.3401
2791836,1.6000,1.3321
2792336,1.6000,1.3410
2792836,1.6000,1.3474
2793336,1.6000,1.3450
2793836,1.6000,1.3337
2794336,1.6000,1.3305
2794836,1.6000,1.3361
2795336,1.6000,1.3401
2795836,1.6000,1.3490
2796336,1.6000,1.3369
2796836,1.6000,1.3458
2797336,1.6000,1.3426
2797836,1.6000,1.3305
2798336,1.6000,1.3369
2798836,1.6000,1.3353
2799336,1.6000,1.3450
2799836,1.6000,1.3281
2800336,1.6000,1.3410
2800836,1.6000,1.3466
2801336,1.6000,1.3401
2801836,1.6000,1.3401
2802336,1.6000,1.3410
2802836,1.6000,1.3482
2803336,1.6000,1.3345
2803836,1.6000,1.3369
2804336,1.6000,1.3401
2804836,1.6000,1.3410
2805336,1.6000,1.3281
2805836,1.6000,1.3168
2806336,1.6000,1.3474
2806836,1.6000,1.3401
2807336,1.6000,1.3426
2807836,1.6000,1.3410
2808336,1.6000,1.3401
2808836,1.6000,1.3401
2809336,1.6000,1.3176
2809836,1.6000,1.3442
2810336,1.6000,1.3466
2810836,1.6000,1.3281
2811336,1.6000,1.3538
2811836,1.6000,1.3353
2812336,1.6000,1.3377
2812836,1.6000,1.3450
2813336,1.6000,1.3434
2813836,1.6000,1.3426
2814336,1.6000,1.3426
2814836,1.6000,1.3434
2815336,1.6000,1.3418
2815836,1.6000,1.3369
2816336,1.6000,1.3611
2816836,1.6000,1.3418
2817336,1.6000,1.3385
2817836,1.6000,1.3393
2818336,1.6000,1.3450
2818836,1.6000,1.3377
2819336,1.6000,1.3466
2819836,1.6000,1.3538
2820336,1.6000,1.3458
2820836,1.6000,1.3369
2821336,1.6000,1.3514
2821836,1.6000,1.3369
2822336,1.6000,1.3450
2822836,1.6000,1.3522
2823336,1.6000,1.3418
2823836,1.6000,1.3442
2824336,1.6000,1.3410
2824836,1.6000,1.3458
2825336,1.6000,1.3410
2825836,1.6000,1.3458
2826336,1.6000,1.3442
2826836,1.6000,1.3401
2827336,1.6000,1.3458
2827836,1.6000,1.3498
2828336,1.6000,1.3426
2828836,1.6000,1.3273
2829336,1.6000,1.3385
2829836,1.6000,1.3522
2830336,1.6000,1.3466
2830836,1.6000,1.3418
2831336,1.6000,1.3458
2831836,1.6000,1.3353
2832336,1.6000,1.3337
2832836,1.6000,1.3450
2833336,1.6000,1.3385
2833836,1.6000,1.3482
2834336,1.6000,1.3321
2834836,1.6000,1.3522
2835336,1.6000,1.3401
2835836,1.6000,1.3724
2836336,1.6000,1.3353
2836836,1.6000,1.3563
2837336,1.6000,1.3289
2837836,1.6000,1.3232
2838336,1.6000,1.3361
2838836,1.6000,1.3321
2839336,1.6000,1.3410
2839836,1.6000,1.3458
2840336,1.6000,1.3474
2840836,1.6000,1.3418
2841336,1.6000,1.3401
2841836,1.6000,1.3385
2842336,1.6000,1.3410
2842836,1.6000,1.3410
2843336,1.6000,1.3410
2843836,1.6000,1.3458
2844336,1.6000,1.3401
2844836,1.6000,1.3410
2845336,1.6000,1.3369
2845836,1.6000,1.3385
2846336,1.6000,1.3450
2846836,1.6000,1.3353
2847336,1.6000,1.3385
2847836,1.6000,1.3410
2848336,1.6000,1.3410
2848836,1.6000,1.3563
2849336,1.6000,1.3401
2849836,1.6000,1.3514
2850336,1.6000,1.3393
2850836,1.6000,1.3466
2851336,1.6000,1.3313
2851836,1.6000,1.3418
2852336,1.6000,1.3281
2852836,1.6000,1.3466
2853336,1.6000,1.3530
2853836,1.6000,1.3401
2854336,1.6000,1.3466
2854836,1.6000,1.3434
2855336,1.6000,1.3458
2855836,1.6000,1.3450
2856336,1.6000,1.3401
2856836,1.6000,1.3466
2857336,1.6000,1.3482
2857836,1.6000,1.3458
2858336,1.6000,1.3410
2858836,1.6000,1.3401
2859336,1.6000,1.3490
2859836,1.6000,1.3393
2860336,1.6000,1.3692
2860836,1.6000,1.3385
2861336,1.6000,1.3450
2861836,1.6000,1.3571
2862336,1.6000,1.3458
2862836,1.6000,1.3442
2863336,1.6000,1.3522
2863836,1.6000,1.3434
2864336,1.6000,1.3410
2864836,1.6000,1.3418
2865336,1.6000,1.3410
2865836,1.6000,1.3385
2866336,1.6000,1.3538
2866836,1.6000,1.3555
2867336,1.6000,1.3401
2867836,1.6000,1.3184
2868336,1.6000,1.3780
2868836,1.6000,1.3410
2869336,1.6000,1.3482
2869836,1.6000,1.3136
2870336,1.6000,1.3393
2870836,1.6000,1.3377
2871336,1.6000,1.3264
2871836,1.6000,1.3127
2872336,1.6000,1.3434
2872836,1.6000,1.3329
2873336,1.6000,1.3708
2873836,1.6000,1.3490
2874336,1.6000,1.3450
2874836,1.6000,1.3506
2875336,1.6000,1.3514
2875836,1.6000,1.3563
2876336,1.6000,1.3450
2876836,1.6000,1.3401
2877336,1.6000,1.3538
2877836,1.6000,1.3289
2878336,1.6000,1.3393
2878836,1.6000,1.3498
2879336,1.6000,1.3418
2879836,1.6000,1.3514
2880336,1.6000,1.3426
2880836,1.6000,1.3410
2881336,1.6000,1.3490
2881836,1.6000,1.3506
2882336,1.6000,1.3450
2882836,1.6000,1.3305
2883336,1.6000,1.3595
2883836,1.6000,1.3748
2884336,1.6000,1.3401
2884836,1.6000,1.3466
2885336,1.6000,1.3587
2885836,1.6000,1.3555
2886336,1.6000,1.3538
2886836,1.6000,1.3466
2887336,1.6000,1.3410
2887836,1.6000,1.3514
2888336,1.6000,1.3442
2888836,1.6000,1.3466
2889336,1.6000,1.3538
2889836,1.6000,1.3401
2890336,1.6000,1.3490
2890836,1.6000,1.3498
2891336,1.6000,1.3434
2891836,1.6000,1.3434
2892336,1.6000,1.3458
2892836,1.6000,1.3530
2893336,1.6000,1.3538
2893836,1.6000,1.3442
2894336,1.6000,1.3426
2894836,1.6000,1.3555
2895336,1.6000,1.3418
2895836,1.6000,1.3538
2896336,1.6000,1.3498
2896836,1.6000,1.3522
2897336,1.6000,1.3538
2897836,1.6000,1.3522
2898336,1.6000,1.3530
2898836,1.6000,1.3555
2899336,1.6000,1.3514
2899836,1.6000,1.3498
2900336,1.6000,1.3466
2900836,1.6000,1.3522
2901336,1.6000,1.3264
2901836,1.6000,1.3547
2902336,1.6000,1.3490
2902836,1.6000,1.3530
2903336,1.6000,1.3514
2903836,1.6000,1.3385
2904336,1.6000,1.3418
2904836,1.6000,1.3426
2905336,1.6000,1.3538
2905836,1.6000,1.3410
2906336,1.6000,1.3474
2906836,1.6000,1.3410
2907336,1.6000,1.3482
2907836,1.6000,1.3450
2908336,1.6000,1.3611
2908836,1.6000,1.3538
2909336,1.6000,1.3442
2909836,1.6000,1.3458
2910336,1.6000,1.3498
2910836,1.6000,1.3514
2911336,1.6000,1.3353
2911836,1.6000,1.3514
2912336,1.6000,1.3530
2912836,1.6000,1.3498
2913336,1.6000,1.3466
2913836,1.6000,1.3410
2914336,1.6000,1.3482
2914836,1.6000,1.3547
2915336,1.6000,1.3466
2915836,1.6000,1.3450
2916336,1.6000,1.3466
2916836,1.6000,1.3458
2917336,1.6000,1.3410
2917836,1.6000,1.3321
2918336,1.6000,1.3418
2918836,1.6000,1.3538
2919336,1.6000,1.3482
2919836,1.6000,1.3530
2920336,1.6000,1.3410
2920836,1.6000,1.3426
2921336,1.6000,1.3434
2921836,1.6000,1.3410
2922336,1.6000,1.3482
2922836,1.6000,1.3450
2923336,1.6000,1.3522
2923836,1.6000,1.3498
2924336,1.6000,1.3547
2924836,1.6000,1.3538
2925336,1.6000,1.3490
2925836,1.6000,1.3563
2926336,1.6000,1.3490
2926836,1.6000,1.3418
2927336,1.6000,1.3547
2927836,1.6000,1.3418
2928336,1.6000,1.3498
2928836,1.6000,1.3514
2929336,1.6000,1.3506
2929836,1.6000,1.3587
2930336,1.6000,1.3498
2930836,1.6000,1.3458
2931336,1.6000,1.3514
2931836,1.6000,1.3530
2932336,1.6000,1.3498
2932836,1.6000,1.3651
2933336,1.6000,1.3466
2933836,1.6000,1.3514
2934336,1.6000,1.3514
2934836,1.6000,1.3450
2935336,1.6000,1.3490
2935836,1.6000,1.3482
2936336,1.6000,1.3434
2936836,1.6000,1.3482
2937336,1.6000,1.3538
2937836,1.6000,1.3555
2938336,1.6000,1.3595
2938836,1.6000,1.3482
2939336,1.6000,1.3538
2939836,1.6000,1.3538
2940336,1.6000,1.3458
2940836,1.6000,1.3530
2941336,1.6000,1.3514
2941836,1.6000,1.3514
2942336,1.6000,1.3498
2942836,1.6000,1.3538
2943336,1.6000,1.3547
2943836,1.6000,1.3538
2944336,1.6000,1.3530
2944836,1.6000,1.3538
2945336,1.6000,1.3498
2945836,1.6000,1.3530
2946336,1.6000,1.3692
2946836,1.6000,1.3393
2947336,1.6000,1.3498
2947836,1.6000,1.3651
2948336,1.6000,1.3538
2948836,1.6000,1.3522
2949336,1.6000,1.3442
2949836,1.6000,1.3498
2950336,1.6000,1.3538
2950836,1.6000,1.3627
2951336,1.6000,1.3538
2951836,1.6000,1.3555
2952336,1.6000,1.3563
2952836,1.6000,1.3418
2953336,1.6000,1.3547
2953836,1.6000,1.3538
2954336,1.6000,1.3498
2954836,1.6000,1.3482
2955336,1.6000,1.3450
2955836,1.6000,1.3490
2956336,1.6000,1.3563
2956836,1.6000,1.3547
2957336,1.6000,1.3530
2957836,1.6000,1.3651
2958336,1.6000,1.3522
2958836,1.6000,1.3514
2959336,1.6000,1.3547
2959836,1.6000,1.3563
2960336,1.6000,1.3563
2960836,1.6000,1.3410
2961336,1.6000,1.3522
2961836,1.6000,1.3538
2962336,1.6000,1.3538
2962836,1.6000,1.3498
2963336,1.6000,1.3538
2963836,1.6000,1.3635
2964336,1.6000,1.3490
2964836,1.6000,1.3498
2965336,1.6000,1.3538
2965836,1.6000,1.3563
2966336,1.6000,1.3555
2966836,1.6000,1.3587
2967336,1.6000,1.3587
2967836,1.6000,1.3555
2968336,1.6000,1.3651
2968836,1.6000,1.3538
2969336,1.6000,1.3724
2969836,1.6000,1.3506
2970336,1.6000,1.3547
2970836,1.6000,1.3796
2971336,1.6000,1.3498
2971836,1.6000,1.3514
2972336,1.6000,1.3466
2972836,1.6000,1.3538
2973336,1.6000,1.3547
2973836,1.6000,1.3538
2974336,1.6000,1.3466
2974836,1.6000,1.3772
2975336,1.6000,1.3522
2975836,1.6000,1.3538
2976336,1.6000,1.3434
2976836,1.6000,1.3498
2977336,1.6000,1.3522
2977836,1.6000,1.3538
2978336,1.6000,1.3579
2978836,1.6000,1.3538
2979336,1.6000,1.3547
2979836,1.6000,1.3450
2980336,1.6000,1.3538
2980836,1.6000,1.3538
2981336,1.6000,1.3538
2981836,1.6000,1.3514
2982336,1.6000,1.3498
2982836,1.6000,1.3538
2983336,1.6000,1.3538
2983836,1.6000,1.3538
2984336,1.6000,1.3538
2984836,1.6000,1.3579
2985336,1.6000,1.3498
2985836,1.6000,1.3547
2986336,1.6000,1.3571
2986836,1.6000,1.3643
2987336,1.6000,1.3627
2987836,1.6000,1.3442
2988336,1.6000,1.3538
2988836,1.6000,1.3538
2989336,1.6000,1.3514
2989836,1.6000,1.3514
2990336,1.6000,1.3579
2990836,1.6000,1.3538
2991336,1.6000,1.3538
2991836,1.6000,1.3538
2992336,1.6000,1.3579
2992836,1.6000,1.3538
2993336,1.6000,1.3587
2993836,1.6000,1.3305
2994336,1.6000,1.3490
2994836,1.6000,1.3716
2995336,1.6000,1.3538
2995836,1.6000,1.3466
2996336,1.6000,1.3619
2996836,1.6000,1.3418
2997336,1.6000,1.3538
2997836,1.6000,1.3547
2998336,1.6000,1.3393
2998836,1.6000,1.3547
2999336,1.6000,1.3563
2999836,1.6000,1.3595
3000336,1.6000,1.3466
3000836,1.6000,1.3522
3001336,1.6000,1.3538
3001836,1.6000,1.3563
3002336,1.6000,1.3571
3002836,1.6000,1.3579
3003336,1.6000,1.3538
3003836,1.6000,1.3442
3004336,1.6000,1.3538
3004836,1.6000,1.3192
3005336,1.6000,1.3619
3005836,1.6000,1.3538
3006336,1.6000,1.3434
3006836,1.6000,1.3547
3007336,1.6000,1.3530
3007836,1.6000,1.3434
3008336,1.6000,1.3659
3008836,1.6000,1.3434
3009336,1.6000,1.3748
3009836,1.6000,1.3538
3010336,1.6000,1.3514
3010836,1.6000,1.3579
3011336,1.6000,1.3587
3011836,1.6000,1.3724
3012336,1.6000,1.3490
3012836,1.6000,1.3563
3013336,1.6000,1.3538
3013836,1.6000,1.3538
3014336,1.6000,1.3579
3014836,1.6000,1.3651
3015336,1.6000,1.3530
3015836,1.6000,1.3603
3016336,1.6000,1.3563
3016836,1.6000,1.3538
3017336,1.6000,1.3692
3017836,1.6000,1.3538
3018336,1.6000,1.3571
3018836,1.6000,1.3974
3019336,1.6000,1.3522
3019836,1.6000,1.3563
3020336,1.6000,1.3571
3020836,1.6000,1.3587
3021336,1.6000,1.3563
3021836,1.6000,1.3579
3022336,1.6000,1.3538
3022836,1.6000,1.3547
3023336,1.6000,1.3538
3023836,1.6000,1.3547
3024336,1.6000,1.3538
3024836,1.6000,1.3611
3025336,1.6000,1.3530
3025836,1.6000,1.3595
3026336,1.6000,1.3587
3026836,1.6000,1.3538
3027336,1.6000,1.3627
3027836,1.6000,1.3579
3028336,1.6000,1.3563
3028836,1.6000,1.3538
3029336,1.6000,1.3410
3029836,1.6000,1.3538
3030336,1.6000,1.3619
3030836,1.6000,1.3563
3031336,1.6000,1.3667
3031836,1.6000,1.3595
3032336,1.6000,1.3538
3032836,1.6000,1.3619
3033336,1.6000,1.3482
3033836,1.6000,1.3667
3034336,1.6000,1.3538
3034836,1.6000,1.3426
3035336,1.6000,1.3514
3035836,1.6000,1.3595
3036336,1.6000,1.3530
3036836,1.6000,1.3563
3037336,1.6000,1.3538
3037836,1.6000,1.3603
3038336,1.6000,1.3498
3038836,1.6000,1.3740
3039336,1.6000,1.3538
3039836,1.6000,1.3587
3040336,1.6000,1.3563
3040836,1.6000,1.3619
3041336,1.6000,1.3692
3041836,1.6000,1.3611
3042336,1.6000,1.3538
3042836,1.6000,1.3547
3043336,1.6000,1.3724
3043836,1.6000,1.3563
3044336,1.6000,1.3619
3044836,1.6000,1.3538
3045336,1.6000,1.3619
3045836,1.6000,1.3563
3046336,1.6000,1.3466
3046836,1.6000,1.3514
3047336,1.6000,1.3538
3047836,1.6000,1.3547
3048336,1.6000,1.3369
3048836,1.6000,1.3538
3049336,1.6000,1.3684
3049836,1.6000,1.3796
3050336,1.6000,1.3732
3050836,1.6000,1.3538
3051336,1.6000,1.3627
3051836,1.6000,1.3675
3052336,1.6000,1.3635
3052836,1.6000,1.3530
3053336,1.6000,1.3587
3053836,1.6000,1.3538
3054336,1.6000,1.3659
3054836,1.6000,1.3538
3055336,1.6000,1.3538
3055836,1.6000,1.3490
3056336,1.6000,1.3579
3056836,1.6000,1.3506
3057336,1.6000,1.3426
3057836,1.6000,1.3506
3058336,1.6000,1.3587
3058836,1.6000,1.3547
3059336,1.6000,1.3555
3059836,1.6000,1.3684
3060336,1.6000,1.3643
3060836,1.6000,1.3538
3061336,1.6000,1.3579
3061836,1.6000,1.3522
3062336,1.6000,1.3530
3062836,1.6000,1.3538
3063336,1.6000,1.3579
3063836,1.6000,1.3547
3064336,1.6000,1.3450
3064836,1.6000,1.3281
3065336,1.6000,1.3579
3065836,1.6000,1.3667
3066336,1.6000,1.3675
3066836,1.6000,1.3538
3067336,1.6000,1.3611
3067836,1.6000,1.3708
3068336,1.6000,1.3555
3068836,1.6000,1.3684
3069336,1.6000,1.3587
3069836,1.6000,1.3756
3070336,1.6000,1.3651
3070836,1.6000,1.3579
3071336,1.6000,1.3474
3071836,1.6000,1.3538
3072336,1.6000,1.3587
3072836,1.6000,1.3538
3073336,1.6000,1.3611
3073836,1.6000,1.3555
3074336,1.6000,1.3595
3074836,1.6000,1.3579
3075336,1.6000,1.3724
3075836,1.6000,1.3538
3076336,1.6000,1.3595
3076836,1.6000,1.3611
3077336,1.6000,1.3804
3077836,1.6000,1.3587
3078336,1.6000,1.3627
3078836,1.6000,1.3619
3079336,1.6000,1.3611
3079836,1.6000,1.3538
3080336,1.6000,1.3490
3080836,1.6000,1.3635
3081336,1.6000,1.3643
3081836,1.6000,1.3506
3082336,1.6000,1.3627
3082836,1.6000,1.3619
3083336,1.6000,1.3442
3083836,1.6000,1.3522
3084336,1.6000,1.3651
3084836,1.6000,1.3587
3085336,1.6000,1.3748
3085836,1.6000,1.3796
3086336,1.6000,1.3547
3086836,1.6000,1.3563
3087336,1.6000,1.3538
3087836,1.6000,1.3547
3088336,1.6000,1.3418
3088836,1.6000,1.3627
3089336,1.6000,1.3514
3089836,1.6000,1.3635
3090336,1.6000,1.3547
3090836,1.6000,1.3563
3091336,1.6000,1.3506
3091836,1.6000,1.3667
3092336,1.6000,1.3595
3092836,1.6000,1.3595
3093336,1.6000,1.3675
3093836,1.6000,1.3611
3094336,1.6000,1.3611
3094836,1.6000,1.3538
3095336,1.6000,1.3579
3095836,1.6000,1.3651
3096336,1.6000,1.3700
3096836,1.6000,1.3571
3097336,1.6000,1.3756
3097836,1.6000,1.3563
3098336,1.6000,1.3667
3098836,1.6000,1.3595
3099336,1.6000,1.3538
3099836,1.6000,1.3643
3100336,1.6000,1.3651
3100836,1.6000,1.3619
3101336,1.6000,1.3627
3101836,1.6000,1.3619
3102336,1.6000,1.3538
3102836,1.6000,1.3587
3103336,1.6000,1.3619
3103836,1.6000,1.3563
3104336,1.6000,1.3595
3104836,1.6000,1.3611
3105336,1.6000,1.3563
3105836,1.6000,1.3547
3106336,1.6000,1.3635
3106836,1.6000,1.3796
3107336,1.6000,1.3514
3107836,1.6000,1.3579
3108336,1.6000,1.3595
3108836,1.6000,1.3522
3109336,1.6000,1.3700
3109836,1.6000,1.3627
3110336,1.6000,1.3538
3110836,1.6000,1.3708
3111336,1.6000,1.3619
3111836,1.6000,1.3643
3112336,1.6000,1.3571
3112836,1.6000,1.3619
3113336,1.6000,1.3643
3113836,1.6000,1.3595
3114336,1.6000,1.3651
3114836,1.6000,1.3611
3115336,1.6000,1.3595
3115836,1.6000,1.3651
3116336,1.6000,1.3522
3116836,1.6000,1.3619
3117336,1.6000,1.3619
3117836,1.6000,1.3667
3118336,1.6000,1.3651
3118836,1.6000,1.3579
3119336,1.6000,1.3675
3119836,1.6000,1.3667
3120336,1.6000,1.3909
3120836,1.6000,1.3651
3121336,1.6000,1.3522
3121836,1.6000,1.3619
3122336,1.6000,1.3627
3122836,1.6000,1.3780
3123336,1.6000,1.3571
3123836,1.6000,1.3659
3124336,1.6000,1.3684
3124836,1.6000,1.3603
3125336,1.6000,1.3724
3125836,1.6000,1.3619
3126336,1.6000,1.3675
3126836,1.6000,1.3579
3127336,1.6000,1.3571
3127836,1.6000,1.3675
3128336,1.6000,1.3700
3128836,1.6000,1.3595
3129336,1.6000,1.3700
3129836,1.6000,1.3555
3130336,1.6000,1.3619
3130836,1.6000,1.3611
3131336,1.6000,1.3587
3131836,1.6000,1.3684
3132336,1.6000,1.3659
3132836,1.6000,1.3740
3133336,1.6000,1.3756
3133836,1.6000,1.3627
3134336,1.6000,1.3563
3134836,1.6000,1.3684
3135336,1.6000,1.3547
3135836,1.6000,1.3740
3136336,1.6000,1.3643
3136836,1.6000,1.3595
3137336,1.6000,1.3595
3137836,1.6000,1.3619
3138336,1.6000,1.3627
3138836,1.6000,1.3675
3139336,1.6000,1.3675
3139836,1.6000,1.3643
3140336,1.6000,1.3804
3140836,1.6000,1.3579
3141336,1.6000,1.3619
3141836,1.6000,1.3635
3142336,1.6000,1.3692
3142836,1.6000,1.3547
3143336,1.6000,1.3667
3143836,1.6000,1.3667
3144336,1.6000,1.3667
3144836,1.6000,1.3667
3145336,1.6000,1.3627
3145836,1.6000,1.3716
3146336,1.6000,1.3692
3146836,1.6000,1.3716
3147336,1.6000,1.3538
3147836,1.6000,1.3659
3148336,1.6000,1.3651
3148836,1.6000,1.3667
3149336,1.6000,1.3675
3149836,1.6000,1.3692
3150336,1.6000,1.3667
3150836,1.6000,1.3643
3151336,1.6000,1.3772
3151836,1.6000,1.3853
3152336,1.6000,1.3716
3152836,1.6000,1.3675
3153336,1.6000,1.3788
3153836,1.6000,1.3675
3154336,1.6000,1.3651
3154836,1.6000,1.3692
3155336,1.6000,1.3667
3155836,1.6000,1.3692
3156336,1.6000,1.3595
3156836,1.6000,1.3675
3157336,1.6000,1.3627
3157836,1.6000,1.3659
3158336,1.6000,1.3796
3158836,1.6000,1.3627
3159336,1.6000,1.3796
3159836,1.6000,1.3700
3160336,1.6000,1.3555
3160836,1.6000,1.3667
3161336,1.6000,1.3692
3161836,1.6000,1.3659
3162336,1.6000,1.3675
3162836,1.6000,1.3692
3163336,1.6000,1.3796
3163836,1.6000,1.3595
3164336,1.6000,1.3756
3164836,1.6000,1.3627
3165336,1.6000,1.3724
3165836,1.6000,1.3619
3166336,1.6000,1.3748
3166836,1.6000,1.3692
3167336,1.6000,1.3756
3167836,1.6000,1.3627
3168336,1.6000,1.3748
3168836,1.6000,1.3659
3169336,1.6000,1.3667
3169836,1.6000,1.3659
3170336,1.6000,1.3692
3170836,1.6000,1.3659
3171336,1.6000,1.3796
3171836,1.6000,1.3563
3172336,1.6000,1.3796
3172836,1.6000,1.3627
3173336,1.6000,1.3667
3173836,1.6000,1.3764
3174336,1.6000,1.3659
3174836,1.6000,1.3700
3175336,1.6000,1.3563
3175836,1.6000,1.3530
3176336,1.6000,1.3667
3176836,1.6000,1.3740
3177336,1.6000,1.3756
3177836,1.6000,1.3611
3178336,1.6000,1.3708
3178836,1.6000,1.3716
3179336,1.6000,1.3756
3179836,1.6000,1.3651
3180336,1.6000,1.3716
3180836,1.6000,1.3772
3181336,1.6000,1.3692
3181836,1.6000,1.3724
3182336,1.6000,1.3643
3182836,1.6000,1.3579
3183336,1.6000,1.3716
3183836,1.6000,1.3772
3184336,1.6000,1.3643
3184836,1.6000,1.3724
3185336,1.6000,1.3547
3185836,1.6000,1.3708
3186336,1.6000,1.3692
3186836,1.6000,1.3917
3187336,1.6000,1.3780
3187836,1.6000,1.3659
3188336,1.6000,1.3627
3188836,1.6000,1.3724
3189336,1.6000,1.3684
3189836,1.6000,1.3675
3190336,1.6000,1.3708
3190836,1.6000,1.3756
3191336,1.6000,1.3675
3191836,1.6000,1.3796
3192336,1.6000,1.3837
3192836,1.6000,1.3724
3193336,1.6000,1.3796
3193836,1.6000,1.3587
3194336,1.6000,1.3692
3194836,1.6000,1.3595
3195336,1.6000,1.3627
3195836,1.6000,1.3796
3196336,1.6000,1.3563
3196836,1.6000,1.3385
3197336,1.6000,1.3643
3197836,1.6000,1.3675
3198336,1.6000,1.3684
3198836,1.6000,1.3619
3199336,1.6000,1.3675
3199836,1.6000,1.3788
3200336,1.6000,1.3804
3200836,1.6000,1.3804
3201336,1.6000,1.3587
3201836,1.6000,1.3627
3202336,1.6000,1.3692
3202836,1.6000,1.3675
3203336,1.6000,1.3708
3203836,1.6000,1.3667
3204336,1.6000,1.3692
3204836,1.6000,1.3708
3205336,1.6000,1.3667
3205836,1.6000,1.3643
3206336,1.6000,1.3555
3206836,1.6000,1.3627
3207336,1.6000,1.3667
3207836,1.6000,1.3708
3208336,1.6000,1.3684
3208836,1.6000,1.3651
3209336,1.6000,1.3772
3209836,1.6000,1.3748
3210336,1.6000,1.3651
3210836,1.6000,1.3829
3211336,1.6000,1.3692
3211836,1.6000,1.3619
3212336,1.6000,1.3716
3212836,1.6000,1.3716
3213336,1.6000,1.3684
3213836,1.6000,1.3829
3214336,1.6000,1.3619
3214836,1.6000,1.3780
3215336,1.6000,1.3643
3215836,1.6000,1.3748
3216336,1.6000,1.3788
3216836,1.6000,1.3692
3217336,1.6000,1.3684
3217836,1.6000,1.3555
3218336,1.6000,1.3675
3218836,1.6000,1.3651
3219336,1.6000,1.3329
3219836,1.6000,1.3708
3220336,1.6000,1.3595
3220836,1.6000,1.3756
3221336,1.6000,1.3732
3221836,1.6000,1.3748
3222336,1.6000,1.3772
3222836,1.6000,1.3740
3223336,1.6000,1.3651
3223836,1.6000,1.3667
3224336,1.6000,1.3724
3224836,1.6000,1.3708
3225336,1.6000,1.3756
3225836,1.6000,1.3651
3226336,1.6000,1.3780
3226836,1.6000,1.3724
3227336,1.6000,1.3708
3227836,1.6000,1.3579
3228336,1.6000,1.3740
3228836,1.6000,1.3692
3229336,1.6000,1.3716
3229836,1.6000,1.3716
3230336,1.6000,1.3667
3230836,1.6000,1.3692
3231336,1.6000,1.3708
3231836,1.6000,1.3708
3232336,1.6000,1.3877
3232836,1.6000,1.3716
3233336,1.6000,1.3756
3233836,1.6000,1.3675
3234336,1.6000,1.3708
3234836,1.6000,1.3796
3235336,1.6000,1.3748
3235836,1.6000,1.3748
3236336,1.6000,1.3724
3236836,1.6000,1.3764
3237336,1.6000,1.3756
3237836,1.6000,1.3684
3238336,1.6000,1.3692
3238836,1.6000,1.3853
3239336,1.6000,1.3643
3239836,1.6000,1.3764
3240336,1.6000,1.3901
3240836,1.6000,1.3571
3241336,1.6000,1.3740
3241836,1.6000,1.3667
3242336,1.6000,1.3555
3242836,1.6000,1.3692
3243336,1.6000,1.3788
3243836,1.6000,1.3909
3244336,1.6000,1.3675
3244836,1.6000,1.3796
3245336,1.6000,1.3692
3245836,1.6000,1.3901
3246336,1.6000,1.3764
3246836,1.6000,1.3901
3247336,1.6000,1.3724
3247836,1.6000,1.3692
3248336,1.6000,1.3659
3248836,1.6000,1.3748
3249336,1.6000,1.3748
3249836,1.6000,1.3700
3250336,1.6000,1.3716
3250836,1.6000,1.3684
3251336,1.6000,1.3692
3251836,1.6000,1.3724
3252336,1.6000,1.3651
3252836,1.6000,1.3780
3253336,1.6000,1.3748
3253836,1.6000,1.3651
3254336,1.6000,1.3659
3254836,1.6000,1.3595
3255336,1.6000,1.3716
3255836,1.6000,1.3724
3256336,1.6000,1.3708
3256836,1.6000,1.3659
3257336,1.6000,1.3659
3257836,1.6000,1.3667
3258336,1.6000,1.3748
3258836,1.6000,1.3740
3259336,1.6000,1.3796
3259836,1.6000,1.3756
3260336,1.6000,1.3667
3260836,1.6000,1.3619
3261336,1.6000,1.3547
3261836,1.6000,1.3796
3262336,1.6000,1.3756
3262836,1.6000,1.3708
3263336,1.6000,1.3716
3263836,1.6000,1.3780
3264336,1.6000,1.3667
3264836,1.6000,1.3933
3265336,1.6000,1.3700
3265836,1.6000,1.3724
3266336,1.6000,1.3716
3266836,1.6000,1.3837
3267336,1.6000,1.3780
3267836,1.6000,1.3667
3268336,1.6000,1.3716
3268836,1.6000,1.3788
3269336,1.6000,1.3667
3269836,1.6000,1.3635
3270336,1.6000,1.3772
3270836,1.6000,1.3627
3271336,1.6000,1.3740
3271836,1.6000,1.3821
3272336,1.6000,1.3796
3272836,1.6000,1.3901
3273336,1.6000,1.3684
3273836,1.6000,1.3708
3274336,1.6000,1.3804
3274836,1.6000,1.3845
3275336,1.6000,1.3748
3275836,1.6000,1.3764
3276336,1.6000,1.3796
3276836,1.6000,1.3772
3277336,1.6000,1.3796
3277836,1.6000,1.3812
3278336,1.6000,1.3692
3278836,1.6000,1.3571
3279336,1.6000,1.3684
3279836,1.6000,1.3796
3280336,1.6000,1.3724
3280836,1.6000,1.3756
3281336,1.6000,1.3740
3281836,1.6000,1.3756
3282336,1.6000,1.3796
3282836,1.6000,1.3724
3283336,1.6000,1.3796
3283836,1.6000,1.3780
3284336,1.6000,1.3716
3284836,1.6000,1.3756
3285336,1.6000,1.3772
3285836,1.6000,1.3772
3286336,1.6000,1.3619
3286836,1.6000,1.3748
3287336,1.6000,1.3748
3287836,1.6000,1.3788
3288336,1.6000,1.3788
3288836,1.6000,1.3732
3289336,1.6000,1.3998
3289836,1.6000,1.3780
3290336,1.6000,1.3732
3290836,1.6000,1.3893
3291336,1.6000,1.3756
3291836,1.6000,1.3740
3292336,1.6000,1.3595
3292836,1.6000,1.3780
3293336,1.6000,1.3724
3293836,1.6000,1.3684
3294336,1.6000,1.3466
3294836,1.6000,1.3595
3295336,1.6000,1.3949
3295836,1.6000,1.3772
3296336,1.6000,1.3579
3296836,1.6000,1.3788
3297336,1.6000,1.3812
3297836,1.6000,1.3780
3298336,1.6000,1.3804
3298836,1.6000,1.3675
3299336,1.6000,1.3845
3299836,1.6000,1.3780
3300336,1.6000,1.3643
3300836,1.6000,1.3692
3301336,1.6000,1.3748
3301836,1.6000,1.3796
3302336,1.6000,1.3788
3302836,1.6000,1.3740
3303336,1.6000,1.3764
3303836,1.6000,1.3788
3304336,1.6000,1.3812
3304836,1.6000,1.3901
3305336,1.6000,1.3756
3305836,1.6000,1.3780
3306336,1.6000,1.3845
3306836,1.6000,1.3796
3307336,1.6000,1.3740
3307836,1.6000,1.3756
3308336,1.6000,1.3933
3308836,1.6000,1.3796
3309336,1.6000,1.3748
3309836,1.6000,1.3716
3310336,1.6000,1.3675
3310836,1.6000,1.3796
3311336,1.6000,1.3853
3311836,1.6000,1.3829
3312336,1.6000,1.3611
3312836,1.6000,1.3804
3313336,1.6000,1.3804
3313836,1.6000,1.3716
3314336,1.6000,1.3692
3314836,1.6000,1.3885
3315336,1.6000,1.3692
3315836,1.6000,1.3780
3316336,1.6000,1.3724
3316836,1.6000,1.3748
3317336,1.6000,1.3796
3317836,1.6000,1.3764
3318336,1.6000,1.3821
3318836,1.6000,1.3772
3319336,1.6000,1.3651
3319836,1.6000,1.3788
3320336,1.6000,1.3764
3320836,1.6000,1.3796
3321336,1.6000,1.3812
3321836,1.6000,1.3764
3322336,1.6000,1.3796
3322836,1.6000,1.3716
3323336,1.6000,1.3845
3323836,1.6000,1.3941
3324336,1.6000,1.3853
3324836,1.6000,1.3788
3325336,1.6000,1.3748
3325836,1.6000,1.3780
3326336,1.6000,1.3684
3326836,1.6000,1.3812
3327336,1.6000,1.3796
3327836,1.6000,1.3885
3328336,1.6000,1.3684
3328836,1.6000,1.3796
3329336,1.6000,1.3748
3329836,1.6000,1.3667
3330336,1.6000,1.3732
3330836,1.6000,1.3796
3331336,1.6000,1.3788
3331836,1.6000,1.3684
3332336,1.6000,1.3796
3332836,1.6000,1.3756
3333336,1.6000,1.3788
3333836,1.6000,1.3724
3334336,1.6000,1.3772
3334836,1.6000,1.3700
3335336,1.6000,1.3812
3335836,1.6000,1.3804
3336336,1.6000,1.3651
3336836,1.6000,1.3772
3337336,1.6000,1.3796
3337836,1.6000,1.4006
3338336,1.6000,1.3804
3338836,1.6000,1.3780
3339336,1.6000,1.3821
3339836,1.6000,1.3684
3340336,1.6000,1.3684
3340836,1.6000,1.3804
3341336,1.6000,1.3788
3341836,1.6000,1.3837
3342336,1.6000,1.3885
3342836,1.6000,1.3812
3343336,1.6000,1.3982
3343836,1.6000,1.3804
3344336,1.6000,1.3829
3344836,1.6000,1.3756
3345336,1.6000,1.3821
3345836,1.6000,1.3748
3346336,1.6000,1.3941
3346836,1.6000,1.3788
3347336,1.6000,1.3821
3347836,1.6000,1.3933
3348336,1.6000,1.3845
3348836,1.6000,1.3788
3349336,1.6000,1.3974
3349836,1.6000,1.3595
3350336,1.6000,1.3837
3350836,1.6000,1.3772
3351336,1.6000,1.3804
3351836,1.6000,1.3812
3352336,1.6000,1.3788
3352836,1.6000,1.3804
3353336,1.6000,1.3619
3353836,1.6000,1.3788
3354336,1.6000,1.3853
3354836,1.6000,1.3740
3355336,1.6000,1.3869
3355836,1.6000,1.3796
3356336,1.6000,1.3772
3356836,1.6000,1.3732
3357336,1.6000,1.3796
3357836,1.6000,1.3796
3358336,1.6000,1.3796
3358836,1.6000,1.3853
3359336,1.6000,1.3796
3359836,1.6000,1.3796
3360336,1.6000,1.3941
3360836,1.6000,1.3941
3361336,1.6000,1.3941
3361836,1.6000,1.3740
3362336,1.6000,1.3821
3362836,1.6000,1.3821
3363336,1.6000,1.3579
3363836,1.6000,1.3837
3364336,1.6000,1.3925
3364836,1.6000,1.3845
3365336,1.6000,1.3812
3365836,1.6000,1.3659
3366336,1.6000,1.3941
3366836,1.6000,1.3885
3367336,1.6000,1.3788
3367836,1.6000,1.3796
3368336,1.6000,1.3796
3368836,1.6000,1.3796
3369336,1.6000,1.3941
3369836,1.6000,1.3780
3370336,1.6000,1.3772
3370836,1.6000,1.3780
3371336,1.6000,1.3796
3371836,1.6000,1.3804
3372336,1.6000,1.3796
3372836,1.6000,1.3853
3373336,1.6000,1.3853
3373836,1.6000,1.3837
3374336,1.6000,1.3804
3374836,1.6000,1.3796
3375336,1.6000,1.3796
3375836,1.6000,1.3812
3376336,1.6000,1.3845
3376836,1.6000,1.3796
3377336,1.6000,1.3998
3377836,1.6000,1.3796
3378336,1.6000,1.3877
3378836,1.6000,1.3853
3379336,1.6000,1.3812
3379836,1.6000,1.3804
3380336,1.6000,1.3821
3380836,1.6000,1.3780
3381336,1.6000,1.3724
3381836,1.6000,1.3804
3382336,1.6000,1.3780
3382836,1.6000,1.3885
3383336,1.6000,1.3812
3383836,1.6000,1.4054
3384336,1.6000,1.3796
3384836,1.6000,1.3796
3385336,1.6000,1.3829
3385836,1.6000,1.3909
3386336,1.6000,1.3877
3386836,1.6000,1.3966
3387336,1.6000,1.3796
3387836,1.6000,1.3853
3388336,1.6000,1.3853
3388836,1.6000,1.3796
3389336,1.6000,1.3812
3389836,1.6000,1.3958
3390336,1.6000,1.3796
3390836,1.6000,1.3821
3391336,1.6000,1.3837
3391836,1.6000,1.3845
3392336,1.6000,1.3869
3392836,1.6000,1.3796
3393336,1.6000,1.3780
3393836,1.6000,1.3796
3394336,1.6000,1.3829
3394836,1.6000,1.3708
3395336,1.6000,1.3796
3395836,1.6000,1.3853
3396336,1.6000,1.3804
3396836,1.6000,1.3796
3397336,1.6000,1.3837
3397836,1.6000,1.3853
3398336,1.6000,1.3853
3398836,1.6000,1.3772
3399336,1.6000,1.3829
3399836,1.6000,1.3708
3400336,1.6000,1.3861
3400836,1.6000,1.4046
3401336,1.6000,1.3804
3401836,1.6000,1.3796
3402336,1.6000,1.3804
3402836,1.6000,1.3796
3403336,1.6000,1.3756
3403836,1.6000,1.3740
3404336,1.6000,1.3909
3404836,1.6000,1.3796
3405336,1.6000,1.3837
3405836,1.6000,1.3796
3406336,1.6000,1.3949
3406836,1.6000,1.3804
3407336,1.6000,1.4167
3407836,1.6000,1.3812
3408336,1.6000,1.3966
3408836,1.6000,1.3812
3409336,1.6000,1.3788
3409836,1.6000,1.3780
3410336,1.6000,1.3885
3410836,1.6000,1.3925
3411336,1.6000,1.3837
3411836,1.6000,1.3941
3412336,1.6000,1.3756
3412836,1.6000,1.3667
3413336,1.6000,1.3796
3413836,1.6000,1.3933
3414336,1.6000,1.3796
3414836,1.6000,1.3796
3415336,1.6000,1.3901
3415836,1.6000,1.3853
3416336,1.6000,1.3941
3416836,1.6000,1.3804
3417336,1.6000,1.3845
3417836,1.6000,1.3941
3418336,1.6000,1.3933
3418836,1.6000,1.3812
3419336,1.6000,1.3845
3419836,1.6000,1.3821
3420336,1.6000,1.3941
3420836,1.6000,1.3845
3421336,1.6000,1.3756
3421836,1.6000,1.3837
3422336,1.6000,1.3780
3422836,1.6000,1.3941
3423336,1.6000,1.3796
3423836,1.6000,1.3917
3424336,1.6000,1.3837
3424836,1.6000,1.3563
3425336,1.6000,1.3958
3425836,1.6000,1.3837
3426336,1.6000,1.3933
3426836,1.6000,1.3804
3427336,1.6000,1.3692
3427836,1.6000,1.3974
3428336,1.6000,1.3845
3428836,1.6000,1.3885
3429336,1.6000,1.3869
3429836,1.6000,1.3853
3430336,1.6000,1.3853
3430836,1.6000,1.3692
3431336,1.6000,1.3909
3431836,1.6000,1.3925
3432336,1.6000,1.3869
3432836,1.6000,1.3877
3433336,1.6000,1.3796
3433836,1.6000,1.3885
3434336,1.6000,1.4014
3434836,1.6000,1.3788
3435336,1.6000,1.3853
3435836,1.6000,1.3893
3436336,1.6000,1.3982
3436836,1.6000,1.3837
3437336,1.6000,1.3772
3437836,1.6000,1.3675
3438336,1.6000,1.3901
3438836,1.6000,1.3853
3439336,1.6000,1.3869
3439836,1.6000,1.3821
3440336,1.6000,1.3869
3440836,1.6000,1.3804
3441336,1.6000,1.3837
3441836,1.6000,1.3901
3442336,1.6000,1.3958
3442836,1.6000,1.3708
3443336,1.6000,1.3974
3443836,1.6000,1.3869
3444336,1.6000,1.3796
3444836,1.6000,1.3716
3445336,1.6000,1.3821
3445836,1.6000,1.3853
3446336,1.6000,1.3861
3446836,1.6000,1.3909
3447336,1.6000,1.3796
3447836,1.6000,1.3756
3448336,1.6000,1.3796
3448836,1.6000,1.3796
3449336,1.6000,1.4006
3449836,1.6000,1.3772
3450336,1.6000,1.3845
3450836,1.6000,1.3861
3451336,1.6000,1.3829
3451836,1.6000,1.3748
3452336,1.6000,1.3796
3452836,1.6000,1.3885
3453336,1.6000,1.3885
3453836,1.6000,1.3853
3454336,1.6000,1.3716
3454836,1.6000,1.3917
3455336,1.6000,1.3845
3455836,1.6000,1.3869
3456336,1.6000,1.3917
3456836,1.6000,1.3853
3457336,1.6000,1.3796
3457836,1.6000,1.3885
3458336,1.6000,1.3821
3458836,1.6000,1.3893
3459336,1.6000,1.3796
3459836,1.6000,1.3667
3460336,1.6000,1.3812
3460836,1.6000,1.3877
3461336,1.6000,1.4078
3461836,1.6000,1.3853
3462336,1.6000,1.3821
3462836,1.6000,1.3869
3463336,1.6000,1.3974
3463836,1.6000,1.4038
3464336,1.6000,1.3901
3464836,1.6000,1.3845
3465336,1.6000,1.3949
3465836,1.6000,1.4006
3466336,1.6000,1.3909
3466836,1.6000,1.3925
3467336,1.6000,1.3893
3467836,1.6000,1.3853
3468336,1.6000,1.3933
3468836,1.6000,1.3909
3469336,1.6000,1.3885
3469836,1.6000,1.3708
3470336,1.6000,1.3595
3470836,1.6000,1.3821
3471336,1.6000,1.3933
3471836,1.6000,1.3837
3472336,1.6000,1.3893
3472836,1.6000,1.3845
3473336,1.6000,1.3772
3473836,1.6000,1.3837
3474336,1.6000,1.3853
3474836,1.6000,1.3909
3475336,1.6000,1.3966
3475836,1.6000,1.3796
3476336,1.6000,1.3796
3476836,1.6000,1.3853
3477336,1.6000,1.3853
3477836,1.6000,1.3796
3478336,1.6000,1.3909
3478836,1.6000,1.3901
3479336,1.6000,1.3853
3479836,1.6000,1.3853
3480336,1.6000,1.3796
3480836,1.6000,1.3925
3481336,1.6000,1.3885
3481836,1.6000,1.3885
3482336,1.6000,1.3901
3482836,1.6000,1.3982
3483336,1.6000,1.3909
3483836,1.6000,1.3909
3484336,1.6000,1.3804
3484836,1.6000,1.3837
3485336,1.6000,1.3877
3485836,1.6000,1.3917
3486336,1.6000,1.3837
3486836,1.6000,1.3869
3487336,1.6000,1.3861
3487836,1.6000,1.3909
3488336,1.6000,1.3821
3488836,1.6000,1.4095
3489336,1.6000,1.3885
3489836,1.6000,1.3853
3490336,1.6000,1.3837
3490836,1.6000,1.4046
3491336,1.6000,1.3885
3491836,1.6000,1.3909
3492336,1.6000,1.3885
3492836,1.6000,1.3821
3493336,1.6000,1.3925
3493836,1.6000,1.3941
3494336,1.6000,1.3877
3494836,1.6000,1.3941
3495336,1.6000,1.3877
3495836,1.6000,1.3885
3496336,1.6000,1.3933
3496836,1.6000,1.3885
3497336,1.6000,1.3909
3497836,1.6000,1.4175
3498336,1.6000,1.3780
3498836,1.6000,1.3885
3499336,1.6000,1.3982
3499836,1.6000,1.3901
3500336,1.6000,1.3893
3500836,1.6000,1.3885
3501336,1.6000,1.3853
3501836,1.6000,1.3845
3502336,1.6000,1.3837
3502836,1.6000,1.3917
3503336,1.6000,1.3796
3503836,1.6000,1.3933
3504336,1.6000,1.3917
3504836,1.6000,1.3877
3505336,1.6000,1.3909
3505836,1.6000,1.3982
3506336,1.6000,1.3845
3506836,1.6000,1.3941
3507336,1.6000,1.3804
3507836,1.6000,1.3901
3508336,1.6000,1.3941
3508836,1.6000,1.3917
3509336,1.6000,1.3909
3509836,1.6000,1.3925
3510336,1.6000,1.3885
3510836,1.6000,1.3982
3511336,1.6000,1.3861
3511836,1.6000,1.3901
3512336,1.6000,1.3941
3512836,1.6000,1.3901
3513336,1.6000,1.3853
3513836,1.6000,1.3869
3514336,1.6000,1.3901
3514836,1.6000,1.3933
3515336,1.6000,1.3925
3515836,1.6000,1.3933
3516336,1.6000,1.3925
3516836,1.6000,1.3885
3517336,1.6000,1.4054
3517836,1.6000,1.3998
3518336,1.6000,1.3901
3518836,1.6000,1.4095
3519336,1.6000,1.3909
3519836,1.6000,1.3845
3520336,1.6000,1.3837
3520836,1.6000,1.3909
3521336,1.6000,1.3877
3521836,1.6000,1.3909
3522336,1.6000,1.3837
3522836,1.6000,1.3869
3523336,1.6000,1.3933
3523836,1.6000,1.3845
3524336,1.6000,1.3917
3524836,1.6000,1.3796
3525336,1.6000,1.3941
3525836,1.6000,1.3821
3526336,1.6000,1.3925
3526836,1.6000,1.3909
3527336,1.6000,1.4296
3527836,1.6000,1.3869
3528336,1.6000,1.3821
3528836,1.6000,1.3837
3529336,1.6000,1.3925
3529836,1.6000,1.3845
3530336,1.6000,1.3893
3530836,1.6000,1.3837
3531336,1.6000,1.3933
3531836,1.6000,1.3788
3532336,1.6000,1.3917
3532836,1.6000,1.3869
3533336,1.6000,1.3877
3533836,1.6000,1.3901
3534336,1.6000,1.3877
3534836,1.6000,1.3853
3535336,1.6000,1.3651
3535836,1.6000,1.3788
3536336,1.6000,1.3941
3536836,1.6000,1.3885
3537336,1.6000,1.3869
3537836,1.6000,1.3821
3538336,1.6000,1.3853
3538836,1.6000,1.3909
3539336,1.6000,1.4095
3539836,1.6000,1.4014
3540336,1.6000,1.3780
3540836,1.6000,1.3853
3541336,1.6000,1.3901
3541836,1.6000,1.3941
3542336,1.6000,1.3853
3542836,1.6000,1.3901
3543336,1.6000,1.3796
3543836,1.6000,1.3796
3544336,1.6000,1.3990
3544836,1.6000,1.3812
3545336,1.6000,1.3949
3545836,1.6000,1.3917
3546336,1.6000,1.3869
3546836,1.6000,1.3869
3547336,1.6000,1.3893
3547836,1.6000,1.3917
3548336,1.6000,1.3949
3548836,1.6000,1.3837
3549336,1.6000,1.3982
3549836,1.6000,1.3788
3550336,1.6000,1.3917
3550836,1.6000,1.3949
3551336,1.6000,1.3925
3551836,1.6000,1.4006
3552336,1.6000,1.3885
3552836,1.6000,1.3958
3553336,1.6000,1.3933
3553836,1.6000,1.3941
3554336,1.6000,1.3845
3554836,1.6000,1.3966
3555336,1.6000,1.3804
3555836,1.6000,1.3941
3556336,1.6000,1.3796
3556836,1.6000,1.3796
3557336,1.6000,1.3853
3557836,1.6000,1.3901
3558336,1.6000,1.3893
3558836,1.6000,1.3853
3559336,1.6000,1.3869
3559836,1.6000,1.3909
3560336,1.6000,1.3941
3560836,1.6000,1.4054
3561336,1.6000,1.3949
3561836,1.6000,1.3845
3562336,1.6000,1.3966
3562836,1.6000,1.3901
3563336,1.6000,1.3837
3563836,1.6000,1.3796
3564336,1.6000,1.3998
3564836,1.6000,1.3893
3565336,1.6000,1.3837
3565836,1.6000,1.3925
3566336,1.6000,1.3949
3566836,1.6000,1.4054
3567336,1.6000,1.3901
3567836,1.6000,1.3893
3568336,1.6000,1.3853
3568836,1.6000,1.3893
3569336,1.6000,1.3853
3569836,1.6000,1.4103
3570336,1.6000,1.3853
3570836,1.6000,1.3917
3571336,1.6000,1.3772
3571836,1.6000,1.3925
3572336,1.6000,1.3901
3572836,1.6000,1.4014
3573336,1.6000,1.3853
3573836,1.6000,1.4038
3574336,1.6000,1.3901
3574836,1.6000,1.3909
3575336,1.6000,1.3966
3575836,1.6000,1.3667
3576336,1.6000,1.3885
3576836,1.6000,1.3893
3577336,1.6000,1.3925
3577836,1.6000,1.3772
3578336,1.6000,1.3845
3578836,1.6000,1.3933
3579336,1.6000,1.3796
3579836,1.6000,1.3788
3580336,1.6000,1.4022
3580836,1.6000,1.3925
3581336,1.6000,1.3925
3581836,1.6000,1.4046
3582336,1.6000,1.3909
3582836,1.6000,1.3982
3583336,1.6000,1.3538
3583836,1.6000,1.3901
3584336,1.6000,1.3901
3584836,1.6000,1.3901
3585336,1.6000,1.4054
3585836,1.6000,1.3885
3586336,1.6000,1.3869
3586836,1.6000,1.3869
3587336,1.6000,1.3998
3587836,1.6000,1.3804
3588336,1.6000,1.3547
3588836,1.6000,1.3982
3589336,1.6000,1.3949
3589836,1.6000,1.3917
3590336,1.6000,1.3933
3590836,1.6000,1.3877
3591336,1.6000,1.3901
3591836,1.6000,1.3869
3592336,1.6000,1.3982
3592836,1.6000,1.3982
3593336,1.6000,1.3885
3593836,1.6000,1.3740
3594336,1.6000,1.3812
3594836,1.6000,1.3933
3595336,1.6000,1.3909
3595836,1.6000,1.3917
3596336,1.6000,1.3941
3596836,1.6000,1.4014
3597336,1.6000,1.3966
3597836,1.6000,1.3917
3598336,1.6000,1.3949
3598836,1.6000,1.4054
3599336,1.6000,1.3885
3599836,1.6000,1.3925
3600336,1.6000,1.3853
3600836,1.6000,1.3788
3601336,1.6000,1.3877
3601836,1.6000,1.4054
3602336,1.6000,1.3925
3602836,1.6000,1.3933
3603336,1.6000,1.3941
3603836,1.6000,1.3877
3604336,1.6000,1.3990
3604836,1.6000,1.3974
3605336,1.6000,1.3917
3605836,1.6000,1.3933
3606336,1.6000,1.3933
3606836,1.6000,1.3853
3607336,1.6000,1.3804
3607836,1.6000,1.3941
3608336,1.6000,1.3909
3608836,1.6000,1.4062
3609336,1.6000,1.3821
3609836,1.6000,1.4095
3610336,1.6000,1.3917
3610836,1.6000,1.3837
3611336,1.6000,1.4030
3611836,1.6000,1.3933
3612336,1.6000,1.3958
3612836,1.6000,1.3949
3613336,1.6000,1.3990
3613836,1.6000,1.3941
3614336,1.6000,1.4030
3614836,1.6000,1.4046
3615336,1.6000,1.4046
3615836,1.6000,1.3909
3616336,1.6000,1.3966
3616836,1.6000,1.4046
3617336,1.6000,1.4111
3617836,1.6000,1.3933
3618336,1.6000,1.3893
3618836,1.6000,1.3982
3619336,1.6000,1.3909
3619836,1.6000,1.3982
3620336,1.6000,1.3933
3620836,1.6000,1.3925
3621336,1.6000,1.3966
3621836,1.6000,1.3917
3622336,1.6000,1.4046
3622836,1.6000,1.3966
3623336,1.6000,1.3941
3623836,1.6000,1.3982
3624336,1.6000,1.3974
3624836,1.6000,1.3974
3625336,1.6000,1.3941
3625836,1.6000,1.3853
3626336,1.6000,1.3941
3626836,1.6000,1.3925
3627336,1.6000,1.3982
3627836,1.6000,1.3974
3628336,1.6000,1.3941
3628836,1.6000,1.3998
3629336,1.6000,1.3933
3629836,1.6000,1.3925
3630336,1.6000,1.3909
3630836,1.6000,1.3885
3631336,1.6000,1.3909
3631836,1.6000,1.3925
3632336,1.6000,1.3925
3632836,1.6000,1.3837
3633336,1.6000,1.3933
3633836,1.6000,1.3982
3634336,1.6000,1.3885
3634836,1.6000,1.3877
3635336,1.6000,1.3949
3635836,1.6000,1.3893
3636336,1.6000,1.4111
3636836,1.6000,1.3909
3637336,1.6000,1.4312
3637836,1.6000,1.3933
3638336,1.6000,1.3998
3638836,1.6000,1.3925
3639336,1.6000,1.3958
3639836,1.6000,1.3941
3640336,1.6000,1.3966
3640836,1.6000,1.4006
3641336,1.6000,1.3998
3641836,1.6000,1.3845
3642336,1.6000,1.3966
3642836,1.6000,1.3933
3643336,1.6000,1.4030
3643836,1.6000,1.3901
3644336,1.6000,1.3925
3644836,1.6000,1.3901
3645336,1.6000,1.4030
3645836,1.6000,1.3933
3646336,1.6000,1.3909
3646836,1.6000,1.4062
3647336,1.6000,1.4046
3647836,1.6000,1.3901
3648336,1.6000,1.3949
3648836,1.6000,1.4054
3649336,1.6000,1.3917
3649836,1.6000,1.3941
3650336,1.6000,1.4006
3650836,1.6000,1.4006
3651336,1.6000,1.3917
3651836,1.6000,1.3982
3652336,1.6000,1.4022
3652836,1.6000,1.3982
3653336,1.6000,1.3925
3653836,1.6000,1.4111
3654336,1.6000,1.3925
3654836,1.6000,1.3966
3655336,1.6000,1.3885
3655836,1.6000,1.4046
3656336,1.6000,1.4030
3656836,1.6000,1.3845
3657336,1.6000,1.3861
3657836,1.6000,1.3917
3658336,1.6000,1.3974
3658836,1.6000,1.3716
3659336,1.6000,1.3941
3659836,1.6000,1.4014
3660336,1.6000,1.3958
3660836,1.6000,1.3958
3661336,1.6000,1.3966
3661836,1.6000,1.3933
3662336,1.6000,1.3901
3662836,1.6000,1.3966
3663336,1.6000,1.4054
3663836,1.6000,1.3941
3664336,1.6000,1.3941
3664836,1.6000,1.4030
3665336,1.6000,1.4062
3665836,1.6000,1.3893
3666336,1.6000,1.4014
3666836,1.6000,1.3933
3667336,1.6000,1.3925
3667836,1.6000,1.3941
3668336,1.6000,1.3933
3668836,1.6000,1.3941
3669336,1.6000,1.4006
3669836,1.6000,1.3982
3670336,1.6000,1.3885
3670836,1.6000,1.3974
3671336,1.6000,1.3949
3671836,1.6000,1.4030
3672336,1.6000,1.3909
3672836,1.6000,1.3909
3673336,1.6000,1.3966
3673836,1.6000,1.3885
3674336,1.6000,1.3925
3674836,1.6000,1.3966
3675336,1.6000,1.3982
3675836,1.6000,1.3885
3676336,1.6000,1.3885
3676836,1.6000,1.3958
3677336,1.6000,1.3917
3677836,1.6000,1.4014
3678336,1.6000,1.3812
3678836,1.6000,1.3925
3679336,1.6000,1.3998
3679836,1.6000,1.3990
3680336,1.6000,1.4030
3680836,1.6000,1.3877
3681336,1.6000,1.4151
3681836,1.6000,1.4030
3682336,1.6000,1.3982
3682836,1.6000,1.3812
3683336,1.6000,1.3949
3683836,1.6000,1.3901
3684336,1.6000,1.3909
3684836,1.6000,1.3901
3685336,1.6000,1.3990
3685836,1.6000,1.3966
3686336,1.6000,1.3966
3686836,1.6000,1.4054
3687336,1.6000,1.4078
3687836,1.6000,1.4046
3688336,1.6000,1.4014
3688836,1.6000,1.3941
3689336,1.6000,1.3949
3689836,1.6000,1.3821
3690336,1.6000,1.3796
3690836,1.6000,1.3893
3691336,1.6000,1.3941
3691836,1.6000,1.3837
3692336,1.6000,1.4046
3692836,1.6000,1.4054
3693336,1.6000,1.3845
3693836,1.6000,1.3998
3694336,1.6000,1.3982
3694836,1.6000,1.3941
3695336,1.6000,1.4014
3695836,1.6000,1.4046
3696336,1.6000,1.3941
3696836,1.6000,1.4312
3697336,1.6000,1.4022
3697836,1.6000,1.4014
3698336,1.6000,1.4014
3698836,1.6000,1.3909
3699336,1.6000,1.3949
3699836,1.6000,1.3917
3700336,1.6000,1.3941
3700836,1.6000,1.3925
3701336,1.6000,1.4022
3701836,1.6000,1.3958
3702336,1.6000,1.3925
3702836,1.6000,1.4030
3703336,1.6000,1.4078
3703836,1.6000,1.4062
3704336,1.6000,1.3982
3704836,1.6000,1.4006
3705336,1.6000,1.4054
3705836,1.6000,1.3925
3706336,1.6000,1.3974
3706836,1.6000,1.4022
3707336,1.6000,1.3974
3707836,1.6000,1.3949
3708336,1.6000,1.4070
3708836,1.6000,1.3933
3709336,1.6000,1.4046
3709836,1.6000,1.4014
3710336,1.6000,1.4046
3710836,1.6000,1.3974
3711336,1.6000,1.4336
3711836,1.6000,1.4014
3712336,1.6000,1.3885
3712836,1.6000,1.3925
3713336,1.6000,1.3925
3713836,1.6000,1.3845
3714336,1.6000,1.3837
3714836,1.6000,1.3974
3715336,1.6000,1.3998
3715836,1.6000,1.4006
3716336,1.6000,1.3990
3716836,1.6000,1.4054
3717336,1.6000,1.3796
3717836,1.6000,1.3974
3718336,1.6000,1.3949
3718836,1.6000,1.4014
3719336,1.6000,1.4030
3719836,1.6000,1.3974
3720336,1.6000,1.4054
3720836,1.6000,1.3982
3721336,1.6000,1.3998
3721836,1.6000,1.4038
3722336,1.6000,1.3901
3722836,1.6000,1.3909
3723336,1.6000,1.4014
3723836,1.6000,1.3909
3724336,1.6000,1.3974
3724836,1.6000,1.3974
3725336,1.6000,1.4030
3725836,1.6000,1.3958
3726336,1.6000,1.3925
3726836,1.6000,1.3853
3727336,1.6000,1.3933
3727836,1.6000,1.4223
3728336,1.6000,1.4070
3728836,1.6000,1.4022
3729336,1.6000,1.4022
3729836,1.6000,1.3853
3730336,1.6000,1.4070
3730836,1.6000,1.4054
3731336,1.6000,1.4022
3731836,1.6000,1.3933
3732336,1.6000,1.3949
3732836,1.6000,1.3925
3733336,1.6000,1.3933
3733836,1.6000,1.3958
3734336,1.6000,1.3998
3734836,1.6000,1.4046
3735336,1.6000,1.3909
3735836,1.6000,1.3974
3736336,1.6000,1.3941
3736836,1.6000,1.4038
3737336,1.6000,1.3974
3737836,1.6000,1.3949
3738336,1.6000,1.4062
3738836,1.6000,1.4062
3739336,1.6000,1.3982
3739836,1.6000,1.3982
3740336,1.6000,1.4054
3740836,1.6000,1.3933
3741336,1.6000,1.3925
3741836,1.6000,1.3998
3742336,1.6000,1.4046
3742836,1.6000,1.3788
3743336,1.6000,1.3998
3743836,1.6000,1.4054
3744336,1.6000,1.3966
3744836,1.6000,1.3909
3745336,1.6000,1.4095
3745836,1.6000,1.4054
3746336,1.6000,1.3998
3746836,1.6000,1.3933
3747336,1.6000,1.4159
3747836,1.6000,1.3933
3748336,1.6000,1.3941
3748836,1.6000,1.3982
3749336,1.6000,1.4014
3749836,1.6000,1.4054
3750336,1.6000,1.4006
3750836,1.6000,1.3925
3751336,1.6000,1.4014
3751836,1.6000,1.3796
3752336,1.6000,1.3925
3752836,1.6000,1.4014
3753336,1.6000,1.4038
3753836,1.6000,1.3949
3754336,1.6000,1.3925
3754836,1.6000,1.4006
3755336,1.6000,1.3829
3755836,1.6000,1.3966
3756336,1.6000,1.4030
3756836,1.6000,1.4054
3757336,1.6000,1.4022
3757836,1.6000,1.4054
3758336,1.6000,1.3901
3758836,1.6000,1.3990
3759336,1.6000,1.4054
3759836,1.6000,1.4014
3760336,1.6000,1.3974
3760836,1.6000,1.4030
3761336,1.6000,1.4006
3761836,1.6000,1.3949
3762336,1.6000,1.3877
3762836,1.6000,1.4070
3763336,1.6000,1.4014
3763836,1.6000,1.4111
3764336,1.6000,1.4070
3764836,1.6000,1.3877
3765336,1.6000,1.4014
3765836,1.6000,1.3933
3766336,1.6000,1.3958
3766836,1.6000,1.3998
3767336,1.6000,1.3998
3767836,1.6000,1.3974
3768336,1.6000,1.4103
3768836,1.6000,1.4014
3769336,1.6000,1.4046
3769836,1.6000,1.3917
3770336,1.6000,1.4030
3770836,1.6000,1.3949
3771336,1.6000,1.3998
3771836,1.6000,1.3925
3772336,1.6000,1.3982
3772836,1.6000,1.4014
3773336,1.6000,1.3966
3773836,1.6000,1.3933
3774336,1.6000,1.4030
3774836,1.6000,1.3917
3775336,1.6000,1.3885
3775836,1.6000,1.4046
3776336,1.6000,1.4006
3776836,1.6000,1.4006
3777336,1.6000,1.4046
3777836,1.6000,1.3941
3778336,1.6000,1.4030
3778836,1.6000,1.3990
3779336,1.6000,1.3982
3779836,1.6000,1.4062
3780336,1.6000,1.4014
3780836,1.6000,1.4159
3781336,1.6000,1.4062
3781836,1.6000,1.4030
3782336,1.6000,1.4006
3782836,1.6000,1.4054
3783336,1.6000,1.3941
3783836,1.6000,1.3982
3784336,1.6000,1.4014
3784836,1.6000,1.3877
3785336,1.6000,1.4078
3785836,1.6000,1.3974
3786336,1.6000,1.3974
3786836,1.6000,1.3925
3787336,1.6000,1.4167
3787836,1.6000,1.3796
3788336,1.6000,1.4135
3788836,1.6000,1.4030
3789336,1.6000,1.3974
3789836,1.6000,1.3925
3790336,1.6000,1.3941
3790836,1.6000,1.4054
3791336,1.6000,1.3998
3791836,1.6000,1.4014
3792336,1.6000,1.4014
3792836,1.6000,1.4103
3793336,1.6000,1.4062
3793836,1.6000,1.3958
3794336,1.6000,1.4038
3794836,1.6000,1.3998
3795336,1.6000,1.4054
3795836,1.6000,1.4062
3796336,1.6000,1.3998
3796836,1.6000,1.4159
3797336,1.6000,1.4038
3797836,1.6000,1.3998
3798336,1.6000,1.4054
3798836,1.6000,1.4014
3799336,1.6000,1.4054
3799836,1.6000,1.4006
3800336,1.6000,1.4006
3800836,1.6000,1.3974
3801336,1.6000,1.4062
3801836,1.6000,1.4054
3802336,1.6000,1.4111
3802836,1.6000,1.4111
3803336,1.6000,1.3941
3803836,1.6000,1.4030
3804336,1.6000,1.4062
3804836,1.6000,1.3829
3805336,1.6000,1.4103
3805836,1.6000,1.4078
3806336,1.6000,1.4030
3806836,1.6000,1.4167
3807336,1.6000,1.4006
3807836,1.6000,1.3933
3808336,1.6000,1.3933
3808836,1.6000,1.4014
3809336,1.6000,1.3949
3809836,1.6000,1.3998
3810336,1.6000,1.4038
3810836,1.6000,1.4095
3811336,1.6000,1.4111
3811836,1.6000,1.4078
3812336,1.6000,1.4054
3812836,1.6000,1.4014
3813336,1.6000,1.4030
3813836,1.6000,1.4014
3814336,1.6000,1.4054
3814836,1.6000,1.4006
3815336,1.6000,1.3982
3815836,1.6000,1.4046
3816336,1.6000,1.4046
3816836,1.6000,1.4070
3817336,1.6000,1.4022
3817836,1.6000,1.4022
3818336,1.6000,1.4006
3818836,1.6000,1.3949
3819336,1.6000,1.4014
3819836,1.6000,1.4143
3820336,1.6000,1.4240
3820836,1.6000,1.3974
3821336,1.6000,1.4062
3821836,1.6000,1.3998
3822336,1.6000,1.4038
3822836,1.6000,1.3909
3823336,1.6000,1.4046
3823836,1.6000,1.3925
3824336,1.6000,1.3966
3824836,1.6000,1.3933
3825336,1.6000,1.4151
3825836,1.6000,1.3692
3826336,1.6000,1.3885
3826836,1.6000,1.3998
3827336,1.6000,1.4304
3827836,1.6000,1.4046
3828336,1.6000,1.4054
3828836,1.6000,1.3925
3829336,1.6000,1.3941
3829836,1.6000,1.4038
3830336,1.6000,1.3998
3830836,1.6000,1.4030
3831336,1.6000,1.4006
3831836,1.6000,1.4014
3832336,1.6000,1.4046
3832836,1.6000,1.3901
3833336,1.6000,1.4070
3833836,1.6000,1.4054
3834336,1.6000,1.4046
3834836,1.6000,1.3990
3835336,1.6000,1.4014
3835836,1.6000,1.4111
3836336,1.6000,1.3949
3836836,1.6000,1.3982
3837336,1.6000,1.4054
3837836,1.6000,1.4014
3838336,1.6000,1.4103
3838836,1.6000,1.4006
3839336,1.6000,1.3998
3839836,1.6000,1.4111
3840336,1.6000,1.4014
3840836,1.6000,1.4014
3841336,1.6000,1.4240
3841836,1.6000,1.4062
3842336,1.6000,1.3853
3842836,1.6000,1.4038
3843336,1.6000,1.3974
3843836,1.6000,1.4103
3844336,1.6000,1.4070
3844836,1.6000,1.4054
3845336,1.6000,1.4078
3845836,1.6000,1.3998
3846336,1.6000,1.4014
3846836,1.6000,1.4151
3847336,1.6000,1.4046
3847836,1.6000,1.4328
3848336,1.6000,1.3998
3848836,1.6000,1.4014
3849336,1.6000,1.4054
3849836,1.6000,1.3925
3850336,1.6000,1.4014
3850836,1.6000,1.4022
3851336,1.6000,1.4046
3851836,1.6000,1.4038
3852336,1.6000,1.4054
3852836,1.6000,1.3949
3853336,1.6000,1.3982
3853836,1.6000,1.4046
3854336,1.6000,1.3949
3854836,1.6000,1.3796
3855336,1.6000,1.4022
3855836,1.6000,1.4030
3856336,1.6000,1.3949
3856836,1.6000,1.4046
3857336,1.6000,1.3998
3857836,1.6000,1.4030
3858336,1.6000,1.4062
3858836,1.6000,1.4054
3859336,1.6000,1.4103
3859836,1.6000,1.3966
3860336,1.6000,1.4054
3860836,1.6000,1.4111
3861336,1.6000,1.4038
3861836,1.6000,1.4312
3862336,1.6000,1.4046
3862836,1.6000,1.4046
3863336,1.6000,1.3974
3863836,1.6000,1.4054
3864336,1.6000,1.4038
3864836,1.6000,1.4046
3865336,1.6000,1.4006
3865836,1.6000,1.4103
3866336,1.6000,1.4054
3866836,1.6000,1.4111
3867336,1.6000,1.3804
3867836,1.6000,1.4143
3868336,1.6000,1.4006
3868836,1.6000,1.4046
3869336,1.6000,1.3982
3869836,1.6000,1.4030
3870336,1.6000,1.4054
3870836,1.6000,1.4111
3871336,1.6000,1.4014
3871836,1.6000,1.4014
3872336,1.6000,1.3966
3872836,1.6000,1.4030
3873336,1.6000,1.3949
3873836,1.6000,1.4095
3874336,1.6000,1.3998
3874836,1.6000,1.4070
3875336,1.6000,1.3966
3875836,1.6000,1.4086
3876336,1.6000,1.4078
3876836,1.6000,1.4038
3877336,1.6000,1.4159
3877836,1.6000,1.4054
3878336,1.6000,1.3974
3878836,1.6000,1.4095
3879336,1.6000,1.4046
3879836,1.6000,1.4046
3880336,1.6000,1.4030
3880836,1.6000,1.4046
3881336,1.6000,1.4030
3881836,1.6000,1.4054
3882336,1.6000,1.4046
3882836,1.6000,1.4022
3883336,1.6000,1.4014
3883836,1.6000,1.4111
3884336,1.6000,1.4078
3884836,1.6000,1.3917
3885336,1.6000,1.4030
3885836,1.6000,1.4054
3886336,1.6000,1.4103
3886836,1.6000,1.4062
3887336,1.6000,1.4111
3887836,1.6000,1.4103
3888336,1.6000,1.4054
3888836,1.6000,1.3958
3889336,1.6000,1.3974
3889836,1.6000,1.4054
3890336,1.6000,1.4006
3890836,1.6000,1.4014
3891336,1.6000,1.4054
3891836,1.6000,1.4078
3892336,1.6000,1.3941
3892836,1.6000,1.4038
3893336,1.6000,1.4070
3893836,1.6000,1.4038
3894336,1.6000,1.4135
3894836,1.6000,1.4054
3895336,1.6000,1.4054
3895836,1.6000,1.3974
3896336,1.6000,1.4054
3896836,1.6000,1.4054
3897336,1.6000,1.4264
3897836,1.6000,1.3982
3898336,1.6000,1.4014
3898836,1.6000,1.3740
3899336,1.6000,1.4070
3899836,1.6000,1.4223
3900336,1.6000,1.4046
3900836,1.6000,1.4054
3901336,1.6000,1.3949
3901836,1.6000,1.4014
3902336,1.6000,1.3917
3902836,1.6000,1.4022
3903336,1.6000,1.4095
3903836,1.6000,1.4095
3904336,1.6000,1.4062
3904836,1.6000,1.4240
3905336,1.6000,1.3998
3905836,1.6000,1.3925
3906336,1.6000,1.4119
3906836,1.6000,1.4062
3907336,1.6000,1.4086
3907836,1.6000,1.4046
3908336,1.6000,1.4086
3908836,1.6000,1.3974
3909336,1.6000,1.4167
3909836,1.6000,1.4046
3910336,1.6000,1.3869
3910836,1.6000,1.4054
3911336,1.6000,1.3974
3911836,1.6000,1.4062
3912336,1.6000,1.4006
3912836,1.6000,1.3853
3913336,1.6000,1.4046
3913836,1.6000,1.4062
3914336,1.6000,1.4030
3914836,1.6000,1.4070
3915336,1.6000,1.4095
3915836,1.6000,1.4159
3916336,1.6000,1.4095
3916836,1.6000,1.4046
3917336,1.6000,1.4054
3917836,1.6000,1.3925
3918336,1.6000,1.4046
3918836,1.6000,1.4054
3919336,1.6000,1.4103
3919836,1.6000,1.4199
3920336,1.6000,1.4046
3920836,1.6000,1.4143
3921336,1.6000,1.3966
3921836,1.6000,1.4038
3922336,1.6000,1.4030
3922836,1.6000,1.4159
3923336,1.6000,1.4111
3923836,1.6000,1.3998
3924336,1.6000,1.4054
3924836,1.6000,1.4111
3925336,1.6000,1.4054
3925836,1.6000,1.4103
3926336,1.6000,1.4070
3926836,1.6000,1.3756
3927336,1.6000,1.4070
3927836,1.6000,1.4062
3928336,1.6000,1.4095
3928836,1.6000,1.4095
3929336,1.6000,1.4006
3929836,1.6000,1.4078
3930336,1.6000,1.4078
3930836,1.6000,1.4054
3931336,1.6000,1.4006
3931836,1.6000,1.4054
3932336,1.6000,1.4425
3932836,1.6000,1.3933
3933336,1.6000,1.3966
3933836,1.6000,1.4030
3934336,1.6000,1.4054
3934836,1.6000,1.4119
3935336,1.6000,1.4014
3935836,1.6000,1.4022
3936336,1.6000,1.4006
3936836,1.6000,1.3990
3937336,1.6000,1.4054
3937836,1.6000,1.3982
3938336,1.6000,1.4070
3938836,1.6000,1.4207
3939336,1.6000,1.4054
3939836,1.6000,1.4127
3940336,1.6000,1.4095
3940836,1.6000,1.4143
3941336,1.6000,1.4191
3941836,1.6000,1.3812
3942336,1.6000,1.3982
3942836,1.6000,1.4086
3943336,1.6000,1.3974
3943836,1.6000,1.4046
3944336,1.6000,1.4054
3944836,1.6000,1.4070
3945336,1.6000,1.3949
3945836,1.6000,1.4095
3946336,1.6000,1.4135
3946836,1.6000,1.4288
3947336,1.6000,1.3982
3947836,1.6000,1.4054
3948336,1.6000,1.4054
3948836,1.6000,1.3933
3949336,1.6000,1.4054
3949836,1.6000,1.4119
3950336,1.6000,1.4054
3950836,1.6000,1.3998
3951336,1.6000,1.3998
3951836,1.6000,1.4127
3952336,1.6000,1.4095
3952836,1.6000,1.4030
3953336,1.6000,1.4062
3953836,1.6000,1.3998
3954336,1.6000,1.3982
3954836,1.6000,1.3966
3955336,1.6000,1.4070
3955836,1.6000,1.4070
3956336,1.6000,1.4086
3956836,1.6000,1.4054
3957336,1.6000,1.4062
3957836,1.6000,1.4078
3958336,1.6000,1.4030
3958836,1.6000,1.4022
3959336,1.6000,1.4062
3959836,1.6000,1.3974
3960336,1.6000,1.4232
3960836,1.6000,1.4054
3961336,1.6000,1.4296
3961836,1.6000,1.4054
3962336,1.6000,1.4175
3962836,1.6000,1.4078
3963336,1.6000,1.3958
3963836,1.6000,1.4062
3964336,1.6000,1.4111
3964836,1.6000,1.4014
3965336,1.6000,1.4030
3965836,1.6000,1.4062
3966336,1.6000,1.4030
3966836,1.6000,1.4264
3967336,1.6000,1.4054
3967836,1.6000,1.4070
3968336,1.6000,1.4095
3968836,1.6000,1.4127
3969336,1.6000,1.4054
3969836,1.6000,1.4095
3970336,1.6000,1.3869
3970836,1.6000,1.4111
3971336,1.6000,1.4175
3971836,1.6000,1.4054
3972336,1.6000,1.3837
3972836,1.6000,1.4159
3973336,1.6000,1.4014
3973836,1.6000,1.4054
3974336,1.6000,1.4006
3974836,1.6000,1.4046
3975336,1.6000,1.4062
3975836,1.6000,1.4030
3976336,1.6000,1.3925
3976836,1.6000,1.4014
3977336,1.6000,1.4223
3977836,1.6000,1.4046
3978336,1.6000,1.3982
3978836,1.6000,1.4215
3979336,1.6000,1.3966
3979836,1.6000,1.4054
3980336,1.6000,1.4111
3980836,1.6000,1.4038
3981336,1.6000,1.3998
3981836,1.6000,1.4030
3982336,1.6000,1.3966
3982836,1.6000,1.4143
3983336,1.6000,1.4223
3983836,1.6000,1.4086
3984336,1.6000,1.4046
3984836,1.6000,1.4038
3985336,1.6000,1.3949
3985836,1.6000,1.4070
3986336,1.6000,1.3845
3986836,1.6000,1.4046
3987336,1.6000,1.4199
3987836,1.6000,1.4111
3988336,1.6000,1.4030
3988836,1.6000,1.4191
3989336,1.6000,1.4095
3989836,1.6000,1.4030
3990336,1.6000,1.4159
3990836,1.6000,1.4030
3991336,1.6000,1.3877
3991836,1.6000,1.3966
3992336,1.6000,1.4046
3992836,1.6000,1.4111
3993336,1.6000,1.3982
3993836,1.6000,1.4062
3994336,1.6000,1.4054
3994836,1.6000,1.4054
3995336,1.6000,1.4111
3995836,1.6000,1.4030
3996336,1.6000,1.4046
3996836,1.6000,1.3949
3997336,1.6000,1.4014
3997836,1.6000,1.4054
3998336,1.6000,1.4103
3998836,1.6000,1.3974
3999336,1.6000,1.4054
3999836,1.6000,1.4151
4000336,1.6000,1.4054
4000836,1.6000,1.4175
4001336,1.6000,1.4070
4001836,1.6000,1.3941
4002336,1.6000,1.4095
4002836,1.6000,1.4127
4003336,1.6000,1.4046
4003836,1.6000,1.3925
4004336,1.6000,1.4030
4004836,1.6000,1.4014
4005336,1.6000,1.4062
4005836,1.6000,1.4070
4006336,1.6000,1.4054
4006836,1.6000,1.4111
4007336,1.6000,1.4070
4007836,1.6000,1.3901
4008336,1.6000,1.3949
4008836,1.6000,1.3974
4009336,1.6000,1.4038
4009836,1.6000,1.3821
4010336,1.6000,1.4095
4010836,1.6000,1.3917
4011336,1.6000,1.4070
4011836,1.6000,1.4070
4012336,1.6000,1.4054
4012836,1.6000,1.4054
4013336,1.6000,1.4054
4013836,1.6000,1.4070
4014336,1.6000,1.4095
4014836,1.6000,1.4006
4015336,1.6000,1.4006
4015836,1.6000,1.4022
4016336,1.6000,1.4054
4016836,1.6000,1.4006
4017336,1.6000,1.4078
4017836,1.6000,1.4086
4018336,1.6000,1.3982
4018836,1.6000,1.4143
4019336,1.6000,1.4038
4019836,1.6000,1.4054
4020336,1.6000,1.4062
4020836,1.6000,1.4481
4021336,1.6000,1.4167
4021836,1.6000,1.3982
4022336,1.6000,1.4119
4022836,1.6000,1.4054
4023336,1.6000,1.4119
4023836,1.6000,1.4054
4024336,1.6000,1.4046
4024836,1.6000,1.3675
4025336,1.6000,1.4143
4025836,1.6000,1.4054
4026336,1.6000,1.4054
4026836,1.6000,1.4135
4027336,1.6000,1.4143
4027836,1.6000,1.4054
4028336,1.6000,1.4054
4028836,1.6000,1.3974
4029336,1.6000,1.3933
4029836,1.6000,1.3917
4030336,1.6000,1.4183
4030836,1.6000,1.4070
4031336,1.6000,1.3966
4031836,1.6000,1.4078
4032336,1.6000,1.4223
4032836,1.6000,1.3925
4033336,1.6000,1.4054
4033836,1.6000,1.4070
4034336,1.6000,1.4215
4034836,1.6000,1.4111
4035336,1.6000,1.4256
4035836,1.6000,1.4143
4036336,1.6000,1.4038
4036836,1.6000,1.4014
4037336,1.6000,1.4095
4037836,1.6000,1.4078
4038336,1.6000,1.3933
4038836,1.6000,1.4078
4039336,1.6000,1.4054
4039836,1.6000,1.4054
4040336,1.6000,1.4127
4040836,1.6000,1.3917
4041336,1.6000,1.4151
4041836,1.6000,1.4103
4042336,1.6000,1.4054
4042836,1.6000,1.4070
4043336,1.6000,1.4070
4043836,1.6000,1.4062
4044336,1.6000,1.4143
4044836,1.6000,1.4070
4045336,1.6000,1.4086
4045836,1.6000,1.4095
4046336,1.6000,1.4054
4046836,1.6000,1.3917
4047336,1.6000,1.4135
4047836,1.6000,1.4183
4048336,1.6000,1.4103
4048836,1.6000,1.4038
4049336,1.6000,1.4151
4049836,1.6000,1.4167
4050336,1.6000,1.4062
4050836,1.6000,1.4103
4051336,1.6000,1.4086
4051836,1.6000,1.4159
4052336,1.6000,1.4103
4052836,1.6000,1.4054
4053336,1.6000,1.4135
4053836,1.6000,1.4054
4054336,1.6000,1.4159
4054836,1.6000,1.4070
4055336,1.6000,1.4095
4055836,1.6000,1.4095
4056336,1.6000,1.4167
4056836,1.6000,1.4103
4057336,1.6000,1.4054
4057836,1.6000,1.4111
4058336,1.6000,1.4054
4058836,1.6000,1.4086
4059336,1.6000,1.4070
4059836,1.6000,1.4038
4060336,1.6000,1.4062
4060836,1.6000,1.4175
4061336,1.6000,1.4240
4061836,1.6000,1.4014
4062336,1.6000,1.3925
4062836,1.6000,1.4103
4063336,1.6000,1.4159
4063836,1.6000,1.4143
4064336,1.6000,1.4054
4064836,1.6000,1.4038
4065336,1.6000,1.4078
4065836,1.6000,1.4086
4066336,1.6000,1.4151
4066836,1.6000,1.3853
4067336,1.6000,1.4127
4067836,1.6000,1.4095
4068336,1.6000,1.4062
4068836,1.6000,1.4135
4069336,1.6000,1.4143
4069836,1.6000,1.4078
4070336,1.6000,1.4111
4070836,1.6000,1.4054
4071336,1.6000,1.4046
4071836,1.6000,1.4054
4072336,1.6000,1.4070
4072836,1.6000,1.4103
4073336,1.6000,1.4199
4073836,1.6000,1.4135
4074336,1.6000,1.4078
4074836,1.6000,1.4272
4075336,1.6000,1.4054
4075836,1.6000,1.4207
4076336,1.6000,1.4417
4076836,1.6000,1.4111
4077336,1.6000,1.4296
4077836,1.6000,1.4086
4078336,1.6000,1.4296
4078836,1.6000,1.3998
4079336,1.6000,1.4078
4079836,1.6000,1.4159
4080336,1.6000,1.4054
4080836,1.6000,1.4191
4081336,1.6000,1.4054
4081836,1.6000,1.4175
4082336,1.6000,1.4111
4082836,1.6000,1.4256
4083336,1.6000,1.4054
4083836,1.6000,1.4078
4084336,1.6000,1.4054
4084836,1.6000,1.4046
4085336,1.6000,1.3966
4085836,1.6000,1.4191
4086336,1.6000,1.4095
4086836,1.6000,1.4167
4087336,1.6000,1.4103
4087836,1.6000,1.4086
4088336,1.6000,1.4167
4088836,1.6000,1.4078
4089336,1.6000,1.4111
4089836,1.6000,1.4078
4090336,1.6000,1.3982
4090836,1.6000,1.4111
4091336,1.6000,1.4127
4091836,1.6000,1.4103
4092336,1.6000,1.4070
4092836,1.6000,1.4159
4093336,1.6000,1.4207
4093836,1.6000,1.4054
4094336,1.6000,1.4095
4094836,1.6000,1.4086
4095336,1.6000,1.4078
4095836,1.6000,1.4103
4096336,1.6000,1.4062
4096836,1.6000,1.4030
4097336,1.6000,1.4103
4097836,1.6000,1.4086
4098336,1.6000,1.4070
4098836,1.6000,1.4078
4099336,1.6000,1.4095
4099836,1.6000,1.4038
4100336,1.6000,1.3998
4100836,1.6000,1.4030
4101336,1.6000,1.4054
4101836,1.6000,1.4054
4102336,1.6000,1.4046
4102836,1.6000,1.4111
4103336,1.6000,1.4119
4103836,1.6000,1.4103
4104336,1.6000,1.4103
4104836,1.6000,1.4095
4105336,1.6000,1.4111
4105836,1.6000,1.4103
4106336,1.6000,1.4240
4106836,1.6000,1.4223
4107336,1.6000,1.4054
4107836,1.6000,1.4086
4108336,1.6000,1.4360
4108836,1.6000,1.4183
4109336,1.6000,1.4135
4109836,1.6000,1.4103
4110336,1.6000,1.4103
4110836,1.6000,1.4103
4111336,1.6000,1.4191
4111836,1.6000,1.4135
4112336,1.6000,1.4086
4112836,1.6000,1.4175
4113336,1.6000,1.4143
4113836,1.6000,1.4070
4114336,1.6000,1.3982
4114836,1.6000,1.4143
4115336,1.6000,1.4143
4115836,1.6000,1.4022
4116336,1.6000,1.4159
4116836,1.6000,1.4054
4117336,1.6000,1.4207
4117836,1.6000,1.4095
4118336,1.6000,1.4119
4118836,1.6000,1.4062
4119336,1.6000,1.3974
4119836,1.6000,1.3780
4120336,1.6000,1.4135
4120836,1.6000,1.4127
4121336,1.6000,1.4103
4121836,1.6000,1.4086
4122336,1.6000,1.4078
4122836,1.6000,1.4078
4123336,1.6000,1.4046
4123836,1.6000,1.4078
4124336,1.6000,1.3982
4124836,1.6000,1.4127
4125336,1.6000,1.4151
4125836,1.6000,1.4272
4126336,1.6000,1.4062
4126836,1.6000,1.4240
4127336,1.6000,1.4030
4127836,1.6000,1.4159
4128336,1.6000,1.4103
4128836,1.6000,1.4078
4129336,1.6000,1.4328
4129836,1.6000,1.4167
4130336,1.6000,1.4078
4130836,1.6000,1.4127
4131336,1.6000,1.4127
4131836,1.6000,1.4062
4132336,1.6000,1.4240
4132836,1.6000,1.4127
4133336,1.6000,1.4062
4133836,1.6000,1.4078
4134336,1.6000,1.4167
4134836,1.6000,1.4062
4135336,1.6000,1.4159
4135836,1.6000,1.4103
4136336,1.6000,1.4103
4136836,1.6000,1.4103
4137336,1.6000,1.4054
4137836,1.6000,1.4054
4138336,1.6000,1.4183
4138836,1.6000,1.4127
4139336,1.6000,1.4183
4139836,1.6000,1.4175
4140336,1.6000,1.4038
4140836,1.6000,1.4103
4141336,1.6000,1.4062
4141836,1.6000,1.4070
4142336,1.6000,1.4038
4142836,1.6000,1.4086
4143336,1.6000,1.4175
4143836,1.6000,1.4103
4144336,1.6000,1.4368
4144836,1.6000,1.4143
4145336,1.6000,1.4111
4145836,1.6000,1.4062
4146336,1.6000,1.3982
4146836,1.6000,1.4078
4147336,1.6000,1.4095
4147836,1.6000,1.4103
4148336,1.6000,1.4054
4148836,1.6000,1.4151
4149336,1.6000,1.4199
4149836,1.6000,1.4159
4150336,1.6000,1.4167
4150836,1.6000,1.4191
4151336,1.6000,1.4062
4151836,1.6000,1.4046
4152336,1.6000,1.3974
4152836,1.6000,1.4232
4153336,1.6000,1.4167
4153836,1.6000,1.4223
4154336,1.6000,1.4135
4154836,1.6000,1.4030
4155336,1.6000,1.4095
4155836,1.6000,1.4054
4156336,1.6000,1.4143
4156836,1.6000,1.4030
4157336,1.6000,1.4159
4157836,1.6000,1.4135
4158336,1.6000,1.4167
4158836,1.6000,1.4070
4159336,1.6000,1.4183
4159836,1.6000,1.4135
4160336,1.6000,1.4167
4160836,1.6000,1.4078
4161336,1.6000,1.4312
4161836,1.6000,1.4111
4162336,1.6000,1.4312
4162836,1.6000,1.4078
4163336,1.6000,1.4135
4163836,1.6000,1.4232
4164336,1.6000,1.4135
4164836,1.6000,1.4095
4165336,1.6000,1.4135
4165836,1.6000,1.4151
4166336,1.6000,1.4030
4166836,1.6000,1.4143
4167336,1.6000,1.4054
4167836,1.6000,1.4127
4168336,1.6000,1.4159
4168836,1.6000,1.4143
4169336,1.6000,1.4240
4169836,1.6000,1.4095
4170336,1.6000,1.4070
4170836,1.6000,1.4070
4171336,1.6000,1.4054
4171836,1.6000,1.4062
4172336,1.6000,1.4135
4172836,1.6000,1.4264
4173336,1.6000,1.4143
4173836,1.6000,1.4103
4174336,1.6000,1.4030
4174836,1.6000,1.3853
4175336,1.6000,1.4062
4175836,1.6000,1.3933
4176336,1.6000,1.4127
4176836,1.6000,1.4095
4177336,1.6000,1.4078
4177836,1.6000,1.4159
4178336,1.6000,1.4135
4178836,1.6000,1.3885
4179336,1.6000,1.4078
4179836,1.6000,1.4103
4180336,1.6000,1.4070
4180836,1.6000,1.4159
4181336,1.6000,1.4183
4181836,1.6000,1.4191
4182336,1.6000,1.4078
4182836,1.6000,1.4135
4183336,1.6000,1.4175
4183836,1.6000,1.4232
4184336,1.6000,1.4054
4184836,1.6000,1.4095
4185336,1.6000,1.4135
4185836,1.6000,1.4046
4186336,1.6000,1.4199
4186836,1.6000,1.3982
4187336,1.6000,1.4143
4187836,1.6000,1.4103
4188336,1.6000,1.4159
4188836,1.6000,1.4143
4189336,1.6000,1.4078
4189836,1.6000,1.4167
4190336,1.6000,1.4046
4190836,1.6000,1.4207
4191336,1.6000,1.4070
4191836,1.6000,1.4296
4192336,1.6000,1.4215
4192836,1.6000,1.4070
4193336,1.6000,1.3941
4193836,1.6000,1.4199
4194336,1.6000,1.4175
4194836,1.6000,1.4175
4195336,1.6000,1.3917
4195836,1.6000,1.4086
4196336,1.6000,1.4070
4196836,1.6000,1.4062
4197336,1.6000,1.4159
4197836,1.6000,1.4111
4198336,1.6000,1.4159
4198836,1.6000,1.3974
4199336,1.6000,1.4111
4199836,1.6000,1.4078
4200336,1.6000,1.4070
4200836,1.6000,1.3982
4201336,1.6000,1.4207
4201836,1.6000,1.4127
4202336,1.6000,1.4070
4202836,1.6000,1.4183
4203336,1.6000,1.4127
4203836,1.6000,1.4070
4204336,1.6000,1.4223
4204836,1.6000,1.4167
4205336,1.6000,1.4054
4205836,1.6000,1.4159
4206336,1.6000,1.4175
4206836,1.6000,1.4175
4207336,1.6000,1.4143
4207836,1.6000,1.4191
4208336,1.6000,1.4272
4208836,1.6000,1.4078
4209336,1.6000,1.4103
4209836,1.6000,1.4385
4210336,1.6000,1.4111
4210836,1.6000,1.4078
4211336,1.6000,1.4086
4211836,1.6000,1.4199
4212336,1.6000,1.4143
4212836,1.6000,1.4159
4213336,1.6000,1.4111
4213836,1.6000,1.4151
4214336,1.6000,1.4103
4214836,1.6000,1.4175
4215336,1.6000,1.4046
4215836,1.6000,1.4086
4216336,1.6000,1.4143
4216836,1.6000,1.4175
4217336,1.6000,1.4127
4217836,1.6000,1.4135
4218336,1.6000,1.4207
4218836,1.6000,1.4111
4219336,1.6000,1.4199
4219836,1.6000,1.4103
4220336,1.6000,1.4135
4220836,1.6000,1.4062
4221336,1.6000,1.4054
4221836,1.6000,1.4143
4222336,1.6000,1.4159
4222836,1.6000,1.4183
4223336,1.6000,1.4167
4223836,1.6000,1.4095
4224336,1.6000,1.4111
4224836,1.6000,1.4143
4225336,1.6000,1.4135
4225836,1.6000,1.4062
4226336,1.6000,1.4385
4226836,1.6000,1.4070
4227336,1.6000,1.4385
4227836,1.6000,1.4175
4228336,1.6000,1.4296
4228836,1.6000,1.4199
4229336,1.6000,1.4159
4229836,1.6000,1.4046
4230336,1.6000,1.4167
4230836,1.6000,1.4240
4231336,1.6000,1.4151
4231836,1.6000,1.4054
4232336,1.6000,1.4175
4232836,1.6000,1.4127
4233336,1.6000,1.4183
4233836,1.6000,1.4264
4234336,1.6000,1.4175
4234836,1.6000,1.4086
4235336,1.6000,1.4070
4235836,1.6000,1.4199
4236336,1.6000,1.4111
4236836,1.6000,1.4191
4237336,1.6000,1.4119
4237836,1.6000,1.4191
4238336,1.6000,1.4127
4238836,1.6000,1.4135
4239336,1.6000,1.4111
4239836,1.6000,1.4111
4240336,1.6000,1.4183
4240836,1.6000,1.4135
4241336,1.6000,1.4078
4241836,1.6000,1.4014
4242336,1.6000,1.4054
4242836,1.6000,1.4143
4243336,1.6000,1.4151
4243836,1.6000,1.4207
4244336,1.6000,1.4175
4244836,1.6000,1.4143
4245336,1.6000,1.4256
4245836,1.6000,1.4264
4246336,1.6000,1.4070
4246836,1.6000,1.4143
4247336,1.6000,1.4175
4247836,1.6000,1.3925
4248336,1.6000,1.3941
4248836,1.6000,1.4288
4249336,1.6000,1.4159
4249836,1.6000,1.4054
4250336,1.6000,1.4086
4250836,1.6000,1.4232
4251336,1.6000,1.4046
4251836,1.6000,1.4038
4252336,1.6000,1.4167
4252836,1.6000,1.4167
4253336,1.6000,1.4280
4253836,1.6000,1.4199
4254336,1.6000,1.4135
4254836,1.6000,1.4119
4255336,1.6000,1.4175
4255836,1.6000,1.4159
4256336,1.6000,1.4288
4256836,1.6000,1.4167
4257336,1.6000,1.4167
4257836,1.6000,1.4385
4258336,1.6000,1.4159
4258836,1.6000,1.4207
4259336,1.6000,1.4167
4259836,1.6000,1.3998
4260336,1.6000,1.4111
4260836,1.6000,1.4191
4261336,1.6000,1.4111
4261836,1.6000,1.4175
4262336,1.6000,1.4191
4262836,1.6000,1.3909
4263336,1.6000,1.4111
4263836,1.6000,1.4183
4264336,1.6000,1.4240
4264836,1.6000,1.4167
4265336,1.6000,1.4167
4265836,1.6000,1.4175
4266336,1.6000,1.4151
4266836,1.6000,1.4175
4267336,1.6000,1.4288
4267836,1.6000,1.4191
4268336,1.6000,1.4054
4268836,1.6000,1.4272
4269336,1.6000,1.4272
4269836,1.6000,1.4167
4270336,1.6000,1.4167
4270836,1.6000,1.4167
4271336,1.6000,1.4143
4271836,1.6000,1.3885
4272336,1.6000,1.4167
4272836,1.6000,1.4175
4273336,1.6000,1.4175
4273836,1.6000,1.4167
4274336,1.6000,1.4135
4274836,1.6000,1.4151
4275336,1.6000,1.4256
4275836,1.6000,1.4167
4276336,1.6000,1.4207
4276836,1.6000,1.4086
4277336,1.6000,1.4401
4277836,1.6000,1.4296
4278336,1.6000,1.4183
4278836,1.6000,1.4240
4279336,1.6000,1.4175
4279836,1.6000,1.4175
4280336,1.6000,1.4151
4280836,1.6000,1.4248
4281336,1.6000,1.4223
4281836,1.6000,1.4191
4282336,1.6000,1.4296
4282836,1.6000,1.4199
4283336,1.6000,1.4199
4283836,1.6000,1.4264
4284336,1.6000,1.4264
4284836,1.6000,1.4215
4285336,1.6000,1.4232
4285836,1.6000,1.4207
4286336,1.6000,1.4264
4286836,1.6000,1.4054
4287336,1.6000,1.4175
4287836,1.6000,1.4095
4288336,1.6000,1.4223
4288836,1.6000,1.4240
4289336,1.6000,1.4312
4289836,1.6000,1.4223
4290336,1.6000,1.4199
4290836,1.6000,1.4223
4291336,1.6000,1.4352
4291836,1.6000,1.4304
4292336,1.6000,1.4111
4292836,1.6000,1.4159
4293336,1.6000,1.4199
4293836,1.6000,1.4191
4294336,1.6000,1.4256
4294836,1.6000,1.4191
4295336,1.6000,1.4272
4295836,1.6000,1.4062
4296336,1.6000,1.4199
4296836,1.6000,1.4215
4297336,1.6000,1.4191
4297836,1.6000,1.4240
4298336,1.6000,1.4578
4298836,1.6000,1.4199
4299336,1.6000,1.4191
4299836,1.6000,1.4272
4300336,1.6000,1.4175
4300836,1.6000,1.4159
4301336,1.6000,1.4143
4301836,1.6000,1.4159
4302336,1.6000,1.4151
4302836,1.6000,1.4207
4303336,1.6000,1.4272
4303836,1.6000,1.4199
4304336,1.6000,1.4207
4304836,1.6000,1.4014
4305336,1.6000,1.4143
4305836,1.6000,1.4240
4306336,1.6000,1.4175
4306836,1.6000,1.4248
4307336,1.6000,1.4232
4307836,1.6000,1.4280
4308336,1.6000,1.4232
4308836,1.6000,1.4328
4309336,1.6000,1.4256
4309836,1.6000,1.4199
4310336,1.6000,1.4175
4310836,1.6000,1.4264
4311336,1.6000,1.4223
4311836,1.6000,1.4167
4312336,1.6000,1.4030
4312836,1.6000,1.4175
4313336,1.6000,1.4191
4313836,1.6000,1.4240
4314336,1.6000,1.4304
4314836,1.6000,1.4256
4315336,1.6000,1.4232
4315836,1.6000,1.4167
4316336,1.6000,1.4191
4316836,1.6000,1.4183
4317336,1.6000,1.4360
4317836,1.6000,1.4103
4318336,1.6000,1.4175
4318836,1.6000,1.4199
4319336,1.6000,1.4223
4319836,1.6000,1.4062
4320336,1.6000,1.4232
4320836,1.6000,1.4183
4321336,1.6000,1.4352
4321836,1.6000,1.4207
4322336,1.6000,1.4272
4322836,1.6000,1.4183
4323336,1.6000,1.4256
4323836,1.6000,1.4191
4324336,1.6000,1.4175
4324836,1.6000,1.4183
4325336,1.6000,1.4199
4325836,1.6000,1.4070
4326336,1.6000,1.4191
4326836,1.6000,1.4143
4327336,1.6000,1.4272
4327836,1.6000,1.4054
4328336,1.6000,1.4215
4328836,1.6000,1.4336
4329336,1.6000,1.4127
4329836,1.6000,1.4223
4330336,1.6000,1.4312
4330836,1.6000,1.4215
4331336,1.6000,1.4312
4331836,1.6000,1.4199
4332336,1.6000,1.4111
4332836,1.6000,1.4070
4333336,1.6000,1.4312
4333836,1.6000,1.4207
4334336,1.6000,1.4207
4334836,1.6000,1.4191
4335336,1.6000,1.4232
4335836,1.6000,1.4111
4336336,1.6000,1.4167
4336836,1.6000,1.4223
4337336,1.6000,1.4159
4337836,1.6000,1.4240
4338336,1.6000,1.4054
4338836,1.6000,1.4191
4339336,1.6000,1.4280
4339836,1.6000,1.4256
4340336,1.6000,1.4328
4340836,1.6000,1.4248
4341336,1.6000,1.4280
4341836,1.6000,1.4103
4342336,1.6000,1.4175
4342836,1.6000,1.4232
4343336,1.6000,1.4256
4343836,1.6000,1.4167
4344336,1.6000,1.4320
4344836,1.6000,1.4232
4345336,1.6000,1.4207
4345836,1.6000,1.4232
4346336,1.6000,1.4280
4346836,1.6000,1.4264
4347336,1.6000,1.4312
4347836,1.6000,1.4183
4348336,1.6000,1.4167
4348836,1.6000,1.4256
4349336,1.6000,1.4199
4349836,1.6000,1.4215
4350336,1.6000,1.4232
4350836,1.6000,1.4191
4351336,1.6000,1.4393
4351836,1.6000,1.4360
4352336,1.6000,1.4288
4352836,1.6000,1.4223
4353336,1.6000,1.3982
4353836,1.6000,1.4288
4354336,1.6000,1.4207
4354836,1.6000,1.4054
4355336,1.6000,1.4272
4355836,1.6000,1.4272
4356336,1.6000,1.4264
4356836,1.6000,1.3885
4357336,1.6000,1.4449
4357836,1.6000,1.4272
4358336,1.6000,1.4264
4358836,1.6000,1.4232
4359336,1.6000,1.4167
4359836,1.6000,1.4256
4360336,1.6000,1.4312
4360836,1.6000,1.4207
4361336,1.6000,1.4264
4361836,1.6000,1.4328
4362336,1.6000,1.4264
4362836,1.6000,1.4215
4363336,1.6000,1.4232
4363836,1.6000,1.4232
4364336,1.6000,1.4223
4364836,1.6000,1.4433
4365336,1.6000,1.4240
4365836,1.6000,1.4288
4366336,1.6000,1.4240
4366836,1.6000,1.4336
4367336,1.6000,1.4296
4367836,1.6000,1.4320
4368336,1.6000,1.4240
4368836,1.6000,1.4280
4369336,1.6000,1.4288
4369836,1.6000,1.4175
4370336,1.6000,1.4272
4370836,1.6000,1.4078
4371336,1.6000,1.4191
4371836,1.6000,1.4054
4372336,1.6000,1.4232
4372836,1.6000,1.4167
4373336,1.6000,1.4272
4373836,1.6000,1.4280
4374336,1.6000,1.4167
4374836,1.6000,1.4159
4375336,1.6000,1.4199
4375836,1.6000,1.4232
4376336,1.6000,1.4272
4376836,1.6000,1.4191
4377336,1.6000,1.4240
4377836,1.6000,1.4433
4378336,1.6000,1.4159
4378836,1.6000,1.4135
4379336,1.6000,1.4272
4379836,1.6000,1.4223
4380336,1.6000,1.4207
4380836,1.6000,1.4256
4381336,1.6000,1.4256
4381836,1.6000,1.4199
4382336,1.6000,1.4296
4382836,1.6000,1.4272
4383336,1.6000,1.4264
4383836,1.6000,1.4272
4384336,1.6000,1.4312
4384836,1.6000,1.4207
4385336,1.6000,1.4280
4385836,1.6000,1.4328
4386336,1.6000,1.4232
4386836,1.6000,1.4296
4387336,1.6000,1.4191
4387836,1.6000,1.4248
4388336,1.6000,1.4312
4388836,1.6000,1.4240
4389336,1.6000,1.4223
4389836,1.6000,1.4223
4390336,1.6000,1.4256
4390836,1.6000,1.4272
4391336,1.6000,1.4215
4391836,1.6000,1.4570
4392336,1.6000,1.4223
4392836,1.6000,1.3949
4393336,1.6000,1.4264
4393836,1.6000,1.4328
4394336,1.6000,1.4320
4394836,1.6000,1.4288
4395336,1.6000,1.4272
4395836,1.6000,1.4312
4396336,1.6000,1.4280
4396836,1.6000,1.4183
4397336,1.6000,1.4191
4397836,1.6000,1.4328
4398336,1.6000,1.4304
4398836,1.6000,1.4272
4399336,1.6000,1.4240
4399836,1.6000,1.4304
4400336,1.6000,1.4304
4400836,1.6000,1.4312
4401336,1.6000,1.4457
4401836,1.6000,1.4296
4402336,1.6000,1.4207
4402836,1.6000,1.4304
4403336,1.6000,1.4159
4403836,1.6000,1.4312
4404336,1.6000,1.4143
4404836,1.6000,1.4256
4405336,1.6000,1.4232
4405836,1.6000,1.4256
4406336,1.6000,1.4135
4406836,1.6000,1.4296
4407336,1.6000,1.4240
4407836,1.6000,1.4240
4408336,1.6000,1.4570
4408836,1.6000,1.4304
4409336,1.6000,1.4167
4409836,1.6000,1.4320
4410336,1.6000,1.4232
4410836,1.6000,1.4296
4411336,1.6000,1.4288
4411836,1.6000,1.4296
4412336,1.6000,1.4272
4412836,1.6000,1.4232
4413336,1.6000,1.4296
4413836,1.6000,1.4288
4414336,1.6000,1.4264
4414836,1.6000,1.4183
4415336,1.6000,1.4223
4415836,1.6000,1.4352
4416336,1.6000,1.4207
4416836,1.6000,1.4167
4417336,1.6000,1.4272
4417836,1.6000,1.4167
4418336,1.6000,1.4240
4418836,1.6000,1.4095
4419336,1.6000,1.4264
4419836,1.6000,1.4272
4420336,1.6000,1.4191
4420836,1.6000,1.4175
4421336,1.6000,1.4360
4421836,1.6000,1.4207
4422336,1.6000,1.4199
4422836,1.6000,1.4304
4423336,1.6000,1.4272
4423836,1.6000,1.4312
4424336,1.6000,1.4312
4424836,1.6000,1.4223
4425336,1.6000,1.4159
4425836,1.6000,1.4207
4426336,1.6000,1.4304
4426836,1.6000,1.4304
4427336,1.6000,1.4328
4427836,1.6000,1.4223
4428336,1.6000,1.4223
4428836,1.6000,1.4256
4429336,1.6000,1.4288
4429836,1.6000,1.4288
4430336,1.6000,1.4312
4430836,1.6000,1.4312
4431336,1.6000,1.4264
4431836,1.6000,1.4272
4432336,1.6000,1.4304
4432836,1.6000,1.4272
4433336,1.6000,1.4320
4433836,1.6000,1.4256
4434336,1.6000,1.4215
4434836,1.6000,1.4304
4435336,1.6000,1.4191
4435836,1.6000,1.4215
4436336,1.6000,1.4312
4436836,1.6000,1.4223
4437336,1.6000,1.4296
4437836,1.6000,1.4264
4438336,1.6000,1.4320
4438836,1.6000,1.4240
4439336,1.6000,1.4272
4439836,1.6000,1.4215
4440336,1.6000,1.4344
4440836,1.6000,1.4433
4441336,1.6000,1.4385
4441836,1.6000,1.4433
4442336,1.6000,1.4143
4442836,1.6000,1.4207
4443336,1.6000,1.4417
4443836,1.6000,1.4151
4444336,1.6000,1.4288
4444836,1.6000,1.4304
4445336,1.6000,1.4328
4445836,1.6000,1.4095
4446336,1.6000,1.4328
4446836,1.6000,1.4240
4447336,1.6000,1.4223
4447836,1.6000,1.4272
4448336,1.6000,1.4232
4448836,1.6000,1.4191
4449336,1.6000,1.4159
4449836,1.6000,1.4127
4450336,1.6000,1.4312
4450836,1.6000,1.4312
4451336,1.6000,1.4143
4451836,1.6000,1.4360
4452336,1.6000,1.4312
4452836,1.6000,1.4530
4453336,1.6000,1.4360
4453836,1.6000,1.4119
4454336,1.6000,1.4191
4454836,1.6000,1.4328
4455336,1.6000,1.4232
4455836,1.6000,1.4457
4456336,1.6000,1.4232
4456836,1.6000,1.4199
4457336,1.6000,1.4175
4457836,1.6000,1.4191
4458336,1.6000,1.4514
4458836,1.6000,1.4320
4459336,1.6000,1.4127
4459836,1.6000,1.4264
4460336,1.6000,1.4288
4460836,1.6000,1.4417
4461336,1.6000,1.4207
4461836,1.6000,1.4264
4462336,1.6000,1.4449
4462836,1.6000,1.4191
4463336,1.6000,1.4207
4463836,1.6000,1.4272
4464336,1.6000,1.4320
4464836,1.6000,1.4199
4465336,1.6000,1.4288
4465836,1.6000,1.4207
4466336,1.6000,1.4175
4466836,1.6000,1.4312
4467336,1.6000,1.4328
4467836,1.6000,1.4296
4468336,1.6000,1.4240
4468836,1.6000,1.4312
4469336,1.6000,1.4280
4469836,1.6000,1.4304
4470336,1.6000,1.4167
4470836,1.6000,1.4312
4471336,1.6000,1.4264
4471836,1.6000,1.4304
4472336,1.6000,1.4264
4472836,1.6000,1.4248
4473336,1.6000,1.4272
4473836,1.6000,1.4232
4474336,1.6000,1.4199
4474836,1.6000,1.4288
4475336,1.6000,1.4312
4475836,1.6000,1.4336
4476336,1.6000,1.4352
4476836,1.6000,1.4312
4477336,1.6000,1.4288
4477836,1.6000,1.4497
4478336,1.6000,1.4312
4478836,1.6000,1.4175
4479336,1.6000,1.4256
4479836,1.6000,1.4320
4480336,1.6000,1.4207
4480836,1.6000,1.4175
4481336,1.6000,1.4280
4481836,1.6000,1.4232
4482336,1.6000,1.4312
4482836,1.6000,1.4199
4483336,1.6000,1.4256
4483836,1.6000,1.4312
4484336,1.6000,1.4304
4484836,1.6000,1.4272
4485336,1.6000,1.4328
4485836,1.6000,1.4191
4486336,1.6000,1.4312
4486836,1.6000,1.4240
4487336,1.6000,1.4232
4487836,1.6000,1.4240
4488336,1.6000,1.4288
4488836,1.6000,1.4328
4489336,1.6000,1.4183
4489836,1.6000,1.4312
4490336,1.6000,1.4199
4490836,1.6000,1.4256
4491336,1.6000,1.4272
4491836,1.6000,1.4304
4492336,1.6000,1.4296
4492836,1.6000,1.4288
4493336,1.6000,1.4296
4493836,1.6000,1.4336
4494336,1.6000,1.4054
4494836,1.6000,1.4312
4495336,1.6000,1.4312
4495836,1.6000,1.4232
4496336,1.6000,1.4336
4496836,1.6000,1.4240
4497336,1.6000,1.4401
4497836,1.6000,1.4223
4498336,1.6000,1.4264
4498836,1.6000,1.4111
4499336,1.6000,1.4296
4499836,1.6000,1.4320
4500336,1.6000,1.4296
4500836,1.6000,1.4288
4501336,1.6000,1.4312
4501836,1.6000,1.4111
4502336,1.6000,1.4393
4502836,1.6000,1.4199
4503336,1.6000,1.4312
4503836,1.6000,1.4304
4504336,1.6000,1.4304
4504836,1.6000,1.4344
4505336,1.6000,1.3901
4505836,1.6000,1.4264
4506336,1.6000,1.4409
4506836,1.6000,1.4328
4507336,1.6000,1.4401
4507836,1.6000,1.4191
4508336,1.6000,1.4312
4508836,1.6000,1.4320
4509336,1.6000,1.4312
4509836,1.6000,1.4441
4510336,1.6000,1.4312
4510836,1.6000,1.4240
4511336,1.6000,1.4159
4511836,1.6000,1.4304
4512336,1.6000,1.4377
4512836,1.6000,1.4304
4513336,1.6000,1.4272
4513836,1.6000,1.4183
4514336,1.6000,1.4465
4514836,1.6000,1.4328
4515336,1.6000,1.4401
4515836,1.6000,1.4264
4516336,1.6000,1.4312
4516836,1.6000,1.4312
4517336,1.6000,1.4232
4517836,1.6000,1.4296
4518336,1.6000,1.4296
4518836,1.6000,1.4256
4519336,1.6000,1.4264
4519836,1.6000,1.4288
4520336,1.6000,1.4312
4520836,1.6000,1.4296
4521336,1.6000,1.4223
4521836,1.6000,1.4223
4522336,1.6000,1.4328
4522836,1.6000,1.4312
4523336,1.6000,1.4401
4523836,1.6000,1.4232
4524336,1.6000,1.4232
4524836,1.6000,1.4264
4525336,1.6000,1.4449
4525836,1.6000,1.4320
4526336,1.6000,1.4304
4526836,1.6000,1.4312
4527336,1.6000,1.4070
4527836,1.6000,1.4223
4528336,1.6000,1.4175
4528836,1.6000,1.4207
4529336,1.6000,1.4296
4529836,1.6000,1.4288
4530336,1.6000,1.4312
4530836,1.6000,1.4215
4531336,1.6000,1.4320
4531836,1.6000,1.4264
4532336,1.6000,1.4159
4532836,1.6000,1.3949
4533336,1.6000,1.4240
4533836,1.6000,1.4272
4534336,1.6000,1.4312
4534836,1.6000,1.4280
4535336,1.6000,1.4328
4535836,1.6000,1.4312
4536336,1.6000,1.4312
4536836,1.6000,1.4232
4537336,1.6000,1.4312
4537836,1.6000,1.4288
4538336,1.6000,1.4264
4538836,1.6000,1.4296
4539336,1.6000,1.4296
4539836,1.6000,1.4312
4540336,1.6000,1.4344
4540836,1.6000,1.4240
4541336,1.6000,1.4223
4541836,1.6000,1.4304
4542336,1.6000,1.4280
4542836,1.6000,1.4304
4543336,1.6000,1.4360
4543836,1.6000,1.4312
4544336,1.6000,1.4175
4544836,1.6000,1.4328
4545336,1.6000,1.4199
4545836,1.6000,1.4385
4546336,1.6000,1.4304
4546836,1.6000,1.4312
4547336,1.6000,1.4320
4547836,1.6000,1.4368
4548336,1.6000,1.4562
4548836,1.6000,1.4264
4549336,1.6000,1.4256
4549836,1.6000,1.4312
4550336,1.6000,1.4070
4550836,1.6000,1.4312
4551336,1.6000,1.4312
4551836,1.6000,1.4344
4552336,1.6000,1.4223
4552836,1.6000,1.4103
4553336,1.6000,1.4288
4553836,1.6000,1.4312
4554336,1.6000,1.4304
4554836,1.6000,1.4562
4555336,1.6000,1.4240
4555836,1.6000,1.4207
4556336,1.6000,1.4264
4556836,1.6000,1.4288
4557336,1.6000,1.4336
4557836,1.6000,1.4288
4558336,1.6000,1.4497
4558836,1.6000,1.4135
4559336,1.6000,1.4312
4559836,1.6000,1.4232
4560336,1.6000,1.4312
4560836,1.6000,1.4159
4561336,1.6000,1.4425
4561836,1.6000,1.4328
4562336,1.6000,1.4312
4562836,1.6000,1.4223
4563336,1.6000,1.4207
4563836,1.6000,1.4223
4564336,1.6000,1.4715
4564836,1.6000,1.4304
4565336,1.6000,1.4336
4565836,1.6000,1.4586
4566336,1.6000,1.4312
4566836,1.6000,1.4481
4567336,1.6000,1.4288
4567836,1.6000,1.4312
4568336,1.6000,1.4344
4568836,1.6000,1.4304
4569336,1.6000,1.4264
4569836,1.6000,1.4328
4570336,1.6000,1.4352
4570836,1.6000,1.4272
4571336,1.6000,1.4272
4571836,1.6000,1.4312
4572336,1.6000,1.4296
4572836,1.6000,1.4264
4573336,1.6000,1.4296
4573836,1.6000,1.4344
4574336,1.6000,1.4240
4574836,1.6000,1.4223
4575336,1.6000,1.4328
4575836,1.6000,1.4272
4576336,1.6000,1.4312
4576836,1.6000,1.4312
4577336,1.6000,1.4296
4577836,1.6000,1.4336
4578336,1.6000,1.4304
4578836,1.6000,1.4344
4579336,1.6000,1.4296
4579836,1.6000,1.4296
4580336,1.6000,1.4264
4580836,1.6000,1.4175
4581336,1.6000,1.4312
4581836,1.6000,1.4232
4582336,1.6000,1.4312
4582836,1.6000,1.4199
4583336,1.6000,1.4336
4583836,1.6000,1.4280
4584336,1.6000,1.4368
4584836,1.6000,1.4296
4585336,1.6000,1.4344
4585836,1.6000,1.4312
4586336,1.6000,1.4167
4586836,1.6000,1.4328
4587336,1.6000,1.4256
4587836,1.6000,1.4304
4588336,1.6000,1.4264
4588836,1.6000,1.4336
4589336,1.6000,1.4167
4589836,1.6000,1.4288
4590336,1.6000,1.4167
4590836,1.6000,1.4312
4591336,1.6000,1.4240
4591836,1.6000,1.4312
4592336,1.6000,1.4312
4592836,1.6000,1.4062
4593336,1.6000,1.4344
4593836,1.6000,1.4304
4594336,1.6000,1.4449
4594836,1.6000,1.4296
4595336,1.6000,1.4304
4595836,1.6000,1.4320
4596336,1.6000,1.4312
4596836,1.6000,1.4320
4597336,1.6000,1.4554
4597836,1.6000,1.4183
4598336,1.6000,1.4312
4598836,1.6000,1.4312
4599336,1.6000,1.4433
4599836,1.6000,1.4457
4600336,1.6000,1.4264
4600836,1.6000,1.4046
4601336,1.6000,1.4135
4601836,1.6000,1.4320
4602336,1.6000,1.4159
4602836,1.6000,1.4304
4603336,1.6000,1.4272
4603836,1.6000,1.4006
4604336,1.6000,1.4159
4604836,1.6000,1.4159
4605336,1.6000,1.4401
4605836,1.6000,1.4368
4606336,1.6000,1.4199
4606836,1.6000,1.4425
4607336,1.6000,1.4312
4607836,1.6000,1.4312
4608336,1.6000,1.4264
4608836,1.6000,1.4280
4609336,1.6000,1.4288
4609836,1.6000,1.4272
4610336,1.6000,1.4320
4610836,1.6000,1.4240
4611336,1.6000,1.4401
4611836,1.6000,1.4240
4612336,1.6000,1.4288
4612836,1.6000,1.4296
4613336,1.6000,1.4360
4613836,1.6000,1.4368
4614336,1.6000,1.4449
4614836,1.6000,1.4304
4615336,1.6000,1.4240
4615836,1.6000,1.4312
4616336,1.6000,1.4352
4616836,1.6000,1.4368
4617336,1.6000,1.4312
4617836,1.6000,1.4336
4618336,1.6000,1.4191
4618836,1.6000,1.4248
4619336,1.6000,1.4296
4619836,1.6000,1.4296
4620336,1.6000,1.4304
4620836,1.6000,1.4199
4621336,1.6000,1.4312
4621836,1.6000,1.4296
4622336,1.6000,1.4248
4622836,1.6000,1.4336
4623336,1.6000,1.4312
4623836,1.6000,1.4304
4624336,1.6000,1.4272
4624836,1.6000,1.4312
4625336,1.6000,1.4159
4625836,1.6000,1.4320
4626336,1.6000,1.4304
4626836,1.6000,1.4312
4627336,1.6000,1.4272
4627836,1.6000,1.4328
4628336,1.6000,1.4304
4628836,1.6000,1.4296
4629336,1.6000,1.4425
4629836,1.6000,1.4272
4630336,1.6000,1.4296
4630836,1.6000,1.4304
4631336,1.6000,1.4175
4631836,1.6000,1.4240
4632336,1.6000,1.4312
4632836,1.6000,1.4312
4633336,1.6000,1.4497
4633836,1.6000,1.4312
4634336,1.6000,1.4368
4634836,1.6000,1.4409
4635336,1.6000,1.4304
4635836,1.6000,1.4264
4636336,1.6000,1.4240
4636836,1.6000,1.4264
4637336,1.6000,1.4264
4637836,1.6000,1.4312
4638336,1.6000,1.4288
4638836,1.6000,1.4207
4639336,1.6000,1.4304
4639836,1.6000,1.4264
4640336,1.6000,1.4232
4640836,1.6000,1.4433
4641336,1.6000,1.4288
4641836,1.6000,1.4312
4642336,1.6000,1.4296
4642836,1.6000,1.4352
4643336,1.6000,1.4296
4643836,1.6000,1.4296
4644336,1.6000,1.4264
4644836,1.6000,1.4248
4645336,1.6000,1.4312
4645836,1.6000,1.4304
4646336,1.6000,1.4272
4646836,1.6000,1.4207
4647336,1.6000,1.4320
4647836,1.6000,1.4360
4648336,1.6000,1.4280
4648836,1.6000,1.4272
4649336,1.6000,1.4175
4649836,1.6000,1.4360
4650336,1.6000,1.4272
4650836,1.6000,1.4336
4651336,1.6000,1.4312
4651836,1.6000,1.4449
4652336,1.6000,1.4368
4652836,1.6000,1.4368
4653336,1.6000,1.4304
4653836,1.6000,1.4207
4654336,1.6000,1.4167
4654836,1.6000,1.4401
4655336,1.6000,1.4328
4655836,1.6000,1.4312
4656336,1.6000,1.4360
4656836,1.6000,1.4272
4657336,1.6000,1.4312
4657836,1.6000,1.4288
4658336,1.6000,1.4046
4658836,1.6000,1.4336
4659336,1.6000,1.4264
4659836,1.6000,1.4256
4660336,1.6000,1.4546
4660836,1.6000,1.4393
4661336,1.6000,1.4264
4661836,1.6000,1.4207
4662336,1.6000,1.4336
4662836,1.6000,1.4497
4663336,1.6000,1.4256
4663836,1.6000,1.4240
4664336,1.6000,1.4264
4664836,1.6000,1.4232
4665336,1.6000,1.4312
4665836,1.6000,1.4240
4666336,1.6000,1.4360
4666836,1.6000,1.4457
4667336,1.6000,1.4223
4667836,1.6000,1.4328
4668336,1.6000,1.4264
4668836,1.6000,1.4393
4669336,1.6000,1.4465
4669836,1.6000,1.4312
4670336,1.6000,1.4312
4670836,1.6000,1.4368
4671336,1.6000,1.4312
4671836,1.6000,1.4312
4672336,1.6000,1.4304
4672836,1.6000,1.4304
4673336,1.6000,1.4344
4673836,1.6000,1.4296
4674336,1.6000,1.4288
4674836,1.6000,1.4336
4675336,1.6000,1.4401
4675836,1.6000,1.4288
4676336,1.6000,1.4199
4676836,1.6000,1.4312
4677336,1.6000,1.4304
4677836,1.6000,1.4240
4678336,1.6000,1.4288
4678836,1.6000,1.4368
4679336,1.6000,1.4481
4679836,1.6000,1.4312
4680336,1.6000,1.4409
4680836,1.6000,1.4312
4681336,1.6000,1.4223
4681836,1.6000,1.4368
4682336,1.6000,1.4256
4682836,1.6000,1.4304
4683336,1.6000,1.4296
4683836,1.6000,1.4320
4684336,1.6000,1.4328
4684836,1.6000,1.4368
4685336,1.6000,1.4401
4685836,1.6000,1.4320
4686336,1.6000,1.4312
4686836,1.6000,1.4296
4687336,1.6000,1.4360
4687836,1.6000,1.4352
4688336,1.6000,1.4393
4688836,1.6000,1.4312
4689336,1.6000,1.4304
4689836,1.6000,1.4320
4690336,1.6000,1.4336
4690836,1.6000,1.4312
4691336,1.6000,1.4215
4691836,1.6000,1.4336
4692336,1.6000,1.4256
4692836,1.6000,1.4272
4693336,1.6000,1.4159
4693836,1.6000,1.4530
4694336,1.6000,1.4159
4694836,1.6000,1.4336
4695336,1.6000,1.4304
4695836,1.6000,1.4272
4696336,1.6000,1.4336
4696836,1.6000,1.4014
4697336,1.6000,1.4328
4697836,1.6000,1.4191
4698336,1.6000,1.4304
4698836,1.6000,1.4312
4699336,1.6000,1.4441
4699836,1.6000,1.4368
4700336,1.6000,1.4465
4700836,1.6000,1.4159
4701336,1.6000,1.4272
4701836,1.6000,1.4272
4702336,1.6000,1.4199
4702836,1.6000,1.4344
4703336,1.6000,1.4288
4703836,1.6000,1.4264
4704336,1.6000,1.4328
4704836,1.6000,1.4272
4705336,1.6000,1.4505
4705836,1.6000,1.4328
4706336,1.6000,1.4312
4706836,1.6000,1.3925
4707336,1.6000,1.4328
4707836,1.6000,1.4296
4708336,1.6000,1.4377
4708836,1.6000,1.4312
4709336,1.6000,1.4393
4709836,1.6000,1.4312
4710336,1.6000,1.4385
4710836,1.6000,1.4240
4711336,1.6000,1.4127
4711836,1.6000,1.4360
4712336,1.6000,1.4312
4712836,1.6000,1.4312
4713336,1.6000,1.4336
4713836,1.6000,1.4360
4714336,1.6000,1.4312
4714836,1.6000,1.4336
4715336,1.6000,1.4352
4715836,1.6000,1.4336
4716336,1.6000,1.4312
4716836,1.6000,1.4135
4717336,1.6000,1.4312
4717836,1.6000,1.4328
4718336,1.6000,1.4312
4718836,1.6000,1.4296
4719336,1.6000,1.4336
4719836,1.6000,1.4554
4720336,1.6000,1.4191
4720836,1.6000,1.4336
4721336,1.6000,1.4296
4721836,1.6000,1.4691
4722336,1.6000,1.4336
4722836,1.6000,1.4215
4723336,1.6000,1.4296
4723836,1.6000,1.4320
4724336,1.6000,1.4288
4724836,1.6000,1.4240
4725336,1.6000,1.4288
4725836,1.6000,1.4304
4726336,1.6000,1.4385
4726836,1.6000,1.4312
4727336,1.6000,1.4232
4727836,1.6000,1.4352
4728336,1.6000,1.4312
4728836,1.6000,1.4473
4729336,1.6000,1.4336
4729836,1.6000,1.4401
4730336,1.6000,1.4344
4730836,1.6000,1.4288
4731336,1.6000,1.4312
4731836,1.6000,1.4328
4732336,1.6000,1.4409
4732836,1.6000,1.4183
4733336,1.6000,1.4312
4733836,1.6000,1.4352
4734336,1.6000,1.4312
4734836,1.6000,1.4240
4735336,1.6000,1.4449
4735836,1.6000,1.4312
4736336,1.6000,1.4320
4736836,1.6000,1.4336
4737336,1.6000,1.4320
4737836,1.6000,1.4328
4738336,1.6000,1.4280
4738836,1.6000,1.4433
4739336,1.6000,1.4304
4739836,1.6000,1.4304
4740336,1.6000,1.4328
4740836,1.6000,1.4215
4741336,1.6000,1.4312
4741836,1.6000,1.4264
4742336,1.6000,1.4360
4742836,1.6000,1.4344
4743336,1.6000,1.4312
4743836,1.6000,1.4312
4744336,1.6000,1.4312
4744836,1.6000,1.4312
4745336,1.6000,1.4401
4745836,1.6000,1.4312
4746336,1.6000,1.4570
4746836,1.6000,1.4320
4747336,1.6000,1.4223
4747836,1.6000,1.4296
4748336,1.6000,1.4320
4748836,1.6000,1.4368
4749336,1.6000,1.4312
4749836,1.6000,1.4312
4750336,1.6000,1.4312
4750836,1.6000,1.4401
4751336,1.6000,1.4232
4751836,1.6000,1.4320
4752336,1.6000,1.4304
4752836,1.6000,1.4328
4753336,1.6000,1.4320
4753836,1.6000,1.4312
4754336,1.6000,1.4328
4754836,1.6000,1.4312
4755336,1.6000,1.4377
4755836,1.6000,1.4312
4756336,1.6000,1.4385
4756836,1.6000,1.4312
4757336,1.6000,1.4425
4757836,1.6000,1.4336
4758336,1.6000,1.4393
4758836,1.6000,1.4312
4759336,1.6000,1.4304
4759836,1.6000,1.4409
4760336,1.6000,1.4256
4760836,1.6000,1.4312
4761336,1.6000,1.4312
4761836,1.6000,1.4296
4762336,1.6000,1.4264
4762836,1.6000,1.4272
4763336,1.6000,1.4328
4763836,1.6000,1.4336
4764336,1.6000,1.4328
4764836,1.6000,1.4385
4765336,1.6000,1.4296
4765836,1.6000,1.4304
4766336,1.6000,1.4304
4766836,1.6000,1.4312
4767336,1.6000,1.4368
4767836,1.6000,1.4304
4768336,1.6000,1.4352
4768836,1.6000,1.4199
4769336,1.6000,1.4320
4769836,1.6000,1.4312
4770336,1.6000,1.4360
4770836,1.6000,1.4191
4771336,1.6000,1.4312
4771836,1.6000,1.4312
4772336,1.6000,1.4304
4772836,1.6000,1.4312
4773336,1.6000,1.4514
4773836,1.6000,1.4312
4774336,1.6000,1.4377
4774836,1.6000,1.4288
4775336,1.6000,1.4328
4775836,1.6000,1.4522
4776336,1.6000,1.4352
4776836,1.6000,1.4707
4777336,1.6000,1.4143
4777836,1.6000,1.4312
4778336,1.6000,1.4360
4778836,1.6000,1.4336
4779336,1.6000,1.4304
4779836,1.6000,1.4312
4780336,1.6000,1.4312
4780836,1.6000,1.4296
4781336,1.6000,1.4256
4781836,1.6000,1.4352
4782336,1.6000,1.4167
4782836,1.6000,1.4312
4783336,1.6000,1.4425
4783836,1.6000,1.4312
4784336,1.6000,1.4312
4784836,1.6000,1.4312
4785336,1.6000,1.4199
4785836,1.6000,1.4385
4786336,1.6000,1.4296
4786836,1.6000,1.4320
4787336,1.6000,1.4312
4787836,1.6000,1.4199
4788336,1.6000,1.4288
4788836,1.6000,1.4312
4789336,1.6000,1.4312
4789836,1.6000,1.4312
4790336,1.6000,1.4296
4790836,1.6000,1.4352
4791336,1.6000,1.4368
4791836,1.6000,1.4328
4792336,1.6000,1.4344
4792836,1.6000,1.4352
4793336,1.6000,1.4368
4793836,1.6000,1.4328
4794336,1.6000,1.4360
4794836,1.6000,1.4256
4795336,1.6000,1.4360
4795836,1.6000,1.4401
4796336,1.6000,1.4377
4796836,1.6000,1.4336
4797336,1.6000,1.4312
4797836,1.6000,1.4232
4798336,1.6000,1.4336
4798836,1.6000,1.4401
4799336,1.6000,1.4320
4799836,1.6000,1.4336
4800336,1.6000,1.4272
4800836,1.6000,1.4449
4801336,1.6000,1.4328
4801836,1.6000,1.4312
4802336,1.6000,1.4368
4802836,1.6000,1.4360
4803336,1.6000,1.4328
4803836,1.6000,1.4441
4804336,1.6000,1.4368
4804836,1.6000,1.4312
4805336,1.6000,1.4368
4805836,1.6000,1.4288
4806336,1.6000,1.4401
4806836,1.6000,1.4328
4807336,1.6000,1.4489
4807836,1.6000,1.4328
4808336,1.6000,1.4465
4808836,1.6000,1.4336
4809336,1.6000,1.4232
4809836,1.6000,1.4223
4810336,1.6000,1.4328
4810836,1.6000,1.4328
4811336,1.6000,1.4393
4811836,1.6000,1.4296
4812336,1.6000,1.4320
4812836,1.6000,1.4312
4813336,1.6000,1.4296
4813836,1.6000,1.4368
4814336,1.6000,1.4320
4814836,1.6000,1.4352
4815336,1.6000,1.4312
4815836,1.6000,1.4336
4816336,1.6000,1.3885
4816836,1.6000,1.4368
4817336,1.6000,1.4272
4817836,1.6000,1.4401
4818336,1.6000,1.4312
4818836,1.6000,1.4288
4819336,1.6000,1.4328
4819836,1.6000,1.4312
4820336,1.6000,1.4393
4820836,1.6000,1.4360
4821336,1.6000,1.4401
4821836,1.6000,1.4360
4822336,1.6000,1.4336
4822836,1.6000,1.4417
4823336,1.6000,1.4586
4823836,1.6000,1.4320
4824336,1.6000,1.4401
4824836,1.6000,1.4328
4825336,1.6000,1.4312
4825836,1.6000,1.4054
4826336,1.6000,1.4296
4826836,1.6000,1.4215
4827336,1.6000,1.4473
4827836,1.6000,1.4473
4828336,1.6000,1.4256
4828836,1.6000,1.4207
4829336,1.6000,1.4328
4829836,1.6000,1.4328
4830336,1.6000,1.4360
4830836,1.6000,1.4312
4831336,1.6000,1.4675
4831836,1.6000,1.4312
4832336,1.6000,1.4368
4832836,1.6000,1.4280
4833336,1.6000,1.4360
4833836,1.6000,1.4328
4834336,1.6000,1.4393
4834836,1.6000,1.4344
4835336,1.6000,1.4377
4835836,1.6000,1.4328
4836336,1.6000,1.4417
4836836,1.6000,1.4368
4837336,1.6000,1.4312
4837836,1.6000,1.4417
4838336,1.6000,1.4417
4838836,1.6000,1.4401
4839336,1.6000,1.4433
4839836,1.6000,1.4368
4840336,1.6000,1.4312
4840836,1.6000,1.4401
4841336,1.6000,1.4385
4841836,1.6000,1.4312
4842336,1.6000,1.4489
4842836,1.6000,1.4336
4843336,1.6000,1.4425
4843836,1.6000,1.4312
4844336,1.6000,1.4328
4844836,1.6000,1.4393
4845336,1.6000,1.4368
4845836,1.6000,1.4385
4846336,1.6000,1.4312
4846836,1.6000,1.4417
4847336,1.6000,1.4312
4847836,1.6000,1.4368
4848336,1.6000,1.4312
4848836,1.6000,1.4425
4849336,1.6000,1.4336
4849836,1.6000,1.4481
4850336,1.6000,1.4401
4850836,1.6000,1.4401
4851336,1.6000,1.4336
4851836,1.6000,1.4320
4852336,1.6000,1.4312
4852836,1.6000,1.4457
4853336,1.6000,1.4465
4853836,1.6000,1.4320
4854336,1.6000,1.4223
4854836,1.6000,1.4312
4855336,1.6000,1.4401
4855836,1.6000,1.4368
4856336,1.6000,1.4240
4856836,1.6000,1.4175
4857336,1.6000,1.4425
4857836,1.6000,1.4280
4858336,1.6000,1.4086
4858836,1.6000,1.4352
4859336,1.6000,1.4320
4859836,1.6000,1.4312
4860336,1.6000,1.4360
4860836,1.6000,1.4368
4861336,1.6000,1.4473
4861836,1.6000,1.4312
4862336,1.6000,1.4457
4862836,1.6000,1.4385
4863336,1.6000,1.4223
4863836,1.6000,1.4296
4864336,1.6000,1.4481
4864836,1.6000,1.4344
4865336,1.6000,1.4336
4865836,1.6000,1.4368
4866336,1.6000,1.4352
4866836,1.6000,1.4425
4867336,1.6000,1.4336
4867836,1.6000,1.4401
4868336,1.6000,1.4312
4868836,1.6000,1.4344
4869336,1.6000,1.4288
4869836,1.6000,1.4328
4870336,1.6000,1.4433
4870836,1.6000,1.4328
4871336,1.6000,1.4336
4871836,1.6000,1.4393
4872336,1.6000,1.4352
4872836,1.6000,1.4425
4873336,1.6000,1.4385
4873836,1.6000,1.4473
4874336,1.6000,1.4312
4874836,1.6000,1.4377
4875336,1.6000,1.4433
4875836,1.6000,1.4336
4876336,1.6000,1.4352
4876836,1.6000,1.4360
4877336,1.6000,1.4401
4877836,1.6000,1.4393
4878336,1.6000,1.4312
4878836,1.6000,1.4352
4879336,1.6000,1.4288
4879836,1.6000,1.4393
4880336,1.6000,1.4417
4880836,1.6000,1.4425
4881336,1.6000,1.4401
4881836,1.6000,1.4401
4882336,1.6000,1.4312
4882836,1.6000,1.4425
4883336,1.6000,1.4312
4883836,1.6000,1.4336
4884336,1.6000,1.4328
4884836,1.6000,1.4232
4885336,1.6000,1.4312
4885836,1.6000,1.4312
4886336,1.6000,1.4336
4886836,1.6000,1.4401
4887336,1.6000,1.4312
4887836,1.6000,1.4207
4888336,1.6000,1.4417
4888836,1.6000,1.4360
4889336,1.6000,1.4312
4889836,1.6000,1.4320
4890336,1.6000,1.4433
4890836,1.6000,1.4425
4891336,1.6000,1.4328
4891836,1.6000,1.4360
4892336,1.6000,1.4328
4892836,1.6000,1.4401
4893336,1.6000,1.4441
4893836,1.6000,1.4352
4894336,1.6000,1.4368
4894836,1.6000,1.4425
4895336,1.6000,1.4368
4895836,1.6000,1.4393
4896336,1.6000,1.4417
4896836,1.6000,1.4352
4897336,1.6000,1.4433
4897836,1.6000,1.4393
4898336,1.6000,1.4393
4898836,1.6000,1.4312
4899336,1.6000,1.4336
4899836,1.6000,1.4328
4900336,1.6000,1.4352
4900836,1.6000,1.4070
4901336,1.6000,1.4368
4901836,1.6000,1.4433
4902336,1.6000,1.4368
4902836,1.6000,1.4393
4903336,1.6000,1.4328
4903836,1.6000,1.4368
4904336,1.6000,1.4377
4904836,1.6000,1.4433
4905336,1.6000,1.4320
4905836,1.6000,1.4336
4906336,1.6000,1.4401
4906836,1.6000,1.4393
4907336,1.6000,1.4304
4907836,1.6000,1.4360
4908336,1.6000,1.4352
4908836,1.6000,1.4368
4909336,1.6000,1.4433
4909836,1.6000,1.4441
4910336,1.6000,1.4352
4910836,1.6000,1.4393
4911336,1.6000,1.4352
4911836,1.6000,1.4320
4912336,1.6000,1.4522
4912836,1.6000,1.4433
4913336,1.6000,1.4368
4913836,1.6000,1.4368
4914336,1.6000,1.4368
4914836,1.6000,1.4320
4915336,1.6000,1.4368
4915836,1.6000,1.4417
4916336,1.6000,1.4272
4916836,1.6000,1.4425
4917336,1.6000,1.4465
4917836,1.6000,1.4441
4918336,1.6000,1.4320
4918836,1.6000,1.4409
4919336,1.6000,1.4401
4919836,1.6000,1.4360
4920336,1.6000,1.4546
4920836,1.6000,1.4393
4921336,1.6000,1.4401
4921836,1.6000,1.4393
4922336,1.6000,1.4433
4922836,1.6000,1.4312
4923336,1.6000,1.4385
4923836,1.6000,1.4385
4924336,1.6000,1.4401
4924836,1.6000,1.4514
4925336,1.6000,1.4409
4925836,1.6000,1.4409
4926336,1.6000,1.4385
4926836,1.6000,1.4368
4927336,1.6000,1.4417
4927836,1.6000,1.4546
4928336,1.6000,1.4425
4928836,1.6000,1.4433
4929336,1.6000,1.4433
4929836,1.6000,1.4538
4930336,1.6000,1.4409
4930836,1.6000,1.4433
4931336,1.6000,1.4312
4931836,1.6000,1.4457
4932336,1.6000,1.4433
4932836,1.6000,1.4425
4933336,1.6000,1.4425
4933836,1.6000,1.4360
4934336,1.6000,1.4393
4934836,1.6000,1.4328
4935336,1.6000,1.4401
4935836,1.6000,1.4417
4936336,1.6000,1.4425
4936836,1.6000,1.4296
4937336,1.6000,1.4691
4937836,1.6000,1.4401
4938336,1.6000,1.4368
4938836,1.6000,1.4360
4939336,1.6000,1.4433
4939836,1.6000,1.4320
4940336,1.6000,1.4296
4940836,1.6000,1.4393
4941336,1.6000,1.4360
4941836,1.6000,1.4344
4942336,1.6000,1.4417
4942836,1.6000,1.4368
4943336,1.6000,1.4433
4943836,1.6000,1.4288
4944336,1.6000,1.4312
4944836,1.6000,1.4393
4945336,1.6000,1.4618
4945836,1.6000,1.4393
4946336,1.6000,1.4425
4946836,1.6000,1.4352
4947336,1.6000,1.4497
4947836,1.6000,1.4425
4948336,1.6000,1.4417
4948836,1.6000,1.4312
4949336,1.6000,1.4304
4949836,1.6000,1.4344
4950336,1.6000,1.4457
4950836,1.6000,1.4328
4951336,1.6000,1.4570
4951836,1.6000,1.4522
4952336,1.6000,1.4360
4952836,1.6000,1.4433
4953336,1.6000,1.4441
4953836,1.6000,1.4336
4954336,1.6000,1.4425
4954836,1.6000,1.4312
4955336,1.6000,1.4417
4955836,1.6000,1.4320
4956336,1.6000,1.4352
4956836,1.6000,1.4570
4957336,1.6000,1.4401
4957836,1.6000,1.4360
4958336,1.6000,1.4433
4958836,1.6000,1.4368
4959336,1.6000,1.4360
4959836,1.6000,1.4368
4960336,1.6000,1.4320
4960836,1.6000,1.4554
4961336,1.6000,1.4360
4961836,1.6000,1.4433
4962336,1.6000,1.4441
4962836,1.6000,1.4425
4963336,1.6000,1.4328
4963836,1.6000,1.4167
4964336,1.6000,1.4570
4964836,1.6000,1.4368
4965336,1.6000,1.4304
4965836,1.6000,1.4433
4966336,1.6000,1.4336
4966836,1.6000,1.4473
4967336,1.6000,1.4433
4967836,1.6000,1.4417
4968336,1.6000,1.4409
4968836,1.6000,1.4554
4969336,1.6000,1.4449
4969836,1.6000,1.4409
4970336,1.6000,1.4312
4970836,1.6000,1.4409
4971336,1.6000,1.4312
4971836,1.6000,1.4207
4972336,1.6000,1.4336
4972836,1.6000,1.4385
4973336,1.6000,1.4368
4973836,1.6000,1.4489
4974336,1.6000,1.4312
4974836,1.6000,1.4312
4975336,1.6000,1.4425
4975836,1.6000,1.4288
4976336,1.6000,1.4401
4976836,1.6000,1.4586
4977336,1.6000,1.4385
4977836,1.6000,1.4328
4978336,1.6000,1.4393
4978836,1.6000,1.4457
4979336,1.6000,1.4385
4979836,1.6000,1.4344
4980336,1.6000,1.4449
4980836,1.6000,1.4368
4981336,1.6000,1.4554
4981836,1.6000,1.4368
4982336,1.6000,1.4368
4982836,1.6000,1.4368
4983336,1.6000,1.4457
4983836,1.6000,1.4344
4984336,1.6000,1.4401
4984836,1.6000,1.4312
4985336,1.6000,1.4441
4985836,1.6000,1.4449
4986336,1.6000,1.4417
4986836,1.6000,1.4385
4987336,1.6000,1.4352
4987836,1.6000,1.4312
4988336,1.6000,1.4360
4988836,1.6000,1.4368
4989336,1.6000,1.4401
4989836,1.6000,1.4441
4990336,1.6000,1.4352
4990836,1.6000,1.4312
4991336,1.6000,1.4417
4991836,1.6000,1.4360
4992336,1.6000,1.4433
4992836,1.6000,1.4393
4993336,1.6000,1.4385
4993836,1.6000,1.4417
4994336,1.6000,1.4433
4994836,1.6000,1.4312
4995336,1.6000,1.4272
4995836,1.6000,1.4465
4996336,1.6000,1.4425
4996836,1.6000,1.4352
4997336,1.6000,1.4312
4997836,1.6000,1.4449
4998336,1.6000,1.4465
4998836,1.6000,1.4344
4999336,1.6000,1.4393
4999836,1.6000,1.4328
5000336,1.6000,1.4352
5000836,1.6000,1.4368
5001336,1.6000,1.4393
5001836,1.6000,1.4481
5002336,1.6000,1.4449
5002836,1.6000,1.4441
5003336,1.6000,1.4385
5003836,1.6000,1.4304
5004336,1.6000,1.4409
5004836,1.6000,1.4264
5005336,1.6000,1.4360
5005836,1.6000,1.4368
5006336,1.6000,1.4514
5006836,1.6000,1.4457
5007336,1.6000,1.4538
5007836,1.6000,1.4368
5008336,1.6000,1.4320
5008836,1.6000,1.4530
5009336,1.6000,1.4199
5009836,1.6000,1.4352
5010336,1.6000,1.4312
5010836,1.6000,1.4465
5011336,1.6000,1.4312
5011836,1.6000,1.4240
5012336,1.6000,1.4409
5012836,1.6000,1.4352
5013336,1.6000,1.4497
5013836,1.6000,1.4312
5014336,1.6000,1.4441
5014836,1.6000,1.4393
5015336,1.6000,1.4352
5015836,1.6000,1.4449
5016336,1.6000,1.4449
5016836,1.6000,1.4401
5017336,1.6000,1.4433
5017836,1.6000,1.4441
5018336,1.6000,1.4465
5018836,1.6000,1.4360
5019336,1.6000,1.4433
5019836,1.6000,1.4417
5020336,1.6000,1.4457
5020836,1.6000,1.4433
5021336,1.6000,1.4312
5021836,1.6000,1.4401
5022336,1.6000,1.4489
5022836,1.6000,1.4433
5023336,1.6000,1.4610
5023836,1.6000,1.4401
5024336,1.6000,1.4385
5024836,1.6000,1.4240
5025336,1.6000,1.4385
5025836,1.6000,1.4417
5026336,1.6000,1.4489
5026836,1.6000,1.4441
5027336,1.6000,1.4368
5027836,1.6000,1.4385
5028336,1.6000,1.4642
5028836,1.6000,1.4562
5029336,1.6000,1.4401
5029836,1.6000,1.4312
5030336,1.6000,1.4433
5030836,1.6000,1.4393
5031336,1.6000,1.4489
5031836,1.6000,1.4570
5032336,1.6000,1.4360
5032836,1.6000,1.4280
5033336,1.6000,1.4368
5033836,1.6000,1.4368
5034336,1.6000,1.4401
5034836,1.6000,1.4441
5035336,1.6000,1.4312
5035836,1.6000,1.4425
5036336,1.6000,1.4514
5036836,1.6000,1.4425
5037336,1.6000,1.4336
5037836,1.6000,1.4425
5038336,1.6000,1.4385
5038836,1.6000,1.4328
5039336,1.6000,1.4401
5039836,1.6000,1.4433
5040336,1.6000,1.4425
5040836,1.6000,1.4425
5041336,1.6000,1.4393
5041836,1.6000,1.4360
5042336,1.6000,1.4312
5042836,1.6000,1.4336
5043336,1.6000,1.4368
5043836,1.6000,1.4368
5044336,1.6000,1.4473
5044836,1.6000,1.4393
5045336,1.6000,1.4272
5045836,1.6000,1.4393
5046336,1.6000,1.4425
5046836,1.6000,1.4280
5047336,1.6000,1.4368
5047836,1.6000,1.4312
5048336,1.6000,1.4368
5048836,1.6000,1.4481
5049336,1.6000,1.4393
5049836,1.6000,1.4586
5050336,1.6000,1.4425
5050836,1.6000,1.4328
5051336,1.6000,1.4441
5051836,1.6000,1.4336
5052336,1.6000,1.4135
5052836,1.6000,1.4385
5053336,1.6000,1.4481
5053836,1.6000,1.4417
5054336,1.6000,1.4312
5054836,1.6000,1.4393
5055336,1.6000,1.4272
5055836,1.6000,1.4433
5056336,1.6000,1.4441
5056836,1.6000,1.4296
5057336,1.6000,1.4425
5057836,1.6000,1.4441
5058336,1.6000,1.4328
5058836,1.6000,1.4377
5059336,1.6000,1.4151
5059836,1.6000,1.4385
5060336,1.6000,1.4215
5060836,1.6000,1.4433
5061336,1.6000,1.4417
5061836,1.6000,1.4393
5062336,1.6000,1.4328
5062836,1.6000,1.4288
5063336,1.6000,1.4497
5063836,1.6000,1.4425
5064336,1.6000,1.4659
5064836,1.6000,1.4360
5065336,1.6000,1.4409
5065836,1.6000,1.4401
5066336,1.6000,1.4288
5066836,1.6000,1.4457
5067336,1.6000,1.4433
5067836,1.6000,1.4111
5068336,1.6000,1.4336
5068836,1.6000,1.4441
5069336,1.6000,1.4352
5069836,1.6000,1.4368
5070336,1.6000,1.4360
5070836,1.6000,1.4344
5071336,1.6000,1.4530
5071836,1.6000,1.4240
5072336,1.6000,1.4417
5072836,1.6000,1.4385
5073336,1.6000,1.4360
5073836,1.6000,1.4425
5074336,1.6000,1.4522
5074836,1.6000,1.4344
5075336,1.6000,1.4385
5075836,1.6000,1.4425
5076336,1.6000,1.4360
5076836,1.6000,1.4425
5077336,1.6000,1.4360
5077836,1.6000,1.4360
5078336,1.6000,1.4344
5078836,1.6000,1.4449
5079336,1.6000,1.4570
5079836,1.6000,1.4336
5080336,1.6000,1.4441
5080836,1.6000,1.4304
5081336,1.6000,1.4409
5081836,1.6000,1.4312
5082336,1.6000,1.4481
5082836,1.6000,1.4417
5083336,1.6000,1.4417
5083836,1.6000,1.4336
5084336,1.6000,1.4425
5084836,1.6000,1.4449
5085336,1.6000,1.4320
5085836,1.6000,1.4312
5086336,1.6000,1.4264
5086836,1.6000,1.4497
5087336,1.6000,1.4433
5087836,1.6000,1.4417
5088336,1.6000,1.4610
5088836,1.6000,1.4360
5089336,1.6000,1.4481
5089836,1.6000,1.4336
5090336,1.6000,1.4352
5090836,1.6000,1.4312
5091336,1.6000,1.4425
5091836,1.6000,1.4312
5092336,1.6000,1.4417
5092836,1.6000,1.4336
5093336,1.6000,1.4449
5093836,1.6000,1.4610
5094336,1.6000,1.4489
5094836,1.6000,1.4401
5095336,1.6000,1.4401
5095836,1.6000,1.4514
5096336,1.6000,1.4433
5096836,1.6000,1.4393
5097336,1.6000,1.4328
5097836,1.6000,1.4433
5098336,1.6000,1.4489
5098836,1.6000,1.4409
5099336,1.6000,1.4441
5099836,1.6000,1.4425
5100336,1.6000,1.4457
5100836,1.6000,1.4409
5101336,1.6000,1.4449
5101836,1.6000,1.4481
5102336,1.6000,1.4433
5102836,1.6000,1.4401
5103336,1.6000,1.4522
5103836,1.6000,1.4522
5104336,1.6000,1.4417
5104836,1.6000,1.4304
5105336,1.6000,1.4328
5105836,1.6000,1.4328
5106336,1.6000,1.4360
5106836,1.6000,1.4328
5107336,1.6000,1.4473
5107836,1.6000,1.4683
5108336,1.6000,1.4417
5108836,1.6000,1.4320
5109336,1.6000,1.4417
5109836,1.6000,1.4433
5110336,1.6000,1.4393
5110836,1.6000,1.4385
5111336,1.6000,1.4312
5111836,1.6000,1.4368
5112336,1.6000,1.4651
5112836,1.6000,1.4433
5113336,1.6000,1.4360
5113836,1.6000,1.4401
5114336,1.6000,1.4441
5114836,1.6000,1.4320
5115336,1.6000,1.4489
5115836,1.6000,1.4441
5116336,1.6000,1.4401
5116836,1.6000,1.4401
5117336,1.6000,1.4522
5117836,1.6000,1.4401
5118336,1.6000,1.4433
5118836,1.6000,1.4465
5119336,1.6000,1.4360
5119836,1.6000,1.4296
5120336,1.6000,1.4425
5120836,1.6000,1.4433
5121336,1.6000,1.4401
5121836,1.6000,1.4425
5122336,1.6000,1.4473
5122836,1.6000,1.4320
5123336,1.6000,1.4425
5123836,1.6000,1.4441
5124336,1.6000,1.4449
5124836,1.6000,1.4433
5125336,1.6000,1.4409
5125836,1.6000,1.4433
5126336,1.6000,1.4449
5126836,1.6000,1.4401
5127336,1.6000,1.4546
5127836,1.6000,1.4336
5128336,1.6000,1.4465
5128836,1.6000,1.4336
5129336,1.6000,1.4610
5129836,1.6000,1.4497
5130336,1.6000,1.4441
5130836,1.6000,1.4570
5131336,1.6000,1.4425
5131836,1.6000,1.4489
5132336,1.6000,1.4497
5132836,1.6000,1.4417
5133336,1.6000,1.4401
5133836,1.6000,1.4328
5134336,1.6000,1.4352
5134836,1.6000,1.4554
5135336,1.6000,1.4465
5135836,1.6000,1.4425
5136336,1.6000,1.4618
5136836,1.6000,1.4449
5137336,1.6000,1.4360
5137836,1.6000,1.4417
5138336,1.6000,1.4320
5138836,1.6000,1.4610
5139336,1.6000,1.4441
5139836,1.6000,1.4417
5140336,1.6000,1.4465
5140836,1.6000,1.4449
5141336,1.6000,1.4433
5141836,1.6000,1.4433
5142336,1.6000,1.4393
5142836,1.6000,1.4465
5143336,1.6000,1.4433
5143836,1.6000,1.4312
5144336,1.6000,1.4441
5144836,1.6000,1.4457
5145336,1.6000,1.4449
5145836,1.6000,1.4457
5146336,1.6000,1.4465
5146836,1.6000,1.4385
5147336,1.6000,1.4320
5147836,1.6000,1.4393
5148336,1.6000,1.4441
5148836,1.6000,1.4441
5149336,1.6000,1.4352
5149836,1.6000,1.4425
5150336,1.6000,1.4441
5150836,1.6000,1.4417
5151336,1.6000,1.4489
5151836,1.6000,1.4368
5152336,1.6000,1.4393
5152836,1.6000,1.4409
5153336,1.6000,1.4578
5153836,1.6000,1.4385
5154336,1.6000,1.4441
5154836,1.6000,1.4433
5155336,1.6000,1.4328
5155836,1.6000,1.4642
5156336,1.6000,1.4264
5156836,1.6000,1.4465
5157336,1.6000,1.4481
5157836,1.6000,1.4304
5158336,1.6000,1.4562
5158836,1.6000,1.4530
5159336,1.6000,1.4417
5159836,1.6000,1.4441
5160336,1.6000,1.4393
5160836,1.6000,1.4457
5161336,1.6000,1.4352
5161836,1.6000,1.4465
5162336,1.6000,1.4433
5162836,1.6000,1.4328
5163336,1.6000,1.4352
5163836,1.6000,1.4368
5164336,1.6000,1.4296
5164836,1.6000,1.4328
5165336,1.6000,1.4417
5165836,1.6000,1.4401
5166336,1.6000,1.4417
5166836,1.6000,1.4401
5167336,1.6000,1.4336
5167836,1.6000,1.4240
5168336,1.6000,1.4457
5168836,1.6000,1.4368
5169336,1.6000,1.4489
5169836,1.6000,1.4417
5170336,1.6000,1.4586
5170836,1.6000,1.4522
5171336,1.6000,1.4522
5171836,1.6000,1.4336
5172336,1.6000,1.4328
5172836,1.6000,1.4425
5173336,1.6000,1.4385
5173836,1.6000,1.4417
5174336,1.6000,1.4465
5174836,1.6000,1.4675
5175336,1.6000,1.4368
5175836,1.6000,1.4425
5176336,1.6000,1.4562
5176836,1.6000,1.4417
5177336,1.6000,1.4417
5177836,1.6000,1.4449
5178336,1.6000,1.4409
5178836,1.6000,1.4336
5179336,1.6000,1.4441
5179836,1.6000,1.4425
5180336,1.6000,1.4457
5180836,1.6000,1.4393
5181336,1.6000,1.4449
5181836,1.6000,1.4401
5182336,1.6000,1.4417
5182836,1.6000,1.4393
5183336,1.6000,1.4425
5183836,1.6000,1.4385
5184336,1.6000,1.4570
5184836,1.6000,1.4433
5185336,1.6000,1.4465
5185836,1.6000,1.4449
5186336,1.6000,1.4352
5186836,1.6000,1.4449
5187336,1.6000,1.4433
5187836,1.6000,1.4449
5188336,1.6000,1.4352
5188836,1.6000,1.4433
5189336,1.6000,1.4425
5189836,1.6000,1.4457
5190336,1.6000,1.4473
5190836,1.6000,1.4401
5191336,1.6000,1.4441
5191836,1.6000,1.4441
5192336,1.6000,1.4417
5192836,1.6000,1.4433
5193336,1.6000,1.4457
5193836,1.6000,1.4449
5194336,1.6000,1.4433
5194836,1.6000,1.4368
5195336,1.6000,1.4457
5195836,1.6000,1.4433
5196336,1.6000,1.4481
5196836,1.6000,1.4336
5197336,1.6000,1.4465
5197836,1.6000,1.4385
5198336,1.6000,1.4457
5198836,1.6000,1.4433
5199336,1.6000,1.4433
5199836,1.6000,1.4312
5200336,1.6000,1.4352
5200836,1.6000,1.4401
5201336,1.6000,1.4425
5201836,1.6000,1.4425
5202336,1.6000,1.4401
5202836,1.6000,1.4449
5203336,1.6000,1.4425
5203836,1.6000,1.4425
5204336,1.6000,1.4385
5204836,1.6000,1.4409
5205336,1.6000,1.4449
5205836,1.6000,1.4570
5206336,1.6000,1.4296
5206836,1.6000,1.4417
5207336,1.6000,1.4352
5207836,1.6000,1.4312
5208336,1.6000,1.4296
5208836,1.6000,1.4336
5209336,1.6000,1.4336
5209836,1.6000,1.4497
5210336,1.6000,1.4497
5210836,1.6000,1.4578
5211336,1.6000,1.4433
5211836,1.6000,1.4433
5212336,1.6000,1.4497
5212836,1.6000,1.4368
5213336,1.6000,1.4312
5213836,1.6000,1.4304
5214336,1.6000,1.4336
5214836,1.6000,1.4393
5215336,1.6000,1.4344
5215836,1.6000,1.4385
5216336,1.6000,1.4336
5216836,1.6000,1.4352
5217336,1.6000,1.4522
5217836,1.6000,1.4441
5218336,1.6000,1.4522
5218836,1.6000,1.4530
5219336,1.6000,1.4425
5219836,1.6000,1.4385
5220336,1.6000,1.4425
5220836,1.6000,1.4393
5221336,1.6000,1.4417
5221836,1.6000,1.4441
5222336,1.6000,1.4344
5222836,1.6000,1.4699
5223336,1.6000,1.4417
5223836,1.6000,1.4401
5224336,1.6000,1.4352
5224836,1.6000,1.4360
5225336,1.6000,1.4368
5225836,1.6000,1.4433
5226336,1.6000,1.4417
5226836,1.6000,1.4360
5227336,1.6000,1.4578
5227836,1.6000,1.4530
5228336,1.6000,1.4401
5228836,1.6000,1.4465
5229336,1.6000,1.4401
5229836,1.6000,1.4546
5230336,1.6000,1.4312
5230836,1.6000,1.4401
5231336,1.6000,1.4368
5231836,1.6000,1.4497
5232336,1.6000,1.4433
5232836,1.6000,1.4393
5233336,1.6000,1.4336
5233836,1.6000,1.4417
5234336,1.6000,1.4449
5234836,1.6000,1.4368
5235336,1.6000,1.4562
5235836,1.6000,1.4401
5236336,1.6000,1.4433
5236836,1.6000,1.4481
5237336,1.6000,1.4473
5237836,1.6000,1.4393
5238336,1.6000,1.4433
5238836,1.6000,1.4433
5239336,1.6000,1.4691
5239836,1.6000,1.4417
5240336,1.6000,1.4223
5240836,1.6000,1.4546
5241336,1.6000,1.4449
5241836,1.6000,1.4312
5242336,1.6000,1.4449
5242836,1.6000,1.4425
5243336,1.6000,1.4675
5243836,1.6000,1.4328
5244336,1.6000,1.4401
5244836,1.6000,1.4449
5245336,1.6000,1.4425
5245836,1.6000,1.4393
5246336,1.6000,1.4401
5246836,1.6000,1.4352
5247336,1.6000,1.4320
5247836,1.6000,1.4441
5248336,1.6000,1.4425
5248836,1.6000,1.4312
5249336,1.6000,1.4417
5249836,1.6000,1.4433
5250336,1.6000,1.4449
5250836,1.6000,1.4368
5251336,1.6000,1.4425
5251836,1.6000,1.4312
5252336,1.6000,1.4377
5252836,1.6000,1.4336
5253336,1.6000,1.4425
5253836,1.6000,1.4473
5254336,1.6000,1.4385
5254836,1.6000,1.4401
5255336,1.6000,1.4417
5255836,1.6000,1.4449
5256336,1.6000,1.4409
5256836,1.6000,1.3974
5257336,1.6000,1.4312
5257836,1.6000,1.4393
5258336,1.6000,1.4489
5258836,1.6000,1.4385
5259336,1.6000,1.4360
5259836,1.6000,1.4441
5260336,1.6000,1.4312
5260836,1.6000,1.4368
5261336,1.6000,1.4457
5261836,1.6000,1.4401
5262336,1.6000,1.4352
5262836,1.6000,1.4344
5263336,1.6000,1.4393
5263836,1.6000,1.4385
5264336,1.6000,1.4368
5264836,1.6000,1.4441
5265336,1.6000,1.4425
5265836,1.6000,1.4320
5266336,1.6000,1.4385
5266836,1.6000,1.4312
5267336,1.6000,1.4433
5267836,1.6000,1.4409
5268336,1.6000,1.4143
5268836,1.6000,1.4360
5269336,1.6000,1.4360
5269836,1.6000,1.4352
5270336,1.6000,1.4457
5270836,1.6000,1.4272
5271336,1.6000,1.4385
5271836,1.6000,1.4368
5272336,1.6000,1.4417
5272836,1.6000,1.4570
5273336,1.6000,1.4401
5273836,1.6000,1.4360
5274336,1.6000,1.4393
5274836,1.6000,1.4433
5275336,1.6000,1.4368
5275836,1.6000,1.4393
5276336,1.6000,1.4401
5276836,1.6000,1.4481
5277336,1.6000,1.4385
5277836,1.6000,1.4312
5278336,1.6000,1.4352
5278836,1.6000,1.4401
5279336,1.6000,1.4336
5279836,1.6000,1.4360
5280336,1.6000,1.4272
5280836,1.6000,1.4441
5281336,1.6000,1.4441
5281836,1.6000,1.4320
5282336,1.6000,1.4393
5282836,1.6000,1.4449
5283336,1.6000,1.4360
5283836,1.6000,1.4385
5284336,1.6000,1.4489
5284836,1.6000,1.4336
5285336,1.6000,1.4385
5285836,1.6000,1.4546
5286336,1.6000,1.4336
5286836,1.6000,1.4344
5287336,1.6000,1.4441
5287836,1.6000,1.4441
5288336,1.6000,1.4385
5288836,1.6000,1.4425
5289336,1.6000,1.4409
5289836,1.6000,1.4393
5290336,1.6000,1.4522
5290836,1.6000,1.4481
5291336,1.6000,1.4755
5291836,1.6000,1.4433
5292336,1.6000,1.4505
5292836,1.6000,1.4417
5293336,1.6000,1.4368
5293836,1.6000,1.4433
5294336,1.6000,1.4473
5294836,1.6000,1.4312
5295336,1.6000,1.4368
5295836,1.6000,1.4320
5296336,1.6000,1.4393
5296836,1.6000,1.4433
5297336,1.6000,1.4449
5297836,1.6000,1.4473
5298336,1.6000,1.4441
5298836,1.6000,1.4352
5299336,1.6000,1.4368
5299836,1.6000,1.4441
5300336,1.6000,1.4393
5300836,1.6000,1.4497
5301336,1.6000,1.4393
5301836,1.6000,1.4441
5302336,1.6000,1.4344
5302836,1.6000,1.4401
5303336,1.6000,1.4562
5303836,1.6000,1.4425
5304336,1.6000,1.4312
5304836,1.6000,1.4457
5305336,1.6000,1.4514
5305836,1.6000,1.4409
5306336,1.6000,1.4360
5306836,1.6000,1.4433
5307336,1.6000,1.4465
5307836,1.6000,1.4368
5308336,1.6000,1.4473
5308836,1.6000,1.4489
5309336,1.6000,1.4417
5309836,1.6000,1.4368
5310336,1.6000,1.4385
5310836,1.6000,1.4409
5311336,1.6000,1.4433
5311836,1.6000,1.4457
5312336,1.6000,1.4481
5312836,1.6000,1.4514
5313336,1.6000,1.4401
5313836,1.6000,1.4368
5314336,1.6000,1.4522
5314836,1.6000,1.4449
5315336,1.6000,1.4344
5315836,1.6000,1.4336
5316336,1.6000,1.4417
5316836,1.6000,1.4465
5317336,1.6000,1.4385
5317836,1.6000,1.4441
5318336,1.6000,1.4433
5318836,1.6000,1.4522
5319336,1.6000,1.4441
5319836,1.6000,1.4385
5320336,1.6000,1.4433
5320836,1.6000,1.4401
5321336,1.6000,1.4385
5321836,1.6000,1.4489
5322336,1.6000,1.4433
5322836,1.6000,1.4425
5323336,1.6000,1.4465
5323836,1.6000,1.4433
5324336,1.6000,1.4368
5324836,1.6000,1.4417
5325336,1.6000,1.4481
5325836,1.6000,1.4183
5326336,1.6000,1.4401
5326836,1.6000,1.4457
5327336,1.6000,1.4457
5327836,1.6000,1.4433
5328336,1.6000,1.4578
5328836,1.6000,1.4360
5329336,1.6000,1.4433
5329836,1.6000,1.4401
5330336,1.6000,1.4328
5330836,1.6000,1.4522
5331336,1.6000,1.4360
5331836,1.6000,1.4417
5332336,1.6000,1.4514
5332836,1.6000,1.4417
5333336,1.6000,1.4401
5333836,1.6000,1.4401
5334336,1.6000,1.4360
5334836,1.6000,1.4433
5335336,1.6000,1.4449
5335836,1.6000,1.4401
5336336,1.6000,1.4352
5336836,1.6000,1.4731
5337336,1.6000,1.4489
5337836,1.6000,1.4586
5338336,1.6000,1.4489
5338836,1.6000,1.4530
5339336,1.6000,1.4457
5339836,1.6000,1.4497
5340336,1.6000,1.4425
5340836,1.6000,1.4441
5341336,1.6000,1.4449
5341836,1.6000,1.4368
5342336,1.6000,1.4489
5342836,1.6000,1.4441
5343336,1.6000,1.4465
5343836,1.6000,1.4449
5344336,1.6000,1.4473
5344836,1.6000,1.4562
5345336,1.6000,1.4449
5345836,1.6000,1.4385
5346336,1.6000,1.4457
5346836,1.6000,1.4417
5347336,1.6000,1.4449
5347836,1.6000,1.4489
5348336,1.6000,1.4296
5348836,1.6000,1.4514
5349336,1.6000,1.4449
5349836,1.6000,1.4441
5350336,1.6000,1.4449
5350836,1.6000,1.4425
5351336,1.6000,1.4320
5351836,1.6000,1.4449
5352336,1.6000,1.4336
5352836,1.6000,1.4433
5353336,1.6000,1.4312
5353836,1.6000,1.4489
5354336,1.6000,1.4514
5354836,1.6000,1.4336
5355336,1.6000,1.4393
5355836,1.6000,1.4610
5356336,1.6000,1.4393
5356836,1.6000,1.4433
5357336,1.6000,1.4497
5357836,1.6000,1.4433
5358336,1.6000,1.4514
5358836,1.6000,1.4465
5359336,1.6000,1.4546
5359836,1.6000,1.4465
5360336,1.6000,1.4385
5360836,1.6000,1.4054
5361336,1.6000,1.4514
5361836,1.6000,1.4417
5362336,1.6000,1.4393
5362836,1.6000,1.4433
5363336,1.6000,1.4441
5363836,1.6000,1.4441
5364336,1.6000,1.4352
5364836,1.6000,1.4409
5365336,1.6000,1.4401
5365836,1.6000,1.4497
5366336,1.6000,1.4441
5366836,1.6000,1.4457
5367336,1.6000,1.4433
5367836,1.6000,1.4425
5368336,1.6000,1.4401
5368836,1.6000,1.4449
5369336,1.6000,1.4368
5369836,1.6000,1.4570
5370336,1.6000,1.4054
5370836,1.6000,1.4320
5371336,1.6000,1.4417
5371836,1.6000,1.4457
5372336,1.6000,1.4312
5372836,1.6000,1.4449
5373336,1.6000,1.4554
5373836,1.6000,1.4441
5374336,1.6000,1.4409
5374836,1.6000,1.4449
5375336,1.6000,1.4473
5375836,1.6000,1.4393
5376336,1.6000,1.4385
5376836,1.6000,1.4449
5377336,1.6000,1.4441
5377836,1.6000,1.4449
5378336,1.6000,1.4433
5378836,1.6000,1.4409
5379336,1.6000,1.4425
5379836,1.6000,1.4449
5380336,1.6000,1.4433
5380836,1.6000,1.4433
5381336,1.6000,1.4409
5381836,1.6000,1.4368
5382336,1.6000,1.4465
5382836,1.6000,1.4618
5383336,1.6000,1.4465
5383836,1.6000,1.4401
5384336,1.6000,1.4546
5384836,1.6000,1.4433
5385336,1.6000,1.4385
5385836,1.6000,1.4312
5386336,1.6000,1.4401
5386836,1.6000,1.4433
5387336,1.6000,1.4441
5387836,1.6000,1.4465
5388336,1.6000,1.4352
5388836,1.6000,1.4530
5389336,1.6000,1.4489
5389836,1.6000,1.4433
5390336,1.6000,1.4505
5390836,1.6000,1.4457
5391336,1.6000,1.4433
5391836,1.6000,1.4586
5392336,1.6000,1.4352
5392836,1.6000,1.4352
5393336,1.6000,1.4449
5393836,1.6000,1.4465
5394336,1.6000,1.4441
5394836,1.6000,1.4538
5395336,1.6000,1.4465
5395836,1.6000,1.4530
5396336,1.6000,1.4449
5396836,1.6000,1.4425
5397336,1.6000,1.4417
5397836,1.6000,1.4385
5398336,1.6000,1.4320
5398836,1.6000,1.4530
5399336,1.6000,1.4368
5399836,1.6000,1.4457
5400336,1.6000,1.4328
5400836,1.6000,1.4465
5401336,1.6000,1.4514
5401836,1.6000,1.4538
5402336,1.6000,1.4562
5402836,1.6000,1.4425
5403336,1.6000,1.4570
5403836,1.6000,1.4457
5404336,1.6000,1.4425
5404836,1.6000,1.4465
5405336,1.6000,1.4449
5405836,1.6000,1.4433
5406336,1.6000,1.4393
5406836,1.6000,1.4465
5407336,1.6000,1.4433
5407836,1.6000,1.4514
5408336,1.6000,1.4449
5408836,1.6000,1.4538
5409336,1.6000,1.4457
5409836,1.6000,1.4385
5410336,1.6000,1.4417
5410836,1.6000,1.4264
5411336,1.6000,1.4409
5411836,1.6000,1.4449
5412336,1.6000,1.4433
5412836,1.6000,1.4457
5413336,1.6000,1.4441
5413836,1.6000,1.4433
5414336,1.6000,1.4489
5414836,1.6000,1.4433
5415336,1.6000,1.4562
5415836,1.6000,1.4465
5416336,1.6000,1.4385
5416836,1.6000,1.4457
5417336,1.6000,1.4457
5417836,1.6000,1.4304
5418336,1.6000,1.4465
5418836,1.6000,1.4465
5419336,1.6000,1.4417
5419836,1.6000,1.4401
5420336,1.6000,1.4320
5420836,1.6000,1.4457
5421336,1.6000,1.4320
5421836,1.6000,1.4514
5422336,1.6000,1.4481
5422836,1.6000,1.4554
5423336,1.6000,1.4433
5423836,1.6000,1.4675
5424336,1.6000,1.4594
5424836,1.6000,1.4457
5425336,1.6000,1.4514
5425836,1.6000,1.4473
5426336,1.6000,1.4207
5426836,1.6000,1.4360
5427336,1.6000,1.4433
5427836,1.6000,1.4433
5428336,1.6000,1.4433
5428836,1.6000,1.4417
5429336,1.6000,1.4489
5429836,1.6000,1.4393
5430336,1.6000,1.4385
5430836,1.6000,1.4530
5431336,1.6000,1.4401
5431836,1.6000,1.4465
5432336,1.6000,1.4457
5432836,1.6000,1.4481
5433336,1.6000,1.4473
5433836,1.6000,1.4465
5434336,1.6000,1.4385
5434836,1.6000,1.4433
5435336,1.6000,1.4473
5435836,1.6000,1.4441
5436336,1.6000,1.4304
5436836,1.6000,1.4457
5437336,1.6000,1.4489
5437836,1.6000,1.4425
5438336,1.6000,1.4417
5438836,1.6000,1.4417
5439336,1.6000,1.4433
5439836,1.6000,1.4586
5440336,1.6000,1.4425
5440836,1.6000,1.4457
5441336,1.6000,1.4570
5441836,1.6000,1.4441
5442336,1.6000,1.4360
5442836,1.6000,1.4385
5443336,1.6000,1.4465
5443836,1.6000,1.4441
5444336,1.6000,1.4505
5444836,1.6000,1.4586
5445336,1.6000,1.4441
5445836,1.6000,1.4401
5446336,1.6000,1.4546
5446836,1.6000,1.4634
5447336,1.6000,1.4449
5447836,1.6000,1.4457
5448336,1.6000,1.4554
5448836,1.6000,1.4409
5449336,1.6000,1.4441
5449836,1.6000,1.4433
5450336,1.6000,1.4514
5450836,1.6000,1.4465
5451336,1.6000,1.4481
5451836,1.6000,1.4457
5452336,1.6000,1.4449
5452836,1.6000,1.4530
5453336,1.6000,1.4457
5453836,1.6000,1.4417
5454336,1.6000,1.4385
5454836,1.6000,1.4433
5455336,1.6000,1.4465
5455836,1.6000,1.4481
5456336,1.6000,1.4433
5456836,1.6000,1.4393
5457336,1.6000,1.4570
5457836,1.6000,1.4425
5458336,1.6000,1.4449
5458836,1.6000,1.4433
5459336,1.6000,1.4522
5459836,1.6000,1.4473
5460336,1.6000,1.4385
5460836,1.6000,1.4433
5461336,1.6000,1.4489
5461836,1.6000,1.4425
5462336,1.6000,1.4530
5462836,1.6000,1.4425
5463336,1.6000,1.4522
5463836,1.6000,1.4441
5464336,1.6000,1.4232
5464836,1.6000,1.4433
5465336,1.6000,1.4433
5465836,1.6000,1.4449
5466336,1.6000,1.4465
5466836,1.6000,1.4530
5467336,1.6000,1.4481
5467836,1.6000,1.4417
5468336,1.6000,1.4465
5468836,1.6000,1.4514
5469336,1.6000,1.4473
5469836,1.6000,1.4562
5470336,1.6000,1.4514
5470836,1.6000,1.4417
5471336,1.6000,1.4473
5471836,1.6000,1.4441
5472336,1.6000,1.4393
5472836,1.6000,1.4191
5473336,1.6000,1.4481
5473836,1.6000,1.4481
5474336,1.6000,1.4481
5474836,1.6000,1.4618
5475336,1.6000,1.4489
5475836,1.6000,1.4522
5476336,1.6000,1.4514
5476836,1.6000,1.4505
5477336,1.6000,1.4514
5477836,1.6000,1.4457
5478336,1.6000,1.4779
5478836,1.6000,1.4779
5479336,1.6000,1.4457
5479836,1.6000,1.4368
5480336,1.6000,1.4393
5480836,1.6000,1.4546
5481336,1.6000,1.4562
5481836,1.6000,1.4820
5482336,1.6000,1.4546
5482836,1.6000,1.4465
5483336,1.6000,1.4489
5483836,1.6000,1.4530
5484336,1.6000,1.4344
5484836,1.6000,1.4562
5485336,1.6000,1.4562
5485836,1.6000,1.4489
5486336,1.6000,1.4489
5486836,1.6000,1.4546
5487336,1.6000,1.4360
5487836,1.6000,1.4441
5488336,1.6000,1.4449
5488836,1.6000,1.4425
5489336,1.6000,1.4522
5489836,1.6000,1.4457
5490336,1.6000,1.4433
5490836,1.6000,1.4433
5491336,1.6000,1.4554
5491836,1.6000,1.4433
5492336,1.6000,1.4425
5492836,1.6000,1.4457
5493336,1.6000,1.4441
5493836,1.6000,1.4489
5494336,1.6000,1.4489
5494836,1.6000,1.4538
5495336,1.6000,1.4409
5495836,1.6000,1.4570
5496336,1.6000,1.4522
5496836,1.6000,1.4497
5497336,1.6000,1.4344
5497836,1.6000,1.4481
5498336,1.6000,1.4497
5498836,1.6000,1.4505
5499336,1.6000,1.4183
5499836,1.6000,1.4385
5500336,1.6000,1.4441
5500836,1.6000,1.4441
5501336,1.6000,1.4651
5501836,1.6000,1.4481
5502336,1.6000,1.4570
5502836,1.6000,1.4497
5503336,1.6000,1.4570
5503836,1.6000,1.4449
5504336,1.6000,1.4497
5504836,1.6000,1.4433
5505336,1.6000,1.4481
5505836,1.6000,1.4497
5506336,1.6000,1.4514
5506836,1.6000,1.4433
5507336,1.6000,1.4481
5507836,1.6000,1.4554
5508336,1.6000,1.4457
5508836,1.6000,1.4441
5509336,1.6000,1.4530
5509836,1.6000,1.4554
5510336,1.6000,1.4473
5510836,1.6000,1.4441
5511336,1.6000,1.4465
5511836,1.6000,1.4328
5512336,1.6000,1.4522
5512836,1.6000,1.4465
5513336,1.6000,1.4417
5513836,1.6000,1.4360
5514336,1.6000,1.4465
5514836,1.6000,1.4538
5515336,1.6000,1.4570
5515836,1.6000,1.4457
5516336,1.6000,1.4465
5516836,1.6000,1.4360
5517336,1.6000,1.4465
5517836,1.6000,1.4336
5518336,1.6000,1.4562
5518836,1.6000,1.4449
5519336,1.6000,1.4481
5519836,1.6000,1.4602
5520336,1.6000,1.4522
5520836,1.6000,1.4546
5521336,1.6000,1.4312
5521836,1.6000,1.4546
5522336,1.6000,1.4457
5522836,1.6000,1.4433
5523336,1.6000,1.4417
5523836,1.6000,1.4481
5524336,1.6000,1.4514
5524836,1.6000,1.4441
5525336,1.6000,1.4522
5525836,1.6000,1.4538
5526336,1.6000,1.4562
5526836,1.6000,1.4441
5527336,1.6000,1.4433
5527836,1.6000,1.4554
5528336,1.6000,1.4497
5528836,1.6000,1.4530
5529336,1.6000,1.4433
5529836,1.6000,1.4562
5530336,1.6000,1.4651
5530836,1.6000,1.4457
5531336,1.6000,1.4554
5531836,1.6000,1.4481
5532336,1.6000,1.4457
5532836,1.6000,1.4497
5533336,1.6000,1.4360
5533836,1.6000,1.4336
5534336,1.6000,1.4449
5534836,1.6000,1.4449
5535336,1.6000,1.4441
5535836,1.6000,1.4465
5536336,1.6000,1.4497
5536836,1.6000,1.4570
5537336,1.6000,1.4433
5537836,1.6000,1.4441
5538336,1.6000,1.4530
5538836,1.6000,1.4497
5539336,1.6000,1.4441
5539836,1.6000,1.4368
5540336,1.6000,1.4481
5540836,1.6000,1.4473
5541336,1.6000,1.4409
5541836,1.6000,1.4538
5542336,1.6000,1.4530
5542836,1.6000,1.4489
5543336,1.6000,1.4489
5543836,1.6000,1.4449
5544336,1.6000,1.4530
5544836,1.6000,1.4554
5545336,1.6000,1.4457
5545836,1.6000,1.4465
5546336,1.6000,1.4554
5546836,1.6000,1.4368
5547336,1.6000,1.4465
5547836,1.6000,1.4570
5548336,1.6000,1.4570
5548836,1.6000,1.4417
5549336,1.6000,1.4449
5549836,1.6000,1.4610
5550336,1.6000,1.4505
5550836,1.6000,1.4489
5551336,1.6000,1.4570
5551836,1.6000,1.4473
5552336,1.6000,1.4312
5552836,1.6000,1.4457
5553336,1.6000,1.4489
5553836,1.6000,1.4441
5554336,1.6000,1.4497
5554836,1.6000,1.4473
5555336,1.6000,1.4328
5555836,1.6000,1.4465
5556336,1.6000,1.4497
5556836,1.6000,1.4433
5557336,1.6000,1.4401
5557836,1.6000,1.4546
5558336,1.6000,1.4586
5558836,1.6000,1.4489
5559336,1.6000,1.4481
5559836,1.6000,1.4570
5560336,1.6000,1.4320
5560836,1.6000,1.4465
5561336,1.6000,1.4401
5561836,1.6000,1.4570
5562336,1.6000,1.4465
5562836,1.6000,1.4497
5563336,1.6000,1.4457
5563836,1.6000,1.4449
5564336,1.6000,1.4481
5564836,1.6000,1.4659
5565336,1.6000,1.4570
5565836,1.6000,1.4586
5566336,1.6000,1.4538
5566836,1.6000,1.4473
5567336,1.6000,1.4514
5567836,1.6000,1.4675
5568336,1.6000,1.4441
5568836,1.6000,1.4578
5569336,1.6000,1.4473
5569836,1.6000,1.4538
5570336,1.6000,1.4457
5570836,1.6000,1.4586
5571336,1.6000,1.4522
5571836,1.6000,1.4433
5572336,1.6000,1.4481
5572836,1.6000,1.4473
5573336,1.6000,1.4514
5573836,1.6000,1.4433
5574336,1.6000,1.4522
5574836,1.6000,1.4530
5575336,1.6000,1.4433
5575836,1.6000,1.4465
5576336,1.6000,1.4393
5576836,1.6000,1.4562
5577336,1.6000,1.4465
5577836,1.6000,1.4489
5578336,1.6000,1.4473
5578836,1.6000,1.4441
5579336,1.6000,1.4771
5579836,1.6000,1.4473
5580336,1.6000,1.4497
5580836,1.6000,1.4570
5581336,1.6000,1.4489
5581836,1.6000,1.4473
5582336,1.6000,1.4417
5582836,1.6000,1.4514
5583336,1.6000,1.4570
5583836,1.6000,1.4465
5584336,1.6000,1.4514
5584836,1.6000,1.4449
5585336,1.6000,1.4546
5585836,1.6000,1.4570
5586336,1.6000,1.4546
5586836,1.6000,1.4562
5587336,1.6000,1.4489
5587836,1.6000,1.4385
5588336,1.6000,1.4675
5588836,1.6000,1.4514
5589336,1.6000,1.4530
5589836,1.6000,1.4546
5590336,1.6000,1.4570
5590836,1.6000,1.4425
5591336,1.6000,1.4368
5591836,1.6000,1.4570
5592336,1.6000,1.4586
5592836,1.6000,1.4441
5593336,1.6000,1.4481
5593836,1.6000,1.4570
5594336,1.6000,1.4465
5594836,1.6000,1.4514
5595336,1.6000,1.4433
5595836,1.6000,1.4465
5596336,1.6000,1.4570
5596836,1.6000,1.4489
5597336,1.6000,1.4522
5597836,1.6000,1.4497
5598336,1.6000,1.4457
5598836,1.6000,1.4393
5599336,1.6000,1.4522
5599836,1.6000,1.4465
5600336,1.6000,1.4505
5600836,1.6000,1.4489
5601336,1.6000,1.4312
5601836,1.6000,1.4497
5602336,1.6000,1.4489
5602836,1.6000,1.4538
5603336,1.6000,1.4457
5603836,1.6000,1.4457
5604336,1.6000,1.4473
5604836,1.6000,1.4417
5605336,1.6000,1.4514
5605836,1.6000,1.4465
5606336,1.6000,1.4586
5606836,1.6000,1.4457
5607336,1.6000,1.4449
5607836,1.6000,1.4570
5608336,1.6000,1.4328
5608836,1.6000,1.4546
5609336,1.6000,1.4578
5609836,1.6000,1.4554
5610336,1.6000,1.4530
5610836,1.6000,1.4530
5611336,1.6000,1.4530
5611836,1.6000,1.4393
5612336,1.6000,1.4449
5612836,1.6000,1.4570
5613336,1.6000,1.4546
5613836,1.6000,1.4449
5614336,1.6000,1.4546
5614836,1.6000,1.4562
5615336,1.6000,1.4481
5615836,1.6000,1.4457
5616336,1.6000,1.4570
5616836,1.6000,1.4457
5617336,1.6000,1.4441
5617836,1.6000,1.4546
5618336,1.6000,1.4514
5618836,1.6000,1.4127
5619336,1.6000,1.4489
5619836,1.6000,1.4457
5620336,1.6000,1.4562
5620836,1.6000,1.4433
5621336,1.6000,1.4546
5621836,1.6000,1.4465
5622336,1.6000,1.4449
5622836,1.6000,1.4610
5623336,1.6000,1.4602
5623836,1.6000,1.4836
5624336,1.6000,1.4578
5624836,1.6000,1.4505
5625336,1.6000,1.4449
5625836,1.6000,1.4554
5626336,1.6000,1.4586
5626836,1.6000,1.4433
5627336,1.6000,1.4465
5627836,1.6000,1.4497
5628336,1.6000,1.4497
5628836,1.6000,1.4489
5629336,1.6000,1.4457
5629836,1.6000,1.4514
5630336,1.6000,1.4425
5630836,1.6000,1.4417
5631336,1.6000,1.4497
5631836,1.6000,1.4530
5632336,1.6000,1.4457
5632836,1.6000,1.4465
5633336,1.6000,1.4368
5633836,1.6000,1.4457
5634336,1.6000,1.4489
5634836,1.6000,1.4538
5635336,1.6000,1.4465
5635836,1.6000,1.4538
5636336,1.6000,1.4546
5636836,1.6000,1.4465
5637336,1.6000,1.4385
5637836,1.6000,1.4449
5638336,1.6000,1.4409
5638836,1.6000,1.4497
5639336,1.6000,1.4530
5639836,1.6000,1.4481
5640336,1.6000,1.4578
5640836,1.6000,1.4457
5641336,1.6000,1.4465
5641836,1.6000,1.4240
5642336,1.6000,1.4385
5642836,1.6000,1.4497
5643336,1.6000,1.4449
5643836,1.6000,1.4530
5644336,1.6000,1.4489
5644836,1.6000,1.4481
5645336,1.6000,1.4570
5645836,1.6000,1.4417
5646336,1.6000,1.4417
5646836,1.6000,1.4570
5647336,1.6000,1.4433
5647836,1.6000,1.4489
5648336,1.6000,1.4618
5648836,1.6000,1.4497
5649336,1.6000,1.4433
5649836,1.6000,1.4514
5650336,1.6000,1.4489
5650836,1.6000,1.4465
5651336,1.6000,1.4570
5651836,1.6000,1.4497
5652336,1.6000,1.4497
5652836,1.6000,1.4481
5653336,1.6000,1.4489
5653836,1.6000,1.4449
5654336,1.6000,1.4530
5654836,1.6000,1.4473
5655336,1.6000,1.4465
5655836,1.6000,1.4497
5656336,1.6000,1.4530
5656836,1.6000,1.4433
5657336,1.6000,1.4489
5657836,1.6000,1.4481
5658336,1.6000,1.4481
5658836,1.6000,1.4530
5659336,1.6000,1.4449
5659836,1.6000,1.4546
5660336,1.6000,1.4570
5660836,1.6000,1.4449
5661336,1.6000,1.4368
5661836,1.6000,1.4481
5662336,1.6000,1.4514
5662836,1.6000,1.4465
5663336,1.6000,1.4530
5663836,1.6000,1.4449
5664336,1.6000,1.4755
5664836,1.6000,1.4441
5665336,1.6000,1.4514
5665836,1.6000,1.4530
5666336,1.6000,1.4691
5666836,1.6000,1.4457
5667336,1.6000,1.4489
5667836,1.6000,1.4473
5668336,1.6000,1.4441
5668836,1.6000,1.4538
5669336,1.6000,1.4111
5669836,1.6000,1.4570
5670336,1.6000,1.4433
5670836,1.6000,1.4433
5671336,1.6000,1.4344
5671836,1.6000,1.4570
5672336,1.6000,1.4570
5672836,1.6000,1.4433
5673336,1.6000,1.4368
5673836,1.6000,1.4554
5674336,1.6000,1.4514
5674836,1.6000,1.4530
5675336,1.6000,1.4522
5675836,1.6000,1.4465
5676336,1.6000,1.4570
5676836,1.6000,1.4530
5677336,1.6000,1.4554
5677836,1.6000,1.4594
5678336,1.6000,1.4433
5678836,1.6000,1.4530
5679336,1.6000,1.4417
5679836,1.6000,1.4425
5680336,1.6000,1.4578
5680836,1.6000,1.4505
5681336,1.6000,1.4562
5681836,1.6000,1.4578
5682336,1.6000,1.4522
5682836,1.6000,1.4514
5683336,1.6000,1.4594
5683836,1.6000,1.4570
5684336,1.6000,1.4554
5684836,1.6000,1.4522
5685336,1.6000,1.4796
5685836,1.6000,1.4602
5686336,1.6000,1.4626
5686836,1.6000,1.4368
5687336,1.6000,1.4433
5687836,1.6000,1.4538
5688336,1.6000,1.4522
5688836,1.6000,1.4570
5689336,1.6000,1.4320
5689836,1.6000,1.4530
5690336,1.6000,1.4481
5690836,1.6000,1.4594
5691336,1.6000,1.4497
5691836,1.6000,1.4497
5692336,1.6000,1.4288
5692836,1.6000,1.4659
5693336,1.6000,1.4514
5693836,1.6000,1.4546
5694336,1.6000,1.4401
5694836,1.6000,1.4570
5695336,1.6000,1.4465
5695836,1.6000,1.4554
5696336,1.6000,1.4514
5696836,1.6000,1.4522
5697336,1.6000,1.4570
5697836,1.6000,1.4409
5698336,1.6000,1.4570
5698836,1.6000,1.4385
5699336,1.6000,1.4481
5699836,1.6000,1.4739
5700336,1.6000,1.4530
5700836,1.6000,1.4497
5701336,1.6000,1.4417
5701836,1.6000,1.4570
5702336,1.6000,1.4522
5702836,1.6000,1.4530
5703336,1.6000,1.4562
5703836,1.6000,1.4497
5704336,1.6000,1.4570
5704836,1.6000,1.4570
5705336,1.6000,1.4578
5705836,1.6000,1.4562
5706336,1.6000,1.4497
5706836,1.6000,1.4554
5707336,1.6000,1.4562
5707836,1.6000,1.4433
5708336,1.6000,1.4522
5708836,1.6000,1.4642
5709336,1.6000,1.4497
5709836,1.6000,1.4546
5710336,1.6000,1.4433
5710836,1.6000,1.4586
5711336,1.6000,1.4546
5711836,1.6000,1.4497
5712336,1.6000,1.4675
5712836,1.6000,1.4546
5713336,1.6000,1.4554
5713836,1.6000,1.4530
5714336,1.6000,1.4755
5714836,1.6000,1.4570
5715336,1.6000,1.4675
5715836,1.6000,1.4562
5716336,1.6000,1.4514
5716836,1.6000,1.4570
5717336,1.6000,1.4465
5717836,1.6000,1.4586
5718336,1.6000,1.4562
5718836,1.6000,1.4562
5719336,1.6000,1.4570
5719836,1.6000,1.4570
5720336,1.6000,1.4514
5720836,1.6000,1.4465
5721336,1.6000,1.4514
5721836,1.6000,1.4586
5722336,1.6000,1.4530
5722836,1.6000,1.4522
5723336,1.6000,1.4570
5723836,1.6000,1.4368
5724336,1.6000,1.4465
5724836,1.6000,1.4554
5725336,1.6000,1.4554
5725836,1.6000,1.4522
5726336,1.6000,1.4522
5726836,1.6000,1.4900
5727336,1.6000,1.4522
5727836,1.6000,1.4489
5728336,1.6000,1.4530
5728836,1.6000,1.4497
5729336,1.6000,1.4497
5729836,1.6000,1.4570
5730336,1.6000,1.4570
5730836,1.6000,1.4570
5731336,1.6000,1.4554
5731836,1.6000,1.4368
5732336,1.6000,1.4417
5732836,1.6000,1.4530
5733336,1.6000,1.4465
5733836,1.6000,1.4497
5734336,1.6000,1.4570
5734836,1.6000,1.4497
5735336,1.6000,1.4546
5735836,1.6000,1.4570
5736336,1.6000,1.4546
5736836,1.6000,1.4441
5737336,1.6000,1.4820
5737836,1.6000,1.4514
5738336,1.6000,1.4570
5738836,1.6000,1.4618
5739336,1.6000,1.4473
5739836,1.6000,1.4433
5740336,1.6000,1.4554
5740836,1.6000,1.4594
5741336,1.6000,1.4514
5741836,1.6000,1.4570
5742336,1.6000,1.4618
5742836,1.6000,1.4514
5743336,1.6000,1.4457
5743836,1.6000,1.4489
5744336,1.6000,1.4530
5744836,1.6000,1.4554
5745336,1.6000,1.4368
5745836,1.6000,1.4514
5746336,1.6000,1.4594
5746836,1.6000,1.4546
5747336,1.6000,1.4618
5747836,1.6000,1.4465
5748336,1.6000,1.4441
5748836,1.6000,1.4449
5749336,1.6000,1.4570
5749836,1.6000,1.4449
5750336,1.6000,1.4586
5750836,1.6000,1.4594
5751336,1.6000,1.4514
5751836,1.6000,1.4570
5752336,1.6000,1.4562
5752836,1.6000,1.4546
5753336,1.6000,1.4489
5753836,1.6000,1.4489
5754336,1.6000,1.4530
5754836,1.6000,1.4634
5755336,1.6000,1.4489
5755836,1.6000,1.4530
5756336,1.6000,1.4586
5756836,1.6000,1.4578
5757336,1.6000,1.4522
5757836,1.6000,1.4368
5758336,1.6000,1.4522
5758836,1.6000,1.4578
5759336,1.6000,1.4514
5759836,1.6000,1.4497
5760336,1.6000,1.4586
5760836,1.6000,1.4570
5761336,1.6000,1.4489
5761836,1.6000,1.4449
5762336,1.6000,1.4481
5762836,1.6000,1.4481
5763336,1.6000,1.4433
5763836,1.6000,1.4522
5764336,1.6000,1.4514
5764836,1.6000,1.4618
5765336,1.6000,1.4514
5765836,1.6000,1.4570
5766336,1.6000,1.4514
5766836,1.6000,1.4586
5767336,1.6000,1.4522
5767836,1.6000,1.4530
5768336,1.6000,1.4546
5768836,1.6000,1.4481
5769336,1.6000,1.4570
5769836,1.6000,1.4570
5770336,1.6000,1.4457
5770836,1.6000,1.4449
5771336,1.6000,1.4562
5771836,1.6000,1.4481
5772336,1.6000,1.4441
5772836,1.6000,1.4554
5773336,1.6000,1.4570
5773836,1.6000,1.4514
5774336,1.6000,1.4522
5774836,1.6000,1.4522
5775336,1.6000,1.4473
5775836,1.6000,1.4546
5776336,1.6000,1.4602
5776836,1.6000,1.4562
5777336,1.6000,1.4570
5777836,1.6000,1.4570
5778336,1.6000,1.4610
5778836,1.6000,1.4514
5779336,1.6000,1.4570
5779836,1.6000,1.4530
5780336,1.6000,1.4546
5780836,1.6000,1.4570
5781336,1.6000,1.4594
5781836,1.6000,1.4562
5782336,1.6000,1.4626
5782836,1.6000,1.4530
5783336,1.6000,1.4570
5783836,1.6000,1.4514
5784336,1.6000,1.4562
5784836,1.6000,1.4554
5785336,1.6000,1.4618
5785836,1.6000,1.4570
5786336,1.6000,1.4538
5786836,1.6000,1.4465
5787336,1.6000,1.4586
5787836,1.6000,1.4570
5788336,1.6000,1.4570
5788836,1.6000,1.4554
5789336,1.6000,1.4570
5789836,1.6000,1.4514
5790336,1.6000,1.4602
5790836,1.6000,1.4562
5791336,1.6000,1.4401
5791836,1.6000,1.4505
5792336,1.6000,1.4433
5792836,1.6000,1.4578
5793336,1.6000,1.4562
5793836,1.6000,1.4497
5794336,1.6000,1.4514
5794836,1.6000,1.4449
5795336,1.6000,1.4530
5795836,1.6000,1.4570
5796336,1.6000,1.4570
5796836,1.6000,1.4489
5797336,1.6000,1.4570
5797836,1.6000,1.4522
5798336,1.6000,1.4522
5798836,1.6000,1.4514
5799336,1.6000,1.4554
5799836,1.6000,1.4651
5800336,1.6000,1.4610
5800836,1.6000,1.4554
5801336,1.6000,1.4578
5801836,1.6000,1.4296
5802336,1.6000,1.4473
5802836,1.6000,1.4522
5803336,1.6000,1.4514
5803836,1.6000,1.4554
5804336,1.6000,1.4578
5804836,1.6000,1.4425
5805336,1.6000,1.4457
5805836,1.6000,1.4530
5806336,1.6000,1.4570
5806836,1.6000,1.4546
5807336,1.6000,1.4675
5807836,1.6000,1.4514
5808336,1.6000,1.4554
5808836,1.6000,1.4433
5809336,1.6000,1.4497
5809836,1.6000,1.4675
5810336,1.6000,1.4514
5810836,1.6000,1.4522
5811336,1.6000,1.4554
5811836,1.6000,1.4465
5812336,1.6000,1.4562
5812836,1.6000,1.4554
5813336,1.6000,1.4683
5813836,1.6000,1.4707
5814336,1.6000,1.4554
5814836,1.6000,1.4570
5815336,1.6000,1.4514
5815836,1.6000,1.4578
5816336,1.6000,1.4473
5816836,1.6000,1.4570
5817336,1.6000,1.4562
5817836,1.6000,1.4433
5818336,1.6000,1.4570
5818836,1.6000,1.4497
5819336,1.6000,1.4481
5819836,1.6000,1.4570
5820336,1.6000,1.4578
5820836,1.6000,1.4409
5821336,1.6000,1.4570
5821836,1.6000,1.4457
5822336,1.6000,1.4497
5822836,1.6000,1.4594
5823336,1.6000,1.4578
5823836,1.6000,1.4522
5824336,1.6000,1.4522
5824836,1.6000,1.4642
5825336,1.6000,1.4562
5825836,1.6000,1.4562
5826336,1.6000,1.4562
5826836,1.6000,1.4385
5827336,1.6000,1.4562
5827836,1.6000,1.4465
5828336,1.6000,1.4642
5828836,1.6000,1.4530
5829336,1.6000,1.4417
5829836,1.6000,1.4642
5830336,1.6000,1.4554
5830836,1.6000,1.4570
5831336,1.6000,1.4457
5831836,1.6000,1.4610
5832336,1.6000,1.4368
5832836,1.6000,1.4489
5833336,1.6000,1.4594
5833836,1.6000,1.4570
5834336,1.6000,1.4497
5834836,1.6000,1.4522
5835336,1.6000,1.4457
5835836,1.6000,1.4578
5836336,1.6000,1.4570
5836836,1.6000,1.4570
5837336,1.6000,1.4570
5837836,1.6000,1.4441
5838336,1.6000,1.4562
5838836,1.6000,1.4570
5839336,1.6000,1.4497
5839836,1.6000,1.4618
5840336,1.6000,1.4368
5840836,1.6000,1.4618
5841336,1.6000,1.4570
5841836,1.6000,1.4570
5842336,1.6000,1.4328
5842836,1.6000,1.4570
5843336,1.6000,1.4618
5843836,1.6000,1.4497
5844336,1.6000,1.4433
5844836,1.6000,1.4707
5845336,1.6000,1.4570
5845836,1.6000,1.4489
5846336,1.6000,1.4570
5846836,1.6000,1.4594
5847336,1.6000,1.4618
5847836,1.6000,1.4570
5848336,1.6000,1.4578
5848836,1.6000,1.4546
5849336,1.6000,1.4570
5849836,1.6000,1.4514
5850336,1.6000,1.4546
5850836,1.6000,1.4715
5851336,1.6000,1.4570
5851836,1.6000,1.4570
5852336,1.6000,1.4570
5852836,1.6000,1.4393
5853336,1.6000,1.4570
5853836,1.6000,1.4570
5854336,1.6000,1.4570
5854836,1.6000,1.4481
5855336,1.6000,1.4530
5855836,1.6000,1.4586
5856336,1.6000,1.4570
5856836,1.6000,1.4570
5857336,1.6000,1.4570
5857836,1.6000,1.4457
5858336,1.6000,1.4538
5858836,1.6000,1.4570
5859336,1.6000,1.4570
5859836,1.6000,1.4715
5860336,1.6000,1.4497
5860836,1.6000,1.4570
5861336,1.6000,1.4505
5861836,1.6000,1.4651
5862336,1.6000,1.4570
5862836,1.6000,1.4497
5863336,1.6000,1.4610
5863836,1.6000,1.4586
5864336,1.6000,1.4489
5864836,1.6000,1.4522
5865336,1.6000,1.4634
5865836,1.6000,1.4489
5866336,1.6000,1.4578
5866836,1.6000,1.4546
5867336,1.6000,1.4522
5867836,1.6000,1.4562
5868336,1.6000,1.4546
5868836,1.6000,1.4505
5869336,1.6000,1.4514
5869836,1.6000,1.4578
5870336,1.6000,1.4522
5870836,1.6000,1.4530
5871336,1.6000,1.4562
5871836,1.6000,1.4546
5872336,1.6000,1.4562
5872836,1.6000,1.4554
5873336,1.6000,1.4586
5873836,1.6000,1.4739
5874336,1.6000,1.4522
5874836,1.6000,1.4489
5875336,1.6000,1.4417
5875836,1.6000,1.4570
5876336,1.6000,1.4570
5876836,1.6000,1.4723
5877336,1.6000,1.4352
5877836,1.6000,1.4578
5878336,1.6000,1.4586
5878836,1.6000,1.4554
5879336,1.6000,1.4570
5879836,1.6000,1.4497
5880336,1.6000,1.4586
5880836,1.6000,1.4449
5881336,1.6000,1.4570
5881836,1.6000,1.4570
5882336,1.6000,1.4554
5882836,1.6000,1.4433
5883336,1.6000,1.4578
5883836,1.6000,1.4562
5884336,1.6000,1.4707
5884836,1.6000,1.4554
5885336,1.6000,1.4602
5885836,1.6000,1.4433
5886336,1.6000,1.4610
5886836,1.6000,1.4562
5887336,1.6000,1.4570
5887836,1.6000,1.4578
5888336,1.6000,1.4393
5888836,1.6000,1.4401
5889336,1.6000,1.4602
5889836,1.6000,1.4586
5890336,1.6000,1.4578
5890836,1.6000,1.4618
5891336,1.6000,1.4570
5891836,1.6000,1.4497
5892336,1.6000,1.4594
5892836,1.6000,1.4659
5893336,1.6000,1.4465
5893836,1.6000,1.4602
5894336,1.6000,1.4393
5894836,1.6000,1.4570
5895336,1.6000,1.4570
5895836,1.6000,1.4570
5896336,1.6000,1.4562
5896836,1.6000,1.4594
5897336,1.6000,1.4554
5897836,1.6000,1.4675
5898336,1.6000,1.4570
5898836,1.6000,1.4481
5899336,1.6000,1.4586
5899836,1.6000,1.4755
5900336,1.6000,1.4618
5900836,1.6000,1.4594
5901336,1.6000,1.4570
5901836,1.6000,1.4336
5902336,1.6000,1.4578
5902836,1.6000,1.4562
5903336,1.6000,1.4530
5903836,1.6000,1.4618
5904336,1.6000,1.4554
5904836,1.6000,1.4626
5905336,1.6000,1.4659
5905836,1.6000,1.4570
5906336,1.6000,1.4570
5906836,1.6000,1.4578
5907336,1.6000,1.4578
5907836,1.6000,1.4683
5908336,1.6000,1.4804
5908836,1.6000,1.4683
5909336,1.6000,1.4570
5909836,1.6000,1.4538
5910336,1.6000,1.4554
5910836,1.6000,1.4530
5911336,1.6000,1.4594
5911836,1.6000,1.4578
5912336,1.6000,1.4465
5912836,1.6000,1.4562
5913336,1.6000,1.4715
5913836,1.6000,1.4570
5914336,1.6000,1.4562
5914836,1.6000,1.4570
5915336,1.6000,1.4546
5915836,1.6000,1.4554
5916336,1.6000,1.4570
5916836,1.6000,1.4554
5917336,1.6000,1.4570
5917836,1.6000,1.4546
5918336,1.6000,1.4433
5918836,1.6000,1.4610
5919336,1.6000,1.4522
5919836,1.6000,1.4570
5920336,1.6000,1.4594
5920836,1.6000,1.4562
5921336,1.6000,1.4546
5921836,1.6000,1.4683
5922336,1.6000,1.4594
5922836,1.6000,1.4586
5923336,1.6000,1.4546
5923836,1.6000,1.4586
5924336,1.6000,1.4594
5924836,1.6000,1.4610
5925336,1.6000,1.4457
5925836,1.6000,1.4570
5926336,1.6000,1.4610
5926836,1.6000,1.4562
5927336,1.6000,1.4586
5927836,1.6000,1.4618
5928336,1.6000,1.4562
5928836,1.6000,1.4699
5929336,1.6000,1.4546
5929836,1.6000,1.4610
5930336,1.6000,1.4626
5930836,1.6000,1.4618
5931336,1.6000,1.4554
5931836,1.6000,1.4626
5932336,1.6000,1.4691
5932836,1.6000,1.4642
5933336,1.6000,1.4570
5933836,1.6000,1.4675
5934336,1.6000,1.4562
5934836,1.6000,1.4586
5935336,1.6000,1.4546
5935836,1.6000,1.4812
5936336,1.6000,1.4481
5936836,1.6000,1.4481
5937336,1.6000,1.4497
5937836,1.6000,1.4449
5938336,1.6000,1.4602
5938836,1.6000,1.4739
5939336,1.6000,1.4594
5939836,1.6000,1.4457
5940336,1.6000,1.4497
5940836,1.6000,1.4602
5941336,1.6000,1.4602
5941836,1.6000,1.4578
5942336,1.6000,1.4570
5942836,1.6000,1.4530
5943336,1.6000,1.4570
5943836,1.6000,1.4626
5944336,1.6000,1.4594
5944836,1.6000,1.4530
5945336,1.6000,1.4723
5945836,1.6000,1.4570
5946336,1.6000,1.4562
5946836,1.6000,1.4522
5947336,1.6000,1.4530
5947836,1.6000,1.4828
5948336,1.6000,1.4570
5948836,1.6000,1.4626
5949336,1.6000,1.4546
5949836,1.6000,1.4570
5950336,1.6000,1.4562
5950836,1.6000,1.4546
5951336,1.6000,1.4505
5951836,1.6000,1.4562
5952336,1.6000,1.4586
5952836,1.6000,1.4570
5953336,1.6000,1.4578
5953836,1.6000,1.4691
5954336,1.6000,1.4312
5954836,1.6000,1.4731
5955336,1.6000,1.4522
5955836,1.6000,1.4530
5956336,1.6000,1.4538
5956836,1.6000,1.4570
5957336,1.6000,1.4578
5957836,1.6000,1.4570
5958336,1.6000,1.4481
5958836,1.6000,1.4473
5959336,1.6000,1.4530
5959836,1.6000,1.4449
5960336,1.6000,1.4739
5960836,1.6000,1.4659
5961336,1.6000,1.4546
5961836,1.6000,1.4570
5962336,1.6000,1.4626
5962836,1.6000,1.4642
5963336,1.6000,1.4570
5963836,1.6000,1.4594
5964336,1.6000,1.4594
5964836,1.6000,1.4602
5965336,1.6000,1.4578
5965836,1.6000,1.4530
5966336,1.6000,1.4602
5966836,1.6000,1.4570
5967336,1.6000,1.4618
5967836,1.6000,1.4578
5968336,1.6000,1.4610
5968836,1.6000,1.4578
5969336,1.6000,1.4610
5969836,1.6000,1.4602
5970336,1.6000,1.4546
5970836,1.6000,1.4586
5971336,1.6000,1.4449
5971836,1.6000,1.4530
5972336,1.6000,1.4554
5972836,1.6000,1.4570
5973336,1.6000,1.4530
5973836,1.6000,1.4465
5974336,1.6000,1.4546
5974836,1.6000,1.4562
5975336,1.6000,1.4594
5975836,1.6000,1.4522
5976336,1.6000,1.4570
5976836,1.6000,1.4554
5977336,1.6000,1.4788
5977836,1.6000,1.4570
5978336,1.6000,1.4651
5978836,1.6000,1.4562
5979336,1.6000,1.4570
5979836,1.6000,1.4570
5980336,1.6000,1.4538
5980836,1.6000,1.4570
5981336,1.6000,1.4497
5981836,1.6000,1.4546
5982336,1.6000,1.4570
5982836,1.6000,1.4554
5983336,1.6000,1.4530
5983836,1.6000,1.4562
5984336,1.6000,1.4586
5984836,1.6000,1.4578
5985336,1.6000,1.4449
5985836,1.6000,1.4554
5986336,1.6000,1.4570
5986836,1.6000,1.4546
5987336,1.6000,1.4586
5987836,1.6000,1.4675
5988336,1.6000,1.4522
5988836,1.6000,1.4578
5989336,1.6000,1.4385
5989836,1.6000,1.4578
5990336,1.6000,1.4997
5990836,1.6000,1.4570
5991336,1.6000,1.4562
5991836,1.6000,1.4626
5992336,1.6000,1.4586
5992836,1.6000,1.4522
5993336,1.6000,1.4586
5993836,1.6000,1.4570
5994336,1.6000,1.4570
5994836,1.6000,1.4626
5995336,1.6000,1.4578
5995836,1.6000,1.4570
5996336,1.6000,1.4562
5996836,1.6000,1.4570
5997336,1.6000,1.4570
5997836,1.6000,1.4570
5998336,1.6000,1.4554
5998836,1.6000,1.4570
5999336,1.6000,1.4570
5999836,1.6000,1.4546
6000336,1.6000,1.4481
6000836,1.6000,1.4538
6001336,1.6000,1.4594
6001836,1.6000,1.4570
6002336,1.6000,1.4594
6002836,1.6000,1.4570
6003336,1.6000,1.4570
6003836,1.6000,1.4659
6004336,1.6000,1.4570
6004836,1.6000,1.4465
6005336,1.6000,1.4594
6005836,1.6000,1.4594
6006336,1.6000,1.4570
6006836,1.6000,1.4651
6007336,1.6000,1.4618
6007836,1.6000,1.4522
6008336,1.6000,1.4570
6008836,1.6000,1.4530
6009336,1.6000,1.4618
6009836,1.6000,1.4610
6010336,1.6000,1.4651
6010836,1.6000,1.4457
6011336,1.6000,1.4489
6011836,1.6000,1.4602
6012336,1.6000,1.4594
6012836,1.6000,1.4828
6013336,1.6000,1.4570
6013836,1.6000,1.4570
6014336,1.6000,1.4554
6014836,1.6000,1.4433
6015336,1.6000,1.4570
6015836,1.6000,1.4562
6016336,1.6000,1.4497
6016836,1.6000,1.4586
6017336,1.6000,1.4570
6017836,1.6000,1.4651
6018336,1.6000,1.4570
6018836,1.6000,1.4562
6019336,1.6000,1.4691
6019836,1.6000,1.4546
6020336,1.6000,1.4393
6020836,1.6000,1.4578
6021336,1.6000,1.4570
6021836,1.6000,1.4570
6022336,1.6000,1.4804
6022836,1.6000,1.4651
6023336,1.6000,1.4522
6023836,1.6000,1.4570
6024336,1.6000,1.4683
6024836,1.6000,1.4618
6025336,1.6000,1.4570
6025836,1.6000,1.4522
6026336,1.6000,1.4570
6026836,1.6000,1.4465
6027336,1.6000,1.4336
6027836,1.6000,1.4546
6028336,1.6000,1.4626
6028836,1.6000,1.4481
6029336,1.6000,1.4578
6029836,1.6000,1.4610
6030336,1.6000,1.4739
6030836,1.6000,1.4570
6031336,1.6000,1.4570
6031836,1.6000,1.4538
6032336,1.6000,1.4602
6032836,1.6000,1.4594
6033336,1.6000,1.4747
6033836,1.6000,1.4530
6034336,1.6000,1.4514
6034836,1.6000,1.4562
6035336,1.6000,1.4578
6035836,1.6000,1.4731
6036336,1.6000,1.4530
6036836,1.6000,1.4497
6037336,1.6000,1.4425
6037836,1.6000,1.4433
6038336,1.6000,1.4659
6038836,1.6000,1.4659
6039336,1.6000,1.4570
6039836,1.6000,1.4594
6040336,1.6000,1.4586
6040836,1.6000,1.4570
6041336,1.6000,1.4570
6041836,1.6000,1.4570
6042336,1.6000,1.4578
6042836,1.6000,1.4594
6043336,1.6000,1.4626
6043836,1.6000,1.4562
6044336,1.6000,1.4449
6044836,1.6000,1.4642
6045336,1.6000,1.4570
6045836,1.6000,1.4570
6046336,1.6000,1.4538
6046836,1.6000,1.4626
6047336,1.6000,1.4570
6047836,1.6000,1.4594
6048336,1.6000,1.4570
6048836,1.6000,1.4586
6049336,1.6000,1.4570
6049836,1.6000,1.4586
6050336,1.6000,1.4570
6050836,1.6000,1.4449
6051336,1.6000,1.4481
6051836,1.6000,1.4626
6052336,1.6000,1.4683
6052836,1.6000,1.4659
6053336,1.6000,1.4449
6053836,1.6000,1.4570
6054336,1.6000,1.4546
6054836,1.6000,1.4457
6055336,1.6000,1.4675
6055836,1.6000,1.4570
6056336,1.6000,1.4578
6056836,1.6000,1.4570
6057336,1.6000,1.4683
6057836,1.6000,1.4667
6058336,1.6000,1.4562
6058836,1.6000,1.4578
6059336,1.6000,1.4538
6059836,1.6000,1.4651
6060336,1.6000,1.4546
6060836,1.6000,1.4570
6061336,1.6000,1.4570
6061836,1.6000,1.4570
6062336,1.6000,1.4578
6062836,1.6000,1.4530
6063336,1.6000,1.4610
6063836,1.6000,1.4578
6064336,1.6000,1.4465
6064836,1.6000,1.4659
6065336,1.6000,1.4578
6065836,1.6000,1.4578
6066336,1.6000,1.4642
6066836,1.6000,1.4449
6067336,1.6000,1.4328
6067836,1.6000,1.4385
6068336,1.6000,1.4570
6068836,1.6000,1.4683
6069336,1.6000,1.4578
6069836,1.6000,1.4497
6070336,1.6000,1.4546
6070836,1.6000,1.4755
6071336,1.6000,1.4530
6071836,1.6000,1.4586
6072336,1.6000,1.4578
6072836,1.6000,1.4610
6073336,1.6000,1.4473
6073836,1.6000,1.4570
6074336,1.6000,1.4683
6074836,1.6000,1.4578
6075336,1.6000,1.4610
6075836,1.6000,1.4562
6076336,1.6000,1.4522
6076836,1.6000,1.4522
6077336,1.6000,1.4618
6077836,1.6000,1.4651
6078336,1.6000,1.4570
6078836,1.6000,1.4570
6079336,1.6000,1.4715
6079836,1.6000,1.4626
6080336,1.6000,1.4538
6080836,1.6000,1.4586
6081336,1.6000,1.4522
6081836,1.6000,1.4626
6082336,1.6000,1.4707
6082836,1.6000,1.4651
6083336,1.6000,1.4594
6083836,1.6000,1.4497
6084336,1.6000,1.4570
6084836,1.6000,1.4546
6085336,1.6000,1.4570
6085836,1.6000,1.4570
6086336,1.6000,1.4562
6086836,1.6000,1.4626
6087336,1.6000,1.4562
6087836,1.6000,1.4554
6088336,1.6000,1.4570
6088836,1.6000,1.4610
6089336,1.6000,1.4594
6089836,1.6000,1.4578
6090336,1.6000,1.4594
6090836,1.6000,1.4586
6091336,1.6000,1.4610
6091836,1.6000,1.4562
6092336,1.6000,1.4594
6092836,1.6000,1.4715
6093336,1.6000,1.4570
6093836,1.6000,1.4570
6094336,1.6000,1.4683
6094836,1.6000,1.4497
6095336,1.6000,1.4562
6095836,1.6000,1.4554
6096336,1.6000,1.4554
6096836,1.6000,1.4594
6097336,1.6000,1.4570
6097836,1.6000,1.4626
6098336,1.6000,1.4586
6098836,1.6000,1.4642
6099336,1.6000,1.4610
6099836,1.6000,1.4651
6100336,1.6000,1.4530
6100836,1.6000,1.4417
6101336,1.6000,1.4836
6101836,1.6000,1.4546
6102336,1.6000,1.4642
6102836,1.6000,1.4546
6103336,1.6000,1.4739
6103836,1.6000,1.4642
6104336,1.6000,1.4586
6104836,1.6000,1.4610
6105336,1.6000,1.4578
6105836,1.6000,1.4497
6106336,1.6000,1.4828
6106836,1.6000,1.4594
6107336,1.6000,1.4570
6107836,1.6000,1.4522
6108336,1.6000,1.4570
6108836,1.6000,1.4570
6109336,1.6000,1.4546
6109836,1.6000,1.4618
6110336,1.6000,1.4530
6110836,1.6000,1.4586
6111336,1.6000,1.4594
6111836,1.6000,1.4626
6112336,1.6000,1.4707
6112836,1.6000,1.4699
6113336,1.6000,1.4610
6113836,1.6000,1.4626
6114336,1.6000,1.4586
6114836,1.6000,1.4602
6115336,1.6000,1.4626
6115836,1.6000,1.4578
6116336,1.6000,1.4570
6116836,1.6000,1.4546
6117336,1.6000,1.4433
6117836,1.6000,1.4659
6118336,1.6000,1.4578
6118836,1.6000,1.4562
6119336,1.6000,1.4779
6119836,1.6000,1.4594
6120336,1.6000,1.4618
6120836,1.6000,1.4465
6121336,1.6000,1.4570
6121836,1.6000,1.4723
6122336,1.6000,1.4570
6122836,1.6000,1.4586
6123336,1.6000,1.4570
6123836,1.6000,1.4570
6124336,1.6000,1.4546
6124836,1.6000,1.4594
6125336,1.6000,1.4691
6125836,1.6000,1.4570
6126336,1.6000,1.4570
6126836,1.6000,1.4626
6127336,1.6000,1.4578
6127836,1.6000,1.4659
6128336,1.6000,1.4570
6128836,1.6000,1.4586
6129336,1.6000,1.4618
6129836,1.6000,1.4562
6130336,1.6000,1.4578
6130836,1.6000,1.4578
6131336,1.6000,1.4578
6131836,1.6000,1.4570
6132336,1.6000,1.4570
6132836,1.6000,1.4570
6133336,1.6000,1.4554
6133836,1.6000,1.4610
6134336,1.6000,1.4651
6134836,1.6000,1.4570
6135336,1.6000,1.4586
6135836,1.6000,1.4586
6136336,1.6000,1.4481
6136836,1.6000,1.4651
6137336,1.6000,1.4570
6137836,1.6000,1.4683
6138336,1.6000,1.4473
6138836,1.6000,1.4602
6139336,1.6000,1.4659
6139836,1.6000,1.4546
6140336,1.6000,1.4618
6140836,1.6000,1.4570
6141336,1.6000,1.4594
6141836,1.6000,1.4675
6142336,1.6000,1.4554
6142836,1.6000,1.4570
6143336,1.6000,1.4497
6143836,1.6000,1.4659
6144336,1.6000,1.4570
6144836,1.6000,1.4626
6145336,1.6000,1.4554
6145836,1.6000,1.4675
6146336,1.6000,1.4570
6146836,1.6000,1.4465
6147336,1.6000,1.4570
6147836,1.6000,1.4570
6148336,1.6000,1.4965
6148836,1.6000,1.4691
6149336,1.6000,1.4659
6149836,1.6000,1.4562
6150336,1.6000,1.4586
6150836,1.6000,1.4602
6151336,1.6000,1.4618
6151836,1.6000,1.4610
6152336,1.6000,1.4651
6152836,1.6000,1.4779
6153336,1.6000,1.4618
6153836,1.6000,1.4570
6154336,1.6000,1.4691
6154836,1.6000,1.4683
6155336,1.6000,1.4626
6155836,1.6000,1.4570
6156336,1.6000,1.4481
6156836,1.6000,1.4626
6157336,1.6000,1.4530
6157836,1.6000,1.4554
6158336,1.6000,1.4675
6158836,1.6000,1.4594
6159336,1.6000,1.4570
6159836,1.6000,1.4570
6160336,1.6000,1.4586
6160836,1.6000,1.4642
6161336,1.6000,1.4352
6161836,1.6000,1.4562
6162336,1.6000,1.4578
6162836,1.6000,1.4755
6163336,1.6000,1.4586
6163836,1.6000,1.4651
6164336,1.6000,1.4683
6164836,1.6000,1.4594
6165336,1.6000,1.4586
6165836,1.6000,1.4618
6166336,1.6000,1.4594
6166836,1.6000,1.4779
6167336,1.6000,1.4594
6167836,1.6000,1.4618
6168336,1.6000,1.4489
6168836,1.6000,1.4562
6169336,1.6000,1.4723
6169836,1.6000,1.4570
6170336,1.6000,1.4570
6170836,1.6000,1.4651
6171336,1.6000,1.4715
6171836,1.6000,1.4417
6172336,1.6000,1.4570
6172836,1.6000,1.4651
6173336,1.6000,1.4626
6173836,1.6000,1.4562
6174336,1.6000,1.4570
6174836,1.6000,1.4546
6175336,1.6000,1.4457
6175836,1.6000,1.4570
6176336,1.6000,1.4594
6176836,1.6000,1.4610
6177336,1.6000,1.4618
6177836,1.6000,1.4594
6178336,1.6000,1.4618
6178836,1.6000,1.4586
6179336,1.6000,1.4578
6179836,1.6000,1.4659
6180336,1.6000,1.4626
6180836,1.6000,1.4320
6181336,1.6000,1.4683
6181836,1.6000,1.4779
6182336,1.6000,1.4586
6182836,1.6000,1.4626
6183336,1.6000,1.4626
6183836,1.6000,1.4610
6184336,1.6000,1.4618
6184836,1.6000,1.4570
6185336,1.6000,1.4618
6185836,1.6000,1.4514
6186336,1.6000,1.4514
6186836,1.6000,1.4570
6187336,1.6000,1.4618
6187836,1.6000,1.4578
6188336,1.6000,1.4578
6188836,1.6000,1.4659
6189336,1.6000,1.4659
6189836,1.6000,1.4602
6190336,1.6000,1.4602
6190836,1.6000,1.4570
6191336,1.6000,1.4538
6191836,1.6000,1.4586
6192336,1.6000,1.4570
6192836,1.6000,1.4578
6193336,1.6000,1.4578
6193836,1.6000,1.4401
6194336,1.6000,1.4804
6194836,1.6000,1.4586
6195336,1.6000,1.4586
6195836,1.6000,1.4594
6196336,1.6000,1.4554
6196836,1.6000,1.4570
6197336,1.6000,1.4610
6197836,1.6000,1.4651
6198336,1.6000,1.4522
6198836,1.6000,1.4715
6199336,1.6000,1.4610
6199836,1.6000,1.4594
6200336,1.6000,1.4578
6200836,1.6000,1.4618
6201336,1.6000,1.4667
6201836,1.6000,1.4610
6202336,1.6000,1.4602
6202836,1.6000,1.4433
6203336,1.6000,1.4562
6203836,1.6000,1.4941
6204336,1.6000,1.4642
6204836,1.6000,1.4586
6205336,1.6000,1.4594
6205836,1.6000,1.4675
6206336,1.6000,1.4618
6206836,1.6000,1.4683
6207336,1.6000,1.4618
6207836,1.6000,1.4707
6208336,1.6000,1.4586
6208836,1.6000,1.4546
6209336,1.6000,1.4651
6209836,1.6000,1.4626
6210336,1.6000,1.4763
6210836,1.6000,1.4610
6211336,1.6000,1.4546
6211836,1.6000,1.4731
6212336,1.6000,1.4618
6212836,1.6000,1.4594
6213336,1.6000,1.4610
6213836,1.6000,1.4570
6214336,1.6000,1.4659
6214836,1.6000,1.4659
6215336,1.6000,1.4594
6215836,1.6000,1.4642
6216336,1.6000,1.4530
6216836,1.6000,1.4586
6217336,1.6000,1.4562
6217836,1.6000,1.4675
6218336,1.6000,1.4578
6218836,1.6000,1.4610
6219336,1.6000,1.4570
6219836,1.6000,1.4651
6220336,1.6000,1.4610
6220836,1.6000,1.4675
6221336,1.6000,1.4618
6221836,1.6000,1.4586
6222336,1.6000,1.4489
6222836,1.6000,1.4586
6223336,1.6000,1.4570
6223836,1.6000,1.4618
6224336,1.6000,1.4570
6224836,1.6000,1.4667
6225336,1.6000,1.4675
6225836,1.6000,1.4570
6226336,1.6000,1.4602
6226836,1.6000,1.4586
6227336,1.6000,1.4594
6227836,1.6000,1.4667
6228336,1.6000,1.4651
6228836,1.6000,1.4651
6229336,1.6000,1.4570
6229836,1.6000,1.4675
6230336,1.6000,1.4602
6230836,1.6000,1.4570
6231336,1.6000,1.4594
6231836,1.6000,1.4691
6232336,1.6000,1.4183
6232836,1.6000,1.4659
6233336,1.6000,1.4594
6233836,1.6000,1.4683
6234336,1.6000,1.4626
6234836,1.6000,1.4723
6235336,1.6000,1.4651
6235836,1.6000,1.4570
6236336,1.6000,1.4594
6236836,1.6000,1.4570
6237336,1.6000,1.4586
6237836,1.6000,1.4618
6238336,1.6000,1.4578
6238836,1.6000,1.4626
6239336,1.6000,1.4626
6239836,1.6000,1.4691
6240336,1.6000,1.4715
6240836,1.6000,1.4675
6241336,1.6000,1.4594
6241836,1.6000,1.4393
6242336,1.6000,1.4707
6242836,1.6000,1.4610
6243336,1.6000,1.4570
6243836,1.6000,1.4562
6244336,1.6000,1.4659
6244836,1.6000,1.4739
6245336,1.6000,1.4651
6245836,1.6000,1.4586
6246336,1.6000,1.4594
6246836,1.6000,1.4522
6247336,1.6000,1.4642
6247836,1.6000,1.4667
6248336,1.6000,1.4497
6248836,1.6000,1.4570
6249336,1.6000,1.4691
6249836,1.6000,1.4360
6250336,1.6000,1.4626
6250836,1.6000,1.4642
6251336,1.6000,1.4570
6251836,1.6000,1.4788
6252336,1.6000,1.4586
6252836,1.6000,1.4570
6253336,1.6000,1.4626
6253836,1.6000,1.4651
6254336,1.6000,1.4723
6254836,1.6000,1.4626
6255336,1.6000,1.4618
6255836,1.6000,1.4739
6256336,1.6000,1.4618
6256836,1.6000,1.4546
6257336,1.6000,1.4659
6257836,1.6000,1.4586
6258336,1.6000,1.4602
6258836,1.6000,1.4731
6259336,1.6000,1.4602
6259836,1.6000,1.4626
6260336,1.6000,1.4586
6260836,1.6000,1.4691
6261336,1.6000,1.4570
6261836,1.6000,1.4602
6262336,1.6000,1.4626
6262836,1.6000,1.4828
6263336,1.6000,1.4626
6263836,1.6000,1.4578
6264336,1.6000,1.4715
6264836,1.6000,1.4642
6265336,1.6000,1.4594
6265836,1.6000,1.4683
6266336,1.6000,1.4610
6266836,1.6000,1.4651
6267336,1.6000,1.4659
6267836,1.6000,1.4683
6268336,1.6000,1.4667
6268836,1.6000,1.4505
6269336,1.6000,1.4594
6269836,1.6000,1.4602
6270336,1.6000,1.4578
6270836,1.6000,1.4626
6271336,1.6000,1.4659
6271836,1.6000,1.4626
6272336,1.6000,1.4610
6272836,1.6000,1.4715
6273336,1.6000,1.4578
6273836,1.6000,1.4570
6274336,1.6000,1.4723
6274836,1.6000,1.4586
6275336,1.6000,1.4715
6275836,1.6000,1.4546
6276336,1.6000,1.4675
6276836,1.6000,1.4651
6277336,1.6000,1.4900
6277836,1.6000,1.4667
6278336,1.6000,1.4602
6278836,1.6000,1.4626
6279336,1.6000,1.4594
6279836,1.6000,1.4538
6280336,1.6000,1.4578
6280836,1.6000,1.4570
6281336,1.6000,1.4659
6281836,1.6000,1.4610
6282336,1.6000,1.4634
6282836,1.6000,1.4626
6283336,1.6000,1.4586
6283836,1.6000,1.4570
6284336,1.6000,1.4578
6284836,1.6000,1.4844
6285336,1.6000,1.4618
6285836,1.6000,1.4578
6286336,1.6000,1.4570
6286836,1.6000,1.4570
6287336,1.6000,1.4618
6287836,1.6000,1.4610
6288336,1.6000,1.4626
6288836,1.6000,1.4586
6289336,1.6000,1.4497
6289836,1.6000,1.4642
6290336,1.6000,1.4659
6290836,1.6000,1.4667
6291336,1.6000,1.4465
6291836,1.6000,1.4642
6292336,1.6000,1.4562
6292836,1.6000,1.4675
6293336,1.6000,1.4715
6293836,1.6000,1.4586
6294336,1.6000,1.4747
6294836,1.6000,1.4586
6295336,1.6000,1.4771
6295836,1.6000,1.4659
6296336,1.6000,1.4844
6296836,1.6000,1.4642
6297336,1.6000,1.4618
6297836,1.6000,1.4626
6298336,1.6000,1.4554
6298836,1.6000,1.4618
6299336,1.6000,1.4594
6299836,1.6000,1.4667
6300336,1.6000,1.4618
6300836,1.6000,1.4659
6301336,1.6000,1.4618
6301836,1.6000,1.4626
6302336,1.6000,1.4747
6302836,1.6000,1.4570
6303336,1.6000,1.4586
6303836,1.6000,1.4707
6304336,1.6000,1.4675
6304836,1.6000,1.4618
6305336,1.6000,1.4844
6305836,1.6000,1.4626
6306336,1.6000,1.4675
6306836,1.6000,1.4610
6307336,1.6000,1.4626
6307836,1.6000,1.4715
6308336,1.6000,1.4651
6308836,1.6000,1.4626
6309336,1.6000,1.4723
6309836,1.6000,1.4667
6310336,1.6000,1.4642
6310836,1.6000,1.4594
6311336,1.6000,1.4642
6311836,1.6000,1.4594
6312336,1.6000,1.4812
6312836,1.6000,1.4626
6313336,1.6000,1.4683
6313836,1.6000,1.4618
6314336,1.6000,1.4602
6314836,1.6000,1.4739
6315336,1.6000,1.4586
6315836,1.6000,1.4594
6316336,1.6000,1.4626
6316836,1.6000,1.4578
6317336,1.6000,1.4626
6317836,1.6000,1.4570
6318336,1.6000,1.4651
6318836,1.6000,1.4626
6319336,1.6000,1.4538
6319836,1.6000,1.4618
6320336,1.6000,1.4828
6320836,1.6000,1.4651
6321336,1.6000,1.4659
6321836,1.6000,1.4618
6322336,1.6000,1.4610
6322836,1.6000,1.4441
6323336,1.6000,1.4610
6323836,1.6000,1.4570
6324336,1.6000,1.4594
6324836,1.6000,1.4481
6325336,1.6000,1.4570
6325836,1.6000,1.4610
6326336,1.6000,1.4562
6326836,1.6000,1.4570
6327336,1.6000,1.4626
6327836,1.6000,1.4651
6328336,1.6000,1.4562
6328836,1.6000,1.4691
6329336,1.6000,1.4578
6329836,1.6000,1.4602
6330336,1.6000,1.4554
6330836,1.6000,1.4626
6331336,1.6000,1.4659
6331836,1.6000,1.4626
6332336,1.6000,1.4602
6332836,1.6000,1.4578
6333336,1.6000,1.4570
6333836,1.6000,1.4626
6334336,1.6000,1.4707
6334836,1.6000,1.4642
6335336,1.6000,1.4642
6335836,1.6000,1.4699
6336336,1.6000,1.4578
6336836,1.6000,1.4626
6337336,1.6000,1.4546
6337836,1.6000,1.4691
6338336,1.6000,1.4610
6338836,1.6000,1.4788
6339336,1.6000,1.4594
6339836,1.6000,1.4659
6340336,1.6000,1.4610
6340836,1.6000,1.4594
6341336,1.6000,1.4594
6341836,1.6000,1.4586
6342336,1.6000,1.4602
6342836,1.6000,1.4586
6343336,1.6000,1.4602
6343836,1.6000,1.4683
6344336,1.6000,1.4594
6344836,1.6000,1.4578
6345336,1.6000,1.4642
6345836,1.6000,1.4594
6346336,1.6000,1.4651
6346836,1.6000,1.4618
6347336,1.6000,1.4634
6347836,1.6000,1.4586
6348336,1.6000,1.4651
6348836,1.6000,1.4659
6349336,1.6000,1.4570
6349836,1.6000,1.4707
6350336,1.6000,1.4610
6350836,1.6000,1.4626
6351336,1.6000,1.4659
6351836,1.6000,1.4675
6352336,1.6000,1.4626
6352836,1.6000,1.4691
6353336,1.6000,1.4731
6353836,1.6000,1.4634
6354336,1.6000,1.4570
6354836,1.6000,1.4570
6355336,1.6000,1.4634
6355836,1.6000,1.4683
6356336,1.6000,1.4522
6356836,1.6000,1.4691
6357336,1.6000,1.4570
6357836,1.6000,1.4667
6358336,1.6000,1.4860
6358836,1.6000,1.4747
6359336,1.6000,1.4747
6359836,1.6000,1.4691
6360336,1.6000,1.4739
6360836,1.6000,1.4602
6361336,1.6000,1.4562
6361836,1.6000,1.4618
6362336,1.6000,1.4594
6362836,1.6000,1.4779
6363336,1.6000,1.4594
6363836,1.6000,1.4610
6364336,1.6000,1.4691
6364836,1.6000,1.4659
6365336,1.6000,1.4594
6365836,1.6000,1.4618
6366336,1.6000,1.4610
6366836,1.6000,1.4610
6367336,1.6000,1.4683
6367836,1.6000,1.4642
6368336,1.6000,1.4699
6368836,1.6000,1.4546
6369336,1.6000,1.4602
6369836,1.6000,1.4586
6370336,1.6000,1.4642
6370836,1.6000,1.4594
6371336,1.6000,1.4586
6371836,1.6000,1.4707
6372336,1.6000,1.4683
6372836,1.6000,1.4626
6373336,1.6000,1.4626
6373836,1.6000,1.4578
6374336,1.6000,1.4900
6374836,1.6000,1.4941
6375336,1.6000,1.4626
6375836,1.6000,1.4570
6376336,1.6000,1.4651
6376836,1.6000,1.4586
6377336,1.6000,1.4642
6377836,1.6000,1.4618
6378336,1.6000,1.4626
6378836,1.6000,1.4578
6379336,1.6000,1.4626
6379836,1.6000,1.4868
6380336,1.6000,1.4642
6380836,1.6000,1.4642
6381336,1.6000,1.4715
6381836,1.6000,1.4651
6382336,1.6000,1.4578
6382836,1.6000,1.4481
6383336,1.6000,1.4659
6383836,1.6000,1.4691
6384336,1.6000,1.4562
6384836,1.6000,1.4570
6385336,1.6000,1.4659
6385836,1.6000,1.4828
6386336,1.6000,1.4659
6386836,1.6000,1.4626
6387336,1.6000,1.4586
6387836,1.6000,1.4651
6388336,1.6000,1.4651
6388836,1.6000,1.4570
6389336,1.6000,1.4675
6389836,1.6000,1.4642
6390336,1.6000,1.4594
6390836,1.6000,1.4634
6391336,1.6000,1.4578
6391836,1.6000,1.4578
6392336,1.6000,1.4675
6392836,1.6000,1.4691
6393336,1.6000,1.4723
6393836,1.6000,1.4642
6394336,1.6000,1.4497
6394836,1.6000,1.4570
6395336,1.6000,1.4586
6395836,1.6000,1.4570
6396336,1.6000,1.4570
6396836,1.6000,1.4659
6397336,1.6000,1.4626
6397836,1.6000,1.4659
6398336,1.6000,1.4683
6398836,1.6000,1.4489
6399336,1.6000,1.4594
6399836,1.6000,1.4514
6400336,1.6000,1.4578
6400836,1.6000,1.4610
6401336,1.6000,1.4844
6401836,1.6000,1.4578
6402336,1.6000,1.4659
6402836,1.6000,1.4739
6403336,1.6000,1.4618
6403836,1.6000,1.4546
6404336,1.6000,1.4626
6404836,1.6000,1.4707
6405336,1.6000,1.4659
6405836,1.6000,1.4659
6406336,1.6000,1.4546
6406836,1.6000,1.4578
6407336,1.6000,1.4651
6407836,1.6000,1.4675
6408336,1.6000,1.4626
6408836,1.6000,1.4618
6409336,1.6000,1.4779
6409836,1.6000,1.4723
6410336,1.6000,1.4393
6410836,1.6000,1.4610
6411336,1.6000,1.4723
6411836,1.6000,1.4699
6412336,1.6000,1.4570
6412836,1.6000,1.4659
6413336,1.6000,1.4578
6413836,1.6000,1.4747
6414336,1.6000,1.4715
6414836,1.6000,1.4570
6415336,1.6000,1.4957
6415836,1.6000,1.4683
6416336,1.6000,1.4691
6416836,1.6000,1.4626
6417336,1.6000,1.4473
6417836,1.6000,1.4715
6418336,1.6000,1.4578
6418836,1.6000,1.4691
6419336,1.6000,1.4618
6419836,1.6000,1.4594
6420336,1.6000,1.4667
6420836,1.6000,1.4570
6421336,1.6000,1.4973
6421836,1.6000,1.4691
6422336,1.6000,1.4812
6422836,1.6000,1.4675
6423336,1.6000,1.4642
6423836,1.6000,1.4570
6424336,1.6000,1.4739
6424836,1.6000,1.4699
6425336,1.6000,1.4747
6425836,1.6000,1.4634
6426336,1.6000,1.4618
6426836,1.6000,1.4570
6427336,1.6000,1.4731
6427836,1.6000,1.4642
6428336,1.6000,1.4610
6428836,1.6000,1.4675
6429336,1.6000,1.4675
6429836,1.6000,1.4828
6430336,1.6000,1.4788
6430836,1.6000,1.4642
6431336,1.6000,1.4675
6431836,1.6000,1.4659
6432336,1.6000,1.4642
6432836,1.6000,1.4570
6433336,1.6000,1.4642
6433836,1.6000,1.4546
6434336,1.6000,1.4659
6434836,1.6000,1.4441
6435336,1.6000,1.4618
6435836,1.6000,1.4651
6436336,1.6000,1.4723
6436836,1.6000,1.4683
6437336,1.6000,1.4594
6437836,1.6000,1.4675
6438336,1.6000,1.4618
6438836,1.6000,1.4699
6439336,1.6000,1.4828
6439836,1.6000,1.4683
6440336,1.6000,1.4707
6440836,1.6000,1.4610
6441336,1.6000,1.4836
6441836,1.6000,1.4699
6442336,1.6000,1.4675
6442836,1.6000,1.4626
6443336,1.6000,1.4699
6443836,1.6000,1.4586
6444336,1.6000,1.4586
6444836,1.6000,1.4925
6445336,1.6000,1.4651
6445836,1.6000,1.4715
6446336,1.6000,1.4667
6446836,1.6000,1.4642
6447336,1.6000,1.4618
6447836,1.6000,1.4626
6448336,1.6000,1.4578
6448836,1.6000,1.4570
6449336,1.6000,1.4626
6449836,1.6000,1.4715
6450336,1.6000,1.4675
6450836,1.6000,1.4659
6451336,1.6000,1.4642
6451836,1.6000,1.4610
6452336,1.6000,1.4683
6452836,1.6000,1.4618
6453336,1.6000,1.4570
6453836,1.6000,1.4828
6454336,1.6000,1.4594
6454836,1.6000,1.4554
6455336,1.6000,1.4675
6455836,1.6000,1.4675
6456336,1.6000,1.4570
6456836,1.6000,1.4626
6457336,1.6000,1.4602
6457836,1.6000,1.4570
6458336,1.6000,1.4675
6458836,1.6000,1.4618
6459336,1.6000,1.4691
6459836,1.6000,1.4570
6460336,1.6000,1.4651
6460836,1.6000,1.4788
6461336,1.6000,1.4675
6461836,1.6000,1.4586
6462336,1.6000,1.4634
6462836,1.6000,1.4642
6463336,1.6000,1.4659
6463836,1.6000,1.4618
6464336,1.6000,1.4554
6464836,1.6000,1.4651
6465336,1.6000,1.4683
6465836,1.6000,1.4651
6466336,1.6000,1.4473
6466836,1.6000,1.4675
6467336,1.6000,1.4651
6467836,1.6000,1.4723
6468336,1.6000,1.4715
6468836,1.6000,1.4651
6469336,1.6000,1.4691
6469836,1.6000,1.4747
6470336,1.6000,1.4739
6470836,1.6000,1.4618
6471336,1.6000,1.4659
6471836,1.6000,1.4626
6472336,1.6000,1.4844
6472836,1.6000,1.4651
6473336,1.6000,1.4723
6473836,1.6000,1.4683
6474336,1.6000,1.4667
6474836,1.6000,1.4570
6475336,1.6000,1.4779
6475836,1.6000,1.4642
6476336,1.6000,1.4594
6476836,1.6000,1.4554
6477336,1.6000,1.4691
6477836,1.6000,1.4618
6478336,1.6000,1.4691
6478836,1.6000,1.4659
6479336,1.6000,1.4707
6479836,1.6000,1.4707
6480336,1.6000,1.4651
6480836,1.6000,1.4651
6481336,1.6000,1.4659
6481836,1.6000,1.4651
6482336,1.6000,1.4707
6482836,1.6000,1.4828
6483336,1.6000,1.4731
6483836,1.6000,1.4642
6484336,1.6000,1.4586
6484836,1.6000,1.4715
6485336,1.6000,1.4626
6485836,1.6000,1.4739
6486336,1.6000,1.4465
6486836,1.6000,1.4586
6487336,1.6000,1.4642
6487836,1.6000,1.4659
6488336,1.6000,1.4691
6488836,1.6000,1.4610
6489336,1.6000,1.4683
6489836,1.6000,1.4675
6490336,1.6000,1.4804
6490836,1.6000,1.4586
6491336,1.6000,1.4755
6491836,1.6000,1.4715
6492336,1.6000,1.4723
6492836,1.6000,1.4739
6493336,1.6000,1.4586
6493836,1.6000,1.4739
6494336,1.6000,1.4578
6494836,1.6000,1.4626
6495336,1.6000,1.4602
6495836,1.6000,1.4844
6496336,1.6000,1.4586
6496836,1.6000,1.4441
6497336,1.6000,1.4683
6497836,1.6000,1.4610
6498336,1.6000,1.4739
6498836,1.6000,1.4594
6499336,1.6000,1.4618
6499836,1.6000,1.4691
6500336,1.6000,1.4683
6500836,1.6000,1.4828
6501336,1.6000,1.4618
6501836,1.6000,1.4755
6502336,1.6000,1.4675
6502836,1.6000,1.4747
6503336,1.6000,1.4715
6503836,1.6000,1.4610
6504336,1.6000,1.4667
6504836,1.6000,1.4626
6505336,1.6000,1.4691
6505836,1.6000,1.4651
6506336,1.6000,1.4715
6506836,1.6000,1.4360
6507336,1.6000,1.4659
6507836,1.6000,1.4626
6508336,1.6000,1.4691
6508836,1.6000,1.4594
6509336,1.6000,1.4626
6509836,1.6000,1.4699
6510336,1.6000,1.4618
6510836,1.6000,1.4602
6511336,1.6000,1.4691
6511836,1.6000,1.4828
6512336,1.6000,1.4788
6512836,1.6000,1.4788
6513336,1.6000,1.4618
6513836,1.6000,1.4949
6514336,1.6000,1.4691
6514836,1.6000,1.4779
6515336,1.6000,1.4675
6515836,1.6000,1.4691
6516336,1.6000,1.4626
6516836,1.6000,1.4626
6517336,1.6000,1.4707
6517836,1.6000,1.4651
6518336,1.6000,1.4723
6518836,1.6000,1.4812
6519336,1.6000,1.4755
6519836,1.6000,1.4401
6520336,1.6000,1.4626
6520836,1.6000,1.4433
6521336,1.6000,1.4828
6521836,1.6000,1.4715
6522336,1.6000,1.4618
6522836,1.6000,1.4731
6523336,1.6000,1.4683
6523836,1.6000,1.4707
6524336,1.6000,1.4699
6524836,1.6000,1.4675
6525336,1.6000,1.4707
6525836,1.6000,1.4626
6526336,1.6000,1.4659
6526836,1.6000,1.4796
6527336,1.6000,1.4771
6527836,1.6000,1.4602
6528336,1.6000,1.4812
6528836,1.6000,1.4691
6529336,1.6000,1.4699
6529836,1.6000,1.4691
6530336,1.6000,1.4723
6530836,1.6000,1.4618
6531336,1.6000,1.4747
6531836,1.6000,1.4675
6532336,1.6000,1.4651
6532836,1.6000,1.4683
6533336,1.6000,1.4626
6533836,1.6000,1.4659
6534336,1.6000,1.4659
6534836,1.6000,1.4707
6535336,1.6000,1.4667
6535836,1.6000,1.4820
6536336,1.6000,1.4788
6536836,1.6000,1.4699
6537336,1.6000,1.4651
6537836,1.6000,1.4699
6538336,1.6000,1.4642
6538836,1.6000,1.4675
6539336,1.6000,1.4715
6539836,1.6000,1.4796
6540336,1.6000,1.4610
6540836,1.6000,1.4683
6541336,1.6000,1.4747
6541836,1.6000,1.4659
6542336,1.6000,1.4651
6542836,1.6000,1.4618
6543336,1.6000,1.4723
6543836,1.6000,1.4570
6544336,1.6000,1.4642
6544836,1.6000,1.4675
6545336,1.6000,1.4659
6545836,1.6000,1.4699
6546336,1.6000,1.4594
6546836,1.6000,1.4675
6547336,1.6000,1.4723
6547836,1.6000,1.4659
6548336,1.6000,1.4554
6548836,1.6000,1.4884
6549336,1.6000,1.4699
6549836,1.6000,1.4578
6550336,1.6000,1.4828
6550836,1.6000,1.4618
6551336,1.6000,1.4755
6551836,1.6000,1.4739
6552336,1.6000,1.4699
6552836,1.6000,1.4659
6553336,1.6000,1.4626
6553836,1.6000,1.4747
6554336,1.6000,1.4659
6554836,1.6000,1.4433
6555336,1.6000,1.4675
6555836,1.6000,1.4739
6556336,1.6000,1.4659
6556836,1.6000,1.4618
6557336,1.6000,1.4723
6557836,1.6000,1.4691
6558336,1.6000,1.4747
6558836,1.6000,1.4868
6559336,1.6000,1.4739
6559836,1.6000,1.4691
6560336,1.6000,1.4651
6560836,1.6000,1.4675
6561336,1.6000,1.4578
6561836,1.6000,1.4715
6562336,1.6000,1.4739
6562836,1.6000,1.4683
6563336,1.6000,1.4626
6563836,1.6000,1.4626
6564336,1.6000,1.4610
6564836,1.6000,1.4626
6565336,1.6000,1.4715
6565836,1.6000,1.4610
6566336,1.6000,1.4747
6566836,1.6000,1.4578
6567336,1.6000,1.4699
6567836,1.6000,1.4691
6568336,1.6000,1.4804
6568836,1.6000,1.4739
6569336,1.6000,1.4683
6569836,1.6000,1.4771
6570336,1.6000,1.4779
6570836,1.6000,1.4755
6571336,1.6000,1.4933
6571836,1.6000,1.4860
6572336,1.6000,1.4610
6572836,1.6000,1.4683
6573336,1.6000,1.4642
6573836,1.6000,1.4683
6574336,1.6000,1.4659
6574836,1.6000,1.4659
6575336,1.6000,1.4570
6575836,1.6000,1.4594
6576336,1.6000,1.4691
6576836,1.6000,1.4642
6577336,1.6000,1.4610
6577836,1.6000,1.4699
6578336,1.6000,1.4610
6578836,1.6000,1.4618
6579336,1.6000,1.4812
6579836,1.6000,1.4675
6580336,1.6000,1.4626
6580836,1.6000,1.4618
6581336,1.6000,1.4804
6581836,1.6000,1.4715
6582336,1.6000,1.4699
6582836,1.6000,1.4707
6583336,1.6000,1.4747
6583836,1.6000,1.4828
6584336,1.6000,1.4602
6584836,1.6000,1.4651
6585336,1.6000,1.4683
6585836,1.6000,1.4755
6586336,1.6000,1.4667
6586836,1.6000,1.4659
6587336,1.6000,1.4691
6587836,1.6000,1.4691
6588336,1.6000,1.4570
6588836,1.6000,1.4715
6589336,1.6000,1.4796
6589836,1.6000,1.4659
6590336,1.6000,1.4675
6590836,1.6000,1.4570
6591336,1.6000,1.4667
6591836,1.6000,1.4683
6592336,1.6000,1.4941
6592836,1.6000,1.4747
6593336,1.6000,1.4683
6593836,1.6000,1.4699
6594336,1.6000,1.4683
6594836,1.6000,1.4683
6595336,1.6000,1.4723
6595836,1.6000,1.4651
6596336,1.6000,1.4755
6596836,1.6000,1.4659
6597336,1.6000,1.4739
6597836,1.6000,1.4642
6598336,1.6000,1.4715
6598836,1.6000,1.4602
6599336,1.6000,1.4828
6599836,1.6000,1.4699
6600336,1.6000,1.4747
6600836,1.6000,1.4723
6601336,1.6000,1.4820
6601836,1.6000,1.4723
6602336,1.6000,1.4651
6602836,1.6000,1.4699
6603336,1.6000,1.4691
6603836,1.6000,1.4626
6604336,1.6000,1.4788
6604836,1.6000,1.4626
6605336,1.6000,1.4683
6605836,1.6000,1.4675
6606336,1.6000,1.4707
6606836,1.6000,1.4707
6607336,1.6000,1.4836
6607836,1.6000,1.4449
6608336,1.6000,1.4715
6608836,1.6000,1.4570
6609336,1.6000,1.4610
6609836,1.6000,1.4755
6610336,1.6000,1.4723
6610836,1.6000,1.4788
6611336,1.6000,1.4771
6611836,1.6000,1.4651
6612336,1.6000,1.4691
6612836,1.6000,1.4675
6613336,1.6000,1.4715
6613836,1.6000,1.4675
6614336,1.6000,1.4723
6614836,1.6000,1.4626
6615336,1.6000,1.4546
6615836,1.6000,1.4683
6616336,1.6000,1.4699
6616836,1.6000,1.4554
6617336,1.6000,1.4594
6617836,1.6000,1.4707
6618336,1.6000,1.4667
6618836,1.6000,1.4779
6619336,1.6000,1.4715
6619836,1.6000,1.4667
6620336,1.6000,1.4715
6620836,1.6000,1.4683
6621336,1.6000,1.4659
6621836,1.6000,1.4723
6622336,1.6000,1.4771
6622836,1.6000,1.4779
6623336,1.6000,1.4570
6623836,1.6000,1.4715
6624336,1.6000,1.4788
6624836,1.6000,1.4699
6625336,1.6000,1.4570
6625836,1.6000,1.4610
6626336,1.6000,1.4667
6626836,1.6000,1.4667
6627336,1.6000,1.4602
6627836,1.6000,1.4626
6628336,1.6000,1.4707
6628836,1.6000,1.4884
6629336,1.6000,1.4699
6629836,1.6000,1.4626
6630336,1.6000,1.4691
6630836,1.6000,1.4755
6631336,1.6000,1.4642
6631836,1.6000,1.4457
6632336,1.6000,1.4659
6632836,1.6000,1.4715
6633336,1.6000,1.4779
6633836,1.6000,1.4723
6634336,1.6000,1.4626
6634836,1.6000,1.4731
6635336,1.6000,1.4779
6635836,1.6000,1.4739
6636336,1.6000,1.4651
6636836,1.6000,1.4691
6637336,1.6000,1.4723
6637836,1.6000,1.4828
6638336,1.6000,1.4626
6638836,1.6000,1.4691
6639336,1.6000,1.4868
6639836,1.6000,1.4667
6640336,1.6000,1.4626
6640836,1.6000,1.4683
6641336,1.6000,1.4852
6641836,1.6000,1.4659
6642336,1.6000,1.4683
6642836,1.6000,1.4699
6643336,1.6000,1.4659
6643836,1.6000,1.4715
6644336,1.6000,1.4618
6644836,1.6000,1.4659
6645336,1.6000,1.4691
6645836,1.6000,1.4804
6646336,1.6000,1.4804
6646836,1.6000,1.4594
6647336,1.6000,1.4659
6647836,1.6000,1.4626
6648336,1.6000,1.4667
6648836,1.6000,1.4578
6649336,1.6000,1.4659
6649836,1.6000,1.4699
6650336,1.6000,1.4723
6650836,1.6000,1.4642
6651336,1.6000,1.4683
6651836,1.6000,1.4707
6652336,1.6000,1.4723
6652836,1.6000,1.4715
6653336,1.6000,1.4699
6653836,1.6000,1.4779
6654336,1.6000,1.4691
6654836,1.6000,1.4683
6655336,1.6000,1.4642
6655836,1.6000,1.4707
6656336,1.6000,1.4771
6656836,1.6000,1.4570
6657336,1.6000,1.4747
6657836,1.6000,1.4731
6658336,1.6000,1.4691
6658836,1.6000,1.4683
6659336,1.6000,1.4723
6659836,1.6000,1.4755
6660336,1.6000,1.4723
6660836,1.6000,1.4683
6661336,1.6000,1.4812
6661836,1.6000,1.4554
6662336,1.6000,1.4642
6662836,1.6000,1.4691
6663336,1.6000,1.4634
6663836,1.6000,1.4836
6664336,1.6000,1.4626
6664836,1.6000,1.4707
6665336,1.6000,1.4683
6665836,1.6000,1.4651
6666336,1.6000,1.4570
6666836,1.6000,1.4747
6667336,1.6000,1.4683
6667836,1.6000,1.4683
6668336,1.6000,1.4715
6668836,1.6000,1.4755
6669336,1.6000,1.4739
6669836,1.6000,1.4788
6670336,1.6000,1.4667
6670836,1.6000,1.4755
6671336,1.6000,1.4828
6671836,1.6000,1.4675
6672336,1.6000,1.4667
6672836,1.6000,1.4691
6673336,1.6000,1.4562
6673836,1.6000,1.4659
6674336,1.6000,1.4675
6674836,1.6000,1.4723
6675336,1.6000,1.4715
6675836,1.6000,1.4659
6676336,1.6000,1.4779
6676836,1.6000,1.4675
6677336,1.6000,1.4626
6677836,1.6000,1.4570
6678336,1.6000,1.4788
6678836,1.6000,1.4771
6679336,1.6000,1.4812
6679836,1.6000,1.4715
6680336,1.6000,1.4691
6680836,1.6000,1.4820
6681336,1.6000,1.4570
6681836,1.6000,1.4779
6682336,1.6000,1.4699
6682836,1.6000,1.4771
6683336,1.6000,1.4715
6683836,1.6000,1.4796
6684336,1.6000,1.4715
6684836,1.6000,1.4723
6685336,1.6000,1.4836
6685836,1.6000,1.4812
6686336,1.6000,1.4731
6686836,1.6000,1.4852
6687336,1.6000,1.4723
6687836,1.6000,1.4788
6688336,1.6000,1.4675
6688836,1.6000,1.4659
6689336,1.6000,1.4796
6689836,1.6000,1.4763
6690336,1.6000,1.4747
6690836,1.6000,1.4949
6691336,1.6000,1.4739
6691836,1.6000,1.4667
6692336,1.6000,1.4659
6692836,1.6000,1.4586
6693336,1.6000,1.4699
6693836,1.6000,1.4739
6694336,1.6000,1.4916
6694836,1.6000,1.4828
6695336,1.6000,1.4731
6695836,1.6000,1.4731
6696336,1.6000,1.4594
6696836,1.6000,1.4699
6697336,1.6000,1.4707
6697836,1.6000,1.4739
6698336,1.6000,1.4675
6698836,1.6000,1.4723
6699336,1.6000,1.4707
6699836,1.6000,1.4570
6700336,1.6000,1.4828
6700836,1.6000,1.4747
6701336,1.6000,1.4691
6701836,1.6000,1.4675
6702336,1.6000,1.4739
6702836,1.6000,1.4715
6703336,1.6000,1.4586
6703836,1.6000,1.4949
6704336,1.6000,1.4723
6704836,1.6000,1.4449
6705336,1.6000,1.4675
6705836,1.6000,1.4828
6706336,1.6000,1.4739
6706836,1.6000,1.4683
6707336,1.6000,1.4699
6707836,1.6000,1.4715
6708336,1.6000,1.5053
6708836,1.6000,1.4747
6709336,1.6000,1.4771
6709836,1.6000,1.4933
6710336,1.6000,1.4699
6710836,1.6000,1.4675
6711336,1.6000,1.4804
6711836,1.6000,1.4715
6712336,1.6000,1.4812
6712836,1.6000,1.4771
6713336,1.6000,1.4739
6713836,1.6000,1.4860
6714336,1.6000,1.4844
6714836,1.6000,1.4771
6715336,1.6000,1.4683
6715836,1.6000,1.4715
6716336,1.6000,1.4779
6716836,1.6000,1.4779
6717336,1.6000,1.4739
6717836,1.6000,1.4570
6718336,1.6000,1.4739
6718836,1.6000,1.4755
6719336,1.6000,1.4651
6719836,1.6000,1.4933
6720336,1.6000,1.4683
6720836,1.6000,1.4683
6721336,1.6000,1.4699
6721836,1.6000,1.4828
6722336,1.6000,1.4884
6722836,1.6000,1.4779
6723336,1.6000,1.4707
6723836,1.6000,1.4691
6724336,1.6000,1.4828
6724836,1.6000,1.4594
6725336,1.6000,1.4755
6725836,1.6000,1.4876
6726336,1.6000,1.4731
6726836,1.6000,1.4723
6727336,1.6000,1.4699
6727836,1.6000,1.4626
6728336,1.6000,1.4659
6728836,1.6000,1.4771
6729336,1.6000,1.4691
6729836,1.6000,1.4723
6730336,1.6000,1.4659
6730836,1.6000,1.4626
6731336,1.6000,1.4771
6731836,1.6000,1.4578
6732336,1.6000,1.4755
6732836,1.6000,1.4771
6733336,1.6000,1.4610
6733836,1.6000,1.4715
6734336,1.6000,1.4610
6734836,1.6000,1.4715
6735336,1.6000,1.4683
6735836,1.6000,1.4683
6736336,1.6000,1.4828
6736836,1.6000,1.4707
6737336,1.6000,1.4723
6737836,1.6000,1.4715
6738336,1.6000,1.4715
6738836,1.6000,1.4771
6739336,1.6000,1.4683
6739836,1.6000,1.4771
6740336,1.6000,1.4441
6740836,1.6000,1.4812
6741336,1.6000,1.4659
6741836,1.6000,1.4747
6742336,1.6000,1.4755
6742836,1.6000,1.4723
6743336,1.6000,1.4844
6743836,1.6000,1.4771
6744336,1.6000,1.4715
6744836,1.6000,1.4747
6745336,1.6000,1.4788
6745836,1.6000,1.4900
6746336,1.6000,1.4667
6746836,1.6000,1.4788
6747336,1.6000,1.4755
6747836,1.6000,1.4699
6748336,1.6000,1.4659
6748836,1.6000,1.4683
6749336,1.6000,1.4836
6749836,1.6000,1.4739
6750336,1.6000,1.4828
6750836,1.6000,1.4731
6751336,1.6000,1.4755
6751836,1.6000,1.4933
6752336,1.6000,1.4755
6752836,1.6000,1.4739
6753336,1.6000,1.4675
6753836,1.6000,1.4900
6754336,1.6000,1.4715
6754836,1.6000,1.4755
6755336,1.6000,1.4755
6755836,1.6000,1.4771
6756336,1.6000,1.4804
6756836,1.6000,1.4852
6757336,1.6000,1.4755
6757836,1.6000,1.4812
6758336,1.6000,1.4812
6758836,1.6000,1.4804
6759336,1.6000,1.4747
6759836,1.6000,1.4723
6760336,1.6000,1.4659
6760836,1.6000,1.4828
6761336,1.6000,1.4771
6761836,1.6000,1.4820
6762336,1.6000,1.4739
6762836,1.6000,1.4731
6763336,1.6000,1.4747
6763836,1.6000,1.4804
6764336,1.6000,1.4836
6764836,1.6000,1.4715
6765336,1.6000,1.4691
6765836,1.6000,1.4812
6766336,1.6000,1.4707
6766836,1.6000,1.4707
6767336,1.6000,1.4820
6767836,1.6000,1.4659
6768336,1.6000,1.4691
6768836,1.6000,1.4699
6769336,1.6000,1.4828
6769836,1.6000,1.4788
6770336,1.6000,1.4715
6770836,1.6000,1.4788
6771336,1.6000,1.4796
6771836,1.6000,1.4957
6772336,1.6000,1.4763
6772836,1.6000,1.4546
6773336,1.6000,1.4731
6773836,1.6000,1.4699
6774336,1.6000,1.4715
6774836,1.6000,1.4683
6775336,1.6000,1.4675
6775836,1.6000,1.4723
6776336,1.6000,1.4828
6776836,1.6000,1.4699
6777336,1.6000,1.4683
6777836,1.6000,1.4667
6778336,1.6000,1.4723
6778836,1.6000,1.4739
6779336,1.6000,1.4707
6779836,1.6000,1.4812
6780336,1.6000,1.4715
6780836,1.6000,1.4707
6781336,1.6000,1.4691
6781836,1.6000,1.4715
6782336,1.6000,1.4812
6782836,1.6000,1.4739
6783336,1.6000,1.4779
6783836,1.6000,1.4723
6784336,1.6000,1.4715
6784836,1.6000,1.4884
6785336,1.6000,1.4747
6785836,1.6000,1.4788
6786336,1.6000,1.4715
6786836,1.6000,1.4618
6787336,1.6000,1.4747
6787836,1.6000,1.4755
6788336,1.6000,1.5070
6788836,1.6000,1.4820
6789336,1.6000,1.4667
6789836,1.6000,1.4747
6790336,1.6000,1.4755
6790836,1.6000,1.4675
6791336,1.6000,1.4739
6791836,1.6000,1.4779
6792336,1.6000,1.4828
6792836,1.6000,1.4763
6793336,1.6000,1.4796
6793836,1.6000,1.4860
6794336,1.6000,1.4731
6794836,1.6000,1.4828
6795336,1.6000,1.4667
6795836,1.6000,1.4659
6796336,1.6000,1.4683
6796836,1.6000,1.4691
6797336,1.6000,1.4739
6797836,1.6000,1.4731
6798336,1.6000,1.4796
6798836,1.6000,1.4844
6799336,1.6000,1.4771
6799836,1.6000,1.4691
6800336,1.6000,1.4715
6800836,1.6000,1.4723
6801336,1.6000,1.4667
6801836,1.6000,1.4707
6802336,1.6000,1.4707
6802836,1.6000,1.4771
6803336,1.6000,1.4739
6803836,1.6000,1.4779
6804336,1.6000,1.4755
6804836,1.6000,1.4788
6805336,1.6000,1.4626
6805836,1.6000,1.4715
6806336,1.6000,1.4747
6806836,1.6000,1.4788
6807336,1.6000,1.4691
6807836,1.6000,1.4788
6808336,1.6000,1.4707
6808836,1.6000,1.4828
6809336,1.6000,1.4699
6809836,1.6000,1.4997
6810336,1.6000,1.4812
6810836,1.6000,1.4691
6811336,1.6000,1.4659
6811836,1.6000,1.4860
6812336,1.6000,1.4804
6812836,1.6000,1.4804
6813336,1.6000,1.4618
6813836,1.6000,1.4771
6814336,1.6000,1.4779
6814836,1.6000,1.4981
6815336,1.6000,1.4771
6815836,1.6000,1.4723
6816336,1.6000,1.4715
6816836,1.6000,1.4578
6817336,1.6000,1.4659
6817836,1.6000,1.4804
6818336,1.6000,1.4731
6818836,1.6000,1.4755
6819336,1.6000,1.4747
6819836,1.6000,1.4755
6820336,1.6000,1.4739
6820836,1.6000,1.4828
6821336,1.6000,1.4820
6821836,1.6000,1.4691
6822336,1.6000,1.4884
6822836,1.6000,1.4699
6823336,1.6000,1.4836
6823836,1.6000,1.4908
6824336,1.6000,1.4755
6824836,1.6000,1.4675
6825336,1.6000,1.4731
6825836,1.6000,1.4739
6826336,1.6000,1.4812
6826836,1.6000,1.4755
6827336,1.6000,1.4779
6827836,1.6000,1.4723
6828336,1.6000,1.4723
6828836,1.6000,1.4788
6829336,1.6000,1.4691
6829836,1.6000,1.4771
6830336,1.6000,1.4804
6830836,1.6000,1.4747
6831336,1.6000,1.4755
6831836,1.6000,1.4820
6832336,1.6000,1.4868
6832836,1.6000,1.4755
6833336,1.6000,1.4739
6833836,1.6000,1.4820
6834336,1.6000,1.4771
6834836,1.6000,1.4739
6835336,1.6000,1.4723
6835836,1.6000,1.4796
6836336,1.6000,1.4699
6836836,1.6000,1.4618
6837336,1.6000,1.4699
6837836,1.6000,1.4683
6838336,1.6000,1.4699
6838836,1.6000,1.4594
6839336,1.6000,1.4715
6839836,1.6000,1.4828
6840336,1.6000,1.4707
6840836,1.6000,1.4715
6841336,1.6000,1.4828
6841836,1.6000,1.4739
6842336,1.6000,1.4820
6842836,1.6000,1.4723
6843336,1.6000,1.4546
6843836,1.6000,1.4804
6844336,1.6000,1.4739
6844836,1.6000,1.4715
6845336,1.6000,1.4707
6845836,1.6000,1.4755
6846336,1.6000,1.4844
6846836,1.6000,1.4779
6847336,1.6000,1.4755
6847836,1.6000,1.4844
6848336,1.6000,1.4723
6848836,1.6000,1.4602
6849336,1.6000,1.4675
6849836,1.6000,1.4675
6850336,1.6000,1.4675
6850836,1.6000,1.4570
6851336,1.6000,1.4602
6851836,1.6000,1.4836
6852336,1.6000,1.4691
6852836,1.6000,1.4723
6853336,1.6000,1.4594
6853836,1.6000,1.4755
6854336,1.6000,1.4739
6854836,1.6000,1.4586
6855336,1.6000,1.4570
6855836,1.6000,1.4747
6856336,1.6000,1.4651
6856836,1.6000,1.4779
6857336,1.6000,1.4804
6857836,1.6000,1.4771
6858336,1.6000,1.4796
6858836,1.6000,1.4723
6859336,1.6000,1.4626
6859836,1.6000,1.4707
6860336,1.6000,1.4699
6860836,1.6000,1.4707
6861336,1.6000,1.4651
6861836,1.6000,1.4715
6862336,1.6000,1.4578
6862836,1.6000,1.4659
6863336,1.6000,1.4691
6863836,1.6000,1.4804
6864336,1.6000,1.4771
6864836,1.6000,1.4763
6865336,1.6000,1.4739
6865836,1.6000,1.4707
6866336,1.6000,1.4747
6866836,1.6000,1.4796
6867336,1.6000,1.4747
6867836,1.6000,1.4788
6868336,1.6000,1.4554
6868836,1.6000,1.4642
6869336,1.6000,1.4707
6869836,1.6000,1.4747
6870336,1.6000,1.4675
6870836,1.6000,1.4651
6871336,1.6000,1.4804
6871836,1.6000,1.4651
6872336,1.6000,1.4755
6872836,1.6000,1.4755
6873336,1.6000,1.4836
6873836,1.6000,1.4715
6874336,1.6000,1.4659
6874836,1.6000,1.4731
6875336,1.6000,1.4755
6875836,1.6000,1.4771
6876336,1.6000,1.4771
6876836,1.6000,1.4707
6877336,1.6000,1.4723
6877836,1.6000,1.4779
6878336,1.6000,1.4739
6878836,1.6000,1.4997
6879336,1.6000,1.4771
6879836,1.6000,1.4699
6880336,1.6000,1.4731
6880836,1.6000,1.4755
6881336,1.6000,1.4747
6881836,1.6000,1.4699
6882336,1.6000,1.4812
6882836,1.6000,1.4747
6883336,1.6000,1.4804
6883836,1.6000,1.4965
6884336,1.6000,1.4739
6884836,1.6000,1.4731
6885336,1.6000,1.4747
6885836,1.6000,1.4779
6886336,1.6000,1.4844
6886836,1.6000,1.4691
6887336,1.6000,1.4812
6887836,1.6000,1.4739
6888336,1.6000,1.4731
6888836,1.6000,1.4788
6889336,1.6000,1.4812
6889836,1.6000,1.4747
6890336,1.6000,1.4739
6890836,1.6000,1.4771
6891336,1.6000,1.4626
6891836,1.6000,1.4739
6892336,1.6000,1.4731
6892836,1.6000,1.4755
6893336,1.6000,1.4804
6893836,1.6000,1.4763
6894336,1.6000,1.4667
6894836,1.6000,1.4683
6895336,1.6000,1.4683
6895836,1.6000,1.4868
6896336,1.6000,1.4747
6896836,1.6000,1.4788
6897336,1.6000,1.4788
6897836,1.6000,1.4683
6898336,1.6000,1.4747
6898836,1.6000,1.4747
6899336,1.6000,1.4707
6899836,1.6000,1.4925
6900336,1.6000,1.4723
6900836,1.6000,1.4779
6901336,1.6000,1.4755
6901836,1.6000,1.4578
6902336,1.6000,1.4715
6902836,1.6000,1.4659
6903336,1.6000,1.4610
6903836,1.6000,1.4779
6904336,1.6000,1.4538
6904836,1.6000,1.4675
6905336,1.6000,1.4691
6905836,1.6000,1.4779
6906336,1.6000,1.4691
6906836,1.6000,1.4812
6907336,1.6000,1.4820
6907836,1.6000,1.4739
6908336,1.6000,1.4771
6908836,1.6000,1.4796
6909336,1.6000,1.4715
6909836,1.6000,1.4844
6910336,1.6000,1.4699
6910836,1.6000,1.4828
6911336,1.6000,1.4715
6911836,1.6000,1.4779
6912336,1.6000,1.4828
6912836,1.6000,1.4723
6913336,1.6000,1.4715
6913836,1.6000,1.4812
6914336,1.6000,1.4739
6914836,1.6000,1.4497
6915336,1.6000,1.4820
6915836,1.6000,1.4683
6916336,1.6000,1.4723
6916836,1.6000,1.4683
6917336,1.6000,1.4747
6917836,1.6000,1.4755
6918336,1.6000,1.4771
6918836,1.6000,1.4731
6919336,1.6000,1.4675
6919836,1.6000,1.4739
6920336,1.6000,1.4707
6920836,1.6000,1.4675
6921336,1.6000,1.4715
6921836,1.6000,1.4755
6922336,1.6000,1.4715
6922836,1.6000,1.4747
6923336,1.6000,1.4747
6923836,1.6000,1.4723
6924336,1.6000,1.4715
6924836,1.6000,1.4570
6925336,1.6000,1.4828
6925836,1.6000,1.4707
6926336,1.6000,1.4739
6926836,1.6000,1.4747
6927336,1.6000,1.4844
6927836,1.6000,1.4707
6928336,1.6000,1.4699
6928836,1.6000,1.4788
6929336,1.6000,1.4691
6929836,1.6000,1.4828
6930336,1.6000,1.4796
6930836,1.6000,1.4691
6931336,1.6000,1.4578
6931836,1.6000,1.4610
6932336,1.6000,1.4618
6932836,1.6000,1.4788
6933336,1.6000,1.4707
6933836,1.6000,1.4771
6934336,1.6000,1.4683
6934836,1.6000,1.4675
6935336,1.6000,1.4457
6935836,1.6000,1.4908
6936336,1.6000,1.4916
6936836,1.6000,1.4699
6937336,1.6000,1.4828
6937836,1.6000,1.4707
6938336,1.6000,1.4747
6938836,1.6000,1.4675
6939336,1.6000,1.4707
6939836,1.6000,1.4675
6940336,1.6000,1.4691
6940836,1.6000,1.4723
6941336,1.6000,1.4723
6941836,1.6000,1.4804
6942336,1.6000,1.4860
6942836,1.6000,1.4820
6943336,1.6000,1.4699
6943836,1.6000,1.4683
6944336,1.6000,1.4651
6944836,1.6000,1.4723
6945336,1.6000,1.4779
6945836,1.6000,1.4723
6946336,1.6000,1.4747
6946836,1.6000,1.4530
6947336,1.6000,1.4779
6947836,1.6000,1.4747
6948336,1.6000,1.4747
6948836,1.6000,1.4747
6949336,1.6000,1.4723
6949836,1.6000,1.4707
6950336,1.6000,1.4828
6950836,1.6000,1.4707
6951336,1.6000,1.4739
6951836,1.6000,1.4723
6952336,1.6000,1.4659
6952836,1.6000,1.4683
6953336,1.6000,1.4788
6953836,1.6000,1.4860
6954336,1.6000,1.4771
6954836,1.6000,1.4715
6955336,1.6000,1.4651
6955836,1.6000,1.4707
6956336,1.6000,1.4812
6956836,1.6000,1.4707
6957336,1.6000,1.4779
6957836,1.6000,1.4804
6958336,1.6000,1.4755
6958836,1.6000,1.4779
6959336,1.6000,1.4755
6959836,1.6000,1.4820
6960336,1.6000,1.4739
6960836,1.6000,1.4594
6961336,1.6000,1.4755
6961836,1.6000,1.4747
6962336,1.6000,1.4715
6962836,1.6000,1.4844
6963336,1.6000,1.4747
6963836,1.6000,1.4820
6964336,1.6000,1.4788
6964836,1.6000,1.5029
6965336,1.6000,1.4715
6965836,1.6000,1.4755
6966336,1.6000,1.4707
6966836,1.6000,1.4820
6967336,1.6000,1.4779
6967836,1.6000,1.4828
6968336,1.6000,1.4699
6968836,1.6000,1.4916
6969336,1.6000,1.4828
6969836,1.6000,1.4755
6970336,1.6000,1.4739
6970836,1.6000,1.4771
6971336,1.6000,1.4916
6971836,1.6000,1.4675
6972336,1.6000,1.4820
6972836,1.6000,1.4715
6973336,1.6000,1.4683
6973836,1.6000,1.4804
6974336,1.6000,1.4699
6974836,1.6000,1.4683
6975336,1.6000,1.4707
6975836,1.6000,1.4844
6976336,1.6000,1.4876
6976836,1.6000,1.4804
6977336,1.6000,1.4610
6977836,1.6000,1.4739
6978336,1.6000,1.4707
6978836,1.6000,1.4755
6979336,1.6000,1.4699
6979836,1.6000,1.4755
6980336,1.6000,1.4779
6980836,1.6000,1.4844
6981336,1.6000,1.4796
6981836,1.6000,1.4731
6982336,1.6000,1.4844
6982836,1.6000,1.4723
6983336,1.6000,1.4804
6983836,1.6000,1.4723
6984336,1.6000,1.4828
6984836,1.6000,1.4779
6985336,1.6000,1.4699
6985836,1.6000,1.4812
6986336,1.6000,1.4755
6986836,1.6000,1.4699
6987336,1.6000,1.4828
6987836,1.6000,1.4812
6988336,1.6000,1.4965
6988836,1.6000,1.4610
6989336,1.6000,1.4699
6989836,1.6000,1.4723
6990336,1.6000,1.4699
6990836,1.6000,1.4570
6991336,1.6000,1.4788
6991836,1.6000,1.4779
6992336,1.6000,1.4812
6992836,1.6000,1.4715
6993336,1.6000,1.4755
6993836,1.6000,1.4320
6994336,1.6000,1.4755
6994836,1.6000,1.4804
6995336,1.6000,1.4796
6995836,1.6000,1.4699
6996336,1.6000,1.4731
6996836,1.6000,1.4691
6997336,1.6000,1.4828
6997836,1.6000,1.4981
6998336,1.6000,1.4747
6998836,1.6000,1.4683
6999336,1.6000,1.4828
6999836,1.6000,1.4747
7000336,1.6000,1.4755
7000836,1.6000,1.4747
7001336,1.6000,1.4739
7001836,1.6000,1.4691
7002336,1.6000,1.4779
7002836,1.6000,1.4747
7003336,1.6000,1.4723
7003836,1.6000,1.4812
7004336,1.6000,1.4707
7004836,1.6000,1.4667
7005336,1.6000,1.4747
7005836,1.6000,1.4691
7006336,1.6000,1.4707
7006836,1.6000,1.4699
7007336,1.6000,1.4651
7007836,1.6000,1.4812
7008336,1.6000,1.4852
7008836,1.6000,1.4691
7009336,1.6000,1.4723
7009836,1.6000,1.4820
7010336,1.6000,1.4747
7010836,1.6000,1.4659
7011336,1.6000,1.4788
7011836,1.6000,1.4852
7012336,1.6000,1.4610
7012836,1.6000,1.4804
7013336,1.6000,1.4820
7013836,1.6000,1.4755
7014336,1.6000,1.4651
7014836,1.6000,1.4747
7015336,1.6000,1.4820
7015836,1.6000,1.4788
7016336,1.6000,1.4618
7016836,1.6000,1.4739
7017336,1.6000,1.4804
7017836,1.6000,1.4747
7018336,1.6000,1.4755
7018836,1.6000,1.4828
7019336,1.6000,1.4707
7019836,1.6000,1.4562
7020336,1.6000,1.4739
7020836,1.6000,1.4747
7021336,1.6000,1.4820
7021836,1.6000,1.4747
7022336,1.6000,1.4755
7022836,1.6000,1.4804
7023336,1.6000,1.4723
7023836,1.6000,1.4715
7024336,1.6000,1.4747
7024836,1.6000,1.4683
7025336,1.6000,1.4804
7025836,1.6000,1.4570
7026336,1.6000,1.4723
7026836,1.6000,1.4844
7027336,1.6000,1.4739
7027836,1.6000,1.4723
7028336,1.6000,1.4812
7028836,1.6000,1.4820
7029336,1.6000,1.4747
7029836,1.6000,1.4820
7030336,1.6000,1.4715
7030836,1.6000,1.4699
7031336,1.6000,1.4747
7031836,1.6000,1.4755
7032336,1.6000,1.4739
7032836,1.6000,1.4691
7033336,1.6000,1.4779
7033836,1.6000,1.4828
7034336,1.6000,1.4788
7034836,1.6000,1.4828
7035336,1.6000,1.4715
7035836,1.6000,1.4796
7036336,1.6000,1.4723
7036836,1.6000,1.4659
7037336,1.6000,1.4788
7037836,1.6000,1.4755
7038336,1.6000,1.4707
7038836,1.6000,1.4747
7039336,1.6000,1.4828
7039836,1.6000,1.4659
7040336,1.6000,1.4771
7040836,1.6000,1.4981
7041336,1.6000,1.4771
7041836,1.6000,1.4747
7042336,1.6000,1.4715
7042836,1.6000,1.4804
7043336,1.6000,1.4755
7043836,1.6000,1.5045
7044336,1.6000,1.4771
7044836,1.6000,1.4739
7045336,1.6000,1.4731
7045836,1.6000,1.4973
7046336,1.6000,1.4796
7046836,1.6000,1.4812
7047336,1.6000,1.4675
7047836,1.6000,1.4691
7048336,1.6000,1.4723
7048836,1.6000,1.4812
7049336,1.6000,1.4691
7049836,1.6000,1.4683
7050336,1.6000,1.4707
7050836,1.6000,1.4779
7051336,1.6000,1.4739
7051836,1.6000,1.4997
7052336,1.6000,1.4828
7052836,1.6000,1.4820
7053336,1.6000,1.4788
7053836,1.6000,1.4675
7054336,1.6000,1.4755
7054836,1.6000,1.4755
7055336,1.6000,1.4796
7055836,1.6000,1.4844
7056336,1.6000,1.4836
7056836,1.6000,1.4683
7057336,1.6000,1.4836
7057836,1.6000,1.4900
7058336,1.6000,1.4755
7058836,1.6000,1.4642
7059336,1.6000,1.4820
7059836,1.6000,1.4755
7060336,1.6000,1.4715
7060836,1.6000,1.4844
7061336,1.6000,1.4755
7061836,1.6000,1.4747
7062336,1.6000,1.4844
7062836,1.6000,1.4699
7063336,1.6000,1.4691
7063836,1.6000,1.4723
7064336,1.6000,1.4884
7064836,1.6000,1.4804
7065336,1.6000,1.4779
7065836,1.6000,1.4828
7066336,1.6000,1.4747
7066836,1.6000,1.4788
7067336,1.6000,1.4771
7067836,1.6000,1.4642
7068336,1.6000,1.4610
7068836,1.6000,1.4828
7069336,1.6000,1.4651
7069836,1.6000,1.5053
7070336,1.6000,1.4828
7070836,1.6000,1.4683
7071336,1.6000,1.4788
7071836,1.6000,1.4747
7072336,1.6000,1.4747
7072836,1.6000,1.4771
7073336,1.6000,1.4812
7073836,1.6000,1.4675
7074336,1.6000,1.4779
7074836,1.6000,1.4779
7075336,1.6000,1.4707
7075836,1.6000,1.4908
7076336,1.6000,1.4731
7076836,1.6000,1.4812
7077336,1.6000,1.4804
7077836,1.6000,1.4828
7078336,1.6000,1.4828
7078836,1.6000,1.4707
7079336,1.6000,1.4683
7079836,1.6000,1.4788
7080336,1.6000,1.4691
7080836,1.6000,1.4739
7081336,1.6000,1.4820
7081836,1.6000,1.4626
7082336,1.6000,1.4771
7082836,1.6000,1.4723
7083336,1.6000,1.4715
7083836,1.6000,1.4812
7084336,1.6000,1.4788
7084836,1.6000,1.4691
7085336,1.6000,1.4828
7085836,1.6000,1.4747
7086336,1.6000,1.4876
7086836,1.6000,1.4788
7087336,1.6000,1.4796
7087836,1.6000,1.4707
7088336,1.6000,1.4610
7088836,1.6000,1.4715
7089336,1.6000,1.4659
7089836,1.6000,1.4675
7090336,1.6000,1.4675
7090836,1.6000,1.4747
7091336,1.6000,1.4594
7091836,1.6000,1.4828
7092336,1.6000,1.4691
7092836,1.6000,1.4788
7093336,1.6000,1.5086
7093836,1.6000,1.4804
7094336,1.6000,1.4755
7094836,1.6000,1.4675
7095336,1.6000,1.4691
7095836,1.6000,1.4771
7096336,1.6000,1.4659
7096836,1.6000,1.4820
7097336,1.6000,1.4804
7097836,1.6000,1.4707
7098336,1.6000,1.4812
7098836,1.6000,1.4812
7099336,1.6000,1.4699
7099836,1.6000,1.4739
7100336,1.6000,1.4699
7100836,1.6000,1.4715
7101336,1.6000,1.4651
7101836,1.6000,1.4788
7102336,1.6000,1.4723
7102836,1.6000,1.4691
7103336,1.6000,1.4731
7103836,1.6000,1.4747
7104336,1.6000,1.4804
7104836,1.6000,1.4739
7105336,1.6000,1.4812
7105836,1.6000,1.4828
7106336,1.6000,1.4699
7106836,1.6000,1.4997
7107336,1.6000,1.4739
7107836,1.6000,1.4779
7108336,1.6000,1.4788
7108836,1.6000,1.4828
7109336,1.6000,1.4771
7109836,1.6000,1.5005
7110336,1.6000,1.4796
7110836,1.6000,1.4562
7111336,1.6000,1.4683
7111836,1.6000,1.4779
7112336,1.6000,1.4788
7112836,1.6000,1.4804
7113336,1.6000,1.4771
7113836,1.6000,1.4788
7114336,1.6000,1.4667
7114836,1.6000,1.4779
7115336,1.6000,1.4779
7115836,1.6000,1.4804
7116336,1.6000,1.4739
7116836,1.6000,1.4788
7117336,1.6000,1.4812
7117836,1.6000,1.4747
7118336,1.6000,1.4828
7118836,1.6000,1.4723
7119336,1.6000,1.4828
7119836,1.6000,1.4626
7120336,1.6000,1.4804
7120836,1.6000,1.4820
7121336,1.6000,1.4731
7121836,1.6000,1.4788
7122336,1.6000,1.4820
7122836,1.6000,1.4699
7123336,1.6000,1.4828
7123836,1.6000,1.4747
7124336,1.6000,1.4828
7124836,1.6000,1.4804
7125336,1.6000,1.4844
7125836,1.6000,1.4868
7126336,1.6000,1.4747
7126836,1.6000,1.4820
7127336,1.6000,1.4828
7127836,1.6000,1.4828
7128336,1.6000,1.4804
7128836,1.6000,1.4691
7129336,1.6000,1.4812
7129836,1.6000,1.4779
7130336,1.6000,1.4796
7130836,1.6000,1.4828
7131336,1.6000,1.4739
7131836,1.6000,1.4788
7132336,1.6000,1.4828
7132836,1.6000,1.4844
7133336,1.6000,1.4497
7133836,1.6000,1.4707
7134336,1.6000,1.4852
7134836,1.6000,1.4828
7135336,1.6000,1.4755
7135836,1.6000,1.4788
7136336,1.6000,1.4707
7136836,1.6000,1.4747
7137336,1.6000,1.4876
7137836,1.6000,1.4973
7138336,1.6000,1.4852
7138836,1.6000,1.4779
7139336,1.6000,1.4820
7139836,1.6000,1.4642
7140336,1.6000,1.4836
7140836,1.6000,1.4779
7141336,1.6000,1.4731
7141836,1.6000,1.5013
7142336,1.6000,1.4828
7142836,1.6000,1.4868
7143336,1.6000,1.4828
7143836,1.6000,1.4812
7144336,1.6000,1.4836
7144836,1.6000,1.4739
7145336,1.6000,1.4844
7145836,1.6000,1.4836
7146336,1.6000,1.4820
7146836,1.6000,1.4796
7147336,1.6000,1.4884
7147836,1.6000,1.4779
7148336,1.6000,1.4739
7148836,1.6000,1.4812
7149336,1.6000,1.4796
7149836,1.6000,1.4804
7150336,1.6000,1.4659
7150836,1.6000,1.4860
7151336,1.6000,1.4683
7151836,1.6000,1.4651
7152336,1.6000,1.4771
7152836,1.6000,1.4715
7153336,1.6000,1.4892
7153836,1.6000,1.4804
7154336,1.6000,1.4836
7154836,1.6000,1.4683
7155336,1.6000,1.4812
7155836,1.6000,1.4747
7156336,1.6000,1.4618
7156836,1.6000,1.4779
7157336,1.6000,1.4836
7157836,1.6000,1.4860
7158336,1.6000,1.4610
7158836,1.6000,1.4755
7159336,1.6000,1.4683
7159836,1.6000,1.4812
7160336,1.6000,1.4715
7160836,1.6000,1.4715
7161336,1.6000,1.4779
7161836,1.6000,1.4755
7162336,1.6000,1.4691
7162836,1.6000,1.4755
7163336,1.6000,1.4683
7163836,1.6000,1.4699
7164336,1.6000,1.4820
7164836,1.6000,1.4812
7165336,1.6000,1.4739
7165836,1.6000,1.4796
7166336,1.6000,1.4779
7166836,1.6000,1.4828
7167336,1.6000,1.4828
7167836,1.6000,1.4788
7168336,1.6000,1.4844
7168836,1.6000,1.4707
7169336,1.6000,1.4739
7169836,1.6000,1.4876
7170336,1.6000,1.4828
7170836,1.6000,1.4788
7171336,1.6000,1.4788
7171836,1.6000,1.4916
7172336,1.6000,1.4683
7172836,1.6000,1.4836
7173336,1.6000,1.4659
7173836,1.6000,1.4796
7174336,1.6000,1.4828
7174836,1.6000,1.4699
7175336,1.6000,1.4852
7175836,1.6000,1.4731
7176336,1.6000,1.4820
7176836,1.6000,1.4844
7177336,1.6000,1.4804
7177836,1.6000,1.4973
7178336,1.6000,1.4812
7178836,1.6000,1.4747
7179336,1.6000,1.4570
7179836,1.6000,1.4804
7180336,1.6000,1.4675
7180836,1.6000,1.4739
7181336,1.6000,1.4771
7181836,1.6000,1.4489
7182336,1.6000,1.4771
7182836,1.6000,1.4747
7183336,1.6000,1.4860
7183836,1.6000,1.4828
7184336,1.6000,1.4804
7184836,1.6000,1.4771
7185336,1.6000,1.4747
7185836,1.6000,1.4755
7186336,1.6000,1.4707
7186836,1.6000,1.4820
7187336,1.6000,1.4755
7187836,1.6000,1.4731
7188336,1.6000,1.4489
7188836,1.6000,1.4828
7189336,1.6000,1.4755
7189836,1.6000,1.4699
7190336,1.6000,1.4691
7190836,1.6000,1.4489
7191336,1.6000,1.4691
7191836,1.6000,1.4852
7192336,1.6000,1.4852
7192836,1.6000,1.4788
7193336,1.6000,1.4820
7193836,1.6000,1.4788
7194336,1.6000,1.4804
7194836,1.6000,1.4747
7195336,1.6000,1.4788
7195836,1.6000,1.4868
7196336,1.6000,1.4828
7196836,1.6000,1.4699
7197336,1.6000,1.4820
7197836,1.6000,1.4844
7198336,1.6000,1.4707
7198836,1.6000,1.4828
7199336,1.6000,1.4699
7199836,1.6000,1.4771
7200336,1.6000,1.4820
7200836,1.6000,1.4812
7201336,1.6000,1.4651
7201836,1.6000,1.4739
7202336,1.6000,1.4804
7202836,1.6000,1.4828
7203336,1.6000,1.4812
7203836,1.6000,1.4788
7204336,1.6000,1.4828
7204836,1.6000,1.4691
7205336,1.6000,1.4651
7205836,1.6000,1.4812
7206336,1.6000,1.4771
7206836,1.6000,1.4707
7207336,1.6000,1.4699
7207836,1.6000,1.4739
7208336,1.6000,1.4723
7208836,1.6000,1.4675
7209336,1.6000,1.4691
7209836,1.6000,1.4739
7210336,1.6000,1.4973
7210836,1.6000,1.4812
7211336,1.6000,1.4771
7211836,1.6000,1.4675
7212336,1.6000,1.4828
7212836,1.6000,1.4755
7213336,1.6000,1.4812
7213836,1.6000,1.4731
7214336,1.6000,1.4957
7214836,1.6000,1.4779
7215336,1.6000,1.4707
7215836,1.6000,1.4626
7216336,1.6000,1.4788
7216836,1.6000,1.4804
7217336,1.6000,1.4812
7217836,1.6000,1.4570
7218336,1.6000,1.4860
7218836,1.6000,1.4707
7219336,1.6000,1.4755
7219836,1.6000,1.4796
7220336,1.6000,1.4828
7220836,1.6000,1.4755
7221336,1.6000,1.4788
7221836,1.6000,1.4804
7222336,1.6000,1.4796
7222836,1.6000,1.4723
7223336,1.6000,1.4715
7223836,1.6000,1.4771
7224336,1.6000,1.4723
7224836,1.6000,1.4844
7225336,1.6000,1.4626
7225836,1.6000,1.4788
7226336,1.6000,1.4715
7226836,1.6000,1.4602
7227336,1.6000,1.4836
7227836,1.6000,1.4779
7228336,1.6000,1.4812
7228836,1.6000,1.4828
7229336,1.6000,1.4852
7229836,1.6000,1.4804
7230336,1.6000,1.4828
7230836,1.6000,1.4715
7231336,1.6000,1.4779
7231836,1.6000,1.4755
7232336,1.6000,1.4570
7232836,1.6000,1.4747
7233336,1.6000,1.4723
7233836,1.6000,1.4779
7234336,1.6000,1.4755
7234836,1.6000,1.4683
7235336,1.6000,1.4828
7235836,1.6000,1.4691
7236336,1.6000,1.4731
7236836,1.6000,1.4820
7237336,1.6000,1.4868
7237836,1.6000,1.4715
7238336,1.6000,1.4771
7238836,1.6000,1.4723
7239336,1.6000,1.4949
7239836,1.6000,1.4779
7240336,1.6000,1.4691
7240836,1.6000,1.4779
7241336,1.6000,1.4828
7241836,1.6000,1.4820
7242336,1.6000,1.4747
7242836,1.6000,1.4755
7243336,1.6000,1.4788
7243836,1.6000,1.4828
7244336,1.6000,1.4812
7244836,1.6000,1.4779
7245336,1.6000,1.4812
7245836,1.6000,1.4755
7246336,1.6000,1.4836
7246836,1.6000,1.4804
7247336,1.6000,1.4779
7247836,1.6000,1.4755
7248336,1.6000,1.4828
7248836,1.6000,1.4771
7249336,1.6000,1.4659
7249836,1.6000,1.4828
7250336,1.6000,1.4747
7250836,1.6000,1.4828
7251336,1.6000,1.4828
7251836,1.6000,1.4691
7252336,1.6000,1.4804
7252836,1.6000,1.4715
7253336,1.6000,1.4828
7253836,1.6000,1.4788
7254336,1.6000,1.4779
7254836,1.6000,1.4828
7255336,1.6000,1.4771
7255836,1.6000,1.4755
7256336,1.6000,1.4699
7256836,1.6000,1.4739
7257336,1.6000,1.4707
7257836,1.6000,1.4699
7258336,1.6000,1.4965
7258836,1.6000,1.4828
7259336,1.6000,1.4771
7259836,1.6000,1.4788
7260336,1.6000,1.4844
7260836,1.6000,1.4836
7261336,1.6000,1.4820
7261836,1.6000,1.4820
7262336,1.6000,1.4651
7262836,1.6000,1.4779
7263336,1.6000,1.4828
7263836,1.6000,1.4820
7264336,1.6000,1.4788
7264836,1.6000,1.4828
7265336,1.6000,1.4707
7265836,1.6000,1.4779
7266336,1.6000,1.4763
7266836,1.6000,1.4804
7267336,1.6000,1.4779
7267836,1.6000,1.4626
7268336,1.6000,1.4788
7268836,1.6000,1.4804
7269336,1.6000,1.4675
7269836,1.6000,1.4747
7270336,1.6000,1.4779
7270836,1.6000,1.4828
7271336,1.6000,1.4828
7271836,1.6000,1.4755
7272336,1.6000,1.4820
7272836,1.6000,1.4755
7273336,1.6000,1.4788
7273836,1.6000,1.4844
7274336,1.6000,1.4820
7274836,1.6000,1.4812
7275336,1.6000,1.4788
7275836,1.6000,1.4747
7276336,1.6000,1.4844
7276836,1.6000,1.4731
7277336,1.6000,1.4828
7277836,1.6000,1.4820
7278336,1.6000,1.4779
7278836,1.6000,1.4683
7279336,1.6000,1.4828
7279836,1.6000,1.4788
7280336,1.6000,1.4796
7280836,1.6000,1.4707
7281336,1.6000,1.4715
7281836,1.6000,1.4828
7282336,1.6000,1.4868
7282836,1.6000,1.4699
7283336,1.6000,1.4828
7283836,1.6000,1.4876
7284336,1.6000,1.4755
7284836,1.6000,1.4707
7285336,1.6000,1.4739
7285836,1.6000,1.4820
7286336,1.6000,1.4570
7286836,1.6000,1.4844
7287336,1.6000,1.4586
7287836,1.6000,1.4844
7288336,1.6000,1.4836
7288836,1.6000,1.4900
7289336,1.6000,1.4828
7289836,1.6000,1.4812
7290336,1.6000,1.4683
7290836,1.6000,1.4796
7291336,1.6000,1.4828
7291836,1.6000,1.4804
7292336,1.6000,1.4788
7292836,1.6000,1.4820
7293336,1.6000,1.4916
7293836,1.6000,1.4852
7294336,1.6000,1.4868
7294836,1.6000,1.4828
7295336,1.6000,1.5005
7295836,1.6000,1.4465
7296336,1.6000,1.4723
7296836,1.6000,1.4804
7297336,1.6000,1.4828
7297836,1.6000,1.4804
7298336,1.6000,1.4763
7298836,1.6000,1.4828
7299336,1.6000,1.4844
7299836,1.6000,1.4804
7300336,1.6000,1.4852
7300836,1.6000,1.4659
7301336,1.6000,1.4771
7301836,1.6000,1.4828
7302336,1.6000,1.4739
7302836,1.6000,1.4828
7303336,1.6000,1.4820
7303836,1.6000,1.4707
7304336,1.6000,1.4771
7304836,1.6000,1.4804
7305336,1.6000,1.4836
7305836,1.6000,1.4844
7306336,1.6000,1.4570
7306836,1.6000,1.4804
7307336,1.6000,1.4916
7307836,1.6000,1.4723
7308336,1.6000,1.4707
7308836,1.6000,1.4771
7309336,1.6000,1.4788
7309836,1.6000,1.4908
7310336,1.6000,1.4779
7310836,1.6000,1.4755
7311336,1.6000,1.4908
7311836,1.6000,1.4828
7312336,1.6000,1.4908
7312836,1.6000,1.4844
7313336,1.6000,1.4804
7313836,1.6000,1.4836
7314336,1.6000,1.4844
7314836,1.6000,1.4804
7315336,1.6000,1.4731
7315836,1.6000,1.4755
7316336,1.6000,1.4683
7316836,1.6000,1.4973
7317336,1.6000,1.4771
7317836,1.6000,1.4820
7318336,1.6000,1.4578
7318836,1.6000,1.4868
7319336,1.6000,1.4715
7319836,1.6000,1.4755
7320336,1.6000,1.4836
7320836,1.6000,1.4916
7321336,1.6000,1.4723
7321836,1.6000,1.4828
7322336,1.6000,1.4828
7322836,1.6000,1.4651
7323336,1.6000,1.4788
7323836,1.6000,1.4804
7324336,1.6000,1.4771
7324836,1.6000,1.4771
7325336,1.6000,1.4844
7325836,1.6000,1.4804
7326336,1.6000,1.4828
7326836,1.6000,1.4828
7327336,1.6000,1.4755
7327836,1.6000,1.4812
7328336,1.6000,1.4812
7328836,1.6000,1.4820
7329336,1.6000,1.4828
7329836,1.6000,1.4884
7330336,1.6000,1.4949
7330836,1.6000,1.4788
7331336,1.6000,1.4828
7331836,1.6000,1.4731
7332336,1.6000,1.4836
7332836,1.6000,1.4828
7333336,1.6000,1.4908
7333836,1.6000,1.4675
7334336,1.6000,1.4844
7334836,1.6000,1.4828
7335336,1.6000,1.4659
7335836,1.6000,1.4804
7336336,1.6000,1.4747
7336836,1.6000,1.4828
7337336,1.6000,1.4957
7337836,1.6000,1.4916
7338336,1.6000,1.4868
7338836,1.6000,1.4812
7339336,1.6000,1.4715
7339836,1.6000,1.4796
7340336,1.6000,1.4836
7340836,1.6000,1.4812
7341336,1.6000,1.4828
7341836,1.6000,1.4908
7342336,1.6000,1.4820
7342836,1.6000,1.4828
7343336,1.6000,1.4844
7343836,1.6000,1.4836
7344336,1.6000,1.4755
7344836,1.6000,1.4763
7345336,1.6000,1.4812
7345836,1.6000,1.4860
7346336,1.6000,1.4828
7346836,1.6000,1.4755
7347336,1.6000,1.4828
7347836,1.6000,1.4844
7348336,1.6000,1.4755
7348836,1.6000,1.4828
7349336,1.6000,1.4828
7349836,1.6000,1.4828
7350336,1.6000,1.4868
7350836,1.6000,1.4723
7351336,1.6000,1.4804
7351836,1.6000,1.4586
7352336,1.6000,1.4779
7352836,1.6000,1.5013
7353336,1.6000,1.4820
7353836,1.6000,1.4852
7354336,1.6000,1.4884
7354836,1.6000,1.4788
7355336,1.6000,1.4796
7355836,1.6000,1.4820
7356336,1.6000,1.4755
7356836,1.6000,1.4779
7357336,1.6000,1.4836
7357836,1.6000,1.4828
7358336,1.6000,1.4828
7358836,1.6000,1.4852
7359336,1.6000,1.4852
7359836,1.6000,1.5005
7360336,1.6000,1.4860
7360836,1.6000,1.4868
7361336,1.6000,1.5013
7361836,1.6000,1.4844
7362336,1.6000,1.4804
7362836,1.6000,1.4852
7363336,1.6000,1.4908
7363836,1.6000,1.4836
7364336,1.6000,1.4828
7364836,1.6000,1.4788
7365336,1.6000,1.4820
7365836,1.6000,1.4820
7366336,1.6000,1.4916
7366836,1.6000,1.4852
7367336,1.6000,1.4820
7367836,1.6000,1.4715
7368336,1.6000,1.4828
7368836,1.6000,1.4916
7369336,1.6000,1.4860
7369836,1.6000,1.4820
7370336,1.6000,1.4828
7370836,1.6000,1.4820
7371336,1.6000,1.4925
7371836,1.6000,1.4852
7372336,1.6000,1.4828
7372836,1.6000,1.4973
7373336,1.6000,1.4836
7373836,1.6000,1.4804
7374336,1.6000,1.4844
7374836,1.6000,1.5094
7375336,1.6000,1.4836
7375836,1.6000,1.4868
7376336,1.6000,1.4836
7376836,1.6000,1.4852
7377336,1.6000,1.4828
7377836,1.6000,1.4804
7378336,1.6000,1.4989
7378836,1.6000,1.4884
7379336,1.6000,1.4820
7379836,1.6000,1.4715
7380336,1.6000,1.4828
7380836,1.6000,1.4828
7381336,1.6000,1.4884
7381836,1.6000,1.4836
7382336,1.6000,1.4828
7382836,1.6000,1.4884
7383336,1.6000,1.4828
7383836,1.6000,1.4868
7384336,1.6000,1.4844
7384836,1.6000,1.4925
7385336,1.6000,1.4788
7385836,1.6000,1.4779
7386336,1.6000,1.4788
7386836,1.6000,1.4739
7387336,1.6000,1.4820
7387836,1.6000,1.4804
7388336,1.6000,1.4828
7388836,1.6000,1.4892
7389336,1.6000,1.4868
7389836,1.6000,1.4844
7390336,1.6000,1.4771
7390836,1.6000,1.4836
7391336,1.6000,1.4884
7391836,1.6000,1.4876
7392336,1.6000,1.4852
7392836,1.6000,1.4626
7393336,1.6000,1.4779
7393836,1.6000,1.4852
7394336,1.6000,1.5078
7394836,1.6000,1.4836
7395336,1.6000,1.4747
7395836,1.6000,1.4876
7396336,1.6000,1.4836
7396836,1.6000,1.4659
7397336,1.6000,1.4820
7397836,1.6000,1.4852
7398336,1.6000,1.4828
7398836,1.6000,1.4844
7399336,1.6000,1.4884
7399836,1.6000,1.4860
7400336,1.6000,1.4812
7400836,1.6000,1.4860
7401336,1.6000,1.4828
7401836,1.6000,1.4860
7402336,1.6000,1.5045
7402836,1.6000,1.4836
7403336,1.6000,1.4828
7403836,1.6000,1.4699
7404336,1.6000,1.4828
7404836,1.6000,1.4828
7405336,1.6000,1.4812
7405836,1.6000,1.4876
7406336,1.6000,1.4933
7406836,1.6000,1.4828
7407336,1.6000,1.4779
7407836,1.6000,1.4925
7408336,1.6000,1.4715
7408836,1.6000,1.4788
7409336,1.6000,1.4828
7409836,1.6000,1.4828
7410336,1.6000,1.4812
7410836,1.6000,1.4876
7411336,1.6000,1.4796
7411836,1.6000,1.4900
7412336,1.6000,1.4876
7412836,1.6000,1.4820
7413336,1.6000,1.4989
7413836,1.6000,1.4933
7414336,1.6000,1.4828
7414836,1.6000,1.4715
7415336,1.6000,1.4949
7415836,1.6000,1.4941
7416336,1.6000,1.4715
7416836,1.6000,1.4836
7417336,1.6000,1.4941
7417836,1.6000,1.4916
7418336,1.6000,1.4828
7418836,1.6000,1.4804
7419336,1.6000,1.4836
7419836,1.6000,1.4812
7420336,1.6000,1.4844
7420836,1.6000,1.4771
7421336,1.6000,1.4828
7421836,1.6000,1.4804
7422336,1.6000,1.4836
7422836,1.6000,1.4755
7423336,1.6000,1.4804
7423836,1.6000,1.4828
7424336,1.6000,1.4852
7424836,1.6000,1.4836
7425336,1.6000,1.4796
7425836,1.6000,1.4320
7426336,1.6000,1.4836
7426836,1.6000,1.4812
7427336,1.6000,1.4844
7427836,1.6000,1.4788
7428336,1.6000,1.4916
7428836,1.6000,1.4852
7429336,1.6000,1.4715
7429836,1.6000,1.4981
7430336,1.6000,1.4884
7430836,1.6000,1.4723
7431336,1.6000,1.4876
7431836,1.6000,1.5086
7432336,1.6000,1.4828
7432836,1.6000,1.4804
7433336,1.6000,1.4659
7433836,1.6000,1.4828
7434336,1.6000,1.4707
7434836,1.6000,1.4828
7435336,1.6000,1.4820
7435836,1.6000,1.4949
7436336,1.6000,1.4788
7436836,1.6000,1.4828
7437336,1.6000,1.4820
7437836,1.6000,1.4828
7438336,1.6000,1.4659
7438836,1.6000,1.4683
7439336,1.6000,1.4860
7439836,1.6000,1.4828
7440336,1.6000,1.4828
7440836,1.6000,1.4731
7441336,1.6000,1.4933
7441836,1.6000,1.4779
7442336,1.6000,1.4957
7442836,1.6000,1.4812
7443336,1.6000,1.4747
7443836,1.6000,1.4884
7444336,1.6000,1.4876
7444836,1.6000,1.4675
7445336,1.6000,1.4836
7445836,1.6000,1.4876
7446336,1.6000,1.4876
7446836,1.6000,1.4739
7447336,1.6000,1.4828
7447836,1.6000,1.4852
7448336,1.6000,1.4788
7448836,1.6000,1.4844
7449336,1.6000,1.4844
7449836,1.6000,1.5053
7450336,1.6000,1.4788
7450836,1.6000,1.4828
7451336,1.6000,1.4788
7451836,1.6000,1.4828
7452336,1.6000,1.4739
7452836,1.6000,1.4788
7453336,1.6000,1.5094
7453836,1.6000,1.4828
7454336,1.6000,1.4820
7454836,1.6000,1.4828
7455336,1.6000,1.4876
7455836,1.6000,1.4828
7456336,1.6000,1.4788
7456836,1.6000,1.4900
7457336,1.6000,1.4755
7457836,1.6000,1.4828
7458336,1.6000,1.4973
7458836,1.6000,1.4876
7459336,1.6000,1.4739
7459836,1.6000,1.4852
7460336,1.6000,1.4852
7460836,1.6000,1.4610
7461336,1.6000,1.4812
7461836,1.6000,1.4828
7462336,1.6000,1.4747
7462836,1.6000,1.4812
7463336,1.6000,1.4828
7463836,1.6000,1.4828
7464336,1.6000,1.4779
7464836,1.6000,1.4707
7465336,1.6000,1.4755
7465836,1.6000,1.4828
7466336,1.6000,1.4723
7466836,1.6000,1.4884
7467336,1.6000,1.4820
7467836,1.6000,1.4747
7468336,1.6000,1.4860
7468836,1.6000,1.4796
7469336,1.6000,1.4908
7469836,1.6000,1.4836
7470336,1.6000,1.4949
7470836,1.6000,1.4820
7471336,1.6000,1.4747
7471836,1.6000,1.4868
7472336,1.6000,1.4949
7472836,1.6000,1.4892
7473336,1.6000,1.4755
7473836,1.6000,1.4820
7474336,1.6000,1.4836
7474836,1.6000,1.4804
7475336,1.6000,1.4925
7475836,1.6000,1.4836
7476336,1.6000,1.4804
7476836,1.6000,1.4868
7477336,1.6000,1.4836
7477836,1.6000,1.4916
7478336,1.6000,1.4820
7478836,1.6000,1.5005
7479336,1.6000,1.4820
7479836,1.6000,1.4828
7480336,1.6000,1.4812
7480836,1.6000,1.4908
7481336,1.6000,1.4828
7481836,1.6000,1.4779
7482336,1.6000,1.4973
7482836,1.6000,1.4852
7483336,1.6000,1.4755
7483836,1.6000,1.4876
7484336,1.6000,1.4868
7484836,1.6000,1.4788
7485336,1.6000,1.4796
7485836,1.6000,1.4836
7486336,1.6000,1.4852
7486836,1.6000,1.4828
7487336,1.6000,1.4868
7487836,1.6000,1.4884
7488336,1.6000,1.4852
7488836,1.6000,1.4844
7489336,1.6000,1.4908
7489836,1.6000,1.4908
7490336,1.6000,1.4933
7490836,1.6000,1.4844
7491336,1.6000,1.4804
7491836,1.6000,1.4828
7492336,1.6000,1.4683
7492836,1.6000,1.4586
7493336,1.6000,1.4828
7493836,1.6000,1.4836
7494336,1.6000,1.4828
7494836,1.6000,1.4820
7495336,1.6000,1.4828
7495836,1.6000,1.4828
7496336,1.6000,1.4755
7496836,1.6000,1.4828
7497336,1.6000,1.4715
7497836,1.6000,1.4828
7498336,1.6000,1.4828
7498836,1.6000,1.4723
7499336,1.6000,1.4755
7499836,1.6000,1.4844
7500336,1.6000,1.4844
7500836,1.6000,1.4828
7501336,1.6000,1.4828
7501836,1.6000,1.4884
7502336,1.6000,1.4788
7502836,1.6000,1.4828
7503336,1.6000,1.4884
7503836,1.6000,1.4788
7504336,1.6000,1.4796
7504836,1.6000,1.4788
7505336,1.6000,1.4812
7505836,1.6000,1.4852
7506336,1.6000,1.4868
7506836,1.6000,1.4844
7507336,1.6000,1.4683
7507836,1.6000,1.4755
7508336,1.6000,1.4828
7508836,1.6000,1.4908
7509336,1.6000,1.4796
7509836,1.6000,1.4820
7510336,1.6000,1.4828
7510836,1.6000,1.4683
7511336,1.6000,1.4916
7511836,1.6000,1.4828
7512336,1.6000,1.4844
7512836,1.6000,1.4820
7513336,1.6000,1.4828
7513836,1.6000,1.4876
7514336,1.6000,1.4828
7514836,1.6000,1.4852
7515336,1.6000,1.4828
7515836,1.6000,1.4908
7516336,1.6000,1.4981
7516836,1.6000,1.4836
7517336,1.6000,1.4836
7517836,1.6000,1.4836
7518336,1.6000,1.4715
7518836,1.6000,1.4828
7519336,1.6000,1.4836
7519836,1.6000,1.4828
7520336,1.6000,1.4828
7520836,1.6000,1.4876
7521336,1.6000,1.4876
7521836,1.6000,1.4860
7522336,1.6000,1.4755
7522836,1.6000,1.5062
7523336,1.6000,1.4828
7523836,1.6000,1.4691
7524336,1.6000,1.4828
7524836,1.6000,1.4828
7525336,1.6000,1.4739
7525836,1.6000,1.4852
7526336,1.6000,1.4828
7526836,1.6000,1.4828
7527336,1.6000,1.4804
7527836,1.6000,1.4828
7528336,1.6000,1.4828
7528836,1.6000,1.4788
7529336,1.6000,1.4828
7529836,1.6000,1.4836
7530336,1.6000,1.4812
7530836,1.6000,1.4667
7531336,1.6000,1.4828
7531836,1.6000,1.4876
7532336,1.6000,1.4739
7532836,1.6000,1.4941
7533336,1.6000,1.4868
7533836,1.6000,1.4836
7534336,1.6000,1.4860
7534836,1.6000,1.4852
7535336,1.6000,1.4868
7535836,1.6000,1.4997
7536336,1.6000,1.4828
7536836,1.6000,1.4836
7537336,1.6000,1.4723
7537836,1.6000,1.4836
7538336,1.6000,1.4699
7538836,1.6000,1.4828
7539336,1.6000,1.4852
7539836,1.6000,1.4820
7540336,1.6000,1.4788
7540836,1.6000,1.4876
7541336,1.6000,1.4860
7541836,1.6000,1.4852
7542336,1.6000,1.4828
7542836,1.6000,1.4788
7543336,1.6000,1.4771
7543836,1.6000,1.4812
7544336,1.6000,1.4957
7544836,1.6000,1.4788
7545336,1.6000,1.4852
7545836,1.6000,1.4852
7546336,1.6000,1.4836
7546836,1.6000,1.4820
7547336,1.6000,1.4876
7547836,1.6000,1.4465
7548336,1.6000,1.4828
7548836,1.6000,1.4828
7549336,1.6000,1.4828
7549836,1.6000,1.4941
7550336,1.6000,1.4820
7550836,1.6000,1.4836
7551336,1.6000,1.4868
7551836,1.6000,1.4860
7552336,1.6000,1.4828
7552836,1.6000,1.4836
7553336,1.6000,1.4925
7553836,1.6000,1.4788
7554336,1.6000,1.4876
7554836,1.6000,1.4739
7555336,1.6000,1.4731
7555836,1.6000,1.4828
7556336,1.6000,1.4828
7556836,1.6000,1.4973
7557336,1.6000,1.4828
7557836,1.6000,1.4828
7558336,1.6000,1.4788
7558836,1.6000,1.4812
7559336,1.6000,1.4828
7559836,1.6000,1.4868
7560336,1.6000,1.4892
7560836,1.6000,1.4828
7561336,1.6000,1.4820
7561836,1.6000,1.4836
7562336,1.6000,1.5239
7562836,1.6000,1.4820
7563336,1.6000,1.4828
7563836,1.6000,1.4852
7564336,1.6000,1.4844
7564836,1.6000,1.4779
7565336,1.6000,1.4836
7565836,1.6000,1.5086
7566336,1.6000,1.4812
7566836,1.6000,1.4828
7567336,1.6000,1.4779
7567836,1.6000,1.4852
7568336,1.6000,1.4908
7568836,1.6000,1.4755
7569336,1.6000,1.4715
7569836,1.6000,1.4731
7570336,1.6000,1.4957
7570836,1.6000,1.4828
7571336,1.6000,1.4723
7571836,1.6000,1.4868
7572336,1.6000,1.4779
7572836,1.6000,1.4836
7573336,1.6000,1.4779
7573836,1.6000,1.4836
7574336,1.6000,1.4828
7574836,1.6000,1.4844
7575336,1.6000,1.4788
7575836,1.6000,1.4828
7576336,1.6000,1.4876
7576836,1.6000,1.4820
7577336,1.6000,1.4876
7577836,1.6000,1.4804
7578336,1.6000,1.4908
7578836,1.6000,1.4812
7579336,1.6000,1.4876
7579836,1.6000,1.4779
7580336,1.6000,1.5037
7580836,1.6000,1.4836
7581336,1.6000,1.4449
7581836,1.6000,1.4804
7582336,1.6000,1.4868
7582836,1.6000,1.4836
7583336,1.6000,1.4828
7583836,1.6000,1.4594
7584336,1.6000,1.4820
7584836,1.6000,1.4852
7585336,1.6000,1.4828
7585836,1.6000,1.4868
7586336,1.6000,1.4836
7586836,1.6000,1.4788
7587336,1.6000,1.4828
7587836,1.6000,1.4828
7588336,1.6000,1.4836
7588836,1.6000,1.4820
7589336,1.6000,1.4804
7589836,1.6000,1.4852
7590336,1.6000,1.4828
7590836,1.6000,1.4868
7591336,1.6000,1.4868
7591836,1.6000,1.4828
7592336,1.6000,1.4836
7592836,1.6000,1.4820
7593336,1.6000,1.4755
7593836,1.6000,1.4820
7594336,1.6000,1.4788
7594836,1.6000,1.4828
7595336,1.6000,1.4852
7595836,1.6000,1.4949
7596336,1.6000,1.4828
7596836,1.6000,1.4779
7597336,1.6000,1.4844
7597836,1.6000,1.4715
7598336,1.6000,1.4836
7598836,1.6000,1.4707
7599336,1.6000,1.4747
7599836,1.6000,1.4868
7600336,1.6000,1.4836
7600836,1.6000,1.4852
7601336,1.6000,1.4981
7601836,1.6000,1.4916
7602336,1.6000,1.4820
7602836,1.6000,1.4836
7603336,1.6000,1.4844
7603836,1.6000,1.4925
7604336,1.6000,1.4844
7604836,1.6000,1.4788
7605336,1.6000,1.4828
7605836,1.6000,1.4820
7606336,1.6000,1.4828
7606836,1.6000,1.4852
7607336,1.6000,1.4747
7607836,1.6000,1.4908
7608336,1.6000,1.4836
7608836,1.6000,1.4691
7609336,1.6000,1.4659
7609836,1.6000,1.4828
7610336,1.6000,1.4828
7610836,1.6000,1.4868
7611336,1.6000,1.4779
7611836,1.6000,1.5110
7612336,1.6000,1.4788
7612836,1.6000,1.4755
7613336,1.6000,1.4828
7613836,1.6000,1.4828
7614336,1.6000,1.4747
7614836,1.6000,1.4707
7615336,1.6000,1.4828
7615836,1.6000,1.4820
7616336,1.6000,1.4804
7616836,1.6000,1.4852
7617336,1.6000,1.4828
7617836,1.6000,1.4796
7618336,1.6000,1.4844
7618836,1.6000,1.4860
7619336,1.6000,1.4828
7619836,1.6000,1.4852
7620336,1.6000,1.4828
7620836,1.6000,1.4788
7621336,1.6000,1.4828
7621836,1.6000,1.4788
7622336,1.6000,1.4933
7622836,1.6000,1.4884
7623336,1.6000,1.4868
7623836,1.6000,1.4844
7624336,1.6000,1.4779
7624836,1.6000,1.4779
7625336,1.6000,1.4723
7625836,1.6000,1.4981
7626336,1.6000,1.4828
7626836,1.6000,1.4884
7627336,1.6000,1.4828
7627836,1.6000,1.4852
7628336,1.6000,1.4771
7628836,1.6000,1.4965
7629336,1.6000,1.4925
7629836,1.6000,1.4900
7630336,1.6000,1.4868
7630836,1.6000,1.4747
7631336,1.6000,1.4828
7631836,1.6000,1.4820
7632336,1.6000,1.4884
7632836,1.6000,1.5013
7633336,1.6000,1.4844
7633836,1.6000,1.4828
7634336,1.6000,1.4828
7634836,1.6000,1.4884
7635336,1.6000,1.4828
7635836,1.6000,1.4916
7636336,1.6000,1.4836
7636836,1.6000,1.5005
7637336,1.6000,1.4860
7637836,1.6000,1.4739
7638336,1.6000,1.4788
7638836,1.6000,1.4264
7639336,1.6000,1.4860
7639836,1.6000,1.4723
7640336,1.6000,1.4852
7640836,1.6000,1.4997
7641336,1.6000,1.4828
7641836,1.6000,1.4836
7642336,1.6000,1.4828
7642836,1.6000,1.4852
7643336,1.6000,1.4779
7643836,1.6000,1.4868
7644336,1.6000,1.4868
7644836,1.6000,1.4876
7645336,1.6000,1.4828
7645836,1.6000,1.4779
7646336,1.6000,1.4828
7646836,1.6000,1.4755
7647336,1.6000,1.4771
7647836,1.6000,1.4683
7648336,1.6000,1.4828
7648836,1.6000,1.4820
7649336,1.6000,1.4820
7649836,1.6000,1.4820
7650336,1.6000,1.4949
7650836,1.6000,1.4981
7651336,1.6000,1.4844
7651836,1.6000,1.4828
7652336,1.6000,1.4844
7652836,1.6000,1.4860
7653336,1.6000,1.4796
7653836,1.6000,1.4747
7654336,1.6000,1.5360
7654836,1.6000,1.4868
7655336,1.6000,1.4828
7655836,1.6000,1.4828
7656336,1.6000,1.4747
7656836,1.6000,1.4723
7657336,1.6000,1.5005
7657836,1.6000,1.4828
7658336,1.6000,1.4715
7658836,1.6000,1.4828
7659336,1.6000,1.4804
7659836,1.6000,1.4812
7660336,1.6000,1.4852
7660836,1.6000,1.4723
7661336,1.6000,1.4949
7661836,1.6000,1.4949
7662336,1.6000,1.4820
7662836,1.6000,1.4884
7663336,1.6000,1.4828
7663836,1.6000,1.4796
7664336,1.6000,1.4884
7664836,1.6000,1.4820
7665336,1.6000,1.4747
7665836,1.6000,1.4973
7666336,1.6000,1.4852
7666836,1.6000,1.4836
7667336,1.6000,1.4820
7667836,1.6000,1.4788
7668336,1.6000,1.4876
7668836,1.6000,1.4828
7669336,1.6000,1.4828
7669836,1.6000,1.4957
7670336,1.6000,1.4828
7670836,1.6000,1.4804
7671336,1.6000,1.4626
7671836,1.6000,1.4868
7672336,1.6000,1.4828
7672836,1.6000,1.4828
7673336,1.6000,1.4957
7673836,1.6000,1.4828
7674336,1.6000,1.4731
7674836,1.6000,1.4844
7675336,1.6000,1.4691
7675836,1.6000,1.4844
7676336,1.6000,1.4868
7676836,1.6000,1.4812
7677336,1.6000,1.4779
7677836,1.6000,1.4884
7678336,1.6000,1.4828
7678836,1.6000,1.4836
7679336,1.6000,1.4779
7679836,1.6000,1.4828
7680336,1.6000,1.4981
7680836,1.6000,1.4675
7681336,1.6000,1.4844
7681836,1.6000,1.4779
7682336,1.6000,1.4836
7682836,1.6000,1.4522
7683336,1.6000,1.4836
7683836,1.6000,1.4812
7684336,1.6000,1.4844
7684836,1.6000,1.4755
7685336,1.6000,1.4836
7685836,1.6000,1.4828
7686336,1.6000,1.4836
7686836,1.6000,1.4723
7687336,1.6000,1.4836
7687836,1.6000,1.4828
7688336,1.6000,1.4908
7688836,1.6000,1.4667
7689336,1.6000,1.4828
7689836,1.6000,1.4916
7690336,1.6000,1.4715
7690836,1.6000,1.4973
7691336,1.6000,1.4836
7691836,1.6000,1.4908
7692336,1.6000,1.4941
7692836,1.6000,1.4933
7693336,1.6000,1.4884
7693836,1.6000,1.4788
7694336,1.6000,1.4973
7694836,1.6000,1.4852
7695336,1.6000,1.4828
7695836,1.6000,1.4747
7696336,1.6000,1.4836
7696836,1.6000,1.4691
7697336,1.6000,1.4812
7697836,1.6000,1.4852
7698336,1.6000,1.4812
7698836,1.6000,1.4892
7699336,1.6000,1.4731
7699836,1.6000,1.4820
7700336,1.6000,1.4852
7700836,1.6000,1.4828
7701336,1.6000,1.4828
7701836,1.6000,1.4836
7702336,1.6000,1.4755
7702836,1.6000,1.4836
7703336,1.6000,1.4876
7703836,1.6000,1.4828
7704336,1.6000,1.4828
7704836,1.6000,1.4844
7705336,1.6000,1.4820
7705836,1.6000,1.4836
7706336,1.6000,1.4828
7706836,1.6000,1.4828
7707336,1.6000,1.4812
7707836,1.6000,1.4820
7708336,1.6000,1.4683
7708836,1.6000,1.4771
7709336,1.6000,1.4876
7709836,1.6000,1.4771
7710336,1.6000,1.4828
7710836,1.6000,1.4820
7711336,1.6000,1.4828
7711836,1.6000,1.4844
7712336,1.6000,1.4828
7712836,1.6000,1.4852
7713336,1.6000,1.4868
7713836,1.6000,1.4844
7714336,1.6000,1.4828
7714836,1.6000,1.4900
7715336,1.6000,1.5078
7715836,1.6000,1.4651
7716336,1.6000,1.4828
7716836,1.6000,1.4771
7717336,1.6000,1.5207
7717836,1.6000,1.5118
7718336,1.6000,1.4828
7718836,1.6000,1.4925
7719336,1.6000,1.4957
7719836,1.6000,1.4868
7720336,1.6000,1.4925
7720836,1.6000,1.4836
7721336,1.6000,1.4828
7721836,1.6000,1.4820
7722336,1.6000,1.4836
7722836,1.6000,1.4828
7723336,1.6000,1.4868
7723836,1.6000,1.4779
7724336,1.6000,1.4836
7724836,1.6000,1.4836
7725336,1.6000,1.4949
7725836,1.6000,1.4820
7726336,1.6000,1.4779
7726836,1.6000,1.4828
7727336,1.6000,1.4804
7727836,1.6000,1.4788
7728336,1.6000,1.4884
7728836,1.6000,1.4828
7729336,1.6000,1.4779
7729836,1.6000,1.4739
7730336,1.6000,1.4828
7730836,1.6000,1.4828
7731336,1.6000,1.4828
7731836,1.6000,1.4812
7732336,1.6000,1.4973
7732836,1.6000,1.4812
7733336,1.6000,1.4828
7733836,1.6000,1.4836
7734336,1.6000,1.4844
7734836,1.6000,1.4812
7735336,1.6000,1.4804
7735836,1.6000,1.4908
7736336,1.6000,1.4908
7736836,1.6000,1.4828
7737336,1.6000,1.4739
7737836,1.6000,1.4788
7738336,1.6000,1.4828
7738836,1.6000,1.4957
7739336,1.6000,1.4804
7739836,1.6000,1.4828
7740336,1.6000,1.4828
7740836,1.6000,1.4683
7741336,1.6000,1.4852
7741836,1.6000,1.4852
7742336,1.6000,1.4836
7742836,1.6000,1.4828
7743336,1.6000,1.4908
7743836,1.6000,1.4844
7744336,1.6000,1.4836
7744836,1.6000,1.4828
7745336,1.6000,1.4828
7745836,1.6000,1.4836
7746336,1.6000,1.4755
7746836,1.6000,1.4884
7747336,1.6000,1.4900
7747836,1.6000,1.4828
7748336,1.6000,1.4908
7748836,1.6000,1.4908
7749336,1.6000,1.4828
7749836,1.6000,1.4755
7750336,1.6000,1.4723
7750836,1.6000,1.4747
7751336,1.6000,1.4852
7751836,1.6000,1.4796
7752336,1.6000,1.4723
7752836,1.6000,1.4860
7753336,1.6000,1.4884
7753836,1.6000,1.4868
7754336,1.6000,1.4852
7754836,1.6000,1.4828
7755336,1.6000,1.4965
7755836,1.6000,1.4868
7756336,1.6000,1.4788
7756836,1.6000,1.4844
7757336,1.6000,1.4868
7757836,1.6000,1.4908
7758336,1.6000,1.4812
7758836,1.6000,1.4908
7759336,1.6000,1.4884
7759836,1.6000,1.4812
7760336,1.6000,1.4844
7760836,1.6000,1.4828
7761336,1.6000,1.4884
7761836,1.6000,1.4755
7762336,1.6000,1.4852
7762836,1.6000,1.4828
7763336,1.6000,1.4828
7763836,1.6000,1.4828
7764336,1.6000,1.5029
7764836,1.6000,1.4739
7765336,1.6000,1.4659
7765836,1.6000,1.4860
7766336,1.6000,1.4691
7766836,1.6000,1.4844
7767336,1.6000,1.4828
7767836,1.6000,1.4820
7768336,1.6000,1.4820
7768836,1.6000,1.4828
7769336,1.6000,1.4916
7769836,1.6000,1.5013
7770336,1.6000,1.4852
7770836,1.6000,1.4828
7771336,1.6000,1.4852
7771836,1.6000,1.4828
7772336,1.6000,1.4804
7772836,1.6000,1.4820
7773336,1.6000,1.4868
7773836,1.6000,1.4771
7774336,1.6000,1.4788
7774836,1.6000,1.4828
7775336,1.6000,1.4884
7775836,1.6000,1.4908
7776336,1.6000,1.4852
7776836,1.6000,1.4836
7777336,1.6000,1.4957
7777836,1.6000,1.4973
7778336,1.6000,1.4820
7778836,1.6000,1.4852
7779336,1.6000,1.4828
7779836,1.6000,1.4828
7780336,1.6000,1.4812
7780836,1.6000,1.4844
7781336,1.6000,1.4884
7781836,1.6000,1.4860
7782336,1.6000,1.4876
7782836,1.6000,1.4884
7783336,1.6000,1.4828
7783836,1.6000,1.4779
7784336,1.6000,1.4675
7784836,1.6000,1.4788
7785336,1.6000,1.4876
7785836,1.6000,1.4779
7786336,1.6000,1.4852
7786836,1.6000,1.4788
7787336,1.6000,1.4731
7787836,1.6000,1.4828
7788336,1.6000,1.4836
7788836,1.6000,1.4828
7789336,1.6000,1.4804
7789836,1.6000,1.4828
7790336,1.6000,1.4828
7790836,1.6000,1.4884
7791336,1.6000,1.4908
7791836,1.6000,1.4828
7792336,1.6000,1.4941
7792836,1.6000,1.4844
7793336,1.6000,1.4916
7793836,1.6000,1.4828
7794336,1.6000,1.4828
7794836,1.6000,1.4828
7795336,1.6000,1.4876
7795836,1.6000,1.4804
7796336,1.6000,1.4868
7796836,1.6000,1.4852
7797336,1.6000,1.4860
7797836,1.6000,1.4828
7798336,1.6000,1.4900
7798836,1.6000,1.4949
7799336,1.6000,1.4933
7799836,1.6000,1.4876
7800336,1.6000,1.4852
7800836,1.6000,1.4828
7801336,1.6000,1.4820
7801836,1.6000,1.4965
7802336,1.6000,1.4884
7802836,1.6000,1.4820
7803336,1.6000,1.4957
7803836,1.6000,1.4908
7804336,1.6000,1.4941
7804836,1.6000,1.4868
7805336,1.6000,1.4788
7805836,1.6000,1.5029
7806336,1.6000,1.4836
7806836,1.6000,1.4699
7807336,1.6000,1.4868
7807836,1.6000,1.4828
7808336,1.6000,1.4828
7808836,1.6000,1.4844
7809336,1.6000,1.4836
7809836,1.6000,1.4828
7810336,1.6000,1.4828
7810836,1.6000,1.4876
7811336,1.6000,1.4820
7811836,1.6000,1.4884
7812336,1.6000,1.4916
7812836,1.6000,1.4852
7813336,1.6000,1.4586
7813836,1.6000,1.4836
7814336,1.6000,1.4852
7814836,1.6000,1.4836
7815336,1.6000,1.4828
7815836,1.6000,1.4933
7816336,1.6000,1.4828
7816836,1.6000,1.4908
7817336,1.6000,1.4828
7817836,1.6000,1.4844
7818336,1.6000,1.5062
7818836,1.6000,1.4949
7819336,1.6000,1.4876
7819836,1.6000,1.4933
7820336,1.6000,1.4852
7820836,1.6000,1.4860
7821336,1.6000,1.4804
7821836,1.6000,1.4844
7822336,1.6000,1.4844
7822836,1.6000,1.4828
7823336,1.6000,1.4868
7823836,1.6000,1.4852
7824336,1.6000,1.4908
7824836,1.6000,1.4836
7825336,1.6000,1.4908
7825836,1.6000,1.4820
7826336,1.6000,1.4852
7826836,1.6000,1.4828
7827336,1.6000,1.4933
7827836,1.6000,1.4876
7828336,1.6000,1.4852
7828836,1.6000,1.4949
7829336,1.6000,1.4868
7829836,1.6000,1.4876
7830336,1.6000,1.4884
7830836,1.6000,1.4844
7831336,1.6000,1.4828
7831836,1.6000,1.4933
7832336,1.6000,1.4707
7832836,1.6000,1.4900
7833336,1.6000,1.4852
7833836,1.6000,1.4941
7834336,1.6000,1.4844
7834836,1.6000,1.4908
7835336,1.6000,1.4828
7835836,1.6000,1.5062
7836336,1.6000,1.4876
7836836,1.6000,1.4860
7837336,1.6000,1.4779
7837836,1.6000,1.4828
7838336,1.6000,1.4884
7838836,1.6000,1.4876
7839336,1.6000,1.4836
7839836,1.6000,1.4828
7840336,1.6000,1.4771
7840836,1.6000,1.4941
7841336,1.6000,1.5166
7841836,1.6000,1.4868
7842336,1.6000,1.4828
7842836,1.6000,1.4933
7843336,1.6000,1.4836
7843836,1.6000,1.4844
7844336,1.6000,1.4828
7844836,1.6000,1.4828
7845336,1.6000,1.4941
7845836,1.6000,1.4836
7846336,1.6000,1.4836
7846836,1.6000,1.4828
7847336,1.6000,1.4844
7847836,1.6000,1.4828
7848336,1.6000,1.4836
7848836,1.6000,1.4828
7849336,1.6000,1.4949
7849836,1.6000,1.4868
7850336,1.6000,1.4908
7850836,1.6000,1.4868
7851336,1.6000,1.4828
7851836,1.6000,1.4836
7852336,1.6000,1.4804
7852836,1.6000,1.4916
7853336,1.6000,1.4916
7853836,1.6000,1.5062
7854336,1.6000,1.4852
7854836,1.6000,1.4828
7855336,1.6000,1.4852
7855836,1.6000,1.4828
7856336,1.6000,1.4876
7856836,1.6000,1.4876
7857336,1.6000,1.4691
7857836,1.6000,1.4933
7858336,1.6000,1.4933
7858836,1.6000,1.4908
7859336,1.6000,1.4925
7859836,1.6000,1.4852
7860336,1.6000,1.4941
7860836,1.6000,1.4828
7861336,1.6000,1.4860
7861836,1.6000,1.4828
7862336,1.6000,1.4933
7862836,1.6000,1.4836
7863336,1.6000,1.4916
7863836,1.6000,1.4908
7864336,1.6000,1.4828
7864836,1.6000,1.4828
7865336,1.6000,1.4892
7865836,1.6000,1.4884
7866336,1.6000,1.4836
7866836,1.6000,1.4908
7867336,1.6000,1.4820
7867836,1.6000,1.4908
7868336,1.6000,1.4860
7868836,1.6000,1.4755
7869336,1.6000,1.4828
7869836,1.6000,1.4900
7870336,1.6000,1.4868
7870836,1.6000,1.4844
7871336,1.6000,1.4900
7871836,1.6000,1.4884
7872336,1.6000,1.5013
7872836,1.6000,1.4989
7873336,1.6000,1.4868
7873836,1.6000,1.4949
7874336,1.6000,1.4884
7874836,1.6000,1.4884
7875336,1.6000,1.4925
7875836,1.6000,1.4812
7876336,1.6000,1.4868
7876836,1.6000,1.4876
7877336,1.6000,1.4820
7877836,1.6000,1.4812
7878336,1.6000,1.4788
7878836,1.6000,1.4812
7879336,1.6000,1.5086
7879836,1.6000,1.4836
7880336,1.6000,1.4868
7880836,1.6000,1.4844
7881336,1.6000,1.4916
7881836,1.6000,1.4965
7882336,1.6000,1.4852
7882836,1.6000,1.5086
7883336,1.6000,1.4852
7883836,1.6000,1.4836
7884336,1.6000,1.4844
7884836,1.6000,1.4836
7885336,1.6000,1.4860
7885836,1.6000,1.5174
7886336,1.6000,1.4933
7886836,1.6000,1.4812
7887336,1.6000,1.4852
7887836,1.6000,1.4941
7888336,1.6000,1.4884
7888836,1.6000,1.4868
7889336,1.6000,1.4836
7889836,1.6000,1.4884
7890336,1.6000,1.4844
7890836,1.6000,1.4908
7891336,1.6000,1.4876
7891836,1.6000,1.4828
7892336,1.6000,1.4836
7892836,1.6000,1.4796
7893336,1.6000,1.4844
7893836,1.6000,1.4828
7894336,1.6000,1.4844
7894836,1.6000,1.4908
7895336,1.6000,1.4828
7895836,1.6000,1.4852
7896336,1.6000,1.5029
7896836,1.6000,1.4812
7897336,1.6000,1.4836
7897836,1.6000,1.4957
7898336,1.6000,1.4884
7898836,1.6000,1.4755
7899336,1.6000,1.4804
7899836,1.6000,1.4755
7900336,1.6000,1.4852
7900836,1.6000,1.4828
7901336,1.6000,1.4884
7901836,1.6000,1.4876
7902336,1.6000,1.5013
7902836,1.6000,1.4941
7903336,1.6000,1.4900
7903836,1.6000,1.4876
7904336,1.6000,1.4900
7904836,1.6000,1.4828
7905336,1.6000,1.4868
7905836,1.6000,1.4868
7906336,1.6000,1.4828
7906836,1.6000,1.4916
7907336,1.6000,1.4820
7907836,1.6000,1.4779
7908336,1.6000,1.4852
7908836,1.6000,1.4933
7909336,1.6000,1.4828
7909836,1.6000,1.4828
7910336,1.6000,1.4925
7910836,1.6000,1.4779
7911336,1.6000,1.4852
7911836,1.6000,1.4884
7912336,1.6000,1.4828
7912836,1.6000,1.4771
7913336,1.6000,1.4852
7913836,1.6000,1.4941
7914336,1.6000,1.4957
7914836,1.6000,1.4916
7915336,1.6000,1.4844
7915836,1.6000,1.4868
7916336,1.6000,1.4908
7916836,1.6000,1.4916
7917336,1.6000,1.4852
7917836,1.6000,1.4981
7918336,1.6000,1.4852
7918836,1.6000,1.4876
7919336,1.6000,1.4820
7919836,1.6000,1.4852
7920336,1.6000,1.4884
7920836,1.6000,1.4900
7921336,1.6000,1.4828
7921836,1.6000,1.5110
7922336,1.6000,1.4852
7922836,1.6000,1.5102
7923336,1.6000,1.4836
7923836,1.6000,1.4949
7924336,1.6000,1.4844
7924836,1.6000,1.4868
7925336,1.6000,1.4941
7925836,1.6000,1.4965
7926336,1.6000,1.4820
7926836,1.6000,1.4892
7927336,1.6000,1.4844
7927836,1.6000,1.5094
7928336,1.6000,1.4884
7928836,1.6000,1.4933
7929336,1.6000,1.4828
7929836,1.6000,1.4868
7930336,1.6000,1.5070
7930836,1.6000,1.5013
7931336,1.6000,1.4965
7931836,1.6000,1.4876
7932336,1.6000,1.4925
7932836,1.6000,1.4916
7933336,1.6000,1.4836
7933836,1.6000,1.4908
7934336,1.6000,1.4957
7934836,1.6000,1.4916
7935336,1.6000,1.4949
7935836,1.6000,1.4884
7936336,1.6000,1.4828
7936836,1.6000,1.4908
7937336,1.6000,1.4828
7937836,1.6000,1.4836
7938336,1.6000,1.5078
7938836,1.6000,1.4836
7939336,1.6000,1.4925
7939836,1.6000,1.4852
7940336,1.6000,1.4828
7940836,1.6000,1.4868
7941336,1.6000,1.4868
7941836,1.6000,1.4820
7942336,1.6000,1.4925
7942836,1.6000,1.4844
7943336,1.6000,1.4860
7943836,1.6000,1.4868
7944336,1.6000,1.4868
7944836,1.6000,1.4876
7945336,1.6000,1.4892
7945836,1.6000,1.4908
7946336,1.6000,1.4828
7946836,1.6000,1.4957
7947336,1.6000,1.4836
7947836,1.6000,1.4916
7948336,1.6000,1.4828
7948836,1.6000,1.4868
7949336,1.6000,1.4860
7949836,1.6000,1.4836
7950336,1.6000,1.4868
7950836,1.6000,1.4884
7951336,1.6000,1.4876
7951836,1.6000,1.4997
7952336,1.6000,1.4933
7952836,1.6000,1.4908
7953336,1.6000,1.4788
7953836,1.6000,1.4908
7954336,1.6000,1.4852
7954836,1.6000,1.4820
7955336,1.6000,1.4916
7955836,1.6000,1.4852
7956336,1.6000,1.4828
7956836,1.6000,1.5013
7957336,1.6000,1.4957
7957836,1.6000,1.4820
7958336,1.6000,1.4779
7958836,1.6000,1.4852
7959336,1.6000,1.4949
7959836,1.6000,1.4804
7960336,1.6000,1.4941
7960836,1.6000,1.4860
7961336,1.6000,1.4844
7961836,1.6000,1.4973
7962336,1.6000,1.4949
7962836,1.6000,1.4965
7963336,1.6000,1.4933
7963836,1.6000,1.4884
7964336,1.6000,1.4949
7964836,1.6000,1.4779
7965336,1.6000,1.4884
7965836,1.6000,1.4860
7966336,1.6000,1.4820
7966836,1.6000,1.4836
7967336,1.6000,1.4812
7967836,1.6000,1.4900
7968336,1.6000,1.4739
7968836,1.6000,1.4876
7969336,1.6000,1.4916
7969836,1.6000,1.4836
7970336,1.6000,1.4973
7970836,1.6000,1.4884
7971336,1.6000,1.4876
7971836,1.6000,1.4957
7972336,1.6000,1.4836
7972836,1.6000,1.4997
7973336,1.6000,1.4957
7973836,1.6000,1.4876
7974336,1.6000,1.5013
7974836,1.6000,1.4715
7975336,1.6000,1.4908
7975836,1.6000,1.4916
7976336,1.6000,1.4844
7976836,1.6000,1.4723
7977336,1.6000,1.4941
7977836,1.6000,1.4828
7978336,1.6000,1.4868
7978836,1.6000,1.4667
7979336,1.6000,1.4876
7979836,1.6000,1.4707
7980336,1.6000,1.4884
7980836,1.6000,1.4828
7981336,1.6000,1.4900
7981836,1.6000,1.4852
7982336,1.6000,1.4828
7982836,1.6000,1.4828
7983336,1.6000,1.4828
7983836,1.6000,1.4884
7984336,1.6000,1.4828
7984836,1.6000,1.4876
7985336,1.6000,1.5053
7985836,1.6000,1.4828
7986336,1.6000,1.4908
7986836,1.6000,1.4876
7987336,1.6000,1.4844
7987836,1.6000,1.4876
7988336,1.6000,1.4828
7988836,1.6000,1.4812
7989336,1.6000,1.4828
7989836,1.6000,1.4868
7990336,1.6000,1.4900
7990836,1.6000,1.4683
7991336,1.6000,1.4852
7991836,1.6000,1.4828
7992336,1.6000,1.4812
7992836,1.6000,1.4957
7993336,1.6000,1.4949
7993836,1.6000,1.4852
7994336,1.6000,1.4812
7994836,1.6000,1.4868
7995336,1.6000,1.4812
7995836,1.6000,1.5158
7996336,1.6000,1.4957
7996836,1.6000,1.4876
7997336,1.6000,1.4836
7997836,1.6000,1.4884
7998336,1.6000,1.4828
7998836,1.6000,1.4796
7999336,1.6000,1.4844
7999836,1.6000,1.4771
8000336,1.6000,1.4916
8000836,1.6000,1.4989
8001336,1.6000,1.4828
8001836,1.6000,1.4747
8002336,1.6000,1.5053
8002836,1.6000,1.4836
8003336,1.6000,1.4916
8003836,1.6000,1.4828
8004336,1.6000,1.4779
8004836,1.6000,1.4900
8005336,1.6000,1.4933
8005836,1.6000,1.4973
8006336,1.6000,1.4828
8006836,1.6000,1.4981
8007336,1.6000,1.4828
8007836,1.6000,1.4651
8008336,1.6000,1.4933
8008836,1.6000,1.4916
8009336,1.6000,1.4796
8009836,1.6000,1.4916
8010336,1.6000,1.4836
8010836,1.6000,1.5005
8011336,1.6000,1.4852
8011836,1.6000,1.4868
8012336,1.6000,1.4908
8012836,1.6000,1.4836
8013336,1.6000,1.4949
8013836,1.6000,1.4900
8014336,1.6000,1.4828
8014836,1.6000,1.4908
8015336,1.6000,1.4916
8015836,1.6000,1.4868
8016336,1.6000,1.4868
8016836,1.6000,1.4868
8017336,1.6000,1.4933
8017836,1.6000,1.4868
8018336,1.6000,1.4836
8018836,1.6000,1.4981
8019336,1.6000,1.4860
8019836,1.6000,1.4868
8020336,1.6000,1.4916
8020836,1.6000,1.4852
8021336,1.6000,1.4852
8021836,1.6000,1.4868
8022336,1.6000,1.4836
8022836,1.6000,1.4828
8023336,1.6000,1.4852
8023836,1.6000,1.4820
8024336,1.6000,1.4941
8024836,1.6000,1.4828
8025336,1.6000,1.4828
8025836,1.6000,1.4828
8026336,1.6000,1.4691
8026836,1.6000,1.4884
8027336,1.6000,1.4965
8027836,1.6000,1.4788
8028336,1.6000,1.4868
8028836,1.6000,1.4868